input_row_number,extracted_identifier,extracted_product_name,extracted_manufacturer,source_filename,matched_source_page,disposition,canonical_product_id,canonical_catalog_number,match_basis,evidence_strength,reason_code,owner_review_note
1,Not stated in source,Micro-Tech Tracheal Stent System (Y-Shaped),Micro-Tech USA / Micro-Tech Endoscopy,1-0023806-0-Tracheal-Stent-System-Y-shaped-IFU.pdf,Document p. Not separately numbered / see PDF index (PDF page 1-0023806-0-Tracheal-Stent-System-Y-shaped-IFU.pdf:13),existing_family_or_package_variant,,,existing_family_or_package_variant,moderate,existing_family_or_package_variant,IFU family row has no exact order number; current catalog already contains the exact TT81670-TT81850 configurations.
3,8379.462,"Coagulation Electrode, Button, Monopolar, 3.5 mm, WL 310 mm",Richard Wolf,2323-07.01-0624USA_Mini_Thoracoscopy_Set_SS.pdf,Mini-Thoracoscopy Set ordering table,existing_exact,PRD-8E3A12AFF4,8379.462,existing_exact,high,existing_exact,
4,83912227,"Dissection Forceps, Monopolar, 3.5 mm (bundle)",Richard Wolf,2323-07.01-0624USA_Mini_Thoracoscopy_Set_SS.pdf,Mini-Thoracoscopy Set ordering table,existing_exact,PRD-FD23D11B2B,83912227,existing_exact,high,existing_exact,
5,83912167,"Double Spoon Forceps, Monopolar, 3.5 mm (bundle)",Richard Wolf,2323-07.01-0624USA_Mini_Thoracoscopy_Set_SS.pdf,Mini-Thoracoscopy Set ordering table,existing_exact,PRD-C9FE364632,83912167,existing_exact,high,existing_exact,
6,806625301,"Fiber Light Cable 2.5 mm, 3 m (bundle)",Richard Wolf,2323-07.01-0624USA_Mini_Thoracoscopy_Set_SS.pdf,Mini-Thoracoscopy Set ordering table,existing_exact,PRD-F1A94DDA3B,806625301,existing_exact,high,existing_exact,
7,8379.452,"Hook Electrode, Monopolar, 3.5 mm, WL 310 mm",Richard Wolf,2323-07.01-0624USA_Mini_Thoracoscopy_Set_SS.pdf,Mini-Thoracoscopy Set ordering table,existing_exact,PRD-95B12463A5,8379.452,existing_exact,high,existing_exact,
8,89204015,"Operative Telescope 5.5 mm, 0°, with 3.5 mm Working Channel (bundle)",Richard Wolf,2323-07.01-0624USA_Mini_Thoracoscopy_Set_SS.pdf,Mini-Thoracoscopy Set ordering table,existing_exact,PRD-F53A443D66,89204015,existing_exact,high,existing_exact,
9,8380.68,"Suction Tube, 2.8 mm, WL 450 mm",Richard Wolf,2323-07.01-0624USA_Mini_Thoracoscopy_Set_SS.pdf,Mini-Thoracoscopy Set ordering table,existing_exact,PRD-41AAD08DBF,8380.68,existing_exact,high,existing_exact,
10,8919.3311,"Trocar, Dull Tip, 5.5 mm, WL 104 mm",Richard Wolf,2323-07.01-0624USA_Mini_Thoracoscopy_Set_SS.pdf,Mini-Thoracoscopy Set ordering table,existing_exact,PRD-E8AA815321,8919.3311,existing_exact,high,existing_exact,
11,8906.151,"Trocar, Threaded, Dull Tip, 5.5 mm, WL 83 mm",Richard Wolf,2323-07.01-0624USA_Mini_Thoracoscopy_Set_SS.pdf,Mini-Thoracoscopy Set ordering table,existing_exact,PRD-8B374A11AC,8906.151,existing_exact,high,existing_exact,
13,K20T-00033,ASPIRA® DRAINAGE SYSTEM - Contains additional accessories to help with catheter insertion,Merit Medical Systems,401418001.pdf,PDF p. 14,existing_exact,PRD-56DF49383B,K20T-00033,exact_identifier,high,exact_identifier,
14,ASP-10,ASPIRA® DRAINAGE SYSTEM - Drainage Kit with Bottle/Dressing Kit,Merit Medical Systems,401418001.pdf,PDF p. 14,existing_exact,PRD-CC55BDA6C8,ASP-10,exact_identifier,high,exact_identifier,
15,ASP-4,ASPIRA® DRAINAGE SYSTEM - Drainage Kit with Bottle/Dressing Kit,Merit Medical Systems,401418001.pdf,PDF p. 14,existing_exact,PRD-A5F6B25BCB,ASP-4,exact_identifier,high,exact_identifier,
242,TAPS-5F-10LT,THORACENTESIS AND PARACENTESIS SET - 5F; 10 cm; Straight; Fixed,Merit Medical Systems,401418001.pdf,PDF p. 12,existing_exact,PRD-806A35FA67,TAPS-5F-10LT,exact_identifier,high,exact_identifier,
246,TAPS-6F-10LT,THORACENTESIS AND PARACENTESIS SET - 6F; 10 cm; Straight; Fixed,Merit Medical Systems,401418001.pdf,PDF p. 12,existing_exact,PRD-8E8D4D1565,TAPS-6F-10LT,exact_identifier,high,exact_identifier,
249,TAPS-8F-10LT,THORACENTESIS AND PARACENTESIS SET - 8F; 10 cm; Straight; Fixed,Merit Medical Systems,401418001.pdf,PDF p. 12,existing_exact,PRD-F5AE18C06E,TAPS-8F-10LT,exact_identifier,high,exact_identifier,
254,RTT14038MB,Thoracostomy Tray for Pneumothorax - ReSolve® Thoracostomy Tray,Merit Medical Systems,401418001.pdf,PDF p. 8,existing_exact,PRD-B1E837841F,RTT14038MB,exact_identifier,high,exact_identifier,
265,TAPS-6F-12PLT,THORACENTESIS AND PARACENTESIS SET - 6F; 12 cm; Pigtail; Fixed,Merit Medical Systems,401418001.pdf; 401423001-A.pdf,PDF p. 12,existing_exact,PRD-BEE0D63766,TAPS-6F-12PLT,exact_identifier,high,exact_identifier,
284,TAPS-8F-7LT,EXPANDED EXPANDED CATHETER CATHETER - Thoracentesis and; Paracentesis Set,Merit Medical Systems,401418001.pdf; Thoracentesis & Paracentesis Set - a Convienent All-in-One Centisis Set.pdf,PDF p. 12,existing_exact,PRD-A4575632E4,TAPS-8F-7LT,exact_identifier,high,exact_identifier,
286,TAPS-5F-7LT,THORACENTESIS AND PARACENTESIS SET - 5F; 7 cm; Straight; Fixed,Merit Medical Systems,401418001.pdf; Thoracentesis & Paracentesis Set - a Convienent All-in-One Centisis Set.pdf,PDF p. 12,existing_exact,PRD-FCEC968C4E,TAPS-5F-7LT,exact_identifier,high,exact_identifier,
296,20183-066,"Bipolar Adapter Cable, Standard to International 2 x 4 mm Socket, 30 cm",ERBE,85100-165_Cables-and-adapters.pdf,"Bipolar adapters, catalog p. 16",existing_exact,PRD-574BC79D2B,20183-066,existing_exact,high,existing_exact,
297,20183-053,"Bipolar Adapter, International 22 mm to Standard",ERBE,85100-165_Cables-and-adapters.pdf,"Bipolar adapters, catalog p. 16",existing_exact,PRD-E4FE22C28D,20183-053,existing_exact,high,existing_exact,
298,20183-100,"Bipolar Adapter, MF Socket / MF2 Plug for VIO 300 D",ERBE,85100-165_Cables-and-adapters.pdf,"Bipolar adapters, catalog p. 17",existing_exact,PRD-DA396EF06D,20183-100,existing_exact,high,existing_exact,
299,20183-101,"Bipolar Adapter, MF2/MFU Socket / MF Plug for VIO 3 / VIO 300 D",ERBE,85100-165_Cables-and-adapters.pdf,"Bipolar adapters, catalog p. 17",existing_exact,PRD-6BC32547CD,20183-101,existing_exact,high,existing_exact,
300,20183-025,"Bipolar Adapter, Standard to Martin/Berchtold/Aesculap",ERBE,85100-165_Cables-and-adapters.pdf,"Bipolar adapters, catalog p. 16",existing_exact,PRD-D723C6FF62,20183-025,existing_exact,high,existing_exact,
301,20183-055,"Bipolar Adapter, Valleylab 28 mm to Standard",ERBE,85100-165_Cables-and-adapters.pdf,"Bipolar adapters, catalog p. 16",existing_exact,PRD-704E468EF5,20183-055,existing_exact,high,existing_exact,
302,20196-063,"Bipolar Connecting Cable, 2-Pin 22 mm, Angled, 4.5 m",ERBE,85100-165_Cables-and-adapters.pdf,"Bipolar cables, catalog p. 9",existing_exact,PRD-3353BDD6CD,20196-063,existing_exact,high,existing_exact,
303,20196-066,"Bipolar Connecting Cable, 2-Pin 28 mm, Aesculap, 4.5 m",ERBE,85100-165_Cables-and-adapters.pdf,"Bipolar cables, catalog p. 10",existing_exact,PRD-93A3E7F825,20196-066,existing_exact,high,existing_exact,
304,20196-064,"Bipolar Connecting Cable, 2-Pin 28 mm, Angled, 4.5 m",ERBE,85100-165_Cables-and-adapters.pdf,"Bipolar cables, catalog p. 10",existing_exact,PRD-695BD279A8,20196-064,existing_exact,high,existing_exact,
305,20196-067,"Bipolar Connecting Cable, 2-Pin 28 mm, Fixation Forceps, 4.5 m",ERBE,85100-165_Cables-and-adapters.pdf,"Bipolar cables, catalog p. 10",existing_exact,PRD-79B8CF6846,20196-067,existing_exact,high,existing_exact,
306,20196-062,"Bipolar Connecting Cable, 8/4 mm Forceps, Angled, 4.5 m",ERBE,85100-165_Cables-and-adapters.pdf,"Bipolar cables, catalog p. 9",existing_exact,PRD-6F4B58CFF2,20196-062,existing_exact,high,existing_exact,
307,20196-065,"Bipolar Connecting Cable, Aesculap, Angled, 4.5 m",ERBE,85100-165_Cables-and-adapters.pdf,"Bipolar cables, catalog p. 9",existing_exact,PRD-88D778F3A4,20196-065,existing_exact,high,existing_exact,
308,20196-053,"Bipolar Connecting Cable, International 2-Pin 22 mm, 4 m",ERBE,85100-165_Cables-and-adapters.pdf,"Bipolar cables, catalog p. 9",existing_exact,PRD-9DCC5EC86C,20196-053,existing_exact,high,existing_exact,
309,20196-061,"Bipolar Connecting Cable, International 2-Pin 22 mm, 5 m",ERBE,85100-165_Cables-and-adapters.pdf,"Bipolar cables, catalog p. 9",existing_exact,PRD-0ADECF7C68,20196-061,existing_exact,high,existing_exact,
310,20196-107,"Bipolar Connecting Cable, International, 4 m, for BiSect",ERBE,85100-165_Cables-and-adapters.pdf,"Bipolar cables, catalog p. 9",existing_exact,PRD-535FE6B186,20196-107,existing_exact,high,existing_exact,
311,20196-047,"Bipolar Connecting Cable, Martin Standard, 4 m",ERBE,85100-165_Cables-and-adapters.pdf,"Bipolar cables, catalog p. 11",existing_exact,PRD-19D03D9B14,20196-047,existing_exact,high,existing_exact,
312,20196-059,"Bipolar Connecting Cable, Martin Standard, 5 m",ERBE,85100-165_Cables-and-adapters.pdf,"Bipolar cables, catalog p. 11",existing_exact,PRD-0A9806F6F2,20196-059,existing_exact,high,existing_exact,
313,21196-115,"Bipolar Connecting Cable, Olympus MF-U, 4.5 m",ERBE,85100-165_Cables-and-adapters.pdf,"Bipolar cables, catalog p. 12",existing_exact,PRD-9CAAE08C97,21196-115,existing_exact,high,existing_exact,
314,20196-115,"Bipolar Connecting Cable, Olympus Resectoscope MF, 4 m",ERBE,85100-165_Cables-and-adapters.pdf,"Bipolar cables, catalog p. 11",existing_exact,PRD-E94BC99DC8,20196-115,existing_exact,high,existing_exact,
315,20196-121,"Bipolar Connecting Cable, Standard, 4 m, 2-Pin Connection",ERBE,85100-165_Cables-and-adapters.pdf,"Bipolar cables, catalog p. 8",existing_exact,PRD-C47EB33229,20196-121,existing_exact,high,existing_exact,
316,20196-106,"Bipolar Connecting Cable, Standard, 4 m, for BiSect Scissors",ERBE,85100-165_Cables-and-adapters.pdf,"Bipolar cables, catalog p. 8",existing_exact,PRD-1DDAD96A7B,20196-106,existing_exact,high,existing_exact,
317,20196-130,"Bipolar Connecting Cable, Standard, 4 m, for da Vinci Instruments",ERBE,85100-165_Cables-and-adapters.pdf,"Bipolar cables, catalog p. 9",existing_exact,PRD-77DCFC650E,20196-130,existing_exact,high,existing_exact,
318,20196-048,"Bipolar Connecting Cable, Standard, 4 m, for Fixation Forceps",ERBE,85100-165_Cables-and-adapters.pdf,"Bipolar cables, catalog p. 8",existing_exact,PRD-A24DAA76C6,20196-048,existing_exact,high,existing_exact,
319,20196-060,"Bipolar Connecting Cable, Standard, 5 m, for Fixation Forceps",ERBE,85100-165_Cables-and-adapters.pdf,"Bipolar cables, catalog p. 8",existing_exact,PRD-E27A6FA17A,20196-060,existing_exact,high,existing_exact,
320,20196-118,"Bipolar Connecting Cable, STORZ MF, 4 m",ERBE,85100-165_Cables-and-adapters.pdf,"Bipolar cables, catalog p. 11",existing_exact,PRD-1062EA74E3,20196-118,existing_exact,high,existing_exact,
321,21196-118,"Bipolar Connecting Cable, STORZ MF-U, 4.5 m",ERBE,85100-165_Cables-and-adapters.pdf,"Bipolar cables, catalog p. 12",existing_exact,PRD-5CD3FA131B,21196-118,existing_exact,high,existing_exact,
322,20196-127,"Bipolar Connecting Cable, Valleylab 2-Pin 28 mm, 4 m, 2-Pin Forceps",ERBE,85100-165_Cables-and-adapters.pdf,"Bipolar cables, catalog p. 10",existing_exact,PRD-4896D3D636,20196-127,existing_exact,high,existing_exact,
323,20196-055,"Bipolar Connecting Cable, Valleylab 2-Pin 28 mm, 4 m, European Flat Plug",ERBE,85100-165_Cables-and-adapters.pdf,"Bipolar cables, catalog p. 10",existing_exact,PRD-486F6703A9,20196-055,existing_exact,high,existing_exact,
324,20196-129,"Bipolar Connecting Cable, Valleylab 2-Pin 28 mm, 4 m, for da Vinci",ERBE,85100-165_Cables-and-adapters.pdf,"Bipolar cables, catalog p. 10",existing_exact,PRD-0C7A44B87D,20196-129,existing_exact,high,existing_exact,
325,20196-045,"Bipolar Connecting Cable, VIO/ICC/ACC T-Series Standard, 4 m, European Flat Plug",ERBE,85100-165_Cables-and-adapters.pdf,"Bipolar cables, catalog p. 8",existing_exact,PRD-BCD783DD13,20196-045,existing_exact,high,existing_exact,
326,20196-057,"Bipolar Connecting Cable, VIO/ICC/ACC T-Series Standard, 5 m, European Flat Plug",ERBE,85100-165_Cables-and-adapters.pdf,"Bipolar cables, catalog p. 8",existing_exact,PRD-57A313D4DB,20196-057,existing_exact,high,existing_exact,
327,20196-119,"Bipolar Connecting Cable, WOLF MF, 4 m",ERBE,85100-165_Cables-and-adapters.pdf,"Bipolar cables, catalog p. 11",existing_exact,PRD-E0E5A0320D,20196-119,existing_exact,high,existing_exact,
328,21196-119,"Bipolar Connecting Cable, WOLF MF-U, 4.5 m",ERBE,85100-165_Cables-and-adapters.pdf,"Bipolar cables, catalog p. 12",existing_exact,PRD-55D98AAFB1,21196-119,existing_exact,high,existing_exact,
329,20183-102,"Fastening Set for ERBE Adapter 20183-100/101, VIO 300 D",ERBE,85100-165_Cables-and-adapters.pdf,"Bipolar adapters, catalog p. 17",existing_exact,PRD-40F9EDE43C,20183-102,existing_exact,high,existing_exact,
330,20183-103,"Fastening Set for ERBE Adapter 20183-101, VIO 3",ERBE,85100-165_Cables-and-adapters.pdf,"Bipolar adapters, catalog p. 17",existing_exact,PRD-6DF43B832B,20183-103,existing_exact,high,existing_exact,
331,20132-095,Irrigation Adapter for APC Applicators,ERBE,85100-165_Cables-and-adapters.pdf,"Irrigation adapters, catalog p. 19",existing_exact,PRD-9349B7D1F6,20132-095,existing_exact,high,existing_exact,
332,20132-087,Irrigation Adapter for APC Applicators with Handles,ERBE,85100-165_Cables-and-adapters.pdf,"Irrigation adapters, catalog p. 19",existing_exact,PRD-456C006CCE,20132-087,existing_exact,high,existing_exact,
333,20132-203,"Irrigation Adapter for Flexible APC Probes, Luer Lock",ERBE,85100-165_Cables-and-adapters.pdf,"Irrigation adapters, catalog p. 19",existing_exact,PRD-7A53694B65,20132-203,existing_exact,high,existing_exact,
334,20183-067,"Monopolar Adapter, Bovie Jack to 2-7 mm Instrument Connector",ERBE,85100-165_Cables-and-adapters.pdf,"Monopolar adapters, catalog p. 15",existing_exact,PRD-27460DB568,20183-067,existing_exact,high,existing_exact,
335,20183-028,"Monopolar Adapter, Standard Socket to International 3-Pin",ERBE,85100-165_Cables-and-adapters.pdf,"Monopolar adapters, catalog p. 15",existing_exact,PRD-E5D003B78D,20183-028,existing_exact,high,existing_exact,
336,20183-047,"Monopolar Adapter, Standard Socket to Martin",ERBE,85100-165_Cables-and-adapters.pdf,"Monopolar adapters, catalog p. 15",existing_exact,PRD-EE226986CB,20183-047,existing_exact,high,existing_exact,
337,20192-134,"Monopolar Connecting Cable, 3-Pin to 4 mm Pin, 4.5 m",ERBE,85100-165_Cables-and-adapters.pdf,"Monopolar cables, catalog p. 5",existing_exact,PRD-A1BB9D424D,20192-134,existing_exact,high,existing_exact,
338,20192-132,"Monopolar Connecting Cable, 3-Pin to 4 mm Socket for Needle/STORZ, 4.5 m",ERBE,85100-165_Cables-and-adapters.pdf,"Monopolar cables, catalog p. 5",existing_exact,PRD-14ED7EA20B,20192-132,existing_exact,high,existing_exact,
339,20192-133,"Monopolar Connecting Cable, 3-Pin to 4 mm Socket, 4.5 m",ERBE,85100-165_Cables-and-adapters.pdf,"Monopolar cables, catalog p. 5",existing_exact,PRD-241DE5F6DF,20192-133,existing_exact,high,existing_exact,
340,20192-135,"Monopolar Connecting Cable, 3-Pin to Olympus 3 mm Socket, 4.5 m",ERBE,85100-165_Cables-and-adapters.pdf,"Monopolar cables, catalog p. 5",existing_exact,PRD-D063F090C6,20192-135,existing_exact,high,existing_exact,
341,20192-113,"Monopolar Connecting Cable, Bovie Jack 8 mm to 4 mm, 4 m",ERBE,85100-165_Cables-and-adapters.pdf,"Monopolar cables, catalog p. 5",existing_exact,PRD-E91AF4A4B3,20192-113,existing_exact,high,existing_exact,
342,20192-117,"Monopolar Connecting Cable, Bovie Jack 8 mm to Olympus 3 mm, 4 m",ERBE,85100-165_Cables-and-adapters.pdf,"Monopolar cables, catalog p. 5",existing_exact,PRD-D41DE241C1,20192-117,existing_exact,high,existing_exact,
343,20192-099,"Monopolar Connecting Cable, Martin Standard, 4 m, for Pencil/Hook",ERBE,85100-165_Cables-and-adapters.pdf,"Monopolar cables, catalog p. 6",existing_exact,PRD-24DF8E0987,20192-099,existing_exact,high,existing_exact,
344,20192-101,"Monopolar Connecting Cable, Standard, 4 m, 4 mm Socket for Needle/STORZ",ERBE,85100-165_Cables-and-adapters.pdf,"Monopolar cables, catalog p. 4",existing_exact,PRD-95ADE8F814,20192-101,existing_exact,high,existing_exact,
345,20192-104,"Monopolar Connecting Cable, Standard, 4 m, for CUT/COAG 4 mm Instruments",ERBE,85100-165_Cables-and-adapters.pdf,"Monopolar cables, catalog p. 4",existing_exact,PRD-F9C809D277,20192-104,existing_exact,high,existing_exact,
346,20192-119,"Monopolar Connecting Cable, Standard, 4 m, for Olympus 3 mm Snares",ERBE,85100-165_Cables-and-adapters.pdf,"Monopolar cables, catalog p. 4",existing_exact,PRD-DA3218ED45,20192-119,existing_exact,high,existing_exact,
347,20192-097,"Monopolar Connecting Cable, Standard, 4 m, for Suction Coagulation Electrode",ERBE,85100-165_Cables-and-adapters.pdf,"Monopolar cables, catalog p. 4",existing_exact,PRD-BBCDFBC541,20192-097,existing_exact,high,existing_exact,
348,20192-110,"Monopolar Connecting Cable, VIO/ICC/ACC International, 4 m, for Pencil/Hook",ERBE,85100-165_Cables-and-adapters.pdf,"Monopolar cables, catalog p. 6",existing_exact,PRD-CB585AE377,20192-110,existing_exact,high,existing_exact,
349,20192-127,"Monopolar Connecting Cable, VIO/ICC/ACC, Standard, 4 m, for Pencil/Hook",ERBE,85100-165_Cables-and-adapters.pdf,"Monopolar cables, catalog p. 4",existing_exact,PRD-D85D52F0CD,20192-127,existing_exact,high,existing_exact,
350,20192-094,"Monopolar Connecting Cable, VIO/ICC/ACC, Standard, 5 m, for Pencil/Hook",ERBE,85100-165_Cables-and-adapters.pdf,"Monopolar cables, catalog p. 4",existing_exact,PRD-27BD1F9DB6,20192-094,existing_exact,high,existing_exact,
351,20194-075,"Return-Electrode Connecting Cable, International, 4 m, Silicone",ERBE,85100-165_Cables-and-adapters.pdf,"Return-electrode cables, catalog p. 13",existing_exact,PRD-71FB94BD46,20194-075,existing_exact,high,existing_exact,
352,20194-079,"Return-Electrode Connecting Cable, International, 4 m, Single-Contact Electrode",ERBE,85100-165_Cables-and-adapters.pdf,"Return-electrode cables, catalog p. 14",existing_exact,PRD-415D12A635,20194-079,existing_exact,high,existing_exact,
353,20194-080,"Return-Electrode Connecting Cable, International, 4 m, Split-Contact Electrode",ERBE,85100-165_Cables-and-adapters.pdf,"Return-electrode cables, catalog p. 14",existing_exact,PRD-4D06DCE96B,20194-080,existing_exact,high,existing_exact,
354,20194-089,"Return-Electrode Connecting Cable, International, 5 m, Silicone",ERBE,85100-165_Cables-and-adapters.pdf,"Return-electrode cables, catalog p. 13",existing_exact,PRD-27BE0EC96A,20194-089,existing_exact,high,existing_exact,
355,20194-086,"Return-Electrode Connecting Cable, International, 5 m, Single-Contact Electrode",ERBE,85100-165_Cables-and-adapters.pdf,"Return-electrode cables, catalog p. 14",existing_exact,PRD-8905E9BA40,20194-086,existing_exact,high,existing_exact,
356,20194-087,"Return-Electrode Connecting Cable, International, 5 m, Split-Contact Electrode",ERBE,85100-165_Cables-and-adapters.pdf,"Return-electrode cables, catalog p. 14",existing_exact,PRD-E060DC2383,20194-087,existing_exact,high,existing_exact,
357,20194-077,"Return-Electrode Connecting Cable, Standard, 4 m, Contact Stud",ERBE,85100-165_Cables-and-adapters.pdf,"Return-electrode cables, catalog p. 13",existing_exact,PRD-CDCBBB4171,20194-077,existing_exact,high,existing_exact,
358,20194-070,"Return-Electrode Connecting Cable, Standard, 4 m, Silicone",ERBE,85100-165_Cables-and-adapters.pdf,"Return-electrode cables, catalog p. 13",existing_exact,PRD-0F561988AB,20194-070,existing_exact,high,existing_exact,
359,20194-078,"Return-Electrode Connecting Cable, Standard, 5 m, Contact Stud",ERBE,85100-165_Cables-and-adapters.pdf,"Return-electrode cables, catalog p. 13",existing_exact,PRD-D194D5A02B,20194-078,existing_exact,high,existing_exact,
360,20194-088,"Return-Electrode Connecting Cable, Standard, 5 m, Silicone",ERBE,85100-165_Cables-and-adapters.pdf,"Return-electrode cables, catalog p. 13",existing_exact,PRD-EC8645595D,20194-088,existing_exact,high,existing_exact,
361,20132-249,Adapter for APCapplicator to APC 2 Standard Socket,ERBE,85100-169_APC-accessories.pdf,"APC applicator/adapters, catalog p. 8",existing_exact,PRD-EC8FB40FB0,20132-249,existing_exact,high,existing_exact,
362,20132-227,Adapter for FiAPC Probes to APC 2 / APC 300,ERBE,85100-169_APC-accessories.pdf,"FiAPC probes, catalog p. 6",existing_exact,PRD-63E9945A0A,20132-227,existing_exact,high,existing_exact,
363,20183-071,"APC Ignition Test Adapter for VIO D/S, ICC, International",ERBE,85100-169_APC-accessories.pdf,"APC ignition test adapters, catalog p. 8",existing_exact,PRD-1425225614,20183-071,existing_exact,high,existing_exact,
364,20183-070,"APC Ignition Test Adapter for VIO D/S, ICC, Standard",ERBE,85100-169_APC-accessories.pdf,"APC ignition test adapters, catalog p. 8",existing_exact,PRD-DCA951086F,20183-070,existing_exact,high,existing_exact,
365,20132-257,"APCapplicator, Malleable, 160 mm, 1 Button",ERBE,85100-169_APC-accessories.pdf,"APCapplicator, catalog pp. 7-8",existing_exact,PRD-DC7D6310BB,20132-257,existing_exact,high,existing_exact,
366,20132-256,"APCapplicator, Malleable, 250 mm, 1 Button",ERBE,85100-169_APC-accessories.pdf,"APCapplicator, catalog pp. 7-8",existing_exact,PRD-A83D0CAAC1,20132-256,existing_exact,high,existing_exact,
367,20132-253,"APCapplicator, Rigid, 100 mm, Needle Electrode",ERBE,85100-169_APC-accessories.pdf,"APCapplicator, catalog pp. 7-8",existing_exact,PRD-D7F9A3A5D0,20132-253,existing_exact,high,existing_exact,
368,20132-252,"APCapplicator, Rigid, 100 mm, Spatula Electrode",ERBE,85100-169_APC-accessories.pdf,"APCapplicator, catalog pp. 7-8",existing_exact,PRD-1708F37D2C,20132-252,existing_exact,high,existing_exact,
369,20132-251,"APCapplicator, Rigid, 35 mm, Needle Electrode",ERBE,85100-169_APC-accessories.pdf,"APCapplicator, catalog pp. 7-8",existing_exact,PRD-8C5BA93DCA,20132-251,existing_exact,high,existing_exact,
370,20132-250,"APCapplicator, Rigid, 35 mm, Spatula Electrode",ERBE,85100-169_APC-accessories.pdf,"APCapplicator, catalog pp. 7-8",existing_exact,PRD-D76C39F2B7,20132-250,existing_exact,high,existing_exact,
371,20132-255,"APCapplicator, Rigid, 350 mm, Needle Electrode",ERBE,85100-169_APC-accessories.pdf,"APCapplicator, catalog pp. 7-8",existing_exact,PRD-D9A63C6C45,20132-255,existing_exact,high,existing_exact,
372,20132-254,"APCapplicator, Rigid, 350 mm, Spatula Electrode",ERBE,85100-169_APC-accessories.pdf,"APCapplicator, catalog pp. 7-8",existing_exact,PRD-2218769436,20132-254,existing_exact,high,existing_exact,
373,20132-004,"Argon Gas Cylinder, 5 L, 200 bar, Filled",ERBE,85100-169_APC-accessories.pdf,"APC pressure reducers and gas accessories, catalog pp. 10-11",existing_exact,PRD-B21BCEFB54,20132-004,existing_exact,high,existing_exact,
374,20132-165,"Argon Gas Cylinder, 5 L, Empty, CGA 580",ERBE,85100-169_APC-accessories.pdf,"APC pressure reducers and gas accessories, catalog pp. 10-11",existing_exact,PRD-D454A9C046,20132-165,existing_exact,high,existing_exact,
375,20132-171,"Argon Gas Cylinder, 5 L, Empty, DIN 477 No. 6",ERBE,85100-169_APC-accessories.pdf,"APC pressure reducers and gas accessories, catalog pp. 10-11",existing_exact,PRD-78096620FF,20132-171,existing_exact,high,existing_exact,
376,20132-085,"Central Gas Supply Connecting Tube for APC, 1 m",ERBE,85100-169_APC-accessories.pdf,"APC pressure reducers and gas accessories, catalog pp. 10-11",existing_exact,PRD-B79F76C6D6,20132-085,existing_exact,high,existing_exact,
377,20132-321,FiAPC plus Probe 2200 A with Filter,ERBE,85100-169_APC-accessories.pdf,"FiAPC plus probes, catalog p. 4",existing_exact,PRD-21F6CB5BAC,20132-321,existing_exact,high,existing_exact,
378,20132-325,FiAPC plus Probe 2200 C with Filter,ERBE,85100-169_APC-accessories.pdf,"FiAPC plus probes, catalog p. 4",existing_exact,PRD-5AB3F8988B,20132-325,existing_exact,high,existing_exact,
379,20132-324,FiAPC plus Probe 2200 SC with Filter,ERBE,85100-169_APC-accessories.pdf,"FiAPC plus probes, catalog p. 4",existing_exact,PRD-4E9412A49F,20132-324,existing_exact,high,existing_exact,
380,20132-323,FiAPC plus Probe 3000 A with Filter,ERBE,85100-169_APC-accessories.pdf,"FiAPC plus probes, catalog p. 4",existing_exact,PRD-19BAA6E1D6,20132-323,existing_exact,high,existing_exact,
381,20132-220,FiAPC Probe 1500 A,ERBE,85100-169_APC-accessories.pdf,"FiAPC probes, catalog pp. 5-6",existing_exact,PRD-A48A455A5E,20132-220,existing_exact,high,existing_exact,
382,20132-221,FiAPC Probe 2200 A,ERBE,85100-169_APC-accessories.pdf,"FiAPC probes, catalog pp. 5-6",existing_exact,PRD-5445BFA070,20132-221,existing_exact,high,existing_exact,
383,20132-222,FiAPC Probe 2200 A,ERBE,85100-169_APC-accessories.pdf,"FiAPC probes, catalog pp. 5-6",existing_exact,PRD-C3FDFF59E0,20132-222,existing_exact,high,existing_exact,
384,20132-225,FiAPC Probe 2200 C,ERBE,85100-169_APC-accessories.pdf,"FiAPC probes, catalog pp. 5-6",existing_exact,PRD-C492434340,20132-225,existing_exact,high,existing_exact,
385,20132-224,FiAPC Probe 2200 SC,ERBE,85100-169_APC-accessories.pdf,"FiAPC probes, catalog pp. 5-6",existing_exact,PRD-DE4182B356,20132-224,existing_exact,high,existing_exact,
386,20132-223,FiAPC Probe 3000 A,ERBE,85100-169_APC-accessories.pdf,"FiAPC probes, catalog pp. 5-6",existing_exact,PRD-3A183102CF,20132-223,existing_exact,high,existing_exact,
387,20132-226,FiAPC Probe 3000 A,ERBE,85100-169_APC-accessories.pdf,"FiAPC probes, catalog pp. 5-6",existing_exact,PRD-99494D8DD0,20132-226,existing_exact,high,existing_exact,
388,20134-003,"Pressure Reducer with Sensor for APC 2/APC 3, BS 341 No. 3",ERBE,85100-169_APC-accessories.pdf,"APC pressure reducers and gas accessories, catalog pp. 10-11",existing_exact,PRD-1BD0F9BD70,20134-003,existing_exact,high,existing_exact,
389,20134-002,"Pressure Reducer with Sensor for APC 2/APC 3, CGA 580",ERBE,85100-169_APC-accessories.pdf,"APC pressure reducers and gas accessories, catalog pp. 10-11",existing_exact,PRD-83ADF2581C,20134-002,existing_exact,high,existing_exact,
390,20134-006,"Pressure Reducer with Sensor for APC 2/APC 3, CGA Group",ERBE,85100-169_APC-accessories.pdf,"APC pressure reducers and gas accessories, catalog pp. 10-11",existing_exact,PRD-09AF1B1AE5,20134-006,existing_exact,high,existing_exact,
391,20134-001,"Pressure Reducer with Sensor for APC 2/APC 3, DIN 477 No. 10",ERBE,85100-169_APC-accessories.pdf,"APC pressure reducers and gas accessories, catalog pp. 10-11",existing_exact,PRD-207F57235E,20134-001,existing_exact,high,existing_exact,
392,20134-004,"Pressure Reducer with Sensor for APC 2/APC 3, DIN 477 No. 6",ERBE,85100-169_APC-accessories.pdf,"APC pressure reducers and gas accessories, catalog pp. 10-11",existing_exact,PRD-3CAAB4D79C,20134-004,existing_exact,high,existing_exact,
393,20134-007,"Pressure Reducer with Sensor for APC 2/APC 3, ISO 5145 No. 4",ERBE,85100-169_APC-accessories.pdf,"APC pressure reducers and gas accessories, catalog pp. 10-11",existing_exact,PRD-293EEBCDF0,20134-007,existing_exact,high,existing_exact,
394,20134-005,"Pressure Reducer with Sensor for APC 2/APC 3, Japan",ERBE,85100-169_APC-accessories.pdf,"APC pressure reducers and gas accessories, catalog pp. 10-11",existing_exact,PRD-55E5D08ADC,20134-005,existing_exact,high,existing_exact,
395,20132-078,"Pressure Reducer without Sensor for APC 300, ISO 5145 No. 4",ERBE,85100-169_APC-accessories.pdf,"APC pressure reducers and gas accessories, catalog pp. 10-11",existing_exact,PRD-9DA3B7C48B,20132-078,existing_exact,high,existing_exact,
396,20410-003,CO2 Gas Bottle Adapter E,ERBE,85100-170_Cryosurgery.pdf,"Gas bottle adapter table, catalog pp. 4, 7",existing_exact,PRD-9AE343BC8D,20410-003,existing_exact,high,existing_exact,
397,20402-060,CO2 Gas Bottle Adapter F,ERBE,85100-170_Cryosurgery.pdf,"Gas bottle adapter table, catalog pp. 4, 7",existing_exact,PRD-D54D46A95B,20402-060,existing_exact,high,existing_exact,
398,20410-016,CO2 Gas Bottle Adapter G,ERBE,85100-170_Cryosurgery.pdf,"Gas bottle adapter table, catalog pp. 4, 7",existing_exact,PRD-F1632F4CEC,20410-016,existing_exact,high,existing_exact,
399,20410-011,"CO2 Gas Bottle Adapter H, Pin Index",ERBE,85100-170_Cryosurgery.pdf,"Gas bottle adapter table, catalog pp. 4, 7",existing_exact,PRD-A93BE6938D,20410-011,existing_exact,high,existing_exact,
400,20402-061,CO2 Gas Bottle Adapter I,ERBE,85100-170_Cryosurgery.pdf,"Gas bottle adapter table, catalog pp. 4, 7",existing_exact,PRD-5AEEF62066,20402-061,existing_exact,high,existing_exact,
401,20402-052,CO2 Switching Valve for Two Gas Cylinder Adapters,ERBE,85100-170_Cryosurgery.pdf,"Gas bottle adapter table, catalog pp. 4, 7",existing_exact,PRD-C3FB38433F,20402-052,existing_exact,high,existing_exact,
402,20402-300,ERBECRYO 2 Cart,ERBE,85100-170_Cryosurgery.pdf,"Accessories for ERBECRYO 2, catalog p. 6",existing_exact,PRD-B68845E997,20402-300,existing_exact,high,existing_exact,
403,20402-008,"ERBECRYO 2 Exhaust Gas Hose, 10 m",ERBE,85100-170_Cryosurgery.pdf,"Accessories for ERBECRYO 2, catalog p. 7",existing_exact,PRD-C684D9ADCF,20402-008,existing_exact,high,existing_exact,
404,20402-007,"ERBECRYO 2 Exhaust Gas Hose, 5 m",ERBE,85100-170_Cryosurgery.pdf,"Accessories for ERBECRYO 2, catalog p. 7",existing_exact,PRD-0C821995AC,20402-007,existing_exact,high,existing_exact,
405,20402-202,"ERBECRYO 2 Footswitch Extension Cable, 0.4 m",ERBE,85100-170_Cryosurgery.pdf,"Accessories for ERBECRYO 2, catalog p. 6",existing_exact,PRD-5DFC2E8E8B,20402-202,existing_exact,high,existing_exact,
406,20402-402,Flexible Cryoprobe 1.1 mm with 757 mm Oversheath,ERBE,85100-170_Cryosurgery.pdf,"Cryoprobes for ERBECRYO 2, catalog p. 5",existing_exact,PRD-6C2199C862,20402-402,existing_exact,high,existing_exact,
407,20402-401,Flexible Cryoprobe 1.1 mm with 817 mm Oversheath,ERBE,85100-170_Cryosurgery.pdf,"Cryoprobes for ERBECRYO 2, catalog p. 5",existing_exact,PRD-A2C49C9352,20402-401,existing_exact,high,existing_exact,
408,20402-410,Flexible Cryoprobe 1.7 mm,ERBE,85100-170_Cryosurgery.pdf,"Cryoprobes for ERBECRYO 2, catalog p. 5",existing_exact,PRD-7DC3645CFA,20402-410,existing_exact,high,existing_exact,
409,20402-411,Flexible Cryoprobe 2.4 mm,ERBE,85100-170_Cryosurgery.pdf,"Cryoprobes for ERBECRYO 2, catalog p. 5",existing_exact,PRD-05670F1B5F,20402-411,existing_exact,high,existing_exact,
410,20448-000,"Gas Hose for ERBECRYO / ERBECRYO 2, 0.7 m",ERBE,85100-170_Cryosurgery.pdf,"Accessories for ERBECRYO 2, catalog p. 7",existing_exact,PRD-D03502FFB4,20448-000,existing_exact,high,existing_exact,
411,20410-004,"Gas Hose for ERBECRYO / ERBECRYO 2, 1 m",ERBE,85100-170_Cryosurgery.pdf,"Accessories for ERBECRYO 2, catalog p. 7",existing_exact,PRD-3097FD9A2E,20410-004,existing_exact,high,existing_exact,
412,20402-200,One-Pedal Foot Switch for ERBECRYO 2,ERBE,85100-170_Cryosurgery.pdf,"Accessories for ERBECRYO 2, catalog p. 6",existing_exact,PRD-DA286027ED,20402-200,existing_exact,high,existing_exact,
413,20180-010,Wire Basket for ERBECRYO 2 Cart,ERBE,85100-170_Cryosurgery.pdf,"Accessories for ERBECRYO 2, catalog p. 6",existing_exact,PRD-913352C891,20180-010,existing_exact,high,existing_exact,
416,MON-000008-RFB,"Monarch Platform, Bronchoscopy 4.1, Refurbished","Auris Health, Inc.",AccessGUDID - (&quot;Monarch Bronchoscope&quot;3).pdf,"PDF page index 2; printed p. 2/2, AccessGUDID refurbished platform row",existing_family_or_package_variant,PRD-09AB6CA202,MON-000008,existing_family_or_package_variant,moderate,existing_family_or_package_variant,Exact refurbished procurement variant; repository policy deliberately models the canonical platform rather than separate -RFB procurement rows.
417,10000769,The Galaxy System Bronchoscope,Noah Medical Corporation,AccessGUDID - (&quot;Monarch Bronchoscope&quot;3).pdf,"device.txt, PrimaryDI 00850048825000",existing_alias_or_format_variant,PRD-EF46DA3FE4,10000769,existing_alias_or_format_variant,high,existing_alias_or_format_variant,
418,Aliya EX Generator,Aliya EX Generator,Galvanize Therapeutics,Aliya System – Galvanize.pdf,Aliya System product page,existing_alias_or_format_variant,PRD-401A185759,,existing_alias_or_format_variant,high,existing_alias_or_format_variant,
420,Aliya PEF System,Aliya PEF System,Galvanize Therapeutics,Aliya System – Galvanize.pdf,Aliya System product page,existing_alias_or_format_variant,PRD-792DBA7A57,,existing_alias_or_format_variant,high,existing_alias_or_format_variant,
422,INUMI Flex Needle,INUMI Flex Needle,Galvanize Therapeutics,Aliya System – Galvanize.pdf,Aliya System product page,existing_alias_or_format_variant,PRD-50C32D45B1,,existing_alias_or_format_variant,high,existing_alias_or_format_variant,
428,620001000US,aScope 5 Broncho Single-Use Bronchoscope,Ambu,aScope-5-Broncho-Datasheets.pdf,pp. 54-57,existing_exact,PRD-362650CAB3,620001000US,existing_exact,high,existing_exact,
429,621001000US,aScope 5 Broncho Single-Use Bronchoscope,Ambu,aScope-5-Broncho-Datasheets.pdf,pp. 54-57,existing_exact,PRD-B5A820BB11,621001000US,existing_exact,high,existing_exact,
430,622001000US,aScope 5 Broncho Single-Use Bronchoscope,Ambu,aScope-5-Broncho-Datasheets.pdf,pp. 54-57,existing_exact,PRD-F60C3305B4,622001000US,existing_exact,high,existing_exact,
431,624001000US,aScope 5 Broncho Single-Use Bronchoscope,Ambu,aScope-5-Broncho-Datasheets.pdf,pp. 54-57,existing_exact,PRD-950BF5E893,624001000US,existing_exact,high,existing_exact,
432,Not stated in source,Ambu aScope 4 Broncho Quick Reference Guide Product,Ambu,aScope_Broncho_Quick_Guide (1).pdf,,existing_family_or_package_variant,,,existing_family_or_package_variant,moderate,existing_family_or_package_variant,Quick-guide family row has no exact SKU; exact governed family configurations already exist.
433,Not stated in source,Ambu aView / aBox Bronchoscopy Display and Processing Unit,Ambu,aScope_Broncho_Quick_Guide.pdf,,existing_family_or_package_variant,,,existing_family_or_package_variant,moderate,existing_family_or_package_variant,Quick-guide family row has no exact SKU; exact governed family configurations already exist.
434,MED-114-FOR,Bronch Biopsy Forceps,Thoracent,Biopsy Forceps - Pulmonary - Thoracent.pdf,Product list 2025!thoracent,existing_alias_or_format_variant,PRD-BA02119C36,MED-114-FOR,existing_alias_or_format_variant,high,existing_alias_or_format_variant,
438,2210,"BLAKE Silicone Drain (Flat, Full, or 3/4-Fluted)",Ethicon / Johnson & Johnson,BLAKE-Drains-Brochure-050018-210310.pdf,Document p. not stated (PDF page 10),existing_exact,PRD-FD3915EF93,2210,exact_identifier,high,exact_identifier,
443,2215,"BLAKE Silicone Drain (Flat, Full, or 3/4-Fluted)",Ethicon / Johnson & Johnson,BLAKE-Drains-Brochure-050018-210310.pdf,Document p. not stated (PDF page 10),existing_exact,PRD-36D0F6CBA0,2215,exact_identifier,high,exact_identifier,
446,2226,BLAKE Silicone Drain (Round Hubless),Ethicon / Johnson & Johnson,BLAKE-Drains-Brochure-050018-210310.pdf,Document p. not stated (PDF page 10),existing_exact,PRD-27CF357590,2226,exact_identifier,high,exact_identifier,
447,2227,BLAKE Silicone Drain (Round Hubless),Ethicon / Johnson & Johnson,BLAKE-Drains-Brochure-050018-210310.pdf,Document p. not stated (PDF page 10),existing_exact,PRD-2CE58D8A14,2227,exact_identifier,high,exact_identifier,
450,2230,BLAKE Silicone Drain (Round Hubless),Ethicon / Johnson & Johnson,BLAKE-Drains-Brochure-050018-210310.pdf,Document p. not stated (PDF page 10),existing_exact,PRD-1CBA97E863,2230,exact_identifier,high,exact_identifier,
462,G57704,Blue Rhino G2-Multi Percutaneous Tracheostomy Introducer Set/Tray,Cook Medical,Blue Rhino® G2-Multi Percutaneous Tracheostomy Introducer Sets and Trays _ Cook Medical.pdf,Document p. 6/66 (PDF page 6),existing_exact,PRD-8446D3EB4E,G57704,exact_identifier,high,exact_identifier,
463,G57706,Blue Rhino G2-Multi Percutaneous Tracheostomy Introducer Set/Tray,Cook Medical,Blue Rhino® G2-Multi Percutaneous Tracheostomy Introducer Sets and Trays _ Cook Medical.pdf,Document p. 9/66 (PDF page 9),existing_exact,PRD-C4C8CC5CF5,G57706,exact_identifier,high,exact_identifier,
467,C-PTISY-100-HC-G- NA,"Instructions MR Loading Dilator(s) Tracheostomy Tub - N/A; 7.5, 8.5, 9.0; Not included Cookie Settings",Cook Medical,Blue Rhino® G2-Multi Percutaneous Tracheostomy Introducer Sets and Trays _ Cook Medical.pdf,Document p. 2/66 (PDF page 2),existing_alias_or_format_variant,PRD-6AAA7898E9,G57703,official_reference_part_number_maps_to_existing_order_number,high,official_reference_part_number_maps_to_existing_order_number,
468,G57703,"Instructions MR Loading Dilator(s) Tracheostomy Tub - N/A; 7.5, 8.5, 9.0; Not included Cookie Settings",Cook Medical,Blue Rhino® G2-Multi Percutaneous Tracheostomy Introducer Sets and Trays _ Cook Medical.pdf,Document p. 2/66 (PDF page 2),existing_exact,PRD-6AAA7898E9,G57703,exact_identifier,high,exact_identifier,
469,02841S,DUMON BD Silicone Airway Stent,Novatech,BMP-MR-PCA-Interventional_Pulmonology_EN.pdf,pp. 12-13,existing_exact,PRD-7C4A3CE094,02841S,existing_exact,high,existing_exact,
470,03721S,DUMON BD Silicone Airway Stent,Novatech,BMP-MR-PCA-Interventional_Pulmonology_EN.pdf,pp. 12-13,existing_exact,PRD-E04E24D3CD,03721S,existing_exact,high,existing_exact,
471,03741S,DUMON BD Silicone Airway Stent,Novatech,BMP-MR-PCA-Interventional_Pulmonology_EN.pdf,pp. 12-13,existing_exact,PRD-B226B5873B,03741S,existing_exact,high,existing_exact,
472,03761S,DUMON BD Silicone Airway Stent,Novatech,BMP-MR-PCA-Interventional_Pulmonology_EN.pdf,pp. 12-13,existing_exact,PRD-3D383F0834,03761S,existing_exact,high,existing_exact,
473,03781S,DUMON BD Silicone Airway Stent,Novatech,BMP-MR-PCA-Interventional_Pulmonology_EN.pdf,pp. 12-13,existing_exact,PRD-7C4B36F5CB,03781S,existing_exact,high,existing_exact,
474,03801S,DUMON BD Silicone Airway Stent,Novatech,BMP-MR-PCA-Interventional_Pulmonology_EN.pdf,pp. 12-13,existing_exact,PRD-A9C2F393B9,03801S,existing_exact,high,existing_exact,
475,03821S,DUMON BD Silicone Airway Stent,Novatech,BMP-MR-PCA-Interventional_Pulmonology_EN.pdf,pp. 12-13,existing_exact,PRD-231DEF421E,03821S,existing_exact,high,existing_exact,
476,03841S,DUMON BD Silicone Airway Stent,Novatech,BMP-MR-PCA-Interventional_Pulmonology_EN.pdf,pp. 12-13,existing_exact,PRD-5AD92B5438,03841S,existing_exact,high,existing_exact,
477,03861S,DUMON BD Silicone Airway Stent,Novatech,BMP-MR-PCA-Interventional_Pulmonology_EN.pdf,pp. 12-13,existing_exact,PRD-241E54356E,03861S,existing_exact,high,existing_exact,
478,03881S,DUMON BD Silicone Airway Stent,Novatech,BMP-MR-PCA-Interventional_Pulmonology_EN.pdf,pp. 12-13,existing_exact,PRD-42804464C2,03881S,existing_exact,high,existing_exact,
479,03901S,DUMON BD Silicone Airway Stent,Novatech,BMP-MR-PCA-Interventional_Pulmonology_EN.pdf,pp. 12-13,existing_exact,PRD-408A683593,03901S,existing_exact,high,existing_exact,
480,03921S,DUMON BD Silicone Airway Stent,Novatech,BMP-MR-PCA-Interventional_Pulmonology_EN.pdf,pp. 12-13,existing_exact,PRD-CEFAA61748,03921S,existing_exact,high,existing_exact,
481,03961S,DUMON BD Silicone Airway Stent,Novatech,BMP-MR-PCA-Interventional_Pulmonology_EN.pdf,pp. 12-13,existing_exact,PRD-D76BFAD4AA,03961S,existing_exact,high,existing_exact,
482,03981S,DUMON BD Silicone Airway Stent,Novatech,BMP-MR-PCA-Interventional_Pulmonology_EN.pdf,pp. 12-13,existing_exact,PRD-66935DEE7B,03981S,existing_exact,high,existing_exact,
483,04001S,DUMON BD Silicone Airway Stent,Novatech,BMP-MR-PCA-Interventional_Pulmonology_EN.pdf,pp. 12-13,existing_exact,PRD-15E6B259A7,04001S,existing_exact,high,existing_exact,
484,04021S,DUMON BD Silicone Airway Stent,Novatech,BMP-MR-PCA-Interventional_Pulmonology_EN.pdf,pp. 12-13,existing_exact,PRD-2E1A3E4B68,04021S,existing_exact,high,existing_exact,
485,04041S,DUMON BD Silicone Airway Stent,Novatech,BMP-MR-PCA-Interventional_Pulmonology_EN.pdf,pp. 12-13,existing_exact,PRD-3FF143180F,04041S,existing_exact,high,existing_exact,
486,04051S,DUMON BD Silicone Airway Stent,Novatech,BMP-MR-PCA-Interventional_Pulmonology_EN.pdf,pp. 12-13,existing_exact,PRD-48CBAB53FF,04051S,existing_exact,high,existing_exact,
487,04341S,DUMON BD Silicone Airway Stent,Novatech,BMP-MR-PCA-Interventional_Pulmonology_EN.pdf,pp. 12-13,existing_exact,PRD-457AC85266,04341S,existing_exact,high,existing_exact,
488,04371S,DUMON BD Silicone Airway Stent,Novatech,BMP-MR-PCA-Interventional_Pulmonology_EN.pdf,pp. 12-13,existing_exact,PRD-9CE6425CE0,04371S,existing_exact,high,existing_exact,
489,04391S,DUMON BD Silicone Airway Stent,Novatech,BMP-MR-PCA-Interventional_Pulmonology_EN.pdf,pp. 12-13,existing_exact,PRD-863ABAE464,04391S,existing_exact,high,existing_exact,
490,04411S,DUMON BD Silicone Airway Stent,Novatech,BMP-MR-PCA-Interventional_Pulmonology_EN.pdf,pp. 12-13,existing_exact,PRD-65A15D079A,04411S,existing_exact,high,existing_exact,
491,04421S,DUMON BD Silicone Airway Stent,Novatech,BMP-MR-PCA-Interventional_Pulmonology_EN.pdf,pp. 12-13,existing_exact,PRD-5ACC570E45,04421S,existing_exact,high,existing_exact,
492,09011S,DUMON ST Hourglass Silicone Stent,Novatech,BMP-MR-PCA-Interventional_Pulmonology_EN.pdf,p. 14,existing_exact,PRD-70B22ED90D,09011S,existing_exact,high,existing_exact,
493,09031S,DUMON ST Hourglass Silicone Stent,Novatech,BMP-MR-PCA-Interventional_Pulmonology_EN.pdf,p. 14,existing_exact,PRD-D630FEC072,09031S,existing_exact,high,existing_exact,
494,09041S,DUMON ST Hourglass Silicone Stent,Novatech,BMP-MR-PCA-Interventional_Pulmonology_EN.pdf,p. 14,existing_exact,PRD-32BD35D821,09041S,existing_exact,high,existing_exact,
495,09051S,DUMON ST Hourglass Silicone Stent,Novatech,BMP-MR-PCA-Interventional_Pulmonology_EN.pdf,p. 14,existing_exact,PRD-CB29EF7937,09051S,existing_exact,high,existing_exact,
496,03001S,DUMON TD Silicone Airway Stent,Novatech,BMP-MR-PCA-Interventional_Pulmonology_EN.pdf,pp. 12-13,existing_exact,PRD-F0279D2028,03001S,existing_exact,high,existing_exact,
497,03021S,DUMON TD Silicone Airway Stent,Novatech,BMP-MR-PCA-Interventional_Pulmonology_EN.pdf,pp. 12-13,existing_exact,PRD-F63C06E063,03021S,existing_exact,high,existing_exact,
498,03041S,DUMON TD Silicone Airway Stent,Novatech,BMP-MR-PCA-Interventional_Pulmonology_EN.pdf,pp. 12-13,existing_exact,PRD-FCAC63DE74,03041S,existing_exact,high,existing_exact,
499,03061S,DUMON TD Silicone Airway Stent,Novatech,BMP-MR-PCA-Interventional_Pulmonology_EN.pdf,pp. 12-13,existing_exact,PRD-5A54E4A232,03061S,existing_exact,high,existing_exact,
500,03081S,DUMON TD Silicone Airway Stent,Novatech,BMP-MR-PCA-Interventional_Pulmonology_EN.pdf,pp. 12-13,existing_exact,PRD-DA69A8016A,03081S,existing_exact,high,existing_exact,
501,03101S,DUMON TD Silicone Airway Stent,Novatech,BMP-MR-PCA-Interventional_Pulmonology_EN.pdf,pp. 12-13,existing_exact,PRD-1339050168,03101S,existing_exact,high,existing_exact,
502,03121S,DUMON TD Silicone Airway Stent,Novatech,BMP-MR-PCA-Interventional_Pulmonology_EN.pdf,pp. 12-13,existing_exact,PRD-81E1C78F57,03121S,existing_exact,high,existing_exact,
503,03141S,DUMON TD Silicone Airway Stent,Novatech,BMP-MR-PCA-Interventional_Pulmonology_EN.pdf,pp. 12-13,existing_exact,PRD-E13F890A8D,03141S,existing_exact,high,existing_exact,
504,03161S,DUMON TD Silicone Airway Stent,Novatech,BMP-MR-PCA-Interventional_Pulmonology_EN.pdf,pp. 12-13,existing_exact,PRD-E03ACFD7C6,03161S,existing_exact,high,existing_exact,
505,03181S,DUMON TD Silicone Airway Stent,Novatech,BMP-MR-PCA-Interventional_Pulmonology_EN.pdf,pp. 12-13,existing_exact,PRD-9FDA372767,03181S,existing_exact,high,existing_exact,
506,03201S,DUMON TD Silicone Airway Stent,Novatech,BMP-MR-PCA-Interventional_Pulmonology_EN.pdf,pp. 12-13,existing_exact,PRD-24BB958E53,03201S,existing_exact,high,existing_exact,
507,03221S,DUMON TD Silicone Airway Stent,Novatech,BMP-MR-PCA-Interventional_Pulmonology_EN.pdf,pp. 12-13,existing_exact,PRD-35D1C951DD,03221S,existing_exact,high,existing_exact,
508,03231S,DUMON TD Silicone Airway Stent,Novatech,BMP-MR-PCA-Interventional_Pulmonology_EN.pdf,pp. 12-13,existing_exact,PRD-8C4F3E180E,03231S,existing_exact,high,existing_exact,
509,03261S,DUMON TD Silicone Airway Stent,Novatech,BMP-MR-PCA-Interventional_Pulmonology_EN.pdf,pp. 12-13,existing_exact,PRD-7C94BF3D70,03261S,existing_exact,high,existing_exact,
510,03281S,DUMON TD Silicone Airway Stent,Novatech,BMP-MR-PCA-Interventional_Pulmonology_EN.pdf,pp. 12-13,existing_exact,PRD-50F36C0CF9,03281S,existing_exact,high,existing_exact,
511,03301S,DUMON TD Silicone Airway Stent,Novatech,BMP-MR-PCA-Interventional_Pulmonology_EN.pdf,pp. 12-13,existing_exact,PRD-57CB9C3B69,03301S,existing_exact,high,existing_exact,
512,03321S,DUMON TD Silicone Airway Stent,Novatech,BMP-MR-PCA-Interventional_Pulmonology_EN.pdf,pp. 12-13,existing_exact,PRD-0B65831FF3,03321S,existing_exact,high,existing_exact,
513,03341S,DUMON TD Silicone Airway Stent,Novatech,BMP-MR-PCA-Interventional_Pulmonology_EN.pdf,pp. 12-13,existing_exact,PRD-69CC9C6D05,03341S,existing_exact,high,existing_exact,
514,03381S,DUMON TD Silicone Airway Stent,Novatech,BMP-MR-PCA-Interventional_Pulmonology_EN.pdf,pp. 12-13,existing_exact,PRD-246C3ADE5E,03381S,existing_exact,high,existing_exact,
515,03401S,DUMON TD Silicone Airway Stent,Novatech,BMP-MR-PCA-Interventional_Pulmonology_EN.pdf,pp. 12-13,existing_exact,PRD-861D4EA14A,03401S,existing_exact,high,existing_exact,
516,03421S,DUMON TD Silicone Airway Stent,Novatech,BMP-MR-PCA-Interventional_Pulmonology_EN.pdf,pp. 12-13,existing_exact,PRD-128B8E1F80,03421S,existing_exact,high,existing_exact,
517,03441S,DUMON TD Silicone Airway Stent,Novatech,BMP-MR-PCA-Interventional_Pulmonology_EN.pdf,pp. 12-13,existing_exact,PRD-5955133BB7,03441S,existing_exact,high,existing_exact,
518,03461S,DUMON TD Silicone Airway Stent,Novatech,BMP-MR-PCA-Interventional_Pulmonology_EN.pdf,pp. 12-13,existing_exact,PRD-1C368932FF,03461S,existing_exact,high,existing_exact,
519,03491S,DUMON TD Silicone Airway Stent,Novatech,BMP-MR-PCA-Interventional_Pulmonology_EN.pdf,pp. 12-13,existing_exact,PRD-F2F9633FBF,03491S,existing_exact,high,existing_exact,
520,03501S,DUMON TD Silicone Airway Stent,Novatech,BMP-MR-PCA-Interventional_Pulmonology_EN.pdf,pp. 12-13,existing_exact,PRD-23D7DAB53A,03501S,existing_exact,high,existing_exact,
521,03531S,DUMON TD Silicone Airway Stent,Novatech,BMP-MR-PCA-Interventional_Pulmonology_EN.pdf,pp. 12-13,existing_exact,PRD-00FC2A29AC,03531S,existing_exact,high,existing_exact,
522,03541S,DUMON TD Silicone Airway Stent,Novatech,BMP-MR-PCA-Interventional_Pulmonology_EN.pdf,pp. 12-13,existing_exact,PRD-5A90A3DABC,03541S,existing_exact,high,existing_exact,
523,03551S,DUMON TD Silicone Airway Stent,Novatech,BMP-MR-PCA-Interventional_Pulmonology_EN.pdf,pp. 12-13,existing_exact,PRD-AC566D2949,03551S,existing_exact,high,existing_exact,
524,03561S,DUMON TD Silicone Airway Stent,Novatech,BMP-MR-PCA-Interventional_Pulmonology_EN.pdf,pp. 12-13,existing_exact,PRD-BE0B6A0B53,03561S,existing_exact,high,existing_exact,
525,03571S,DUMON TD Silicone Airway Stent,Novatech,BMP-MR-PCA-Interventional_Pulmonology_EN.pdf,pp. 12-13,existing_exact,PRD-8532C675A6,03571S,existing_exact,high,existing_exact,
526,03581S,DUMON TD Silicone Airway Stent,Novatech,BMP-MR-PCA-Interventional_Pulmonology_EN.pdf,pp. 12-13,existing_exact,PRD-EC55EE1E59,03581S,existing_exact,high,existing_exact,
527,03591S,DUMON TD Silicone Airway Stent,Novatech,BMP-MR-PCA-Interventional_Pulmonology_EN.pdf,pp. 12-13,existing_exact,PRD-E07985974F,03591S,existing_exact,high,existing_exact,
528,03621S,DUMON TD Silicone Airway Stent,Novatech,BMP-MR-PCA-Interventional_Pulmonology_EN.pdf,pp. 12-13,existing_exact,PRD-BE121B185B,03621S,existing_exact,high,existing_exact,
529,03641S,DUMON TD Silicone Airway Stent,Novatech,BMP-MR-PCA-Interventional_Pulmonology_EN.pdf,pp. 12-13,existing_exact,PRD-F54BF5D38E,03641S,existing_exact,high,existing_exact,
530,03661S,DUMON TD Silicone Airway Stent,Novatech,BMP-MR-PCA-Interventional_Pulmonology_EN.pdf,pp. 12-13,existing_exact,PRD-DC7E693F2A,03661S,existing_exact,high,existing_exact,
531,03681S,DUMON TD Silicone Airway Stent,Novatech,BMP-MR-PCA-Interventional_Pulmonology_EN.pdf,pp. 12-13,existing_exact,PRD-B5A96A4F81,03681S,existing_exact,high,existing_exact,
532,03701S,DUMON TD Silicone Airway Stent,Novatech,BMP-MR-PCA-Interventional_Pulmonology_EN.pdf,pp. 12-13,existing_exact,PRD-A412BD40C1,03701S,existing_exact,high,existing_exact,
533,04141S,DUMON TD Silicone Airway Stent,Novatech,BMP-MR-PCA-Interventional_Pulmonology_EN.pdf,pp. 12-13,existing_exact,PRD-DBCBF4AF27,04141S,existing_exact,high,existing_exact,
534,04151S,DUMON TD Silicone Airway Stent,Novatech,BMP-MR-PCA-Interventional_Pulmonology_EN.pdf,pp. 12-13,existing_exact,PRD-4D5E28D425,04151S,existing_exact,high,existing_exact,
535,04281S,DUMON TD Silicone Airway Stent,Novatech,BMP-MR-PCA-Interventional_Pulmonology_EN.pdf,pp. 12-13,existing_exact,PRD-44839F0522,04281S,existing_exact,high,existing_exact,
536,04291S,DUMON TD Silicone Airway Stent,Novatech,BMP-MR-PCA-Interventional_Pulmonology_EN.pdf,pp. 12-13,existing_exact,PRD-F010140B5E,04291S,existing_exact,high,existing_exact,
537,04301S,DUMON TD Silicone Airway Stent,Novatech,BMP-MR-PCA-Interventional_Pulmonology_EN.pdf,pp. 12-13,existing_exact,PRD-26A160D11E,04301S,existing_exact,high,existing_exact,
538,04311S,DUMON TD Silicone Airway Stent,Novatech,BMP-MR-PCA-Interventional_Pulmonology_EN.pdf,pp. 12-13,existing_exact,PRD-071D7736C1,04311S,existing_exact,high,existing_exact,
539,03141FS,DUMON TF Silicone Airway Stent,Novatech,BMP-MR-PCA-Interventional_Pulmonology_EN.pdf,pp. 12-13,existing_exact,PRD-1F9597C1B1,03141FS,existing_exact,high,existing_exact,
540,03161FS,DUMON TF Silicone Airway Stent,Novatech,BMP-MR-PCA-Interventional_Pulmonology_EN.pdf,pp. 12-13,existing_exact,PRD-94C76DB87E,03161FS,existing_exact,high,existing_exact,
541,03261FS,DUMON TF Silicone Airway Stent,Novatech,BMP-MR-PCA-Interventional_Pulmonology_EN.pdf,pp. 12-13,existing_exact,PRD-946F2F821B,03261FS,existing_exact,high,existing_exact,
542,03281FS,DUMON TF Silicone Airway Stent,Novatech,BMP-MR-PCA-Interventional_Pulmonology_EN.pdf,pp. 12-13,existing_exact,PRD-704850C991,03281FS,existing_exact,high,existing_exact,
543,03301FS,DUMON TF Silicone Airway Stent,Novatech,BMP-MR-PCA-Interventional_Pulmonology_EN.pdf,pp. 12-13,existing_exact,PRD-394135E376,03301FS,existing_exact,high,existing_exact,
544,03321FS,DUMON TF Silicone Airway Stent,Novatech,BMP-MR-PCA-Interventional_Pulmonology_EN.pdf,pp. 12-13,existing_exact,PRD-014290DBD6,03321FS,existing_exact,high,existing_exact,
545,03341FS,DUMON TF Silicone Airway Stent,Novatech,BMP-MR-PCA-Interventional_Pulmonology_EN.pdf,pp. 12-13,existing_exact,PRD-83292E8BA3,03341FS,existing_exact,high,existing_exact,
546,03381FS,DUMON TF Silicone Airway Stent,Novatech,BMP-MR-PCA-Interventional_Pulmonology_EN.pdf,pp. 12-13,existing_exact,PRD-E91BAEC04F,03381FS,existing_exact,high,existing_exact,
547,03401FS,DUMON TF Silicone Airway Stent,Novatech,BMP-MR-PCA-Interventional_Pulmonology_EN.pdf,pp. 12-13,existing_exact,PRD-B4AC755EAE,03401FS,existing_exact,high,existing_exact,
548,03421FS,DUMON TF Silicone Airway Stent,Novatech,BMP-MR-PCA-Interventional_Pulmonology_EN.pdf,pp. 12-13,existing_exact,PRD-ACB6E2620B,03421FS,existing_exact,high,existing_exact,
549,03441FS,DUMON TF Silicone Airway Stent,Novatech,BMP-MR-PCA-Interventional_Pulmonology_EN.pdf,pp. 12-13,existing_exact,PRD-39EB1A695C,03441FS,existing_exact,high,existing_exact,
550,03461FS,DUMON TF Silicone Airway Stent,Novatech,BMP-MR-PCA-Interventional_Pulmonology_EN.pdf,pp. 12-13,existing_exact,PRD-C4EB1DBADB,03461FS,existing_exact,high,existing_exact,
551,03641FS,DUMON TF Silicone Airway Stent,Novatech,BMP-MR-PCA-Interventional_Pulmonology_EN.pdf,pp. 12-13,existing_exact,PRD-6A9E4504F4,03641FS,existing_exact,high,existing_exact,
552,03661FS,DUMON TF Silicone Airway Stent,Novatech,BMP-MR-PCA-Interventional_Pulmonology_EN.pdf,pp. 12-13,existing_exact,PRD-FE7880EF7E,03661FS,existing_exact,high,existing_exact,
553,03681FS,DUMON TF Silicone Airway Stent,Novatech,BMP-MR-PCA-Interventional_Pulmonology_EN.pdf,pp. 12-13,existing_exact,PRD-81D89E1E76,03681FS,existing_exact,high,existing_exact,
554,03701FS,DUMON TF Silicone Airway Stent,Novatech,BMP-MR-PCA-Interventional_Pulmonology_EN.pdf,pp. 12-13,existing_exact,PRD-29DCCCAF2B,03701FS,existing_exact,high,existing_exact,
555,04141FS,DUMON TF Silicone Airway Stent,Novatech,BMP-MR-PCA-Interventional_Pulmonology_EN.pdf,pp. 12-13,existing_exact,PRD-48EEBAD727,04141FS,existing_exact,high,existing_exact,
556,04151FS,DUMON TF Silicone Airway Stent,Novatech,BMP-MR-PCA-Interventional_Pulmonology_EN.pdf,pp. 12-13,existing_exact,PRD-C7B4627CB2,04151FS,existing_exact,high,existing_exact,
557,04161FS,DUMON TF Silicone Airway Stent,Novatech,BMP-MR-PCA-Interventional_Pulmonology_EN.pdf,pp. 12-13,existing_exact,PRD-44A6CBF184,04161FS,existing_exact,high,existing_exact,
558,04171FS,DUMON TF Silicone Airway Stent,Novatech,BMP-MR-PCA-Interventional_Pulmonology_EN.pdf,pp. 12-13,existing_exact,PRD-FA325AD5F8,04171FS,existing_exact,high,existing_exact,
559,04181FS,DUMON TF Silicone Airway Stent,Novatech,BMP-MR-PCA-Interventional_Pulmonology_EN.pdf,pp. 12-13,existing_exact,PRD-87011FE827,04181FS,existing_exact,high,existing_exact,
560,04191FS,DUMON TF Silicone Airway Stent,Novatech,BMP-MR-PCA-Interventional_Pulmonology_EN.pdf,pp. 12-13,existing_exact,PRD-0D2C2802C8,04191FS,existing_exact,high,existing_exact,
561,04201FS,DUMON TF Silicone Airway Stent,Novatech,BMP-MR-PCA-Interventional_Pulmonology_EN.pdf,pp. 12-13,existing_exact,PRD-7359DC8555,04201FS,existing_exact,high,existing_exact,
562,04231FS,DUMON TF Silicone Airway Stent,Novatech,BMP-MR-PCA-Interventional_Pulmonology_EN.pdf,pp. 12-13,existing_exact,PRD-6BE691A444,04231FS,existing_exact,high,existing_exact,
563,04241FS,DUMON TF Silicone Airway Stent,Novatech,BMP-MR-PCA-Interventional_Pulmonology_EN.pdf,pp. 12-13,existing_exact,PRD-2C8EBB26DF,04241FS,existing_exact,high,existing_exact,
564,04251FS,DUMON TF Silicone Airway Stent,Novatech,BMP-MR-PCA-Interventional_Pulmonology_EN.pdf,pp. 12-13,existing_exact,PRD-26349CF364,04251FS,existing_exact,high,existing_exact,
565,04261FS,DUMON TF Silicone Airway Stent,Novatech,BMP-MR-PCA-Interventional_Pulmonology_EN.pdf,pp. 12-13,existing_exact,PRD-64B1BB919D,04261FS,existing_exact,high,existing_exact,
566,04271FS,DUMON TF Silicone Airway Stent,Novatech,BMP-MR-PCA-Interventional_Pulmonology_EN.pdf,pp. 12-13,existing_exact,PRD-32203FFD61,04271FS,existing_exact,high,existing_exact,
567,04281FS,DUMON TF Silicone Airway Stent,Novatech,BMP-MR-PCA-Interventional_Pulmonology_EN.pdf,pp. 12-13,existing_exact,PRD-6AE3D5D976,04281FS,existing_exact,high,existing_exact,
568,04291FS,DUMON TF Silicone Airway Stent,Novatech,BMP-MR-PCA-Interventional_Pulmonology_EN.pdf,pp. 12-13,existing_exact,PRD-ACF77D4FD4,04291FS,existing_exact,high,existing_exact,
569,04301FS,DUMON TF Silicone Airway Stent,Novatech,BMP-MR-PCA-Interventional_Pulmonology_EN.pdf,pp. 12-13,existing_exact,PRD-08C3139357,04301FS,existing_exact,high,existing_exact,
570,04431FS,DUMON TF Silicone Airway Stent,Novatech,BMP-MR-PCA-Interventional_Pulmonology_EN.pdf,pp. 12-13,existing_exact,PRD-FD2FA688FB,04431FS,existing_exact,high,existing_exact,
571,04441FS,DUMON TF Silicone Airway Stent,Novatech,BMP-MR-PCA-Interventional_Pulmonology_EN.pdf,pp. 12-13,existing_exact,PRD-F527A8F44E,04441FS,existing_exact,high,existing_exact,
572,04451FS,DUMON TF Silicone Airway Stent,Novatech,BMP-MR-PCA-Interventional_Pulmonology_EN.pdf,pp. 12-13,existing_exact,PRD-102569C82C,04451FS,existing_exact,high,existing_exact,
573,91011S,DUMON Y Bifurcation Silicone Stent,Novatech,BMP-MR-PCA-Interventional_Pulmonology_EN.pdf,p. 14,existing_exact,PRD-E00759020E,91011S,existing_exact,high,existing_exact,
574,92011S,DUMON Y Bifurcation Silicone Stent,Novatech,BMP-MR-PCA-Interventional_Pulmonology_EN.pdf,p. 14,existing_exact,PRD-6A53041E10,92011S,existing_exact,high,existing_exact,
575,93011S,DUMON Y Bifurcation Silicone Stent,Novatech,BMP-MR-PCA-Interventional_Pulmonology_EN.pdf,p. 14,existing_exact,PRD-E9AD59995F,93011S,existing_exact,high,existing_exact,
576,94011S,DUMON Y Bifurcation Silicone Stent,Novatech,BMP-MR-PCA-Interventional_Pulmonology_EN.pdf,p. 14,existing_exact,PRD-7A1E356519,94011S,existing_exact,high,existing_exact,
577,02BRD9107,DUTAU NOVATECH Axial Cap - 10.2 mm,Novatech,BMP-MR-PCA-Interventional_Pulmonology_EN.pdf,p. 25,existing_exact,PRD-D5CBD6E254,02BRD9107,existing_exact,high,existing_exact,
578,02BRD9108,DUTAU NOVATECH Axial Cap - 12.3 mm,Novatech,BMP-MR-PCA-Interventional_Pulmonology_EN.pdf,p. 25,existing_exact,PRD-5BA5F9BD46,02BRD9108,existing_exact,high,existing_exact,
579,02BRD9156,DUTAU NOVATECH Lateral Cap - 1.8 mm,Novatech,BMP-MR-PCA-Interventional_Pulmonology_EN.pdf,p. 25,existing_exact,PRD-1215DE841C,02BRD9156,existing_exact,high,existing_exact,
580,6522,DUTAU Stent Fenestration Forceps,Novatech,BMP-MR-PCA-Interventional_Pulmonology_EN.pdf,p. 15,existing_exact,PRD-E37704D087,6522,existing_exact,high,existing_exact,
581,02BRT40040,ROTEPS Cleaning Adapter Replacement O-Ring,Novatech,BMP-MR-PCA-Interventional_Pulmonology_EN.pdf,p. 28,existing_exact,PRD-85E1F8359A,02BRT40040,existing_exact,high,existing_exact,
582,02BRT10202,ROTEPS Handle - 2 mm - With shiftable ratchet,Novatech,BMP-MR-PCA-Interventional_Pulmonology_EN.pdf,p. 28,existing_exact,PRD-5A3334BDDC,02BRT10202,existing_exact,high,existing_exact,
583,02BRT10200,ROTEPS Handle - 2 mm - Without ratchet,Novatech,BMP-MR-PCA-Interventional_Pulmonology_EN.pdf,p. 28,existing_exact,PRD-1894515971,02BRT10200,existing_exact,high,existing_exact,
584,02BRT10402,ROTEPS Handle - 4 mm - With shiftable ratchet,Novatech,BMP-MR-PCA-Interventional_Pulmonology_EN.pdf,p. 28,existing_exact,PRD-EA133128FD,02BRT10402,existing_exact,high,existing_exact,
585,02BRT10400,ROTEPS Handle - 4 mm - Without ratchet,Novatech,BMP-MR-PCA-Interventional_Pulmonology_EN.pdf,p. 28,existing_exact,PRD-2538CEF181,02BRT10400,existing_exact,high,existing_exact,
586,02BRT30295,ROTEPS Head - Fenestrated forceps,Novatech,BMP-MR-PCA-Interventional_Pulmonology_EN.pdf,p. 29,existing_exact,PRD-66110A69CE,02BRT30295,existing_exact,high,existing_exact,
587,02BRT30299,"ROTEPS Head - Grasping forceps, strong teeth",Novatech,BMP-MR-PCA-Interventional_Pulmonology_EN.pdf,p. 29,existing_exact,PRD-028E85E656,02BRT30299,existing_exact,high,existing_exact,
588,02BRT30499,"ROTEPS Head - Grasping forceps, strong teeth",Novatech,BMP-MR-PCA-Interventional_Pulmonology_EN.pdf,p. 29,existing_exact,PRD-66A04F5119,02BRT30499,existing_exact,high,existing_exact,
589,02BRT30296,ROTEPS Head - Hook scissors,Novatech,BMP-MR-PCA-Interventional_Pulmonology_EN.pdf,p. 29,existing_exact,PRD-C6E7ED547F,02BRT30296,existing_exact,high,existing_exact,
590,02BRT30497,"ROTEPS Head - Retraction forceps, atraumatic inner teeth",Novatech,BMP-MR-PCA-Interventional_Pulmonology_EN.pdf,p. 29,existing_exact,PRD-2A8E02EC0E,02BRT30497,existing_exact,high,existing_exact,
591,02BRT30294,"ROTEPS Head - Retraction forceps, atraumatic teeth, one side opening",Novatech,BMP-MR-PCA-Interventional_Pulmonology_EN.pdf,p. 29,existing_exact,PRD-A7A7DF79BA,02BRT30294,existing_exact,high,existing_exact,
592,02BRT30498,ROTEPS Head - Y-stent forceps,Novatech,BMP-MR-PCA-Interventional_Pulmonology_EN.pdf,p. 29,existing_exact,PRD-7B30A285F1,02BRT30498,existing_exact,high,existing_exact,
593,02BRT20260,ROTEPS Shaft - 2 mm x 60 cm,Novatech,BMP-MR-PCA-Interventional_Pulmonology_EN.pdf,p. 28,existing_exact,PRD-2952D06A3F,02BRT20260,existing_exact,high,existing_exact,
594,02BRT20460,ROTEPS Shaft - 4 mm x 60 cm,Novatech,BMP-MR-PCA-Interventional_Pulmonology_EN.pdf,p. 28,existing_exact,PRD-8CDDDC5158,02BRT20460,existing_exact,high,existing_exact,
595,77632,SURVAC PC Suction Catheter,Novatech,BMP-MR-PCA-Interventional_Pulmonology_EN.pdf,p. 30,existing_exact,PRD-B98EADB33D,77632,existing_exact,high,existing_exact,
596,77642,SURVAC PC Suction Catheter,Novatech,BMP-MR-PCA-Interventional_Pulmonology_EN.pdf,p. 30,existing_exact,PRD-5A28AF1C52,77642,existing_exact,high,existing_exact,
597,77642SC,SURVAC PC Suction Catheter,Novatech,BMP-MR-PCA-Interventional_Pulmonology_EN.pdf,p. 30,existing_exact,PRD-952A7B928E,77642SC,existing_exact,high,existing_exact,
598,77622,SURVAC PTFE Suction Catheter,Novatech,BMP-MR-PCA-Interventional_Pulmonology_EN.pdf,p. 30,existing_exact,PRD-07EA3DD76E,77622,existing_exact,high,existing_exact,
599,02 BRS B 120,TONN NOVATECH Stent Applicator - Blue,Novatech,BMP-MR-PCA-Interventional_Pulmonology_EN.pdf,p. 19,existing_exact,PRD-3BEF064A41,02 BRS B 120,existing_exact,high,existing_exact,
600,02 BRS G 140,TONN NOVATECH Stent Applicator - Green,Novatech,BMP-MR-PCA-Interventional_Pulmonology_EN.pdf,p. 19,existing_exact,PRD-F765071278,02 BRS G 140,existing_exact,high,existing_exact,
601,02 BRS R 130,TONN NOVATECH Stent Applicator - Red,Novatech,BMP-MR-PCA-Interventional_Pulmonology_EN.pdf,p. 19,existing_exact,PRD-B5E107E3AE,02 BRS R 130,existing_exact,high,existing_exact,
602,02 BRS W 150,TONN NOVATECH Stent Applicator - White,Novatech,BMP-MR-PCA-Interventional_Pulmonology_EN.pdf,p. 19,existing_exact,PRD-0CD8E49B3D,02 BRS W 150,existing_exact,high,existing_exact,
603,02BRD3511,"DUTAU NOVATECH Bronchial Tube, Size 11",Novatech,BMP-MR-PCA-Interventional_Pulmonology_EN.pdf; NOV-MR-PCA-Instruments_CA003_EN.pdf,p. 24,existing_exact,PRD-6D6815FAE1,02BRD3511,existing_exact,high,existing_exact,
604,02BRD3512,"DUTAU NOVATECH Bronchial Tube, Size 12",Novatech,BMP-MR-PCA-Interventional_Pulmonology_EN.pdf; NOV-MR-PCA-Instruments_CA003_EN.pdf,p. 24,existing_exact,PRD-7677972FA0,02BRD3512,existing_exact,high,existing_exact,
605,02BRD3514,"DUTAU NOVATECH Bronchial Tube, Size 14",Novatech,BMP-MR-PCA-Interventional_Pulmonology_EN.pdf; NOV-MR-PCA-Instruments_CA003_EN.pdf,p. 24,existing_exact,PRD-492FC6BE35,02BRD3514,existing_exact,high,existing_exact,
606,02BRD9151,DUTAU NOVATECH Lateral Cap - No opening,Novatech,BMP-MR-PCA-Interventional_Pulmonology_EN.pdf; NOV-MR-PCA-Instruments_CA003_EN.pdf,p. 25,existing_exact,PRD-55094F0EC3,02BRD9151,existing_exact,high,existing_exact,
607,02BRD1100,Novatech Rigid Bronchoscopy Instrument,Novatech,BMP-MR-PCA-Interventional_Pulmonology_EN.pdf; NOV-MR-PCA-Instruments_CA003_EN.pdf,p. 24,existing_exact,PRD-5E4F566AA2,02BRD1100,existing_exact,high,existing_exact,
608,02BRD1110,Novatech Rigid Bronchoscopy Instrument,Novatech,BMP-MR-PCA-Interventional_Pulmonology_EN.pdf; NOV-MR-PCA-Instruments_CA003_EN.pdf,p. 24,existing_exact,PRD-042B406005,02BRD1110,existing_exact,high,existing_exact,
609,02BRD1120,Novatech Rigid Bronchoscopy Instrument,Novatech,BMP-MR-PCA-Interventional_Pulmonology_EN.pdf; NOV-MR-PCA-Instruments_CA003_EN.pdf,p. 24,existing_exact,PRD-B5644A6608,02BRD1120,existing_exact,high,existing_exact,
610,02BRD2514,Novatech Rigid Bronchoscopy Instrument,Novatech,BMP-MR-PCA-Interventional_Pulmonology_EN.pdf; NOV-MR-PCA-Instruments_CA003_EN.pdf,p. 24,existing_exact,PRD-9EB174FBB0,02BRD2514,existing_exact,high,existing_exact,
611,02BRD3509,Novatech Rigid Bronchoscopy Instrument,Novatech,BMP-MR-PCA-Interventional_Pulmonology_EN.pdf; NOV-MR-PCA-Instruments_CA003_EN.pdf,p. 24,existing_exact,PRD-9C6ECA3162,02BRD3509,existing_exact,high,existing_exact,
612,02BRD9101,Novatech Rigid Bronchoscopy Instrument,Novatech,BMP-MR-PCA-Interventional_Pulmonology_EN.pdf; NOV-MR-PCA-Instruments_CA003_EN.pdf,p. 25,existing_exact,PRD-93C248AE98,02BRD9101,existing_exact,high,existing_exact,
613,02BRD9102,Novatech Rigid Bronchoscopy Instrument,Novatech,BMP-MR-PCA-Interventional_Pulmonology_EN.pdf; NOV-MR-PCA-Instruments_CA003_EN.pdf,p. 25,existing_exact,PRD-BCF7612DDB,02BRD9102,existing_exact,high,existing_exact,
614,02BRD9103,Novatech Rigid Bronchoscopy Instrument,Novatech,BMP-MR-PCA-Interventional_Pulmonology_EN.pdf; NOV-MR-PCA-Instruments_CA003_EN.pdf,p. 25,existing_exact,PRD-D81F566A09,02BRD9103,existing_exact,high,existing_exact,
615,02BRD9104,Novatech Rigid Bronchoscopy Instrument,Novatech,BMP-MR-PCA-Interventional_Pulmonology_EN.pdf; NOV-MR-PCA-Instruments_CA003_EN.pdf,p. 25,existing_exact,PRD-E05104FF37,02BRD9104,existing_exact,high,existing_exact,
616,02BRD9105,Novatech Rigid Bronchoscopy Instrument,Novatech,BMP-MR-PCA-Interventional_Pulmonology_EN.pdf; NOV-MR-PCA-Instruments_CA003_EN.pdf,p. 25,existing_exact,PRD-09192221FE,02BRD9105,existing_exact,high,existing_exact,
617,02BRD9106,Novatech Rigid Bronchoscopy Instrument,Novatech,BMP-MR-PCA-Interventional_Pulmonology_EN.pdf; NOV-MR-PCA-Instruments_CA003_EN.pdf,p. 25,existing_exact,PRD-5402A5D241,02BRD9106,existing_exact,high,existing_exact,
618,02BRD9152,Novatech Rigid Bronchoscopy Instrument,Novatech,BMP-MR-PCA-Interventional_Pulmonology_EN.pdf; NOV-MR-PCA-Instruments_CA003_EN.pdf,p. 25,existing_exact,PRD-BADEC639F4,02BRD9152,existing_exact,high,existing_exact,
619,02BRD9153,Novatech Rigid Bronchoscopy Instrument,Novatech,BMP-MR-PCA-Interventional_Pulmonology_EN.pdf; NOV-MR-PCA-Instruments_CA003_EN.pdf,p. 25,existing_exact,PRD-89259B5C28,02BRD9153,existing_exact,high,existing_exact,
620,02BRD9154,Novatech Rigid Bronchoscopy Instrument,Novatech,BMP-MR-PCA-Interventional_Pulmonology_EN.pdf; NOV-MR-PCA-Instruments_CA003_EN.pdf,p. 25,existing_exact,PRD-E0331EA66D,02BRD9154,existing_exact,high,existing_exact,
621,02BRD9155,Novatech Rigid Bronchoscopy Instrument,Novatech,BMP-MR-PCA-Interventional_Pulmonology_EN.pdf; NOV-MR-PCA-Instruments_CA003_EN.pdf,p. 25,existing_exact,PRD-BB33BD7BE9,02BRD9155,existing_exact,high,existing_exact,
622,02BRD9157,Novatech Rigid Bronchoscopy Instrument,Novatech,BMP-MR-PCA-Interventional_Pulmonology_EN.pdf; NOV-MR-PCA-Instruments_CA003_EN.pdf,p. 25,existing_exact,PRD-57EB842692,02BRD9157,existing_exact,high,existing_exact,
623,02BRD9158,Novatech Rigid Bronchoscopy Instrument,Novatech,BMP-MR-PCA-Interventional_Pulmonology_EN.pdf; NOV-MR-PCA-Instruments_CA003_EN.pdf,p. 25,existing_exact,PRD-F4B03B6DFA,02BRD9158,existing_exact,high,existing_exact,
624,02BRD9901,Novatech Rigid Bronchoscopy Instrument,Novatech,BMP-MR-PCA-Interventional_Pulmonology_EN.pdf; NOV-MR-PCA-Instruments_CA003_EN.pdf,p. 24,existing_exact,PRD-A4793529B7,02BRD9901,existing_exact,high,existing_exact,
625,02BRD9902,Novatech Rigid Bronchoscopy Instrument,Novatech,BMP-MR-PCA-Interventional_Pulmonology_EN.pdf; NOV-MR-PCA-Instruments_CA003_EN.pdf,p. 24,existing_exact,PRD-5BDAA5E440,02BRD9902,existing_exact,high,existing_exact,
626,02BRDSET,Novatech Rigid Bronchoscopy Instrument,Novatech,BMP-MR-PCA-Interventional_Pulmonology_EN.pdf; NOV-MR-PCA-Instruments_CA003_EN.pdf,p. 24,existing_exact,PRD-C4480F30D2,02BRDSET,existing_exact,high,existing_exact,
627,02BRT40010,ROTEPS Cleaning Adapter with Luer Lock and O-Ring,Novatech,BMP-MR-PCA-Interventional_Pulmonology_EN.pdf; NOV-MR-PCA-Instruments_CA003_EN.pdf,p. 28,existing_exact,PRD-631CFE65BD,02BRT40010,existing_exact,high,existing_exact,
628,LungVision Procedure Kit,LungVision Procedure Kit,Body Vision Medical,Brochure-BodyVision_MOSS.pdf,LungVision MOSS brochure,existing_alias_or_format_variant,PRD-45AEBC6DFE,,existing_alias_or_format_variant,high,existing_alias_or_format_variant,
630,BF-1TH190,Video Bronchoscope,Olympus,Bronchoscope-Matrix-Chart_41656 (1).pdf,Flexible bronchoscopy platforms!2,existing_exact,PRD-4A04124FF2,BF-1TH190,existing_exact,high,existing_exact,
631,BF-H190,Video Bronchoscope,Olympus,Bronchoscope-Matrix-Chart_41656 (1).pdf,Flexible bronchoscopy platforms!4,existing_exact,PRD-D6F54A6D11,BF-H190,existing_exact,high,existing_exact,
632,BF-Q190,Video Bronchoscope,Olympus,Bronchoscope-Matrix-Chart_41656 (1).pdf,"device.txt, PrimaryDI 04953170335198",existing_exact,PRD-34DC6AE7FD,BF-Q190,existing_exact,high,existing_exact,
633,BF-UC180F,Video Bronchoscope,Olympus,Bronchoscope-Matrix-Chart_41656 (1).pdf,"device.txt, PrimaryDI 04953170356360",existing_exact,PRD-F586C51621,BF-UC180F,existing_exact,high,existing_exact,
634,BF-UC190F,Pulmonary Video Bronchoscope,Olympus,Bronchoscope-Matrix-Chart_41656 (1).pdf; Bronchoscopes - Pulmonology - Olympus Medical Systems.pdf,pp. 2-5,existing_exact,PRD-2FFEEB98B2,BF-UC190F,existing_exact,high,existing_exact,
635,BF-XT190,Pulmonary Video Bronchoscope,Olympus,Bronchoscope-Matrix-Chart_41656 (1).pdf; Bronchoscopes - Pulmonology - Olympus Medical Systems.pdf,"device.txt, PrimaryDI 04953170402470",existing_exact,PRD-2C0C6A3F3C,BF-XT190,existing_exact,high,existing_exact,
636,BF-XP190,BF-XP190 Ultrathin Video Bronchoscope,Olympus,Bronchoscope-Matrix-Chart_41656 (1).pdf; Bronchoscopes - Pulmonology - Olympus Medical Systems.pdf; Diagnostic Bronchoscope (BF-P190) _ Olympus America _ Medical.pdf; Diagnostic Bronchoscope (BF-XP190) _ Olympus America _ Medical.pdf; E0428710_Diagnosis_SPN_Flyer_EN_2023.pdf,p. 1,existing_exact,PRD-88DA368B9C,BF-XP190,existing_exact,high,existing_exact,
637,BF-P190,Pulmonary Video Bronchoscope,Olympus,Bronchoscope-Matrix-Chart_41656 (1).pdf; Bronchoscopes - Pulmonology - Olympus Medical Systems.pdf; Diagnostic Bronchoscope (BF-P190) _ Olympus America _ Medical.pdf; E0428710_Diagnosis_SPN_Flyer_EN_2023.pdf,p. 1,existing_exact,PRD-AD22EAA0EC,BF-P190,existing_exact,high,existing_exact,
638,BF-MP190F,BF-MP190F Video Bronchoscope,Olympus,Bronchoscope-Matrix-Chart_41656 (1).pdf; Bronchoscopes - Pulmonology - Olympus Medical Systems.pdf; E0428710_Diagnosis_SPN_Flyer_EN_2023.pdf,p. 1,existing_exact,PRD-CB1622624D,BF-MP190F,existing_exact,high,existing_exact,
639,BF-1TH1100,Pulmonary Video Bronchoscope,Olympus,Bronchoscopes - Pulmonology - Olympus Medical Systems.pdf,"device.txt, PrimaryDI 04953170424199",existing_exact,PRD-B5156B0347,BF-1TH1100,existing_exact,high,existing_exact,
640,BF-H1100,Pulmonary Video Bronchoscope,Olympus,Bronchoscopes - Pulmonology - Olympus Medical Systems.pdf,"device.txt, PrimaryDI 04953170424229",existing_exact,PRD-E354CF7061,BF-H1100,existing_exact,high,existing_exact,
641,BF-PE2,Pulmonary Video Bronchoscope,Olympus,Bronchoscopes - Pulmonology - Olympus Medical Systems.pdf,"device.txt, PrimaryDI 04953170339974",existing_exact,PRD-F867027C4E,BF-PE2,existing_exact,high,existing_exact,
652,888570515K,Cardinal HealthTM ArgyleTM PVC Thoracic Catheter,Cardinal Health,cardinal-health-cardiothoratic-catalog.pdf,PDF p. 3,existing_alias_or_format_variant,PRD-3EDAA08D62,8888570515,official_case_code_K_maps_to_existing_long_catalog_format_same_dimensions,high,official_case_code_K_maps_to_existing_long_catalog_format_same_dimensions,
653,888570523K,Cardinal HealthTM ArgyleTM PVC Thoracic Catheter,Cardinal Health,cardinal-health-cardiothoratic-catalog.pdf,PDF p. 3,existing_alias_or_format_variant,PRD-1F48992C6C,8888570523,official_case_code_K_maps_to_existing_long_catalog_format_same_dimensions,high,official_case_code_K_maps_to_existing_long_catalog_format_same_dimensions,
654,888570531K,Cardinal HealthTM ArgyleTM PVC Thoracic Catheter,Cardinal Health,cardinal-health-cardiothoratic-catalog.pdf,PDF p. 3,existing_alias_or_format_variant,PRD-3A27A7B76D,8888570531,official_case_code_K_maps_to_existing_long_catalog_format_same_dimensions,high,official_case_code_K_maps_to_existing_long_catalog_format_same_dimensions,
655,888570549K,Cardinal HealthTM ArgyleTM PVC Thoracic Catheter,Cardinal Health,cardinal-health-cardiothoratic-catalog.pdf,PDF p. 3,existing_alias_or_format_variant,PRD-8776B50EA8,8888570549,official_case_code_K_maps_to_existing_long_catalog_format_same_dimensions,high,official_case_code_K_maps_to_existing_long_catalog_format_same_dimensions,
656,888570556K,Cardinal HealthTM ArgyleTM PVC Thoracic Catheter,Cardinal Health,cardinal-health-cardiothoratic-catalog.pdf,PDF p. 3,existing_alias_or_format_variant,PRD-C73E87B7EE,8888570556,official_case_code_K_maps_to_existing_long_catalog_format_same_dimensions,high,official_case_code_K_maps_to_existing_long_catalog_format_same_dimensions,
657,888570572K,Cardinal HealthTM ArgyleTM PVC Thoracic Catheter,Cardinal Health,cardinal-health-cardiothoratic-catalog.pdf,PDF p. 3,existing_alias_or_format_variant,PRD-90D21D9281,8888570572,official_case_code_K_maps_to_existing_long_catalog_format_same_dimensions,high,official_case_code_K_maps_to_existing_long_catalog_format_same_dimensions,
661,888571042K,Cardinal HealthTM ArgyleTM PVC Thoracic Catheter,Cardinal Health,cardinal-health-cardiothoratic-catalog.pdf,PDF p. 3,existing_alias_or_format_variant,PRD-F8B8727229,8888571042,official_case_code_K_maps_to_existing_long_catalog_format_same_dimensions,high,official_case_code_K_maps_to_existing_long_catalog_format_same_dimensions,
665,8888570564,Cardinal HealthTM ArgyleTM PVC Thoracic Catheter,Cardinal Health,cardinal-health-cardiothoratic-catalog.pdf,PDF p. 3,existing_exact,PRD-6C9FB1DC9F,8888570564,exact_identifier,high,exact_identifier,
681,888560805K,Cardinal HealthTM ArgyleTM Trocar Catheter,Cardinal Health,cardinal-health-cardiothoratic-catalog.pdf,PDF p. 4,existing_alias_or_format_variant,PRD-DD4AFE7DE4,8888560805,official_case_code_K_maps_to_existing_long_catalog_format_same_dimensions,high,official_case_code_K_maps_to_existing_long_catalog_format_same_dimensions,
687,888561068K,Cardinal HealthTM ArgyleTM Trocar Catheter,Cardinal Health,cardinal-health-cardiothoratic-catalog.pdf,PDF p. 4,existing_alias_or_format_variant,PRD-6DAF9E3AA4,8888561068,official_case_code_K_maps_to_existing_long_catalog_format_same_dimensions,high,official_case_code_K_maps_to_existing_long_catalog_format_same_dimensions,
688,888561076K,Cardinal HealthTM ArgyleTM Trocar Catheter,Cardinal Health,cardinal-health-cardiothoratic-catalog.pdf,PDF p. 4,existing_alias_or_format_variant,PRD-9F5884AD09,8888561076,official_case_code_K_maps_to_existing_long_catalog_format_same_dimensions,high,official_case_code_K_maps_to_existing_long_catalog_format_same_dimensions,
690,G44109,Arndt Endobronchial Blocker Set,Cook Medical,CC-BUSCALAM-EBSMP-EN-201407_1654867609049.pdf,PDF p. 2,existing_exact,PRD-6CF2953F5E,G44109,exact_identifier,high,exact_identifier,
691,G44114,Arndt Endobronchial Blocker Set,Cook Medical,CC-BUSCALAM-EBSMP-EN-201407_1654867609049.pdf,PDF p. 2,existing_exact,PRD-C41140BA51,G44114,exact_identifier,high,exact_identifier,
692,G44120,Arndt Endobronchial Blocker Set,Cook Medical,CC-BUSCALAM-EBSMP-EN-201407_1654867609049.pdf,PDF p. 2,existing_exact,PRD-85248E91BA,G44120,exact_identifier,high,exact_identifier,
693,G44122,Cohen Endobronchial Blocker Set,Cook Medical,CC-BUSCALAM-EBSMP-EN-201407_1654867609049.pdf,PDF p. 3,existing_exact,PRD-448C184685,G44122,exact_identifier,high,exact_identifier,
694,Not stated in source,Shiley Flexible Adult Tracheostomy Tube,Medtronic,CC-D55061-EN-F_M3_1599145301215.pdf,PDF p. 1,existing_family_or_package_variant,,,family_or_resource_row_without_exact_orderable_identifier,moderate,family_or_resource_row_without_exact_orderable_identifier,
695,Not stated in source,Shiley Flexible Evac Adult Tracheostomy Tube,Medtronic,CC-D55061-EN-F_M3_1599145301215.pdf,Document p. not stated (PDF page 1),existing_family_or_package_variant,,,family_or_resource_row_without_exact_orderable_identifier,moderate,family_or_resource_row_without_exact_orderable_identifier,
708,G36224,Cook Pleural Drainage Catheter or Set,Cook Medical,CC-D67629-EN-F_IA_1683223150514 (1).pdf; CC-D67629-EN-F_IA_1683223150514.pdf,PDF p. 10,existing_exact,PRD-F351B4D76F,G36224,exact_identifier,high,exact_identifier,
711,G05296,Catheter Aspiration Set for Simple Pneumothorax,Cook Medical,CC-D67629-EN-F_IA_1683223150514 (1).pdf; CC-D67629-EN-F_IA_1683223150514.pdf; cookmedical.pdf,PDF p. 8,existing_exact,PRD-6F32150552,G05296,exact_identifier,high,exact_identifier,
712,G03301,Cook Pleural Drainage Catheter or Set,Cook Medical,CC-D67629-EN-F_IA_1683223150514 (1).pdf; CC-D67629-EN-F_IA_1683223150514.pdf; cookmedical.pdf,PDF p. 7,existing_exact,PRD-7518A5B1E1,G03301,exact_identifier,high,exact_identifier,
713,G06786,Cook Pleural Drainage Catheter or Set,Cook Medical,CC-D67629-EN-F_IA_1683223150514 (1).pdf; CC-D67629-EN-F_IA_1683223150514.pdf; cookmedical.pdf,PDF p. 10,existing_exact,PRD-BDA5B2EF14,G06786,exact_identifier,high,exact_identifier,
714,G13722,Cook Pleural Drainage Catheter or Set,Cook Medical,CC-D67629-EN-F_IA_1683223150514 (1).pdf; CC-D67629-EN-F_IA_1683223150514.pdf; cookmedical.pdf,PDF p. 6,existing_exact,PRD-848FD7C902,G13722,exact_identifier,high,exact_identifier,
715,G56532,Wayne Pneumothorax Catheter Set - Trocar,Cook Medical,CC-D67629-EN-F_IA_1683223150514 (1).pdf; CC-D67629-EN-F_IA_1683223150514.pdf; cookmedical.pdf,PDF p. 5,existing_exact,PRD-12231F4168,G56532,exact_identifier,high,exact_identifier,
716,G56535,Wayne Pneumothorax Catheter Set and Tray - Seldinger,Cook Medical,CC-D67629-EN-F_IA_1683223150514 (1).pdf; CC-D67629-EN-F_IA_1683223150514.pdf; cookmedical.pdf,PDF p. 4,existing_exact,PRD-8C6C29BE46,G56535,exact_identifier,high,exact_identifier,
718,G34279,EchoTip Endobronchial HD Ultrasound Needle,Cook Medical,CC-WF912959-EN-F_M3_1771864966276.pdf,PDF p. 2,existing_exact,PRD-2D0C9B936A,G34279,exact_identifier,high,exact_identifier,
719,G34280,EchoTip Endobronchial HD Ultrasound Needle,Cook Medical,CC-WF912959-EN-F_M3_1771864966276.pdf,PDF p. 2,existing_exact,PRD-3F51C7D66F,G34280,exact_identifier,high,exact_identifier,
720,G34281,EchoTip Endobronchial HD Ultrasound Needle,Cook Medical,CC-WF912959-EN-F_M3_1771864966276.pdf,PDF p. 2,existing_exact,PRD-5CC8131FDE,G34281,exact_identifier,high,exact_identifier,
721,G34282,EchoTip Endobronchial HD Ultrasound Needle,Cook Medical,CC-WF912959-EN-F_M3_1771864966276.pdf,PDF p. 2,existing_exact,PRD-2DA93F54B9,G34282,exact_identifier,high,exact_identifier,
722,G24061,"8/3/26, 10:30 PM EchoTip Ultra® Endobronchial HD Ultrasound Needle | Cook Medical - N/A",Cook Medical,CC-WF912959-EN-F_M3_1771864966276.pdf; CC-WF913096-EN-F_M3_1772121134246.pdf; EchoTip Ultra® Endobronchial HD Ultrasound Needle _ Cook Medical.pdf,PDF p. 2,existing_exact,PRD-F82300D570,G24061,exact_identifier,high,exact_identifier,
723,G24062,"8/3/26, 10:30 PM EchoTip Ultra® Endobronchial HD Ultrasound Needle | Cook Medical - N/A",Cook Medical,CC-WF912959-EN-F_M3_1771864966276.pdf; CC-WF913096-EN-F_M3_1772121134246.pdf; EchoTip Ultra® Endobronchial HD Ultrasound Needle _ Cook Medical.pdf,PDF p. 2,existing_exact,PRD-F3307DB1D4,G24062,exact_identifier,high,exact_identifier,
724,G52011,"8/3/26, 10:30 PM EchoTip Ultra® Endobronchial HD Ultrasound Needle | Cook Medical - N/A",Cook Medical,CC-WF912959-EN-F_M3_1771864966276.pdf; CC-WF913096-EN-F_M3_1772121134246.pdf; EchoTip Ultra® Endobronchial HD Ultrasound Needle _ Cook Medical.pdf,PDF p. 2,existing_exact,PRD-86388D0916,G52011,exact_identifier,high,exact_identifier,
725,G53408,"8/3/26, 10:30 PM EchoTip Ultra® Endobronchial HD Ultrasound Needle | Cook Medical - N/A",Cook Medical,CC-WF912959-EN-F_M3_1771864966276.pdf; CC-WF913096-EN-F_M3_1772121134246.pdf; EchoTip Ultra® Endobronchial HD Ultrasound Needle _ Cook Medical.pdf,PDF p. 2,existing_exact,PRD-19AC7F0794,G53408,exact_identifier,high,exact_identifier,
726,ECHO-HD-22-EBUS-O,"8/3/26, 10:30 PM EchoTip Ultra® Endobronchial HD Ultrasound Needle | Cook Medical - N/A",Cook Medical,CC-WF913096-EN-F_M3_1772121134246.pdf; EchoTip Ultra® Endobronchial HD Ultrasound Needle _ Cook Medical.pdf,PDF p. 2,existing_exact,PRD-86388D0916,G52011,exact_identifier,high,exact_identifier,
727,ECHO-HD-22-EBUS-P,"8/3/26, 10:30 PM EchoTip Ultra® Endobronchial HD Ultrasound Needle | Cook Medical - N/A",Cook Medical,CC-WF913096-EN-F_M3_1772121134246.pdf; EchoTip Ultra® Endobronchial HD Ultrasound Needle _ Cook Medical.pdf,PDF p. 2,existing_exact,PRD-19AC7F0794,G53408,exact_identifier,high,exact_identifier,
728,ECHO-HD-25-EBUS-O,"8/3/26, 10:30 PM EchoTip Ultra® Endobronchial HD Ultrasound Needle | Cook Medical - N/A",Cook Medical,CC-WF913096-EN-F_M3_1772121134246.pdf; EchoTip Ultra® Endobronchial HD Ultrasound Needle _ Cook Medical.pdf,PDF p. 2,existing_exact,PRD-F3307DB1D4,G24062,exact_identifier,high,exact_identifier,
729,ECHO-HD-25-EBUS-P,"8/3/26, 10:30 PM EchoTip Ultra® Endobronchial HD Ultrasound Needle | Cook Medical - N/A",Cook Medical,CC-WF913096-EN-F_M3_1772121134246.pdf; EchoTip Ultra® Endobronchial HD Ultrasound Needle _ Cook Medical.pdf,PDF p. 2,existing_exact,PRD-F82300D570,G24061,exact_identifier,high,exact_identifier,
730,Not stated in source,Chartis Pulmonary Assessment System,Pulmonx,Compact multi-parameter monitor - CHARTIS - pulmonX - CO2 _ VO2-max _ intensive care.pdf,,existing_family_or_package_variant,,,existing_family_or_package_variant,moderate,existing_family_or_package_variant,Family-level secondary-source row; exact Chartis catheter and console configurations already exist.
731,G05302,Multipurpose Plastic Tubing Adapter,Cook Medical,cookmedical.pdf,Document p. not stated (PDF page 12),existing_exact,PRD-070884900C,G05302,exact_identifier,high,exact_identifier,
732,G05297,Simple Pneumothorax Aspiration Accessory Set,Cook Medical,cookmedical.pdf,Document p. not stated (PDF page 11),existing_exact,PRD-1CCEDCCC76,G05297,exact_identifier,high,exact_identifier,
733,G07467,Thal-Quick Chest Tube Adapter,Cook Medical,cookmedical.pdf,Document p. not stated (PDF page 14),existing_exact,PRD-9428EBB5CF,G07467,exact_identifier,high,exact_identifier,
734,G02898,Vinyl Connecting Tube,Cook Medical,cookmedical.pdf,Document p. not stated (PDF page 13),existing_exact,PRD-FD34401E04,G02898,exact_identifier,high,exact_identifier,
735,G55713,"8/3/26, 10:09 PM Fuhrman Pleural/Pneumopericardial Drainage Set and Tray | Cook Medical - N/A",Cook Medical,cookmedical.pdf; Fuhrman Pleural_Pneumopericardial Drainage Set and Tray _ Cook Medical.pdf,Document p. 2/18 (PDF page 2),existing_exact,PRD-0410844D48,G55713,exact_identifier,high,exact_identifier,
738,Not stated in source,RejuvenAir System,CSA Medical,deep-research-report breakthrough devices.md,Breakthrough devices report — RejuvenAir profile,existing_alias_or_format_variant,PRD-BCD0C2C494,,existing_alias_or_format_variant,high,existing_alias_or_format_variant,
739,Not stated in source,Monarch-enabled NeuWave Microwave Ablation Technology,Ethicon,deep-research-report breakthrough devices.md,,existing_exact,PRD-CBE0A76B71,,exact_manufacturer_and_product_name,high,exact_manufacturer_and_product_name,
740,Not stated in source,RheOx System,Galvanize Therapeutics,deep-research-report breakthrough devices.md,Breakthrough devices report — RheOx profile,existing_alias_or_format_variant,PRD-BC2FB31EE2,,existing_alias_or_format_variant,high,existing_alias_or_format_variant,
741,Not stated in source,NIO Lung Cancer Reveal,Invenio Imaging,deep-research-report breakthrough devices.md,Breakthrough devices report — NIO Lung Cancer Reveal profile,existing_alias_or_format_variant,PRD-31C1013C19,,existing_alias_or_format_variant,high,existing_alias_or_format_variant,
742,Not stated in source,Emprint Ablation Catheter Kit,Medtronic,deep-research-report breakthrough devices.md,,existing_exact,PRD-8BF5C4BAB5,,exact_manufacturer_and_product_name,high,exact_manufacturer_and_product_name,
743,Not stated in source,dNerva Lung Denervation System,Nuvaira,deep-research-report breakthrough devices.md,Breakthrough devices report — dNerva profile,existing_alias_or_format_variant,PRD-CEEA076F20,,existing_alias_or_format_variant,high,existing_alias_or_format_variant,
744,Not stated in source,"OPTIGUIDE Fiber Optic Diffuser, 1.0 cm",Pinnacle Biologics,deep-research-report PDT.md,Bronchoscopic photodynamic therapy report — diffuser section,existing_alias_or_format_variant,PRD-23E2441568,,existing_alias_or_format_variant,high,existing_alias_or_format_variant,
745,Not stated in source,"OPTIGUIDE Fiber Optic Diffuser, 1.5 cm",Pinnacle Biologics,deep-research-report PDT.md,Bronchoscopic photodynamic therapy report — diffuser section,existing_alias_or_format_variant,PRD-79735E8DC9,,existing_alias_or_format_variant,high,existing_alias_or_format_variant,
746,Not stated in source,"OPTIGUIDE Fiber Optic Diffuser, 2.0 cm",Pinnacle Biologics,deep-research-report PDT.md,Bronchoscopic photodynamic therapy report — diffuser section,existing_alias_or_format_variant,PRD-14F0A7735B,,existing_alias_or_format_variant,high,existing_alias_or_format_variant,
747,Not stated in source,"OPTIGUIDE Fiber Optic Diffuser, 2.5 cm",Pinnacle Biologics,deep-research-report PDT.md,Bronchoscopic photodynamic therapy report — diffuser section,existing_alias_or_format_variant,PRD-9610100EDA,,existing_alias_or_format_variant,high,existing_alias_or_format_variant,
748,Not stated in source,"OPTIGUIDE Fiber Optic Diffuser, 3.0 cm",Pinnacle Biologics,deep-research-report PDT.md,Bronchoscopic photodynamic therapy report — diffuser section,existing_alias_or_format_variant,PRD-4692570E45,,existing_alias_or_format_variant,high,existing_alias_or_format_variant,
749,Not stated in source,"OPTIGUIDE Fiber Optic Diffuser, 5.0 cm",Pinnacle Biologics,deep-research-report PDT.md,Bronchoscopic photodynamic therapy report — diffuser section,existing_alias_or_format_variant,PRD-272F711392,,existing_alias_or_format_variant,high,existing_alias_or_format_variant,
750,Not stated in source,"PHOTOFRIN (porfimer sodium) for Injection, 75 mg vial",Pinnacle Biologics,deep-research-report PDT.md,Bronchoscopic photodynamic therapy report — drug section,existing_alias_or_format_variant,PRD-397A9C06E0,,existing_alias_or_format_variant,high,existing_alias_or_format_variant,
751,BWF5-630-2-PI,"PHOTOFRIN 630 PDT Laser, Model BWF5-630-2-PI",Pinnacle Biologics,deep-research-report PDT.md,Bronchoscopic photodynamic therapy report — laser section,existing_exact,PRD-64B4DE25D7,BWF5-630-2-PI,existing_exact,high,existing_exact,
766,EU-ME3,EVIS EUS Endoscopic Ultrasound Center EU-ME3,Olympus,E0428710_Diagnosis_SPN_Flyer_EN_2023.pdf,p. 2,existing_exact,PRD-2B8AACAB67,EU-ME3,existing_exact,high,existing_exact,
767,K-401,GuideSheathKit 2,Olympus,E0428710_Diagnosis_SPN_Flyer_EN_2023.pdf,p. 1,existing_exact,PRD-0790420A76,K-401,existing_exact,high,existing_exact,
768,K-402,GuideSheathKit 2,Olympus,E0428710_Diagnosis_SPN_Flyer_EN_2023.pdf,p. 1,existing_exact,PRD-E2EB4E573F,K-402,existing_exact,high,existing_exact,
769,K-403,GuideSheathKit 2,Olympus,E0428710_Diagnosis_SPN_Flyer_EN_2023.pdf,p. 1,existing_exact,PRD-6D7A0E9DA8,K-403,existing_exact,high,existing_exact,
770,K-404,GuideSheathKit 2,Olympus,E0428710_Diagnosis_SPN_Flyer_EN_2023.pdf,p. 1,existing_exact,PRD-6FF6668D03,K-404,existing_exact,high,existing_exact,
771,FB-433D,Peripheral Biopsy Forceps,Olympus,E0428710_Diagnosis_SPN_Flyer_EN_2023.pdf,p. 1,existing_exact,PRD-2C4537F4D4,FB-433D,existing_exact,high,existing_exact,
772,BC-205D-2010,Peripheral Cytology Brush,Olympus,E0428710_Diagnosis_SPN_Flyer_EN_2023.pdf,p. 1,existing_exact,PRD-CB09A823A5,BC-205D-2010,existing_exact,high,existing_exact,
773,NA-403D-2021,PeriView FLEX Needle,Olympus,E0428710_Diagnosis_SPN_Flyer_EN_2023.pdf,p. 1,existing_exact,PRD-25415AA480,NA-403D-2021,existing_exact,high,existing_exact,
774,MAJ-1720,Probe Driving Unit,Olympus,E0428710_Diagnosis_SPN_Flyer_EN_2023.pdf,p. 2,existing_exact,PRD-34BAA70074,MAJ-1720,existing_exact,high,existing_exact,
775,UM-S20-17S,Radial Ultrasound Miniature Probe,Olympus,E0428710_Diagnosis_SPN_Flyer_EN_2023.pdf,p. 1,existing_exact,PRD-DF5BFBB99D,UM-S20-17S,existing_exact,high,existing_exact,
776,UM-S20-20R,Radial Ultrasound Miniature Probe,Olympus,E0428710_Diagnosis_SPN_Flyer_EN_2023.pdf,p. 1,existing_exact,PRD-2E043ED827,UM-S20-20R,existing_exact,high,existing_exact,
777,CC-220DR,Single-Use Guiding Device,Olympus,E0428710_Diagnosis_SPN_Flyer_EN_2023.pdf,p. 1,existing_exact,PRD-707B8A1974,CC-220DR,existing_exact,high,existing_exact,
778,EB-530US,Ultrasonic Video Bronchoscope,FUJIFILM Corporation,eb-530us-esp.pdf,"device.txt, PrimaryDI 04547410330182",existing_alias_or_format_variant,PRD-EBAEE8A314,EB-530US,existing_alias_or_format_variant,high,existing_alias_or_format_variant,
780,BU49211,Trident FNB / Areus FNA EBUS Needle,Thoracent / Micro-Tech Endoscopy,EBUS Needles - Thoracent.pdf,Product list 2025!thoracent,existing_alias_or_format_variant,PRD-62FB291C50,BU49211,existing_alias_or_format_variant,high,existing_alias_or_format_variant,
781,BU49221,Trident FNB / Areus FNA EBUS Needle,Thoracent / Micro-Tech Endoscopy,EBUS Needles - Thoracent.pdf,Product list 2025!thoracent,existing_alias_or_format_variant,PRD-4A3F2CCBBF,BU49221,existing_alias_or_format_variant,high,existing_alias_or_format_variant,
782,BU49231,Trident FNB / Areus FNA EBUS Needle,Thoracent / Micro-Tech Endoscopy,EBUS Needles - Thoracent.pdf,Product list 2025!thoracent,existing_alias_or_format_variant,PRD-D44D27C76E,BU49231,existing_alias_or_format_variant,high,existing_alias_or_format_variant,
783,BU49241,Trident FNB / Areus FNA EBUS Needle,Thoracent / Micro-Tech Endoscopy,EBUS Needles - Thoracent.pdf,Product list 2025!thoracent,existing_alias_or_format_variant,PRD-AEEAFB2957,BU49241,existing_alias_or_format_variant,high,existing_alias_or_format_variant,
784,BU49251,Trident FNB / Areus FNA EBUS Needle,Thoracent / Micro-Tech Endoscopy,EBUS Needles - Thoracent.pdf,Product list 2025!thoracent,existing_alias_or_format_variant,PRD-609D197124,BU49251,existing_alias_or_format_variant,high,existing_alias_or_format_variant,
785,BU49261,Trident FNB / Areus FNA EBUS Needle,Thoracent / Micro-Tech Endoscopy,EBUS Needles - Thoracent.pdf,Product list 2025!thoracent,existing_alias_or_format_variant,PRD-B54B621217,BU49261,existing_alias_or_format_variant,high,existing_alias_or_format_variant,
786,Not stated in source,EFER-Dumon Modular Bronchoscope and Silicone Stent Placement System,Hood Laboratories / EFER,EFER-BRONCHOSCOPE-USER-MANUAL.pdf,,existing_family_or_package_variant,,,existing_family_or_package_variant,moderate,existing_family_or_package_variant,"Family-only system row; exact governed EFER components already exist, and no orderable system identifier is supplied."
788,Ziehm Vision RFD 3D,Ziehm Vision RFD 3D Mobile C-arm,Ziehm Imaging,en_productbrochure_ziehmvisionrfd3d_rev10_02_2026.pdf,Ziehm Vision RFD 3D product brochure,existing_alias_or_format_variant,PRD-7C2BC9D752,,existing_alias_or_format_variant,high,existing_alias_or_format_variant,
790,EB-710US,Endobronchial Ultrasound Bronchoscope,FUJIFILM Healthcare Americas Corporation,Endobronchial Ultrasound (EBUS) scopes - FUJIFILM Healthcare Americas Corporation.pdf,"device.txt, PrimaryDI 04547410520583",existing_alias_or_format_variant,PRD-F85C161CB5,EB-710US,existing_alias_or_format_variant,high,existing_alias_or_format_variant,
808,Excalibur,Excalibur Laser Fiber,Not stated in source,Excalibur-Laser-Fiber-Brochure-2025.pdf,"Document p. Not separately numbered / see PDF index (PDF page Excalibur-Laser-Fiber-Brochure-2025.pdf:1,2)",existing_alias_or_format_variant,PRD-3C27441753,,existing_alias_or_format_variant,high,existing_alias_or_format_variant,Source resolves the missing manufacturer to ForTec Medical; current catalog already represents the Excalibur Holmium Laser Fiber family.
811,Not stated in source,OmniGuide CO2 Laser System,OmniGuide / ForTec Medical,ForTec-Medical-OmniGuide-Laser-Product-Brief.pdf,,existing_family_or_package_variant,PRD-1A381F0381,FELS-25A,existing_family_or_package_variant,moderate,existing_family_or_package_variant,Family-level marketing row without an exact input identifier; current catalog represents the BeamPath FELS-25A/IntelliGuide system.
812,C-PPD-500-WCE-IMH,"8/3/26, 10:09 PM Fuhrman Pleural/Pneumopericardial Drainage Set and Tray | Cook Medical - N/A",Cook Medical,Fuhrman Pleural_Pneumopericardial Drainage Set and Tray _ Cook Medical.pdf,Document p. 2/18 (PDF page 2),existing_alias_or_format_variant,PRD-0410844D48,G55713,official_reference_part_number_maps_to_existing_order_number,high,official_reference_part_number_maps_to_existing_order_number,
819,C-PPD-1020-WCE-IMH,"8/3/26, 10:09 PM Fuhrman Pleural/Pneumopericardial Drainage Set and Tray | Cook Medical - N/A; 15 Cookie Set; 6 tings",Cook Medical,Fuhrman Pleural_Pneumopericardial Drainage Set and Tray _ Cook Medical.pdf,Document p. 6/18 (PDF page 6),existing_alias_or_format_variant,PRD-993D8701CA,G55716,official_reference_part_number_maps_to_existing_order_number,high,official_reference_part_number_maps_to_existing_order_number,
821,C-PPD-600-WCE-IMH,"8/3/26, 10:09 PM Fuhrman Pleural/Pneumopericardial Drainage Set and Tray | Cook Medical - N/A; 15 Cookie Set; 6 tings",Cook Medical,Fuhrman Pleural_Pneumopericardial Drainage Set and Tray _ Cook Medical.pdf,Document p. 3/18 (PDF page 3),existing_alias_or_format_variant,PRD-F7FFFFA87F,G55714,official_reference_part_number_maps_to_existing_order_number,high,official_reference_part_number_maps_to_existing_order_number,
822,C-PPD-850-IMH,"8/3/26, 10:09 PM Fuhrman Pleural/Pneumopericardial Drainage Set and Tray | Cook Medical - N/A; 15 Cookie Set; 6 tings",Cook Medical,Fuhrman Pleural_Pneumopericardial Drainage Set and Tray _ Cook Medical.pdf,Document p. 4/18 (PDF page 4),existing_alias_or_format_variant,PRD-C0FA666A98,G55723,official_reference_part_number_maps_to_existing_order_number,high,official_reference_part_number_maps_to_existing_order_number,
824,G55714,"8/3/26, 10:09 PM Fuhrman Pleural/Pneumopericardial Drainage Set and Tray | Cook Medical - N/A; 15 Cookie Set; 6 tings",Cook Medical,Fuhrman Pleural_Pneumopericardial Drainage Set and Tray _ Cook Medical.pdf,Document p. 3/18 (PDF page 3),existing_exact,PRD-F7FFFFA87F,G55714,exact_identifier,high,exact_identifier,
826,G55716,"8/3/26, 10:09 PM Fuhrman Pleural/Pneumopericardial Drainage Set and Tray | Cook Medical - N/A; 15 Cookie Set; 6 tings",Cook Medical,Fuhrman Pleural_Pneumopericardial Drainage Set and Tray _ Cook Medical.pdf,Document p. 6/18 (PDF page 6),existing_exact,PRD-993D8701CA,G55716,exact_identifier,high,exact_identifier,
827,G55723,"8/3/26, 10:09 PM Fuhrman Pleural/Pneumopericardial Drainage Set and Tray | Cook Medical - N/A; 15 Cookie Set; 6 tings",Cook Medical,Fuhrman Pleural_Pneumopericardial Drainage Set and Tray _ Cook Medical.pdf,Document p. 4/18 (PDF page 4),existing_exact,PRD-C0FA666A98,G55723,exact_identifier,high,exact_identifier,
829,BL-7000,Pulmonary Endoscopy System Component,FUJIFILM,Fujifilm_EndoSolutionsPulmonology_2023_EN_144dpi.pdf,"p. 31, BL-7000 ELUXEO 4-LED light source",existing_exact,PRD-CC28627AEB,BL-7000,existing_exact,high,existing_exact,
830,EB-530P,Pulmonary Endoscopy System Component,FUJIFILM,Fujifilm_EndoSolutionsPulmonology_2023_EN_144dpi.pdf,"device.txt, PrimaryDI 04547410343205",existing_exact,PRD-6F64134373,EB-530P,existing_exact,high,existing_exact,
831,EB-530S,Pulmonary Endoscopy System Component,FUJIFILM,Fujifilm_EndoSolutionsPulmonology_2023_EN_144dpi.pdf,"device.txt, PrimaryDI 04547410333312",existing_exact,PRD-5A0C3D8844,EB-530S,existing_exact,high,existing_exact,
832,EB-530T,Pulmonary Endoscopy System Component,FUJIFILM,Fujifilm_EndoSolutionsPulmonology_2023_EN_144dpi.pdf,"device.txt, PrimaryDI 04547410330151",existing_exact,PRD-48C4E1CC20,EB-530T,existing_exact,high,existing_exact,
834,EB-580S,Pulmonary Endoscopy System Component,FUJIFILM,Fujifilm_EndoSolutionsPulmonology_2023_EN_144dpi.pdf,"device.txt, PrimaryDI 04547410400380",existing_exact,PRD-6EDE2453EE,EB-580S,existing_exact,high,existing_exact,
835,EB-580T,Pulmonary Endoscopy System Component,FUJIFILM,Fujifilm_EndoSolutionsPulmonology_2023_EN_144dpi.pdf,"device.txt, PrimaryDI 04547410400397",existing_exact,PRD-FE27794D4C,EB-580T,existing_exact,high,existing_exact,
836,EB-710P,Pulmonary Endoscopy System Component,FUJIFILM,Fujifilm_EndoSolutionsPulmonology_2023_EN_144dpi.pdf,"device.txt, PrimaryDI 04547410482478",existing_exact,PRD-D7472146DC,EB-710P,existing_exact,high,existing_exact,
837,EP-6000,Pulmonary Endoscopy System Component,FUJIFILM,Fujifilm_EndoSolutionsPulmonology_2023_EN_144dpi.pdf,"p. 32, EP-6000 ELUXEO Lite video processor",existing_exact,PRD-450492ECBB,EP-6000,existing_exact,high,existing_exact,
838,VP-7000,Pulmonary Endoscopy System Component,FUJIFILM,Fujifilm_EndoSolutionsPulmonology_2023_EN_144dpi.pdf,"p. 31, VP-7000 ELUXEO video processor",existing_exact,PRD-64F3BFC979,VP-7000,existing_exact,high,existing_exact,
839,SU-1,Endoscopic Ultrasound / EBUS System Component,FUJIFILM,Fujifilm_EndoSolutionsPulmonology_2023_EN_144dpi.pdf; Fujifilm_EUS Brochure_03_2025_EN.pdf,"p. 27, SU-1 Endoscopic Ultrasonic Processor specifications",existing_exact,PRD-412C78FBE5,SU-1,existing_exact,high,existing_exact,
888,BD2410-3,Telescopic stent loader,Hood Laboratories,hood-labs-F973-Airway-catalog-6-2022.pdf,Document p. 8 (PDF page 5),existing_exact,PRD-40F16EE5D5,BD2410-3,exact_identifier_after_resolving_Hood_distributor_to_EFER_manufacturer,high,exact_identifier_after_resolving_Hood_distributor_to_EFER_manufacturer,
903,CHR-CA-12.0,Chartis Pulmonary Assessment System Catheter,Pulmonx,IFU-Chartis-Pulmonary-Assessment-System-Catheter-100-0714-Revision-C-Released-2025-12-18.pdf,"device.txt, PrimaryDI 00811907030928",existing_exact,PRD-685E69DACA,CHR-CA-12.0,existing_exact,high,existing_exact,
905,Ion Endoluminal System,Ion Endoluminal System,Intuitive Surgical,intuitive-ion-system-brochure-1051118.pdf,pp. 247-257,existing_exact,PRD-DF917ECDBF,Ion Endoluminal System,existing_exact,high,existing_exact,
906,10438,Angled Aspiration Biopsy Needle 1.6 mm x 47 cm,Karl Storz,Karl Storz.pdf,Document p. 84 (PDF page 92),existing_exact,PRD-2F1A67DE53,10438,Karl Storz/MFR-12BAB1E48C + exact normalized identifier 10438,high,manufacturer_and_catalog_number_exact,
907,10995,Application Cannula for Thoracic Drainage,Karl Storz,Karl Storz.pdf,Document p. 137;SP4;SP25 (PDF page 145;266;287),existing_exact,PRD-A88AEE6442,10995,Karl Storz/MFR-12BAB1E48C + exact normalized identifier 10995,high,manufacturer_and_catalog_number_exact,
908,30120X,"Autoclavable Plastic Cannula, Pack of 5",Karl Storz,Karl Storz.pdf,p. 144,existing_exact,PRD-427A070734,30120X,Karl Storz/MFR-12BAB1E48C + exact normalized identifier 30120X,high,manufacturer_and_catalog_number_exact,
909,10357,Deflecting Device,Karl Storz,Karl Storz.pdf,Document p. 63;66 (PDF page 71;74),existing_exact,PRD-2BC12F8AEF,10357,Karl Storz/MFR-12BAB1E48C + exact normalized identifier 10357,high,manufacturer_and_catalog_number_exact,
910,40120NL,"Flexible Cannula, No Valve",Karl Storz,Karl Storz.pdf,p. 144,existing_exact,PRD-0EA65ED2D3,40120NL,Karl Storz/MFR-12BAB1E48C + exact normalized identifier 40120NL,high,manufacturer_and_catalog_number_exact,
911,10434,HUZLY Aspirator and Bronchus Irrigator,Karl Storz,Karl Storz.pdf,Document p. 84;85;SP4;SP23 (PDF page 92;93;266;285),existing_exact,PRD-5902F1C231,10434,Karl Storz/MFR-12BAB1E48C + exact normalized identifier 10434,high,manufacturer_and_catalog_number_exact,
912,10454,Laryngeal Atomizer,Karl Storz,Karl Storz.pdf,Document p. 85 (PDF page 93),existing_exact,PRD-050EDDE140,10454,Karl Storz/MFR-12BAB1E48C + exact normalized identifier 10454,high,manufacturer_and_catalog_number_exact,
913,10924DL,Long Respirator Adapter,Karl Storz,Karl Storz.pdf,pp. 66-70,existing_exact,PRD-768CEEE32B,10924DL,Karl Storz/MFR-12BAB1E48C + exact normalized identifier 10924DL,high,manufacturer_and_catalog_number_exact,
914,10350MS,Optical Large Blunt Serrated Foreign Body Forceps,Karl Storz,Karl Storz.pdf,p. 72,existing_exact,PRD-2274F20402,10350MS,Karl Storz/MFR-12BAB1E48C + exact normalized identifier 10350MS,high,manufacturer_and_catalog_number_exact,
915,10350M,Optical Large Sharp Tissue Forceps,Karl Storz,Karl Storz.pdf,p. 72,existing_exact,PRD-10B24D66DD,10350M,Karl Storz/MFR-12BAB1E48C + exact normalized identifier 10350M,high,manufacturer_and_catalog_number_exact,
916,10352KF,Optical Soft-Foreign-Body Forceps,Karl Storz,Karl Storz.pdf,p. 73,existing_exact,PRD-EB01698273,10352KF,Karl Storz/MFR-12BAB1E48C + exact normalized identifier 10352KF,high,manufacturer_and_catalog_number_exact,
917,10350ST,Optical Stent Repositioning/Removal Forceps,Karl Storz,Karl Storz.pdf,p. 72,existing_exact,PRD-B540AFF326,10350ST,Karl Storz/MFR-12BAB1E48C + exact normalized identifier 10350ST,high,manufacturer_and_catalog_number_exact,
918,10990,RAMEL Pleurabiopsy Needle,Karl Storz,Karl Storz.pdf,Document p. 137;SP4;SP25 (PDF page 145;266;287),existing_exact,PRD-61EE4D5DE6,10990,Karl Storz/MFR-12BAB1E48C + exact normalized identifier 10990,high,manufacturer_and_catalog_number_exact,
919,10436,Straight Aspiration Biopsy Needle 1.6 mm x 47 cm,Karl Storz,Karl Storz.pdf,Document p. 84 (PDF page 92),existing_exact,PRD-DF989CBDCB,10436,Karl Storz/MFR-12BAB1E48C + exact normalized identifier 10436,high,manufacturer_and_catalog_number_exact,
920,10520,"TONN Stent Applicator 14-18 mm, max 10 cm",Karl Storz,Karl Storz.pdf,Document p. 68;69;SP4;SP17 (PDF page 76;77;266;279),existing_exact,PRD-BB11C206A4,10520,Karl Storz/MFR-12BAB1E48C + exact normalized identifier 10520,high,manufacturer_and_catalog_number_exact,
921,10530,"TONN Stent Applicator 14-18 mm, max 16 cm",Karl Storz,Karl Storz.pdf,Document p. 68;69;SP4;SP17 (PDF page 76;77;266;279),existing_exact,PRD-2158C0F6D1,10530,Karl Storz/MFR-12BAB1E48C + exact normalized identifier 10530,high,manufacturer_and_catalog_number_exact,
922,10540,"TONN Stent Applicator 8-13 mm, max 10 cm",Karl Storz,Karl Storz.pdf,Document p. 68;69;SP4;SP17 (PDF page 76;77;266;279),existing_exact,PRD-F00EF2568E,10540,Karl Storz/MFR-12BAB1E48C + exact normalized identifier 10540,high,manufacturer_and_catalog_number_exact,
923,10550,"TONN Stent Applicator 9-12 mm, max 6 cm",Karl Storz,Karl Storz.pdf,Document p. 68;69;SP4;SP17 (PDF page 76;77;266;279),existing_exact,PRD-DADAA6184C,10550,Karl Storz/MFR-12BAB1E48C + exact normalized identifier 10550,high,manufacturer_and_catalog_number_exact,
924,30120NO,"Trocar Only, Blunt Tip",Karl Storz,Karl Storz.pdf,p. 144,existing_exact,PRD-CCDCC41B7E,30120NO,Karl Storz/MFR-12BAB1E48C + exact normalized identifier 30120NO,high,manufacturer_and_catalog_number_exact,
925,40120A,"Trocar Only, No Valve",Karl Storz,Karl Storz.pdf,p. 144,existing_exact,PRD-1F69D6AD05,40120A,Karl Storz/MFR-12BAB1E48C + exact normalized identifier 40120A,high,manufacturer_and_catalog_number_exact,
926,10924D,"Adaptor, for respirator",Karl Storz,Karl Storz.pdf; THORAX.pdf,pp. 66-70,existing_exact,PRD-F14EF79E1A,10924D,Karl Storz/MFR-12BAB1E48C + exact normalized identifier 10924D,high,manufacturer_and_catalog_number_exact,
927,10479B,"Adaptor, for Suction Catheter 10468 B/10478 B",Karl Storz,Karl Storz.pdf; THORAX.pdf,p. 75,existing_exact,PRD-526F08F11A,10479B,Karl Storz/MFR-12BAB1E48C + exact normalized identifier 10479B,high,manufacturer_and_catalog_number_exact,
928,10338TRA,"Adjustable Magnifier, autoclavable, swing",Karl Storz,Karl Storz.pdf; THORAX.pdf,pp. 66-70,existing_exact,PRD-3CF45A4BFF,10338TRA,Karl Storz/MFR-12BAB1E48C + exact normalized identifier 10338TRA,high,manufacturer_and_catalog_number_exact,
929,10432T,Aspirator for Collecting Secretions without Cut-Off Hole,Karl Storz,Karl Storz.pdf; THORAX.pdf,p. 92,existing_exact,PRD-0A2ABE77F9,10432T,Karl Storz/MFR-12BAB1E48C + exact normalized identifier 10432T,high,manufacturer_and_catalog_number_exact,
930,10432N,"Aspirator, for collecting secretions, can be connected to suction tubes or suction catheters",Karl Storz,Karl Storz.pdf; THORAX.pdf,p. 92,existing_exact,PRD-019030A1C7,10432N,Karl Storz/MFR-12BAB1E48C + exact normalized identifier 10432N,high,manufacturer_and_catalog_number_exact,
931,10452B,"Bronchial Atomizer, 40 cm",Karl Storz,Karl Storz.pdf; THORAX.pdf,p. 93,existing_exact,PRD-17DB23EBC0,10452B,Karl Storz/MFR-12BAB1E48C + exact normalized identifier 10452B,high,manufacturer_and_catalog_number_exact,
932,10452A,"Bronchial Atomizer, with Graduated Container",Karl Storz,Karl Storz.pdf; THORAX.pdf,p. 93,existing_exact,PRD-99BC8714FF,10452A,Karl Storz/MFR-12BAB1E48C + exact normalized identifier 10452A,high,manufacturer_and_catalog_number_exact,
933,10318BP,"Bronchoscope Tube Universal, with proximal illumination, size 8.5, length 43 cm",Karl Storz,Karl Storz.pdf; THORAX.pdf,p. 67,existing_exact,PRD-E6A1370266,10318BP,Karl Storz/MFR-12BAB1E48C + exact normalized identifier 10318BP,high,manufacturer_and_catalog_number_exact,
934,10390BN,"Coagulating Suction Tube, insulated, with connector pin",Karl Storz,Karl Storz.pdf; THORAX.pdf,p. 91,existing_exact,PRD-825B745D18,10390BN,Karl Storz/MFR-12BAB1E48C + exact normalized identifier 10390BN,high,manufacturer_and_catalog_number_exact,
935,10390AN,"Coagulation Suction Tube, insulated, with connector",Karl Storz,Karl Storz.pdf; THORAX.pdf,p. 91,existing_exact,PRD-042A57F191,10390AN,Karl Storz/MFR-12BAB1E48C + exact normalized identifier 10390AN,high,manufacturer_and_catalog_number_exact,
936,10432ED,"Collection Device, plastic, for single use, with lid,",Karl Storz,Karl Storz.pdf; THORAX.pdf,p. 92,existing_exact,PRD-129E6C270A,10432ED,Karl Storz/MFR-12BAB1E48C + exact normalized identifier 10432ED,high,manufacturer_and_catalog_number_exact,
937,10384B,Cotton Applicator 35 cm,Karl Storz,Karl Storz.pdf; THORAX.pdf,p. 91,existing_exact,PRD-1E5D7D510F,10384B,Karl Storz/MFR-12BAB1E48C + exact normalized identifier 10384B,high,manufacturer_and_catalog_number_exact,
938,10384A,Cotton Applicator 50 cm,Karl Storz,Karl Storz.pdf; THORAX.pdf,p. 91,existing_exact,PRD-11ADF871FE,10384A,Karl Storz/MFR-12BAB1E48C + exact normalized identifier 10384A,high,manufacturer_and_catalog_number_exact,
939,10358B,"Flexible Biopsy Forceps, spoon-shaped, small size,",Karl Storz,Karl Storz.pdf; THORAX.pdf,p. 74,existing_exact,PRD-F9A98419EA,10358B,Karl Storz/MFR-12BAB1E48C + exact normalized identifier 10358B,high,manufacturer_and_catalog_number_exact,
940,30120NL,Flexible Cannula with Silicone Leaflet Valve,Karl Storz,Karl Storz.pdf; THORAX.pdf,p. 144,existing_exact,PRD-EAED780757,30120NL,Karl Storz/MFR-12BAB1E48C + exact normalized identifier 30120NL,high,manufacturer_and_catalog_number_exact,
941,10358A,"Flexible Forceps, spoon-shaped, for biopsy,",Karl Storz,Karl Storz.pdf; THORAX.pdf,p. 74,existing_exact,PRD-615CDFB8AB,10358A,Karl Storz/MFR-12BAB1E48C + exact normalized identifier 10358A,high,manufacturer_and_catalog_number_exact,
942,10315P,"FLUVOG Adaptor, with sliding glass",Karl Storz,Karl Storz.pdf; THORAX.pdf,pp. 66-70,existing_exact,PRD-758E53CAAF,10315P,Karl Storz/MFR-12BAB1E48C + exact normalized identifier 10315P,high,manufacturer_and_catalog_number_exact,
943,10314P,"FLUVOG Adaptor, with sliding glass window plug, sealing cap, notched lens and keyhole",Karl Storz,Karl Storz.pdf; THORAX.pdf,pp. 66-70,existing_exact,PRD-AF93E56FE5,10314P,Karl Storz/MFR-12BAB1E48C + exact normalized identifier 10314P,high,manufacturer_and_catalog_number_exact,
944,10370H,"Forceps, alligator, for hard foreign bodies, double action jaws,",Karl Storz,Karl Storz.pdf; THORAX.pdf,p. 87,existing_exact,PRD-698F9E72B0,10370H,Karl Storz/MFR-12BAB1E48C + exact normalized identifier 10370H,high,manufacturer_and_catalog_number_exact,
945,10372H,"Forceps, alligator, for hard foreign bodies, double action jaws,",Karl Storz,Karl Storz.pdf; THORAX.pdf,p. 89,existing_exact,PRD-BB5D8FBEA3,10372H,Karl Storz/MFR-12BAB1E48C + exact normalized identifier 10372H,high,manufacturer_and_catalog_number_exact,
946,10372HL,"Forceps, alligator, for hard foreign bodies, double action jaws,",Karl Storz,Karl Storz.pdf; THORAX.pdf,p. 89,existing_exact,PRD-9A5C5FEF7D,10372HL,Karl Storz/MFR-12BAB1E48C + exact normalized identifier 10372HL,high,manufacturer_and_catalog_number_exact,
947,10371H,"Forceps, alligator, for hard foreign bodies, double action jaws, sheath",Karl Storz,Karl Storz.pdf; THORAX.pdf,p. 88,existing_exact,PRD-38F9E96675,10371H,Karl Storz/MFR-12BAB1E48C + exact normalized identifier 10371H,high,manufacturer_and_catalog_number_exact,
948,10371HL,"Forceps, alligator, for hard foreign bodies, double action jaws, sheath",Karl Storz,Karl Storz.pdf; THORAX.pdf,p. 88,existing_exact,PRD-6CCE68D268,10371HL,Karl Storz/MFR-12BAB1E48C + exact normalized identifier 10371HL,high,manufacturer_and_catalog_number_exact,
949,10366H,"Forceps, alligator, for hard foreign bodies, single action jaws,",Karl Storz,Karl Storz.pdf; THORAX.pdf,p. 86,existing_exact,PRD-60ED7DF50E,10366H,Karl Storz/MFR-12BAB1E48C + exact normalized identifier 10366H,high,manufacturer_and_catalog_number_exact,
950,10367H,"Forceps, alligator, for hard foreign bodies, single action jaws,",Karl Storz,Karl Storz.pdf; THORAX.pdf,p. 86,existing_exact,PRD-7BC31438E7,10367H,Karl Storz/MFR-12BAB1E48C + exact normalized identifier 10367H,high,manufacturer_and_catalog_number_exact,
951,10386A,"Foreign Body Basket, with ring handle,",Karl Storz,Karl Storz.pdf; THORAX.pdf,p. 93,existing_exact,PRD-A2FCA81CFA,10386A,Karl Storz/MFR-12BAB1E48C + exact normalized identifier 10386A,high,manufacturer_and_catalog_number_exact,
952,10386B,"Foreign Body Basket, with ring handle, working length 35 cm",Karl Storz,Karl Storz.pdf; THORAX.pdf,p. 93,existing_exact,PRD-212BC58910,10386B,Karl Storz/MFR-12BAB1E48C + exact normalized identifier 10386B,high,manufacturer_and_catalog_number_exact,
953,10510N,"FREITAG Stent Forceps, for the",Karl Storz,Karl Storz.pdf; THORAX.pdf,p. 78,existing_exact,PRD-750BCA0F02,10510N,Karl Storz/MFR-12BAB1E48C + exact normalized identifier 10510N,high,manufacturer_and_catalog_number_exact,
954,10318ER,Full Lumen Operating Bronchoscope for Stent Application,Karl Storz,Karl Storz.pdf; THORAX.pdf,pp. 68-69,existing_exact,PRD-B99F53FBC5,10318ER,Karl Storz/MFR-12BAB1E48C + exact normalized identifier 10318ER,high,manufacturer_and_catalog_number_exact,
955,10318GL,Full Lumen Operating Bronchoscope for Stent Application,Karl Storz,Karl Storz.pdf; THORAX.pdf,pp. 68-69,existing_exact,PRD-33120D5BE2,10318GL,Karl Storz/MFR-12BAB1E48C + exact normalized identifier 10318GL,high,manufacturer_and_catalog_number_exact,
956,10318FL,"Full Lumen Operating Bronchoscope,",Karl Storz,Karl Storz.pdf; THORAX.pdf,pp. 68-69,existing_exact,PRD-71D13E3955,10318FL,Karl Storz/MFR-12BAB1E48C + exact normalized identifier 10318FL,high,manufacturer_and_catalog_number_exact,
957,10318F,"Full Lumen Operating Tracheoscope,",Karl Storz,Karl Storz.pdf; THORAX.pdf,pp. 68-69,existing_exact,PRD-F96DCD2AC6,10318F,Karl Storz/MFR-12BAB1E48C + exact normalized identifier 10318F,high,manufacturer_and_catalog_number_exact,
958,10318G,"Full Lumen Operating Tracheoscope,",Karl Storz,Karl Storz.pdf; THORAX.pdf,pp. 68-69,existing_exact,PRD-8D0C9F35DB,10318G,Karl Storz/MFR-12BAB1E48C + exact normalized identifier 10318G,high,manufacturer_and_catalog_number_exact,
959,10314BM,Glass Window Plug,Karl Storz,Karl Storz.pdf; THORAX.pdf,pp. 66-70,existing_exact,PRD-B05D337994,10314BM,Karl Storz/MFR-12BAB1E48C + exact normalized identifier 10314BM,high,manufacturer_and_catalog_number_exact,
960,10315M,Glass Window Plug,Karl Storz,Karl Storz.pdf; THORAX.pdf,pp. 66-70,existing_exact,PRD-A504350406,10315M,Karl Storz/MFR-12BAB1E48C + exact normalized identifier 10315M,high,manufacturer_and_catalog_number_exact,
961,10455A,"Graduated Container, only, autoclavable,",Karl Storz,Karl Storz.pdf; THORAX.pdf,p. 93,existing_exact,PRD-C737E93B1B,10455A,Karl Storz/MFR-12BAB1E48C + exact normalized identifier 10455A,high,manufacturer_and_catalog_number_exact,
962,10337R,GRONINGEN Optical Dilation Tracheoscope,Karl Storz,Karl Storz.pdf; THORAX.pdf,p. 70,existing_exact,PRD-BC16136731,10337R,Karl Storz/MFR-12BAB1E48C + exact normalized identifier 10337R,high,manufacturer_and_catalog_number_exact,
963,10337S,GRONINGEN Optical Dilation Tracheoscope,Karl Storz,Karl Storz.pdf; THORAX.pdf,p. 70,existing_exact,PRD-CA32599DA2,10337S,Karl Storz/MFR-12BAB1E48C + exact normalized identifier 10337S,high,manufacturer_and_catalog_number_exact,
964,10005BA,HOPKINS II Forward-Oblique Telescope,Karl Storz,Karl Storz.pdf; THORAX.pdf,pp. 70-73,existing_exact,PRD-5CCBBDD4CF,10005BA,Karl Storz/MFR-12BAB1E48C + exact normalized identifier 10005BA,high,manufacturer_and_catalog_number_exact,
965,10320BA,"HOPKINSr Forward-Oblique Telescope 30°, diameter 5.5 mm, length 50 cm, autoclavable,",Karl Storz,Karl Storz.pdf; THORAX.pdf,pp. 70-73,existing_exact,PRD-0FD6CC7A8E,10320BA,Karl Storz/MFR-12BAB1E48C + exact normalized identifier 10320BA,high,manufacturer_and_catalog_number_exact,
966,26072BA,"HOPKINSr II Forward-Oblique Telescope 30°, enlarged view, diameter 4 mm,",Karl Storz,Karl Storz.pdf; THORAX.pdf,p. 143,existing_exact,PRD-F1712066B6,26072BA,Karl Storz/MFR-12BAB1E48C + exact normalized identifier 26072BA,high,manufacturer_and_catalog_number_exact,
967,10320AA,"HOPKINSr Straight Forward Telescope 0°, diameter 5.5 mm, length 50 cm, autoclavable,",Karl Storz,Karl Storz.pdf; THORAX.pdf,pp. 70-73,existing_exact,PRD-EC45CB0F5D,10320AA,Karl Storz/MFR-12BAB1E48C + exact normalized identifier 10320AA,high,manufacturer_and_catalog_number_exact,
968,10005AA,"HOPKINS® II Straight Forward Telescope 0°, enlarged view 37, 62, 73",Karl Storz,Karl Storz.pdf; THORAX.pdf,pp. 70-73,existing_exact,PRD-3D91F04C91,10005AA,Karl Storz/MFR-12BAB1E48C + exact normalized identifier 10005AA,high,manufacturer_and_catalog_number_exact,
969,10328AA,HOPKINS® Straight Forward Telescope 0° 65,Karl Storz,Karl Storz.pdf; THORAX.pdf,pp. 70-73,existing_exact,PRD-6274807854,10328AA,Karl Storz/MFR-12BAB1E48C + exact normalized identifier 10328AA,high,manufacturer_and_catalog_number_exact,
970,10318K,"Injection Cannula, for positive pressure assisted ventilation system, LUER-Lock,",Karl Storz,Karl Storz.pdf; THORAX.pdf,pp. 66-70,existing_exact,PRD-06D2F10782,10318K,Karl Storz/MFR-12BAB1E48C + exact normalized identifier 10318K,high,manufacturer_and_catalog_number_exact,
971,10329A,"Instrument Guide, with A. F. (anti-fog) device, can",Karl Storz,Karl Storz.pdf; THORAX.pdf,p. 75,existing_exact,PRD-1C70287572,10329A,Karl Storz/MFR-12BAB1E48C + exact normalized identifier 10329A,high,manufacturer_and_catalog_number_exact,
972,10435A,Instruments for use with HOPKINS® Telescope 10320 AA and,Karl Storz,Karl Storz.pdf; THORAX.pdf,p. 75,existing_exact,PRD-934DA56D92,10435A,Karl Storz/MFR-12BAB1E48C + exact normalized identifier 10435A,high,manufacturer_and_catalog_number_exact,
973,26072A,"Optical Biopsy Forceps, double action jaws",Karl Storz,Karl Storz.pdf; THORAX.pdf,p. 143,existing_exact,PRD-16C811C696,26072A,Karl Storz/MFR-12BAB1E48C + exact normalized identifier 26072A,high,manufacturer_and_catalog_number_exact,
974,10352H,"Optical Forceps, alligator, for hard foreign bodies",Karl Storz,Karl Storz.pdf; THORAX.pdf,p. 73,existing_exact,PRD-4A98F07FC6,10352H,Karl Storz/MFR-12BAB1E48C + exact normalized identifier 10352H,high,manufacturer_and_catalog_number_exact,
975,10350HF,"Optical Forceps, alligator, for hard foreign bodies, large jaws, with spring-action handle",Karl Storz,Karl Storz.pdf; THORAX.pdf,p. 72,existing_exact,PRD-1905FD9828,10350HF,Karl Storz/MFR-12BAB1E48C + exact normalized identifier 10350HF,high,manufacturer_and_catalog_number_exact,
976,10350KF,"Optical Forceps, for peanuts and soft foreign bodies, with spring-action handle",Karl Storz,Karl Storz.pdf; THORAX.pdf,p. 72,existing_exact,PRD-A9183C4F8F,10350KF,Karl Storz/MFR-12BAB1E48C + exact normalized identifier 10350KF,high,manufacturer_and_catalog_number_exact,
977,10350L,"Optical Forceps, spoon-shaped, round, for biopsy",Karl Storz,Karl Storz.pdf; THORAX.pdf,p. 72,existing_exact,PRD-50DCC12BE8,10350L,Karl Storz/MFR-12BAB1E48C + exact normalized identifier 10350L,high,manufacturer_and_catalog_number_exact,
978,10352L,"Optical Forceps, spoon-shaped, round, for biopsy",Karl Storz,Karl Storz.pdf; THORAX.pdf,p. 73,existing_exact,PRD-2DACCAD2B4,10352L,Karl Storz/MFR-12BAB1E48C + exact normalized identifier 10352L,high,manufacturer_and_catalog_number_exact,
979,10352U,"Optical Forceps, universal, for biopsy, for removal",Karl Storz,Karl Storz.pdf; THORAX.pdf,p. 73,existing_exact,PRD-E02F46CDAD,10352U,Karl Storz/MFR-12BAB1E48C + exact normalized identifier 10352U,high,manufacturer_and_catalog_number_exact,
980,10350U,"Optical Forceps, universal, for biopsy, for the",Karl Storz,Karl Storz.pdf; THORAX.pdf,p. 72,existing_exact,PRD-E56FC05269,10350U,Karl Storz/MFR-12BAB1E48C + exact normalized identifier 10350U,high,manufacturer_and_catalog_number_exact,
981,10337T,"Optical Intubation Tracheoscope, GRONINGEN model 62",Karl Storz,Karl Storz.pdf; THORAX.pdf,p. 70,existing_exact,PRD-2110EC2BCF,10337T,Karl Storz/MFR-12BAB1E48C + exact normalized identifier 10337T,high,manufacturer_and_catalog_number_exact,
982,26072TK,"Optical Powder Blower, with atomizer and rubber bulb,",Karl Storz,Karl Storz.pdf; THORAX.pdf,p. 143,existing_exact,PRD-D14312CC6A,26072TK,Karl Storz/MFR-12BAB1E48C + exact normalized identifier 26072TK,high,manufacturer_and_catalog_number_exact,
983,26072SU,"Optical Suction Tube, for use with",Karl Storz,Karl Storz.pdf; THORAX.pdf,p. 143,existing_exact,PRD-762DCA1D6D,26072SU,Karl Storz/MFR-12BAB1E48C + exact normalized identifier 26072SU,high,manufacturer_and_catalog_number_exact,
984,10101FA,"Prismatic Light Deflector, autoclavable, fiber optic light transmission incorporated",Karl Storz,Karl Storz.pdf; THORAX.pdf,pp. 66-70,existing_exact,PRD-0EA2B293A4,10101FA,Karl Storz/MFR-12BAB1E48C + exact normalized identifier 10101FA,high,manufacturer_and_catalog_number_exact,
985,10316LR,Respirator Adapter for GRONINGEN Tracheoscope,Karl Storz,Karl Storz.pdf; THORAX.pdf,pp. 66-70,existing_exact,PRD-D0E745FF62,10316LR,Karl Storz/MFR-12BAB1E48C + exact normalized identifier 10316LR,high,manufacturer_and_catalog_number_exact,
986,10380D,"Same, diameter 2.5 mm",Karl Storz,Karl Storz.pdf; THORAX.pdf,p. 91,existing_exact,PRD-33C62E2093,10380D,Karl Storz/MFR-12BAB1E48C + exact normalized identifier 10380D,high,manufacturer_and_catalog_number_exact,
987,10380B,"Same, diameter 3 mm",Karl Storz,Karl Storz.pdf; THORAX.pdf,p. 91,existing_exact,PRD-1411E60176,10380B,Karl Storz/MFR-12BAB1E48C + exact normalized identifier 10380B,high,manufacturer_and_catalog_number_exact,
988,10434B,"Same, diameter 3 mm, length 35 cm",Karl Storz,Karl Storz.pdf; THORAX.pdf,p. 92,existing_exact,PRD-06811F5515,10434B,Karl Storz/MFR-12BAB1E48C + exact normalized identifier 10434B,high,manufacturer_and_catalog_number_exact,
989,10380H,"Same, diameter 5 mm",Karl Storz,Karl Storz.pdf; THORAX.pdf,p. 91,existing_exact,PRD-C00C2E4E80,10380H,Karl Storz/MFR-12BAB1E48C + exact normalized identifier 10380H,high,manufacturer_and_catalog_number_exact,
990,10366K,"Same, for peanuts and soft foreign bodies",Karl Storz,Karl Storz.pdf; THORAX.pdf,p. 86,existing_exact,PRD-4A023D6489,10366K,Karl Storz/MFR-12BAB1E48C + exact normalized identifier 10366K,high,manufacturer_and_catalog_number_exact,
991,10367K,"Same, for peanuts and soft foreign bodies",Karl Storz,Karl Storz.pdf; THORAX.pdf,p. 86,existing_exact,PRD-354ECD3DC4,10367K,Karl Storz/MFR-12BAB1E48C + exact normalized identifier 10367K,high,manufacturer_and_catalog_number_exact,
992,10370K,"Same, for peanuts and soft foreign bodies",Karl Storz,Karl Storz.pdf; THORAX.pdf,p. 87,existing_exact,PRD-90A0B83AA5,10370K,Karl Storz/MFR-12BAB1E48C + exact normalized identifier 10370K,high,manufacturer_and_catalog_number_exact,
993,10371K,"Same, for peanuts and soft foreign bodies",Karl Storz,Karl Storz.pdf; THORAX.pdf,p. 88,existing_exact,PRD-1E613C92C3,10371K,Karl Storz/MFR-12BAB1E48C + exact normalized identifier 10371K,high,manufacturer_and_catalog_number_exact,
994,10371KL,"Same, for peanuts and soft foreign bodies",Karl Storz,Karl Storz.pdf; THORAX.pdf,p. 88,existing_exact,PRD-D07AD62770,10371KL,Karl Storz/MFR-12BAB1E48C + exact normalized identifier 10371KL,high,manufacturer_and_catalog_number_exact,
995,10372K,"Same, for peanuts and soft foreign bodies",Karl Storz,Karl Storz.pdf; THORAX.pdf,p. 89,existing_exact,PRD-FF130FCDC6,10372K,Karl Storz/MFR-12BAB1E48C + exact normalized identifier 10372K,high,manufacturer_and_catalog_number_exact,
996,10372KL,"Same, for peanuts and soft foreign bodies",Karl Storz,Karl Storz.pdf; THORAX.pdf,p. 89,existing_exact,PRD-190EC613D0,10372KL,Karl Storz/MFR-12BAB1E48C + exact normalized identifier 10372KL,high,manufacturer_and_catalog_number_exact,
997,10479C,"Same, for Suction Catheter 10468 C/10478 C",Karl Storz,Karl Storz.pdf; THORAX.pdf,p. 75,existing_exact,PRD-57C0ED84C2,10479C,Karl Storz/MFR-12BAB1E48C + exact normalized identifier 10479C,high,manufacturer_and_catalog_number_exact,
998,10479F,"Same, for Suction Catheter 10468 D/10478 D",Karl Storz,Karl Storz.pdf; THORAX.pdf,p. 75,existing_exact,PRD-9E7BDDB1CC,10479F,Karl Storz/MFR-12BAB1E48C + exact normalized identifier 10479F,high,manufacturer_and_catalog_number_exact,
999,10370J,"Same, pointed, serrated, for coins and flat foreign bodies",Karl Storz,Karl Storz.pdf; THORAX.pdf,p. 87,existing_exact,PRD-B4CA5FDE98,10370J,Karl Storz/MFR-12BAB1E48C + exact normalized identifier 10370J,high,manufacturer_and_catalog_number_exact,
1000,10371J,"Same, pointed, serrated, for coins and flat foreign bodies",Karl Storz,Karl Storz.pdf; THORAX.pdf,p. 88,existing_exact,PRD-AC1E0D8CCC,10371J,Karl Storz/MFR-12BAB1E48C + exact normalized identifier 10371J,high,manufacturer_and_catalog_number_exact,
1001,10372JL,"Same, pointed, serrated, for coins and flat foreign bodies",Karl Storz,Karl Storz.pdf; THORAX.pdf,p. 89,existing_exact,PRD-694417C2F5,10372JL,Karl Storz/MFR-12BAB1E48C + exact normalized identifier 10372JL,high,manufacturer_and_catalog_number_exact,
1002,10371P,"Same, spoon-shaped, oval, fenestrated, for biopsy and foreign",Karl Storz,Karl Storz.pdf; THORAX.pdf,p. 88,existing_exact,PRD-843BE1E573,10371P,Karl Storz/MFR-12BAB1E48C + exact normalized identifier 10371P,high,manufacturer_and_catalog_number_exact,
1003,10366L,"Same, spoon-shaped, round, for biopsy",Karl Storz,Karl Storz.pdf; THORAX.pdf,p. 86,existing_exact,PRD-0F34939AF6,10366L,Karl Storz/MFR-12BAB1E48C + exact normalized identifier 10366L,high,manufacturer_and_catalog_number_exact,
1004,10367L,"Same, spoon-shaped, round, for biopsy",Karl Storz,Karl Storz.pdf; THORAX.pdf,p. 86,existing_exact,PRD-DB7366704E,10367L,Karl Storz/MFR-12BAB1E48C + exact normalized identifier 10367L,high,manufacturer_and_catalog_number_exact,
1005,10370L,"Same, spoon-shaped, round, for biopsy",Karl Storz,Karl Storz.pdf; THORAX.pdf,p. 87,existing_exact,PRD-C649B4B9C5,10370L,Karl Storz/MFR-12BAB1E48C + exact normalized identifier 10370L,high,manufacturer_and_catalog_number_exact,
1006,10371L,"Same, spoon-shaped, round, for biopsy",Karl Storz,Karl Storz.pdf; THORAX.pdf,p. 88,existing_exact,PRD-02641F9166,10371L,Karl Storz/MFR-12BAB1E48C + exact normalized identifier 10371L,high,manufacturer_and_catalog_number_exact,
1007,10371LL,"Same, spoon-shaped, round, for biopsy",Karl Storz,Karl Storz.pdf; THORAX.pdf,p. 88,existing_exact,PRD-7A57FE10A2,10371LL,Karl Storz/MFR-12BAB1E48C + exact normalized identifier 10371LL,high,manufacturer_and_catalog_number_exact,
1008,10372LL,"Same, spoon-shaped, round, for biopsy",Karl Storz,Karl Storz.pdf; THORAX.pdf,p. 89,existing_exact,PRD-C48BF25736,10372LL,Karl Storz/MFR-12BAB1E48C + exact normalized identifier 10372LL,high,manufacturer_and_catalog_number_exact,
1009,10370M,"Same, spoon-shaped, round, for biopsy, malleable",Karl Storz,Karl Storz.pdf; THORAX.pdf,p. 87,existing_exact,PRD-ABB6EC1153,10370M,Karl Storz/MFR-12BAB1E48C + exact normalized identifier 10370M,high,manufacturer_and_catalog_number_exact,
1010,10366U,"Same, universal, for biopsy and foreign bodies removal",Karl Storz,Karl Storz.pdf; THORAX.pdf,p. 86,existing_exact,PRD-011BE58B2D,10366U,Karl Storz/MFR-12BAB1E48C + exact normalized identifier 10366U,high,manufacturer_and_catalog_number_exact,
1011,10370U,"Same, universal, for biopsy and foreign bodies removal",Karl Storz,Karl Storz.pdf; THORAX.pdf,p. 87,existing_exact,PRD-79E356AFDC,10370U,Karl Storz/MFR-12BAB1E48C + exact normalized identifier 10370U,high,manufacturer_and_catalog_number_exact,
1012,10371U,"Same, universal, for biopsy and foreign bodies removal",Karl Storz,Karl Storz.pdf; THORAX.pdf,p. 88,existing_exact,PRD-1CA81E960D,10371U,Karl Storz/MFR-12BAB1E48C + exact normalized identifier 10371U,high,manufacturer_and_catalog_number_exact,
1013,10371UL,"Same, universal, for biopsy and foreign bodies removal",Karl Storz,Karl Storz.pdf; THORAX.pdf,p. 88,existing_exact,PRD-1E339ED4FF,10371UL,Karl Storz/MFR-12BAB1E48C + exact normalized identifier 10371UL,high,manufacturer_and_catalog_number_exact,
1014,10372UL,"Same, universal, for biopsy and foreign bodies removal",Karl Storz,Karl Storz.pdf; THORAX.pdf,p. 89,existing_exact,PRD-2FACCCFC02,10372UL,Karl Storz/MFR-12BAB1E48C + exact normalized identifier 10372UL,high,manufacturer_and_catalog_number_exact,
1015,10370P,"Same, with oval cupped jaws, fenestrated, for biopsy",Karl Storz,Karl Storz.pdf; THORAX.pdf,p. 87,existing_exact,PRD-17C3809F8C,10370P,Karl Storz/MFR-12BAB1E48C + exact normalized identifier 10370P,high,manufacturer_and_catalog_number_exact,
1016,10366S,"Scissors, straight, for trituration of bone fragments",Karl Storz,Karl Storz.pdf; THORAX.pdf,p. 86,existing_exact,PRD-DF239FD803,10366S,Karl Storz/MFR-12BAB1E48C + exact normalized identifier 10366S,high,manufacturer_and_catalog_number_exact,
1017,10315N,SP 11 10386 BE SP 17 10970 PL SP 21,Karl Storz,Karl Storz.pdf; THORAX.pdf,pp. 66-70,existing_exact,PRD-087FFD6337,10315N,Karl Storz/MFR-12BAB1E48C + exact normalized identifier 10315N,high,manufacturer_and_catalog_number_exact,
1018,10318S,"SP 11, SP 12 10390 LN SP 24 11001 BI SP 8",Karl Storz,Karl Storz.pdf; THORAX.pdf,pp. 66-70,existing_exact,PRD-1EEDD71C53,10318S,Karl Storz/MFR-12BAB1E48C + exact normalized identifier 10318S,high,manufacturer_and_catalog_number_exact,
1019,10314BN,SP 12 10386 AE SP 17 10970 PE SP 21,Karl Storz,Karl Storz.pdf; THORAX.pdf,pp. 66-70,existing_exact,PRD-3AAC1114C7,10314BN,Karl Storz/MFR-12BAB1E48C + exact normalized identifier 10314BN,high,manufacturer_and_catalog_number_exact,
1020,10320DA,SP 3 10434 AE SP 19 11004 BI SP 8,Karl Storz,Karl Storz.pdf; THORAX.pdf,pp. 70-73,existing_exact,PRD-BB9A5CC0AE,10320DA,Karl Storz/MFR-12BAB1E48C + exact normalized identifier 10320DA,high,manufacturer_and_catalog_number_exact,
1021,10385B,Sponge Holder 35 cm,Karl Storz,Karl Storz.pdf; THORAX.pdf,p. 91,existing_exact,PRD-921CB1B912,10385B,Karl Storz/MFR-12BAB1E48C + exact normalized identifier 10385B,high,manufacturer_and_catalog_number_exact,
1022,10385A,Sponge Holder 50 cm,Karl Storz,Karl Storz.pdf; THORAX.pdf,p. 91,existing_exact,PRD-108394A19E,10385A,Karl Storz/MFR-12BAB1E48C + exact normalized identifier 10385A,high,manufacturer_and_catalog_number_exact,
1023,10388A,"Sponge Holder, for sterile smears",Karl Storz,Karl Storz.pdf; THORAX.pdf,p. 91,existing_exact,PRD-481074A513,10388A,Karl Storz/MFR-12BAB1E48C + exact normalized identifier 10388A,high,manufacturer_and_catalog_number_exact,
1024,10387B,"Sponge Holder, with spring handle, working length 35 cm",Karl Storz,Karl Storz.pdf; THORAX.pdf,p. 91,existing_exact,PRD-81DDCD50B9,10387B,Karl Storz/MFR-12BAB1E48C + exact normalized identifier 10387B,high,manufacturer_and_catalog_number_exact,
1025,10387A,"Sponge Holder, with spring handle, working length 50 cm",Karl Storz,Karl Storz.pdf; THORAX.pdf,p. 91,existing_exact,PRD-DF791E6D1F,10387A,Karl Storz/MFR-12BAB1E48C + exact normalized identifier 10387A,high,manufacturer_and_catalog_number_exact,
1026,10478D,"Suction Catheter, 5 Fr., only, package of 6",Karl Storz,Karl Storz.pdf; THORAX.pdf,p. 75,existing_exact,PRD-D7A7620198,10478D,Karl Storz/MFR-12BAB1E48C + exact normalized identifier 10478D,high,manufacturer_and_catalog_number_exact,
1027,10468D,"Suction Catheter, 5 Fr., with Adaptor 10479 F",Karl Storz,Karl Storz.pdf; THORAX.pdf,p. 75,existing_exact,PRD-28C10C5EE9,10468D,Karl Storz/MFR-12BAB1E48C + exact normalized identifier 10468D,high,manufacturer_and_catalog_number_exact,
1028,10468C,"Suction Catheter, 6 Fr., with Adaptor 10479 C",Karl Storz,Karl Storz.pdf; THORAX.pdf,p. 75,existing_exact,PRD-C0C6302286,10468C,Karl Storz/MFR-12BAB1E48C + exact normalized identifier 10468C,high,manufacturer_and_catalog_number_exact,
1029,10468B,"Suction Catheter, 7 Fr., with Adaptor 10479 B",Karl Storz,Karl Storz.pdf; THORAX.pdf,p. 75,existing_exact,PRD-9188CC0F47,10468B,Karl Storz/MFR-12BAB1E48C + exact normalized identifier 10468B,high,manufacturer_and_catalog_number_exact,
1030,10383BL,Suction Tube with Cut-Off Hole,Karl Storz,Karl Storz.pdf; THORAX.pdf,p. 91,existing_exact,PRD-E4B27EE86A,10383BL,Karl Storz/MFR-12BAB1E48C + exact normalized identifier 10383BL,high,manufacturer_and_catalog_number_exact,
1031,10383CC,Suction Tube with Cut-Off Hole,Karl Storz,Karl Storz.pdf; THORAX.pdf,p. 91,existing_exact,PRD-F4B4C5FC4D,10383CC,Karl Storz/MFR-12BAB1E48C + exact normalized identifier 10383CC,high,manufacturer_and_catalog_number_exact,
1032,10383D,Suction Tube with Cut-Off Hole,Karl Storz,Karl Storz.pdf; THORAX.pdf,p. 91,existing_exact,PRD-B6BECFE095,10383D,Karl Storz/MFR-12BAB1E48C + exact normalized identifier 10383D,high,manufacturer_and_catalog_number_exact,
1033,10383E,Suction Tube with Cut-Off Hole,Karl Storz,Karl Storz.pdf; THORAX.pdf,p. 91,existing_exact,PRD-400BEF3640,10383E,Karl Storz/MFR-12BAB1E48C + exact normalized identifier 10383E,high,manufacturer_and_catalog_number_exact,
1034,10383F,Suction Tube with Cut-Off Hole,Karl Storz,Karl Storz.pdf; THORAX.pdf,p. 91,existing_exact,PRD-F12AF814EE,10383F,Karl Storz/MFR-12BAB1E48C + exact normalized identifier 10383F,high,manufacturer_and_catalog_number_exact,
1035,10380C,"Suction Tube, diameter 2 mm",Karl Storz,Karl Storz.pdf; THORAX.pdf,p. 91,existing_exact,PRD-E09A4CA6E0,10380C,Karl Storz/MFR-12BAB1E48C + exact normalized identifier 10380C,high,manufacturer_and_catalog_number_exact,
1036,10380CB,"Suction Tube, diameter 2 mm",Karl Storz,Karl Storz.pdf; THORAX.pdf,p. 91,existing_exact,PRD-9BD2C36817,10380CB,Karl Storz/MFR-12BAB1E48C + exact normalized identifier 10380CB,high,manufacturer_and_catalog_number_exact,
1037,10380A,"Suction Tube, diameter 4 mm",Karl Storz,Karl Storz.pdf; THORAX.pdf,p. 91,existing_exact,PRD-277D52B6BC,10380A,Karl Storz/MFR-12BAB1E48C + exact normalized identifier 10380A,high,manufacturer_and_catalog_number_exact,
1038,10380AK,"Suction Tube, diameter 4 mm",Karl Storz,Karl Storz.pdf; THORAX.pdf,p. 91,existing_exact,PRD-1CFFD3C377,10380AK,Karl Storz/MFR-12BAB1E48C + exact normalized identifier 10380AK,high,manufacturer_and_catalog_number_exact,
1039,10434A,"Suction Tube, diameter 4 mm, length 50 cm, for use",Karl Storz,Karl Storz.pdf; THORAX.pdf,p. 92,existing_exact,PRD-8A19FB9627,10434A,Karl Storz/MFR-12BAB1E48C + exact normalized identifier 10434A,high,manufacturer_and_catalog_number_exact,
1040,10383C,"Suction Tube, with cut-off hole, diameter 2 mm",Karl Storz,Karl Storz.pdf; THORAX.pdf,p. 91,existing_exact,PRD-87F3E56C0D,10383C,Karl Storz/MFR-12BAB1E48C + exact normalized identifier 10383C,high,manufacturer_and_catalog_number_exact,
1041,10383DD,"Suction Tube, with cut-off hole, diameter 2 mm",Karl Storz,Karl Storz.pdf; THORAX.pdf,p. 91,existing_exact,PRD-CC88761929,10383DD,Karl Storz/MFR-12BAB1E48C + exact normalized identifier 10383DD,high,manufacturer_and_catalog_number_exact,
1042,10383B,"Suction Tube, with cut-off hole, diameter 3 mm",Karl Storz,Karl Storz.pdf; THORAX.pdf,p. 91,existing_exact,PRD-0FECB0AD06,10383B,Karl Storz/MFR-12BAB1E48C + exact normalized identifier 10383B,high,manufacturer_and_catalog_number_exact,
1043,10383A,"Suction Tube, with cut-off hole, diameter 4 mm",Karl Storz,Karl Storz.pdf; THORAX.pdf,p. 91,existing_exact,PRD-2522C4A9A6,10383A,Karl Storz/MFR-12BAB1E48C + exact normalized identifier 10383A,high,manufacturer_and_catalog_number_exact,
1044,10382B,"Suction Tube, with rubber tip, curved, diameter 2 mm, working length 35 cm",Karl Storz,Karl Storz.pdf; THORAX.pdf,p. 91,existing_exact,PRD-B728AA11AB,10382B,Karl Storz/MFR-12BAB1E48C + exact normalized identifier 10382B,high,manufacturer_and_catalog_number_exact,
1045,10382A,"Suction Tube, with rubber tip, curved, diameter 4 mm, working length 50 cm",Karl Storz,Karl Storz.pdf; THORAX.pdf,p. 91,existing_exact,PRD-B2AC1ECC92,10382A,Karl Storz/MFR-12BAB1E48C + exact normalized identifier 10382A,high,manufacturer_and_catalog_number_exact,
1046,10381B,"Suction Tube, with rubber tip, straight, diameter 2 mm, working length 35 cm",Karl Storz,Karl Storz.pdf; THORAX.pdf,p. 91,existing_exact,PRD-C64D0F8310,10381B,Karl Storz/MFR-12BAB1E48C + exact normalized identifier 10381B,high,manufacturer_and_catalog_number_exact,
1047,10381A,"Suction Tube, with rubber tip, straight, diameter 4 mm, working length 50 cm",Karl Storz,Karl Storz.pdf; THORAX.pdf,p. 91,existing_exact,PRD-2644647C19,10381A,Karl Storz/MFR-12BAB1E48C + exact normalized identifier 10381A,high,manufacturer_and_catalog_number_exact,
1048,30120NOL,"Trocar, flexible, with blunt tip, with integrated silicone leaflet valve, autoclavable,",Karl Storz,Karl Storz.pdf; THORAX.pdf,p. 144,existing_exact,PRD-377440703A,30120NOL,Karl Storz/MFR-12BAB1E48C + exact normalized identifier 30120NOL,high,manufacturer_and_catalog_number_exact,
1049,40120NAL,"Trocar, flexible, with blunt tip, without valve, autoclavable,",Karl Storz,Karl Storz.pdf; THORAX.pdf,p. 144,existing_exact,PRD-247C9B978C,40120NAL,Karl Storz/MFR-12BAB1E48C + exact normalized identifier 40120NAL,high,manufacturer_and_catalog_number_exact,
1050,10318DP,"Universal Bronchoscope Tube, Proximal Illumination, Size 6.5",Karl Storz,Karl Storz.pdf; THORAX.pdf,p. 67,existing_exact,PRD-F146CD24CF,10318DP,Karl Storz/MFR-12BAB1E48C + exact normalized identifier 10318DP,high,manufacturer_and_catalog_number_exact,
1051,10318CP,"Universal Bronchoscope Tube, Proximal Illumination, Size 7.5",Karl Storz,Karl Storz.pdf; THORAX.pdf,p. 67,existing_exact,PRD-99F825C44F,10318CP,Karl Storz/MFR-12BAB1E48C + exact normalized identifier 10318CP,high,manufacturer_and_catalog_number_exact,
1052,10318D,"Universal Bronchoscope, Distal Illumination, Size 6.5",Karl Storz,Karl Storz.pdf; THORAX.pdf,p. 66,existing_exact,PRD-5D0F775ADC,10318D,Karl Storz/MFR-12BAB1E48C + exact normalized identifier 10318D,high,manufacturer_and_catalog_number_exact,
1053,10318C,"Universal Bronchoscope, Distal Illumination, Size 7.5",Karl Storz,Karl Storz.pdf; THORAX.pdf,p. 66,existing_exact,PRD-D273A067EA,10318C,Karl Storz/MFR-12BAB1E48C + exact normalized identifier 10318C,high,manufacturer_and_catalog_number_exact,
1054,10318B,"Universal Bronchoscope, Distal Illumination, Size 8.5",Karl Storz,Karl Storz.pdf; THORAX.pdf,p. 66,existing_exact,PRD-6707AC67D1,10318B,Karl Storz/MFR-12BAB1E48C + exact normalized identifier 10318B,high,manufacturer_and_catalog_number_exact,
1055,26120J,"VERESS Pneumoperitoneum Needle 138, U 6",Karl Storz,Karl Storz.pdf; THORAX.pdf,p. 146,existing_exact,PRD-FE67FEA4F0,26120J,Karl Storz/MFR-12BAB1E48C + exact normalized identifier 26120J,high,manufacturer_and_catalog_number_exact,
1057,LungVision System,LungVision System,Body Vision Medical,LungVision® System _ AI-Powered Lung Imaging Technology.pdf,LungVision System product page and MOSS brochure,existing_alias_or_format_variant,PRD-2C5302C206,,existing_alias_or_format_variant,high,existing_alias_or_format_variant,
1059,Cios Spin,Cios Spin Mobile 3D C-arm,Siemens Healthineers,Mobile C-arm machine - Cios Spin - Siemens Healthineers USA.pdf,Siemens Healthineers USA product page,existing_alias_or_format_variant,PRD-CF779363F3,,existing_alias_or_format_variant,high,existing_alias_or_format_variant,
1064,01EWS12A,EWS Endobronchial Watanabe Spigot,Novatech,NOV-MR-PCA-EWS_EN.pdf,pp. 70-77,existing_exact,PRD-C8C51A4D95,01EWS12A,existing_exact,high,existing_exact,
1065,01EWS3L,EWS Endobronchial Watanabe Spigot,Novatech,NOV-MR-PCA-EWS_EN.pdf,pp. 70-77,existing_exact,PRD-3B31BB90C8,01EWS3L,existing_exact,high,existing_exact,
1066,01EWS3M,EWS Endobronchial Watanabe Spigot,Novatech,NOV-MR-PCA-EWS_EN.pdf,pp. 70-77,existing_exact,PRD-4236459890,01EWS3M,existing_exact,high,existing_exact,
1067,01EWS3S,EWS Endobronchial Watanabe Spigot,Novatech,NOV-MR-PCA-EWS_EN.pdf,pp. 70-77,existing_exact,PRD-E3C70517F3,01EWS3S,existing_exact,high,existing_exact,
1069,Not stated in source,NOVATECH DUMON/GSS Silicone Airway Stents,Novatech,NOV-MR-PCA-SST_DUMON-GSS_CA001_EN.pdf; novatech__stents_pulmonares__catalogo.pdf,,existing_family_or_package_variant,,,existing_family_or_package_variant,moderate,existing_family_or_package_variant,Family-level row; the governed catalog already contains the exact order-number configurations from the supplied Novatech catalog.
1074,B5-2C,Balloon Catheter 11 mm,Olympus,OAIET0124CAT51005_EndoTherapy Catalog_Interactive_2024.pdf,Respiratory 14.14 (PDF p. 129),existing_exact,PRD-039120780F,B5-2C,existing_exact,high,existing_exact,
1075,B7-2C,Balloon Catheter 13 mm,Olympus,OAIET0124CAT51005_EndoTherapy Catalog_Interactive_2024.pdf,Respiratory 14.14 (PDF p. 129),existing_exact,PRD-6B70F708B5,B7-2C,existing_exact,high,existing_exact,
1076,MAJ-1339,Channel-Opening Cleaning Brush,Olympus,OAIET0124CAT51005_EndoTherapy Catalog_Interactive_2024.pdf,Respiratory 14.15 (PDF p. 130),existing_exact,PRD-705623F89A,MAJ-1339,existing_exact,high,existing_exact,
1077,BC-202D-1210,Covered-Sheath Pulmonary Cytology Brush,Olympus,OAIET0124CAT51005_EndoTherapy Catalog_Interactive_2024.pdf,Respiratory 14.04 (PDF p. 117),existing_exact,PRD-4C745881F9,BC-202D-1210,existing_exact,high,existing_exact,
1078,BC-202D-2010,Covered-Sheath Pulmonary Cytology Brush,Olympus,OAIET0124CAT51005_EndoTherapy Catalog_Interactive_2024.pdf,Respiratory 14.04 (PDF p. 117),existing_exact,PRD-E7724A6977,BC-202D-2010,existing_exact,high,existing_exact,
1079,BC-202D-3010,Covered-Sheath Pulmonary Cytology Brush,Olympus,OAIET0124CAT51005_EndoTherapy Catalog_Interactive_2024.pdf,Respiratory 14.04 (PDF p. 117),existing_exact,PRD-B091070F8D,BC-202D-3010,existing_exact,high,existing_exact,
1080,BC-202D-5010,Covered-Sheath Pulmonary Cytology Brush,Olympus,OAIET0124CAT51005_EndoTherapy Catalog_Interactive_2024.pdf,Respiratory 14.04 (PDF p. 117),existing_exact,PRD-B2C431C0F9,BC-202D-5010,existing_exact,high,existing_exact,
1081,MAJ-1414,EBUS Needle Adapter / Biopsy Valve,Olympus,OAIET0124CAT51005_EndoTherapy Catalog_Interactive_2024.pdf,Respiratory 14.08-14.10 (PDF pp. 121-123),existing_exact,PRD-EB1A3E8F85,MAJ-1414,existing_exact,high,existing_exact,
1084,BCV1-W2,H-SteriScope Extra Single-Use Bronchoscope,Olympus,OAIET0124CAT51005_EndoTherapy Catalog_Interactive_2024.pdf,Respiratory 14.12 (PDF p. 125),existing_exact,PRD-BC936E9D71,BCV1-W2,existing_exact,high,existing_exact,
1085,BCV1-S2,H-SteriScope Large Single-Use Bronchoscope,Olympus,OAIET0124CAT51005_EndoTherapy Catalog_Interactive_2024.pdf,Respiratory 14.12 (PDF p. 125),existing_exact,PRD-9CE6992373,BCV1-S2,existing_exact,high,existing_exact,
1086,BCV1-M2,H-SteriScope Normal Single-Use Bronchoscope,Olympus,OAIET0124CAT51005_EndoTherapy Catalog_Interactive_2024.pdf,Respiratory 14.12 (PDF p. 125),existing_exact,PRD-7C8F860816,BCV1-M2,existing_exact,high,existing_exact,
1087,BCV1-C2,H-SteriScope Slim Single-Use Bronchoscope,Olympus,OAIET0124CAT51005_EndoTherapy Catalog_Interactive_2024.pdf,Respiratory 14.12 (PDF p. 125),existing_exact,PRD-34895D701B,BCV1-C2,existing_exact,high,existing_exact,
1088,BCV1-02,H-SteriScope Zero Single-Use Bronchoscope,Olympus,OAIET0124CAT51005_EndoTherapy Catalog_Interactive_2024.pdf,Respiratory 14.12 (PDF p. 125),existing_exact,PRD-212CEA70A3,BCV1-02,existing_exact,high,existing_exact,
1090,FD-231C,"Hot Biopsy Forceps, Oval",Olympus,OAIET0124CAT51005_EndoTherapy Catalog_Interactive_2024.pdf,Respiratory 14.03 (PDF p. 116),existing_exact,PRD-58DE7D49C4,FD-231C,existing_exact,high,existing_exact,
1091,FB-456D,"Mini Biopsy Forceps, Oval Rat-Tooth",Olympus,OAIET0124CAT51005_EndoTherapy Catalog_Interactive_2024.pdf,Respiratory 14.02 (PDF p. 115),existing_exact,PRD-3D26E84017,FB-456D,existing_exact,high,existing_exact,
1092,BC-203D-2006,Mini Covered-Sheath Pulmonary Cytology Brush,Olympus,OAIET0124CAT51005_EndoTherapy Catalog_Interactive_2024.pdf,Respiratory 14.04 (PDF p. 117),existing_exact,PRD-5831011F6E,BC-203D-2006,existing_exact,high,existing_exact,
1093,FG-52D,Mini Grasping Basket,Olympus,OAIET0124CAT51005_EndoTherapy Catalog_Interactive_2024.pdf,Respiratory 14.13 (PDF p. 126),existing_exact,PRD-C2CB78AC4C,FG-52D,existing_exact,high,existing_exact,
1094,FG-54D,Mini Three-Prong Grasping Forceps,Olympus,OAIET0124CAT51005_EndoTherapy Catalog_Interactive_2024.pdf,Respiratory 14.13 (PDF p. 126),existing_exact,PRD-9C633556C2,FG-54D,existing_exact,high,existing_exact,
1095,FG-214P,Rat-Tooth Grasping Forceps,Olympus,OAIET0124CAT51005_EndoTherapy Catalog_Interactive_2024.pdf,Respiratory 14.13 (PDF p. 127),existing_exact,PRD-D630438171,FG-214P,existing_exact,high,existing_exact,
1096,FG-226C,Rat-Tooth Grasping Forceps,Olympus,OAIET0124CAT51005_EndoTherapy Catalog_Interactive_2024.pdf,Respiratory 14.13 (PDF p. 127),existing_exact,PRD-D5A6823E45,FG-226C,existing_exact,high,existing_exact,
1097,MA-651,Reusable Bite Block,Olympus,OAIET0124CAT51005_EndoTherapy Catalog_Interactive_2024.pdf,Respiratory 14.15 (PDF p. 130),existing_exact,PRD-5EF986AAB1,MA-651,existing_exact,high,existing_exact,
1098,BW-15B,Reusable Cleaning Brush,Olympus,OAIET0124CAT51005_EndoTherapy Catalog_Interactive_2024.pdf,Respiratory 14.17 (PDF p. 132),existing_exact,PRD-E1E020F3BF,BW-15B,existing_exact,high,existing_exact,
1099,BW-15SH,Reusable Cleaning Brush,Olympus,OAIET0124CAT51005_EndoTherapy Catalog_Interactive_2024.pdf,Respiratory 14.17 (PDF p. 132),existing_exact,PRD-DD8657352D,BW-15SH,existing_exact,high,existing_exact,
1100,BW-16C,Reusable Cleaning Wire,Olympus,OAIET0124CAT51005_EndoTherapy Catalog_Interactive_2024.pdf,Respiratory 14.17 (PDF p. 132),existing_exact,PRD-D49EB30A21,BW-16C,existing_exact,high,existing_exact,
1103,FG-220P,Rubber-Tip Grasping Forceps,Olympus,OAIET0124CAT51005_EndoTherapy Catalog_Interactive_2024.pdf,Respiratory 14.13 (PDF p. 127),existing_exact,PRD-2677F0C69F,FG-220P,existing_exact,high,existing_exact,
1104,FG-232L,Shark-Tooth Grasping Forceps,Olympus,OAIET0124CAT51005_EndoTherapy Catalog_Interactive_2024.pdf,Respiratory 14.13 (PDF p. 128),existing_exact,PRD-C88B1CD284,FG-232L,existing_exact,high,existing_exact,
1105,MAJ-1632,Single-Use Bite Block,Olympus,OAIET0124CAT51005_EndoTherapy Catalog_Interactive_2024.pdf,Respiratory 14.15 (PDF p. 130),existing_exact,PRD-426476A0AB,MAJ-1632,existing_exact,high,existing_exact,
1106,BW-411B,Single-Use Combination Cleaning Brush,Olympus,OAIET0124CAT51005_EndoTherapy Catalog_Interactive_2024.pdf,Respiratory 14.16 (PDF p. 131),existing_exact,PRD-2EAA2EFE2C,BW-411B,existing_exact,high,existing_exact,
1107,FB-211D.A,"Single-Use Pulmonary Biopsy Forceps, Alligator Jaw-Step",Olympus,OAIET0124CAT51005_EndoTherapy Catalog_Interactive_2024.pdf,Respiratory 14.01 (PDF p. 114),existing_exact,PRD-882E06A5A9,FB-211D.A,existing_exact,high,existing_exact,
1108,FB-221D.A,"Single-Use Pulmonary Biopsy Forceps, Alligator Jaw-Step with Needle",Olympus,OAIET0124CAT51005_EndoTherapy Catalog_Interactive_2024.pdf,Respiratory 14.01 (PDF p. 114),existing_exact,PRD-9CFCC838A3,FB-221D.A,existing_exact,high,existing_exact,
1109,FB-231D.A,"Single-Use Pulmonary Biopsy Forceps, Standard Oval",Olympus,OAIET0124CAT51005_EndoTherapy Catalog_Interactive_2024.pdf,Respiratory 14.01 (PDF p. 114),existing_exact,PRD-E7FAE36160,FB-231D.A,existing_exact,high,existing_exact,
1110,FB-241D.A,"Single-Use Pulmonary Biopsy Forceps, Standard Oval with Needle",Olympus,OAIET0124CAT51005_EndoTherapy Catalog_Interactive_2024.pdf,Respiratory 14.01 (PDF p. 115),existing_exact,PRD-EF6C5DE6CC,FB-241D.A,existing_exact,high,existing_exact,
1111,BW-400B,Single-Use Wire-Sheath Cleaning Brush,Olympus,OAIET0124CAT51005_EndoTherapy Catalog_Interactive_2024.pdf,Respiratory 14.16 (PDF p. 131),existing_exact,PRD-D771E6D06A,BW-400B,existing_exact,high,existing_exact,
1112,NA-601D-1519,SmoothShot Double-Needle TBNA Needle,Olympus,OAIET0124CAT51005_EndoTherapy Catalog_Interactive_2024.pdf,Respiratory 14.07 (PDF p. 120),existing_exact,PRD-5788C21B1E,NA-601D-1519,existing_exact,high,existing_exact,
1113,NA-401D-1321,SmoothShot TBNA Needle,Olympus,OAIET0124CAT51005_EndoTherapy Catalog_Interactive_2024.pdf,Respiratory 14.06 (PDF p. 119),existing_exact,PRD-A457429809,NA-401D-1321,existing_exact,high,existing_exact,
1114,NA-401D-1521,SmoothShot TBNA Needle,Olympus,OAIET0124CAT51005_EndoTherapy Catalog_Interactive_2024.pdf,Respiratory 14.06 (PDF p. 119),existing_exact,PRD-D4228B0E6F,NA-401D-1521,existing_exact,high,existing_exact,
1115,NA-411D-1321,SmoothShot TBNA Needle with Side Hole,Olympus,OAIET0124CAT51005_EndoTherapy Catalog_Interactive_2024.pdf,Respiratory 14.06 (PDF p. 119),existing_exact,PRD-7E601C1D9F,NA-411D-1321,existing_exact,high,existing_exact,
1116,NA-411D-1521,SmoothShot TBNA Needle with Side Hole,Olympus,OAIET0124CAT51005_EndoTherapy Catalog_Interactive_2024.pdf,Respiratory 14.06 (PDF p. 119),existing_exact,PRD-77145058F8,NA-411D-1521,existing_exact,high,existing_exact,
1117,SYS-5150,SPiN Vision Video Cart,Olympus,OAIET0124CAT51005_EndoTherapy Catalog_Interactive_2024.pdf,Respiratory 14.12 (PDF p. 125),existing_exact,PRD-5CF4A24299,SYS-5150,existing_exact,high,existing_exact,
1118,SYS-5100,SPiN Vision Video Processor,Olympus,OAIET0124CAT51005_EndoTherapy Catalog_Interactive_2024.pdf,Respiratory 14.12 (PDF p. 125),existing_exact,PRD-EA1D57AC9A,SYS-5100,existing_exact,high,existing_exact,
1119,SVS-VSK-KIT,Spiration Valve Airway Sizing Kit,Olympus,OAIET0124CAT51005_EndoTherapy Catalog_Interactive_2024.pdf,Respiratory 14.11 (PDF p. 124),existing_exact,PRD-6D6BE53B9B,SVS-VSK-KIT,existing_exact,high,existing_exact,
1120,SVS-V5-00,Spiration Valve Cartridge,Olympus,OAIET0124CAT51005_EndoTherapy Catalog_Interactive_2024.pdf,Respiratory 14.11 (PDF p. 124),existing_exact,PRD-34234ED158,SVS-V5-00,existing_exact,high,existing_exact,
1121,SVS-V6-00,Spiration Valve Cartridge,Olympus,OAIET0124CAT51005_EndoTherapy Catalog_Interactive_2024.pdf,Respiratory 14.11 (PDF p. 124),existing_exact,PRD-B9B15302A7,SVS-V6-00,existing_exact,high,existing_exact,
1122,SVS-V7-00,Spiration Valve Cartridge,Olympus,OAIET0124CAT51005_EndoTherapy Catalog_Interactive_2024.pdf,Respiratory 14.11 (PDF p. 124),existing_exact,PRD-0A2A8CB33F,SVS-V7-00,existing_exact,high,existing_exact,
1123,SVS-V9-00,Spiration Valve Cartridge,Olympus,OAIET0124CAT51005_EndoTherapy Catalog_Interactive_2024.pdf,Respiratory 14.11 (PDF p. 124),existing_exact,PRD-69DB2A28A9,SVS-V9-00,existing_exact,high,existing_exact,
1124,SVS-C26N-06,Spiration Valve Deployment System,Olympus,OAIET0124CAT51005_EndoTherapy Catalog_Interactive_2024.pdf,Respiratory 14.11 (PDF p. 124),existing_exact,PRD-A85A76CB3E,SVS-C26N-06,existing_exact,high,existing_exact,
1125,BC-201C-1006,Uncovered-Sheath Pulmonary Cytology Brush,Olympus,OAIET0124CAT51005_EndoTherapy Catalog_Interactive_2024.pdf,Respiratory 14.04 (PDF p. 117),existing_exact,PRD-1292C69B1E,BC-201C-1006,existing_exact,high,existing_exact,
1126,NA-U401SX-4021-A,ViziShot 2 EBUS-TBNA Needle,Olympus,OAIET0124CAT51005_EndoTherapy Catalog_Interactive_2024.pdf,Respiratory 14.08 (PDF p. 121),existing_exact,PRD-B9CF43923C,NA-U401SX-4021-A,existing_exact,high,existing_exact,
1127,NA-U401SX-4022-A,ViziShot 2 EBUS-TBNA Needle,Olympus,OAIET0124CAT51005_EndoTherapy Catalog_Interactive_2024.pdf,Respiratory 14.08 (PDF p. 121),existing_exact,PRD-1BCD8D38BC,NA-U401SX-4022-A,existing_exact,high,existing_exact,
1128,NA-U401SX-4025N,ViziShot 2 EBUS-TBNA Needle,Olympus,OAIET0124CAT51005_EndoTherapy Catalog_Interactive_2024.pdf,Respiratory 14.08 (PDF p. 121),existing_exact,PRD-6D9A7A7E79,NA-U401SX-4025N,existing_exact,high,existing_exact,
1129,NA-U401SX-4022-C,"ViziShot 2 EBUS-TBNA Needle, No Syringes",Olympus,OAIET0124CAT51005_EndoTherapy Catalog_Interactive_2024.pdf,Respiratory 14.08 (PDF p. 121),existing_exact,PRD-2EBBDD96EC,NA-U401SX-4022-C,existing_exact,high,existing_exact,
1130,NA-U403SX-4019,ViziShot 2 FLEX EBUS FNA/FNB Needle,Olympus,OAIET0124CAT51005_EndoTherapy Catalog_Interactive_2024.pdf,Respiratory 14.09 (PDF p. 122),existing_exact,PRD-0D6E4DB711,NA-U403SX-4019,existing_exact,high,existing_exact,
1131,NA-201SX-4021,ViziShot EBUS-TBNA Needle,Olympus,OAIET0124CAT51005_EndoTherapy Catalog_Interactive_2024.pdf,Respiratory 14.10 (PDF p. 123),existing_exact,PRD-DF1BEBD0C9,NA-201SX-4021,existing_exact,high,existing_exact,
1132,NA-201SX-4022-A,ViziShot EBUS-TBNA Needle,Olympus,OAIET0124CAT51005_EndoTherapy Catalog_Interactive_2024.pdf,Respiratory 14.10 (PDF p. 123),existing_exact,PRD-664CA0CB26,NA-201SX-4022-A,existing_exact,high,existing_exact,
1133,NA-201SX-4022-B,ViziShot EBUS-TBNA Needle,Olympus,OAIET0124CAT51005_EndoTherapy Catalog_Interactive_2024.pdf,Respiratory 14.10 (PDF p. 123),existing_exact,PRD-E393622AEC,NA-201SX-4022-B,existing_exact,high,existing_exact,
1134,NA-201SX-4022-C,"ViziShot EBUS-TBNA Needle, No Syringes",Olympus,OAIET0124CAT51005_EndoTherapy Catalog_Interactive_2024.pdf,Respiratory 14.10 (PDF p. 123),existing_exact,PRD-365451442E,NA-201SX-4022-C,existing_exact,high,existing_exact,
1135,FG-804L,W-Shape Grasping Forceps,Olympus,OAIET0124CAT51005_EndoTherapy Catalog_Interactive_2024.pdf,Respiratory 14.13 (PDF p. 128),existing_exact,PRD-BEB189750B,FG-804L,existing_exact,high,existing_exact,
1147,KV-6,KV-6 Suction Pump,Olympus,OAIGI0121CAT38678_RA.pdf,p. 7.05,existing_exact,PRD-104DF655AD,KV-6,existing_exact,high,existing_exact,
1148,K10021882,KV-6 Suction Tubing Set,Olympus,OAIGI0121CAT38678_RA.pdf,p. 7.07,existing_exact,PRD-592787DB28,K10021882,existing_exact,high,existing_exact,
1149,K10021893,KV-6 Suction Tubing Set,Olympus,OAIGI0121CAT38678_RA.pdf,p. 7.07,existing_exact,PRD-6B67179C61,K10021893,existing_exact,high,existing_exact,
1160,OEV-262H,OEV-262H 26-inch Medical Monitor,Olympus,OAIGI0121CAT38678_RA.pdf,p. 4.02,existing_exact,PRD-B5FC89830C,OEV-262H,existing_exact,high,existing_exact,
1161,OFP-2,OFP-2 Flushing Pump,Olympus,OAIGI0121CAT38678_RA.pdf,p. 7.02,existing_exact,PRD-F510911B2C,OFP-2,existing_exact,high,existing_exact,
1162,MAJ-1652,"OFP-2 PUMP - Adapter, single-patient use",Olympus,OAIGI0121CAT38678_RA.pdf,p. 7.04,existing_exact,PRD-1B9BB00FC8,MAJ-1652,existing_exact,high,existing_exact,
1163,MAJ-1651,"OFP-2 PUMP - Water tube, single-day use",Olympus,OAIGI0121CAT38678_RA.pdf,p. 7.04,existing_exact,PRD-2C2F29762E,MAJ-1651,existing_exact,high,existing_exact,
1196,Filter bottle tube KV-2/SSU-2,SSU-2 SIMPLE SUCTION UNIT,Olympus,OAIGI0121CAT38678_RA.pdf,p. 7.08,existing_alias_or_format_variant,PRD-150ECDCD05,SSU-2,existing_alias_or_format_variant,high,existing_alias_or_format_variant,
1197,Microbial filter (10 pack),SSU-2 SIMPLE SUCTION UNIT,Olympus,OAIGI0121CAT38678_RA.pdf,p. 7.08,existing_alias_or_format_variant,PRD-150ECDCD05,SSU-2,existing_alias_or_format_variant,high,existing_alias_or_format_variant,
1198,SSU-2,SSU-2 Simple Suction Unit,Olympus,OAIGI0121CAT38678_RA.pdf,p. 7.08,existing_exact,PRD-150ECDCD05,SSU-2,existing_exact,high,existing_exact,
1199,K7505595,SSU-2 SIMPLE SUCTION UNIT - Patient tubing (50 per box),Olympus,OAIGI0121CAT38678_RA.pdf,p. 7.10,existing_exact,PRD-1840ABC86D,K7505595,existing_exact,high,existing_exact,
1201,K10030126,TC-C3 Series Workstation Set,Olympus,OAIGI0121CAT38678_RA.pdf,p. 2.16,existing_exact,PRD-2103064DB9,K10030126,existing_exact,high,existing_exact,
1202,K10030136,TC-C3 Series Workstation Set,Olympus,OAIGI0121CAT38678_RA.pdf,p. 2.16,existing_exact,PRD-1E9BA85FC4,K10030136,existing_exact,high,existing_exact,
1203,K10034675,TC-C3 Series Workstation Set,Olympus,OAIGI0121CAT38678_RA.pdf,p. 2.16,existing_exact,PRD-225513EE42,K10034675,existing_exact,high,existing_exact,
1204,K10034676,TC-C3 Series Workstation Set,Olympus,OAIGI0121CAT38678_RA.pdf,p. 2.16,existing_exact,PRD-136C288332,K10034676,existing_exact,high,existing_exact,
1205,K10029884,TC-C4 Series Workstation Set,Olympus,OAIGI0121CAT38678_RA.pdf,p. 2.13,existing_exact,PRD-4C3147DF15,K10029884,existing_exact,high,existing_exact,
1206,K10029889,TC-C4 Series Workstation Set,Olympus,OAIGI0121CAT38678_RA.pdf,p. 2.13,existing_exact,PRD-6EA4535CE1,K10029889,existing_exact,high,existing_exact,
1207,K10029894,TC-C4 Series Workstation Set,Olympus,OAIGI0121CAT38678_RA.pdf,p. 2.13,existing_exact,PRD-8106E78F85,K10029894,existing_exact,high,existing_exact,
1208,K10029899,TC-C4 Series Workstation Set,Olympus,OAIGI0121CAT38678_RA.pdf,p. 2.13,existing_exact,PRD-1266378787,K10029899,existing_exact,high,existing_exact,
1209,UCR,UCR CO2 Regulation Unit,Olympus,OAIGI0121CAT38678_RA.pdf,p. 6.02,existing_exact,PRD-AACBA3F0AD,UCR,existing_exact,high,existing_exact,
1210,MAJ-1080,UCR Gas Cylinder Hose,Olympus,OAIGI0121CAT38678_RA.pdf,p. 6.04,existing_exact,PRD-75E555BC77,MAJ-1080,existing_exact,high,existing_exact,
1211,MAJ-1084,UCR High-Pressure CO2 Hose,Olympus,OAIGI0121CAT38678_RA.pdf,p. 6.04,existing_exact,PRD-48AEE784DD,MAJ-1084,existing_exact,high,existing_exact,
1212,MAJ-1085,UCR Low-Pressure CO2 Hose,Olympus,OAIGI0121CAT38678_RA.pdf,p. 6.04,existing_exact,PRD-CC458478A5,MAJ-1085,existing_exact,high,existing_exact,
1213,WM-DP3,WM-DP3 Series Workstation,Olympus,OAIGI0121CAT38678_RA.pdf,p. 2.05,existing_exact,PRD-12CFCE9A6C,WM-DP3,existing_exact,high,existing_exact,
1214,K10035361,WM-NP3 Basic Workstation Configuration,Olympus,OAIGI0121CAT38678_RA.pdf,p. 2.04,existing_exact,PRD-FE1DBA6966,K10035361,existing_exact,high,existing_exact,
1215,K10035366,WM-NP3 GI Standard Workstation Configuration,Olympus,OAIGI0121CAT38678_RA.pdf,p. 2.04,existing_exact,PRD-F376B6A68F,K10035366,existing_exact,high,existing_exact,
1216,WM-NP3,WM-NP3 Series Workstation,Olympus,OAIGI0121CAT38678_RA.pdf,p. 2.02,existing_exact,PRD-047902FA9C,WM-NP3,existing_exact,high,existing_exact,
1218,K10035371,WM-NP3 Urology Workstation Configuration,Olympus,OAIGI0121CAT38678_RA.pdf,p. 2.04,existing_exact,PRD-6D6EEB24B8,K10035371,existing_exact,high,existing_exact,
1220,OEC 3D,OEC 3D Mobile Imaging System,GE HealthCare,OEC-3D_Brochure.pdf,OEC 3D brochure,existing_alias_or_format_variant,PRD-DCFC448718,,existing_alias_or_format_variant,high,existing_alias_or_format_variant,
1222,50-7000B,PleurX Pleural Catheter System Component,BD / CareFusion,PleurX™ Pleural Catheter System.pdf,Document p. 3/4 (PDF page 3),existing_exact,PRD-78DC6578D9,50-7000B,exact_identifier,high,exact_identifier,
1225,50-7290A,PleurX Pleural Catheter System Component,BD / CareFusion,PleurX™ Pleural Catheter System.pdf,Document p. 3/4 (PDF page 3),existing_exact,PRD-4423366610,50-7290A,exact_identifier,high,exact_identifier,
1226,50-7500B,PleurX Pleural Catheter System Component,BD / CareFusion,PleurX™ Pleural Catheter System.pdf,Document p. 2/4 (PDF page 2),existing_exact,PRD-B2B0419598,50-7500B,exact_identifier,high,exact_identifier,
1229,Opera EVO,Opera EVO Surgical Laser,Quanta System,Quanta-Laser-2025 (1).pdf,Opera EVO brochure — Thoracic Surgery application panel,existing_alias_or_format_variant,PRD-43308BC331,,existing_alias_or_format_variant,high,existing_alias_or_format_variant,Opera EVO is the exact model/family name; the current governed product is Opera EVO Dual Wavelength Laser and intentionally has no catalog number.
1230,163.905,Automatic Leak Test Adapter,Richard Wolf,Richard Wolfe.pdf,p. 5,existing_exact,PRD-CB102A8291,163.905,existing_exact,high,existing_exact,
1231,8281.33,Biopsy Forceps,Richard Wolf,Richard Wolfe.pdf,p. 25,existing_exact,PRD-C01DCF9726,8281.33,existing_exact,high,existing_exact,
1232,8280.43,"Biopsy Forceps, Smooth",Richard Wolf,Richard Wolfe.pdf,p. 25,existing_exact,PRD-716AA24BEF,8280.43,existing_exact,high,existing_exact,
1233,8282.33,"Biopsy Forceps, Smooth",Richard Wolf,Richard Wolfe.pdf,p. 25,existing_exact,PRD-ED98C24F0E,8282.33,existing_exact,high,existing_exact,
1234,15114175,Biopsy Valve Receptacle,Richard Wolf,Richard Wolfe.pdf,p. 5,existing_exact,PRD-ED5A6147B6,15114175,existing_exact,high,existing_exact,
1235,8205.13,Blue Sealing Cap,Richard Wolf,Richard Wolfe.pdf,p. 18,existing_exact,PRD-25D4F080A3,8205.13,existing_exact,high,existing_exact,
1236,8021.18,Bronchoscope Sealing Cap for 4/3.4/2.7 mm Telescope,Richard Wolf,Richard Wolfe.pdf,p. 18,existing_exact,PRD-83DE1D08C4,8021.18,existing_exact,high,existing_exact,
1237,8020.18,Bronchoscope Sealing Cap for 5.5 mm Telescope,Richard Wolf,Richard Wolfe.pdf,p. 18,existing_exact,PRD-473C35E94F,8020.18,existing_exact,high,existing_exact,
1238,8243.711,"Bypass Forceps, Jaw Curved Left",Richard Wolf,Richard Wolfe.pdf,pp. 53-55,existing_exact,PRD-635FE10D65,8243.711,existing_exact,high,existing_exact,
1239,8290020,Clamping Attachment,Richard Wolf,Richard Wolfe.pdf,p. 5,existing_exact,PRD-985ACD0324,8290020,existing_exact,high,existing_exact,
1240,7980002,Cleaning Brush,Richard Wolf,Richard Wolfe.pdf,p. 5,existing_exact,PRD-2616E505ED,7980002,existing_exact,high,existing_exact,
1241,7990001,Cleaning Brush,Richard Wolf,Richard Wolfe.pdf,p. 5,existing_exact,PRD-4BD7E911C3,7990001,existing_exact,high,existing_exact,
1242,8691,Cleaning Brush,Richard Wolf,Richard Wolfe.pdf,p. 5,existing_exact,PRD-4E59B4CEB3,8691,existing_exact,high,existing_exact,
1243,8296.51,Cotton Applicator,Richard Wolf,Richard Wolfe.pdf,p. 26,existing_exact,PRD-DFDC63935D,8296.51,existing_exact,high,existing_exact,
1244,8295.35,Cotton Swab,Richard Wolf,Richard Wolfe.pdf,p. 26,existing_exact,PRD-0BCFAC0926,8295.35,existing_exact,high,existing_exact,
1246,825630546,"Endobronchial Resector, Aggressive",Richard Wolf,Richard Wolfe.pdf,p. 12,existing_exact,PRD-7CDBD7C74A,825630546,existing_exact,high,existing_exact,
1247,825620446,"Endobronchial Resector, Curved",Richard Wolf,Richard Wolfe.pdf,p. 12,existing_exact,PRD-1C81CBF06E,825620446,existing_exact,high,existing_exact,
1248,825610446,"Endobronchial Resector, Curved Smooth",Richard Wolf,Richard Wolfe.pdf,p. 12,existing_exact,PRD-96993E6593,825610446,existing_exact,high,existing_exact,
1249,825640546,Endobronchial Secretion Remover,Richard Wolf,Richard Wolfe.pdf,p. 12,existing_exact,PRD-DCD7CC99AF,825640546,existing_exact,high,existing_exact,
1250,55253011,ENDOCAM Logic 4K Camera Control Unit Bundle,Richard Wolf,Richard Wolfe.pdf,p. 4,existing_exact,PRD-CE23D2A34E,55253011,existing_exact,high,existing_exact,
1251,8095,Endoscope-Side Light Cable Adapter,Richard Wolf,Richard Wolfe.pdf,p. 18,existing_alias_or_format_variant,PRD-2DBF0805A2,8095.00,existing_alias_or_format_variant,high,existing_alias_or_format_variant,CSV extraction dropped official decimal zero(s); source prints 8095.00.
1252,82340014,ERAGONbipolar Forceps Bundle,Richard Wolf,Richard Wolfe.pdf,p. 14,existing_exact,PRD-7E9D9CEC94,82340014,existing_exact,high,existing_exact,
1253,82340024,ERAGONbipolar Jaw Insert,Richard Wolf,Richard Wolfe.pdf,p. 14,existing_exact,PRD-F7968862EF,82340024,existing_exact,high,existing_exact,
1254,823400005,ERAGONbipolar Pistol Handle,Richard Wolf,Richard Wolfe.pdf,p. 14,existing_exact,PRD-543E5F36B7,823400005,existing_exact,high,existing_exact,
1255,839300102,ERAGONbipolar Sheath Tube 5.5 mm x 435 mm,Richard Wolf,Richard Wolfe.pdf,p. 14,existing_exact,PRD-5D118F7388,839300102,existing_exact,high,existing_exact,
1256,806625231,"Fiber Light Cable Bundle, 2.5 mm x 2.3 m",Richard Wolf,Richard Wolfe.pdf,p. 6,existing_exact,PRD-18D62EB4E8,806625231,existing_exact,high,existing_exact,
1257,7235011,"Flexible 1-Channel Sensor Bronchoscope ""Slim""",Richard Wolf,Richard Wolfe.pdf,p. 3,existing_exact,PRD-1F54DB1DE4,7235011,existing_exact,high,existing_exact,
1258,829.601,Flexible Biopsy Forceps,Richard Wolf,Richard Wolfe.pdf,p. 5,existing_exact,PRD-A2F4A953C4,829.601,existing_exact,high,existing_exact,
1259,828.651,Flexible Grasping Forceps,Richard Wolf,Richard Wolfe.pdf,p. 5,existing_exact,PRD-0F30F277C1,828.651,existing_exact,high,existing_exact,
1260,8906.001,Flexible Trocar Sleeve,Richard Wolf,Richard Wolfe.pdf,pp. 49-51,existing_exact,PRD-9CCC6DB32E,8906.001,existing_exact,high,existing_exact,
1261,8906.011,Flexible Trocar Sleeve,Richard Wolf,Richard Wolfe.pdf,pp. 49-51,existing_exact,PRD-DFFE75EB48,8906.011,existing_exact,high,existing_exact,
1262,8906.031,Flexible Trocar Sleeve,Richard Wolf,Richard Wolfe.pdf,pp. 49-51,existing_exact,PRD-68E4686E4B,8906.031,existing_exact,high,existing_exact,
1263,8281.311,"Foreign Body Grasping Forceps, Serrated",Richard Wolf,Richard Wolfe.pdf,p. 25,existing_exact,PRD-AE3B2BA40B,8281.311,existing_exact,high,existing_exact,
1264,8280.47,Grasping Forceps for Soft Foreign Bodies,Richard Wolf,Richard Wolfe.pdf,p. 25,existing_exact,PRD-0C13E4001B,8280.47,existing_exact,high,existing_exact,
1265,8281.37,Grasping Forceps for Soft Foreign Bodies,Richard Wolf,Richard Wolfe.pdf,p. 25,existing_exact,PRD-4298F66678,8281.37,existing_exact,high,existing_exact,
1266,8282.37,Grasping Forceps for Soft Foreign Bodies,Richard Wolf,Richard Wolfe.pdf,p. 25,existing_exact,PRD-FB1867A930,8282.37,existing_exact,high,existing_exact,
1267,8280.41,"Grasping Forceps, Serrated",Richard Wolf,Richard Wolfe.pdf,p. 25,existing_exact,PRD-75434A8582,8280.41,existing_exact,high,existing_exact,
1268,412700,Hand Blower with Sterile Disposable Filter,Richard Wolf,Richard Wolfe.pdf,p. 26,existing_exact,PRD-FCD805E954,412700,existing_exact,high,existing_exact,
1269,8214.0641,HEMER Bronchoscope Tube Bundle,Richard Wolf,Richard Wolfe.pdf,p. 16,existing_exact,PRD-125BCF3BDD,8214.0641,existing_exact,high,existing_exact,
1270,8214.0741,HEMER Bronchoscope Tube Bundle,Richard Wolf,Richard Wolfe.pdf,p. 16,existing_exact,PRD-B4FCC0198A,8214.0741,existing_exact,high,existing_exact,
1271,8214.0841,HEMER Bronchoscope Tube Bundle,Richard Wolf,Richard Wolfe.pdf,p. 16,existing_exact,PRD-7B69AB81B4,8214.0841,existing_exact,high,existing_exact,
1272,8214.0941,HEMER Bronchoscope Tube Bundle,Richard Wolf,Richard Wolfe.pdf,p. 16,existing_exact,PRD-E4277B23A8,8214.0941,existing_exact,high,existing_exact,
1273,8214.1041,HEMER Bronchoscope Tube Bundle,Richard Wolf,Richard Wolfe.pdf,p. 16,existing_exact,PRD-53FF14A0C3,8214.1041,existing_exact,high,existing_exact,
1274,8214.1261,HEMER Bronchoscope Tube Bundle,Richard Wolf,Richard Wolfe.pdf,p. 16,existing_exact,PRD-CB5FB20E4F,8214.1261,existing_exact,high,existing_exact,
1275,8214.1241,HEMER Tracheoscope Tube Bundle,Richard Wolf,Richard Wolfe.pdf,p. 17,existing_exact,PRD-A0214EBAC0,8214.1241,existing_exact,high,existing_exact,
1276,8214.1281,HEMER Tracheoscope Tube Bundle,Richard Wolf,Richard Wolfe.pdf,p. 17,existing_exact,PRD-91BFC52CEC,8214.1281,existing_exact,high,existing_exact,
1277,8214.1441,HEMER Tracheoscope Tube Bundle,Richard Wolf,Richard Wolfe.pdf,p. 17,existing_exact,PRD-DE28F9BAFD,8214.1441,existing_exact,high,existing_exact,
1278,844202110,HF Coagulation Suction Tube,Richard Wolf,Richard Wolfe.pdf,p. 12,existing_exact,PRD-D58A0A54AA,844202110,existing_exact,high,existing_exact,
1279,8217.12,Illumination Insert,Richard Wolf,Richard Wolfe.pdf,p. 18,existing_exact,PRD-97B68B1ECE,8217.12,existing_exact,high,existing_exact,
1280,163912,Irrigation Adapter,Richard Wolf,Richard Wolfe.pdf,p. 5,existing_exact,PRD-5B0D81C458,163912,existing_exact,high,existing_exact,
1281,8238.5021,Jet Ventilation Respiration Adapter,Richard Wolf,Richard Wolfe.pdf,p. 18,existing_exact,PRD-AEB8017EDB,8238.5021,existing_exact,high,existing_exact,
1282,8238.502,Jet Ventilation Respiration Adapter Bundle,Richard Wolf,Richard Wolfe.pdf,p. 18,existing_exact,PRD-7058C81A50,8238.502,existing_exact,high,existing_exact,
1283,163.903,Leak Tester,Richard Wolf,Richard Wolfe.pdf,p. 5,existing_exact,PRD-E353F2E250,163.903,existing_exact,high,existing_exact,
1284,15401.071,Luer Connector,Richard Wolf,Richard Wolfe.pdf,p. 18,existing_exact,PRD-BFAC46626D,15401.071,existing_exact,high,existing_exact,
1285,15023205,Luer Sealing Cap,Richard Wolf,Richard Wolfe.pdf,p. 5,existing_exact,PRD-76C2832C18,15023205,existing_exact,high,existing_exact,
1286,8242.611,"Lung Grasping Forceps, Angled",Richard Wolf,Richard Wolfe.pdf,pp. 53-55,existing_exact,PRD-2BD5C6261D,8242.611,existing_exact,high,existing_exact,
1287,8920.4011,Mini Thoracoscope OR Endoscope Bundle,Richard Wolf,Richard Wolfe.pdf,p. 43,existing_exact,PRD-5FA4880E82,8920.4011,existing_exact,high,existing_exact,
1288,2304.001,Motor Control Unit 2304,Richard Wolf,Richard Wolfe.pdf,p. 11,existing_exact,PRD-695162DE9E,2304.001,existing_exact,high,existing_exact,
1289,89951.0001,"Motor Handpiece, max 3000 rpm",Richard Wolf,Richard Wolfe.pdf,p. 11,existing_exact,PRD-1058B185EB,89951.0001,existing_exact,high,existing_exact,
1290,82530.0601,"Optical Biopsy Forceps, Curved Up",Richard Wolf,Richard Wolfe.pdf,p. 23,existing_exact,PRD-663E85AB45,82530.0601,existing_exact,high,existing_exact,
1291,82530.0701,"Optical Biopsy Forceps, Curved Up",Richard Wolf,Richard Wolfe.pdf,p. 21,existing_exact,PRD-FF384E6481,82530.0701,existing_exact,high,existing_exact,
1292,8465.63,"Optical Biopsy Forceps, Straight",Richard Wolf,Richard Wolfe.pdf,p. 21,existing_exact,PRD-F40F385751,8465.63,existing_exact,high,existing_exact,
1293,8464.63,Optical Double-Spoon Biopsy Forceps,Richard Wolf,Richard Wolfe.pdf,p. 20,existing_exact,PRD-F1DC24ED97,8464.63,existing_exact,high,existing_exact,
1294,8465.61,Optical Grasping Forceps,Richard Wolf,Richard Wolfe.pdf,p. 21,existing_exact,PRD-DFBA1DB7E3,8465.61,existing_exact,high,existing_exact,
1295,8466654,Optical Grasping Forceps Grasper 3XL,Richard Wolf,Richard Wolfe.pdf,p. 23,existing_exact,PRD-0577F2977F,8466654,existing_exact,high,existing_exact,
1296,82530.0703,"Optical Grasping Forceps, Curved Up",Richard Wolf,Richard Wolfe.pdf,p. 22,existing_exact,PRD-14D0927E5A,82530.0703,existing_exact,high,existing_exact,
1297,82530.0404,"Optical Grasping Forceps, Straight",Richard Wolf,Richard Wolfe.pdf,p. 20,existing_exact,PRD-41F9791461,82530.0404,existing_exact,high,existing_exact,
1298,82530.0604,"Optical Grasping Forceps, Straight",Richard Wolf,Richard Wolfe.pdf,p. 23,existing_exact,PRD-891A7CBCBC,82530.0604,existing_exact,high,existing_exact,
1299,82530.0704,"Optical Grasping Forceps, Straight",Richard Wolf,Richard Wolfe.pdf,p. 22,existing_exact,PRD-8337850C95,82530.0704,existing_exact,high,existing_exact,
1300,8464.61,Optical Pike-Mouth Grasping Forceps,Richard Wolf,Richard Wolfe.pdf,p. 20,existing_exact,PRD-058B06F45B,8464.61,existing_exact,high,existing_exact,
1301,8466.651,Optical Reichle Biopsy Forceps Bagger XL,Richard Wolf,Richard Wolfe.pdf,p. 22,existing_exact,PRD-4F06212417,8466.651,existing_exact,high,existing_exact,
1302,8466.652,Optical Reichle Biopsy Forceps Bagger XXL,Richard Wolf,Richard Wolfe.pdf,p. 22,existing_exact,PRD-4DBE64B0DA,8466.652,existing_exact,high,existing_exact,
1303,8466.653,Optical Reichle Grasping Forceps Grasper XXL,Richard Wolf,Richard Wolfe.pdf,p. 23,existing_exact,PRD-CB9242F78E,8466.653,existing_exact,high,existing_exact,
1304,82530.0602,Optical Retrograde Biopsy Forceps,Richard Wolf,Richard Wolfe.pdf,p. 23,existing_exact,PRD-D217637957,82530.0602,existing_exact,high,existing_exact,
1305,82530.0702,Optical Retrograde Biopsy Forceps,Richard Wolf,Richard Wolfe.pdf,p. 21,existing_exact,PRD-6B09435B5B,82530.0702,existing_exact,high,existing_exact,
1306,8464.64,Optical Retrograde Biopsy Forceps,Richard Wolf,Richard Wolfe.pdf,p. 20,existing_exact,PRD-7F94CAD8E8,8464.64,existing_exact,high,existing_exact,
1307,8465.64,Optical Retrograde Biopsy Forceps,Richard Wolf,Richard Wolfe.pdf,p. 21,existing_exact,PRD-7563085A90,8465.64,existing_exact,high,existing_exact,
1308,8913.6,Optical Thoracoscopy Grasping Forceps,Richard Wolf,Richard Wolfe.pdf,p. 44,existing_alias_or_format_variant,PRD-5E2713887A,8913.60,existing_alias_or_format_variant,high,existing_alias_or_format_variant,CSV extraction dropped official decimal zero(s); source prints 8913.60.
1309,82530.0405,Optical Universal Forceps,Richard Wolf,Richard Wolfe.pdf,p. 20,existing_exact,PRD-3A4F408F18,82530.0405,existing_exact,high,existing_exact,
1310,82530.0605,Optical Universal Forceps,Richard Wolf,Richard Wolfe.pdf,p. 24,existing_exact,PRD-7EAB3D4582,82530.0605,existing_exact,high,existing_exact,
1311,82530.0705,"Optical Universal Forceps, Curved Up",Richard Wolf,Richard Wolfe.pdf,p. 22,existing_exact,PRD-167A020826,82530.0705,existing_exact,high,existing_exact,
1312,82514.431,PANOVIEW PLUS Telescope,Richard Wolf,Richard Wolfe.pdf,p. 19,existing_exact,PRD-123BAC018B,82514.431,existing_exact,high,existing_exact,
1313,82514.433,PANOVIEW PLUS Telescope,Richard Wolf,Richard Wolfe.pdf,p. 19,existing_exact,PRD-FEA0F47B62,82514.433,existing_exact,high,existing_exact,
1314,8933.431,PANOVIEW PLUS Telescope,Richard Wolf,Richard Wolfe.pdf,pp. 44-48,existing_exact,PRD-2058BA100A,8933.431,existing_exact,high,existing_exact,
1315,8934.4424,PANOVIEW PLUS Telescope,Richard Wolf,Richard Wolfe.pdf,pp. 44-48,existing_exact,PRD-2ACB51E58C,8934.4424,existing_exact,high,existing_exact,
1316,8934.4434,PANOVIEW PLUS Telescope,Richard Wolf,Richard Wolfe.pdf,pp. 44-48,existing_exact,PRD-D99A37C035,8934.4434,existing_exact,high,existing_exact,
1317,8464.3,PANOVIEW Telescope,Richard Wolf,Richard Wolfe.pdf,p. 19,existing_alias_or_format_variant,PRD-C32CFEC594,8464.30,existing_alias_or_format_variant,high,existing_alias_or_format_variant,CSV extraction dropped official decimal zero(s); source prints 8464.30.
1318,8465.3,PANOVIEW Telescope,Richard Wolf,Richard Wolfe.pdf,p. 19,existing_alias_or_format_variant,PRD-D736275364,8465.30,existing_alias_or_format_variant,high,existing_alias_or_format_variant,CSV extraction dropped official decimal zero(s); source prints 8465.30.
1319,8465.32,PANOVIEW Telescope,Richard Wolf,Richard Wolfe.pdf,p. 19,existing_exact,PRD-50AAFE240E,8465.32,existing_exact,high,existing_exact,
1320,8933.432,PANOVIEW Telescope,Richard Wolf,Richard Wolfe.pdf,pp. 44-48,existing_exact,PRD-AD5DB57EBC,8933.432,existing_exact,high,existing_exact,
1321,8933.433,PANOVIEW Telescope,Richard Wolf,Richard Wolfe.pdf,pp. 44-48,existing_exact,PRD-5B271EC93B,8933.433,existing_exact,high,existing_exact,
1322,8934.431,PANOVIEW Telescope,Richard Wolf,Richard Wolfe.pdf,pp. 44-48,existing_exact,PRD-B4E0EB9EFB,8934.431,existing_exact,high,existing_exact,
1323,8934.432,PANOVIEW Telescope,Richard Wolf,Richard Wolfe.pdf,pp. 44-48,existing_exact,PRD-2FBD344316,8934.432,existing_exact,high,existing_exact,
1324,8934.433,PANOVIEW Telescope,Richard Wolf,Richard Wolfe.pdf,pp. 44-48,existing_exact,PRD-1FE403B84C,8934.433,existing_exact,high,existing_exact,
1325,8935.441,PANOVIEW Telescope,Richard Wolf,Richard Wolfe.pdf,pp. 44-48,existing_exact,PRD-BA86F45760,8935.441,existing_exact,high,existing_exact,
1326,8935.442,PANOVIEW Telescope,Richard Wolf,Richard Wolfe.pdf,pp. 44-48,existing_exact,PRD-A1B7FC0BD4,8935.442,existing_exact,high,existing_exact,
1327,8935.443,PANOVIEW Telescope,Richard Wolf,Richard Wolfe.pdf,pp. 44-48,existing_exact,PRD-6BF80B6E0D,8935.443,existing_exact,high,existing_exact,
1328,8650.414,PANOVIEW Thoracoscopy Telescope,Richard Wolf,Richard Wolfe.pdf,pp. 44-48,existing_exact,PRD-B6A919EF32,8650.414,existing_exact,high,existing_exact,
1329,89354416,PANOVIEW ULTRA Telescope,Richard Wolf,Richard Wolfe.pdf,pp. 44-48,existing_exact,PRD-4BB84F196B,89354416,existing_exact,high,existing_exact,
1330,89354426,PANOVIEW ULTRA Telescope,Richard Wolf,Richard Wolfe.pdf,pp. 44-48,existing_exact,PRD-01F519887A,89354426,existing_exact,high,existing_exact,
1331,8935461,PANOVIEW ULTRA Telescope,Richard Wolf,Richard Wolfe.pdf,pp. 44-48,existing_exact,PRD-0221D4FEAA,8935461,existing_exact,high,existing_exact,
1332,8935462,PANOVIEW ULTRA Telescope,Richard Wolf,Richard Wolfe.pdf,pp. 44-48,existing_exact,PRD-6E580584DD,8935462,existing_exact,high,existing_exact,
1333,8242.603,"Parenchyma Forceps 50 mm, Curved Left",Richard Wolf,Richard Wolfe.pdf,pp. 53-55,existing_exact,PRD-529E58AC8C,8242.603,existing_exact,high,existing_exact,
1334,8242.604,"Parenchyma Forceps 50 mm, Curved Right",Richard Wolf,Richard Wolfe.pdf,pp. 53-55,existing_exact,PRD-023092D446,8242.604,existing_exact,high,existing_exact,
1335,8242.601,"Parenchyma Forceps, Curved Left",Richard Wolf,Richard Wolfe.pdf,pp. 53-55,existing_exact,PRD-6CB8BD3445,8242.601,existing_exact,high,existing_exact,
1336,8242.602,"Parenchyma Forceps, Curved Right",Richard Wolf,Richard Wolfe.pdf,pp. 53-55,existing_exact,PRD-A8A5497344,8242.602,existing_exact,high,existing_exact,
1337,8243.604,"Parenchyma Grasping Forceps, Curved",Richard Wolf,Richard Wolfe.pdf,pp. 53-55,existing_exact,PRD-901A1A1C5C,8243.604,existing_exact,high,existing_exact,
1338,8243.603,"Parenchyma Grasping Forceps, Straight",Richard Wolf,Richard Wolfe.pdf,pp. 53-55,existing_exact,PRD-58CFB02C8E,8243.603,existing_exact,high,existing_exact,
1339,163.904,Pressure Equalization Valve,Richard Wolf,Richard Wolfe.pdf,p. 5,existing_exact,PRD-B9B63919B0,163.904,existing_exact,high,existing_exact,
1340,8291.45,"Rigid Suction Tube, Central/Lateral Openings",Richard Wolf,Richard Wolfe.pdf,p. 26,existing_exact,PRD-53805EF31F,8291.45,existing_exact,high,existing_exact,
1341,8923.013,RIWO-ART Slanted Trocar Sleeve,Richard Wolf,Richard Wolfe.pdf,pp. 49-51,existing_exact,PRD-67D1D03D3F,8923.013,existing_exact,high,existing_exact,
1342,8923.023,RIWO-ART Slanted Trocar Sleeve with Thread,Richard Wolf,Richard Wolfe.pdf,pp. 49-51,existing_exact,PRD-A8B69D1E0B,8923.023,existing_exact,high,existing_exact,
1343,8923.014,RIWO-ART Straight Trocar Sleeve,Richard Wolf,Richard Wolfe.pdf,pp. 49-51,existing_exact,PRD-D2F1921685,8923.014,existing_exact,high,existing_exact,
1344,8923.016,RIWO-ART Straight Trocar Sleeve,Richard Wolf,Richard Wolfe.pdf,pp. 49-51,existing_exact,PRD-4F64240AD0,8923.016,existing_exact,high,existing_exact,
1345,8923.024,RIWO-ART Straight Trocar Sleeve with Thread,Richard Wolf,Richard Wolfe.pdf,pp. 49-51,existing_exact,PRD-40B834E981,8923.024,existing_exact,high,existing_exact,
1346,8923.026,RIWO-ART Straight Trocar Sleeve with Thread,Richard Wolf,Richard Wolfe.pdf,pp. 49-51,existing_exact,PRD-8509EF4D1E,8923.026,existing_exact,high,existing_exact,
1347,8280.46,Rotation Forceps for Hard Foreign Bodies,Richard Wolf,Richard Wolfe.pdf,p. 25,existing_exact,PRD-C717487CFD,8280.46,existing_exact,high,existing_exact,
1348,15176173,Seal,Richard Wolf,Richard Wolfe.pdf,p. 5,existing_exact,PRD-5941DF2464,15176173,existing_exact,high,existing_exact,
1349,8205.12,Sealing Cap with Monitoring Window,Richard Wolf,Richard Wolfe.pdf,p. 18,existing_exact,PRD-993274DBA5,8205.12,existing_exact,high,existing_exact,
1350,8256.99,Sealing Plug 25 mm,Richard Wolf,Richard Wolfe.pdf,p. 18,existing_exact,PRD-E6B6E0ACC5,8256.99,existing_exact,high,existing_exact,
1351,15114.052,Sealing Valve Bundle (20 pcs),Richard Wolf,Richard Wolfe.pdf,p. 5,existing_exact,PRD-4A329E27C5,15114.052,existing_exact,high,existing_exact,
1352,8280.44,"Spoon Forceps, Smooth",Richard Wolf,Richard Wolfe.pdf,p. 25,existing_exact,PRD-AF3652245F,8280.44,existing_exact,high,existing_exact,
1353,8906.081,Stainless Steel Trocar Sleeve,Richard Wolf,Richard Wolfe.pdf,pp. 49-51,existing_exact,PRD-A12A620A18,8906.081,existing_exact,high,existing_exact,
1354,4565901M,Sterile Suction Valve (20 pcs),Richard Wolf,Richard Wolfe.pdf,p. 5,existing_exact,PRD-5CD03F0708,4565901M,existing_exact,high,existing_exact,
1355,8379.672,Surgical Probe,Richard Wolf,Richard Wolfe.pdf,p. 52,existing_exact,PRD-EEA17CA0DB,8379.672,existing_exact,high,existing_exact,
1356,8383.66,Surgical Probe,Richard Wolf,Richard Wolfe.pdf,p. 52,existing_exact,PRD-0E6A5953F1,8383.66,existing_exact,high,existing_exact,
1357,8384.66,Surgical Probe,Richard Wolf,Richard Wolfe.pdf,p. 52,existing_exact,PRD-B94F3A417B,8384.66,existing_exact,high,existing_exact,
1358,8215.713,Telescope Adapter,Richard Wolf,Richard Wolfe.pdf,pp. 15-17,existing_exact,PRD-36F32A458B,8215.713,existing_exact,high,existing_exact,
1359,8215.714,Telescope Adapter,Richard Wolf,Richard Wolfe.pdf,pp. 15-17,existing_exact,PRD-2EB4F34219,8215.714,existing_exact,high,existing_exact,
1360,8215.715,Telescope Adapter,Richard Wolf,Richard Wolfe.pdf,pp. 15-17,existing_exact,PRD-5C35FB169D,8215.715,existing_exact,high,existing_exact,
1361,8215.716,Telescope Adapter,Richard Wolf,Richard Wolfe.pdf,pp. 15-17,existing_exact,PRD-A3EBA86219,8215.716,existing_exact,high,existing_exact,
1362,82520.0841,TEXAS Bronchoscope Tube ID 11 mm,Richard Wolf,Richard Wolfe.pdf,p. 10,existing_exact,PRD-B077E82907,82520.0841,existing_exact,high,existing_exact,
1363,82520.0842,"TEXAS Bronchoscope Tube ID 11 mm, no distal viewing window",Richard Wolf,Richard Wolfe.pdf,p. 10,existing_exact,PRD-5E6845A633,82520.0842,existing_exact,high,existing_exact,
1364,82520.1041,TEXAS Bronchoscope Tube ID 13 mm,Richard Wolf,Richard Wolfe.pdf,p. 10,existing_exact,PRD-095515E20C,82520.1041,existing_exact,high,existing_exact,
1365,82520.0641,TEXAS Bronchoscope Tube ID 9.2 mm,Richard Wolf,Richard Wolfe.pdf,p. 10,existing_exact,PRD-924AFC41F8,82520.0641,existing_exact,high,existing_exact,
1366,825101100,TEXAS Distal Illumination Head System,Richard Wolf,Richard Wolfe.pdf,pp. 6-7,existing_exact,PRD-54CEDAAE5B,825101100,existing_exact,high,existing_exact,
1367,825101401,TEXAS Optic Element Bundle,Richard Wolf,Richard Wolfe.pdf,p. 6,existing_exact,PRD-0F20768341,825101401,existing_exact,high,existing_exact,
1368,825101200,TEXAS Proximal Illumination Head System,Richard Wolf,Richard Wolfe.pdf,pp. 6-7,existing_exact,PRD-AC9CC6E8A4,825101200,existing_exact,high,existing_exact,
1369,825210830,TEXAS Tracheoscope Tube ID 11 mm,Richard Wolf,Richard Wolfe.pdf,p. 10,existing_exact,PRD-523148A737,825210830,existing_exact,high,existing_exact,
1370,825211030,TEXAS Tracheoscope Tube ID 13 mm,Richard Wolf,Richard Wolfe.pdf,p. 10,existing_exact,PRD-D18E672989,825211030,existing_exact,high,existing_exact,
1371,82520.1241,TEXAS Tracheoscope Tube ID 15 mm,Richard Wolf,Richard Wolfe.pdf,p. 10,existing_exact,PRD-59D2DF4F88,82520.1241,existing_exact,high,existing_exact,
1372,825211230,TEXAS Tracheoscope Tube ID 15 mm,Richard Wolf,Richard Wolfe.pdf,p. 10,existing_exact,PRD-3C756110F0,825211230,existing_exact,high,existing_exact,
1373,825211430,TEXAS Tracheoscope Tube ID 17 mm,Richard Wolf,Richard Wolfe.pdf,p. 10,existing_exact,PRD-2EB7F5EEC1,825211430,existing_exact,high,existing_exact,
1374,82520.1441,TEXAS Tracheoscope Tube ID 17.1 mm,Richard Wolf,Richard Wolfe.pdf,p. 10,existing_exact,PRD-00C13A59AA,82520.1441,existing_exact,high,existing_exact,
1375,8243.404,"Thoracoscopy Scissors, Curved",Richard Wolf,Richard Wolfe.pdf,pp. 53-55,existing_exact,PRD-24AE19F5D2,8243.404,existing_exact,high,existing_exact,
1376,8243.403,"Thoracoscopy Scissors, Straight",Richard Wolf,Richard Wolfe.pdf,pp. 53-55,existing_exact,PRD-759CE9B00A,8243.403,existing_exact,high,existing_exact,
1377,8243.701,Thoracoscopy Tissue Retractor,Richard Wolf,Richard Wolfe.pdf,pp. 53-55,existing_exact,PRD-F6BB76BECF,8243.701,existing_exact,high,existing_exact,
1378,823400001,TipControl Articulated Biopsy Forceps,Richard Wolf,Richard Wolfe.pdf,p. 13,existing_exact,PRD-388B36D2E2,823400001,existing_exact,high,existing_exact,
1379,823400002,TipControl Articulated Grasping Forceps,Richard Wolf,Richard Wolfe.pdf,p. 13,existing_exact,PRD-0BA1BB5296,823400002,existing_exact,high,existing_exact,
1380,823400003,TipControl Articulated Scissors,Richard Wolf,Richard Wolfe.pdf,p. 13,existing_exact,PRD-027269F110,823400003,existing_exact,high,existing_exact,
1381,8905.331,Trocar Sleeve with Membrane Valve,Richard Wolf,Richard Wolfe.pdf,pp. 49-51,existing_exact,PRD-BA7CBE6482,8905.331,existing_exact,high,existing_exact,
1382,8905.351,Trocar Sleeve with Membrane Valve,Richard Wolf,Richard Wolfe.pdf,pp. 49-51,existing_exact,PRD-ED212D7E3C,8905.351,existing_exact,high,existing_exact,
1383,8919.331,Trocar Sleeve with Membrane Valve,Richard Wolf,Richard Wolfe.pdf,pp. 49-51,existing_exact,PRD-C1F90B7445,8919.331,existing_exact,high,existing_exact,
1384,8919.351,Trocar Sleeve with Membrane Valve,Richard Wolf,Richard Wolfe.pdf,pp. 49-51,existing_exact,PRD-8287E5FFEF,8919.351,existing_exact,high,existing_exact,
1385,8906.051,Trocar Sleeve with Rubber Cap,Richard Wolf,Richard Wolfe.pdf,pp. 49-51,existing_exact,PRD-7E7BC96506,8906.051,existing_exact,high,existing_exact,
1386,8919.333,Trocar Sleeve with Stopcock,Richard Wolf,Richard Wolfe.pdf,pp. 49-51,existing_exact,PRD-AD1CD2C1B2,8919.333,existing_exact,high,existing_exact,
1387,8919.353,Trocar Sleeve with Stopcock,Richard Wolf,Richard Wolfe.pdf,pp. 49-51,existing_exact,PRD-3236D0CEDC,8919.353,existing_exact,high,existing_exact,
1388,886,Tube with Luer-Lock Connector,Richard Wolf,Richard Wolfe.pdf,p. 5,existing_alias_or_format_variant,PRD-FF9CE26B43,886.00,existing_alias_or_format_variant,high,existing_alias_or_format_variant,CSV extraction dropped official decimal zero(s); source prints 886.00.
1389,8280.45,"Tumor Forceps, Severing",Richard Wolf,Richard Wolfe.pdf,p. 25,existing_exact,PRD-6C99AA9B16,8280.45,existing_exact,high,existing_exact,
1390,2304.901,Two-Pedal Footswitch,Richard Wolf,Richard Wolfe.pdf,p. 11,existing_exact,PRD-9B0EE44246,2304.901,existing_exact,high,existing_exact,
1391,8020.15,Universal Bronchoscope Cap,Richard Wolf,Richard Wolfe.pdf,p. 18,existing_exact,PRD-9C1CF84490,8020.15,existing_exact,high,existing_exact,
1392,8280.42,"Universal Forceps, Serrated",Richard Wolf,Richard Wolfe.pdf,p. 25,existing_exact,PRD-CE081B3A72,8280.42,existing_exact,high,existing_exact,
1393,8242.651,"Vessel Clamp, Curved Left",Richard Wolf,Richard Wolfe.pdf,pp. 53-55,existing_exact,PRD-9C5FCF73E5,8242.651,existing_exact,high,existing_exact,
1394,8242.652,"Vessel Clamp, Curved Right",Richard Wolf,Richard Wolfe.pdf,pp. 53-55,existing_exact,PRD-6D2D08656C,8242.652,existing_exact,high,existing_exact,
1395,8214.0721,WOLF Bronchoscope Tube Bundle,Richard Wolf,Richard Wolfe.pdf,p. 15,existing_exact,PRD-598FB0AD5D,8214.0721,existing_exact,high,existing_exact,
1396,8214.0821,WOLF Bronchoscope Tube Bundle,Richard Wolf,Richard Wolfe.pdf,p. 15,existing_exact,PRD-18F33007D6,8214.0821,existing_exact,high,existing_exact,
1397,8214.0921,WOLF Bronchoscope Tube Bundle,Richard Wolf,Richard Wolfe.pdf,p. 15,existing_exact,PRD-5C40D8FE80,8214.0921,existing_exact,high,existing_exact,
1398,8214.1021,WOLF Bronchoscope Tube Bundle,Richard Wolf,Richard Wolfe.pdf,p. 15,existing_exact,PRD-1DCE96086D,8214.1021,existing_exact,high,existing_exact,
1399,Not stated in source,Scivita Single-Use Bronchoscope,Scivita Medical Technology,Scivita-Single-Use-Bronchoscope-Brochure.pdf,,existing_family_or_package_variant,,,existing_family_or_package_variant,moderate,existing_family_or_package_variant,"Family-only row without exact model; current catalog already contains SBV-1A-B, SBV-1B-B, and SBV-1C-B exact models."
1403,26072UF,Optical Dissection Electrode,Karl Storz,Search - Pleurodesis _ KARL STORZ Endoskope _ Cyprus.pdf,Pleurodesis search-results page,existing_exact,PRD-4A1701C80B,26072UF,Karl Storz/MFR-12BAB1E48C + exact normalized identifier 26072UF,high,manufacturer_and_catalog_number_exact,
1405,Not stated in source,Shiley Flexible Tracheostomy Tube Portfolio,Medtronic,shiley-flex-taperguard-cuff-sizing-guide.pdf; shiley-flexible-adult-tracheostomy-tubes-brochure copy.pdf; shiley-flexible-adult-tracheostomy-tubes-brochure.pdf; shiley-flexible-adult-tracheostomy-tubes-comparison-information-sheet.pdf; shiley-flexible-tracheostomy-a-sku-sizing-information-sheet.pdf; shiley-flexible-tracheostomy-enhanced-portfolio-comparison-guide.pdf; shiley-flexible-tracheostomy-tube-customer-brochure.pdf; shiley-xlt-extended-length-tracheostomy-tubes-brochure.pdf; Shiley™ Flexible Adult Tracheostomy Tube _ Medtronic.pdf; Shiley™ XLT Extended Length Tracheostomy Tube _ Medtronic.pdf,Document p. not stated (PDF page 1),existing_family_or_package_variant,,,family_or_resource_row_without_exact_orderable_identifier,moderate,family_or_resource_row_without_exact_orderable_identifier,
1407,10CN10A,Shiley Flexible Adult Cuffed Tracheostomy Tube,Medtronic,Shiley™ Flexible Adult Tracheostomy Tube _ Medtronic.pdf,Document p. not stated (PDF page 4),existing_alias_or_format_variant,PRD-6826FE4C0E,10CN10H,manufacturer_states_A_replaces_H_as_version_only_code_change_not_new_product,high,manufacturer_states_A_replaces_H_as_version_only_code_change_not_new_product,
1410,6CN75A,Shiley Flexible Adult Cuffed Tracheostomy Tube,Medtronic,Shiley™ Flexible Adult Tracheostomy Tube _ Medtronic.pdf,Document p. not stated (PDF page 4),existing_alias_or_format_variant,PRD-E088452873,6CN75H,manufacturer_states_A_replaces_H_as_version_only_code_change_not_new_product,high,manufacturer_states_A_replaces_H_as_version_only_code_change_not_new_product,
1411,7CN80A,Shiley Flexible Adult Cuffed Tracheostomy Tube,Medtronic,Shiley™ Flexible Adult Tracheostomy Tube _ Medtronic.pdf,Document p. not stated (PDF page 4),existing_alias_or_format_variant,PRD-849E1FCCA5,7CN80H,manufacturer_states_A_replaces_H_as_version_only_code_change_not_new_product,high,manufacturer_states_A_replaces_H_as_version_only_code_change_not_new_product,
1412,8CN85A,Shiley Flexible Adult Cuffed Tracheostomy Tube,Medtronic,Shiley™ Flexible Adult Tracheostomy Tube _ Medtronic.pdf,Document p. not stated (PDF page 4),existing_alias_or_format_variant,PRD-A034F04BF1,8CN85H,manufacturer_states_A_replaces_H_as_version_only_code_change_not_new_product,high,manufacturer_states_A_replaces_H_as_version_only_code_change_not_new_product,
1413,9CN90A,Shiley Flexible Adult Cuffed Tracheostomy Tube,Medtronic,Shiley™ Flexible Adult Tracheostomy Tube _ Medtronic.pdf,Document p. not stated (PDF page 4),existing_alias_or_format_variant,PRD-804529441A,9CN90H,manufacturer_states_A_replaces_H_as_version_only_code_change_not_new_product,high,manufacturer_states_A_replaces_H_as_version_only_code_change_not_new_product,
1414,10UN10A,Shiley Flexible Adult Cuffless Tracheostomy Tube,Medtronic,Shiley™ Flexible Adult Tracheostomy Tube _ Medtronic.pdf,Document p. not stated (PDF page 5),existing_alias_or_format_variant,PRD-04E1CAF545,10UN10H,manufacturer_states_A_replaces_H_as_version_only_code_change_not_new_product,high,manufacturer_states_A_replaces_H_as_version_only_code_change_not_new_product,
1417,6UN75A,Shiley Flexible Adult Cuffless Tracheostomy Tube,Medtronic,Shiley™ Flexible Adult Tracheostomy Tube _ Medtronic.pdf,Document p. not stated (PDF page 5),existing_alias_or_format_variant,PRD-90F9A0A0BC,6UN75H,manufacturer_states_A_replaces_H_as_version_only_code_change_not_new_product,high,manufacturer_states_A_replaces_H_as_version_only_code_change_not_new_product,
1418,7UN80A,Shiley Flexible Adult Cuffless Tracheostomy Tube,Medtronic,Shiley™ Flexible Adult Tracheostomy Tube _ Medtronic.pdf,Document p. not stated (PDF page 5),existing_alias_or_format_variant,PRD-788469337A,7UN80H,manufacturer_states_A_replaces_H_as_version_only_code_change_not_new_product,high,manufacturer_states_A_replaces_H_as_version_only_code_change_not_new_product,
1419,8UN85A,Shiley Flexible Adult Cuffless Tracheostomy Tube,Medtronic,Shiley™ Flexible Adult Tracheostomy Tube _ Medtronic.pdf,Document p. not stated (PDF page 5),existing_alias_or_format_variant,PRD-509226DE95,8UN85H,manufacturer_states_A_replaces_H_as_version_only_code_change_not_new_product,high,manufacturer_states_A_replaces_H_as_version_only_code_change_not_new_product,
1420,9UN90A,Shiley Flexible Adult Cuffless Tracheostomy Tube,Medtronic,Shiley™ Flexible Adult Tracheostomy Tube _ Medtronic.pdf,Document p. not stated (PDF page 5),existing_alias_or_format_variant,PRD-91C738FE6C,9UN90H,manufacturer_states_A_replaces_H_as_version_only_code_change_not_new_product,high,manufacturer_states_A_replaces_H_as_version_only_code_change_not_new_product,
1440,Not stated in source,ForTec SmartScope Laser Fiber - 1000 micron,ForTec Medical,SmartScope-Sheet-2025.pdf,,existing_family_or_package_variant,PRD-709E07B50A,,existing_family_or_package_variant,moderate,existing_family_or_package_variant,"Diameter variant is relevant, but the supplied page gives no exact orderable identifier; current catalog represents the SmartScope family."
1441,Not stated in source,ForTec SmartScope Laser Fiber - 200 micron,ForTec Medical,SmartScope-Sheet-2025.pdf,,existing_family_or_package_variant,PRD-709E07B50A,,existing_family_or_package_variant,moderate,existing_family_or_package_variant,"Diameter variant is relevant, but the supplied page gives no exact orderable identifier; current catalog represents the SmartScope family."
1442,Not stated in source,ForTec SmartScope Laser Fiber - 272 micron,ForTec Medical,SmartScope-Sheet-2025.pdf,,existing_family_or_package_variant,PRD-709E07B50A,,existing_family_or_package_variant,moderate,existing_family_or_package_variant,"Diameter variant is relevant, but the supplied page gives no exact orderable identifier; current catalog represents the SmartScope family."
1443,Not stated in source,ForTec SmartScope Laser Fiber - 365 micron,ForTec Medical,SmartScope-Sheet-2025.pdf,,existing_family_or_package_variant,PRD-709E07B50A,,existing_family_or_package_variant,moderate,existing_family_or_package_variant,"Diameter variant is relevant, but the supplied page gives no exact orderable identifier; current catalog represents the SmartScope family."
1444,Not stated in source,ForTec SmartScope Laser Fiber - 550 micron,ForTec Medical,SmartScope-Sheet-2025.pdf,,existing_family_or_package_variant,PRD-709E07B50A,,existing_family_or_package_variant,moderate,existing_family_or_package_variant,"Diameter variant is relevant, but the supplied page gives no exact orderable identifier; current catalog represents the SmartScope family."
1599,10990 A,"Biopsy Needle, with LUER",KARL STORZ,THORAX.pdf,Document p. SP4;SP25 (PDF page 266;287),existing_family_or_package_variant,PRD-61EE4D5DE6,10990,Biopsy-needle component of existing RAMEL Pleurabiopsy Needle set,moderate,component_of_governed_or_proposed_parent_product,
1656,10990 C,"Cannula, with LUER-Lock, 10990 B",KARL STORZ,THORAX.pdf,Document p. SP4;SP25 (PDF page 266;287),existing_family_or_package_variant,PRD-61EE4D5DE6,10990,Cannula component of existing RAMEL Pleurabiopsy Needle set,moderate,component_of_governed_or_proposed_parent_product,
1698,11900 AS,"Connecting Tube, 5925300",KARL STORZ,THORAX.pdf,Document p. SP4;SP11 (PDF page 266;273),existing_family_or_package_variant,PRD-0FBAA7EFB7,11900AE,Connecting-tube component of proposed 11900 AE suction-unit set,moderate,component_of_governed_or_proposed_parent_product,
1742,10510 B,Forceps Insert,KARL STORZ,THORAX.pdf,Document p. SP4;SP22 (PDF page 266;284),existing_family_or_package_variant,PRD-750BCA0F02,10510N,Forceps-insert component of existing FREITAG Stent Forceps,moderate,component_of_governed_or_proposed_parent_product,
1797,10995 B,"Inner Cannula, blunt tip, 10995 B",KARL STORZ,THORAX.pdf,Document p. SP4;SP25 (PDF page 266;287),existing_family_or_package_variant,PRD-A88AEE6442,10995,Inner-cannula component of existing thoracic-drainage application cannula,moderate,component_of_governed_or_proposed_parent_product,
1857,10995 A,"Outer Cannula, with",KARL STORZ,THORAX.pdf,Document p. SP4;SP25 (PDF page 266;287),existing_family_or_package_variant,PRD-A88AEE6442,10995,Outer-cannula component of existing thoracic-drainage application cannula,moderate,component_of_governed_or_proposed_parent_product,
1858,10510 AA,Outer Sheath,KARL STORZ,THORAX.pdf,Document p. SP4;SP22 (PDF page 266;284),existing_family_or_package_variant,PRD-750BCA0F02,10510N,Outer-sheath component of existing FREITAG Stent Forceps,moderate,component_of_governed_or_proposed_parent_product,
1874,10510 CA,Pusher,KARL STORZ,THORAX.pdf,Document p. SP4;SP22 (PDF page 266;284),existing_family_or_package_variant,PRD-750BCA0F02,10510N,Pusher component of existing FREITAG Stent Forceps,moderate,component_of_governed_or_proposed_parent_product,
1879,10990 B,"Rider, as stop screw 10990 A",KARL STORZ,THORAX.pdf,Document p. SP4;SP25 (PDF page 266;287),existing_family_or_package_variant,PRD-61EE4D5DE6,10990,Rider component of existing RAMEL Pleurabiopsy Needle set,moderate,component_of_governed_or_proposed_parent_product,
1889,13991 DA,"Rubber Leaflet Valve, 11900 VA 11900 AS",KARL STORZ,THORAX.pdf,Document p. SP5;SP11 (PDF page 267;273),existing_family_or_package_variant,PRD-0FBAA7EFB7,11900AE,Rubber-leaflet-valve component of proposed 11900 AE suction-unit set,moderate,component_of_governed_or_proposed_parent_product,
1922,10318 L,SP 11 10390 BN SP 24 10995 B SP 21,KARL STORZ,THORAX.pdf,Document p. 58;SP4;SP15 (PDF page 66;266;277),existing_family_or_package_variant,PRD-6707AC67D1,10318B,Fiber Optic Light Carrier component of existing 10318 B/C/D Universal Bronchoscopes,moderate,component_of_governed_or_proposed_parent_product,
1923,10337 TA,SP 13 10523 SP 13 11900 AE SP 7,KARL STORZ,THORAX.pdf,Document p. SP4;SP17 (PDF page 266;279),existing_family_or_package_variant,PRD-2110EC2BCF,10337T,Sheath component of existing GRONINGEN Optical Intubation Tracheoscope,moderate,component_of_governed_or_proposed_parent_product,
1924,10337 TB,SP 13 10524 SP 13 11900 AN SP 6,KARL STORZ,THORAX.pdf,Document p. SP4;SP17 (PDF page 266;279),existing_family_or_package_variant,PRD-2110EC2BCF,10337T,Distance-ring component of existing GRONINGEN Optical Intubation Tracheoscope,moderate,component_of_governed_or_proposed_parent_product,
1980,11900 AZ,Suction Cylinder,KARL STORZ,THORAX.pdf,Document p. SP4;SP11 (PDF page 266;273),existing_family_or_package_variant,PRD-0FBAA7EFB7,11900AE,Suction-cylinder component of proposed 11900 AE suction-unit set,moderate,component_of_governed_or_proposed_parent_product,
1992,11900 AV,Suction Valve,KARL STORZ,THORAX.pdf,Document p. SP4;SP11 (PDF page 266;273),existing_family_or_package_variant,PRD-0FBAA7EFB7,11900AE,Suction-valve component of proposed 11900 AE suction-unit set,moderate,component_of_governed_or_proposed_parent_product,
2003,10990 D,"Trocar only, with pyramidal tip",KARL STORZ,THORAX.pdf,Document p. SP4;SP25 (PDF page 266;287),existing_family_or_package_variant,PRD-61EE4D5DE6,10990,Trocar component of existing RAMEL Pleurabiopsy Needle set,moderate,component_of_governed_or_proposed_parent_product,
2013,11900 VA,Valve Adaptor,KARL STORZ,THORAX.pdf,Document p. SP4;SP11 (PDF page 266;273),existing_family_or_package_variant,PRD-0FBAA7EFB7,11900AE,Valve-adaptor component of proposed 11900 AE suction-unit set,moderate,component_of_governed_or_proposed_parent_product,
2020,Not stated in source,Shiley Tracheostomy Tubes and Airways Resources,Medtronic,tracheostomy-tubes-accessories-reimbursement-coding-guide.pdf,PDF p. 1,existing_family_or_package_variant,,,family_or_resource_row_without_exact_orderable_identifier,moderate,family_or_resource_row_without_exact_orderable_identifier,
2022,VIO 3,VIO 3 Electrosurgical Unit,Erbe Elektromedizin,Vio 3.pdf,"Document p. Not separately numbered / see PDF index (PDF page Vio 3.pdf:1,3,4,7,8,10)",existing_alias_or_format_variant,PRD-0A93A5E8C4,10160-000,existing_alias_or_format_variant,high,existing_alias_or_format_variant,Input uses product/model name VIO 3 rather than exact order number 10160-000; current canonical product is exact.
2023,TT81670,Y-Shaped Self-Expanding Tracheal Stent,Micro-Tech Endoscopy,Y-Stent-Brochure-2022.pdf,"Specifications table, brochure p. 2",existing_exact,PRD-1A0C09927F,TT81670,existing_exact,high,existing_exact,
2024,TT81680,Y-Shaped Self-Expanding Tracheal Stent,Micro-Tech Endoscopy,Y-Stent-Brochure-2022.pdf,"Specifications table, brochure p. 2",existing_exact,PRD-0D187D741A,TT81680,existing_exact,high,existing_exact,
2025,TT81690,Y-Shaped Self-Expanding Tracheal Stent,Micro-Tech Endoscopy,Y-Stent-Brochure-2022.pdf,"Specifications table, brochure p. 2",existing_exact,PRD-5D09EFABDD,TT81690,existing_exact,high,existing_exact,
2026,TT81700,Y-Shaped Self-Expanding Tracheal Stent,Micro-Tech Endoscopy,Y-Stent-Brochure-2022.pdf,"Specifications table, brochure p. 2",existing_exact,PRD-61B1C43B5C,TT81700,existing_exact,high,existing_exact,
2027,TT81710,Y-Shaped Self-Expanding Tracheal Stent,Micro-Tech Endoscopy,Y-Stent-Brochure-2022.pdf,"Specifications table, brochure p. 2",existing_exact,PRD-71D6D8E081,TT81710,existing_exact,high,existing_exact,
2028,TT81720,Y-Shaped Self-Expanding Tracheal Stent,Micro-Tech Endoscopy,Y-Stent-Brochure-2022.pdf,"Specifications table, brochure p. 2",existing_exact,PRD-F5CEB7234A,TT81720,existing_exact,high,existing_exact,
2029,TT81730,Y-Shaped Self-Expanding Tracheal Stent,Micro-Tech Endoscopy,Y-Stent-Brochure-2022.pdf,"Specifications table, brochure p. 2",existing_exact,PRD-89BCEE2895,TT81730,existing_exact,high,existing_exact,
2030,TT81740,Y-Shaped Self-Expanding Tracheal Stent,Micro-Tech Endoscopy,Y-Stent-Brochure-2022.pdf,"Specifications table, brochure p. 2",existing_exact,PRD-6124E1A326,TT81740,existing_exact,high,existing_exact,
2031,TT81750,Y-Shaped Self-Expanding Tracheal Stent,Micro-Tech Endoscopy,Y-Stent-Brochure-2022.pdf,"Specifications table, brochure p. 2",existing_exact,PRD-21832A5DCA,TT81750,existing_exact,high,existing_exact,
2032,TT81760,Y-Shaped Self-Expanding Tracheal Stent,Micro-Tech Endoscopy,Y-Stent-Brochure-2022.pdf,"Specifications table, brochure p. 2",existing_exact,PRD-6D8A97CC06,TT81760,existing_exact,high,existing_exact,
2033,TT81770,Y-Shaped Self-Expanding Tracheal Stent,Micro-Tech Endoscopy,Y-Stent-Brochure-2022.pdf,"Specifications table, brochure p. 2",existing_exact,PRD-ACA2322DB2,TT81770,existing_exact,high,existing_exact,
2034,TT81780,Y-Shaped Self-Expanding Tracheal Stent,Micro-Tech Endoscopy,Y-Stent-Brochure-2022.pdf,"Specifications table, brochure p. 2",existing_exact,PRD-AAFEA61B28,TT81780,existing_exact,high,existing_exact,
2035,TT81790,Y-Shaped Self-Expanding Tracheal Stent,Micro-Tech Endoscopy,Y-Stent-Brochure-2022.pdf,"Specifications table, brochure p. 2",existing_exact,PRD-F9EB14C69E,TT81790,existing_exact,high,existing_exact,
2036,TT81800,Y-Shaped Self-Expanding Tracheal Stent,Micro-Tech Endoscopy,Y-Stent-Brochure-2022.pdf,"Specifications table, brochure p. 2",existing_exact,PRD-98610CE8EB,TT81800,existing_exact,high,existing_exact,
2037,TT81810,Y-Shaped Self-Expanding Tracheal Stent,Micro-Tech Endoscopy,Y-Stent-Brochure-2022.pdf,"Specifications table, brochure p. 2",existing_exact,PRD-D5A436E755,TT81810,existing_exact,high,existing_exact,
2038,TT81820,Y-Shaped Self-Expanding Tracheal Stent,Micro-Tech Endoscopy,Y-Stent-Brochure-2022.pdf,"Specifications table, brochure p. 2",existing_exact,PRD-0FC4F02CEE,TT81820,existing_exact,high,existing_exact,
2039,TT81830,Y-Shaped Self-Expanding Tracheal Stent,Micro-Tech Endoscopy,Y-Stent-Brochure-2022.pdf,"Specifications table, brochure p. 2",existing_exact,PRD-900AA8F053,TT81830,existing_exact,high,existing_exact,
2040,TT81840,Y-Shaped Self-Expanding Tracheal Stent,Micro-Tech Endoscopy,Y-Stent-Brochure-2022.pdf,"Specifications table, brochure p. 2",existing_exact,PRD-B07610EC95,TT81840,existing_exact,high,existing_exact,
2041,TT81850,Y-Shaped Self-Expanding Tracheal Stent,Micro-Tech Endoscopy,Y-Stent-Brochure-2022.pdf,"Specifications table, brochure p. 2",existing_exact,PRD-D29CE0D10F,TT81850,existing_exact,high,existing_exact,
