input_row_number,extracted_identifier,extracted_product_name,extracted_manufacturer,source_filename,matched_source_page,disposition,canonical_product_id,canonical_catalog_number,match_basis,evidence_strength,reason_code,owner_review_note
2,Magneto Holmium Laser,Magneto Holmium Laser,Quanta System,2025-Distribution-Magneto-Holmium-Laser.pdf,PDF page indices 1-2; Product Features & Specifications on printed p. 2,irrelevant_to_current_scope,,,irrelevant_to_current_scope,high,irrelevant_to_current_scope,"The ForTec flyer identifies Magneto but markets it for lithotripsy, BPH, and generic soft tissue; it states no pulmonology/airway use and supplies no exact orderable SKU. The current Quanta Holmium Laser mobile-service row is only a related family/service candidate, not this model."
55,FBG10,DRAINAGE ACCESSORIES,Merit Medical Systems,401418001.pdf,PDF p. 18,irrelevant_to_current_scope,,,generic_percutaneous_drainage_paracentesis_or_general_supply_not_pleural_specific,high,generic_percutaneous_drainage_paracentesis_or_general_supply_not_pleural_specific,
56,K12-08324,DRAINAGE ACCESSORIES - 12F x 20 cm,Merit Medical Systems,401418001.pdf,PDF p. 17,irrelevant_to_current_scope,,,generic_percutaneous_drainage_paracentesis_or_general_supply_not_pleural_specific,high,generic_percutaneous_drainage_paracentesis_or_general_supply_not_pleural_specific,
57,K12-08325,DRAINAGE ACCESSORIES - 14F x 20 cm,Merit Medical Systems,401418001.pdf,PDF p. 17,irrelevant_to_current_scope,,,generic_percutaneous_drainage_paracentesis_or_general_supply_not_pleural_specific,high,generic_percutaneous_drainage_paracentesis_or_general_supply_not_pleural_specific,
58,L3SNC,DRAINAGE ACCESSORIES - 3-way Large Bore Stopcock,Merit Medical Systems,401418001.pdf,PDF p. 17,irrelevant_to_current_scope,,,generic_percutaneous_drainage_paracentesis_or_general_supply_not_pleural_specific,high,generic_percutaneous_drainage_paracentesis_or_general_supply_not_pleural_specific,
59,L4SNC,DRAINAGE ACCESSORIES - 4-way Large Bore Stopcock,Merit Medical Systems,401418001.pdf,PDF p. 17,irrelevant_to_current_scope,,,generic_percutaneous_drainage_paracentesis_or_general_supply_not_pleural_specific,high,generic_percutaneous_drainage_paracentesis_or_general_supply_not_pleural_specific,
60,RLS100,DRAINAGE ACCESSORIES - 5 Labels (orange) with Pen,Merit Medical Systems,401418001.pdf,PDF p. 18,irrelevant_to_current_scope,,,generic_percutaneous_drainage_paracentesis_or_general_supply_not_pleural_specific,high,generic_percutaneous_drainage_paracentesis_or_general_supply_not_pleural_specific,
61,K12-08326,"DRAINAGE ACCESSORIES - Chiba, 18G x 15 cm",Merit Medical Systems,401418001.pdf,PDF p. 17,irrelevant_to_current_scope,,,generic_percutaneous_drainage_paracentesis_or_general_supply_not_pleural_specific,high,generic_percutaneous_drainage_paracentesis_or_general_supply_not_pleural_specific,
62,VAC110,"DRAINAGE ACCESSORIES - VacLok® Syringe, 10 mL",Merit Medical Systems,401418001.pdf,PDF p. 17,irrelevant_to_current_scope,,,generic_percutaneous_drainage_paracentesis_or_general_supply_not_pleural_specific,high,generic_percutaneous_drainage_paracentesis_or_general_supply_not_pleural_specific,
63,VAC120,"DRAINAGE ACCESSORIES - VacLok® Syringe, 20 mL",Merit Medical Systems,401418001.pdf,PDF p. 17,irrelevant_to_current_scope,,,generic_percutaneous_drainage_paracentesis_or_general_supply_not_pleural_specific,high,generic_percutaneous_drainage_paracentesis_or_general_supply_not_pleural_specific,
64,VAC130,"DRAINAGE ACCESSORIES - VacLok® Syringe, 30 mL",Merit Medical Systems,401418001.pdf,PDF p. 17,irrelevant_to_current_scope,,,generic_percutaneous_drainage_paracentesis_or_general_supply_not_pleural_specific,high,generic_percutaneous_drainage_paracentesis_or_general_supply_not_pleural_specific,
65,MDD600,"DRAINAGE BAGS AND TUBING - Bag, 600 mL",Merit Medical Systems,401418001.pdf,PDF p. 16,irrelevant_to_current_scope,,,generic_percutaneous_drainage_paracentesis_or_general_supply_not_pleural_specific,high,generic_percutaneous_drainage_paracentesis_or_general_supply_not_pleural_specific,
66,MDD600PML,"DRAINAGE BAGS AND TUBING - Bag, 600 mL (with polypropylene luer)",Merit Medical Systems,401418001.pdf,PDF p. 16,irrelevant_to_current_scope,,,generic_percutaneous_drainage_paracentesis_or_general_supply_not_pleural_specific,high,generic_percutaneous_drainage_paracentesis_or_general_supply_not_pleural_specific,
67,K10-00230B,"DRAINAGE BAGS AND TUBING - Closed Waste System with 1,400-mL MDD Bag, Tubing, and CRV Valve (designed for quick and safe drainage elimination)",Merit Medical Systems,401418001.pdf,PDF p. 16,irrelevant_to_current_scope,,,generic_percutaneous_drainage_paracentesis_or_general_supply_not_pleural_specific,high,generic_percutaneous_drainage_paracentesis_or_general_supply_not_pleural_specific,
68,K10-04131A,"DRAINAGE BAGS AND TUBING - Connecting Tubing with One-way Stopcock, 30 cm",Merit Medical Systems,401418001.pdf,PDF p. 16,irrelevant_to_current_scope,,,generic_percutaneous_drainage_paracentesis_or_general_supply_not_pleural_specific,high,generic_percutaneous_drainage_paracentesis_or_general_supply_not_pleural_specific,
69,K10-04132A,"DRAINAGE BAGS AND TUBING - Connecting Tubing with One-way Stopcock, 42 cm",Merit Medical Systems,401418001.pdf,PDF p. 16,irrelevant_to_current_scope,,,generic_percutaneous_drainage_paracentesis_or_general_supply_not_pleural_specific,high,generic_percutaneous_drainage_paracentesis_or_general_supply_not_pleural_specific,
70,K10-04129A,"DRAINAGE BAGS AND TUBING - Connecting Tubing, 30 cm",Merit Medical Systems,401418001.pdf,PDF p. 16,irrelevant_to_current_scope,,,generic_percutaneous_drainage_paracentesis_or_general_supply_not_pleural_specific,high,generic_percutaneous_drainage_paracentesis_or_general_supply_not_pleural_specific,
71,K10-04130A,"DRAINAGE BAGS AND TUBING - Connecting Tubing, 42 cm",Merit Medical Systems,401418001.pdf,PDF p. 16,irrelevant_to_current_scope,,,generic_percutaneous_drainage_paracentesis_or_general_supply_not_pleural_specific,high,generic_percutaneous_drainage_paracentesis_or_general_supply_not_pleural_specific,
72,K10-06126,"DRAINAGE BAGS AND TUBING - Large Bore Tubing with Roller Clamp, 96,"" and Hose Fitting for Wall Suction Drainage",Merit Medical Systems,401418001.pdf,PDF p. 16,irrelevant_to_current_scope,,,generic_percutaneous_drainage_paracentesis_or_general_supply_not_pleural_specific,high,generic_percutaneous_drainage_paracentesis_or_general_supply_not_pleural_specific,
73,K08-02027,"DRAINAGE BAGS AND TUBING - Tubing Kit with Barbed Male Luer, 16""",Merit Medical Systems,401418001.pdf,PDF p. 16,irrelevant_to_current_scope,,,generic_percutaneous_drainage_paracentesis_or_general_supply_not_pleural_specific,high,generic_percutaneous_drainage_paracentesis_or_general_supply_not_pleural_specific,
74,EVAC1000,"Evacuated Drainage Bottle - Bottle, 1,000 mL volume",Merit Medical Systems,401418001.pdf,PDF p. 9,irrelevant_to_current_scope,,,generic_percutaneous_drainage_paracentesis_or_general_supply_not_pleural_specific,high,generic_percutaneous_drainage_paracentesis_or_general_supply_not_pleural_specific,
111,MAK-NV-014,Introducer System - 21G x 15 cm Chiba,Merit Medical Systems,401418001.pdf,PDF p. 2,irrelevant_to_current_scope,,,generic_percutaneous_drainage_paracentesis_or_general_supply_not_pleural_specific,high,generic_percutaneous_drainage_paracentesis_or_general_supply_not_pleural_specific,
112,MAK-NV-005,Introducer System - 21G x 15 cm Trocar,Merit Medical Systems,401418001.pdf,PDF p. 2,irrelevant_to_current_scope,,,generic_percutaneous_drainage_paracentesis_or_general_supply_not_pleural_specific,high,generic_percutaneous_drainage_paracentesis_or_general_supply_not_pleural_specific,
113,MAK-NV-021,Introducer System - 21G x 20 cm Chiba,Merit Medical Systems,401418001.pdf,PDF p. 2,irrelevant_to_current_scope,,,generic_percutaneous_drainage_paracentesis_or_general_supply_not_pleural_specific,high,generic_percutaneous_drainage_paracentesis_or_general_supply_not_pleural_specific,
114,MAK-NV-020,Introducer System - 21G x 20 cm Trocar,Merit Medical Systems,401418001.pdf,PDF p. 2,irrelevant_to_current_scope,,,generic_percutaneous_drainage_paracentesis_or_general_supply_not_pleural_specific,high,generic_percutaneous_drainage_paracentesis_or_general_supply_not_pleural_specific,
115,MAK-NV-007,Introducer System - 6F x 20 cm; 4F,Merit Medical Systems,401418001.pdf,PDF p. 2,irrelevant_to_current_scope,,,generic_percutaneous_drainage_paracentesis_or_general_supply_not_pleural_specific,high,generic_percutaneous_drainage_paracentesis_or_general_supply_not_pleural_specific,
116,MAK-NV-015,Introducer System - 6F x 20 cm; 4F; 21G x 15 cm Chiba,Merit Medical Systems,401418001.pdf,PDF p. 2,irrelevant_to_current_scope,,,generic_percutaneous_drainage_paracentesis_or_general_supply_not_pleural_specific,high,generic_percutaneous_drainage_paracentesis_or_general_supply_not_pleural_specific,
117,MAK-NV-006,Introducer System - 6F x 20 cm; 4F; 21G x 15 cm Trocar,Merit Medical Systems,401418001.pdf,PDF p. 2,irrelevant_to_current_scope,,,generic_percutaneous_drainage_paracentesis_or_general_supply_not_pleural_specific,high,generic_percutaneous_drainage_paracentesis_or_general_supply_not_pleural_specific,
118,MAK-NV-011,Introducer System - 6F x 20 cm; 4F; NT/PT; 150 cm; 21G x 15 cm Chiba,Merit Medical Systems,401418001.pdf,PDF p. 2,irrelevant_to_current_scope,,,generic_percutaneous_drainage_paracentesis_or_general_supply_not_pleural_specific,high,generic_percutaneous_drainage_paracentesis_or_general_supply_not_pleural_specific,
119,MAK-NV-019,Introducer System - 6F x 20 cm; 4F; NT/PT; 150 cm; 21G x 20 cm Trocar,Merit Medical Systems,401418001.pdf,PDF p. 2,irrelevant_to_current_scope,,,generic_percutaneous_drainage_paracentesis_or_general_supply_not_pleural_specific,high,generic_percutaneous_drainage_paracentesis_or_general_supply_not_pleural_specific,
120,MAK-NV-013,Introducer System - 6F x 20 cm; 4F; NT/PT; 21G x 15 cm Chiba,Merit Medical Systems,401418001.pdf,PDF p. 2,irrelevant_to_current_scope,,,generic_percutaneous_drainage_paracentesis_or_general_supply_not_pleural_specific,high,generic_percutaneous_drainage_paracentesis_or_general_supply_not_pleural_specific,
121,MAK-NV-017,Introducer System - 6F x 20 cm; 4F; NT/PT; 80 cm; 21G x 15 cm Chiba,Merit Medical Systems,401418001.pdf,PDF p. 2,irrelevant_to_current_scope,,,generic_percutaneous_drainage_paracentesis_or_general_supply_not_pleural_specific,high,generic_percutaneous_drainage_paracentesis_or_general_supply_not_pleural_specific,
122,MAK-NV-009,Introducer System - 6F x 20 cm; 4F; NT/PT; 80 cm; 21G x 15 cm Trocar,Merit Medical Systems,401418001.pdf,PDF p. 2,irrelevant_to_current_scope,,,generic_percutaneous_drainage_paracentesis_or_general_supply_not_pleural_specific,high,generic_percutaneous_drainage_paracentesis_or_general_supply_not_pleural_specific,
123,MAK-NV-010,Introducer System - 6F x 20 cm; 4F; SS/PT; 150 cm; 21G x 15 cm Chiba,Merit Medical Systems,401418001.pdf,PDF p. 2,irrelevant_to_current_scope,,,generic_percutaneous_drainage_paracentesis_or_general_supply_not_pleural_specific,high,generic_percutaneous_drainage_paracentesis_or_general_supply_not_pleural_specific,
124,MAK-NV-018,Introducer System - 6F x 20 cm; 4F; SS/PT; 150 cm; 21G x 20 cm Trocar,Merit Medical Systems,401418001.pdf,PDF p. 2,irrelevant_to_current_scope,,,generic_percutaneous_drainage_paracentesis_or_general_supply_not_pleural_specific,high,generic_percutaneous_drainage_paracentesis_or_general_supply_not_pleural_specific,
125,MAK-NV-012,Introducer System - 6F x 20 cm; 4F; SS/PT; 21G x 15 cm Chiba,Merit Medical Systems,401418001.pdf,PDF p. 2,irrelevant_to_current_scope,,,generic_percutaneous_drainage_paracentesis_or_general_supply_not_pleural_specific,high,generic_percutaneous_drainage_paracentesis_or_general_supply_not_pleural_specific,
126,MAK-NV-003,Introducer System - 6F x 20 cm; 4F; SS/PT; 21G x 15 cm Trocar,Merit Medical Systems,401418001.pdf,PDF p. 2,irrelevant_to_current_scope,,,generic_percutaneous_drainage_paracentesis_or_general_supply_not_pleural_specific,high,generic_percutaneous_drainage_paracentesis_or_general_supply_not_pleural_specific,
127,MAK-NV-008,Introducer System - 6F x 20 cm; 4F; SS/PT; 80 cm; 21G x 15 cm Trocar,Merit Medical Systems,401418001.pdf,PDF p. 2,irrelevant_to_current_scope,,,generic_percutaneous_drainage_paracentesis_or_general_supply_not_pleural_specific,high,generic_percutaneous_drainage_paracentesis_or_general_supply_not_pleural_specific,
128,MAK001N-60,Introducer System - NT/PT,Merit Medical Systems,401418001.pdf,PDF p. 2,irrelevant_to_current_scope,,,generic_percutaneous_drainage_paracentesis_or_general_supply_not_pleural_specific,high,generic_percutaneous_drainage_paracentesis_or_general_supply_not_pleural_specific,
129,MAK005-60,Introducer System - SS/PT,Merit Medical Systems,401418001.pdf,PDF p. 2,irrelevant_to_current_scope,,,generic_percutaneous_drainage_paracentesis_or_general_supply_not_pleural_specific,high,generic_percutaneous_drainage_paracentesis_or_general_supply_not_pleural_specific,
130,RML17-10-038MB,Locking Drainage Catheter - 10F; 17 cm; Yes,Merit Medical Systems,401418001.pdf,PDF p. 5,irrelevant_to_current_scope,,,generic_percutaneous_drainage_paracentesis_or_general_supply_not_pleural_specific,high,generic_percutaneous_drainage_paracentesis_or_general_supply_not_pleural_specific,
131,RML27-10-038MB,Locking Drainage Catheter - 10F; 27 cm; Yes,Merit Medical Systems,401418001.pdf,PDF p. 5,irrelevant_to_current_scope,,,generic_percutaneous_drainage_paracentesis_or_general_supply_not_pleural_specific,high,generic_percutaneous_drainage_paracentesis_or_general_supply_not_pleural_specific,
132,RML27-10-SFX,Locking Drainage Catheter - 10F; 27 cm; Yes; StayFIX® (small),Merit Medical Systems,401418001.pdf,PDF p. 5,irrelevant_to_current_scope,,,generic_percutaneous_drainage_paracentesis_or_general_supply_not_pleural_specific,high,generic_percutaneous_drainage_paracentesis_or_general_supply_not_pleural_specific,
133,RML42-10-038MB,Locking Drainage Catheter - 10F; 42 cm; Yes,Merit Medical Systems,401418001.pdf,PDF p. 5,irrelevant_to_current_scope,,,generic_percutaneous_drainage_paracentesis_or_general_supply_not_pleural_specific,high,generic_percutaneous_drainage_paracentesis_or_general_supply_not_pleural_specific,
134,RML17-12-038MB,Locking Drainage Catheter - 12F; 17 cm; Yes,Merit Medical Systems,401418001.pdf,PDF p. 5,irrelevant_to_current_scope,,,generic_percutaneous_drainage_paracentesis_or_general_supply_not_pleural_specific,high,generic_percutaneous_drainage_paracentesis_or_general_supply_not_pleural_specific,
135,RML27-12-038MB,Locking Drainage Catheter - 12F; 27 cm; Yes,Merit Medical Systems,401418001.pdf,PDF p. 5,irrelevant_to_current_scope,,,generic_percutaneous_drainage_paracentesis_or_general_supply_not_pleural_specific,high,generic_percutaneous_drainage_paracentesis_or_general_supply_not_pleural_specific,
136,RML27-12-SFX,Locking Drainage Catheter - 12F; 27 cm; Yes; StayFIX® (small),Merit Medical Systems,401418001.pdf,PDF p. 5,irrelevant_to_current_scope,,,generic_percutaneous_drainage_paracentesis_or_general_supply_not_pleural_specific,high,generic_percutaneous_drainage_paracentesis_or_general_supply_not_pleural_specific,
137,RML42-12-038MB,Locking Drainage Catheter - 12F; 42 cm; Yes,Merit Medical Systems,401418001.pdf,PDF p. 5,irrelevant_to_current_scope,,,generic_percutaneous_drainage_paracentesis_or_general_supply_not_pleural_specific,high,generic_percutaneous_drainage_paracentesis_or_general_supply_not_pleural_specific,
138,RML17-14-038MB,Locking Drainage Catheter - 14F; 17 cm; Yes,Merit Medical Systems,401418001.pdf,PDF p. 5,irrelevant_to_current_scope,,,generic_percutaneous_drainage_paracentesis_or_general_supply_not_pleural_specific,high,generic_percutaneous_drainage_paracentesis_or_general_supply_not_pleural_specific,
139,RML27-14-038MB,Locking Drainage Catheter - 14F; 27 cm; Yes,Merit Medical Systems,401418001.pdf,PDF p. 5,irrelevant_to_current_scope,,,generic_percutaneous_drainage_paracentesis_or_general_supply_not_pleural_specific,high,generic_percutaneous_drainage_paracentesis_or_general_supply_not_pleural_specific,
140,RML27-14-SFX,Locking Drainage Catheter - 14F; 27 cm; Yes; StayFIX® (large),Merit Medical Systems,401418001.pdf,PDF p. 5,irrelevant_to_current_scope,,,generic_percutaneous_drainage_paracentesis_or_general_supply_not_pleural_specific,high,generic_percutaneous_drainage_paracentesis_or_general_supply_not_pleural_specific,
141,RML42-14-038MB,Locking Drainage Catheter - 14F; 42 cm; Yes,Merit Medical Systems,401418001.pdf,PDF p. 5,irrelevant_to_current_scope,,,generic_percutaneous_drainage_paracentesis_or_general_supply_not_pleural_specific,high,generic_percutaneous_drainage_paracentesis_or_general_supply_not_pleural_specific,
142,RML17-6-038MB,Locking Drainage Catheter - 6.5F; 17 cm; Yes,Merit Medical Systems,401418001.pdf,PDF p. 5,irrelevant_to_current_scope,,,generic_percutaneous_drainage_paracentesis_or_general_supply_not_pleural_specific,high,generic_percutaneous_drainage_paracentesis_or_general_supply_not_pleural_specific,
143,RML27-6-038MB,Locking Drainage Catheter - 6.5F; 27 cm; Yes,Merit Medical Systems,401418001.pdf,PDF p. 5,irrelevant_to_current_scope,,,generic_percutaneous_drainage_paracentesis_or_general_supply_not_pleural_specific,high,generic_percutaneous_drainage_paracentesis_or_general_supply_not_pleural_specific,
144,RML27-6-SFX,Locking Drainage Catheter - 6.5F; 27 cm; Yes; StayFIX® (small),Merit Medical Systems,401418001.pdf,PDF p. 5,irrelevant_to_current_scope,,,generic_percutaneous_drainage_paracentesis_or_general_supply_not_pleural_specific,high,generic_percutaneous_drainage_paracentesis_or_general_supply_not_pleural_specific,
145,RML42-6-038MB,Locking Drainage Catheter - 6.5F; 42 cm; Yes,Merit Medical Systems,401418001.pdf,PDF p. 5,irrelevant_to_current_scope,,,generic_percutaneous_drainage_paracentesis_or_general_supply_not_pleural_specific,high,generic_percutaneous_drainage_paracentesis_or_general_supply_not_pleural_specific,
146,RML17-7-038MB,Locking Drainage Catheter - 7.5F; 17 cm; Yes,Merit Medical Systems,401418001.pdf,PDF p. 5,irrelevant_to_current_scope,,,generic_percutaneous_drainage_paracentesis_or_general_supply_not_pleural_specific,high,generic_percutaneous_drainage_paracentesis_or_general_supply_not_pleural_specific,
147,RML27-7-038MB,Locking Drainage Catheter - 7.5F; 27 cm; Yes,Merit Medical Systems,401418001.pdf,PDF p. 5,irrelevant_to_current_scope,,,generic_percutaneous_drainage_paracentesis_or_general_supply_not_pleural_specific,high,generic_percutaneous_drainage_paracentesis_or_general_supply_not_pleural_specific,
148,RML27-7-SFX,Locking Drainage Catheter - 7.5F; 27 cm; Yes; StayFIX® (small),Merit Medical Systems,401418001.pdf,PDF p. 5,irrelevant_to_current_scope,,,generic_percutaneous_drainage_paracentesis_or_general_supply_not_pleural_specific,high,generic_percutaneous_drainage_paracentesis_or_general_supply_not_pleural_specific,
149,RML42-7-038MB,Locking Drainage Catheter - 7.5F; 42 cm; Yes,Merit Medical Systems,401418001.pdf,PDF p. 5,irrelevant_to_current_scope,,,generic_percutaneous_drainage_paracentesis_or_general_supply_not_pleural_specific,high,generic_percutaneous_drainage_paracentesis_or_general_supply_not_pleural_specific,
150,RML17-8-038MB,Locking Drainage Catheter - 8.5F; 17 cm; Yes,Merit Medical Systems,401418001.pdf,PDF p. 5,irrelevant_to_current_scope,,,generic_percutaneous_drainage_paracentesis_or_general_supply_not_pleural_specific,high,generic_percutaneous_drainage_paracentesis_or_general_supply_not_pleural_specific,
151,RML27-8-038MB,Locking Drainage Catheter - 8.5F; 27 cm; Yes,Merit Medical Systems,401418001.pdf,PDF p. 5,irrelevant_to_current_scope,,,generic_percutaneous_drainage_paracentesis_or_general_supply_not_pleural_specific,high,generic_percutaneous_drainage_paracentesis_or_general_supply_not_pleural_specific,
152,RML27-8-SFX,Locking Drainage Catheter - 8.5F; 27 cm; Yes; StayFIX® (small),Merit Medical Systems,401418001.pdf,PDF p. 5,irrelevant_to_current_scope,,,generic_percutaneous_drainage_paracentesis_or_general_supply_not_pleural_specific,high,generic_percutaneous_drainage_paracentesis_or_general_supply_not_pleural_specific,
153,RML42-8-038MB,Locking Drainage Catheter - 8.5F; 42 cm; Yes,Merit Medical Systems,401418001.pdf,PDF p. 5,irrelevant_to_current_scope,,,generic_percutaneous_drainage_paracentesis_or_general_supply_not_pleural_specific,high,generic_percutaneous_drainage_paracentesis_or_general_supply_not_pleural_specific,
154,RLC-10-038,Locking Drainage Catheter Locking Drainage Catheter - 10F; 25 cm,Merit Medical Systems,401418001.pdf,PDF p. 4,irrelevant_to_current_scope,,,generic_percutaneous_drainage_paracentesis_or_general_supply_not_pleural_specific,high,generic_percutaneous_drainage_paracentesis_or_general_supply_not_pleural_specific,
155,RLC-10-SFX,Locking Drainage Catheter Locking Drainage Catheter - 10F; 25 cm; StayFIX® (small),Merit Medical Systems,401418001.pdf,PDF p. 4,irrelevant_to_current_scope,,,generic_percutaneous_drainage_paracentesis_or_general_supply_not_pleural_specific,high,generic_percutaneous_drainage_paracentesis_or_general_supply_not_pleural_specific,
156,RLCMB-10-SFX,Locking Drainage Catheter Locking Drainage Catheter - 10F; 25 cm; Yes; StayFIX® (small),Merit Medical Systems,401418001.pdf,PDF p. 4,irrelevant_to_current_scope,,,generic_percutaneous_drainage_paracentesis_or_general_supply_not_pleural_specific,high,generic_percutaneous_drainage_paracentesis_or_general_supply_not_pleural_specific,
157,RLC40-10-038MB,Locking Drainage Catheter Locking Drainage Catheter - 10F; 40 cm; Yes,Merit Medical Systems,401418001.pdf,PDF p. 4,irrelevant_to_current_scope,,,generic_percutaneous_drainage_paracentesis_or_general_supply_not_pleural_specific,high,generic_percutaneous_drainage_paracentesis_or_general_supply_not_pleural_specific,
158,RLC15-12-038MB,Locking Drainage Catheter Locking Drainage Catheter - 12F; 15 cm; Yes,Merit Medical Systems,401418001.pdf,PDF p. 4,irrelevant_to_current_scope,,,generic_percutaneous_drainage_paracentesis_or_general_supply_not_pleural_specific,high,generic_percutaneous_drainage_paracentesis_or_general_supply_not_pleural_specific,
159,RLC-12-038,Locking Drainage Catheter Locking Drainage Catheter - 12F; 25 cm,Merit Medical Systems,401418001.pdf,PDF p. 4,irrelevant_to_current_scope,,,generic_percutaneous_drainage_paracentesis_or_general_supply_not_pleural_specific,high,generic_percutaneous_drainage_paracentesis_or_general_supply_not_pleural_specific,
160,RLC-12-SFX,Locking Drainage Catheter Locking Drainage Catheter - 12F; 25 cm; StayFIX® (small),Merit Medical Systems,401418001.pdf,PDF p. 4,irrelevant_to_current_scope,,,generic_percutaneous_drainage_paracentesis_or_general_supply_not_pleural_specific,high,generic_percutaneous_drainage_paracentesis_or_general_supply_not_pleural_specific,
161,RLC-12-038MB,Locking Drainage Catheter Locking Drainage Catheter - 12F; 25 cm; Yes,Merit Medical Systems,401418001.pdf,PDF p. 4,irrelevant_to_current_scope,,,generic_percutaneous_drainage_paracentesis_or_general_supply_not_pleural_specific,high,generic_percutaneous_drainage_paracentesis_or_general_supply_not_pleural_specific,
162,RLCMB-12-SFX,Locking Drainage Catheter Locking Drainage Catheter - 12F; 25 cm; Yes; StayFIX® (small),Merit Medical Systems,401418001.pdf,PDF p. 4,irrelevant_to_current_scope,,,generic_percutaneous_drainage_paracentesis_or_general_supply_not_pleural_specific,high,generic_percutaneous_drainage_paracentesis_or_general_supply_not_pleural_specific,
163,RLC40-12-038MB,Locking Drainage Catheter Locking Drainage Catheter - 12F; 40 cm; Yes,Merit Medical Systems,401418001.pdf,PDF p. 4,irrelevant_to_current_scope,,,generic_percutaneous_drainage_paracentesis_or_general_supply_not_pleural_specific,high,generic_percutaneous_drainage_paracentesis_or_general_supply_not_pleural_specific,
164,RLC15-14-038MB,Locking Drainage Catheter Locking Drainage Catheter - 14F; 15 cm; Yes,Merit Medical Systems,401418001.pdf,PDF p. 4,irrelevant_to_current_scope,,,generic_percutaneous_drainage_paracentesis_or_general_supply_not_pleural_specific,high,generic_percutaneous_drainage_paracentesis_or_general_supply_not_pleural_specific,
165,RLC-14-038,Locking Drainage Catheter Locking Drainage Catheter - 14F; 25 cm,Merit Medical Systems,401418001.pdf,PDF p. 4,irrelevant_to_current_scope,,,generic_percutaneous_drainage_paracentesis_or_general_supply_not_pleural_specific,high,generic_percutaneous_drainage_paracentesis_or_general_supply_not_pleural_specific,
166,RLC-14-SFX,Locking Drainage Catheter Locking Drainage Catheter - 14F; 25 cm; StayFIX® (large),Merit Medical Systems,401418001.pdf,PDF p. 4,irrelevant_to_current_scope,,,generic_percutaneous_drainage_paracentesis_or_general_supply_not_pleural_specific,high,generic_percutaneous_drainage_paracentesis_or_general_supply_not_pleural_specific,
167,RLC-14-038MB,Locking Drainage Catheter Locking Drainage Catheter - 14F; 25 cm; Yes,Merit Medical Systems,401418001.pdf,PDF p. 4,irrelevant_to_current_scope,,,generic_percutaneous_drainage_paracentesis_or_general_supply_not_pleural_specific,high,generic_percutaneous_drainage_paracentesis_or_general_supply_not_pleural_specific,
168,RLCMB-14-SFX,Locking Drainage Catheter Locking Drainage Catheter - 14F; 25 cm; Yes; StayFIX® (large),Merit Medical Systems,401418001.pdf,PDF p. 4,irrelevant_to_current_scope,,,generic_percutaneous_drainage_paracentesis_or_general_supply_not_pleural_specific,high,generic_percutaneous_drainage_paracentesis_or_general_supply_not_pleural_specific,
169,RLC40-14-038MB,Locking Drainage Catheter Locking Drainage Catheter - 14F; 40 cm; Yes,Merit Medical Systems,401418001.pdf,PDF p. 4,irrelevant_to_current_scope,,,generic_percutaneous_drainage_paracentesis_or_general_supply_not_pleural_specific,high,generic_percutaneous_drainage_paracentesis_or_general_supply_not_pleural_specific,
170,RLC15-6-038MB,Locking Drainage Catheter Locking Drainage Catheter - 6.5F; 15 cm; Yes,Merit Medical Systems,401418001.pdf,PDF p. 4,irrelevant_to_current_scope,,,generic_percutaneous_drainage_paracentesis_or_general_supply_not_pleural_specific,high,generic_percutaneous_drainage_paracentesis_or_general_supply_not_pleural_specific,
171,RLC-6-038,Locking Drainage Catheter Locking Drainage Catheter - 6.5F; 25 cm,Merit Medical Systems,401418001.pdf,PDF p. 4,irrelevant_to_current_scope,,,generic_percutaneous_drainage_paracentesis_or_general_supply_not_pleural_specific,high,generic_percutaneous_drainage_paracentesis_or_general_supply_not_pleural_specific,
172,RLC-6-SFX,Locking Drainage Catheter Locking Drainage Catheter - 6.5F; 25 cm; StayFIX® (small),Merit Medical Systems,401418001.pdf,PDF p. 4,irrelevant_to_current_scope,,,generic_percutaneous_drainage_paracentesis_or_general_supply_not_pleural_specific,high,generic_percutaneous_drainage_paracentesis_or_general_supply_not_pleural_specific,
173,RLC-6-038MB,Locking Drainage Catheter Locking Drainage Catheter - 6.5F; 25 cm; Yes,Merit Medical Systems,401418001.pdf,PDF p. 4,irrelevant_to_current_scope,,,generic_percutaneous_drainage_paracentesis_or_general_supply_not_pleural_specific,high,generic_percutaneous_drainage_paracentesis_or_general_supply_not_pleural_specific,
174,RLCMB-6-SFX,Locking Drainage Catheter Locking Drainage Catheter - 6.5F; 25 cm; Yes; StayFIX® (small),Merit Medical Systems,401418001.pdf,PDF p. 4,irrelevant_to_current_scope,,,generic_percutaneous_drainage_paracentesis_or_general_supply_not_pleural_specific,high,generic_percutaneous_drainage_paracentesis_or_general_supply_not_pleural_specific,
175,RLC40-6-038MB,Locking Drainage Catheter Locking Drainage Catheter - 6.5F; 40 cm; Yes,Merit Medical Systems,401418001.pdf,PDF p. 4,irrelevant_to_current_scope,,,generic_percutaneous_drainage_paracentesis_or_general_supply_not_pleural_specific,high,generic_percutaneous_drainage_paracentesis_or_general_supply_not_pleural_specific,
176,RLC15-7-038MB,Locking Drainage Catheter Locking Drainage Catheter - 7.5F; 15 cm; Yes,Merit Medical Systems,401418001.pdf,PDF p. 4,irrelevant_to_current_scope,,,generic_percutaneous_drainage_paracentesis_or_general_supply_not_pleural_specific,high,generic_percutaneous_drainage_paracentesis_or_general_supply_not_pleural_specific,
177,RLC-7-038,Locking Drainage Catheter Locking Drainage Catheter - 7.5F; 25 cm,Merit Medical Systems,401418001.pdf,PDF p. 4,irrelevant_to_current_scope,,,generic_percutaneous_drainage_paracentesis_or_general_supply_not_pleural_specific,high,generic_percutaneous_drainage_paracentesis_or_general_supply_not_pleural_specific,
178,RLC-7-038MB,Locking Drainage Catheter Locking Drainage Catheter - 7.5F; 25 cm; Yes,Merit Medical Systems,401418001.pdf,PDF p. 4,irrelevant_to_current_scope,,,generic_percutaneous_drainage_paracentesis_or_general_supply_not_pleural_specific,high,generic_percutaneous_drainage_paracentesis_or_general_supply_not_pleural_specific,
179,RLC40-7-038MB,Locking Drainage Catheter Locking Drainage Catheter - 7.5F; 40 cm; Yes,Merit Medical Systems,401418001.pdf,PDF p. 4,irrelevant_to_current_scope,,,generic_percutaneous_drainage_paracentesis_or_general_supply_not_pleural_specific,high,generic_percutaneous_drainage_paracentesis_or_general_supply_not_pleural_specific,
180,RLC-8-038,Locking Drainage Catheter Locking Drainage Catheter - 8.5F; 25 cm,Merit Medical Systems,401418001.pdf,PDF p. 4,irrelevant_to_current_scope,,,generic_percutaneous_drainage_paracentesis_or_general_supply_not_pleural_specific,high,generic_percutaneous_drainage_paracentesis_or_general_supply_not_pleural_specific,
181,RLC-8-SFX,Locking Drainage Catheter Locking Drainage Catheter - 8.5F; 25 cm; StayFIX® (small),Merit Medical Systems,401418001.pdf,PDF p. 4,irrelevant_to_current_scope,,,generic_percutaneous_drainage_paracentesis_or_general_supply_not_pleural_specific,high,generic_percutaneous_drainage_paracentesis_or_general_supply_not_pleural_specific,
182,RLCMB-8-SFX,Locking Drainage Catheter Locking Drainage Catheter - 8.5F; 25 cm; Yes; StayFIX® (small),Merit Medical Systems,401418001.pdf,PDF p. 4,irrelevant_to_current_scope,,,generic_percutaneous_drainage_paracentesis_or_general_supply_not_pleural_specific,high,generic_percutaneous_drainage_paracentesis_or_general_supply_not_pleural_specific,
183,RLC40-8-038MB,Locking Drainage Catheter Locking Drainage Catheter - 8.5F; 40 cm; Yes,Merit Medical Systems,401418001.pdf,PDF p. 4,irrelevant_to_current_scope,,,generic_percutaneous_drainage_paracentesis_or_general_supply_not_pleural_specific,high,generic_percutaneous_drainage_paracentesis_or_general_supply_not_pleural_specific,
184,RCX10-10-038,PLASTIC STENTS - 10 cm; 10.3F; 20 cm,Merit Medical Systems,401418001.pdf,PDF p. 3,irrelevant_to_current_scope,,,generic_percutaneous_drainage_paracentesis_or_general_supply_not_pleural_specific,high,generic_percutaneous_drainage_paracentesis_or_general_supply_not_pleural_specific,
185,RCXB10-10-038,PLASTIC STENTS - 10 cm; 10.3F; 30 cm,Merit Medical Systems,401418001.pdf,PDF p. 3,irrelevant_to_current_scope,,,generic_percutaneous_drainage_paracentesis_or_general_supply_not_pleural_specific,high,generic_percutaneous_drainage_paracentesis_or_general_supply_not_pleural_specific,
186,RCX10-8-038,PLASTIC STENTS - 10 cm; 8.3F; 10.3F; 20 cm,Merit Medical Systems,401418001.pdf,PDF p. 3,irrelevant_to_current_scope,,,generic_percutaneous_drainage_paracentesis_or_general_supply_not_pleural_specific,high,generic_percutaneous_drainage_paracentesis_or_general_supply_not_pleural_specific,
187,RCX12-10-038,PLASTIC STENTS - 12 cm; 10.3F; 20 cm,Merit Medical Systems,401418001.pdf,PDF p. 3,irrelevant_to_current_scope,,,generic_percutaneous_drainage_paracentesis_or_general_supply_not_pleural_specific,high,generic_percutaneous_drainage_paracentesis_or_general_supply_not_pleural_specific,
188,RCX12-8-038,PLASTIC STENTS - 12 cm; 8.3F; 10.3F; 20 cm,Merit Medical Systems,401418001.pdf,PDF p. 3,irrelevant_to_current_scope,,,generic_percutaneous_drainage_paracentesis_or_general_supply_not_pleural_specific,high,generic_percutaneous_drainage_paracentesis_or_general_supply_not_pleural_specific,
189,RCX14-10-038,PLASTIC STENTS - 14 cm; 10.3F; 20 cm,Merit Medical Systems,401418001.pdf,PDF p. 3,irrelevant_to_current_scope,,,generic_percutaneous_drainage_paracentesis_or_general_supply_not_pleural_specific,high,generic_percutaneous_drainage_paracentesis_or_general_supply_not_pleural_specific,
190,RCX14-8-038,PLASTIC STENTS - 14 cm; 8.3F; 10.3F; 20 cm,Merit Medical Systems,401418001.pdf,PDF p. 3,irrelevant_to_current_scope,,,generic_percutaneous_drainage_paracentesis_or_general_supply_not_pleural_specific,high,generic_percutaneous_drainage_paracentesis_or_general_supply_not_pleural_specific,
191,RCXB15-10-038,PLASTIC STENTS - 15 cm; 10.3F; 30 cm,Merit Medical Systems,401418001.pdf,PDF p. 3,irrelevant_to_current_scope,,,generic_percutaneous_drainage_paracentesis_or_general_supply_not_pleural_specific,high,generic_percutaneous_drainage_paracentesis_or_general_supply_not_pleural_specific,
192,RCX20-10-038,PLASTIC STENTS - 20 cm; 10.3F; 30 cm,Merit Medical Systems,401418001.pdf,PDF p. 3,irrelevant_to_current_scope,,,generic_percutaneous_drainage_paracentesis_or_general_supply_not_pleural_specific,high,generic_percutaneous_drainage_paracentesis_or_general_supply_not_pleural_specific,
193,RCX20-8-038,PLASTIC STENTS - 20 cm; 8.3F; 10.3F; 30 cm,Merit Medical Systems,401418001.pdf,PDF p. 3,irrelevant_to_current_scope,,,generic_percutaneous_drainage_paracentesis_or_general_supply_not_pleural_specific,high,generic_percutaneous_drainage_paracentesis_or_general_supply_not_pleural_specific,
194,RCX22-10-038,PLASTIC STENTS - 22 cm; 10.3F; 30 cm,Merit Medical Systems,401418001.pdf,PDF p. 3,irrelevant_to_current_scope,,,generic_percutaneous_drainage_paracentesis_or_general_supply_not_pleural_specific,high,generic_percutaneous_drainage_paracentesis_or_general_supply_not_pleural_specific,
195,RCX22-8-038,PLASTIC STENTS - 22 cm; 8.3F; 10.3F; 30 cm,Merit Medical Systems,401418001.pdf,PDF p. 3,irrelevant_to_current_scope,,,generic_percutaneous_drainage_paracentesis_or_general_supply_not_pleural_specific,high,generic_percutaneous_drainage_paracentesis_or_general_supply_not_pleural_specific,
196,RCX24-10-038,PLASTIC STENTS - 24 cm; 10.3F; 30 cm,Merit Medical Systems,401418001.pdf,PDF p. 3,irrelevant_to_current_scope,,,generic_percutaneous_drainage_paracentesis_or_general_supply_not_pleural_specific,high,generic_percutaneous_drainage_paracentesis_or_general_supply_not_pleural_specific,
197,RCX24-8-038,PLASTIC STENTS - 24 cm; 8.3F; 10.3F; 30 cm,Merit Medical Systems,401418001.pdf,PDF p. 3,irrelevant_to_current_scope,,,generic_percutaneous_drainage_paracentesis_or_general_supply_not_pleural_specific,high,generic_percutaneous_drainage_paracentesis_or_general_supply_not_pleural_specific,
198,RCX26-10-038,PLASTIC STENTS - 26 cm; 10.3F; 30 cm,Merit Medical Systems,401418001.pdf,PDF p. 3,irrelevant_to_current_scope,,,generic_percutaneous_drainage_paracentesis_or_general_supply_not_pleural_specific,high,generic_percutaneous_drainage_paracentesis_or_general_supply_not_pleural_specific,
199,RCX26-8-038,PLASTIC STENTS - 26 cm; 8.3F; 10.3F; 30 cm,Merit Medical Systems,401418001.pdf,PDF p. 3,irrelevant_to_current_scope,,,generic_percutaneous_drainage_paracentesis_or_general_supply_not_pleural_specific,high,generic_percutaneous_drainage_paracentesis_or_general_supply_not_pleural_specific,
200,RCX28-10-038,PLASTIC STENTS - 28 cm; 10.3F; 30 cm,Merit Medical Systems,401418001.pdf,PDF p. 3,irrelevant_to_current_scope,,,generic_percutaneous_drainage_paracentesis_or_general_supply_not_pleural_specific,high,generic_percutaneous_drainage_paracentesis_or_general_supply_not_pleural_specific,
201,RCX28-8-038,PLASTIC STENTS - 28 cm; 8.3F; 10.3F; 30 cm,Merit Medical Systems,401418001.pdf,PDF p. 3,irrelevant_to_current_scope,,,generic_percutaneous_drainage_paracentesis_or_general_supply_not_pleural_specific,high,generic_percutaneous_drainage_paracentesis_or_general_supply_not_pleural_specific,
202,RCXB5-10-038,PLASTIC STENTS - 5 cm; 10.3F; 30 cm,Merit Medical Systems,401418001.pdf,PDF p. 3,irrelevant_to_current_scope,,,generic_percutaneous_drainage_paracentesis_or_general_supply_not_pleural_specific,high,generic_percutaneous_drainage_paracentesis_or_general_supply_not_pleural_specific,
203,RCXB7-10-038,PLASTIC STENTS - 7 cm; 10.3F; 30 cm,Merit Medical Systems,401418001.pdf,PDF p. 3,irrelevant_to_current_scope,,,generic_percutaneous_drainage_paracentesis_or_general_supply_not_pleural_specific,high,generic_percutaneous_drainage_paracentesis_or_general_supply_not_pleural_specific,
204,RLCMB-NV-10,"RESOLVE® LOCKING DRAINAGE CATHETER TRAYS - 10F; 25 cm; 8F, 10F; Yes",Merit Medical Systems,401418001.pdf,PDF p. 6,irrelevant_to_current_scope,,,generic_percutaneous_drainage_paracentesis_or_general_supply_not_pleural_specific,high,generic_percutaneous_drainage_paracentesis_or_general_supply_not_pleural_specific,
205,RLCMB-NV-10-SFX,"RESOLVE® LOCKING DRAINAGE CATHETER TRAYS - 10F; 25 cm; 8F, 10F; Yes; StayFIX® (small)",Merit Medical Systems,401418001.pdf,PDF p. 6,irrelevant_to_current_scope,,,generic_percutaneous_drainage_paracentesis_or_general_supply_not_pleural_specific,high,generic_percutaneous_drainage_paracentesis_or_general_supply_not_pleural_specific,
206,RNL-10-038J,RESOLVE® LOCKING DRAINAGE CATHETER TRAYS - 10F; 25 cm; J Curve,Merit Medical Systems,401418001.pdf,PDF p. 6,irrelevant_to_current_scope,,,generic_percutaneous_drainage_paracentesis_or_general_supply_not_pleural_specific,high,generic_percutaneous_drainage_paracentesis_or_general_supply_not_pleural_specific,
207,RLCMB-NV-12,"RESOLVE® LOCKING DRAINAGE CATHETER TRAYS - 12F; 25 cm; 8F, 10F, 12F; Yes",Merit Medical Systems,401418001.pdf,PDF p. 6,irrelevant_to_current_scope,,,generic_percutaneous_drainage_paracentesis_or_general_supply_not_pleural_specific,high,generic_percutaneous_drainage_paracentesis_or_general_supply_not_pleural_specific,
208,RLCMB-NV-12-SFX,"RESOLVE® LOCKING DRAINAGE CATHETER TRAYS - 12F; 25 cm; 8F, 10F, 12F; Yes; StayFIX® (small)",Merit Medical Systems,401418001.pdf,PDF p. 6,irrelevant_to_current_scope,,,generic_percutaneous_drainage_paracentesis_or_general_supply_not_pleural_specific,high,generic_percutaneous_drainage_paracentesis_or_general_supply_not_pleural_specific,
209,RNL-12-038J,RESOLVE® LOCKING DRAINAGE CATHETER TRAYS - 12F; 25 cm; J Curve,Merit Medical Systems,401418001.pdf,PDF p. 6,irrelevant_to_current_scope,,,generic_percutaneous_drainage_paracentesis_or_general_supply_not_pleural_specific,high,generic_percutaneous_drainage_paracentesis_or_general_supply_not_pleural_specific,
210,RLCMB-NV-14,"RESOLVE® LOCKING DRAINAGE CATHETER TRAYS - 14F; 25 cm; 8F, 10F, 12F, 14F; Yes",Merit Medical Systems,401418001.pdf,PDF p. 6,irrelevant_to_current_scope,,,generic_percutaneous_drainage_paracentesis_or_general_supply_not_pleural_specific,high,generic_percutaneous_drainage_paracentesis_or_general_supply_not_pleural_specific,
211,RLCMB-NV-14-SFX,"RESOLVE® LOCKING DRAINAGE CATHETER TRAYS - 14F; 25 cm; 8F, 10F, 12F, 14F; Yes; StayFIX® (large)",Merit Medical Systems,401418001.pdf,PDF p. 6,irrelevant_to_current_scope,,,generic_percutaneous_drainage_paracentesis_or_general_supply_not_pleural_specific,high,generic_percutaneous_drainage_paracentesis_or_general_supply_not_pleural_specific,
212,RLCMB-NV-6,RESOLVE® LOCKING DRAINAGE CATHETER TRAYS - 6.5F; 25 cm; Yes,Merit Medical Systems,401418001.pdf,PDF p. 6,irrelevant_to_current_scope,,,generic_percutaneous_drainage_paracentesis_or_general_supply_not_pleural_specific,high,generic_percutaneous_drainage_paracentesis_or_general_supply_not_pleural_specific,
213,RLCMB-NV-6-SFX,RESOLVE® LOCKING DRAINAGE CATHETER TRAYS - 6.5F; 25 cm; Yes; StayFIX® (small),Merit Medical Systems,401418001.pdf,PDF p. 6,irrelevant_to_current_scope,,,generic_percutaneous_drainage_paracentesis_or_general_supply_not_pleural_specific,high,generic_percutaneous_drainage_paracentesis_or_general_supply_not_pleural_specific,
214,RNL-7-038J,RESOLVE® LOCKING DRAINAGE CATHETER TRAYS - 7.5F; 25 cm; J Curve,Merit Medical Systems,401418001.pdf,PDF p. 6,irrelevant_to_current_scope,,,generic_percutaneous_drainage_paracentesis_or_general_supply_not_pleural_specific,high,generic_percutaneous_drainage_paracentesis_or_general_supply_not_pleural_specific,
215,RLCMB-NV-8,RESOLVE® LOCKING DRAINAGE CATHETER TRAYS - 8.5F; 25 cm; 8F; Yes,Merit Medical Systems,401418001.pdf,PDF p. 6,irrelevant_to_current_scope,,,generic_percutaneous_drainage_paracentesis_or_general_supply_not_pleural_specific,high,generic_percutaneous_drainage_paracentesis_or_general_supply_not_pleural_specific,
216,RLCMB-NV-8-SFX,RESOLVE® LOCKING DRAINAGE CATHETER TRAYS - 8.5F; 25 cm; 8F; Yes; StayFIX® (small),Merit Medical Systems,401418001.pdf,PDF p. 6,irrelevant_to_current_scope,,,generic_percutaneous_drainage_paracentesis_or_general_supply_not_pleural_specific,high,generic_percutaneous_drainage_paracentesis_or_general_supply_not_pleural_specific,
217,SPPT-100,SAFETY PARACENTESIS PROCEDURE TRAY,Merit Medical Systems,401418001.pdf,PDF p. 13,irrelevant_to_current_scope,,,generic_percutaneous_drainage_paracentesis_or_general_supply_not_pleural_specific,high,generic_percutaneous_drainage_paracentesis_or_general_supply_not_pleural_specific,
218,SPPT-5F-10L,SAFETY PARACENTESIS PROCEDURE TRAY - 5F; 10 cm; Straight; Fixed,Merit Medical Systems,401418001.pdf,PDF p. 13,irrelevant_to_current_scope,,,generic_percutaneous_drainage_paracentesis_or_general_supply_not_pleural_specific,high,generic_percutaneous_drainage_paracentesis_or_general_supply_not_pleural_specific,
219,SPPT-5F-10S,SAFETY PARACENTESIS PROCEDURE TRAY - 5F; 10 cm; Straight; Slip,Merit Medical Systems,401418001.pdf,PDF p. 13,irrelevant_to_current_scope,,,generic_percutaneous_drainage_paracentesis_or_general_supply_not_pleural_specific,high,generic_percutaneous_drainage_paracentesis_or_general_supply_not_pleural_specific,
220,SPPT-5F-12PL,SAFETY PARACENTESIS PROCEDURE TRAY - 5F; 12 cm; Pigtail; Fixed,Merit Medical Systems,401418001.pdf,PDF p. 13,irrelevant_to_current_scope,,,generic_percutaneous_drainage_paracentesis_or_general_supply_not_pleural_specific,high,generic_percutaneous_drainage_paracentesis_or_general_supply_not_pleural_specific,
221,SPPT-5F-12PS,SAFETY PARACENTESIS PROCEDURE TRAY - 5F; 12 cm; Pigtail; Slip,Merit Medical Systems,401418001.pdf,PDF p. 13,irrelevant_to_current_scope,,,generic_percutaneous_drainage_paracentesis_or_general_supply_not_pleural_specific,high,generic_percutaneous_drainage_paracentesis_or_general_supply_not_pleural_specific,
222,SPPT-5F-17PL,SAFETY PARACENTESIS PROCEDURE TRAY - 5F; 17 cm; Pigtail; Fixed,Merit Medical Systems,401418001.pdf,PDF p. 13,irrelevant_to_current_scope,,,generic_percutaneous_drainage_paracentesis_or_general_supply_not_pleural_specific,high,generic_percutaneous_drainage_paracentesis_or_general_supply_not_pleural_specific,
223,SPPT-5F-17PS,SAFETY PARACENTESIS PROCEDURE TRAY - 5F; 17 cm; Pigtail; Slip,Merit Medical Systems,401418001.pdf,PDF p. 13,irrelevant_to_current_scope,,,generic_percutaneous_drainage_paracentesis_or_general_supply_not_pleural_specific,high,generic_percutaneous_drainage_paracentesis_or_general_supply_not_pleural_specific,
224,SPPT-5F-7L,SAFETY PARACENTESIS PROCEDURE TRAY - 5F; 7 cm; Straight; Fixed,Merit Medical Systems,401418001.pdf,PDF p. 13,irrelevant_to_current_scope,,,generic_percutaneous_drainage_paracentesis_or_general_supply_not_pleural_specific,high,generic_percutaneous_drainage_paracentesis_or_general_supply_not_pleural_specific,
225,SPPT-5F-7S,SAFETY PARACENTESIS PROCEDURE TRAY - 5F; 7 cm; Straight; Slip,Merit Medical Systems,401418001.pdf,PDF p. 13,irrelevant_to_current_scope,,,generic_percutaneous_drainage_paracentesis_or_general_supply_not_pleural_specific,high,generic_percutaneous_drainage_paracentesis_or_general_supply_not_pleural_specific,
226,SPPT-6F-10L,SAFETY PARACENTESIS PROCEDURE TRAY - 6F; 10 cm; Straight; Fixed,Merit Medical Systems,401418001.pdf,PDF p. 13,irrelevant_to_current_scope,,,generic_percutaneous_drainage_paracentesis_or_general_supply_not_pleural_specific,high,generic_percutaneous_drainage_paracentesis_or_general_supply_not_pleural_specific,
227,SPPT-6F-10S,SAFETY PARACENTESIS PROCEDURE TRAY - 6F; 10 cm; Straight; Slip,Merit Medical Systems,401418001.pdf,PDF p. 13,irrelevant_to_current_scope,,,generic_percutaneous_drainage_paracentesis_or_general_supply_not_pleural_specific,high,generic_percutaneous_drainage_paracentesis_or_general_supply_not_pleural_specific,
228,SPPT-6F-12PL,SAFETY PARACENTESIS PROCEDURE TRAY - 6F; 12 cm; Pigtail; Fixed,Merit Medical Systems,401418001.pdf,PDF p. 13,irrelevant_to_current_scope,,,generic_percutaneous_drainage_paracentesis_or_general_supply_not_pleural_specific,high,generic_percutaneous_drainage_paracentesis_or_general_supply_not_pleural_specific,
229,SPPT-6F-12PS,SAFETY PARACENTESIS PROCEDURE TRAY - 6F; 12 cm; Pigtail; Slip,Merit Medical Systems,401418001.pdf,PDF p. 13,irrelevant_to_current_scope,,,generic_percutaneous_drainage_paracentesis_or_general_supply_not_pleural_specific,high,generic_percutaneous_drainage_paracentesis_or_general_supply_not_pleural_specific,
230,SPPT-6F-17PL,SAFETY PARACENTESIS PROCEDURE TRAY - 6F; 17 cm; Pigtail; Fixed,Merit Medical Systems,401418001.pdf,PDF p. 13,irrelevant_to_current_scope,,,generic_percutaneous_drainage_paracentesis_or_general_supply_not_pleural_specific,high,generic_percutaneous_drainage_paracentesis_or_general_supply_not_pleural_specific,
231,SPPT-6F-17PS,SAFETY PARACENTESIS PROCEDURE TRAY - 6F; 17 cm; Pigtail; Slip,Merit Medical Systems,401418001.pdf,PDF p. 13,irrelevant_to_current_scope,,,generic_percutaneous_drainage_paracentesis_or_general_supply_not_pleural_specific,high,generic_percutaneous_drainage_paracentesis_or_general_supply_not_pleural_specific,
232,SPPT-6F-7L,SAFETY PARACENTESIS PROCEDURE TRAY - 6F; 7 cm; Straight; Fixed,Merit Medical Systems,401418001.pdf,PDF p. 13,irrelevant_to_current_scope,,,generic_percutaneous_drainage_paracentesis_or_general_supply_not_pleural_specific,high,generic_percutaneous_drainage_paracentesis_or_general_supply_not_pleural_specific,
233,SPPT-6F-7S,SAFETY PARACENTESIS PROCEDURE TRAY - 6F; 7 cm; Straight; Slip,Merit Medical Systems,401418001.pdf,PDF p. 13,irrelevant_to_current_scope,,,generic_percutaneous_drainage_paracentesis_or_general_supply_not_pleural_specific,high,generic_percutaneous_drainage_paracentesis_or_general_supply_not_pleural_specific,
234,SPPT-8F-10L,SAFETY PARACENTESIS PROCEDURE TRAY - 8F; 10 cm; Straight; Fixed,Merit Medical Systems,401418001.pdf,PDF p. 13,irrelevant_to_current_scope,,,generic_percutaneous_drainage_paracentesis_or_general_supply_not_pleural_specific,high,generic_percutaneous_drainage_paracentesis_or_general_supply_not_pleural_specific,
235,SPPT-8F-10S,SAFETY PARACENTESIS PROCEDURE TRAY - 8F; 10 cm; Straight; Slip,Merit Medical Systems,401418001.pdf,PDF p. 13,irrelevant_to_current_scope,,,generic_percutaneous_drainage_paracentesis_or_general_supply_not_pleural_specific,high,generic_percutaneous_drainage_paracentesis_or_general_supply_not_pleural_specific,
236,SPPT-8F-12PL,SAFETY PARACENTESIS PROCEDURE TRAY - 8F; 12 cm; Pigtail; Fixed,Merit Medical Systems,401418001.pdf,PDF p. 13,irrelevant_to_current_scope,,,generic_percutaneous_drainage_paracentesis_or_general_supply_not_pleural_specific,high,generic_percutaneous_drainage_paracentesis_or_general_supply_not_pleural_specific,
237,SPPT-8F-12PS,SAFETY PARACENTESIS PROCEDURE TRAY - 8F; 12 cm; Pigtail; Slip,Merit Medical Systems,401418001.pdf,PDF p. 13,irrelevant_to_current_scope,,,generic_percutaneous_drainage_paracentesis_or_general_supply_not_pleural_specific,high,generic_percutaneous_drainage_paracentesis_or_general_supply_not_pleural_specific,
238,SPPT-8F-17PL,SAFETY PARACENTESIS PROCEDURE TRAY - 8F; 17 cm; Pigtail; Fixed,Merit Medical Systems,401418001.pdf,PDF p. 13,irrelevant_to_current_scope,,,generic_percutaneous_drainage_paracentesis_or_general_supply_not_pleural_specific,high,generic_percutaneous_drainage_paracentesis_or_general_supply_not_pleural_specific,
239,SPPT-8F-17PS,SAFETY PARACENTESIS PROCEDURE TRAY - 8F; 17 cm; Pigtail; Slip,Merit Medical Systems,401418001.pdf,PDF p. 13,irrelevant_to_current_scope,,,generic_percutaneous_drainage_paracentesis_or_general_supply_not_pleural_specific,high,generic_percutaneous_drainage_paracentesis_or_general_supply_not_pleural_specific,
240,SPPT-8F-7L,SAFETY PARACENTESIS PROCEDURE TRAY - 8F; 7 cm; Straight; Fixed,Merit Medical Systems,401418001.pdf,PDF p. 13,irrelevant_to_current_scope,,,generic_percutaneous_drainage_paracentesis_or_general_supply_not_pleural_specific,high,generic_percutaneous_drainage_paracentesis_or_general_supply_not_pleural_specific,
241,SPPT-8F-7S,SAFETY PARACENTESIS PROCEDURE TRAY - 8F; 7 cm; Straight; Slip,Merit Medical Systems,401418001.pdf,PDF p. 13,irrelevant_to_current_scope,,,generic_percutaneous_drainage_paracentesis_or_general_supply_not_pleural_specific,high,generic_percutaneous_drainage_paracentesis_or_general_supply_not_pleural_specific,
255,MMS100,WASTE BASINS,Merit Medical Systems,401418001.pdf,PDF p. 19,irrelevant_to_current_scope,,,generic_percutaneous_drainage_paracentesis_or_general_supply_not_pleural_specific,high,generic_percutaneous_drainage_paracentesis_or_general_supply_not_pleural_specific,
256,MMSP100,WASTE BASINS,Merit Medical Systems,401418001.pdf,PDF p. 19,irrelevant_to_current_scope,,,generic_percutaneous_drainage_paracentesis_or_general_supply_not_pleural_specific,high,generic_percutaneous_drainage_paracentesis_or_general_supply_not_pleural_specific,
257,FZ624,"DRAINAGE BAGS AND TUBING - Cloth-backed Bag, 600 mL",Merit Medical Systems,401418001.pdf; 401423001-A.pdf,PDF p. 16,irrelevant_to_current_scope,,,generic_percutaneous_drainage_paracentesis_or_general_supply_not_pleural_specific,high,generic_percutaneous_drainage_paracentesis_or_general_supply_not_pleural_specific,
258,K08-01907,"DRAINAGE BAGS AND TUBING - Jackson-Pratt® Bulb with 16"" Tubing, 100 mL",Merit Medical Systems,401418001.pdf; 401423001-A.pdf,PDF p. 16,irrelevant_to_current_scope,,,generic_percutaneous_drainage_paracentesis_or_general_supply_not_pleural_specific,high,generic_percutaneous_drainage_paracentesis_or_general_supply_not_pleural_specific,
259,K10-03450,"DRAINAGE BAGS AND TUBING - MDD600 Drainage Bag with Jackson-Pratt® Bulb, 100 mL (designed for vacuum drainage)",Merit Medical Systems,401418001.pdf; 401423001-A.pdf,PDF p. 16,irrelevant_to_current_scope,,,generic_percutaneous_drainage_paracentesis_or_general_supply_not_pleural_specific,high,generic_percutaneous_drainage_paracentesis_or_general_supply_not_pleural_specific,
260,RLC15-8-038MB,Locking Drainage Catheter Locking Drainage Catheter - 8.5F; 15 cm; Yes,Merit Medical Systems,401418001.pdf; 401423001-A.pdf,PDF p. 4,irrelevant_to_current_scope,,,generic_percutaneous_drainage_paracentesis_or_general_supply_not_pleural_specific,high,generic_percutaneous_drainage_paracentesis_or_general_supply_not_pleural_specific,
261,RLC-8-038MB,Locking Drainage Catheter Locking Drainage Catheter - 8.5F; 25 cm; Yes,Merit Medical Systems,401418001.pdf; 401423001-A.pdf,PDF p. 4,irrelevant_to_current_scope,,,generic_percutaneous_drainage_paracentesis_or_general_supply_not_pleural_specific,high,generic_percutaneous_drainage_paracentesis_or_general_supply_not_pleural_specific,
262,RNL-6-038J,RESOLVE® LOCKING DRAINAGE CATHETER TRAYS - 6.5F; 20 cm; J Curve,Merit Medical Systems,401418001.pdf; 401423001-A.pdf,PDF p. 6,irrelevant_to_current_scope,,,generic_percutaneous_drainage_paracentesis_or_general_supply_not_pleural_specific,high,generic_percutaneous_drainage_paracentesis_or_general_supply_not_pleural_specific,
263,RNL-8-038J,RESOLVE® LOCKING DRAINAGE CATHETER TRAYS - 8.5F; 25 cm; J Curve,Merit Medical Systems,401418001.pdf; 401423001-A.pdf,PDF p. 6,irrelevant_to_current_scope,,,generic_percutaneous_drainage_paracentesis_or_general_supply_not_pleural_specific,high,generic_percutaneous_drainage_paracentesis_or_general_supply_not_pleural_specific,
268,RLC-10-038MB,Ultrasound Drainage Procedure - 0.038” (0.97 mm); Yes; Locking Pigtail,Merit Medical Systems,401418001.pdf; 401423001-A.pdf,PDF p. 4,irrelevant_to_current_scope,,,generic_percutaneous_drainage_paracentesis_or_general_supply_not_pleural_specific,high,generic_percutaneous_drainage_paracentesis_or_general_supply_not_pleural_specific,
269,RLC15-10-038MB,Ultrasound Drainage Procedure - 0.038” (0.97 mm); Yes; Locking Pigtail,Merit Medical Systems,401418001.pdf; 401423001-A.pdf,PDF p. 4,irrelevant_to_current_scope,,,generic_percutaneous_drainage_paracentesis_or_general_supply_not_pleural_specific,high,generic_percutaneous_drainage_paracentesis_or_general_supply_not_pleural_specific,
270,K12-08323,Ultrasound Drainage Procedure - 10F x 20 cm Dilator,Merit Medical Systems,401418001.pdf; 401423001-A.pdf,PDF p. 17,irrelevant_to_current_scope,,,generic_percutaneous_drainage_paracentesis_or_general_supply_not_pleural_specific,high,generic_percutaneous_drainage_paracentesis_or_general_supply_not_pleural_specific,
272,VAC160,Ultrasound Drainage Procedure - 60 mL Vacuum Pressure Syringe,Merit Medical Systems,401418001.pdf; 401423001-A.pdf,PDF p. 17,irrelevant_to_current_scope,,,generic_percutaneous_drainage_paracentesis_or_general_supply_not_pleural_specific,high,generic_percutaneous_drainage_paracentesis_or_general_supply_not_pleural_specific,
273,MAK-NV-002,Ultrasound Drainage Procedure - 6F X 20 cm; 4F; NT/PT; 150 cm; 21G X 15 cm Trocar,Merit Medical Systems,401418001.pdf; 401423001-A.pdf,PDF p. 2,irrelevant_to_current_scope,,,generic_percutaneous_drainage_paracentesis_or_general_supply_not_pleural_specific,high,generic_percutaneous_drainage_paracentesis_or_general_supply_not_pleural_specific,
274,MAK-NV-004,Ultrasound Drainage Procedure - 6F X 20 cm; 4F; NT/PT; 21G X 15 cm Trocar,Merit Medical Systems,401418001.pdf; 401423001-A.pdf,PDF p. 2,irrelevant_to_current_scope,,,generic_percutaneous_drainage_paracentesis_or_general_supply_not_pleural_specific,high,generic_percutaneous_drainage_paracentesis_or_general_supply_not_pleural_specific,
275,MAK-NV-001,Ultrasound Drainage Procedure - 6F X 20 cm; 4F; SS/PT; 150 cm; 21G X 15 cm Trocar,Merit Medical Systems,401418001.pdf; 401423001-A.pdf,PDF p. 2,irrelevant_to_current_scope,,,generic_percutaneous_drainage_paracentesis_or_general_supply_not_pleural_specific,high,generic_percutaneous_drainage_paracentesis_or_general_supply_not_pleural_specific,
276,MAK-NV-016,Ultrasound Drainage Procedure - 6F X 20 cm; 4F; SS/PT; 80 cm; 21G X 15 cm Chiba,Merit Medical Systems,401418001.pdf; 401423001-A.pdf,PDF p. 2,irrelevant_to_current_scope,,,generic_percutaneous_drainage_paracentesis_or_general_supply_not_pleural_specific,high,generic_percutaneous_drainage_paracentesis_or_general_supply_not_pleural_specific,
278,K12-08322,Ultrasound Drainage Procedure - 8F x 20 cm Dilator,Merit Medical Systems,401418001.pdf; 401423001-A.pdf,PDF p. 17,irrelevant_to_current_scope,,,generic_percutaneous_drainage_paracentesis_or_general_supply_not_pleural_specific,high,generic_percutaneous_drainage_paracentesis_or_general_supply_not_pleural_specific,
288,IQ35F80J105RS,Ultrasound Drainage Procedure - 0.035” x 80 cm Rosen 1.5 mm J,Merit Medical Systems,401423001-A.pdf,PDF p. 5,irrelevant_to_current_scope,,,generic_percutaneous_drainage_paracentesis_or_general_supply_not_pleural_specific,high,generic_percutaneous_drainage_paracentesis_or_general_supply_not_pleural_specific,
289,MBSP100,Ultrasound Drainage Procedure - 500 mL BackStop Plus Disposal System,Merit Medical Systems,401423001-A.pdf,PDF p. 5,irrelevant_to_current_scope,,,generic_percutaneous_drainage_paracentesis_or_general_supply_not_pleural_specific,high,generic_percutaneous_drainage_paracentesis_or_general_supply_not_pleural_specific,
292,CFG624,Ultrasound Drainage Procedure - Revolution; 6F-24F,Merit Medical Systems,401423001-A.pdf,PDF p. 5,irrelevant_to_current_scope,,,generic_percutaneous_drainage_paracentesis_or_general_supply_not_pleural_specific,high,generic_percutaneous_drainage_paracentesis_or_general_supply_not_pleural_specific,
294,Not stated in source,ReSolve Locking Drainage Catheter,Merit Medical Systems,402955010.pdf; 402955010MLP.pdf; 402955011ZHP.pdf; 402955013ZHP.pdf,PDF p. 1,irrelevant_to_current_scope,,,generic_percutaneous_drainage_paracentesis_or_general_supply_not_pleural_specific,high,generic_percutaneous_drainage_paracentesis_or_general_supply_not_pleural_specific,
295,Not stated in source,ReSolve Mini Locking Drainage Catheter,Merit Medical Systems,406168001MLP.pdf,PDF p. 2,irrelevant_to_current_scope,,,generic_percutaneous_drainage_paracentesis_or_general_supply_not_pleural_specific,high,generic_percutaneous_drainage_paracentesis_or_general_supply_not_pleural_specific,
415,LeSoc - B698LS2X30,"7/27/26, 4:29 PM AccessGUDID - (&quot;Monarch Bronchoscope&quot;)",Not stated in source,AccessGUDID - (&quot;Monarch Bronchoscope&quot;)2.pdf,PDF page index 1; unrelated AccessGUDID search-result hit,irrelevant_to_current_scope,,,irrelevant_to_current_scope,high,irrelevant_to_current_scope,"Hallucinated extraction from an unrelated MONARCH LABS wound-product search result (LeSoc B698LS2X30), not a bronchoscopy product."
424,ARIETTA A850,ARIETTA A850 Ultrasound Imaging System,Hitachi / FUJIFILM Healthcare,ARIETTA-A850_Brochure_EN_53045.pdf,PDF page index 1 cover identifies ALOKA ARIETTA 850; PDF index 6 / printed pp. 10-11 shows broad ultrasound applications/system,irrelevant_to_current_scope,,,irrelevant_to_current_scope,high,irrelevant_to_current_scope,"The source calls the system ALOKA ARIETTA 850 (not 'ARIETTA A850') and contains no bronchoscopy, endoscopic-ultrasound, or EB-series compatibility evidence. It is distinct from current ARIETTA 750 FF ENDO; prior governed research also excludes ARIETTA 850 FF ENDO because its compatibility table lists EG-series GI scopes, not EB-530US."
435,BCC1,BLAKE Cardio Connector,Ethicon / Johnson & Johnson,BLAKE-Drains-Brochure-050018-210310.pdf,Document p. not stated (PDF page 10),irrelevant_to_current_scope,,,generic_postoperative_reservoir_adapter_or_cardiac_connector_not_pleural_specific,high,generic_postoperative_reservoir_adapter_or_cardiac_connector_not_pleural_specific,
436,BCC2,BLAKE Cardio Connector,Ethicon / Johnson & Johnson,BLAKE-Drains-Brochure-050018-210310.pdf,Document p. not stated (PDF page 10),irrelevant_to_current_scope,,,generic_postoperative_reservoir_adapter_or_cardiac_connector_not_pleural_specific,high,generic_postoperative_reservoir_adapter_or_cardiac_connector_not_pleural_specific,
437,BCC3,BLAKE Cardio Connector,Ethicon / Johnson & Johnson,BLAKE-Drains-Brochure-050018-210310.pdf,Document p. not stated (PDF page 10),irrelevant_to_current_scope,,,generic_postoperative_reservoir_adapter_or_cardiac_connector_not_pleural_specific,high,generic_postoperative_reservoir_adapter_or_cardiac_connector_not_pleural_specific,
455,2199,J-VAC Drain Adapter,Ethicon / Johnson & Johnson,BLAKE-Drains-Brochure-050018-210310.pdf,Document p. not stated (PDF page 10),irrelevant_to_current_scope,,,generic_postoperative_reservoir_adapter_or_cardiac_connector_not_pleural_specific,high,generic_postoperative_reservoir_adapter_or_cardiac_connector_not_pleural_specific,
456,2209,J-VAC Drain Adapter,Ethicon / Johnson & Johnson,BLAKE-Drains-Brochure-050018-210310.pdf,Document p. not stated (PDF page 10),irrelevant_to_current_scope,,,generic_postoperative_reservoir_adapter_or_cardiac_connector_not_pleural_specific,high,generic_postoperative_reservoir_adapter_or_cardiac_connector_not_pleural_specific,
457,2298,J-VAC Drain Adapter,Ethicon / Johnson & Johnson,BLAKE-Drains-Brochure-050018-210310.pdf,Document p. not stated (PDF page 10),irrelevant_to_current_scope,,,generic_postoperative_reservoir_adapter_or_cardiac_connector_not_pleural_specific,high,generic_postoperative_reservoir_adapter_or_cardiac_connector_not_pleural_specific,
458,2160,J-VAC Suction Reservoir,Ethicon / Johnson & Johnson,BLAKE-Drains-Brochure-050018-210310.pdf,Document p. not stated (PDF page 10),irrelevant_to_current_scope,,,generic_postoperative_reservoir_adapter_or_cardiac_connector_not_pleural_specific,high,generic_postoperative_reservoir_adapter_or_cardiac_connector_not_pleural_specific,
459,2161,J-VAC Suction Reservoir,Ethicon / Johnson & Johnson,BLAKE-Drains-Brochure-050018-210310.pdf,Document p. not stated (PDF page 10),irrelevant_to_current_scope,,,generic_postoperative_reservoir_adapter_or_cardiac_connector_not_pleural_specific,high,generic_postoperative_reservoir_adapter_or_cardiac_connector_not_pleural_specific,
460,2162,J-VAC Suction Reservoir,Ethicon / Johnson & Johnson,BLAKE-Drains-Brochure-050018-210310.pdf,Document p. not stated (PDF page 10),irrelevant_to_current_scope,,,generic_postoperative_reservoir_adapter_or_cardiac_connector_not_pleural_specific,high,generic_postoperative_reservoir_adapter_or_cardiac_connector_not_pleural_specific,
461,2163,J-VAC Suction Reservoir,Ethicon / Johnson & Johnson,BLAKE-Drains-Brochure-050018-210310.pdf,Document p. not stated (PDF page 10),irrelevant_to_current_scope,,,generic_postoperative_reservoir_adapter_or_cardiac_connector_not_pleural_specific,high,generic_postoperative_reservoir_adapter_or_cardiac_connector_not_pleural_specific,
645,8888577775,Cardinal HealthTM ArgyleTM Carotid Artery Shunt Kit*,Cardinal Health,cardinal-health-cardiothoratic-catalog.pdf,PDF p. 6,irrelevant_to_current_scope,,,cardiac_vascular_or_mediastinal_product_not_current_ip_pleural_scope,high,cardiac_vascular_or_mediastinal_product_not_current_ip_pleural_scope,
646,8888590018,Cardinal HealthTM ArgyleTM Left Ventricular Sump Vent Catheters with,Cardinal Health,cardinal-health-cardiothoratic-catalog.pdf,PDF p. 5,irrelevant_to_current_scope,,,cardiac_vascular_or_mediastinal_product_not_current_ip_pleural_scope,high,cardiac_vascular_or_mediastinal_product_not_current_ip_pleural_scope,
647,8888590208,Cardinal HealthTM ArgyleTM Left Ventricular Sump Vent Catheters with,Cardinal Health,cardinal-health-cardiothoratic-catalog.pdf,PDF p. 5,irrelevant_to_current_scope,,,cardiac_vascular_or_mediastinal_product_not_current_ip_pleural_scope,high,cardiac_vascular_or_mediastinal_product_not_current_ip_pleural_scope,
648,8888590216,Cardinal HealthTM ArgyleTM Left Ventricular Sump Vent Catheters with,Cardinal Health,cardinal-health-cardiothoratic-catalog.pdf,PDF p. 5,irrelevant_to_current_scope,,,cardiac_vascular_or_mediastinal_product_not_current_ip_pleural_scope,high,cardiac_vascular_or_mediastinal_product_not_current_ip_pleural_scope,
649,8888590224,Cardinal HealthTM ArgyleTM Left Ventricular Sump Vent Catheters with,Cardinal Health,cardinal-health-cardiothoratic-catalog.pdf,PDF p. 5,irrelevant_to_current_scope,,,cardiac_vascular_or_mediastinal_product_not_current_ip_pleural_scope,high,cardiac_vascular_or_mediastinal_product_not_current_ip_pleural_scope,
650,8888584912,Cardinal HealthTM ArgyleTM Parallel Y Connector,Cardinal Health,cardinal-health-cardiothoratic-catalog.pdf,PDF p. 5,irrelevant_to_current_scope,,,cardiac_vascular_or_mediastinal_product_not_current_ip_pleural_scope,high,cardiac_vascular_or_mediastinal_product_not_current_ip_pleural_scope,
666,8888573550,Cardinal HealthTM ArgyleTM Silicone Mediastinal Catheter,Cardinal Health,cardinal-health-cardiothoratic-catalog.pdf,PDF p. 4,irrelevant_to_current_scope,,,cardiac_vascular_or_mediastinal_product_not_current_ip_pleural_scope,high,cardiac_vascular_or_mediastinal_product_not_current_ip_pleural_scope,
667,8888573568,Cardinal HealthTM ArgyleTM Silicone Mediastinal Catheter,Cardinal Health,cardinal-health-cardiothoratic-catalog.pdf,PDF p. 4,irrelevant_to_current_scope,,,cardiac_vascular_or_mediastinal_product_not_current_ip_pleural_scope,high,cardiac_vascular_or_mediastinal_product_not_current_ip_pleural_scope,
677,8888591065,Cardinal HealthTM ArgyleTM Thi Aortic Perfusion Cannulas with Cath-Lok,Cardinal Health,cardinal-health-cardiothoratic-catalog.pdf,PDF p. 5,irrelevant_to_current_scope,,,cardiac_vascular_or_mediastinal_product_not_current_ip_pleural_scope,high,cardiac_vascular_or_mediastinal_product_not_current_ip_pleural_scope,
678,8888591073,Cardinal HealthTM ArgyleTM Thi Aortic Perfusion Cannulas with Cath-Lok,Cardinal Health,cardinal-health-cardiothoratic-catalog.pdf,PDF p. 5,irrelevant_to_current_scope,,,cardiac_vascular_or_mediastinal_product_not_current_ip_pleural_scope,high,cardiac_vascular_or_mediastinal_product_not_current_ip_pleural_scope,
679,8888591081,Cardinal HealthTM ArgyleTM Thi Aortic Perfusion Cannulas with Cath-Lok,Cardinal Health,cardinal-health-cardiothoratic-catalog.pdf,PDF p. 5,irrelevant_to_current_scope,,,cardiac_vascular_or_mediastinal_product_not_current_ip_pleural_scope,high,cardiac_vascular_or_mediastinal_product_not_current_ip_pleural_scope,
680,8888591099,Cardinal HealthTM ArgyleTM Thi Aortic Perfusion Cannulas with Cath-Lok,Cardinal Health,cardinal-health-cardiothoratic-catalog.pdf,PDF p. 5,irrelevant_to_current_scope,,,cardiac_vascular_or_mediastinal_product_not_current_ip_pleural_scope,high,cardiac_vascular_or_mediastinal_product_not_current_ip_pleural_scope,
689,8888585000,Cardinal HealthTM ArgyleTM Vascular Tourniquet Kit*,Cardinal Health,cardinal-health-cardiothoratic-catalog.pdf,PDF p. 6,irrelevant_to_current_scope,,,cardiac_vascular_or_mediastinal_product_not_current_ip_pleural_scope,high,cardiac_vascular_or_mediastinal_product_not_current_ip_pleural_scope,
736,Not stated in source,Areus Adapt Endoscopic Ultrasound Aspiration Needle (FNA),Micro-Tech Endoscopy,D-000010790-REV0-1-1033736-REV1-Adapt-Endoscopic-Ultrasound-Aspiration-Needle-Instructions-f.pdf,Document p. Not separately numbered / see PDF index (PDF page D-000010790-REV0-1-1033736-REV1-Adapt-Endoscopic-Ultrasound-Aspiration-Needle-Instructions-f.pdf:4),irrelevant_to_current_scope,,,irrelevant_to_current_scope,high,irrelevant_to_current_scope,Family-level Adapt EUS needle row lacks an order number and is not the Thoracent pulmonary EBUS SKU family.
737,Not stated in source,Trident Adapt Endoscopic Ultrasound Biopsy Needle (FNB),Micro-Tech Endoscopy,D-000010790-REV0-1-1033736-REV1-Adapt-Endoscopic-Ultrasound-Aspiration-Needle-Instructions-f.pdf,Document p. Not separately numbered / see PDF index (PDF page D-000010790-REV0-1-1033736-REV1-Adapt-Endoscopic-Ultrasound-Aspiration-Needle-Instructions-f.pdf:4),irrelevant_to_current_scope,,,irrelevant_to_current_scope,high,irrelevant_to_current_scope,Family-level Adapt EUS needle row lacks an order number and is not the Thoracent pulmonary EBUS SKU family.
755,Not stated in source,GreenLight XPS,Boston Scientific,deep-research-report-lasers.md,,irrelevant_to_current_scope,,,irrelevant_to_current_scope,high,irrelevant_to_current_scope,GreenLight XPS is a BPH/urology platform; the supplied report itself says it is not bronchoscopy-labeled.
761,Not stated in source,Futura Safety Scalpels,Merit Medical Systems,download (2).html,,irrelevant_to_current_scope,,,generic_percutaneous_drainage_paracentesis_or_general_supply_not_pleural_specific,high,generic_percutaneous_drainage_paracentesis_or_general_supply_not_pleural_specific,
764,Not stated in source,StayFIX Fixation Device,Merit Medical Systems,download (5).html; download (6).html,,irrelevant_to_current_scope,,,generic_percutaneous_drainage_paracentesis_or_general_supply_not_pleural_specific,high,generic_percutaneous_drainage_paracentesis_or_general_supply_not_pleural_specific,
765,Not stated in source,PAL Pen and Labels,Merit Medical Systems,download.html,,irrelevant_to_current_scope,,,generic_percutaneous_drainage_paracentesis_or_general_supply_not_pleural_specific,high,generic_percutaneous_drainage_paracentesis_or_general_supply_not_pleural_specific,
791,StraightShot M5,StraightShot M5 Microdebrider,Medtronic,ent-why-power-apexcut-blades-brochure.pdf,Document p. 2 (PDF page 4),irrelevant_to_current_scope,,,ent_microdebrider_source_without_airway_bronchoscopy_intended_use,high,ent_microdebrider_source_without_airway_bronchoscopy_intended_use,
840,BS-102,Endoscopic Ultrasound / EBUS System Component,FUJIFILM,Fujifilm_EUS Brochure_03_2025_EN.pdf,"Document p. Not separately numbered / see PDF index (PDF page Fujifilm_EUS Brochure_03_2025_EN.pdf:6,11)",irrelevant_to_current_scope,,,irrelevant_to_current_scope,high,irrelevant_to_current_scope,"The FUJIFILM EUS brochure assigns these models to EG-series gastrointestinal ultrasonic endoscopes/accessories, not the EB-series bronchoscopy system."
841,EG-530UR2,Endoscopic Ultrasound / EBUS System Component,FUJIFILM,Fujifilm_EUS Brochure_03_2025_EN.pdf,Document p. Not separately numbered / see PDF index (PDF page Fujifilm_EUS Brochure_03_2025_EN.pdf:21),irrelevant_to_current_scope,,,irrelevant_to_current_scope,high,irrelevant_to_current_scope,"The FUJIFILM EUS brochure assigns these models to EG-series gastrointestinal ultrasonic endoscopes/accessories, not the EB-series bronchoscopy system."
842,EG-530UT2,Endoscopic Ultrasound / EBUS System Component,FUJIFILM,Fujifilm_EUS Brochure_03_2025_EN.pdf,Document p. Not separately numbered / see PDF index (PDF page Fujifilm_EUS Brochure_03_2025_EN.pdf:21),irrelevant_to_current_scope,,,irrelevant_to_current_scope,high,irrelevant_to_current_scope,"The FUJIFILM EUS brochure assigns these models to EG-series gastrointestinal ultrasonic endoscopes/accessories, not the EB-series bronchoscopy system."
843,EG-580UR,Endoscopic Ultrasound / EBUS System Component,FUJIFILM,Fujifilm_EUS Brochure_03_2025_EN.pdf,"Document p. Not separately numbered / see PDF index (PDF page Fujifilm_EUS Brochure_03_2025_EN.pdf:2,11,13,18,21)",irrelevant_to_current_scope,,,irrelevant_to_current_scope,high,irrelevant_to_current_scope,"The FUJIFILM EUS brochure assigns these models to EG-series gastrointestinal ultrasonic endoscopes/accessories, not the EB-series bronchoscopy system."
844,EG-580UT,Endoscopic Ultrasound / EBUS System Component,FUJIFILM,Fujifilm_EUS Brochure_03_2025_EN.pdf,"Document p. Not separately numbered / see PDF index (PDF page Fujifilm_EUS Brochure_03_2025_EN.pdf:2,10,11,13,17,18,21)",irrelevant_to_current_scope,,,irrelevant_to_current_scope,high,irrelevant_to_current_scope,"The FUJIFILM EUS brochure assigns these models to EG-series gastrointestinal ultrasonic endoscopes/accessories, not the EB-series bronchoscopy system."
845,EG-740UT,Endoscopic Ultrasound / EBUS System Component,FUJIFILM,Fujifilm_EUS Brochure_03_2025_EN.pdf,"Document p. Not separately numbered / see PDF index (PDF page Fujifilm_EUS Brochure_03_2025_EN.pdf:2,6,7,11,13,17,18,21)",irrelevant_to_current_scope,,,irrelevant_to_current_scope,high,irrelevant_to_current_scope,"The FUJIFILM EUS brochure assigns these models to EG-series gastrointestinal ultrasonic endoscopes/accessories, not the EB-series bronchoscopy system."
1082,EWSS4520,"GLIDEWIRE® Endoscopic - Angle tip, stiff shaft",Olympus,OAIET0124CAT51005_EndoTherapy Catalog_Interactive_2024.pdf,Document p. Not separately numbered / see PDF index (PDF page OAIET0124CAT51005_EndoTherapy Catalog_Interactive_2024.pdf:12),irrelevant_to_current_scope,,,irrelevant_to_current_scope,high,irrelevant_to_current_scope,Exact source row is from the broad EndoTherapy/reprocessing catalog but does not map to the current IP/pleural/tracheostomy role model.
1083,EWS4520,"GLIDEWIRE® Endoscopic - Straight tip, stiff shaft",Olympus,OAIET0124CAT51005_EndoTherapy Catalog_Interactive_2024.pdf,Document p. Not separately numbered / see PDF index (PDF page OAIET0124CAT51005_EndoTherapy Catalog_Interactive_2024.pdf:12),irrelevant_to_current_scope,,,irrelevant_to_current_scope,high,irrelevant_to_current_scope,Exact source row is from the broad EndoTherapy/reprocessing catalog but does not map to the current IP/pleural/tracheostomy role model.
1089,HX-810LR,HEMOSTASIS,Olympus,OAIET0124CAT51005_EndoTherapy Catalog_Interactive_2024.pdf,Document p. Not separately numbered / see PDF index (PDF page OAIET0124CAT51005_EndoTherapy Catalog_Interactive_2024.pdf:49),irrelevant_to_current_scope,,,irrelevant_to_current_scope,high,irrelevant_to_current_scope,Exact source row is from the broad EndoTherapy/reprocessing catalog but does not map to the current IP/pleural/tracheostomy role model.
1101,RWSA-3555I,"RevoWaveTM Guidewire - Angled 25 tip, standard shaft",Olympus,OAIET0124CAT51005_EndoTherapy Catalog_Interactive_2024.pdf,Document p. Not separately numbered / see PDF index (PDF page OAIET0124CAT51005_EndoTherapy Catalog_Interactive_2024.pdf:11),irrelevant_to_current_scope,,,irrelevant_to_current_scope,high,irrelevant_to_current_scope,Exact source row is from the broad EndoTherapy/reprocessing catalog but does not map to the current IP/pleural/tracheostomy role model.
1102,RWSS-3555I,"RevoWaveTM Guidewire - Straight tip, standard shaft",Olympus,OAIET0124CAT51005_EndoTherapy Catalog_Interactive_2024.pdf,Document p. Not separately numbered / see PDF index (PDF page OAIET0124CAT51005_EndoTherapy Catalog_Interactive_2024.pdf:11),irrelevant_to_current_scope,,,irrelevant_to_current_scope,high,irrelevant_to_current_scope,Exact source row is from the broad EndoTherapy/reprocessing catalog but does not map to the current IP/pleural/tracheostomy role model.
1136,SafeStackCart10,Catalog Description Weight Width Length Depth - 10-shelf cart,Olympus,OAIGI0121CAT38678_RA.pdf,"Document p. Not separately numbered / see PDF index (PDF page OAIGI0121CAT38678_RA.pdf:82,83,88)",irrelevant_to_current_scope,,,irrelevant_to_current_scope,high,irrelevant_to_current_scope,Exact source row is from the broad EndoTherapy/reprocessing catalog but does not map to the current IP/pleural/tracheostomy role model.
1137,SafeStackCart5,Catalog Description Weight Width Length Depth - 5-shelf cart,Olympus,OAIGI0121CAT38678_RA.pdf,"Document p. Not separately numbered / see PDF index (PDF page OAIGI0121CAT38678_RA.pdf:80,82,83,88)",irrelevant_to_current_scope,,,irrelevant_to_current_scope,high,irrelevant_to_current_scope,Exact source row is from the broad EndoTherapy/reprocessing catalog but does not map to the current IP/pleural/tracheostomy role model.
1138,DryGIF2conn,CHANLDRY DRYING CABINET,Olympus,OAIGI0121CAT38678_RA.pdf,"Document p. Not separately numbered / see PDF index (PDF page OAIGI0121CAT38678_RA.pdf:2,72,87)",irrelevant_to_current_scope,,,irrelevant_to_current_scope,high,irrelevant_to_current_scope,Exact source row is from the broad EndoTherapy/reprocessing catalog but does not map to the current IP/pleural/tracheostomy role model.
1139,GIF-2T100/2T160/2TH180 connector,CHANLDRY DRYING CABINET,Olympus,OAIGI0121CAT38678_RA.pdf,,irrelevant_to_current_scope,,,irrelevant_to_current_scope,high,irrelevant_to_current_scope,Exact source row is from the broad EndoTherapy/reprocessing catalog but does not map to the current IP/pleural/tracheostomy role model.
1140,DryBFconn10,CHANLDRY DRYING CABINET - Group of 10 bronchoscope connectors,Olympus,OAIGI0121CAT38678_RA.pdf,"Document p. Not separately numbered / see PDF index (PDF page OAIGI0121CAT38678_RA.pdf:2,72,87)",irrelevant_to_current_scope,,,irrelevant_to_current_scope,high,irrelevant_to_current_scope,Exact source row is from the broad EndoTherapy/reprocessing catalog but does not map to the current IP/pleural/tracheostomy role model.
1141,DryCFGIFconn10,CHANLDRY DRYING CABINET - Group of 10 colono duodeno SIF gastro connectors,Olympus,OAIGI0121CAT38678_RA.pdf,"Document p. Not separately numbered / see PDF index (PDF page OAIGI0121CAT38678_RA.pdf:2,72,87)",irrelevant_to_current_scope,,,irrelevant_to_current_scope,high,irrelevant_to_current_scope,Exact source row is from the broad EndoTherapy/reprocessing catalog but does not map to the current IP/pleural/tracheostomy role model.
1142,DryGIF2conn10,CHANLDRY DRYING CABINET - Group of 10 GIF-2T100/2T160/2TH180 connectors,Olympus,OAIGI0121CAT38678_RA.pdf,"Document p. Not separately numbered / see PDF index (PDF page OAIGI0121CAT38678_RA.pdf:2,72,87)",irrelevant_to_current_scope,,,irrelevant_to_current_scope,high,irrelevant_to_current_scope,Exact source row is from the broad EndoTherapy/reprocessing catalog but does not map to the current IP/pleural/tracheostomy role model.
1143,DryBFconn20,CHANLDRY DRYING CABINET - Group of 20 bronchoscope connectors,Olympus,OAIGI0121CAT38678_RA.pdf,"Document p. Not separately numbered / see PDF index (PDF page OAIGI0121CAT38678_RA.pdf:2,72,87)",irrelevant_to_current_scope,,,irrelevant_to_current_scope,high,irrelevant_to_current_scope,Exact source row is from the broad EndoTherapy/reprocessing catalog but does not map to the current IP/pleural/tracheostomy role model.
1144,CartLockingBars7,ENDO SAFESTACKTM TRANSPORT SYSTEM OPTIONS - Locking bars that support a 7-shelf cart,Olympus,OAIGI0121CAT38678_RA.pdf,"Document p. Not separately numbered / see PDF index (PDF page OAIGI0121CAT38678_RA.pdf:2,83,87)",irrelevant_to_current_scope,,,irrelevant_to_current_scope,high,irrelevant_to_current_scope,Exact source row is from the broad EndoTherapy/reprocessing catalog but does not map to the current IP/pleural/tracheostomy role model.
1145,SafeStackCart7,ENDO SAFESTACKTM TRANSPORT SYSTEM OPTIONS - SafeStackTM cart with 7 shelves,Olympus,OAIGI0121CAT38678_RA.pdf,"Document p. Not separately numbered / see PDF index (PDF page OAIGI0121CAT38678_RA.pdf:82,83,88)",irrelevant_to_current_scope,,,irrelevant_to_current_scope,high,irrelevant_to_current_scope,Exact source row is from the broad EndoTherapy/reprocessing catalog but does not map to the current IP/pleural/tracheostomy role model.
1146,Bag of 8 pegs,ENDO SAFESTACKTM TRANSPORT SYSTEM OPTIONS - TrayPegs,Olympus,OAIGI0121CAT38678_RA.pdf,Document p. Not separately numbered / see PDF index (PDF page OAIGI0121CAT38678_RA.pdf:83),irrelevant_to_current_scope,,,irrelevant_to_current_scope,high,irrelevant_to_current_scope,Exact source row is from the broad EndoTherapy/reprocessing catalog but does not map to the current IP/pleural/tracheostomy role model.
1150,Adapter for MAJ-2011,MONITOR DISPLAYS AND VIDEO TRANSMISSION SYSTEM,Olympus,OAIGI0121CAT38678_RA.pdf,Document p. Not separately numbered / see PDF index (PDF page OAIGI0121CAT38678_RA.pdf:42),irrelevant_to_current_scope,,,irrelevant_to_current_scope,high,irrelevant_to_current_scope,Exact source row is from the broad EndoTherapy/reprocessing catalog but does not map to the current IP/pleural/tracheostomy role model.
1151,IS40117,MONITOR DISPLAYS AND VIDEO TRANSMISSION SYSTEM,Olympus,OAIGI0121CAT38678_RA.pdf,"Document p. Not separately numbered / see PDF index (PDF page OAIGI0121CAT38678_RA.pdf:2,42,87)",irrelevant_to_current_scope,,,irrelevant_to_current_scope,high,irrelevant_to_current_scope,Exact source row is from the broad EndoTherapy/reprocessing catalog but does not map to the current IP/pleural/tracheostomy role model.
1152,IS40119,MONITOR DISPLAYS AND VIDEO TRANSMISSION SYSTEM,Olympus,OAIGI0121CAT38678_RA.pdf,"Document p. Not separately numbered / see PDF index (PDF page OAIGI0121CAT38678_RA.pdf:2,42,87)",irrelevant_to_current_scope,,,irrelevant_to_current_scope,high,irrelevant_to_current_scope,Exact source row is from the broad EndoTherapy/reprocessing catalog but does not map to the current IP/pleural/tracheostomy role model.
1153,ZeroWire G2 pair,MONITOR DISPLAYS AND VIDEO TRANSMISSION SYSTEM,Olympus,OAIGI0121CAT38678_RA.pdf,Document p. Not separately numbered / see PDF index (PDF page OAIGI0121CAT38678_RA.pdf:42),irrelevant_to_current_scope,,,irrelevant_to_current_scope,high,irrelevant_to_current_scope,Exact source row is from the broad EndoTherapy/reprocessing catalog but does not map to the current IP/pleural/tracheostomy role model.
1154,ZeroWire G2 receiver,MONITOR DISPLAYS AND VIDEO TRANSMISSION SYSTEM,Olympus,OAIGI0121CAT38678_RA.pdf,Document p. Not separately numbered / see PDF index (PDF page OAIGI0121CAT38678_RA.pdf:42),irrelevant_to_current_scope,,,irrelevant_to_current_scope,high,irrelevant_to_current_scope,Exact source row is from the broad EndoTherapy/reprocessing catalog but does not map to the current IP/pleural/tracheostomy role model.
1155,AC-110MD (optional),MONITOR DISPLAYS AND VIDEO TRANSMISSION SYSTEM - Olympus; 1920 x 1080,Olympus,OAIGI0121CAT38678_RA.pdf,Document p. Not separately numbered / see PDF index (PDF page OAIGI0121CAT38678_RA.pdf:42),irrelevant_to_current_scope,,,irrelevant_to_current_scope,high,irrelevant_to_current_scope,Exact source row is from the broad EndoTherapy/reprocessing catalog but does not map to the current IP/pleural/tracheostomy role model.
1156,LMD-1530MD,MONITOR DISPLAYS AND VIDEO TRANSMISSION SYSTEM - Sony; 1280 x 768; N/A,Olympus,OAIGI0121CAT38678_RA.pdf,"Document p. Not separately numbered / see PDF index (PDF page OAIGI0121CAT38678_RA.pdf:2,42,87)",irrelevant_to_current_scope,,,irrelevant_to_current_scope,high,irrelevant_to_current_scope,Exact source row is from the broad EndoTherapy/reprocessing catalog but does not map to the current IP/pleural/tracheostomy role model.
1157,IS40124,MONITOR DISPLAYS AND VIDEO TRANSMISSION SYSTEM - ZeroWire G2 receiver and MAJ-2011 attachment,Olympus,OAIGI0121CAT38678_RA.pdf,"Document p. Not separately numbered / see PDF index (PDF page OAIGI0121CAT38678_RA.pdf:2,42,87)",irrelevant_to_current_scope,,,irrelevant_to_current_scope,high,irrelevant_to_current_scope,Exact source row is from the broad EndoTherapy/reprocessing catalog but does not map to the current IP/pleural/tracheostomy role model.
1158,FLP-0010-18,MOUNTING ACCESSORIES AND VIDEO CABLES - Bracket for mounting large monitor (VESA® 200 mm x 400 mm compliant),Olympus,OAIGI0121CAT38678_RA.pdf,"Document p. Not separately numbered / see PDF index (PDF page OAIGI0121CAT38678_RA.pdf:2,36,43,87)",irrelevant_to_current_scope,,,irrelevant_to_current_scope,high,irrelevant_to_current_scope,Exact source row is from the broad EndoTherapy/reprocessing catalog but does not map to the current IP/pleural/tracheostomy role model.
1159,FLP-0002-17C,MOUNTING ACCESSORIES AND VIDEO CABLES - VESA® plate for mounting a flat panel (VESA® 75 mm x 100 mm and 100 mm x 100 mm compliant),Olympus,OAIGI0121CAT38678_RA.pdf,"Document p. Not separately numbered / see PDF index (PDF page OAIGI0121CAT38678_RA.pdf:2,43,87)",irrelevant_to_current_scope,,,irrelevant_to_current_scope,high,irrelevant_to_current_scope,Exact source row is from the broad EndoTherapy/reprocessing catalog but does not map to the current IP/pleural/tracheostomy role model.
1164,High-gloss paper (10/package),PRINTER ACCESSORIES AND PAPER,Olympus,OAIGI0121CAT38678_RA.pdf,Document p. Not separately numbered / see PDF index (PDF page OAIGI0121CAT38678_RA.pdf:50),irrelevant_to_current_scope,,,irrelevant_to_current_scope,high,irrelevant_to_current_scope,Exact source row is from the broad EndoTherapy/reprocessing catalog but does not map to the current IP/pleural/tracheostomy role model.
1165,Thermal paper (10/package),PRINTER ACCESSORIES AND PAPER,Olympus,OAIGI0121CAT38678_RA.pdf,Document p. Not separately numbered / see PDF index (PDF page OAIGI0121CAT38678_RA.pdf:50),irrelevant_to_current_scope,,,irrelevant_to_current_scope,high,irrelevant_to_current_scope,Exact source row is from the broad EndoTherapy/reprocessing catalog but does not map to the current IP/pleural/tracheostomy role model.
1166,UP-895MD,PRINTER ACCESSORIES AND PAPER,Olympus,OAIGI0121CAT38678_RA.pdf,"Document p. Not separately numbered / see PDF index (PDF page OAIGI0121CAT38678_RA.pdf:50,89)",irrelevant_to_current_scope,,,irrelevant_to_current_scope,high,irrelevant_to_current_scope,Exact source row is from the broad EndoTherapy/reprocessing catalog but does not map to the current IP/pleural/tracheostomy role model.
1167,UPP-110HD-1,PRINTER ACCESSORIES AND PAPER,Olympus,OAIGI0121CAT38678_RA.pdf,"Document p. Not separately numbered / see PDF index (PDF page OAIGI0121CAT38678_RA.pdf:50,89)",irrelevant_to_current_scope,,,irrelevant_to_current_scope,high,irrelevant_to_current_scope,Exact source row is from the broad EndoTherapy/reprocessing catalog but does not map to the current IP/pleural/tracheostomy role model.
1168,UPP-110HG-1,PRINTER ACCESSORIES AND PAPER,Olympus,OAIGI0121CAT38678_RA.pdf,"Document p. Not separately numbered / see PDF index (PDF page OAIGI0121CAT38678_RA.pdf:50,89)",irrelevant_to_current_scope,,,irrelevant_to_current_scope,high,irrelevant_to_current_scope,Exact source row is from the broad EndoTherapy/reprocessing catalog but does not map to the current IP/pleural/tracheostomy role model.
1169,OEP-4/5/6,PRINTER ACCESSORIES AND PAPER - A5 color print pack (200 sheets and 2 ribbon packages),Olympus,OAIGI0121CAT38678_RA.pdf,Document p. Not separately numbered / see PDF index (PDF page OAIGI0121CAT38678_RA.pdf:50),irrelevant_to_current_scope,,,irrelevant_to_current_scope,high,irrelevant_to_current_scope,Exact source row is from the broad EndoTherapy/reprocessing catalog but does not map to the current IP/pleural/tracheostomy role model.
1170,UPC-55,PRINTER ACCESSORIES AND PAPER - A5 color print pack (200 sheets and 2 ribbon packages),Olympus,OAIGI0121CAT38678_RA.pdf,"Document p. Not separately numbered / see PDF index (PDF page OAIGI0121CAT38678_RA.pdf:50,89)",irrelevant_to_current_scope,,,irrelevant_to_current_scope,high,irrelevant_to_current_scope,Exact source row is from the broad EndoTherapy/reprocessing catalog but does not map to the current IP/pleural/tracheostomy role model.
1171,OEP-3,PRINTER ACCESSORIES AND PAPER - Color print pack (200 sheets),Olympus,OAIGI0121CAT38678_RA.pdf,"Document p. Not separately numbered / see PDF index (PDF page OAIGI0121CAT38678_RA.pdf:50,88)",irrelevant_to_current_scope,,,irrelevant_to_current_scope,high,irrelevant_to_current_scope,Exact source row is from the broad EndoTherapy/reprocessing catalog but does not map to the current IP/pleural/tracheostomy role model.
1172,UPC-510,PRINTER ACCESSORIES AND PAPER - Color print pack (200 sheets),Olympus,OAIGI0121CAT38678_RA.pdf,"Document p. Not separately numbered / see PDF index (PDF page OAIGI0121CAT38678_RA.pdf:50,89)",irrelevant_to_current_scope,,,irrelevant_to_current_scope,high,irrelevant_to_current_scope,Exact source row is from the broad EndoTherapy/reprocessing catalog but does not map to the current IP/pleural/tracheostomy role model.
1173,UP-20/21/25MD,"PRINTER ACCESSORIES AND PAPER - Color print pack, large (200 sheets)",Olympus,OAIGI0121CAT38678_RA.pdf,Document p. Not separately numbered / see PDF index (PDF page OAIGI0121CAT38678_RA.pdf:50),irrelevant_to_current_scope,,,irrelevant_to_current_scope,high,irrelevant_to_current_scope,Exact source row is from the broad EndoTherapy/reprocessing catalog but does not map to the current IP/pleural/tracheostomy role model.
1174,UPC-21L,"PRINTER ACCESSORIES AND PAPER - Color print pack, large (200 sheets)",Olympus,OAIGI0121CAT38678_RA.pdf,"Document p. Not separately numbered / see PDF index (PDF page OAIGI0121CAT38678_RA.pdf:50,89)",irrelevant_to_current_scope,,,irrelevant_to_current_scope,high,irrelevant_to_current_scope,Exact source row is from the broad EndoTherapy/reprocessing catalog but does not map to the current IP/pleural/tracheostomy role model.
1175,UPC-21S,"PRINTER ACCESSORIES AND PAPER - Color print pack, small (240 sheets)",Olympus,OAIGI0121CAT38678_RA.pdf,"Document p. Not separately numbered / see PDF index (PDF page OAIGI0121CAT38678_RA.pdf:50,89)",irrelevant_to_current_scope,,,irrelevant_to_current_scope,high,irrelevant_to_current_scope,Exact source row is from the broad EndoTherapy/reprocessing catalog but does not map to the current IP/pleural/tracheostomy role model.
1176,OEP/OEP-3,PRINTER ACCESSORIES AND PAPER - Paper tray cover (eject assembly is smoke color),Olympus,OAIGI0121CAT38678_RA.pdf,Document p. Not separately numbered / see PDF index (PDF page OAIGI0121CAT38678_RA.pdf:50),irrelevant_to_current_scope,,,irrelevant_to_current_scope,high,irrelevant_to_current_scope,Exact source row is from the broad EndoTherapy/reprocessing catalog but does not map to the current IP/pleural/tracheostomy role model.
1177,MAJ-884,"PRINTER ACCESSORIES AND PAPER - Printer cable set: includes RGB, BNC and remote cables",Olympus,OAIGI0121CAT38678_RA.pdf,"Document p. Not separately numbered / see PDF index (PDF page OAIGI0121CAT38678_RA.pdf:50,88)",irrelevant_to_current_scope,,,irrelevant_to_current_scope,high,irrelevant_to_current_scope,Exact source row is from the broad EndoTherapy/reprocessing catalog but does not map to the current IP/pleural/tracheostomy role model.
1178,MAJ-898,PRINTER ACCESSORIES AND PAPER - Remote control,Olympus,OAIGI0121CAT38678_RA.pdf,"Document p. Not separately numbered / see PDF index (PDF page OAIGI0121CAT38678_RA.pdf:50,88)",irrelevant_to_current_scope,,,irrelevant_to_current_scope,high,irrelevant_to_current_scope,Exact source row is from the broad EndoTherapy/reprocessing catalog but does not map to the current IP/pleural/tracheostomy role model.
1179,MH-984,PRINTER ACCESSORIES AND PAPER - RGB cable,Olympus,OAIGI0121CAT38678_RA.pdf,"Document p. Not separately numbered / see PDF index (PDF page OAIGI0121CAT38678_RA.pdf:50,88)",irrelevant_to_current_scope,,,irrelevant_to_current_scope,high,irrelevant_to_current_scope,Exact source row is from the broad EndoTherapy/reprocessing catalog but does not map to the current IP/pleural/tracheostomy role model.
1180,UP-870MD,PRINTER ACCESSORIES AND PAPER - Sony high-dynamic-range paper (10/package),Olympus,OAIGI0121CAT38678_RA.pdf,"Document p. Not separately numbered / see PDF index (PDF page OAIGI0121CAT38678_RA.pdf:50,89)",irrelevant_to_current_scope,,,irrelevant_to_current_scope,high,irrelevant_to_current_scope,Exact source row is from the broad EndoTherapy/reprocessing catalog but does not map to the current IP/pleural/tracheostomy role model.
1181,UPP-110HA-1,PRINTER ACCESSORIES AND PAPER - Sony high-dynamic-range paper (10/package),Olympus,OAIGI0121CAT38678_RA.pdf,"Document p. Not separately numbered / see PDF index (PDF page OAIGI0121CAT38678_RA.pdf:50,89)",irrelevant_to_current_scope,,,irrelevant_to_current_scope,high,irrelevant_to_current_scope,Exact source row is from the broad EndoTherapy/reprocessing catalog but does not map to the current IP/pleural/tracheostomy role model.
1182,OEP-6,PRINTER ACCESSORIES AND PAPER - Sony Wireless Print System,Olympus,OAIGI0121CAT38678_RA.pdf,"Document p. Not separately numbered / see PDF index (PDF page OAIGI0121CAT38678_RA.pdf:2,3,45,47,48,50,88)",irrelevant_to_current_scope,,,irrelevant_to_current_scope,high,irrelevant_to_current_scope,Exact source row is from the broad EndoTherapy/reprocessing catalog but does not map to the current IP/pleural/tracheostomy role model.
1183,UPA-WU10,PRINTER ACCESSORIES AND PAPER - Sony Wireless Print System,Olympus,OAIGI0121CAT38678_RA.pdf,"Document p. Not separately numbered / see PDF index (PDF page OAIGI0121CAT38678_RA.pdf:50,89)",irrelevant_to_current_scope,,,irrelevant_to_current_scope,high,irrelevant_to_current_scope,Exact source row is from the broad EndoTherapy/reprocessing catalog but does not map to the current IP/pleural/tracheostomy role model.
1184,A8286208D,"PRINTER ACCESSORIES AND PAPER - Tray assembly, paper supply",Olympus,OAIGI0121CAT38678_RA.pdf,"Document p. Not separately numbered / see PDF index (PDF page OAIGI0121CAT38678_RA.pdf:2,50,87)",irrelevant_to_current_scope,,,irrelevant_to_current_scope,high,irrelevant_to_current_scope,Exact source row is from the broad EndoTherapy/reprocessing catalog but does not map to the current IP/pleural/tracheostomy role model.
1185,OEP-4,"PRINTER ACCESSORIES AND PAPER - Tray assembly, paper supply",Olympus,OAIGI0121CAT38678_RA.pdf,"Document p. Not separately numbered / see PDF index (PDF page OAIGI0121CAT38678_RA.pdf:50,88)",irrelevant_to_current_scope,,,irrelevant_to_current_scope,high,irrelevant_to_current_scope,Exact source row is from the broad EndoTherapy/reprocessing catalog but does not map to the current IP/pleural/tracheostomy role model.
1186,ScopeLocker18LH,SCOPELOCKER STORAGE CABINETS - Laminate,Olympus,OAIGI0121CAT38678_RA.pdf,"Document p. Not separately numbered / see PDF index (PDF page OAIGI0121CAT38678_RA.pdf:76,88)",irrelevant_to_current_scope,,,irrelevant_to_current_scope,high,irrelevant_to_current_scope,Exact source row is from the broad EndoTherapy/reprocessing catalog but does not map to the current IP/pleural/tracheostomy role model.
1187,ScopeLocker4LH,SCOPELOCKER STORAGE CABINETS - Laminate,Olympus,OAIGI0121CAT38678_RA.pdf,"Document p. Not separately numbered / see PDF index (PDF page OAIGI0121CAT38678_RA.pdf:76,88)",irrelevant_to_current_scope,,,irrelevant_to_current_scope,high,irrelevant_to_current_scope,Exact source row is from the broad EndoTherapy/reprocessing catalog but does not map to the current IP/pleural/tracheostomy role model.
1188,ScopeLocker8LH,SCOPELOCKER STORAGE CABINETS - Laminate,Olympus,OAIGI0121CAT38678_RA.pdf,"Document p. Not separately numbered / see PDF index (PDF page OAIGI0121CAT38678_RA.pdf:76,88)",irrelevant_to_current_scope,,,irrelevant_to_current_scope,high,irrelevant_to_current_scope,Exact source row is from the broad EndoTherapy/reprocessing catalog but does not map to the current IP/pleural/tracheostomy role model.
1189,ScopeLockeShor18LH,SCOPELOCKER STORAGE CABINETS - Laminate,Olympus,OAIGI0121CAT38678_RA.pdf,"Document p. Not separately numbered / see PDF index (PDF page OAIGI0121CAT38678_RA.pdf:76,88)",irrelevant_to_current_scope,,,irrelevant_to_current_scope,high,irrelevant_to_current_scope,Exact source row is from the broad EndoTherapy/reprocessing catalog but does not map to the current IP/pleural/tracheostomy role model.
1190,ScopeLockeShor4LH,SCOPELOCKER STORAGE CABINETS - Laminate,Olympus,OAIGI0121CAT38678_RA.pdf,"Document p. Not separately numbered / see PDF index (PDF page OAIGI0121CAT38678_RA.pdf:76,88)",irrelevant_to_current_scope,,,irrelevant_to_current_scope,high,irrelevant_to_current_scope,Exact source row is from the broad EndoTherapy/reprocessing catalog but does not map to the current IP/pleural/tracheostomy role model.
1191,ScopeLockeShor8LH,SCOPELOCKER STORAGE CABINETS - Laminate,Olympus,OAIGI0121CAT38678_RA.pdf,"Document p. Not separately numbered / see PDF index (PDF page OAIGI0121CAT38678_RA.pdf:76,89)",irrelevant_to_current_scope,,,irrelevant_to_current_scope,high,irrelevant_to_current_scope,Exact source row is from the broad EndoTherapy/reprocessing catalog but does not map to the current IP/pleural/tracheostomy role model.
1192,ScopeLocker18SH,SCOPELOCKER STORAGE CABINETS - Steel,Olympus,OAIGI0121CAT38678_RA.pdf,"Document p. Not separately numbered / see PDF index (PDF page OAIGI0121CAT38678_RA.pdf:76,88)",irrelevant_to_current_scope,,,irrelevant_to_current_scope,high,irrelevant_to_current_scope,Exact source row is from the broad EndoTherapy/reprocessing catalog but does not map to the current IP/pleural/tracheostomy role model.
1193,ScopeLocker8SH,SCOPELOCKER STORAGE CABINETS - Steel,Olympus,OAIGI0121CAT38678_RA.pdf,"Document p. Not separately numbered / see PDF index (PDF page OAIGI0121CAT38678_RA.pdf:76,88)",irrelevant_to_current_scope,,,irrelevant_to_current_scope,high,irrelevant_to_current_scope,Exact source row is from the broad EndoTherapy/reprocessing catalog but does not map to the current IP/pleural/tracheostomy role model.
1194,ScopeLockeShor18SH,SCOPELOCKER STORAGE CABINETS - Steel,Olympus,OAIGI0121CAT38678_RA.pdf,"Document p. Not separately numbered / see PDF index (PDF page OAIGI0121CAT38678_RA.pdf:76,88)",irrelevant_to_current_scope,,,irrelevant_to_current_scope,high,irrelevant_to_current_scope,Exact source row is from the broad EndoTherapy/reprocessing catalog but does not map to the current IP/pleural/tracheostomy role model.
1195,ScopeLockeShor8SH,SCOPELOCKER STORAGE CABINETS - Steel,Olympus,OAIGI0121CAT38678_RA.pdf,"Document p. Not separately numbered / see PDF index (PDF page OAIGI0121CAT38678_RA.pdf:76,89)",irrelevant_to_current_scope,,,irrelevant_to_current_scope,high,irrelevant_to_current_scope,Exact source row is from the broad EndoTherapy/reprocessing catalog but does not map to the current IP/pleural/tracheostomy role model.
1200,K10004950,SSU-2 SIMPLE SUCTION UNIT - Suction jar cap assembly,Olympus,OAIGI0121CAT38678_RA.pdf,"Document p. Not separately numbered / see PDF index (PDF page OAIGI0121CAT38678_RA.pdf:2,67,87)",irrelevant_to_current_scope,,,irrelevant_to_current_scope,high,irrelevant_to_current_scope,Exact source row is from the broad EndoTherapy/reprocessing catalog but does not map to the current IP/pleural/tracheostomy role model.
1217,WM-NP3 MAJ-2160 MAJ-150,WM-NP3 SERIES WORKSTATION - Basic set,Olympus,OAIGI0121CAT38678_RA.pdf,,irrelevant_to_current_scope,,,irrelevant_to_current_scope,high,irrelevant_to_current_scope,Exact source row is from the broad EndoTherapy/reprocessing catalog but does not map to the current IP/pleural/tracheostomy role model.
1227,ES34611,EXCEPTIONAL ENDOSCOPIC SOLUTIONS - Trident FNB Needle CoCr,Micro-Tech Endoscopy,Product-Catalog-MPW10000H-Rev-3-web-1.pdf,"Document p. Not separately numbered / see PDF index (PDF page Product-Catalog-MPW10000H-Rev-3-web-1.pdf:25,71)",irrelevant_to_current_scope,,,irrelevant_to_current_scope,high,irrelevant_to_current_scope,"The supplied Micro-Tech catalog/IFU identifies a GI EUS or GI hemostasis product, not the separately marketed pulmonary EBUS family."
1228,RC30545,HEMOSTASIS - 2/Box,Micro-Tech Endoscopy,Product-Catalog-MPW10000H-Rev-3-web-1.pdf,"Document p. Not separately numbered / see PDF index (PDF page Product-Catalog-MPW10000H-Rev-3-web-1.pdf:29,75)",irrelevant_to_current_scope,,,irrelevant_to_current_scope,high,irrelevant_to_current_scope,"The supplied Micro-Tech catalog/IFU identifies a GI EUS or GI hemostasis product, not the separately marketed pulmonary EBUS family."
1445,G1110001,PRODUCT CHART,STERIS,Steris catalog.pdf,PDF p. 11,irrelevant_to_current_scope,,,source_is_explicit_GI_endoscopy_catalog_without_pulmonary_intended_use,high,source_is_explicit_GI_endoscopy_catalog_without_pulmonary_intended_use,
1446,G2200001,PRODUCT CHART,STERIS,Steris catalog.pdf,PDF p. 11,irrelevant_to_current_scope,,,source_is_explicit_GI_endoscopy_catalog_without_pulmonary_intended_use,high,source_is_explicit_GI_endoscopy_catalog_without_pulmonary_intended_use,
1447,gi2000 Electrosurgery Unit,PRODUCT CHART,STERIS,Steris catalog.pdf,PDF p. 2,irrelevant_to_current_scope,,,source_is_explicit_GI_endoscopy_catalog_without_pulmonary_intended_use,high,source_is_explicit_GI_endoscopy_catalog_without_pulmonary_intended_use,
1448,gi4000 Electrosurgery Unit,PRODUCT CHART,STERIS,Steris catalog.pdf,PDF p. 2,irrelevant_to_current_scope,,,source_is_explicit_GI_endoscopy_catalog_without_pulmonary_intended_use,high,source_is_explicit_GI_endoscopy_catalog_without_pulmonary_intended_use,
1449,G1140004,PRODUCT CHART - ArC Smart TMArgon Probe 2.3/220 - Straight Fire and ArConnect Argon Probe Connector,STERIS,Steris catalog.pdf,PDF p. 11,irrelevant_to_current_scope,,,source_is_explicit_GI_endoscopy_catalog_without_pulmonary_intended_use,high,source_is_explicit_GI_endoscopy_catalog_without_pulmonary_intended_use,
1450,G1140001,PRODUCT CHART - ArC SmartTM Argon Probe 2.3/220 - Straight Fire,STERIS,Steris catalog.pdf,PDF p. 11,irrelevant_to_current_scope,,,source_is_explicit_GI_endoscopy_catalog_without_pulmonary_intended_use,high,source_is_explicit_GI_endoscopy_catalog_without_pulmonary_intended_use,
1451,G1140002,PRODUCT CHART - ArC SmartTM Argon Probe 2.3/330 - Straight Fire,STERIS,Steris catalog.pdf,PDF p. 11,irrelevant_to_current_scope,,,source_is_explicit_GI_endoscopy_catalog_without_pulmonary_intended_use,high,source_is_explicit_GI_endoscopy_catalog_without_pulmonary_intended_use,
1452,G1140005,PRODUCT CHART - ArC SmartTM Argon Probe 2.3/330 - Straight Fire and ArConnect Argon Probe Connector,STERIS,Steris catalog.pdf,PDF p. 11,irrelevant_to_current_scope,,,source_is_explicit_GI_endoscopy_catalog_without_pulmonary_intended_use,high,source_is_explicit_GI_endoscopy_catalog_without_pulmonary_intended_use,
1453,G1140003,PRODUCT CHART - ArC SmartTM Argon Probe 3.2/220 - Straight Fire,STERIS,Steris catalog.pdf,PDF p. 11,irrelevant_to_current_scope,,,source_is_explicit_GI_endoscopy_catalog_without_pulmonary_intended_use,high,source_is_explicit_GI_endoscopy_catalog_without_pulmonary_intended_use,
1454,G1140006,PRODUCT CHART - ArC SmartTM Argon Probe 3.2/220 - Straight Fire and ArConnect Argon Probe Connector,STERIS,Steris catalog.pdf,PDF p. 11,irrelevant_to_current_scope,,,source_is_explicit_GI_endoscopy_catalog_without_pulmonary_intended_use,high,source_is_explicit_GI_endoscopy_catalog_without_pulmonary_intended_use,
1455,G1120020,PRODUCT CHART - ArConnectTM Argon Probe Connector,STERIS,Steris catalog.pdf,PDF p. 11,irrelevant_to_current_scope,,,source_is_explicit_GI_endoscopy_catalog_without_pulmonary_intended_use,high,source_is_explicit_GI_endoscopy_catalog_without_pulmonary_intended_use,
1456,G1120010,PRODUCT CHART - Argon Gas Canister - 49 liters,STERIS,Steris catalog.pdf,PDF p. 11,irrelevant_to_current_scope,,,source_is_explicit_GI_endoscopy_catalog_without_pulmonary_intended_use,high,source_is_explicit_GI_endoscopy_catalog_without_pulmonary_intended_use,
1457,BX001002,PRODUCT CHART - EvoEndo® Controller,STERIS,Steris catalog.pdf,PDF p. 11,irrelevant_to_current_scope,,,source_is_explicit_GI_endoscopy_catalog_without_pulmonary_intended_use,high,source_is_explicit_GI_endoscopy_catalog_without_pulmonary_intended_use,
1458,BX001006,PRODUCT CHART - EvoEndo® Patient Experience Kit,STERIS,Steris catalog.pdf,PDF p. 11,irrelevant_to_current_scope,,,source_is_explicit_GI_endoscopy_catalog_without_pulmonary_intended_use,high,source_is_explicit_GI_endoscopy_catalog_without_pulmonary_intended_use,
1459,BX001009,PRODUCT CHART - EvoEndo® Video Cable,STERIS,Steris catalog.pdf,PDF p. 11,irrelevant_to_current_scope,,,source_is_explicit_GI_endoscopy_catalog_without_pulmonary_intended_use,high,source_is_explicit_GI_endoscopy_catalog_without_pulmonary_intended_use,
1460,BX00711114,PRODUCT CHART - EXACTOTM - MUNDO Cold Snare,STERIS,Steris catalog.pdf,PDF p. 11,irrelevant_to_current_scope,,,source_is_explicit_GI_endoscopy_catalog_without_pulmonary_intended_use,high,source_is_explicit_GI_endoscopy_catalog_without_pulmonary_intended_use,
1461,BX00715506,PRODUCT CHART - LUMIFLEXTM 3-Stage Balloon Dilatation Catheter,STERIS,Steris catalog.pdf,PDF p. 11,irrelevant_to_current_scope,,,source_is_explicit_GI_endoscopy_catalog_without_pulmonary_intended_use,high,source_is_explicit_GI_endoscopy_catalog_without_pulmonary_intended_use,
1462,BX00715506W,PRODUCT CHART - LUMIFLEXTM 3-Stage Balloon Dilatation Catheter,STERIS,Steris catalog.pdf,PDF p. 11,irrelevant_to_current_scope,,,source_is_explicit_GI_endoscopy_catalog_without_pulmonary_intended_use,high,source_is_explicit_GI_endoscopy_catalog_without_pulmonary_intended_use,
1463,BX00715508,PRODUCT CHART - LUMIFLEXTM 3-Stage Balloon Dilatation Catheter,STERIS,Steris catalog.pdf,PDF p. 11,irrelevant_to_current_scope,,,source_is_explicit_GI_endoscopy_catalog_without_pulmonary_intended_use,high,source_is_explicit_GI_endoscopy_catalog_without_pulmonary_intended_use,
1464,BX00715508W,PRODUCT CHART - LUMIFLEXTM 3-Stage Balloon Dilatation Catheter,STERIS,Steris catalog.pdf,PDF p. 11,irrelevant_to_current_scope,,,source_is_explicit_GI_endoscopy_catalog_without_pulmonary_intended_use,high,source_is_explicit_GI_endoscopy_catalog_without_pulmonary_intended_use,
1465,BX00715510,PRODUCT CHART - LUMIFLEXTM 3-Stage Balloon Dilatation Catheter,STERIS,Steris catalog.pdf,PDF p. 11,irrelevant_to_current_scope,,,source_is_explicit_GI_endoscopy_catalog_without_pulmonary_intended_use,high,source_is_explicit_GI_endoscopy_catalog_without_pulmonary_intended_use,
1466,BX00715510W,PRODUCT CHART - LUMIFLEXTM 3-Stage Balloon Dilatation Catheter,STERIS,Steris catalog.pdf,PDF p. 11,irrelevant_to_current_scope,,,source_is_explicit_GI_endoscopy_catalog_without_pulmonary_intended_use,high,source_is_explicit_GI_endoscopy_catalog_without_pulmonary_intended_use,
1467,BX00715512W,PRODUCT CHART - LUMIFLEXTM 3-Stage Balloon Dilatation Catheter,STERIS,Steris catalog.pdf,PDF p. 11,irrelevant_to_current_scope,,,source_is_explicit_GI_endoscopy_catalog_without_pulmonary_intended_use,high,source_is_explicit_GI_endoscopy_catalog_without_pulmonary_intended_use,
1468,BX00715515W,PRODUCT CHART - LUMIFLEXTM 3-Stage Balloon Dilatation Catheter,STERIS,Steris catalog.pdf,PDF p. 11,irrelevant_to_current_scope,,,source_is_explicit_GI_endoscopy_catalog_without_pulmonary_intended_use,high,source_is_explicit_GI_endoscopy_catalog_without_pulmonary_intended_use,
1469,BX00715518W,PRODUCT CHART - LUMIFLEXTM 3-Stage Balloon Dilatation Catheter,STERIS,Steris catalog.pdf,PDF p. 11,irrelevant_to_current_scope,,,source_is_explicit_GI_endoscopy_catalog_without_pulmonary_intended_use,high,source_is_explicit_GI_endoscopy_catalog_without_pulmonary_intended_use,
1470,BX00711005,PRODUCT CHART - Reusable Monopolar Active Cord,STERIS,Steris catalog.pdf,PDF p. 11,irrelevant_to_current_scope,,,source_is_explicit_GI_endoscopy_catalog_without_pulmonary_intended_use,high,source_is_explicit_GI_endoscopy_catalog_without_pulmonary_intended_use,
1471,G1120040,PRODUCT CHART - TouchSoft CoagulatorTM Monopolar Probe,STERIS,Steris catalog.pdf,PDF p. 11,irrelevant_to_current_scope,,,source_is_explicit_GI_endoscopy_catalog_without_pulmonary_intended_use,high,source_is_explicit_GI_endoscopy_catalog_without_pulmonary_intended_use,
1560,12060 R,"20 cm 11 x 12 12 x 16 10324 AA 10378 KSF, 10378 L, 10378 U, 10378 S,",KARL STORZ,THORAX.pdf,Document p. 18;34 (PDF page 26;42),irrelevant_to_current_scope,,,No current manufacturer-aware exact match; excluded by source section or accessory boundary,high,esophagoscopy_or_diverticuloscopy,
1561,12060 T,20 cm 7x8 8 x 12 10324 AA,KARL STORZ,THORAX.pdf,Document p. 18;34 (PDF page 26;42),irrelevant_to_current_scope,,,No current manufacturer-aware exact match; excluded by source section or accessory boundary,high,esophagoscopy_or_diverticuloscopy,
1562,9526 NB,"26"" HD Monitor",KARL STORZ,THORAX.pdf,Document p. 12;213 (PDF page 20;221),irrelevant_to_current_scope,,,No current manufacturer-aware exact match; excluded by source section or accessory boundary,high,microsurgery_or_generic_visualization,
1563,12030 G,"3 18.5 cm 10018 AA 10374 HF, 10374 L with 10030 AA",KARL STORZ,THORAX.pdf,Document p. 22;35;SP5;SP20 (PDF page 30;43;267;282),irrelevant_to_current_scope,,,No current manufacturer-aware exact match; excluded by source section or accessory boundary,high,esophagoscopy_or_diverticuloscopy,
1566,12060 H,30 cm 6x6 7x9 10324 AA,KARL STORZ,THORAX.pdf,Document p. 18;34 (PDF page 26;42),irrelevant_to_current_scope,,,No current manufacturer-aware exact match; excluded by source section or accessory boundary,high,esophagoscopy_or_diverticuloscopy,
1567,12060 F,30 cm 7x8 8 x 12 10324 AA,KARL STORZ,THORAX.pdf,Document p. 2;18;34 (PDF page 10;26;42),irrelevant_to_current_scope,,,No current manufacturer-aware exact match; excluded by source section or accessory boundary,high,esophagoscopy_or_diverticuloscopy,
1568,12060 D,30 cm 9 x 10 10 x 14 10324 AA,KARL STORZ,THORAX.pdf,Document p. 2;18;34 (PDF page 10;26;42),irrelevant_to_current_scope,,,No current manufacturer-aware exact match; excluded by source section or accessory boundary,high,esophagoscopy_or_diverticuloscopy,
1569,12060 AU,35 cm 11 x 12 12 x 16 12015 AA,KARL STORZ,THORAX.pdf,Document p. 18;34 (PDF page 26;42),irrelevant_to_current_scope,,,No current manufacturer-aware exact match; excluded by source section or accessory boundary,high,esophagoscopy_or_diverticuloscopy,
1570,12060 AV,40 cm 11 x 12 12 x 16 12015 AA,KARL STORZ,THORAX.pdf,Document p. 18;34 (PDF page 26;42),irrelevant_to_current_scope,,,No current manufacturer-aware exact match; excluded by source section or accessory boundary,high,esophagoscopy_or_diverticuloscopy,
1571,12060 EV,40 cm 7x8 8 x 12 12015 AA,KARL STORZ,THORAX.pdf,Document p. 18;34 (PDF page 26;42),irrelevant_to_current_scope,,,No current manufacturer-aware exact match; excluded by source section or accessory boundary,high,esophagoscopy_or_diverticuloscopy,
1572,12060 CV,40 cm 9 x 10 10 x 14 12015 AA,KARL STORZ,THORAX.pdf,Document p. 18;34 (PDF page 26;42),irrelevant_to_current_scope,,,No current manufacturer-aware exact match; excluded by source section or accessory boundary,high,esophagoscopy_or_diverticuloscopy,
1573,12060 AW,45 cm 11 x 12 12 x 16 12015 AA,KARL STORZ,THORAX.pdf,Document p. 18;34 (PDF page 26;42),irrelevant_to_current_scope,,,No current manufacturer-aware exact match; excluded by source section or accessory boundary,high,esophagoscopy_or_diverticuloscopy,
1574,12030 B,"5 30 cm 10324 AA 10378 KSF, 10378 L, 10378 U,",KARL STORZ,THORAX.pdf,Document p. 3;22;35;SP5;SP20 (PDF page 11;30;43;267;282),irrelevant_to_current_scope,,,No current manufacturer-aware exact match; excluded by source section or accessory boundary,high,esophagoscopy_or_diverticuloscopy,
1575,12060 E,50 cm 7x8 8 x 12 12015 AA with 12016 X,KARL STORZ,THORAX.pdf,Document p. 18;34 (PDF page 26;42),irrelevant_to_current_scope,,,No current manufacturer-aware exact match; excluded by source section or accessory boundary,high,esophagoscopy_or_diverticuloscopy,
1576,12060 C,50 cm 9 x 10 10 x 14 12015 AA with 12016 X,KARL STORZ,THORAX.pdf,Document p. 2;18;34 (PDF page 10;26;42),irrelevant_to_current_scope,,,No current manufacturer-aware exact match; excluded by source section or accessory boundary,high,esophagoscopy_or_diverticuloscopy,
1577,12060 CX,55 cm 9 x 10 10 x 14 12015 AA,KARL STORZ,THORAX.pdf,Document p. 34 (PDF page 42),irrelevant_to_current_scope,,,No current manufacturer-aware exact match; excluded by source section or accessory boundary,high,esophagoscopy_or_diverticuloscopy,
1578,26173 BT,6353591,KARL STORZ,THORAX.pdf,Document p. SP5;SP27;SP30 (PDF page 267;289;292),irrelevant_to_current_scope,,,No current manufacturer-aware exact match; excluded by source section or accessory boundary,high,spare_index_or_spare_part_only,
1584,10338 TA,"Adjustable Magnifier, autoclavable,",KARL STORZ,THORAX.pdf,Document p. 19 (PDF page 27),irrelevant_to_current_scope,,,No current manufacturer-aware exact match; excluded by source section or accessory boundary,high,esophagoscopy_or_diverticuloscopy,
1585,10970 PL,"Aspiration Cannula, length 30 cm",KARL STORZ,THORAX.pdf,Document p. 130;SP4;SP25 (PDF page 138;266;287),irrelevant_to_current_scope,,,No current manufacturer-aware exact match; excluded by source section or accessory boundary,high,mediastinoscopy,
1586,10970 P,"Aspiration Cannula, with 12 injection cannulas, length 20 cm",KARL STORZ,THORAX.pdf,Document p. 7;130;SP4;SP25 (PDF page 15;138;266;287),irrelevant_to_current_scope,,,No current manufacturer-aware exact match; excluded by source section or accessory boundary,high,mediastinoscopy,
1587,8575 KC,"BENJAMIN-PARSONS Laryngoscope Holder and Chest Support 36, 37",KARL STORZ,THORAX.pdf,Document p. 36;37;SP6;SP9 (PDF page 44;45;268;271),irrelevant_to_current_scope,,,No current manufacturer-aware exact match; excluded by source section or accessory boundary,high,esophagoscopy_or_diverticuloscopy,
1588,8575 KD,"BENJAMIN-PARSONS Support Rod, movable,",KARL STORZ,THORAX.pdf,Document p. SP6;SP9 (PDF page 268;271),irrelevant_to_current_scope,,,No current manufacturer-aware exact match; excluded by source section or accessory boundary,high,spare_index_or_spare_part_only,
1589,10970 GR,"Biopsy Forceps, diameter 5 mm,",KARL STORZ,THORAX.pdf,Document p. 128 (PDF page 136),irrelevant_to_current_scope,,,No current manufacturer-aware exact match; excluded by source section or accessory boundary,high,mediastinoscopy,
1590,10970 GO,"Biopsy Forceps, oval jaws,",KARL STORZ,THORAX.pdf,Document p. 128 (PDF page 136),irrelevant_to_current_scope,,,No current manufacturer-aware exact match; excluded by source section or accessory boundary,high,mediastinoscopy,
1591,10970 GP,"Biopsy Forceps, oval jaws,",KARL STORZ,THORAX.pdf,Document p. 128 (PDF page 136),irrelevant_to_current_scope,,,No current manufacturer-aware exact match; excluded by source section or accessory boundary,high,mediastinoscopy,
1598,10970 H,"Biopsy Forceps, with suction",KARL STORZ,THORAX.pdf,Document p. 128 (PDF page 136),irrelevant_to_current_scope,,,No current manufacturer-aware exact match; excluded by source section or accessory boundary,high,mediastinoscopy,
1600,26176 LV,"Bipolar High Frequency Cord, for KARL STORZ",KARL STORZ,THORAX.pdf,Document p. U28 (PDF page 262),irrelevant_to_current_scope,,,No current manufacturer-aware exact match; excluded by source section or accessory boundary,high,general_surgery_platform_cable_or_accessory,
1601,26176 LM,"Bipolar High Frequency Cord, for Martin",KARL STORZ,THORAX.pdf,Document p. U28 (PDF page 262),irrelevant_to_current_scope,,,No current manufacturer-aware exact match; excluded by source section or accessory boundary,high,general_surgery_platform_cable_or_accessory,
1602,26176 LE,"Bipolar High Frequency Cord, to KARL STORZ",KARL STORZ,THORAX.pdf,Document p. 12;U23;U25;U28 (PDF page 20;257;259;262),irrelevant_to_current_scope,,,No current manufacturer-aware exact match; excluded by source section or accessory boundary,high,general_surgery_platform_cable_or_accessory,
1603,26176 L,"Bipolar High Frequency Cord, with 2x 4 mm",KARL STORZ,THORAX.pdf,Document p. U28 (PDF page 262),irrelevant_to_current_scope,,,No current manufacturer-aware exact match; excluded by source section or accessory boundary,high,general_surgery_platform_cable_or_accessory,
1604,26176 LA,"Bipolar High Frequency Cord, with 2x 4 mm",KARL STORZ,THORAX.pdf,Document p. U28 (PDF page 262),irrelevant_to_current_scope,,,No current manufacturer-aware exact match; excluded by source section or accessory boundary,high,general_surgery_platform_cable_or_accessory,
1617,43227 DUP,"c Biopsy Forceps, distally angled outer sheath, single action jaws, size 5 mm,",KARL STORZ,THORAX.pdf,Document p. 9;157 (PDF page 17;165),irrelevant_to_current_scope,,,No current manufacturer-aware exact match; excluded by source section or accessory boundary,high,surgical_thoracoscopy_or_thoracic_surgery_not_medical_thoracoscopy,
1618,33221 MD,"c KELLY Dissecting and Grasping Forceps, double action jaws, size 5 mm,",KARL STORZ,THORAX.pdf,Document p. 10 (PDF page 18),irrelevant_to_current_scope,,,No current manufacturer-aware exact match; excluded by source section or accessory boundary,high,generic_equipment_supply_or_out_of_scope_basic_set,
1619,43227 LKP,"c KELLY Dissecting Forceps, double action jaws, curved jaws, size 5 mm,",KARL STORZ,THORAX.pdf,Document p. 9;10;157;181 (PDF page 17;18;165;189),irrelevant_to_current_scope,,,No current manufacturer-aware exact match; excluded by source section or accessory boundary,high,surgical_thoracoscopy_or_thoracic_surgery_not_medical_thoracoscopy,
1620,43237 LLR,"c Lung Forceps, atraumatic, single action jaws, curved jaws, fenestrated, size 5 mm,",KARL STORZ,THORAX.pdf,Document p. 10;153;182 (PDF page 18;161;190),irrelevant_to_current_scope,,,No current manufacturer-aware exact match; excluded by source section or accessory boundary,high,surgical_thoracoscopy_or_thoracic_surgery_not_medical_thoracoscopy,
1621,43244 LLP,"c Lung Forceps, atraumatic, single action jaws, curved jaws, fenestrated, size 5 mm,",KARL STORZ,THORAX.pdf,Document p. 9;153;182 (PDF page 17;161;190),irrelevant_to_current_scope,,,No current manufacturer-aware exact match; excluded by source section or accessory boundary,high,surgical_thoracoscopy_or_thoracic_surgery_not_medical_thoracoscopy,
1622,43237 LHF,"c Lung Forceps, atraumatic, single action jaws, single curved jaws, size 5 mm,",KARL STORZ,THORAX.pdf,Document p. 9;152 (PDF page 17;160),irrelevant_to_current_scope,,,No current manufacturer-aware exact match; excluded by source section or accessory boundary,high,surgical_thoracoscopy_or_thoracic_surgery_not_medical_thoracoscopy,
1623,43244 LRP,"c Lung Nodule Forceps, atraumatic, single action jaws, curved jaws, fenestrated,",KARL STORZ,THORAX.pdf,Document p. 9;153 (PDF page 17;161),irrelevant_to_current_scope,,,No current manufacturer-aware exact match; excluded by source section or accessory boundary,high,surgical_thoracoscopy_or_thoracic_surgery_not_medical_thoracoscopy,
1624,43244 MFP,"c MANHES Grasping Forceps, atraumatic, single action jaws, straight jaws,",KARL STORZ,THORAX.pdf,Document p. 9;156 (PDF page 17;164),irrelevant_to_current_scope,,,No current manufacturer-aware exact match; excluded by source section or accessory boundary,high,surgical_thoracoscopy_or_thoracic_surgery_not_medical_thoracoscopy,
1625,33125 P,"c Metal Handle, insulated, 33127 P c Metal Y-Handle, insulated, with",KARL STORZ,THORAX.pdf,Document p. 151;157;158;180;181 (PDF page 159;165;166;188;189),irrelevant_to_current_scope,,,No current manufacturer-aware exact match; excluded by source section or accessory boundary,high,surgical_thoracoscopy_or_thoracic_surgery_not_medical_thoracoscopy,
1626,33131 P,"c Metal Handle, with 4 locking",KARL STORZ,THORAX.pdf,Document p. 150;152;153;156;182 (PDF page 158;160;161;164;190),irrelevant_to_current_scope,,,No current manufacturer-aware exact match; excluded by source section or accessory boundary,high,surgical_thoracoscopy_or_thoracic_surgery_not_medical_thoracoscopy,
1627,33133 P,"c Metal Handle, with hemostat",KARL STORZ,THORAX.pdf,Document p. 150;152;153;156;182 (PDF page 158;160;161;164;190),irrelevant_to_current_scope,,,No current manufacturer-aware exact match; excluded by source section or accessory boundary,high,surgical_thoracoscopy_or_thoracic_surgery_not_medical_thoracoscopy,
1628,33500 K,"c Metal Outer Sheath, insulated, with LUER-Lock",KARL STORZ,THORAX.pdf,Document p. 158;SP6;SP32 (PDF page 166;268;294),irrelevant_to_current_scope,,,No current manufacturer-aware exact match; excluded by source section or accessory boundary,high,surgical_thoracoscopy_or_thoracic_surgery_not_medical_thoracoscopy,
1629,33137 PF,"c Metal Y-Handle, 33137 PR c Metal Y-Handle, with ratchet,",KARL STORZ,THORAX.pdf,Document p. 149;152;153;156;182 (PDF page 157;160;161;164;190),irrelevant_to_current_scope,,,No current manufacturer-aware exact match; excluded by source section or accessory boundary,high,surgical_thoracoscopy_or_thoracic_surgery_not_medical_thoracoscopy,
1630,34221 MS,"c METZENBAUM Scissors, double action jaws, size 5 mm, length 30 cm, plastic",KARL STORZ,THORAX.pdf,Document p. 10 (PDF page 18),irrelevant_to_current_scope,,,No current manufacturer-aware exact match; excluded by source section or accessory boundary,high,generic_equipment_supply_or_out_of_scope_basic_set,
1631,33144 PF,"c MOURET Metal Handle, without 33144 P c MOURET Metal Handle, with",KARL STORZ,THORAX.pdf,Document p. 149;152;153;156;182 (PDF page 157;160;161;164;190),irrelevant_to_current_scope,,,No current manufacturer-aware exact match; excluded by source section or accessory boundary,high,surgical_thoracoscopy_or_thoracic_surgery_not_medical_thoracoscopy,
1632,30310 DBL,c Outer Sheath with BLAKESLEY Biopsy Forceps,KARL STORZ,THORAX.pdf,Document p. SP6;SP31 (PDF page 268;293),irrelevant_to_current_scope,,,No current manufacturer-aware exact match; excluded by source section or accessory boundary,high,spare_index_or_spare_part_only,
1633,43210 DU,c Outer Sheath with CUSCHIERI Biopsy Forceps 157,KARL STORZ,THORAX.pdf,Document p. 157;SP6;SP31 (PDF page 165;268;293),irrelevant_to_current_scope,,,No current manufacturer-aware exact match; excluded by source section or accessory boundary,high,surgical_thoracoscopy_or_thoracic_surgery_not_medical_thoracoscopy,
1634,43210 LP,c Outer Sheath with KELLY Dissecting and Grasping Forceps 156,KARL STORZ,THORAX.pdf,Document p. 156;SP6;SP31 (PDF page 164;268;293),irrelevant_to_current_scope,,,No current manufacturer-aware exact match; excluded by source section or accessory boundary,high,surgical_thoracoscopy_or_thoracic_surgery_not_medical_thoracoscopy,
1635,43210 LK,c Outer Sheath with KELLY Dissecting Forceps 157,KARL STORZ,THORAX.pdf,Document p. 157;181;SP6;SP31 (PDF page 165;189;268;293),irrelevant_to_current_scope,,,No current manufacturer-aware exact match; excluded by source section or accessory boundary,high,surgical_thoracoscopy_or_thoracic_surgery_not_medical_thoracoscopy,
1636,43210 LH,c Outer Sheath with Lung Forceps 152,KARL STORZ,THORAX.pdf,Document p. 152;SP6;SP31 (PDF page 160;268;293),irrelevant_to_current_scope,,,No current manufacturer-aware exact match; excluded by source section or accessory boundary,high,surgical_thoracoscopy_or_thoracic_surgery_not_medical_thoracoscopy,
1637,43210 LL,c Outer Sheath with Lung Forceps 152,KARL STORZ,THORAX.pdf,Document p. 153;182;SP6;SP31 (PDF page 161;190;268;293),irrelevant_to_current_scope,,,No current manufacturer-aware exact match; excluded by source section or accessory boundary,high,surgical_thoracoscopy_or_thoracic_surgery_not_medical_thoracoscopy,
1638,43210 LR,c Outer Sheath with Lung Nodule Forceps 152,KARL STORZ,THORAX.pdf,Document p. 153;SP6;SP31 (PDF page 161;268;293),irrelevant_to_current_scope,,,No current manufacturer-aware exact match; excluded by source section or accessory boundary,high,surgical_thoracoscopy_or_thoracic_surgery_not_medical_thoracoscopy,
1639,43210 MF,c Outer Sheath with MANHES Dissecting and Grasping Forceps 156,KARL STORZ,THORAX.pdf,Document p. 156;SP6;SP31 (PDF page 164;268;293),irrelevant_to_current_scope,,,No current manufacturer-aware exact match; excluded by source section or accessory boundary,high,surgical_thoracoscopy_or_thoracic_surgery_not_medical_thoracoscopy,
1640,43210 MA,c Outer Sheath with MANHES Grasping Forceps 156,KARL STORZ,THORAX.pdf,Document p. 156;SP6;SP31 (PDF page 164;268;293),irrelevant_to_current_scope,,,No current manufacturer-aware exact match; excluded by source section or accessory boundary,high,surgical_thoracoscopy_or_thoracic_surgery_not_medical_thoracoscopy,
1641,43210 LG,c Outer Sheath with Parenchymal Forceps 152,KARL STORZ,THORAX.pdf,Document p. 152;SP6;SP31 (PDF page 160;268;293),irrelevant_to_current_scope,,,No current manufacturer-aware exact match; excluded by source section or accessory boundary,high,surgical_thoracoscopy_or_thoracic_surgery_not_medical_thoracoscopy,
1642,43210 LS,c Outer Sheath with Parenchymal Forceps 152,KARL STORZ,THORAX.pdf,Document p. 152;SP6;SP31 (PDF page 160;268;293),irrelevant_to_current_scope,,,No current manufacturer-aware exact match; excluded by source section or accessory boundary,high,surgical_thoracoscopy_or_thoracic_surgery_not_medical_thoracoscopy,
1643,43210 LV,c Outer Sheath with Parenchymal Forceps 155,KARL STORZ,THORAX.pdf,Document p. 155;SP6;SP31 (PDF page 163;268;293),irrelevant_to_current_scope,,,No current manufacturer-aware exact match; excluded by source section or accessory boundary,high,surgical_thoracoscopy_or_thoracic_surgery_not_medical_thoracoscopy,
1644,43210 LM,c Outer Sheath with Scissors 157,KARL STORZ,THORAX.pdf,Document p. 157;SP6;SP31 (PDF page 165;268;293),irrelevant_to_current_scope,,,No current manufacturer-aware exact match; excluded by source section or accessory boundary,high,surgical_thoracoscopy_or_thoracic_surgery_not_medical_thoracoscopy,
1645,43210 LU,c Outer Sheath with Scissors 157,KARL STORZ,THORAX.pdf,Document p. 157;181;SP6;SP31 (PDF page 165;189;268;293),irrelevant_to_current_scope,,,No current manufacturer-aware exact match; excluded by source section or accessory boundary,high,surgical_thoracoscopy_or_thoracic_surgery_not_medical_thoracoscopy,
1646,43210 MT,c Outer Sheath with Scissors 157,KARL STORZ,THORAX.pdf,Document p. 157;SP6;SP31 (PDF page 165;268;293),irrelevant_to_current_scope,,,No current manufacturer-aware exact match; excluded by source section or accessory boundary,high,surgical_thoracoscopy_or_thoracic_surgery_not_medical_thoracoscopy,
1647,43231 LVS,"c Parenchymal Forceps, atraumatic, single action jaws, curved jaws, size 5 mm,",KARL STORZ,THORAX.pdf,Document p. 9;154;155 (PDF page 17;162;163),irrelevant_to_current_scope,,,No current manufacturer-aware exact match; excluded by source section or accessory boundary,high,surgical_thoracoscopy_or_thoracic_surgery_not_medical_thoracoscopy,
1648,43237 LSF,"c Parenchymal Forceps, atraumatic, single action jaws, double curved jaws,",KARL STORZ,THORAX.pdf,Document p. 9;152 (PDF page 17;160),irrelevant_to_current_scope,,,No current manufacturer-aware exact match; excluded by source section or accessory boundary,high,surgical_thoracoscopy_or_thoracic_surgery_not_medical_thoracoscopy,
1649,43237 LGF,"c Parenchymal Forceps, atraumatic, single action jaws, straight jaws, size 5 mm,",KARL STORZ,THORAX.pdf,Document p. 9;152 (PDF page 17;160),irrelevant_to_current_scope,,,No current manufacturer-aware exact match; excluded by source section or accessory boundary,high,surgical_thoracoscopy_or_thoracic_surgery_not_medical_thoracoscopy,
1650,43227 MTP,"c Scissors, distally angled outer sheath, scissor blades open parallel to angulation,",KARL STORZ,THORAX.pdf,Document p. 9;157 (PDF page 17;165),irrelevant_to_current_scope,,,No current manufacturer-aware exact match; excluded by source section or accessory boundary,high,surgical_thoracoscopy_or_thoracic_surgery_not_medical_thoracoscopy,
1651,43227 LUP,"c Scissors, distally angled sheath, double action jaws, scissor blades open",KARL STORZ,THORAX.pdf,Document p. 10;157;181 (PDF page 18;165;189),irrelevant_to_current_scope,,,No current manufacturer-aware exact match; excluded by source section or accessory boundary,high,surgical_thoracoscopy_or_thoracic_surgery_not_medical_thoracoscopy,
1652,43227 LMP,"c Scissors, double action blades, curved blades, size 5 mm, length 28 cm,",KARL STORZ,THORAX.pdf,Document p. 9;157 (PDF page 17;165),irrelevant_to_current_scope,,,No current manufacturer-aware exact match; excluded by source section or accessory boundary,high,surgical_thoracoscopy_or_thoracic_surgery_not_medical_thoracoscopy,
1653,29005 KH,Camera Holder,KARL STORZ,THORAX.pdf,Document p. 12 (PDF page 20),irrelevant_to_current_scope,,,No current manufacturer-aware exact match; excluded by source section or accessory boundary,high,generic_equipment_supply_or_out_of_scope_basic_set,
1654,10970 PE,Cannula,KARL STORZ,THORAX.pdf,Document p. SP4;SP25 (PDF page 266;287),irrelevant_to_current_scope,,,No current manufacturer-aware exact match; excluded by source section or accessory boundary,high,spare_index_or_spare_part_only,
1655,10970 PEL,Cannula,KARL STORZ,THORAX.pdf,Document p. SP4;SP25 (PDF page 266;287),irrelevant_to_current_scope,,,No current manufacturer-aware exact match; excluded by source section or accessory boundary,high,spare_index_or_spare_part_only,
1657,10970 A,"CARLENS Mediastinoscope, with proximal lateral",KARL STORZ,THORAX.pdf,Document p. 124;SP4;SP24 (PDF page 132;266;286),irrelevant_to_current_scope,,,No current manufacturer-aware exact match; excluded by source section or accessory boundary,high,mediastinoscopy,
1658,10970 B,"CARLENS Mediastinoscope, with proximal lateral",KARL STORZ,THORAX.pdf,Document p. 124;SP4;SP24 (PDF page 132;266;286),irrelevant_to_current_scope,,,No current manufacturer-aware exact match; excluded by source section or accessory boundary,high,mediastinoscopy,
1659,27677 BB,Case,KARL STORZ,THORAX.pdf,Document p. 49;99 (PDF page 57;107),irrelevant_to_current_scope,,,No current manufacturer-aware exact match; excluded by source section or accessory boundary,high,generic_equipment_supply_or_out_of_scope_basic_set,
1660,27677 FV,Case,KARL STORZ,THORAX.pdf,Document p. 17 (PDF page 25),irrelevant_to_current_scope,,,No current manufacturer-aware exact match; excluded by source section or accessory boundary,high,esophagoscopy_or_diverticuloscopy,
1661,27677 KV,Case,KARL STORZ,THORAX.pdf,Document p. 42;43;94 (PDF page 50;51;102),irrelevant_to_current_scope,,,No current manufacturer-aware exact match; excluded by source section or accessory boundary,high,generic_equipment_supply_or_out_of_scope_basic_set,
1663,28272 C,"Clamping Cylinder, for flexible mounting of 10 mm telescopes",KARL STORZ,THORAX.pdf,Document p. 217;221;225 (PDF page 225;229;233),irrelevant_to_current_scope,,,No current manufacturer-aware exact match; excluded by source section or accessory boundary,high,holding_system,
1664,28272 UF,"Clamping Jaw, for use with all KARL STORZ polymer",KARL STORZ,THORAX.pdf,Document p. 217;221 (PDF page 225;229),irrelevant_to_current_scope,,,No current manufacturer-aware exact match; excluded by source section or accessory boundary,high,holding_system,
1665,28272 UU,"Clamping Jaw, for use with instrument,",KARL STORZ,THORAX.pdf,Document p. 217;221 (PDF page 225;229),irrelevant_to_current_scope,,,No current manufacturer-aware exact match; excluded by source section or accessory boundary,high,holding_system,
1666,28272 UG,"Clamping Jaw, metal, for use with all square",KARL STORZ,THORAX.pdf,Document p. 217;221;225 (PDF page 225;229;233),irrelevant_to_current_scope,,,No current manufacturer-aware exact match; excluded by source section or accessory boundary,high,holding_system,
1667,28272 UL,"Clamping Jaw, universal, clamping range 0 to 18 mm,",KARL STORZ,THORAX.pdf,Document p. 217;221 (PDF page 225;229),irrelevant_to_current_scope,,,No current manufacturer-aware exact match; excluded by source section or accessory boundary,high,holding_system,
1668,28272 UK,"Clamping Range, metal, with axial intake, for",KARL STORZ,THORAX.pdf,Document p. 217;221 (PDF page 225;229),irrelevant_to_current_scope,,,No current manufacturer-aware exact match; excluded by source section or accessory boundary,high,holding_system,
1673,8665 L,"Clip Forceps, jaws angled to left, working",KARL STORZ,THORAX.pdf,Document p. 38;131 (PDF page 46;139),irrelevant_to_current_scope,,,No current manufacturer-aware exact match; excluded by source section or accessory boundary,high,esophagoscopy_or_diverticuloscopy,
1674,12067 NL,"Clip Forceps, jaws curved to left, working length",KARL STORZ,THORAX.pdf,Document p. 38;131 (PDF page 46;139),irrelevant_to_current_scope,,,No current manufacturer-aware exact match; excluded by source section or accessory boundary,high,esophagoscopy_or_diverticuloscopy,
1675,8665 R,"Clip Forceps, jaws curved to right, working length 22 cm",KARL STORZ,THORAX.pdf,Document p. 7;131 (PDF page 15;139),irrelevant_to_current_scope,,,No current manufacturer-aware exact match; excluded by source section or accessory boundary,high,mediastinoscopy,
1676,8665 T,"Clip, titanium LT 200, medium, 5 mm, sterile, package of 36 cartridges with 6 clips each",KARL STORZ,THORAX.pdf,Document p. 7;38;131 (PDF page 15;46;139),irrelevant_to_current_scope,,,No current manufacturer-aware exact match; excluded by source section or accessory boundary,high,esophagoscopy_or_diverticuloscopy,
1677,13304 CS,CMOS Video Esopharyngoscope,KARL STORZ,THORAX.pdf,Document p. 17 (PDF page 25),irrelevant_to_current_scope,,,No current manufacturer-aware exact match; excluded by source section or accessory boundary,high,esophagoscopy_or_diverticuloscopy,
1678,13304 C,CMOS Video Esopharyngoscope ESO 17,KARL STORZ,THORAX.pdf,PDF p. 5,irrelevant_to_current_scope,,,No current manufacturer-aware exact match; excluded by source section or accessory boundary,high,generic_equipment_supply_or_out_of_scope_basic_set,
1679,13304 CSK,"CMOS Video Esopharyngoscope KIT,",KARL STORZ,THORAX.pdf,Document p. 17 (PDF page 25),irrelevant_to_current_scope,,,No current manufacturer-aware exact match; excluded by source section or accessory boundary,high,esophagoscopy_or_diverticuloscopy,
1680,13304 CSM,CMOS Video Esopharyngoscope with Monitor,KARL STORZ,THORAX.pdf,Document p. 17 (PDF page 25),irrelevant_to_current_scope,,,No current manufacturer-aware exact match; excluded by source section or accessory boundary,high,esophagoscopy_or_diverticuloscopy,
1681,37270 DB,Coagulating and Dissecting Electrode,KARL STORZ,THORAX.pdf,Document p. SP6;SP28 (PDF page 268;290),irrelevant_to_current_scope,,,No current manufacturer-aware exact match; excluded by source section or accessory boundary,high,spare_index_or_spare_part_only,
1682,37270 DW,Coagulating and Dissecting Electrode,KARL STORZ,THORAX.pdf,Document p. SP6;SP28 (PDF page 268;290),irrelevant_to_current_scope,,,No current manufacturer-aware exact match; excluded by source section or accessory boundary,high,spare_index_or_spare_part_only,
1683,26772 UF,"Coagulating and Dissecting Electrode, L-shaped, insulated, with connector pin for",KARL STORZ,THORAX.pdf,Document p. 10;169;183;SP5;SP28 (PDF page 18;177;191;267;290),irrelevant_to_current_scope,,,No current manufacturer-aware exact match; excluded by source section or accessory boundary,high,surgical_thoracoscopy_or_thoracic_surgery_not_medical_thoracoscopy,
1684,26778 UF,"Coagulating and Dissecting Electrode, L-shaped, insulated, with connector pin for",KARL STORZ,THORAX.pdf,Document p. 10;183;SP5;SP28 (PDF page 18;191;267;290),irrelevant_to_current_scope,,,No current manufacturer-aware exact match; excluded by source section or accessory boundary,high,surgical_thoracoscopy_or_thoracic_surgery_not_medical_thoracoscopy,
1685,37270 SC,"Coagulating and Dissecting Electrode, with",KARL STORZ,THORAX.pdf,Document p. 168;SP6;SP28 (PDF page 176;268;290),irrelevant_to_current_scope,,,No current manufacturer-aware exact match; excluded by source section or accessory boundary,high,surgical_thoracoscopy_or_thoracic_surgery_not_medical_thoracoscopy,
1686,26770 S,Coagulating Electrode,KARL STORZ,THORAX.pdf,Document p. SP5;SP28 (PDF page 267;290),irrelevant_to_current_scope,,,No current manufacturer-aware exact match; excluded by source section or accessory boundary,high,spare_index_or_spare_part_only,
1687,26770 U,Coagulating Suction Tube,KARL STORZ,THORAX.pdf,Document p. SP5;SP28 (PDF page 267;290),irrelevant_to_current_scope,,,No current manufacturer-aware exact match; excluded by source section or accessory boundary,high,spare_index_or_spare_part_only,
1688,40270 LB,"Coagulating Suction Tube, distally angled sheath, with connector pin for bipolar",KARL STORZ,THORAX.pdf,Document p. 9;168;U23;U25;SP6;SP28 (PDF page 17;176;257;259;268;290),irrelevant_to_current_scope,,,No current manufacturer-aware exact match; excluded by source section or accessory boundary,high,surgical_thoracoscopy_or_thoracic_surgery_not_medical_thoracoscopy,
1689,40170 LB,"Coagulating Suction Tube, distally angled sheath, with connector pin for unipolar",KARL STORZ,THORAX.pdf,Document p. 9;168;SP6;SP28 (PDF page 17;176;268;290),irrelevant_to_current_scope,,,No current manufacturer-aware exact match; excluded by source section or accessory boundary,high,surgical_thoracoscopy_or_thoracic_surgery_not_medical_thoracoscopy,
1690,10972 EN,"Coagulating Suction Tube, distally curved, insulated, with connector pin for unipolar",KARL STORZ,THORAX.pdf,Document p. 7;130 (PDF page 15;138),irrelevant_to_current_scope,,,No current manufacturer-aware exact match; excluded by source section or accessory boundary,high,mediastinoscopy,
1691,10972 ENL,"Coagulating Suction Tube, distally curved, insulated, with connector pin for unipolar",KARL STORZ,THORAX.pdf,Document p. 7;130 (PDF page 15;138),irrelevant_to_current_scope,,,No current manufacturer-aware exact match; excluded by source section or accessory boundary,high,mediastinoscopy,
1692,10390 LN,"Coagulating Suction Tube, insulated, with connector",KARL STORZ,THORAX.pdf,Document p. 31;SP4;SP28 (PDF page 39;266;290),irrelevant_to_current_scope,,,No current manufacturer-aware exact match; excluded by source section or accessory boundary,high,esophagoscopy_or_diverticuloscopy,
1693,10970 EN,"Coagulating Suction Tube, insulated, with connector pin for unipolar coagulation,",KARL STORZ,THORAX.pdf,Document p. 7;SP4;SP28 (PDF page 15;266;290),irrelevant_to_current_scope,,,No current manufacturer-aware exact match; excluded by source section or accessory boundary,high,generic_equipment_supply_or_out_of_scope_basic_set,
1694,10970 ENL,"Coagulating Suction Tube, insulated, with connector pin for unipolar coagulation,",KARL STORZ,THORAX.pdf,Document p. 7;SP4;SP28 (PDF page 15;266;290),irrelevant_to_current_scope,,,No current manufacturer-aware exact match; excluded by source section or accessory boundary,high,generic_equipment_supply_or_out_of_scope_basic_set,
1696,9370 TQ,"Color Ink Jet Printer, with horizontal paper feed, incl.",KARL STORZ,THORAX.pdf,Document p. 114 (PDF page 122),irrelevant_to_current_scope,,,No current manufacturer-aware exact match; excluded by source section or accessory boundary,high,generic_equipment_supply_or_out_of_scope_basic_set,
1697,9371 LA,"Color Laser Printer, including mains cord,",KARL STORZ,THORAX.pdf,Document p. 114 (PDF page 122),irrelevant_to_current_scope,,,No current manufacturer-aware exact match; excluded by source section or accessory boundary,high,generic_equipment_supply_or_out_of_scope_basic_set,
1699,28172 WA,"Connecting Tube, for POINT SETTER,",KARL STORZ,THORAX.pdf,Document p. 225 (PDF page 233),irrelevant_to_current_scope,,,No current manufacturer-aware exact match; excluded by source section or accessory boundary,high,holding_system,
1700,28172 WB,"Connecting Tube, for POINT SETTER,",KARL STORZ,THORAX.pdf,Document p. 225 (PDF page 233),irrelevant_to_current_scope,,,No current manufacturer-aware exact match; excluded by source section or accessory boundary,high,holding_system,
1701,28172 WC,"Connecting Tube, for POINT SETTER,",KARL STORZ,THORAX.pdf,Document p. 225;SP5;SP39 (PDF page 233;267;301),irrelevant_to_current_scope,,,No current manufacturer-aware exact match; excluded by source section or accessory boundary,high,holding_system,
1702,28172 WN,"Connecting Tube, for POINT SETTER,",KARL STORZ,THORAX.pdf,Document p. 225 (PDF page 233),irrelevant_to_current_scope,,,No current manufacturer-aware exact match; excluded by source section or accessory boundary,high,holding_system,
1703,10384 AL,Cotton Carrier,KARL STORZ,THORAX.pdf,Document p. 2;30;31 (PDF page 10;38;39),irrelevant_to_current_scope,,,No current manufacturer-aware exact match; excluded by source section or accessory boundary,high,esophagoscopy_or_diverticuloscopy,
1704,10384 AX,Cotton Carrier,KARL STORZ,THORAX.pdf,Document p. 31 (PDF page 39),irrelevant_to_current_scope,,,No current manufacturer-aware exact match; excluded by source section or accessory boundary,high,esophagoscopy_or_diverticuloscopy,
1705,10389 B,"Cytology Brush, with ring handle, working length 35 cm",KARL STORZ,THORAX.pdf,Document p. 5 (PDF page 13),irrelevant_to_current_scope,,,No current manufacturer-aware exact match; excluded by source section or accessory boundary,high,generic_equipment_supply_or_out_of_scope_basic_set,
1706,10970 BA,"DCI® HOPKINS® Forward-Oblique Telescope 30°, diameter 4 mm, length 14 cm,",KARL STORZ,THORAX.pdf,Document p. 7;121;123;SP4;SP7 (PDF page 15;129;131;266;269),irrelevant_to_current_scope,,,No current manufacturer-aware exact match; excluded by source section or accessory boundary,high,mediastinoscopy,
1707,40775 LF,"Dissecting Electrode, L-shaped, insulated, with connector pin for unipolar coagulation,",KARL STORZ,THORAX.pdf,Document p. 9;10;169;183;U23;U25;SP6;SP28 (PDF page 17;18;177;191;257;259;268;290),irrelevant_to_current_scope,,,No current manufacturer-aware exact match; excluded by source section or accessory boundary,high,surgical_thoracoscopy_or_thoracic_surgery_not_medical_thoracoscopy,
1708,40500 E,"Dissecting Forceps, S-shaped, distal joint, length 28 cm",KARL STORZ,THORAX.pdf,Document p. 11;197 (PDF page 19;205),irrelevant_to_current_scope,,,No current manufacturer-aware exact match; excluded by source section or accessory boundary,high,surgical_thoracoscopy_or_thoracic_surgery_not_medical_thoracoscopy,
1709,40500 C,"Dissecting Forceps, S-shaped, medial joint, length 28 cm",KARL STORZ,THORAX.pdf,Document p. 11;197 (PDF page 19;205),irrelevant_to_current_scope,,,No current manufacturer-aware exact match; excluded by source section or accessory boundary,high,surgical_thoracoscopy_or_thoracic_surgery_not_medical_thoracoscopy,
1710,40400 E,"Dissecting Forceps, with",KARL STORZ,THORAX.pdf,Document p. 196 (PDF page 204),irrelevant_to_current_scope,,,No current manufacturer-aware exact match; excluded by source section or accessory boundary,high,surgical_thoracoscopy_or_thoracic_surgery_not_medical_thoracoscopy,
1711,40400 F,"Dissecting Forceps, with ratchet, self-opening, S-shaped, medial joint, length 28 cm",KARL STORZ,THORAX.pdf,Document p. 11;196 (PDF page 19;204),irrelevant_to_current_scope,,,No current manufacturer-aware exact match; excluded by source section or accessory boundary,high,surgical_thoracoscopy_or_thoracic_surgery_not_medical_thoracoscopy,
1712,40500 B,"Dissecting Scissors, S-shaped,",KARL STORZ,THORAX.pdf,Document p. 197 (PDF page 205),irrelevant_to_current_scope,,,No current manufacturer-aware exact match; excluded by source section or accessory boundary,high,surgical_thoracoscopy_or_thoracic_surgery_not_medical_thoracoscopy,
1713,40500 D,"Dissecting Scissors, S-shaped,",KARL STORZ,THORAX.pdf,Document p. 197 (PDF page 205),irrelevant_to_current_scope,,,No current manufacturer-aware exact match; excluded by source section or accessory boundary,high,surgical_thoracoscopy_or_thoracic_surgery_not_medical_thoracoscopy,
1714,40501 A,"Dissecting Scissors, S-shaped,",KARL STORZ,THORAX.pdf,Document p. 198 (PDF page 206),irrelevant_to_current_scope,,,No current manufacturer-aware exact match; excluded by source section or accessory boundary,high,surgical_thoracoscopy_or_thoracic_surgery_not_medical_thoracoscopy,
1722,29005 HFH,Double Pedal Holder,KARL STORZ,THORAX.pdf,Document p. 12 (PDF page 20),irrelevant_to_current_scope,,,No current manufacturer-aware exact match; excluded by source section or accessory boundary,high,generic_equipment_supply_or_out_of_scope_basic_set,
1723,28172 WD,"Drape, for single use, sterile,",KARL STORZ,THORAX.pdf,Document p. 225 (PDF page 233),irrelevant_to_current_scope,,,No current manufacturer-aware exact match; excluded by source section or accessory boundary,high,holding_system,
1724,40700 B,"Electrode, ball tip, malleable, with connector pin",KARL STORZ,THORAX.pdf,Document p. 202;SP6;SP28 (PDF page 210;268;290),irrelevant_to_current_scope,,,No current manufacturer-aware exact match; excluded by source section or accessory boundary,high,surgical_thoracoscopy_or_thoracic_surgery_not_medical_thoracoscopy,
1725,40700 A,"Electrode, knife tip, malleable, with connector pin for unipolar coagulation, length 40 cm",KARL STORZ,THORAX.pdf,Document p. 11;202;SP6;SP28 (PDF page 19;210;268;290),irrelevant_to_current_scope,,,No current manufacturer-aware exact match; excluded by source section or accessory boundary,high,surgical_thoracoscopy_or_thoracic_surgery_not_medical_thoracoscopy,
1726,26003 AE,"ENDOCAMELEON® HOPKINS® Telescope,",KARL STORZ,THORAX.pdf,Document p. 144 (PDF page 152),irrelevant_to_current_scope,,,No current manufacturer-aware exact match; excluded by source section or accessory boundary,high,surgical_thoracoscopy_or_thoracic_surgery_not_medical_thoracoscopy,
1727,28272 ECS,"ENDOCRANETM Arm, including stand",KARL STORZ,THORAX.pdf,Document p. SP5;SP39 (PDF page 267;301),irrelevant_to_current_scope,,,No current manufacturer-aware exact match; excluded by source section or accessory boundary,high,spare_index_or_spare_part_only,
1728,28272 EC,"ENDOCRANETM, piezoregulated Holding Arm LHT 220",KARL STORZ,THORAX.pdf,Document p. ;218;220;SP5;SP39 (PDF page 5;226;228;267;301),irrelevant_to_current_scope,,,No current manufacturer-aware exact match; excluded by source section or accessory boundary,high,holding_system,
1729,12016 F,Esophagoscope Tube,KARL STORZ,THORAX.pdf,Document p. 33;SP4;SP19 (PDF page 41;266;281),irrelevant_to_current_scope,,,No current manufacturer-aware exact match; excluded by source section or accessory boundary,high,esophagoscopy_or_diverticuloscopy,
1730,12016 E,"Esophagoscope Tube, size 11, working",KARL STORZ,THORAX.pdf,Document p. 20;33;SP4;SP19 (PDF page 28;41;266;281),irrelevant_to_current_scope,,,No current manufacturer-aware exact match; excluded by source section or accessory boundary,high,esophagoscopy_or_diverticuloscopy,
1731,12030 A,"Esophagoscope Tube, size 6, length 30 cm",KARL STORZ,THORAX.pdf,Document p. 3;22;23;35;SP5;SP20 (PDF page 11;30;31;43;267;282),irrelevant_to_current_scope,,,No current manufacturer-aware exact match; excluded by source section or accessory boundary,high,esophagoscopy_or_diverticuloscopy,
1732,8590 GF,"Fiber Optic Light Carrier, for distal illumination,",KARL STORZ,THORAX.pdf,Document p. 36;37 (PDF page 44;45),irrelevant_to_current_scope,,,No current manufacturer-aware exact match; excluded by source section or accessory boundary,high,esophagoscopy_or_diverticuloscopy,
1733,12061 B,"Fiber Optic Light Carrier, for use with esophagoscopes, length 30 cm",KARL STORZ,THORAX.pdf,Document p. 2;19;SP5;SP22 (PDF page 10;27;267;284),irrelevant_to_current_scope,,,No current manufacturer-aware exact match; excluded by source section or accessory boundary,high,esophagoscopy_or_diverticuloscopy,
1734,12061 A,"Fiber Optic Light Carrier, for use with esophagoscopes, length 50 cm",KARL STORZ,THORAX.pdf,Document p. 2;19;SP5;SP22 (PDF page 10;27;267;284),irrelevant_to_current_scope,,,No current manufacturer-aware exact match; excluded by source section or accessory boundary,high,esophagoscopy_or_diverticuloscopy,
1735,12061 C,"Fiber Optic Light Carrier, for use with hypopharyngoscopes, length 20 cm",KARL STORZ,THORAX.pdf,Document p. 2;19;SP5;SP22 (PDF page 10;27;267;284),irrelevant_to_current_scope,,,No current manufacturer-aware exact match; excluded by source section or accessory boundary,high,esophagoscopy_or_diverticuloscopy,
1736,49100 L,"Fiber Optic Light Carrier, malleable, 49100 LB",KARL STORZ,THORAX.pdf,Document p. 189;SP2;SP6;SP36 (PDF page 197;264;268;298),irrelevant_to_current_scope,,,No current manufacturer-aware exact match; excluded by source section or accessory boundary,high,surgical_thoracoscopy_or_thoracic_surgery_not_medical_thoracoscopy,
1737,49100 LS,Fiberoptic Light Carrier Extension VATS-RET 189,KARL STORZ,THORAX.pdf,Document p. ;189;SP2;SP6;SP36 (PDF page 5;197;264;268;298),irrelevant_to_current_scope,,,No current manufacturer-aware exact match; excluded by source section or accessory boundary,high,surgical_thoracoscopy_or_thoracic_surgery_not_medical_thoracoscopy,
1743,10370 HL,"Forceps, alligator, for hard foreign bodies, double action jaws,",KARL STORZ,THORAX.pdf,Document p. 27 (PDF page 35),irrelevant_to_current_scope,,,No current manufacturer-aware exact match; excluded by source section or accessory boundary,high,esophagoscopy_or_diverticuloscopy,
1744,10366 HL,"Forceps, alligator, for hard foreign bodies, single action jaws,",KARL STORZ,THORAX.pdf,Document p. 26 (PDF page 34),irrelevant_to_current_scope,,,No current manufacturer-aware exact match; excluded by source section or accessory boundary,high,esophagoscopy_or_diverticuloscopy,
1746,40400 C,"Forceps, atraumatic, bayonet-shaped,",KARL STORZ,THORAX.pdf,Document p. 194 (PDF page 202),irrelevant_to_current_scope,,,No current manufacturer-aware exact match; excluded by source section or accessory boundary,high,surgical_thoracoscopy_or_thoracic_surgery_not_medical_thoracoscopy,
1747,40400 A,"Forceps, atraumatic, bayonet-shaped, insulated, length 22 cm",KARL STORZ,THORAX.pdf,Document p. 11;194 (PDF page 19;202),irrelevant_to_current_scope,,,No current manufacturer-aware exact match; excluded by source section or accessory boundary,high,surgical_thoracoscopy_or_thoracic_surgery_not_medical_thoracoscopy,
1749,40400 D,"Forceps, with multiple teeth, bayonet",KARL STORZ,THORAX.pdf,Document p. 194 (PDF page 202),irrelevant_to_current_scope,,,No current manufacturer-aware exact match; excluded by source section or accessory boundary,high,surgical_thoracoscopy_or_thoracic_surgery_not_medical_thoracoscopy,
1750,40400 B,"Forceps, with multiple teeth, bayonet-shaped, insulated, length 22 cm",KARL STORZ,THORAX.pdf,Document p. 11;194 (PDF page 19;202),irrelevant_to_current_scope,,,No current manufacturer-aware exact match; excluded by source section or accessory boundary,high,surgical_thoracoscopy_or_thoracic_surgery_not_medical_thoracoscopy,
1751,10386 AL,"Foreign Body Basket, with ring",KARL STORZ,THORAX.pdf,Document p. 32 (PDF page 40),irrelevant_to_current_scope,,,No current manufacturer-aware exact match; excluded by source section or accessory boundary,high,esophagoscopy_or_diverticuloscopy,
1752,40110 A,"GIUDICELLI/FUENTES/OTTOMANI Rib Spreader, self-retaining, blade depth 40 mm,",KARL STORZ,THORAX.pdf,Document p. 11;191 (PDF page 19;199),irrelevant_to_current_scope,,,No current manufacturer-aware exact match; excluded by source section or accessory boundary,high,surgical_thoracoscopy_or_thoracic_surgery_not_medical_thoracoscopy,
1753,40110 B,"GIUDICELLI/FUENTES/OTTOMANI Rib Spreader, self-retaining, blade depth 60 mm,",KARL STORZ,THORAX.pdf,Document p. 11;191 (PDF page 19;199),irrelevant_to_current_scope,,,No current manufacturer-aware exact match; excluded by source section or accessory boundary,high,surgical_thoracoscopy_or_thoracic_surgery_not_medical_thoracoscopy,
1755,37270 GC,GORDTS and CAMPO Coagulating Suction Tube 168,KARL STORZ,THORAX.pdf,Document p. 168;SP6;SP28 (PDF page 176;268;290),irrelevant_to_current_scope,,,No current manufacturer-aware exact match; excluded by source section or accessory boundary,high,surgical_thoracoscopy_or_thoracic_surgery_not_medical_thoracoscopy,
1763,40400 K,"Grasping Forceps, with ratchet, self-opening, fenestrated jaws, curved, medial joint,",KARL STORZ,THORAX.pdf,Document p. 11;195 (PDF page 19;203),irrelevant_to_current_scope,,,No current manufacturer-aware exact match; excluded by source section or accessory boundary,high,surgical_thoracoscopy_or_thoracic_surgery_not_medical_thoracoscopy,
1764,40400 G,"Grasping Forceps, with ratchet, self-opening, fenestrated jaws, S-shaped,",KARL STORZ,THORAX.pdf,Document p. 10;182;195 (PDF page 18;190;203),irrelevant_to_current_scope,,,No current manufacturer-aware exact match; excluded by source section or accessory boundary,high,surgical_thoracoscopy_or_thoracic_surgery_not_medical_thoracoscopy,
1765,40400 H,"Grasping Forceps, with ratchet, self-opening, fenestrated jaws, S-shaped, medial joint,",KARL STORZ,THORAX.pdf,Document p. 11;195 (PDF page 19;203),irrelevant_to_current_scope,,,No current manufacturer-aware exact match; excluded by source section or accessory boundary,high,surgical_thoracoscopy_or_thoracic_surgery_not_medical_thoracoscopy,
1772,26046 BA,"HOPKINSr II Forward-Oblique Telescope 30°, enlarged view, diameter 5 mm,",KARL STORZ,THORAX.pdf,Document p. 10;140;178;SP5;SP7 (PDF page 18;148;186;267;269),irrelevant_to_current_scope,,,No current manufacturer-aware exact match; excluded by source section or accessory boundary,high,surgical_thoracoscopy_or_thoracic_surgery_not_medical_thoracoscopy,
1778,26046 BUA,"HOPKINS® II Forward-Oblique Telescope 30°, enlarged view",KARL STORZ,THORAX.pdf,Document p. SP5;SP7 (PDF page 267;269),irrelevant_to_current_scope,,,No current manufacturer-aware exact match; excluded by source section or accessory boundary,high,spare_index_or_spare_part_only,
1779,26003 BA,"HOPKINS® II Forward-Oblique Telescope 30°, enlarged view 141, 192",KARL STORZ,THORAX.pdf,Document p. 141;192;SP5;SP7 (PDF page 149;200;267;269),irrelevant_to_current_scope,,,No current manufacturer-aware exact match; excluded by source section or accessory boundary,high,surgical_thoracoscopy_or_thoracic_surgery_not_medical_thoracoscopy,
1781,26046 AA,"HOPKINS® II Straight Forward Telescope 0°, enlarged view 140",KARL STORZ,THORAX.pdf,Document p. 140;SP5;SP7 (PDF page 148;267;269),irrelevant_to_current_scope,,,No current manufacturer-aware exact match; excluded by source section or accessory boundary,high,surgical_thoracoscopy_or_thoracic_surgery_not_medical_thoracoscopy,
1782,26003 AA,"HOPKINS® II Straight Forward Telescope 0°, enlarged view, diameter 10 mm,",KARL STORZ,THORAX.pdf,Document p. 11;141;192;SP5;SP7 (PDF page 19;149;200;267;269),irrelevant_to_current_scope,,,No current manufacturer-aware exact match; excluded by source section or accessory boundary,high,surgical_thoracoscopy_or_thoracic_surgery_not_medical_thoracoscopy,
1783,8575 AA,HOPKINS® II Straight Forward Telescope 10°,KARL STORZ,THORAX.pdf,Document p. SP6;SP7 (PDF page 268;269),irrelevant_to_current_scope,,,No current manufacturer-aware exact match; excluded by source section or accessory boundary,high,spare_index_or_spare_part_only,
1784,26003 FA,"HOPKINS® II Telescope 45°, enlarged view 141",KARL STORZ,THORAX.pdf,Document p. 141;SP5;SP7 (PDF page 149;267;269),irrelevant_to_current_scope,,,No current manufacturer-aware exact match; excluded by source section or accessory boundary,high,surgical_thoracoscopy_or_thoracic_surgery_not_medical_thoracoscopy,
1785,26046 FA,"HOPKINS® II Telescope 45°, enlarged view, diameter 5 mm, length 29 cm, autoclavable,",KARL STORZ,THORAX.pdf,Document p. 9;140;SP5;SP7 (PDF page 17;148;267;269),irrelevant_to_current_scope,,,No current manufacturer-aware exact match; excluded by source section or accessory boundary,high,surgical_thoracoscopy_or_thoracic_surgery_not_medical_thoracoscopy,
1788,12067 VA,HOPKINS® Straight Forward Telescope 0°,KARL STORZ,THORAX.pdf,Document p. SP5;SP7 (PDF page 267;269),irrelevant_to_current_scope,,,No current manufacturer-aware exact match; excluded by source section or accessory boundary,high,spare_index_or_spare_part_only,
1795,12015 AA,"HOPKINS® Straight Forward Telescope 0°, diameter 5.5 mm, length 53 cm, autoclavable,",KARL STORZ,THORAX.pdf,Document p. 2;20;21;33;34;SP4;SP7 (PDF page 10;28;29;41;42;266;269),irrelevant_to_current_scope,,,No current manufacturer-aware exact match; excluded by source section or accessory boundary,high,esophagoscopy_or_diverticuloscopy,
1798,12062 A,"Insertable Suction Tube, for use with",KARL STORZ,THORAX.pdf,Document p. 19 (PDF page 27),irrelevant_to_current_scope,,,No current manufacturer-aware exact match; excluded by source section or accessory boundary,high,esophagoscopy_or_diverticuloscopy,
1799,12062 C,"Insertable Suction Tube, for use with",KARL STORZ,THORAX.pdf,Document p. 19 (PDF page 27),irrelevant_to_current_scope,,,No current manufacturer-aware exact match; excluded by source section or accessory boundary,high,esophagoscopy_or_diverticuloscopy,
1805,26596 T,"Knot Tier, for extracorporeal knotting, size 5 mm, length 36 cm",KARL STORZ,THORAX.pdf,Document p. 11;203 (PDF page 19;211),irrelevant_to_current_scope,,,No current manufacturer-aware exact match; excluded by source section or accessory boundary,high,surgical_thoracoscopy_or_thoracic_surgery_not_medical_thoracoscopy,
1806,26596 SK,"KOECKERLING Knot Tier,",KARL STORZ,THORAX.pdf,Document p. 171 (PDF page 179),irrelevant_to_current_scope,,,No current manufacturer-aware exact match; excluded by source section or accessory boundary,high,surgical_thoracoscopy_or_thoracic_surgery_not_medical_thoracoscopy,
1807,26173 KC,KOH Macro Needle Holder 176,KARL STORZ,THORAX.pdf,Document p. 176;SP5;SP30 (PDF page 184;267;292),irrelevant_to_current_scope,,,No current manufacturer-aware exact match; excluded by source section or accessory boundary,high,surgical_thoracoscopy_or_thoracic_surgery_not_medical_thoracoscopy,
1808,26173 KAF,"KOH Macro Needle Holder, with tungsten carbide",KARL STORZ,THORAX.pdf,Document p. 176 (PDF page 184),irrelevant_to_current_scope,,,No current manufacturer-aware exact match; excluded by source section or accessory boundary,high,surgical_thoracoscopy_or_thoracic_surgery_not_medical_thoracoscopy,
1809,26173 KL,"KOH Macro Needle Holder, with tungsten carbide",KARL STORZ,THORAX.pdf,Document p. 176;SP5;SP30 (PDF page 184;267;292),irrelevant_to_current_scope,,,No current manufacturer-aware exact match; excluded by source section or accessory boundary,high,surgical_thoracoscopy_or_thoracic_surgery_not_medical_thoracoscopy,
1810,8575 K,"Laryngoscope Holder and Chest Support, GÖTTINGEN model 36, 37",KARL STORZ,THORAX.pdf,Document p. 36;37;SP6;SP9 (PDF page 44;45;268;271),irrelevant_to_current_scope,,,No current manufacturer-aware exact match; excluded by source section or accessory boundary,high,esophagoscopy_or_diverticuloscopy,
1811,8575 KA,"Laryngoscope Holder, GÖTTINGEN model,",KARL STORZ,THORAX.pdf,Document p. SP6;SP9 (PDF page 268;271),irrelevant_to_current_scope,,,No current manufacturer-aware exact match; excluded by source section or accessory boundary,high,spare_index_or_spare_part_only,
1814,10971 MVS,"LERUT DCI® Video Mediastinoscope,",KARL STORZ,THORAX.pdf,Document p. 123 (PDF page 131),irrelevant_to_current_scope,,,No current manufacturer-aware exact match; excluded by source section or accessory boundary,high,mediastinoscopy,
1815,10971 MV,"LERUT DCI® Video Mediastinoscope, length 15 cm",KARL STORZ,THORAX.pdf,Document p. 7;123 (PDF page 15;131),irrelevant_to_current_scope,,,No current manufacturer-aware exact match; excluded by source section or accessory boundary,high,mediastinoscopy,
1816,49100 BS,"Lever, spare part 49100 BS",KARL STORZ,THORAX.pdf,Document p. 189;SP2;SP6;SP36 (PDF page 197;264;268;298),irrelevant_to_current_scope,,,No current manufacturer-aware exact match; excluded by source section or accessory boundary,high,surgical_thoracoscopy_or_thoracic_surgery_not_medical_thoracoscopy,
1817,10972 SP,"LINDER/HÜRTGEN Distending DCI® Video Mediastinoscope, length 20 cm",KARL STORZ,THORAX.pdf,Document p. 7;121 (PDF page 15;129),irrelevant_to_current_scope,,,No current manufacturer-aware exact match; excluded by source section or accessory boundary,high,mediastinoscopy,
1818,26120 L,"Localization Cannula, LUER-Lock,",KARL STORZ,THORAX.pdf,Document p. U6 (PDF page 240),irrelevant_to_current_scope,,,No current manufacturer-aware exact match; excluded by source section or accessory boundary,high,general_surgery_platform_cable_or_accessory,
1819,40600 D,"Lung Spatula, S-shaped, length 27 cm",KARL STORZ,THORAX.pdf,Document p. 11;199 (PDF page 19;207),irrelevant_to_current_scope,,,No current manufacturer-aware exact match; excluded by source section or accessory boundary,high,surgical_thoracoscopy_or_thoracic_surgery_not_medical_thoracoscopy,
1820,10970 M,"MAASSEN Sponge and Dissecting Forceps,",KARL STORZ,THORAX.pdf,Document p. 127 (PDF page 135),irrelevant_to_current_scope,,,No current manufacturer-aware exact match; excluded by source section or accessory boundary,high,mediastinoscopy,
1821,30173 FPL,"Macro Needle Holder, dismantling, with tungsten carbide inserts, ergonomic pistol-grip",KARL STORZ,THORAX.pdf,Document p. 9;175 (PDF page 17;183),irrelevant_to_current_scope,,,No current manufacturer-aware exact match; excluded by source section or accessory boundary,high,surgical_thoracoscopy_or_thoracic_surgery_not_medical_thoracoscopy,
1822,10971 GO,"MediaFITTM Biopsy Forceps, dismantling, oval jaws, size 8 x 16 mm, length 21 cm",KARL STORZ,THORAX.pdf,Document p. 7;126 (PDF page 15;134),irrelevant_to_current_scope,,,No current manufacturer-aware exact match; excluded by source section or accessory boundary,high,mediastinoscopy,
1823,10971 GR,"MediaFITTM Biopsy Forceps, dismantling, spoon-shaped jaws, jaw diameter 5 mm,",KARL STORZ,THORAX.pdf,Document p. 7;126 (PDF page 15;134),irrelevant_to_current_scope,,,No current manufacturer-aware exact match; excluded by source section or accessory boundary,high,mediastinoscopy,
1824,10971 ML,"MediaFITTM MAASSEN Sponge and Dissecting Forceps, dismantling, size 5 mm,",KARL STORZ,THORAX.pdf,Document p. 7 (PDF page 15),irrelevant_to_current_scope,,,No current manufacturer-aware exact match; excluded by source section or accessory boundary,high,generic_equipment_supply_or_out_of_scope_basic_set,
1825,30173 A,"Metal Outer Sheath, with LUER-Lock connector",KARL STORZ,THORAX.pdf,Document p. 173 (PDF page 181),irrelevant_to_current_scope,,,No current manufacturer-aware exact match; excluded by source section or accessory boundary,high,surgical_thoracoscopy_or_thoracic_surgery_not_medical_thoracoscopy,
1826,29005 LAP,Mobile Equipment Cart,KARL STORZ,THORAX.pdf,Document p. 12;114 (PDF page 20;122),irrelevant_to_current_scope,,,No current manufacturer-aware exact match; excluded by source section or accessory boundary,high,generic_equipment_supply_or_out_of_scope_basic_set,
1827,29005 SZ,"Monitor Swivel Arm, height and side adjustable,",KARL STORZ,THORAX.pdf,Document p. 114 (PDF page 122),irrelevant_to_current_scope,,,No current manufacturer-aware exact match; excluded by source section or accessory boundary,high,generic_equipment_supply_or_out_of_scope_basic_set,
1828,8402 ZX,"Monitor, for CMOS endoscopes",KARL STORZ,THORAX.pdf,Document p. 16;17 (PDF page 24;25),irrelevant_to_current_scope,,,No current manufacturer-aware exact match; excluded by source section or accessory boundary,high,esophagoscopy_or_diverticuloscopy,
1829,49100 VK,"Moveable Blade, freely adjustable,",KARL STORZ,THORAX.pdf,Document p. SP2;SP6;SP36 (PDF page 264;268;298),irrelevant_to_current_scope,,,No current manufacturer-aware exact match; excluded by source section or accessory boundary,high,spare_index_or_spare_part_only,
1830,49100 VL,"Moveable Blade, freely adjustable,",KARL STORZ,THORAX.pdf,Document p. SP2;SP6;SP36 (PDF page 264;268;298),irrelevant_to_current_scope,,,No current manufacturer-aware exact match; excluded by source section or accessory boundary,high,spare_index_or_spare_part_only,
1831,49100 VM,"Moveable Blade, freely adjustable,",KARL STORZ,THORAX.pdf,Document p. SP2;SP6;SP36 (PDF page 264;268;298),irrelevant_to_current_scope,,,No current manufacturer-aware exact match; excluded by source section or accessory boundary,high,spare_index_or_spare_part_only,
1833,40600 E,"Needle Holder, S-shaped, with ratchet, length 27 cm",KARL STORZ,THORAX.pdf,Document p. 11;203 (PDF page 19;211),irrelevant_to_current_scope,,,No current manufacturer-aware exact match; excluded by source section or accessory boundary,high,surgical_thoracoscopy_or_thoracic_surgery_not_medical_thoracoscopy,
1834,27806 UR,"Neutral Electrode Connecting Cable, for Neutral -112",KARL STORZ,THORAX.pdf,Document p. U26 (PDF page 260),irrelevant_to_current_scope,,,No current manufacturer-aware exact match; excluded by source section or accessory boundary,high,general_surgery_platform_cable_or_accessory,
1835,27806 US,"Neutral Electrode Connecting Cable, for Neutral -112",KARL STORZ,THORAX.pdf,Document p. U26 (PDF page 260),irrelevant_to_current_scope,,,No current manufacturer-aware exact match; excluded by source section or accessory boundary,high,general_surgery_platform_cable_or_accessory,
1836,860021 E,"Neutral Electrode, made of conductive silicone, with",KARL STORZ,THORAX.pdf,Document p. U25;U26 (PDF page 259;260),irrelevant_to_current_scope,,,No current manufacturer-aware exact match; excluded by source section or accessory boundary,high,general_surgery_platform_cable_or_accessory,
1843,12016 M,"Optical Forceps, alligator, large jaws, for hard foreign bodies",KARL STORZ,THORAX.pdf,Document p. 2;21;33;34 (PDF page 10;29;41;42),irrelevant_to_current_scope,,,No current manufacturer-aware exact match; excluded by source section or accessory boundary,high,esophagoscopy_or_diverticuloscopy,
1848,12016 L,"Optical Forceps, spoon-shaped, round, for biopsy",KARL STORZ,THORAX.pdf,Document p. 2;21;33;34 (PDF page 10;29;41;42),irrelevant_to_current_scope,,,No current manufacturer-aware exact match; excluded by source section or accessory boundary,high,esophagoscopy_or_diverticuloscopy,
1851,12016 N,"Optical Forceps, universal, for biopsy,",KARL STORZ,THORAX.pdf,Document p. 21;33;34 (PDF page 29;41;42),irrelevant_to_current_scope,,,No current manufacturer-aware exact match; excluded by source section or accessory boundary,high,esophagoscopy_or_diverticuloscopy,
1855,12016 K,"Optical Peanut Forceps, for large chunks of",KARL STORZ,THORAX.pdf,Document p. 21;33;34 (PDF page 29;41;42),irrelevant_to_current_scope,,,No current manufacturer-aware exact match; excluded by source section or accessory boundary,high,esophagoscopy_or_diverticuloscopy,
1860,40175 LT,"Palpation Probe and Knot Tier, distally angled sheath",KARL STORZ,THORAX.pdf,Document p. 9;171 (PDF page 17;179),irrelevant_to_current_scope,,,No current manufacturer-aware exact match; excluded by source section or accessory boundary,high,surgical_thoracoscopy_or_thoracic_surgery_not_medical_thoracoscopy,
1861,26175 T,"Palpation Probe, with cm-markings,",KARL STORZ,THORAX.pdf,Document p. 171 (PDF page 179),irrelevant_to_current_scope,,,No current manufacturer-aware exact match; excluded by source section or accessory boundary,high,surgical_thoracoscopy_or_thoracic_surgery_not_medical_thoracoscopy,
1862,9526 SF,"Pedestal 19"", 24"" and 26"" monitors",KARL STORZ,THORAX.pdf,Document p. 110 (PDF page 118),irrelevant_to_current_scope,,,No current manufacturer-aware exact match; excluded by source section or accessory boundary,high,generic_equipment_supply_or_out_of_scope_basic_set,
1863,121306 P,"Photo Battery, Lithium 3 V, CR 123 A",KARL STORZ,THORAX.pdf,Document p. 55 (PDF page 63),irrelevant_to_current_scope,,,No current manufacturer-aware exact match; excluded by source section or accessory boundary,high,generic_equipment_supply_or_out_of_scope_basic_set,
1864,9370 TP,"Photo Ink Jet Printer Paper, for use with",KARL STORZ,THORAX.pdf,Document p. 114 (PDF page 122),irrelevant_to_current_scope,,,No current manufacturer-aware exact match; excluded by source section or accessory boundary,high,generic_equipment_supply_or_out_of_scope_basic_set,
1866,28172 WS,"POINT SETTER, pneumatic holding system with OR table adaptor",KARL STORZ,THORAX.pdf,Document p. 224 (PDF page 232),irrelevant_to_current_scope,,,No current manufacturer-aware exact match; excluded by source section or accessory boundary,high,holding_system,
1867,40491 TKU,"Powder Blower, with rubber bulb, distally angled sheath,",KARL STORZ,THORAX.pdf,Document p. 165;SP6;SP26 (PDF page 173;268;288),irrelevant_to_current_scope,,,No current manufacturer-aware exact match; excluded by source section or accessory boundary,high,vats_powder_blower_no_talc_or_medical_thoracoscopy_linkage,
1868,40491 TK,"Powder Blower, with rubber bulb, straight sheath,",KARL STORZ,THORAX.pdf,Document p. 165;SP6;SP26 (PDF page 173;268;288),irrelevant_to_current_scope,,,No current manufacturer-aware exact match; excluded by source section or accessory boundary,high,vats_powder_blower_no_talc_or_medical_thoracoscopy_linkage,
1869,40492 TK,"Powder Blower, with rubber bulb, straight sheath,",KARL STORZ,THORAX.pdf,Document p. 165;SP6;SP26 (PDF page 173;268;288),irrelevant_to_current_scope,,,No current manufacturer-aware exact match; excluded by source section or accessory boundary,high,vats_powder_blower_no_talc_or_medical_thoracoscopy_linkage,
1870,9419 PS,Power Supply,KARL STORZ,THORAX.pdf,Document p. 110 (PDF page 118),irrelevant_to_current_scope,,,No current manufacturer-aware exact match; excluded by source section or accessory boundary,high,generic_equipment_supply_or_out_of_scope_basic_set,
1873,29005 PH,"Pump Holder, for attaching suction pump UNIMAT® 30",KARL STORZ,THORAX.pdf,Document p. 57;SP5;SP13;SP14 (PDF page 65;267;275;276),irrelevant_to_current_scope,,,No current manufacturer-aware exact match; excluded by source section or accessory boundary,high,generic_equipment_supply_or_out_of_scope_basic_set,
1875,49100 BR,"Retractor Frame, 25 x 22 cm, including 49100 VK/VM/VL",KARL STORZ,THORAX.pdf,Document p. SP2;SP6;SP36 (PDF page 264;268;298),irrelevant_to_current_scope,,,No current manufacturer-aware exact match; excluded by source section or accessory boundary,high,spare_index_or_spare_part_only,
1876,40600 B,"Retractor, distal end curved, with 3 teeth, length 27 cm",KARL STORZ,THORAX.pdf,Document p. 11;199 (PDF page 19;207),irrelevant_to_current_scope,,,No current manufacturer-aware exact match; excluded by source section or accessory boundary,high,surgical_thoracoscopy_or_thoracic_surgery_not_medical_thoracoscopy,
1877,40111 A,"Retractor, S-shaped,",KARL STORZ,THORAX.pdf,Document p. 199 (PDF page 207),irrelevant_to_current_scope,,,No current manufacturer-aware exact match; excluded by source section or accessory boundary,high,surgical_thoracoscopy_or_thoracic_surgery_not_medical_thoracoscopy,
1878,40600 A,"Retractor, S-shaped, with 3 teeth, length 27 cm",KARL STORZ,THORAX.pdf,Document p. 11;199 (PDF page 19;207),irrelevant_to_current_scope,,,No current manufacturer-aware exact match; excluded by source section or accessory boundary,high,surgical_thoracoscopy_or_thoracic_surgery_not_medical_thoracoscopy,
1880,12060 AX,"ROBERTS-JESBERG Esophagoscope,",KARL STORZ,THORAX.pdf,Document p. 18;34 (PDF page 26;42),irrelevant_to_current_scope,,,No current manufacturer-aware exact match; excluded by source section or accessory boundary,high,esophagoscopy_or_diverticuloscopy,
1881,12060 B,"ROBERTS-JESBERG Esophagoscope, oval, size 12 x 16, length 30 cm",KARL STORZ,THORAX.pdf,Document p. 2;18;34 (PDF page 10;26;42),irrelevant_to_current_scope,,,No current manufacturer-aware exact match; excluded by source section or accessory boundary,high,esophagoscopy_or_diverticuloscopy,
1882,12060 A,"ROBERTS-JESBERG Esophagoscope, oval, size 12 x 16, length 50 cm",KARL STORZ,THORAX.pdf,Document p. 2;18;21;34 (PDF page 10;26;29;42),irrelevant_to_current_scope,,,No current manufacturer-aware exact match; excluded by source section or accessory boundary,high,esophagoscopy_or_diverticuloscopy,
1883,12060 S,"ROBERTS-JESBERG Hypopharyngoscope, oval, size 10 x 14, length 20 cm",KARL STORZ,THORAX.pdf,Document p. 2;18;34 (PDF page 10;26;42),irrelevant_to_current_scope,,,No current manufacturer-aware exact match; excluded by source section or accessory boundary,high,esophagoscopy_or_diverticuloscopy,
1884,48210 LK,RoBi® Outer Sheath with KELLY Dissecting Forceps 163,KARL STORZ,THORAX.pdf,Document p. 163;SP6;SP31 (PDF page 171;268;293),irrelevant_to_current_scope,,,No current manufacturer-aware exact match; excluded by source section or accessory boundary,high,surgical_thoracoscopy_or_thoracic_surgery_not_medical_thoracoscopy,
1885,48210 LM,RoBi® Outer Sheath with Scissors 163,KARL STORZ,THORAX.pdf,Document p. 163;SP6;SP31 (PDF page 171;268;293),irrelevant_to_current_scope,,,No current manufacturer-aware exact match; excluded by source section or accessory boundary,high,surgical_thoracoscopy_or_thoracic_surgery_not_medical_thoracoscopy,
1886,48210 LU,RoBi® Outer Sheath with Scissors 163,KARL STORZ,THORAX.pdf,Document p. 163;SP6;SP31 (PDF page 171;268;293),irrelevant_to_current_scope,,,No current manufacturer-aware exact match; excluded by source section or accessory boundary,high,surgical_thoracoscopy_or_thoracic_surgery_not_medical_thoracoscopy,
1887,48210 MT,RoBi® Outer Sheath with Scissors 163,KARL STORZ,THORAX.pdf,Document p. 163;SP6;SP31 (PDF page 171;268;293),irrelevant_to_current_scope,,,No current manufacturer-aware exact match; excluded by source section or accessory boundary,high,surgical_thoracoscopy_or_thoracic_surgery_not_medical_thoracoscopy,
1888,40924 B,Rubber Bulb,KARL STORZ,THORAX.pdf,Document p. SP6;SP9;SP26 (PDF page 268;271;288),irrelevant_to_current_scope,,,No current manufacturer-aware exact match; excluded by source section or accessory boundary,high,spare_index_or_spare_part_only,
1891,40924 S,Rubber Tube,KARL STORZ,THORAX.pdf,Document p. SP6;SP9;SP26 (PDF page 268;271;288),irrelevant_to_current_scope,,,No current manufacturer-aware exact match; excluded by source section or accessory boundary,high,spare_index_or_spare_part_only,
1892,10382 AM,"Same, curved",KARL STORZ,THORAX.pdf,Document p. 30;31 (PDF page 38;39),irrelevant_to_current_scope,,,No current manufacturer-aware exact match; excluded by source section or accessory boundary,high,esophagoscopy_or_diverticuloscopy,
1893,10381 BL,"Same, diameter 2 mm",KARL STORZ,THORAX.pdf,Document p. 31 (PDF page 39),irrelevant_to_current_scope,,,No current manufacturer-aware exact match; excluded by source section or accessory boundary,high,esophagoscopy_or_diverticuloscopy,
1894,10366 KL,"Same, for peanuts and soft foreign bodies",KARL STORZ,THORAX.pdf,Document p. 26 (PDF page 34),irrelevant_to_current_scope,,,No current manufacturer-aware exact match; excluded by source section or accessory boundary,high,esophagoscopy_or_diverticuloscopy,
1895,10370 KL,"Same, for peanuts and soft foreign bodies",KARL STORZ,THORAX.pdf,Document p. 27 (PDF page 35),irrelevant_to_current_scope,,,No current manufacturer-aware exact match; excluded by source section or accessory boundary,high,esophagoscopy_or_diverticuloscopy,
1896,12061 AU,"Same, for use with esophagoscopes,",KARL STORZ,THORAX.pdf,Document p. 19 (PDF page 27),irrelevant_to_current_scope,,,No current manufacturer-aware exact match; excluded by source section or accessory boundary,high,esophagoscopy_or_diverticuloscopy,
1897,12061 AV,"Same, for use with esophagoscopes,",KARL STORZ,THORAX.pdf,Document p. 19 (PDF page 27),irrelevant_to_current_scope,,,No current manufacturer-aware exact match; excluded by source section or accessory boundary,high,esophagoscopy_or_diverticuloscopy,
1898,12062 AX,"Same, for use with esophagoscopes,",KARL STORZ,THORAX.pdf,Document p. 19 (PDF page 27),irrelevant_to_current_scope,,,No current manufacturer-aware exact match; excluded by source section or accessory boundary,high,esophagoscopy_or_diverticuloscopy,
1899,12062 B,"Same, for use with esophagoscopes,",KARL STORZ,THORAX.pdf,Document p. 19 (PDF page 27),irrelevant_to_current_scope,,,No current manufacturer-aware exact match; excluded by source section or accessory boundary,high,esophagoscopy_or_diverticuloscopy,
1900,26173 KAL,"Same, jaws curved to left",KARL STORZ,THORAX.pdf,Document p. 176 (PDF page 184),irrelevant_to_current_scope,,,No current manufacturer-aware exact match; excluded by source section or accessory boundary,high,surgical_thoracoscopy_or_thoracic_surgery_not_medical_thoracoscopy,
1901,12067 NR,"Same, jaws curved to right",KARL STORZ,THORAX.pdf,Document p. 38;131 (PDF page 46;139),irrelevant_to_current_scope,,,No current manufacturer-aware exact match; excluded by source section or accessory boundary,high,esophagoscopy_or_diverticuloscopy,
1902,26120 JL,"Same, length 13 cm",KARL STORZ,THORAX.pdf,Document p. U6 (PDF page 240),irrelevant_to_current_scope,,,No current manufacturer-aware exact match; excluded by source section or accessory boundary,high,general_surgery_platform_cable_or_accessory,
1903,10970 GOL,"Same, length 30 cm",KARL STORZ,THORAX.pdf,Document p. 128 (PDF page 136),irrelevant_to_current_scope,,,No current manufacturer-aware exact match; excluded by source section or accessory boundary,high,mediastinoscopy,
1904,10970 GPL,"Same, length 30 cm",KARL STORZ,THORAX.pdf,Document p. 128 (PDF page 136),irrelevant_to_current_scope,,,No current manufacturer-aware exact match; excluded by source section or accessory boundary,high,mediastinoscopy,
1905,10970 GRL,"Same, length 30 cm",KARL STORZ,THORAX.pdf,Document p. 128 (PDF page 136),irrelevant_to_current_scope,,,No current manufacturer-aware exact match; excluded by source section or accessory boundary,high,mediastinoscopy,
1906,10970 ML,"Same, length 30 cm",KARL STORZ,THORAX.pdf,Document p. 127 (PDF page 135),irrelevant_to_current_scope,,,No current manufacturer-aware exact match; excluded by source section or accessory boundary,high,mediastinoscopy,
1907,26120 JK,"Same, length 7 cm",KARL STORZ,THORAX.pdf,Document p. U6 (PDF page 240),irrelevant_to_current_scope,,,No current manufacturer-aware exact match; excluded by source section or accessory boundary,high,general_surgery_platform_cable_or_accessory,
1909,10370 JL,"Same, pointed, serrated, for coins and flat foreign bodies",KARL STORZ,THORAX.pdf,Document p. 27 (PDF page 35),irrelevant_to_current_scope,,,No current manufacturer-aware exact match; excluded by source section or accessory boundary,high,esophagoscopy_or_diverticuloscopy,
1910,26173 KAR,"Same, ratchet position left,",KARL STORZ,THORAX.pdf,Document p. 176 (PDF page 184),irrelevant_to_current_scope,,,No current manufacturer-aware exact match; excluded by source section or accessory boundary,high,surgical_thoracoscopy_or_thoracic_surgery_not_medical_thoracoscopy,
1911,10366 LL,"Same, spoon-shaped, round, for biopsy",KARL STORZ,THORAX.pdf,Document p. 26 (PDF page 34),irrelevant_to_current_scope,,,No current manufacturer-aware exact match; excluded by source section or accessory boundary,high,esophagoscopy_or_diverticuloscopy,
1912,10370 LL,"Same, spoon-shaped, round, for biopsy",KARL STORZ,THORAX.pdf,Document p. 27 (PDF page 35),irrelevant_to_current_scope,,,No current manufacturer-aware exact match; excluded by source section or accessory boundary,high,esophagoscopy_or_diverticuloscopy,
1913,10366 UL,"Same, universal, for biopsy and foreign bodies",KARL STORZ,THORAX.pdf,Document p. 26 (PDF page 34),irrelevant_to_current_scope,,,No current manufacturer-aware exact match; excluded by source section or accessory boundary,high,esophagoscopy_or_diverticuloscopy,
1914,10383 AL,"Same, with cut-off hole",KARL STORZ,THORAX.pdf,Document p. 30;31 (PDF page 38;39),irrelevant_to_current_scope,,,No current manufacturer-aware exact match; excluded by source section or accessory boundary,high,esophagoscopy_or_diverticuloscopy,
1915,49100 B,SCHÖLLHORN Standard Retractor 189,KARL STORZ,THORAX.pdf,Document p. 189;SP2;SP6;SP36 (PDF page 197;264;268;298),irrelevant_to_current_scope,,,No current manufacturer-aware exact match; excluded by source section or accessory boundary,high,surgical_thoracoscopy_or_thoracic_surgery_not_medical_thoracoscopy,
1916,10366 SL,"Scissors, straight, for trituration of bone",KARL STORZ,THORAX.pdf,Document p. 26 (PDF page 34),irrelevant_to_current_scope,,,No current manufacturer-aware exact match; excluded by source section or accessory boundary,high,esophagoscopy_or_diverticuloscopy,
1917,12016 EW,"Sealing Cap, with window and",KARL STORZ,THORAX.pdf,Document p. 20;SP4;SP19 (PDF page 28;266;281),irrelevant_to_current_scope,,,No current manufacturer-aware exact match; excluded by source section or accessory boundary,high,esophagoscopy_or_diverticuloscopy,
1918,12016 C,"Sheath Insert, with working channel and",KARL STORZ,THORAX.pdf,Document p. 20 (PDF page 28),irrelevant_to_current_scope,,,No current manufacturer-aware exact match; excluded by source section or accessory boundary,high,esophagoscopy_or_diverticuloscopy,
1919,10970 PS,"Silicone Tubing, with LUER-Lock adaptor, for connecting Aspiration Cannula 10970 P/PL",KARL STORZ,THORAX.pdf,Document p. 7;130 (PDF page 15;138),irrelevant_to_current_scope,,,No current manufacturer-aware exact match; excluded by source section or accessory boundary,high,mediastinoscopy,
1920,40600 C,"Sling Passer, length 25 cm",KARL STORZ,THORAX.pdf,Document p. 11;203 (PDF page 19;211),irrelevant_to_current_scope,,,No current manufacturer-aware exact match; excluded by source section or accessory boundary,high,surgical_thoracoscopy_or_thoracic_surgery_not_medical_thoracoscopy,
1921,28172 HG,"Socket, to clamp to the OR table",KARL STORZ,THORAX.pdf,Document p. SP5;SP39 (PDF page 267;301),irrelevant_to_current_scope,,,No current manufacturer-aware exact match; excluded by source section or accessory boundary,high,spare_index_or_spare_part_only,
1933,12016 FF,SP 15 20330301-1 SP 41 26046 FA SP 3,KARL STORZ,THORAX.pdf,Document p. SP5;SP19 (PDF page 267;281),irrelevant_to_current_scope,,,No current manufacturer-aware exact match; excluded by source section or accessory boundary,high,spare_index_or_spare_part_only,
1934,12016 FM,SP 15 20330320-1 SP 41 26072 BA SP 3,KARL STORZ,THORAX.pdf,Document p. SP5;SP19 (PDF page 267;281),irrelevant_to_current_scope,,,No current manufacturer-aware exact match; excluded by source section or accessory boundary,high,spare_index_or_spare_part_only,
1935,12030 AL,SP 16 20330341 SP 41 26072 TK SP 22,KARL STORZ,THORAX.pdf,Document p. SP5;SP20 (PDF page 267;282),irrelevant_to_current_scope,,,No current manufacturer-aware exact match; excluded by source section or accessory boundary,high,spare_index_or_spare_part_only,
1936,12030 C,"SP 16 20330393 SP 41 26173 BT SP 23, SP 26",KARL STORZ,THORAX.pdf,Document p. 3;22;35;SP5;SP20 (PDF page 11;30;43;267;282),irrelevant_to_current_scope,,,No current manufacturer-aware exact match; excluded by source section or accessory boundary,high,esophagoscopy_or_diverticuloscopy,
1937,12030 F,SP 16 20400021 SP 37 26173 KC SP 26,KARL STORZ,THORAX.pdf,Document p. 22;24;35;SP5;SP20 (PDF page 30;32;43;267;282),irrelevant_to_current_scope,,,No current manufacturer-aware exact match; excluded by source section or accessory boundary,high,esophagoscopy_or_diverticuloscopy,
1938,12061 AX,SP 18 20400028 SP 37 26310087 SP 44,KARL STORZ,THORAX.pdf,Document p. 19;SP5;SP22 (PDF page 27;267;284),irrelevant_to_current_scope,,,No current manufacturer-aware exact match; excluded by source section or accessory boundary,high,esophagoscopy_or_diverticuloscopy,
1939,12061 F,SP 18 20400143 SP 37 26331020-1 SP 38,KARL STORZ,THORAX.pdf,Document p. SP5;SP22 (PDF page 267;284),irrelevant_to_current_scope,,,No current manufacturer-aware exact match; excluded by source section or accessory boundary,high,spare_index_or_spare_part_only,
1940,12061 G,SP 18 20520501 SP 47 26430508-1 SP 37,KARL STORZ,THORAX.pdf,Document p. SP5;SP22 (PDF page 267;284),irrelevant_to_current_scope,,,No current manufacturer-aware exact match; excluded by source section or accessory boundary,high,spare_index_or_spare_part_only,
1941,12061 H,SP 18 20520520 SP 47 26430520-1 SP 37,KARL STORZ,THORAX.pdf,Document p. SP5;SP22 (PDF page 267;284),irrelevant_to_current_scope,,,No current manufacturer-aware exact match; excluded by source section or accessory boundary,high,spare_index_or_spare_part_only,
1942,12061 K,SP 18 20522501 SP 45 26520031 SP 48,KARL STORZ,THORAX.pdf,Document p. SP5;SP22 (PDF page 267;284),irrelevant_to_current_scope,,,No current manufacturer-aware exact match; excluded by source section or accessory boundary,high,spare_index_or_spare_part_only,
1943,30526 Q,SP 18 40493 T SP 22 5910910 SP 23,KARL STORZ,THORAX.pdf,Document p. SP6;SP22 (PDF page 268;284),irrelevant_to_current_scope,,,No current manufacturer-aware exact match; excluded by source section or accessory boundary,high,spare_index_or_spare_part_only,
1944,40491 T,SP 22 536 MK SP 7,KARL STORZ,THORAX.pdf,Document p. SP6;SP26 (PDF page 268;288),irrelevant_to_current_scope,,,No current manufacturer-aware exact match; excluded by source section or accessory boundary,high,spare_index_or_spare_part_only,
1945,37260 LH,"SP 23 43210 LU SP 27 6377091 SP 4, SP 15, SP 22",KARL STORZ,THORAX.pdf,Document p. 166;167;200;201;U9;U11;U13;SP6;SP27 (PDF page 174;175;208;209;243;245;247;268;289),irrelevant_to_current_scope,,,No current manufacturer-aware exact match; excluded by source section or accessory boundary,high,surgical_thoracoscopy_or_thoracic_surgery_not_medical_thoracoscopy,
1946,37270 DL,"SP 24 43210 MA SP 27 6860290 SP 9, SP 10",KARL STORZ,THORAX.pdf,Document p. SP6;SP28 (PDF page 268;290),irrelevant_to_current_scope,,,No current manufacturer-aware exact match; excluded by source section or accessory boundary,high,spare_index_or_spare_part_only,
1947,32340 PT,"SP 25 40924 B SP 5, SP 22 6127490 SP 4, SP 11, SP 12",KARL STORZ,THORAX.pdf,Document p. 170;SP6;SP29 (PDF page 178;268;291),irrelevant_to_current_scope,,,No current manufacturer-aware exact match; excluded by source section or accessory boundary,high,surgical_thoracoscopy_or_thoracic_surgery_not_medical_thoracoscopy,
1948,32540 PT,"SP 25 43210 DU SP 27 SP 12, SP 29, SP 30",KARL STORZ,THORAX.pdf,Document p. 170;SP6;SP29 (PDF page 178;268;291),irrelevant_to_current_scope,,,No current manufacturer-aware exact match; excluded by source section or accessory boundary,high,surgical_thoracoscopy_or_thoracic_surgery_not_medical_thoracoscopy,
1949,33510 PT,"SP 25 43210 LR SP 27 6353591 SP 23, SP 26",KARL STORZ,THORAX.pdf,Document p. SP6;SP29 (PDF page 268;291),irrelevant_to_current_scope,,,No current manufacturer-aware exact match; excluded by source section or accessory boundary,high,spare_index_or_spare_part_only,
1954,40160 E,"SP 30 495 G SP 2, SP 3, SP 4, SP 8, 8575 KB SP 5",KARL STORZ,THORAX.pdf,Document p. SP6;SP34 (PDF page 268;296),irrelevant_to_current_scope,,,No current manufacturer-aware exact match; excluded by source section or accessory boundary,high,spare_index_or_spare_part_only,
1955,40103 A,SP 30 7322990 SP 15,KARL STORZ,THORAX.pdf,Document p. 146;193;SP6;SP34 (PDF page 154;201;268;296),irrelevant_to_current_scope,,,No current manufacturer-aware exact match; excluded by source section or accessory boundary,high,surgical_thoracoscopy_or_thoracic_surgery_not_medical_thoracoscopy,
1956,40103 C,SP 30 7416090 SP 30,KARL STORZ,THORAX.pdf,Document p. 146;193;SP6;SP34 (PDF page 154;201;268;296),irrelevant_to_current_scope,,,No current manufacturer-aware exact match; excluded by source section or accessory boundary,high,surgical_thoracoscopy_or_thoracic_surgery_not_medical_thoracoscopy,
1957,40103 CL,SP 30 7616690 SP 31,KARL STORZ,THORAX.pdf,Document p. SP6;SP34 (PDF page 268;296),irrelevant_to_current_scope,,,No current manufacturer-aware exact match; excluded by source section or accessory boundary,high,spare_index_or_spare_part_only,
1958,40103 EL,"SP 30 7720590 SP 4, SP 29",KARL STORZ,THORAX.pdf,Document p. 148;SP6;SP34 (PDF page 156;268;296),irrelevant_to_current_scope,,,No current manufacturer-aware exact match; excluded by source section or accessory boundary,high,surgical_thoracoscopy_or_thoracic_surgery_not_medical_thoracoscopy,
1959,40103 F,"SP 30 7909890 SP 18, SP 28",KARL STORZ,THORAX.pdf,Document p. SP6;SP34 (PDF page 268;296),irrelevant_to_current_scope,,,No current manufacturer-aware exact match; excluded by source section or accessory boundary,high,spare_index_or_spare_part_only,
1960,40107 A,"SP 30 7944790 SP 18, SP 28",KARL STORZ,THORAX.pdf,Document p. 146;SP6;SP34 (PDF page 154;268;296),irrelevant_to_current_scope,,,No current manufacturer-aware exact match; excluded by source section or accessory boundary,high,surgical_thoracoscopy_or_thoracic_surgery_not_medical_thoracoscopy,
1961,40107 C,SP 30 812410 SP 21,KARL STORZ,THORAX.pdf,Document p. 146;SP6;SP34 (PDF page 154;268;296),irrelevant_to_current_scope,,,No current manufacturer-aware exact match; excluded by source section or accessory boundary,high,surgical_thoracoscopy_or_thoracic_surgery_not_medical_thoracoscopy,
1962,40108 A,SP 30 8458190 SP 29,KARL STORZ,THORAX.pdf,Document p. SP6;SP34 (PDF page 268;296),irrelevant_to_current_scope,,,No current manufacturer-aware exact match; excluded by source section or accessory boundary,high,spare_index_or_spare_part_only,
1963,40108 C,SP 30 8575 AA SP 3,KARL STORZ,THORAX.pdf,Document p. SP6;SP34 (PDF page 268;296),irrelevant_to_current_scope,,,No current manufacturer-aware exact match; excluded by source section or accessory boundary,high,spare_index_or_spare_part_only,
1964,40160 A,SP 30 8575 K SP 5,KARL STORZ,THORAX.pdf,Document p. 146;SP6;SP34 (PDF page 154;268;296),irrelevant_to_current_scope,,,No current manufacturer-aware exact match; excluded by source section or accessory boundary,high,surgical_thoracoscopy_or_thoracic_surgery_not_medical_thoracoscopy,
1965,40160 C,"SP 30 SP 11, SP 15, SP 18, SP 32 8575 KA SP 5",KARL STORZ,THORAX.pdf,Document p. 146;SP6;SP34 (PDF page 154;268;296),irrelevant_to_current_scope,,,No current manufacturer-aware exact match; excluded by source section or accessory boundary,high,surgical_thoracoscopy_or_thoracic_surgery_not_medical_thoracoscopy,
1966,13242 XA,SP 6 20522520 SP 45 26520035 SP 48,KARL STORZ,THORAX.pdf,Document p. SP5;SP10 (PDF page 267;272),irrelevant_to_current_scope,,,No current manufacturer-aware exact match; excluded by source section or accessory boundary,high,spare_index_or_spare_part_only,
1967,13990 SFN,SP 6 20522520-010 SP 46 26520037 SP 48,KARL STORZ,THORAX.pdf,Document p. 42;43;51;94;SP5;SP10 (PDF page 50;51;59;102;267;272),irrelevant_to_current_scope,,,No current manufacturer-aware exact match; excluded by source section or accessory boundary,high,generic_equipment_supply_or_out_of_scope_basic_set,
1969,10970 K,"Sponge and Dissecting Forceps,",KARL STORZ,THORAX.pdf,Document p. 127 (PDF page 135),irrelevant_to_current_scope,,,No current manufacturer-aware exact match; excluded by source section or accessory boundary,high,mediastinoscopy,
1970,10970 KR,"Sponge and Dissecting Forceps,",KARL STORZ,THORAX.pdf,Document p. 127 (PDF page 135),irrelevant_to_current_scope,,,No current manufacturer-aware exact match; excluded by source section or accessory boundary,high,mediastinoscopy,
1972,33310 PT,Sponge Holder Insert 33310 PT 32340,KARL STORZ,THORAX.pdf,Document p. SP6;SP29 (PDF page 268;291),irrelevant_to_current_scope,,,No current manufacturer-aware exact match; excluded by source section or accessory boundary,high,spare_index_or_spare_part_only,
1973,10387 AL,"Sponge Holder, with spring handle, working length 55 cm",KARL STORZ,THORAX.pdf,Document p. 2;30;31;SP4;SP24 (PDF page 10;38;39;266;286),irrelevant_to_current_scope,,,No current manufacturer-aware exact match; excluded by source section or accessory boundary,high,esophagoscopy_or_diverticuloscopy,
1974,28272 ECW,Spring Balance,KARL STORZ,THORAX.pdf,Document p. SP5;SP39 (PDF page 267;301),irrelevant_to_current_scope,,,No current manufacturer-aware exact match; excluded by source section or accessory boundary,high,spare_index_or_spare_part_only,
1975,37113 A,"Suction and Irrigation Handle, pistol",KARL STORZ,THORAX.pdf,Document p. 167;201;U16 (PDF page 175;209;250),irrelevant_to_current_scope,,,No current manufacturer-aware exact match; excluded by source section or accessory boundary,high,surgical_thoracoscopy_or_thoracic_surgery_not_medical_thoracoscopy,
1976,37112 A,"Suction and Irrigation Handle, straight,",KARL STORZ,THORAX.pdf,Document p. 167;201;U16 (PDF page 175;209;250),irrelevant_to_current_scope,,,No current manufacturer-aware exact match; excluded by source section or accessory boundary,high,surgical_thoracoscopy_or_thoracic_surgery_not_medical_thoracoscopy,
1977,40800 AA,Suction and Irrigation Tube,KARL STORZ,THORAX.pdf,Document p. SP6;SP27 (PDF page 268;289),irrelevant_to_current_scope,,,No current manufacturer-aware exact match; excluded by source section or accessory boundary,high,spare_index_or_spare_part_only,
1978,40560 LH,"Suction and Irrigation Tube, with lateral holes, distally angled sheath, size 10 mm,",KARL STORZ,THORAX.pdf,Document p. 9;166;167;200;201;SP6;SP27 (PDF page 17;174;175;208;209;268;289),irrelevant_to_current_scope,,,No current manufacturer-aware exact match; excluded by source section or accessory boundary,high,surgical_thoracoscopy_or_thoracic_surgery_not_medical_thoracoscopy,
1979,40360 LH,"Suction and Irrigation Tube, with lateral holes, distally angled sheath, size 5 mm,",KARL STORZ,THORAX.pdf,Document p. 9;11;166;167;200;201;SP6;SP27 (PDF page 17;19;174;175;208;209;268;289),irrelevant_to_current_scope,,,No current manufacturer-aware exact match; excluded by source section or accessory boundary,high,surgical_thoracoscopy_or_thoracic_surgery_not_medical_thoracoscopy,
1982,40800 A,Suction Tube,KARL STORZ,THORAX.pdf,Document p. SP6;SP27 (PDF page 268;289),irrelevant_to_current_scope,,,No current manufacturer-aware exact match; excluded by source section or accessory boundary,high,spare_index_or_spare_part_only,
1983,10380 AL,"Suction Tube, diameter 4 mm",KARL STORZ,THORAX.pdf,Document p. 31 (PDF page 39),irrelevant_to_current_scope,,,No current manufacturer-aware exact match; excluded by source section or accessory boundary,high,esophagoscopy_or_diverticuloscopy,
1984,10380 AM,"Suction Tube, diameter 4 mm",KARL STORZ,THORAX.pdf,Document p. 31 (PDF page 39),irrelevant_to_current_scope,,,No current manufacturer-aware exact match; excluded by source section or accessory boundary,high,esophagoscopy_or_diverticuloscopy,
1985,10380 AX,"Suction Tube, diameter 4 mm",KARL STORZ,THORAX.pdf,Document p. 31 (PDF page 39),irrelevant_to_current_scope,,,No current manufacturer-aware exact match; excluded by source section or accessory boundary,high,esophagoscopy_or_diverticuloscopy,
1986,12067 M,"Suction Tube, to remove vapor, flat, size 6 x 3 mm",KARL STORZ,THORAX.pdf,Document p. 36;37 (PDF page 44;45),irrelevant_to_current_scope,,,No current manufacturer-aware exact match; excluded by source section or accessory boundary,high,esophagoscopy_or_diverticuloscopy,
1987,8590 ML,"Suction Tube, to remove vapor, for LASER treatment,",KARL STORZ,THORAX.pdf,Document p. 36 (PDF page 44),irrelevant_to_current_scope,,,No current manufacturer-aware exact match; excluded by source section or accessory boundary,high,esophagoscopy_or_diverticuloscopy,
1988,10383 AM,"Suction Tube, with cut-off hole, diameter 3 mm",KARL STORZ,THORAX.pdf,Document p. 31 (PDF page 39),irrelevant_to_current_scope,,,No current manufacturer-aware exact match; excluded by source section or accessory boundary,high,esophagoscopy_or_diverticuloscopy,
1989,10381 AM,"Suction Tube, with rubber tip, straight, diameter 4 mm",KARL STORZ,THORAX.pdf,Document p. 31 (PDF page 39),irrelevant_to_current_scope,,,No current manufacturer-aware exact match; excluded by source section or accessory boundary,high,esophagoscopy_or_diverticuloscopy,
1990,10381 AL,"Suction Tube, with rubber tip, straight, diameter 4 mm, working length 55 cm",KARL STORZ,THORAX.pdf,Document p. 2;30;31;SP4;SP23 (PDF page 10;38;39;266;285),irrelevant_to_current_scope,,,No current manufacturer-aware exact match; excluded by source section or accessory boundary,high,esophagoscopy_or_diverticuloscopy,
1995,8575 KB,"Support Rod, movable, with metal ring,",KARL STORZ,THORAX.pdf,Document p. SP6;SP9 (PDF page 268;271),irrelevant_to_current_scope,,,No current manufacturer-aware exact match; excluded by source section or accessory boundary,high,spare_index_or_spare_part_only,
1996,12067 A,"Support Rod, movable, with metal ring, diameter 9 cm,",KARL STORZ,THORAX.pdf,Document p. 36 (PDF page 44),irrelevant_to_current_scope,,,No current manufacturer-aware exact match; excluded by source section or accessory boundary,high,esophagoscopy_or_diverticuloscopy,
1997,12067 B,"Support Rod, movable, with metal ring, diameter 9 cm,",KARL STORZ,THORAX.pdf,Document p. 37 (PDF page 45),irrelevant_to_current_scope,,,No current manufacturer-aware exact match; excluded by source section or accessory boundary,high,esophagoscopy_or_diverticuloscopy,
2001,12016 X,"Telescope Guide, for use with 50 cm",KARL STORZ,THORAX.pdf,Document p. 21;34 (PDF page 29;42),irrelevant_to_current_scope,,,No current manufacturer-aware exact match; excluded by source section or accessory boundary,high,esophagoscopy_or_diverticuloscopy,
2002,29005 AK,Tray 20020050,KARL STORZ,THORAX.pdf,Document p. SP5;SP40 (PDF page 267;302),irrelevant_to_current_scope,,,No current manufacturer-aware exact match; excluded by source section or accessory boundary,high,spare_index_or_spare_part_only,
2004,40103 AB,"Trocar, with blunt tip, size 11 mm, working length 4 cm",KARL STORZ,THORAX.pdf,Document p. 11;146;193 (PDF page 19;154;201),irrelevant_to_current_scope,,,No current manufacturer-aware exact match; excluded by source section or accessory boundary,high,surgical_thoracoscopy_or_thoracic_surgery_not_medical_thoracoscopy,
2005,40103 CD,"Trocar, with blunt tip, size 11 mm, working length 6 cm",KARL STORZ,THORAX.pdf,Document p. 11;146;193 (PDF page 19;154;201),irrelevant_to_current_scope,,,No current manufacturer-aware exact match; excluded by source section or accessory boundary,high,surgical_thoracoscopy_or_thoracic_surgery_not_medical_thoracoscopy,
2006,40160 CD,"Trocar, with blunt tip, size 6 mm, working length 6 cm",KARL STORZ,THORAX.pdf,Document p. 9;146 (PDF page 17;154),irrelevant_to_current_scope,,,No current manufacturer-aware exact match; excluded by source section or accessory boundary,high,surgical_thoracoscopy_or_thoracic_surgery_not_medical_thoracoscopy,
2007,40500 A,Tubular Dissecting Scissors 198,KARL STORZ,THORAX.pdf,Document p. 198;SP6;SP36 (PDF page 206;268;298),irrelevant_to_current_scope,,,No current manufacturer-aware exact match; excluded by source section or accessory boundary,high,surgical_thoracoscopy_or_thoracic_surgery_not_medical_thoracoscopy,
2008,26002 M,"Unipolar High Frequency Cord, with 4 mm plug",KARL STORZ,THORAX.pdf,Document p. U28 (PDF page 262),irrelevant_to_current_scope,,,No current manufacturer-aware exact match; excluded by source section or accessory boundary,high,general_surgery_platform_cable_or_accessory,
2009,26004 M,"Unipolar High Frequency Cord, with 4 mm plug",KARL STORZ,THORAX.pdf,Document p. U28 (PDF page 262),irrelevant_to_current_scope,,,No current manufacturer-aware exact match; excluded by source section or accessory boundary,high,general_surgery_platform_cable_or_accessory,
2010,26005 M,"Unipolar High Frequency Cord, with 5 mm plug",KARL STORZ,THORAX.pdf,Document p. 12;U23;U25;U28 (PDF page 20;257;259;262),irrelevant_to_current_scope,,,No current manufacturer-aware exact match; excluded by source section or accessory boundary,high,general_surgery_platform_cable_or_accessory,
2011,26006 M,"Unipolar High Frequency Cord, with 8 mm plug for",KARL STORZ,THORAX.pdf,Document p. U28 (PDF page 262),irrelevant_to_current_scope,,,No current manufacturer-aware exact match; excluded by source section or accessory boundary,high,general_surgery_platform_cable_or_accessory,
2012,49100 LB,"Universal Fixation Device, for",KARL STORZ,THORAX.pdf,Document p. SP2;SP6;SP36 (PDF page 264;268;298),irrelevant_to_current_scope,,,No current manufacturer-aware exact match; excluded by source section or accessory boundary,high,spare_index_or_spare_part_only,
