review_batch_id,review_batch_manufacturer,review_batch_product_count,input_row_numbers,product_id,manufacturer_id,manufacturer,catalog_number,product_name,brand_family,primary_category,subcategory,product_kind,role_code,verification_grade,visibility_state,evidence,strongest_duplicate_candidates,duplicate_rejection
B01-bd,BD,3,1221,PRD-559ABA4333,MFR-E3F284CAE2,BD,50-7280A,PleurX Catheter Access Kit,,Pleural procedures,IPC management accessory,,IPC_MANAGEMENT_ACCESSORY,verified_source,hidden,SRC082: Document p. 2/4 (PDF page 2),Existing PleurX 50-7290A procedure pack and 50-7500B drainage kit differ in contents and exact SKU,No same-manufacturer exact catalog-number match; related products are distinct orderable configurations.
B01-bd,BD,3,1223,PRD-26B3901F8D,MFR-E3F284CAE2,BD,50-7245A,PleurX Lockable Drainage Line,,Pleural procedures,IPC management accessory,,IPC_MANAGEMENT_ACCESSORY,verified_source,hidden,SRC082: Document p. 2/4 (PDF page 2),Existing PleurX 50-7290A procedure pack and 50-7500B drainage kit differ in contents and exact SKU,No same-manufacturer exact catalog-number match; related products are distinct orderable configurations.
B01-bd,BD,3,1224,PRD-9026C9E403,MFR-E3F284CAE2,BD,50-7265A,PleurX Lockable Drainage Line Kit,,Pleural procedures,IPC management accessory,,IPC_MANAGEMENT_ACCESSORY,verified_source,hidden,SRC082: Document p. 2/4 (PDF page 2),Existing PleurX 50-7290A procedure pack and 50-7500B drainage kit differ in contents and exact SKU,No same-manufacturer exact catalog-number match; related products are distinct orderable configurations.
B02-cardinal-health,Cardinal Health,21,651,PRD-2B0E9C0AA9,MFR-90D85DB52E,Cardinal Health,888570507K,"Argyle PVC Thoracic Catheter — Straight, 12 Fr × 20 in",,Pleural procedures,Surgical chest tube,,CHEST_TUBE_SURGICAL,verified_source,hidden,SRC075: PDF p. 3,Closest Argyle family products use other Fr sizes/orientations; normalized long-form candidate 8888570507 is absent,No same-manufacturer exact catalog-number match; related products are distinct orderable configurations.
B02-cardinal-health,Cardinal Health,21,658,PRD-5930BC6020,MFR-90D85DB52E,Cardinal Health,888571018K,"Argyle PVC Thoracic Catheter — Right-angle, 16 Fr × 20 in",,Pleural procedures,Surgical chest tube,,CHEST_TUBE_SURGICAL,verified_source,hidden,SRC075: PDF p. 3,Closest Argyle family products use other Fr sizes/orientations; normalized long-form candidate 8888571018 is absent,No same-manufacturer exact catalog-number match; related products are distinct orderable configurations.
B02-cardinal-health,Cardinal Health,21,659,PRD-BB0E29F07F,MFR-90D85DB52E,Cardinal Health,888571026K,"Argyle PVC Thoracic Catheter — Right-angle, 20 Fr × 20 in",,Pleural procedures,Surgical chest tube,,CHEST_TUBE_SURGICAL,verified_source,hidden,SRC075: PDF p. 3,Closest Argyle family products use other Fr sizes/orientations; normalized long-form candidate 8888571026 is absent,No same-manufacturer exact catalog-number match; related products are distinct orderable configurations.
B02-cardinal-health,Cardinal Health,21,660,PRD-C93C97F54C,MFR-90D85DB52E,Cardinal Health,888571034K,"Argyle PVC Thoracic Catheter — Right-angle, 24 Fr × 20 in",,Pleural procedures,Surgical chest tube,,CHEST_TUBE_SURGICAL,verified_source,hidden,SRC075: PDF p. 3,Closest Argyle family products use other Fr sizes/orientations; normalized long-form candidate 8888571034 is absent,No same-manufacturer exact catalog-number match; related products are distinct orderable configurations.
B02-cardinal-health,Cardinal Health,21,662,PRD-9F36AD4CFE,MFR-90D85DB52E,Cardinal Health,888571059K,"Argyle PVC Thoracic Catheter — Right-angle, 32 Fr × 20 in",,Pleural procedures,Surgical chest tube,,CHEST_TUBE_SURGICAL,verified_source,hidden,SRC075: PDF p. 3,Closest Argyle family products use other Fr sizes/orientations; normalized long-form candidate 8888571059 is absent,No same-manufacturer exact catalog-number match; related products are distinct orderable configurations.
B02-cardinal-health,Cardinal Health,21,663,PRD-82374FBBE1,MFR-90D85DB52E,Cardinal Health,888571067K,"Argyle PVC Thoracic Catheter — Right-angle, 36 Fr × 20 in",,Pleural procedures,Surgical chest tube,,CHEST_TUBE_SURGICAL,verified_source,hidden,SRC075: PDF p. 3,Closest Argyle family products use other Fr sizes/orientations; normalized long-form candidate 8888571067 is absent,No same-manufacturer exact catalog-number match; related products are distinct orderable configurations.
B02-cardinal-health,Cardinal Health,21,664,PRD-C31B1B8423,MFR-90D85DB52E,Cardinal Health,888571075K,"Argyle PVC Thoracic Catheter — Right-angle, 40 Fr × 20 in",,Pleural procedures,Surgical chest tube,,CHEST_TUBE_SURGICAL,verified_source,hidden,SRC075: PDF p. 3,Closest Argyle family products use other Fr sizes/orientations; normalized long-form candidate 8888571075 is absent,No same-manufacturer exact catalog-number match; related products are distinct orderable configurations.
B02-cardinal-health,Cardinal Health,21,668,PRD-A201D9E5BE,MFR-90D85DB52E,Cardinal Health,8888572545,"Argyle Silicone Thoracic Catheter — Straight, 24 Fr × 20 in",,Pleural procedures,Surgical chest tube,,CHEST_TUBE_SURGICAL,verified_source,hidden,SRC075: PDF p. 4,Closest Argyle family products use other Fr sizes/orientations; normalized long-form candidate 8888572545 is absent,No same-manufacturer exact catalog-number match; related products are distinct orderable configurations.
B02-cardinal-health,Cardinal Health,21,669,PRD-F86A126431,MFR-90D85DB52E,Cardinal Health,8888572552,"Argyle Silicone Thoracic Catheter — Straight, 28 Fr × 20 in",,Pleural procedures,Surgical chest tube,,CHEST_TUBE_SURGICAL,verified_source,hidden,SRC075: PDF p. 4,Closest Argyle family products use other Fr sizes/orientations; normalized long-form candidate 8888572552 is absent,No same-manufacturer exact catalog-number match; related products are distinct orderable configurations.
B02-cardinal-health,Cardinal Health,21,670,PRD-7C9E0734EE,MFR-90D85DB52E,Cardinal Health,8888572560,"Argyle Silicone Thoracic Catheter — Straight, 32 Fr × 20 in",,Pleural procedures,Surgical chest tube,,CHEST_TUBE_SURGICAL,verified_source,hidden,SRC075: PDF p. 4,Closest Argyle family products use other Fr sizes/orientations; normalized long-form candidate 8888572560 is absent,No same-manufacturer exact catalog-number match; related products are distinct orderable configurations.
B02-cardinal-health,Cardinal Health,21,671,PRD-1FB9854943,MFR-90D85DB52E,Cardinal Health,8888572578,"Argyle Silicone Thoracic Catheter — Straight, 36 Fr × 20 in",,Pleural procedures,Surgical chest tube,,CHEST_TUBE_SURGICAL,verified_source,hidden,SRC075: PDF p. 4,Closest Argyle family products use other Fr sizes/orientations; normalized long-form candidate 8888572578 is absent,No same-manufacturer exact catalog-number match; related products are distinct orderable configurations.
B02-cardinal-health,Cardinal Health,21,672,PRD-AA29300E40,MFR-90D85DB52E,Cardinal Health,8888573048,"Argyle Silicone Thoracic Catheter — Right-angle, 28 Fr × 20 in",,Pleural procedures,Surgical chest tube,,CHEST_TUBE_SURGICAL,verified_source,hidden,SRC075: PDF p. 4,Closest Argyle family products use other Fr sizes/orientations; normalized long-form candidate 8888573048 is absent,No same-manufacturer exact catalog-number match; related products are distinct orderable configurations.
B02-cardinal-health,Cardinal Health,21,673,PRD-0BBA9245DC,MFR-90D85DB52E,Cardinal Health,8888573055,"Argyle Silicone Thoracic Catheter — Right-angle, 32 Fr × 20 in",,Pleural procedures,Surgical chest tube,,CHEST_TUBE_SURGICAL,verified_source,hidden,SRC075: PDF p. 4,Closest Argyle family products use other Fr sizes/orientations; normalized long-form candidate 8888573055 is absent,No same-manufacturer exact catalog-number match; related products are distinct orderable configurations.
B02-cardinal-health,Cardinal Health,21,674,PRD-9B4FEC155D,MFR-90D85DB52E,Cardinal Health,8888570432,"Argyle Soft PVC Thoracic Catheter — Right-angle, 28 Fr × 20 in",,Pleural procedures,Surgical chest tube,,CHEST_TUBE_SURGICAL,verified_source,hidden,SRC075: PDF p. 3,Closest Argyle family products use other Fr sizes/orientations; normalized long-form candidate 8888570432 is absent,No same-manufacturer exact catalog-number match; related products are distinct orderable configurations.
B02-cardinal-health,Cardinal Health,21,675,PRD-75CE0E7B40,MFR-90D85DB52E,Cardinal Health,8888570440,"Argyle Soft PVC Thoracic Catheter — Right-angle, 32 Fr × 20 in",,Pleural procedures,Surgical chest tube,,CHEST_TUBE_SURGICAL,verified_source,hidden,SRC075: PDF p. 3,Closest Argyle family products use other Fr sizes/orientations; normalized long-form candidate 8888570440 is absent,No same-manufacturer exact catalog-number match; related products are distinct orderable configurations.
B02-cardinal-health,Cardinal Health,21,676,PRD-55542C46A8,MFR-90D85DB52E,Cardinal Health,8888570457,"Argyle Soft PVC Thoracic Catheter — Right-angle, 36 Fr × 20 in",,Pleural procedures,Surgical chest tube,,CHEST_TUBE_SURGICAL,verified_source,hidden,SRC075: PDF p. 3,Closest Argyle family products use other Fr sizes/orientations; normalized long-form candidate 8888570457 is absent,No same-manufacturer exact catalog-number match; related products are distinct orderable configurations.
B02-cardinal-health,Cardinal Health,21,682,PRD-1FAE9F5EA4,MFR-90D85DB52E,Cardinal Health,888561019K,Argyle Trocar Catheter — 10 Fr × 9 in,,Pleural procedures,Surgical chest tube,,CHEST_TUBE_SURGICAL,verified_source,hidden,SRC075: PDF p. 4,Closest Argyle family products use other Fr sizes/orientations; normalized long-form candidate 8888561019 is absent,No same-manufacturer exact catalog-number match; related products are distinct orderable configurations.
B02-cardinal-health,Cardinal Health,21,683,PRD-A5606F3A0E,MFR-90D85DB52E,Cardinal Health,888561027K,Argyle Trocar Catheter — 12 Fr × 9 in,,Pleural procedures,Surgical chest tube,,CHEST_TUBE_SURGICAL,verified_source,hidden,SRC075: PDF p. 4,Closest Argyle family products use other Fr sizes/orientations; normalized long-form candidate 8888561027 is absent,No same-manufacturer exact catalog-number match; related products are distinct orderable configurations.
B02-cardinal-health,Cardinal Health,21,684,PRD-EFD54DC9EF,MFR-90D85DB52E,Cardinal Health,888561035K,Argyle Trocar Catheter — 16 Fr × 10 in,,Pleural procedures,Surgical chest tube,,CHEST_TUBE_SURGICAL,verified_source,hidden,SRC075: PDF p. 4,Closest Argyle family products use other Fr sizes/orientations; normalized long-form candidate 8888561035 is absent,No same-manufacturer exact catalog-number match; related products are distinct orderable configurations.
B02-cardinal-health,Cardinal Health,21,685,PRD-3A10924AF9,MFR-90D85DB52E,Cardinal Health,888561043K,Argyle Trocar Catheter — 20 Fr × 10 in,,Pleural procedures,Surgical chest tube,,CHEST_TUBE_SURGICAL,verified_source,hidden,SRC075: PDF p. 4,Closest Argyle family products use other Fr sizes/orientations; normalized long-form candidate 8888561043 is absent,No same-manufacturer exact catalog-number match; related products are distinct orderable configurations.
B02-cardinal-health,Cardinal Health,21,686,PRD-BC6CB66043,MFR-90D85DB52E,Cardinal Health,888561050K,Argyle Trocar Catheter — 24 Fr × 16 in,,Pleural procedures,Surgical chest tube,,CHEST_TUBE_SURGICAL,verified_source,hidden,SRC075: PDF p. 4,Closest Argyle family products use other Fr sizes/orientations; normalized long-form candidate 8888561050 is absent,No same-manufacturer exact catalog-number match; related products are distinct orderable configurations.
B03-cook-medical,Cook Medical,31,464,PRD-320FF77256,MFR-2760A3270C,Cook Medical,G57716,Blue Rhino G2-Multi Percutaneous Tracheostomy Tray with 7.5 mm Shiley Flexible Adult Tube,,Percutaneous tracheostomy,Percutaneous tracheostomy tray,,PERC_TRACH_KIT,verified_source,hidden,SRC074: Document p. 12/66 (PDF page 12),Existing Blue Rhino G57703/G57704/G57706 trays have different included-tube configurations,No same-manufacturer exact catalog-number match; related products are distinct orderable configurations.
B03-cook-medical,Cook Medical,31,465,PRD-B027947191,MFR-2760A3270C,Cook Medical,G57717,Blue Rhino G2-Multi Percutaneous Tracheostomy Tray with 8.5 mm Shiley Flexible Adult Tube,,Percutaneous tracheostomy,Percutaneous tracheostomy tray,,PERC_TRACH_KIT,verified_source,hidden,SRC074: Document p. 16/66 (PDF page 16),Existing Blue Rhino G57703/G57704/G57706 trays have different included-tube configurations,No same-manufacturer exact catalog-number match; related products are distinct orderable configurations.
B03-cook-medical,Cook Medical,31,466,PRD-C61336D16B,MFR-2760A3270C,Cook Medical,G57718,Blue Rhino G2-Multi Percutaneous Tracheostomy Tray with 7.5 mm Shiley Evac Tube,,Percutaneous tracheostomy,Percutaneous tracheostomy tray,,PERC_TRACH_KIT,verified_source,hidden,SRC074: Document p. 19/66 (PDF page 19),Existing Blue Rhino G57703/G57704/G57706 trays have different included-tube configurations,No same-manufacturer exact catalog-number match; related products are distinct orderable configurations.
B03-cook-medical,Cook Medical,31,696,PRD-72F4A3884F,MFR-2760A3270C,Cook Medical,G03302,Pneumothorax Set — 10.2 Fr,,Pleural procedures,Pneumothorax catheter or aspiration set,,PNEUMOTHORAX_KIT,verified_source,hidden,SRC076: PDF p. 7,"Existing Cook pneumothorax sets differ by Fr size, tray contents, or placement method",No same-manufacturer exact catalog-number match; related products are distinct orderable configurations.
B03-cook-medical,Cook Medical,31,697,PRD-FA37816545,MFR-2760A3270C,Cook Medical,G03311,Pneumothorax Tray — 9 Fr,,Pleural procedures,Pneumothorax catheter or aspiration set,,PNEUMOTHORAX_KIT,verified_source,hidden,SRC076: PDF p. 7,"Existing Cook pneumothorax sets differ by Fr size, tray contents, or placement method",No same-manufacturer exact catalog-number match; related products are distinct orderable configurations.
B03-cook-medical,Cook Medical,31,698,PRD-F61DF2B2E6,MFR-2760A3270C,Cook Medical,G04137,Thal-Quick Chest Tube Set — 24 Fr,,Pleural procedures,Chest tube set,,CHEST_TUBE_LARGE_BORE,verified_source,hidden,SRC076: PDF p. 10,"Existing Thal-Quick SKUs differ by Fr size, set-versus-tray packaging, or lumen configuration",No same-manufacturer exact catalog-number match; related products are distinct orderable configurations.
B03-cook-medical,Cook Medical,31,699,PRD-49256F1DC6,MFR-2760A3270C,Cook Medical,G04139,Thal-Quick Chest Tube Set — 28 Fr,,Pleural procedures,Chest tube set,,CHEST_TUBE_LARGE_BORE,verified_source,hidden,SRC076: PDF p. 10,"Existing Thal-Quick SKUs differ by Fr size, set-versus-tray packaging, or lumen configuration",No same-manufacturer exact catalog-number match; related products are distinct orderable configurations.
B03-cook-medical,Cook Medical,31,700,PRD-2DC22218B3,MFR-2760A3270C,Cook Medical,G04891,Thal-Quick Chest Tube Set — 16 Fr,,Pleural procedures,Chest tube set,,CHEST_TUBE_LARGE_BORE,verified_source,hidden,SRC076: PDF p. 10,"Existing Thal-Quick SKUs differ by Fr size, set-versus-tray packaging, or lumen configuration",No same-manufacturer exact catalog-number match; related products are distinct orderable configurations.
B03-cook-medical,Cook Medical,31,701,PRD-4B66601DB1,MFR-2760A3270C,Cook Medical,G05161,Thal-Quick Chest Tube Set — 12 Fr,,Pleural procedures,Chest tube set,,CHEST_TUBE_SMALL_BORE,verified_source,hidden,SRC076: PDF p. 10,"Existing Thal-Quick SKUs differ by Fr size, set-versus-tray packaging, or lumen configuration",No same-manufacturer exact catalog-number match; related products are distinct orderable configurations.
B03-cook-medical,Cook Medical,31,702,PRD-E8F5C57738,MFR-2760A3270C,Cook Medical,G05453,Thal-Quick Chest Tube Set — 18 Fr,,Pleural procedures,Chest tube set,,CHEST_TUBE_LARGE_BORE,verified_source,hidden,SRC076: PDF p. 10,"Existing Thal-Quick SKUs differ by Fr size, set-versus-tray packaging, or lumen configuration",No same-manufacturer exact catalog-number match; related products are distinct orderable configurations.
B03-cook-medical,Cook Medical,31,703,PRD-460B74977C,MFR-2760A3270C,Cook Medical,G05454,Thal-Quick Chest Tube Set — 20 Fr,,Pleural procedures,Chest tube set,,CHEST_TUBE_LARGE_BORE,verified_source,hidden,SRC076: PDF p. 10,"Existing Thal-Quick SKUs differ by Fr size, set-versus-tray packaging, or lumen configuration",No same-manufacturer exact catalog-number match; related products are distinct orderable configurations.
B03-cook-medical,Cook Medical,31,704,PRD-26DC60023E,MFR-2760A3270C,Cook Medical,G05777,Thal-Quick Chest Tube Set — 14 Fr,,Pleural procedures,Chest tube set,,CHEST_TUBE_SMALL_BORE,verified_source,hidden,SRC076: PDF p. 10,"Existing Thal-Quick SKUs differ by Fr size, set-versus-tray packaging, or lumen configuration",No same-manufacturer exact catalog-number match; related products are distinct orderable configurations.
B03-cook-medical,Cook Medical,31,705,PRD-9E8D77CC60,MFR-2760A3270C,Cook Medical,G06787,Thal-Quick Chest Tube Set — 10 Fr,,Pleural procedures,Chest tube set,,CHEST_TUBE_SMALL_BORE,verified_source,hidden,SRC076: PDF p. 10,"Existing Thal-Quick SKUs differ by Fr size, set-versus-tray packaging, or lumen configuration",No same-manufacturer exact catalog-number match; related products are distinct orderable configurations.
B03-cook-medical,Cook Medical,31,706,PRD-070A63D4C6,MFR-2760A3270C,Cook Medical,G07243,Thal-Quick Chest Tube Set — 32 Fr,,Pleural procedures,Chest tube set,,CHEST_TUBE_LARGE_BORE,verified_source,hidden,SRC076: PDF p. 10,"Existing Thal-Quick SKUs differ by Fr size, set-versus-tray packaging, or lumen configuration",No same-manufacturer exact catalog-number match; related products are distinct orderable configurations.
B03-cook-medical,Cook Medical,31,707,PRD-59E3D04CC4,MFR-2760A3270C,Cook Medical,G27292,Cook Emergency Pneumothorax Set without ChloraPrep — 8.5 Fr,,Pleural procedures,Pneumothorax catheter or aspiration set,,PNEUMOTHORAX_KIT,verified_source,hidden,SRC076: PDF p. 6,"Existing Cook pneumothorax sets differ by Fr size, tray contents, or placement method",No same-manufacturer exact catalog-number match; related products are distinct orderable configurations.
B03-cook-medical,Cook Medical,31,709,PRD-6BFF59DDAD,MFR-2760A3270C,Cook Medical,G56533,"Wayne Pneumothorax Catheter Set — Trocar, 14 Fr",,Pleural procedures,Pneumothorax catheter or aspiration set,,PNEUMOTHORAX_KIT,verified_source,hidden,SRC076: PDF p. 5,"Existing Cook pneumothorax sets differ by Fr size, tray contents, or placement method",No same-manufacturer exact catalog-number match; related products are distinct orderable configurations.
B03-cook-medical,Cook Medical,31,710,PRD-DC3BA17C2B,MFR-2760A3270C,Cook Medical,G56537,"Wayne Pneumothorax Catheter Tray — Seldinger, 14 Fr",,Pleural procedures,Pneumothorax catheter or aspiration set,,PNEUMOTHORAX_KIT,verified_source,hidden,SRC076: PDF p. 4,"Existing Cook pneumothorax sets differ by Fr size, tray contents, or placement method",No same-manufacturer exact catalog-number match; related products are distinct orderable configurations.
B03-cook-medical,Cook Medical,31,717,PRD-754F9ECFDD,MFR-2760A3270C,Cook Medical,G06791,Thal-Quick Chest Tube Tray — 8 Fr,,Pleural procedures,Chest tube set,,CHEST_TUBE_SMALL_BORE,verified_source,hidden,SRC076: PDF p. 11,"Existing Thal-Quick SKUs differ by Fr size, set-versus-tray packaging, or lumen configuration",No same-manufacturer exact catalog-number match; related products are distinct orderable configurations.
B03-cook-medical,Cook Medical,31,800,PRD-FE81710DC5,MFR-2760A3270C,Cook Medical,G47686,"Captura Pro Pulmonary Biopsy Forceps — 2.2 mm, 160 cm, spiked, 40",,Sampling,Pulmonary biopsy forceps,,BIOPSY_FORCEPS_FLEX,verified_source,hidden,SRC078: Document p. not stated (PDF page 2),Paired BF reference part number is the same product and is classified as duplicate_source_row; other Captura SKUs differ by cup/shaft/type,No same-manufacturer exact catalog-number match; related products are distinct orderable configurations.
B03-cook-medical,Cook Medical,31,801,PRD-9DA17FB213,MFR-2760A3270C,Cook Medical,G47687,"Captura Pro Pulmonary Biopsy Forceps — 2.2 mm, 160 cm, nonspiked, 20",,Sampling,Pulmonary biopsy forceps,,BIOPSY_FORCEPS_FLEX,verified_source,hidden,SRC078: Document p. not stated (PDF page 2),Paired BF reference part number is the same product and is classified as duplicate_source_row; other Captura SKUs differ by cup/shaft/type,No same-manufacturer exact catalog-number match; related products are distinct orderable configurations.
B03-cook-medical,Cook Medical,31,802,PRD-DFD79119A6,MFR-2760A3270C,Cook Medical,G47688,"Captura Pro Pulmonary Biopsy Forceps — 2.2 mm, 160 cm, nonspiked, 40",,Sampling,Pulmonary biopsy forceps,,BIOPSY_FORCEPS_FLEX,verified_source,hidden,SRC078: Document p. not stated (PDF page 2),Paired BF reference part number is the same product and is classified as duplicate_source_row; other Captura SKUs differ by cup/shaft/type,No same-manufacturer exact catalog-number match; related products are distinct orderable configurations.
B03-cook-medical,Cook Medical,31,803,PRD-7B34314342,MFR-2760A3270C,Cook Medical,G47689,"Captura Pro Pulmonary Biopsy Forceps — 2.2 mm, 160 cm, spiked, 20",,Sampling,Pulmonary biopsy forceps,,BIOPSY_FORCEPS_FLEX,verified_source,hidden,SRC078: Document p. not stated (PDF page 2),Paired BF reference part number is the same product and is classified as duplicate_source_row; other Captura SKUs differ by cup/shaft/type,No same-manufacturer exact catalog-number match; related products are distinct orderable configurations.
B03-cook-medical,Cook Medical,31,804,PRD-94D3933795,MFR-2760A3270C,Cook Medical,G56992,"Captura Pro Pulmonary Biopsy Forceps — 2.8 mm, 160 cm, nonspiked, 20",,Sampling,Pulmonary biopsy forceps,,BIOPSY_FORCEPS_FLEX,verified_source,hidden,SRC078: Document p. not stated (PDF page 2),Paired BF reference part number is the same product and is classified as duplicate_source_row; other Captura SKUs differ by cup/shaft/type,No same-manufacturer exact catalog-number match; related products are distinct orderable configurations.
B03-cook-medical,Cook Medical,31,805,PRD-C43AE95696,MFR-2760A3270C,Cook Medical,G56993,"Captura Pro Pulmonary Biopsy Forceps — 2.8 mm, 160 cm, nonspiked, 40",,Sampling,Pulmonary biopsy forceps,,BIOPSY_FORCEPS_FLEX,verified_source,hidden,SRC078: Document p. not stated (PDF page 2),Paired BF reference part number is the same product and is classified as duplicate_source_row; other Captura SKUs differ by cup/shaft/type,No same-manufacturer exact catalog-number match; related products are distinct orderable configurations.
B03-cook-medical,Cook Medical,31,806,PRD-A4DEDCB630,MFR-2760A3270C,Cook Medical,G56994,"Captura Pro Pulmonary Biopsy Forceps — 2.8 mm, 160 cm, spiked, 20",,Sampling,Pulmonary biopsy forceps,,BIOPSY_FORCEPS_FLEX,verified_source,hidden,SRC078: Document p. not stated (PDF page 2),Paired BF reference part number is the same product and is classified as duplicate_source_row; other Captura SKUs differ by cup/shaft/type,No same-manufacturer exact catalog-number match; related products are distinct orderable configurations.
B03-cook-medical,Cook Medical,31,807,PRD-2BEB2A325B,MFR-2760A3270C,Cook Medical,G56995,"Captura Pro Pulmonary Biopsy Forceps — 2.8 mm, 160 cm, spiked, 40",,Sampling,Pulmonary biopsy forceps,,BIOPSY_FORCEPS_FLEX,verified_source,hidden,SRC078: Document p. not stated (PDF page 2),Paired BF reference part number is the same product and is classified as duplicate_source_row; other Captura SKUs differ by cup/shaft/type,No same-manufacturer exact catalog-number match; related products are distinct orderable configurations.
B03-cook-medical,Cook Medical,31,816,PRD-6B46EA332F,MFR-2760A3270C,Cook Medical,G55722,Fuhrman Pleural/Pneumopericardial Drainage Set — 7 Fr,,Pleural procedures,Small-bore pleural drainage set,,CHEST_TUBE_SMALL_BORE,verified_source,hidden,SRC079: Document p. 9/18 (PDF page 9),Paired C-PPD/C-PPDY reference number is the same configuration; existing Fuhrman SKUs differ by size/length/components,No same-manufacturer exact catalog-number match; related products are distinct orderable configurations.
B03-cook-medical,Cook Medical,31,817,PRD-805A7C312F,MFR-2760A3270C,Cook Medical,G55724,"Fuhrman Pleural/Pneumopericardial Drainage Set — 8.5 Fr, 15 cm",,Pleural procedures,Small-bore pleural drainage set,,CHEST_TUBE_SMALL_BORE,verified_source,hidden,SRC079: Document p. 11/18 (PDF page 11),Paired C-PPD/C-PPDY reference number is the same configuration; existing Fuhrman SKUs differ by size/length/components,No same-manufacturer exact catalog-number match; related products are distinct orderable configurations.
B03-cook-medical,Cook Medical,31,818,PRD-B8277C7991,MFR-2760A3270C,Cook Medical,G55726,"Fuhrman Pleural/Pneumopericardial Drainage Set — 10.2 Fr, 25 cm",,Pleural procedures,Small-bore pleural drainage set,,CHEST_TUBE_SMALL_BORE,verified_source,hidden,SRC079: Document p. 13/18 (PDF page 13),Paired C-PPD/C-PPDY reference number is the same configuration; existing Fuhrman SKUs differ by size/length/components,No same-manufacturer exact catalog-number match; related products are distinct orderable configurations.
B03-cook-medical,Cook Medical,31,825,PRD-3355DFC82B,MFR-2760A3270C,Cook Medical,G55715,Fuhrman Pleural/Pneumopericardial Drainage Set — 8.5 Fr,,Pleural procedures,Small-bore pleural drainage set,,CHEST_TUBE_SMALL_BORE,verified_source,hidden,SRC079: Document p. 5/18 (PDF page 5),Paired C-PPD/C-PPDY reference number is the same configuration; existing Fuhrman SKUs differ by size/length/components,No same-manufacturer exact catalog-number match; related products are distinct orderable configurations.
B03-cook-medical,Cook Medical,31,828,PRD-0A33F2E846,MFR-2760A3270C,Cook Medical,G55727,Fuhrman Pleural/Pneumopericardial Drainage Set — 12 Fr,,Pleural procedures,Small-bore pleural drainage set,,CHEST_TUBE_SMALL_BORE,verified_source,hidden,SRC079: Document p. 7/18 (PDF page 7),Paired C-PPD/C-PPDY reference number is the same configuration; existing Fuhrman SKUs differ by size/length/components,No same-manufacturer exact catalog-number match; related products are distinct orderable configurations.
B04-efer,EFER,54,846,PRD-AACAFBB1E3,MFR-32A7012B17,EFER,BPS2001,"Biopsy forceps, 1.5 mm shaft, 60 cm",,Rigid bronchoscopy,Rigid bronchoscopy forceps/instrument,,RIGID_FORCEPS,verified_source,hidden,SRC080: Document p. 4 (PDF page 3),"No matching EFER catalog number; existing EFER BB2401-3, BD2410-3, and BX-5500-FA are distinct components",No same-manufacturer exact catalog-number match; related products are distinct orderable configurations.
B04-efer,EFER,54,847,PRD-0A907A3C1A,MFR-32A7012B17,EFER,BKE3020,Standard pediatric bronchoscope kit with BX3000 endoscope and BKF3200 forceps kit,,Rigid bronchoscopy,Rigid bronchoscope or stent-placement accessory,,RIGID_BRONCHOSCOPE_ACCESSORY,verified_source,hidden,SRC080: Document p. 11 (PDF page 7),"No matching EFER catalog number; existing EFER BB2401-3, BD2410-3, and BX-5500-FA are distinct components",No same-manufacturer exact catalog-number match; related products are distinct orderable configurations.
B04-efer,EFER,54,848,PRD-A2AFB61CA7,MFR-32A7012B17,EFER,BKP3040,Adult stent placement kit with double-action loader and optical forceps kit,,Rigid bronchoscopy,Rigid bronchoscope or stent-placement accessory,,RIGID_BRONCHOSCOPE_ACCESSORY,verified_source,hidden,SRC080: Document p. 10 (PDF page 6),"No matching EFER catalog number; existing EFER BB2401-3, BD2410-3, and BX-5500-FA are distinct components",No same-manufacturer exact catalog-number match; related products are distinct orderable configurations.
B04-efer,EFER,54,849,PRD-8551E04A9E,MFR-32A7012B17,EFER,BS2315-3,"Silicone cap, 25 mm, for black tube, blue coded",,Rigid bronchoscopy,Rigid bronchoscope or stent-placement accessory,,RIGID_BRONCHOSCOPE_ACCESSORY,verified_source,hidden,SRC080: Document p. 8 (PDF page 5),"No matching EFER catalog number; existing EFER BB2401-3, BD2410-3, and BX-5500-FA are distinct components",No same-manufacturer exact catalog-number match; related products are distinct orderable configurations.
B04-efer,EFER,54,850,PRD-0268D7E030,MFR-32A7012B17,EFER,BS2302-3,"Silicone cap, 25 mm, for 4 mm endoscope, green coded",,Rigid bronchoscopy,Rigid bronchoscope or stent-placement accessory,,RIGID_BRONCHOSCOPE_ACCESSORY,verified_source,hidden,SRC080: Document p. 8 (PDF page 5),"No matching EFER catalog number; existing EFER BB2401-3, BD2410-3, and BX-5500-FA are distinct components",No same-manufacturer exact catalog-number match; related products are distinct orderable configurations.
B04-efer,EFER,54,851,PRD-4333060F93,MFR-32A7012B17,EFER,BS2311-3,"Silicone cap, 25 mm, for 5.5 mm endoscope plus 4 mm instrument",,Rigid bronchoscopy,Rigid bronchoscope or stent-placement accessory,,RIGID_BRONCHOSCOPE_ACCESSORY,verified_source,hidden,SRC080: Document p. 8 (PDF page 5),"No matching EFER catalog number; existing EFER BB2401-3, BD2410-3, and BX-5500-FA are distinct components",No same-manufacturer exact catalog-number match; related products are distinct orderable configurations.
B04-efer,EFER,54,852,PRD-C46460490C,MFR-32A7012B17,EFER,BS2304-3,"Silicone cap, 25 mm, for 4 mm fiberscope, white coded",,Rigid bronchoscopy,Rigid bronchoscope or stent-placement accessory,,RIGID_BRONCHOSCOPE_ACCESSORY,verified_source,hidden,SRC080: Document p. 8 (PDF page 5),"No matching EFER catalog number; existing EFER BB2401-3, BD2410-3, and BX-5500-FA are distinct components",No same-manufacturer exact catalog-number match; related products are distinct orderable configurations.
B04-efer,EFER,54,853,PRD-040ECD5E76,MFR-32A7012B17,EFER,BS2305-3,"Silicone cap, 25 mm, for 6 mm fiberscope, grey coded",,Rigid bronchoscopy,Rigid bronchoscope or stent-placement accessory,,RIGID_BRONCHOSCOPE_ACCESSORY,verified_source,hidden,SRC080: Document p. 8 (PDF page 5),"No matching EFER catalog number; existing EFER BB2401-3, BD2410-3, and BX-5500-FA are distinct components",No same-manufacturer exact catalog-number match; related products are distinct orderable configurations.
B04-efer,EFER,54,854,PRD-52E905C321,MFR-32A7012B17,EFER,BS2307-3,"Silicone cap, 25 mm, for green tube, green coded",,Rigid bronchoscopy,Rigid bronchoscope or stent-placement accessory,,RIGID_BRONCHOSCOPE_ACCESSORY,verified_source,hidden,SRC080: Document p. 8 (PDF page 5),"No matching EFER catalog number; existing EFER BB2401-3, BD2410-3, and BX-5500-FA are distinct components",No same-manufacturer exact catalog-number match; related products are distinct orderable configurations.
B04-efer,EFER,54,855,PRD-F33AA311E4,MFR-32A7012B17,EFER,BS2306-3,"Silicone cap, 25 mm, for red tube, red coded",,Rigid bronchoscopy,Rigid bronchoscope or stent-placement accessory,,RIGID_BRONCHOSCOPE_ACCESSORY,verified_source,hidden,SRC080: Document p. 8 (PDF page 5),"No matching EFER catalog number; existing EFER BB2401-3, BD2410-3, and BX-5500-FA are distinct components",No same-manufacturer exact catalog-number match; related products are distinct orderable configurations.
B04-efer,EFER,54,856,PRD-386D5501C9,MFR-32A7012B17,EFER,BS2101-3,"Silicone cap, 12 mm, without hole, blue coded",,Rigid bronchoscopy,Rigid bronchoscope or stent-placement accessory,,RIGID_BRONCHOSCOPE_ACCESSORY,verified_source,hidden,SRC080: Document p. 8 (PDF page 5),"No matching EFER catalog number; existing EFER BB2401-3, BD2410-3, and BX-5500-FA are distinct components",No same-manufacturer exact catalog-number match; related products are distinct orderable configurations.
B04-efer,EFER,54,857,PRD-A82B13E74B,MFR-32A7012B17,EFER,BS2319-3,Silicone cap for optical forceps and 5.5 mm endoscope,,Rigid bronchoscopy,Rigid bronchoscope or stent-placement accessory,,RIGID_BRONCHOSCOPE_ACCESSORY,verified_source,hidden,SRC080: Document p. 8 (PDF page 5),"No matching EFER catalog number; existing EFER BB2401-3, BD2410-3, and BX-5500-FA are distinct components",No same-manufacturer exact catalog-number match; related products are distinct orderable configurations.
B04-efer,EFER,54,858,PRD-43D7482BB7,MFR-32A7012B17,EFER,BD2501-3,Compact bronchoscope base,,Rigid bronchoscopy,Rigid bronchoscope base/head,,RIGID_BRONCHOSCOPE_HEAD,verified_source,hidden,SRC080: Document p. 8 (PDF page 5),"No matching EFER catalog number; existing EFER BB2401-3, BD2410-3, and BX-5500-FA are distinct components",No same-manufacturer exact catalog-number match; related products are distinct orderable configurations.
B04-efer,EFER,54,859,PRD-040164F5D4,MFR-32A7012B17,EFER,BPS2007,"Fenestrated grasping forceps, 1.5 mm shaft, 60 cm",,Rigid bronchoscopy,Rigid bronchoscopy forceps/instrument,,RIGID_FORCEPS,verified_source,hidden,SRC080: Document p. 5 (PDF page 4),"No matching EFER catalog number; existing EFER BB2401-3, BD2410-3, and BX-5500-FA are distinct components",No same-manufacturer exact catalog-number match; related products are distinct orderable configurations.
B04-efer,EFER,54,860,PRD-EA44AB3927,MFR-32A7012B17,EFER,BPS2002,"Grasping forceps, 1.5 mm shaft, 60 cm",,Rigid bronchoscopy,Rigid bronchoscopy forceps/instrument,,RIGID_FORCEPS,verified_source,hidden,SRC080: Document p. 4 (PDF page 3),"No matching EFER catalog number; existing EFER BB2401-3, BD2410-3, and BX-5500-FA are distinct components",No same-manufacturer exact catalog-number match; related products are distinct orderable configurations.
B04-efer,EFER,54,861,PRD-8096B8A38E,MFR-32A7012B17,EFER,BPS2004,"Hook scissors, 2 mm shaft, 60 cm",,Rigid bronchoscopy,Rigid bronchoscopy forceps/instrument,,RIGID_FORCEPS,verified_source,hidden,SRC080: Document p. 4 (PDF page 3),"No matching EFER catalog number; existing EFER BB2401-3, BD2410-3, and BX-5500-FA are distinct components",No same-manufacturer exact catalog-number match; related products are distinct orderable configurations.
B04-efer,EFER,54,862,PRD-876801D999,MFR-32A7012B17,EFER,BR2200-3,"Introducer tube for tracheal tube, yellow coded",,Rigid bronchoscopy,Rigid bronchoscope or stent-placement accessory,,RIGID_BRONCHOSCOPE_ACCESSORY,verified_source,hidden,SRC080: Document p. 8 (PDF page 5),"No matching EFER catalog number; existing EFER BB2401-3, BD2410-3, and BX-5500-FA are distinct components",No same-manufacturer exact catalog-number match; related products are distinct orderable configurations.
B04-efer,EFER,54,863,PRD-D711DF7EE1,MFR-32A7012B17,EFER,BR2101-3,"Stent introducer tube, black coded",,Rigid bronchoscopy,Rigid bronchoscope or stent-placement accessory,,RIGID_BRONCHOSCOPE_ACCESSORY,verified_source,hidden,SRC080: Document p. 8 (PDF page 5),"No matching EFER catalog number; existing EFER BB2401-3, BD2410-3, and BX-5500-FA are distinct components",No same-manufacturer exact catalog-number match; related products are distinct orderable configurations.
B04-efer,EFER,54,864,PRD-D5A822A291,MFR-32A7012B17,EFER,BR2103-3,"Stent introducer tube, red coded",,Rigid bronchoscopy,Rigid bronchoscope or stent-placement accessory,,RIGID_BRONCHOSCOPE_ACCESSORY,verified_source,hidden,SRC080: Document p. 8 (PDF page 5),"No matching EFER catalog number; existing EFER BB2401-3, BD2410-3, and BX-5500-FA are distinct components",No same-manufacturer exact catalog-number match; related products are distinct orderable configurations.
B04-efer,EFER,54,865,PRD-DF26D98A85,MFR-32A7012B17,EFER,BI2001-3,Double-action stent loader for bronchial tube,,Rigid bronchoscopy,Rigid bronchoscope or stent-placement accessory,,RIGID_BRONCHOSCOPE_ACCESSORY,verified_source,hidden,SRC080: Document p. 10 (PDF page 6),"No matching EFER catalog number; existing EFER BB2401-3, BD2410-3, and BX-5500-FA are distinct components",No same-manufacturer exact catalog-number match; related products are distinct orderable configurations.
B04-efer,EFER,54,866,PRD-773959E0B5,MFR-32A7012B17,EFER,BB2403-3,Jet-ventilation obturator for bronchoscope bases,,Rigid bronchoscopy,Rigid bronchoscope or stent-placement accessory,,RIGID_BRONCHOSCOPE_ACCESSORY,verified_source,hidden,SRC080: Document p. 8 (PDF page 5),"No matching EFER catalog number; existing EFER BB2401-3, BD2410-3, and BX-5500-FA are distinct components",No same-manufacturer exact catalog-number match; related products are distinct orderable configurations.
B04-efer,EFER,54,867,PRD-AA897B2F51,MFR-32A7012B17,EFER,BB2402-3,Lateral obturator with two gates,,Rigid bronchoscopy,Rigid bronchoscope or stent-placement accessory,,RIGID_BRONCHOSCOPE_ACCESSORY,verified_source,hidden,SRC080: Document p. 8 (PDF page 5),"No matching EFER catalog number; existing EFER BB2401-3, BD2410-3, and BX-5500-FA are distinct components",No same-manufacturer exact catalog-number match; related products are distinct orderable configurations.
B04-efer,EFER,54,868,PRD-0A7B35E327,MFR-32A7012B17,EFER,BK2100-3,Bronchoscope seal-ring pack,,Rigid bronchoscopy,Rigid bronchoscope or stent-placement accessory,,RIGID_BRONCHOSCOPE_ACCESSORY,verified_source,hidden,SRC080: Document p. 8 (PDF page 5),"No matching EFER catalog number; existing EFER BB2401-3, BD2410-3, and BX-5500-FA are distinct components",No same-manufacturer exact catalog-number match; related products are distinct orderable configurations.
B04-efer,EFER,54,869,PRD-AF8F8B7F8C,MFR-32A7012B17,EFER,BD2301-3,Pediatric bronchoscope base with jet-ventilation obturator,,Rigid bronchoscopy,Rigid bronchoscope base/head,,RIGID_BRONCHOSCOPE_HEAD,verified_source,hidden,SRC080: Document p. 12 (PDF page 7),"No matching EFER catalog number; existing EFER BB2401-3, BD2410-3, and BX-5500-FA are distinct components",No same-manufacturer exact catalog-number match; related products are distinct orderable configurations.
B04-efer,EFER,54,870,PRD-EB9D39DA96,MFR-32A7012B17,EFER,BPP2001,"Pediatric biopsy forceps, 1.5 mm shaft, 40 cm",,Rigid bronchoscopy,Rigid bronchoscopy forceps/instrument,,RIGID_FORCEPS,verified_source,hidden,SRC080: Document p. 12 (PDF page 7),"No matching EFER catalog number; existing EFER BB2401-3, BD2410-3, and BX-5500-FA are distinct components",No same-manufacturer exact catalog-number match; related products are distinct orderable configurations.
B04-efer,EFER,54,871,PRD-8669305653,MFR-32A7012B17,EFER,BPP2003,"Pediatric fenestrated grasping forceps, 0.9 mm shaft, 40 cm",,Rigid bronchoscopy,Rigid bronchoscopy forceps/instrument,,RIGID_FORCEPS,verified_source,hidden,SRC080: Document p. 12 (PDF page 7),"No matching EFER catalog number; existing EFER BB2401-3, BD2410-3, and BX-5500-FA are distinct components",No same-manufacturer exact catalog-number match; related products are distinct orderable configurations.
B04-efer,EFER,54,872,PRD-85994FB803,MFR-32A7012B17,EFER,BPP2002,"Pediatric grasping forceps, 1.5 mm shaft, 40 cm",,Rigid bronchoscopy,Rigid bronchoscopy forceps/instrument,,RIGID_FORCEPS,verified_source,hidden,SRC080: Document p. 12 (PDF page 7),"No matching EFER catalog number; existing EFER BB2401-3, BD2410-3, and BX-5500-FA are distinct components",No same-manufacturer exact catalog-number match; related products are distinct orderable configurations.
B04-efer,EFER,54,873,PRD-B2DAC54DE1,MFR-32A7012B17,EFER,BR2402-3,"Pediatric stent introducer tube, black coded",,Rigid bronchoscopy,Rigid bronchoscope or stent-placement accessory,,RIGID_BRONCHOSCOPE_ACCESSORY,verified_source,hidden,SRC080: Document p. 12 (PDF page 7),"No matching EFER catalog number; existing EFER BB2401-3, BD2410-3, and BX-5500-FA are distinct components",No same-manufacturer exact catalog-number match; related products are distinct orderable configurations.
B04-efer,EFER,54,874,PRD-0DCE1BFE25,MFR-32A7012B17,EFER,BR2403-3,"Pediatric stent introducer tube, red coded",,Rigid bronchoscopy,Rigid bronchoscope or stent-placement accessory,,RIGID_BRONCHOSCOPE_ACCESSORY,verified_source,hidden,SRC080: Document p. 12 (PDF page 7),"No matching EFER catalog number; existing EFER BB2401-3, BD2410-3, and BX-5500-FA are distinct components",No same-manufacturer exact catalog-number match; related products are distinct orderable configurations.
B04-efer,EFER,54,875,PRD-4D08CBA53B,MFR-32A7012B17,EFER,BP2402-3,"Pediatric stent plunger, black coded",,Rigid bronchoscopy,Rigid bronchoscope or stent-placement accessory,,RIGID_BRONCHOSCOPE_ACCESSORY,verified_source,hidden,SRC080: Document p. 12 (PDF page 7),"No matching EFER catalog number; existing EFER BB2401-3, BD2410-3, and BX-5500-FA are distinct components",No same-manufacturer exact catalog-number match; related products are distinct orderable configurations.
B04-efer,EFER,54,876,PRD-E8039C8893,MFR-32A7012B17,EFER,BP2403-3,"Pediatric stent plunger, red coded",,Rigid bronchoscopy,Rigid bronchoscope or stent-placement accessory,,RIGID_BRONCHOSCOPE_ACCESSORY,verified_source,hidden,SRC080: Document p. 12 (PDF page 7),"No matching EFER catalog number; existing EFER BB2401-3, BD2410-3, and BX-5500-FA are distinct components",No same-manufacturer exact catalog-number match; related products are distinct orderable configurations.
B04-efer,EFER,54,877,PRD-60EF0F869B,MFR-32A7012B17,EFER,BKF3200,Pediatric semi-rigid forceps kit,,Rigid bronchoscopy,Rigid bronchoscope or stent-placement accessory,,RIGID_BRONCHOSCOPE_ACCESSORY,verified_source,hidden,SRC080: Document p. 11 (PDF page 7),"No matching EFER catalog number; existing EFER BB2401-3, BD2410-3, and BX-5500-FA are distinct components",No same-manufacturer exact catalog-number match; related products are distinct orderable configurations.
B04-efer,EFER,54,878,PRD-7BA7CA85BF,MFR-32A7012B17,EFER,BI2403-3,"Pediatric telescopic stent loader, red coded",,Rigid bronchoscopy,Rigid bronchoscope or stent-placement accessory,,RIGID_BRONCHOSCOPE_ACCESSORY,verified_source,hidden,SRC080: Document p. 12 (PDF page 7),"No matching EFER catalog number; existing EFER BB2401-3, BD2410-3, and BX-5500-FA are distinct components",No same-manufacturer exact catalog-number match; related products are distinct orderable configurations.
B04-efer,EFER,54,879,PRD-41CD2EE0E9,MFR-32A7012B17,EFER,BP2000-3,"Stent plunger for bronchial tube, orange coded",,Rigid bronchoscopy,Rigid bronchoscope or stent-placement accessory,,RIGID_BRONCHOSCOPE_ACCESSORY,verified_source,hidden,SRC080: Document p. 8 (PDF page 5),"No matching EFER catalog number; existing EFER BB2401-3, BD2410-3, and BX-5500-FA are distinct components",No same-manufacturer exact catalog-number match; related products are distinct orderable configurations.
B04-efer,EFER,54,880,PRD-C2B436250C,MFR-32A7012B17,EFER,BP2200-3,"Stent plunger for tracheal tube, yellow coded",,Rigid bronchoscopy,Rigid bronchoscope or stent-placement accessory,,RIGID_BRONCHOSCOPE_ACCESSORY,verified_source,hidden,SRC080: Document p. 8 (PDF page 5),"No matching EFER catalog number; existing EFER BB2401-3, BD2410-3, and BX-5500-FA are distinct components",No same-manufacturer exact catalog-number match; related products are distinct orderable configurations.
B04-efer,EFER,54,881,PRD-B3E2267573,MFR-32A7012B17,EFER,BP2101-3,"Stent plunger, black coded",,Rigid bronchoscopy,Rigid bronchoscope or stent-placement accessory,,RIGID_BRONCHOSCOPE_ACCESSORY,verified_source,hidden,SRC080: Document p. 8 (PDF page 5),"No matching EFER catalog number; existing EFER BB2401-3, BD2410-3, and BX-5500-FA are distinct components",No same-manufacturer exact catalog-number match; related products are distinct orderable configurations.
B04-efer,EFER,54,882,PRD-263DB41F76,MFR-32A7012B17,EFER,BP2103-3,"Stent plunger, red coded",,Rigid bronchoscopy,Rigid bronchoscope or stent-placement accessory,,RIGID_BRONCHOSCOPE_ACCESSORY,verified_source,hidden,SRC080: Document p. 8 (PDF page 5),"No matching EFER catalog number; existing EFER BB2401-3, BD2410-3, and BX-5500-FA are distinct components",No same-manufacturer exact catalog-number match; related products are distinct orderable configurations.
B04-efer,EFER,54,883,PRD-9E8587840A,MFR-32A7012B17,EFER,BPS2008,"Reverse grasping forceps, 2.5 mm shaft, 60 cm",,Rigid bronchoscopy,Rigid bronchoscopy forceps/instrument,,RIGID_FORCEPS,verified_source,hidden,SRC080: Document p. 5 (PDF page 4),"No matching EFER catalog number; existing EFER BB2401-3, BD2410-3, and BX-5500-FA are distinct components",No same-manufacturer exact catalog-number match; related products are distinct orderable configurations.
B04-efer,EFER,54,884,PRD-19047EA86A,MFR-32A7012B17,EFER,BKB3000,Standard adult bronchoscope kit,,Rigid bronchoscopy,Rigid bronchoscope or stent-placement accessory,,RIGID_BRONCHOSCOPE_ACCESSORY,verified_source,hidden,SRC080: Document p. 9 (PDF page 6),"No matching EFER catalog number; existing EFER BB2401-3, BD2410-3, and BX-5500-FA are distinct components",No same-manufacturer exact catalog-number match; related products are distinct orderable configurations.
B04-efer,EFER,54,885,PRD-FD5FCA373B,MFR-32A7012B17,EFER,BKC3000,Standard pediatric bronchoscope kit,,Rigid bronchoscopy,Rigid bronchoscope or stent-placement accessory,,RIGID_BRONCHOSCOPE_ACCESSORY,verified_source,hidden,SRC080: Document p. 11 (PDF page 7),"No matching EFER catalog number; existing EFER BB2401-3, BD2410-3, and BX-5500-FA are distinct components",No same-manufacturer exact catalog-number match; related products are distinct orderable configurations.
B04-efer,EFER,54,886,PRD-F5AB1E4575,MFR-32A7012B17,EFER,BKS3100,Pediatric stent placement instrumentation kit,,Rigid bronchoscopy,Rigid bronchoscope or stent-placement accessory,,RIGID_BRONCHOSCOPE_ACCESSORY,verified_source,hidden,SRC080: Document p. 11 (PDF page 7),"No matching EFER catalog number; existing EFER BB2401-3, BD2410-3, and BX-5500-FA are distinct components",No same-manufacturer exact catalog-number match; related products are distinct orderable configurations.
B04-efer,EFER,54,887,PRD-E3E979261F,MFR-32A7012B17,EFER,BPS2003,"Stent-removal forceps, 2.5 mm shaft, 60 cm",,Rigid bronchoscopy,Rigid bronchoscopy forceps/instrument,,RIGID_FORCEPS,verified_source,hidden,SRC080: Document p. 4 (PDF page 3),"No matching EFER catalog number; existing EFER BB2401-3, BD2410-3, and BX-5500-FA are distinct components",No same-manufacturer exact catalog-number match; related products are distinct orderable configurations.
B04-efer,EFER,54,889,PRD-A6DFE867BA,MFR-32A7012B17,EFER,BPS2006,"Stent-measurement forceps, 3 mm, 60 cm",,Rigid bronchoscopy,Rigid bronchoscopy forceps/instrument,,RIGID_FORCEPS,verified_source,hidden,SRC080: Document p. 5 (PDF page 4),"No matching EFER catalog number; existing EFER BB2401-3, BD2410-3, and BX-5500-FA are distinct components",No same-manufacturer exact catalog-number match; related products are distinct orderable configurations.
B04-efer,EFER,54,890,PRD-B9548AC507,MFR-32A7012B17,EFER,BI2200-3,"Telescopic stent loader for tracheal tube, yellow coded",,Rigid bronchoscopy,Rigid bronchoscope or stent-placement accessory,,RIGID_BRONCHOSCOPE_ACCESSORY,verified_source,hidden,SRC080: Document p. 8 (PDF page 5),"No matching EFER catalog number; existing EFER BB2401-3, BD2410-3, and BX-5500-FA are distinct components",No same-manufacturer exact catalog-number match; related products are distinct orderable configurations.
B04-efer,EFER,54,891,PRD-AD431C7F33,MFR-32A7012B17,EFER,BI2101-3,"Telescopic stent loader, black coded",,Rigid bronchoscopy,Rigid bronchoscope or stent-placement accessory,,RIGID_BRONCHOSCOPE_ACCESSORY,verified_source,hidden,SRC080: Document p. 8 (PDF page 5),"No matching EFER catalog number; existing EFER BB2401-3, BD2410-3, and BX-5500-FA are distinct components",No same-manufacturer exact catalog-number match; related products are distinct orderable configurations.
B04-efer,EFER,54,892,PRD-14F7428222,MFR-32A7012B17,EFER,BI2103-3,"Telescopic stent loader, red coded",,Rigid bronchoscopy,Rigid bronchoscope or stent-placement accessory,,RIGID_BRONCHOSCOPE_ACCESSORY,verified_source,hidden,SRC080: Document p. 8 (PDF page 5),"No matching EFER catalog number; existing EFER BB2401-3, BD2410-3, and BX-5500-FA are distinct components",No same-manufacturer exact catalog-number match; related products are distinct orderable configurations.
B04-efer,EFER,54,893,PRD-D1874FEF53,MFR-32A7012B17,EFER,BT2203-3,"Adult tracheal bronchoscope tube, 10.0/9.2 mm, 26 cm",,Rigid bronchoscopy,Rigid bronchoscope tube,,RIGID_BRONCHOSCOPE_BARREL,verified_source,hidden,SRC080: Document p. 8 (PDF page 5),"No matching EFER catalog number; existing EFER BB2401-3, BD2410-3, and BX-5500-FA are distinct components",No same-manufacturer exact catalog-number match; related products are distinct orderable configurations.
B04-efer,EFER,54,894,PRD-8B6012963E,MFR-32A7012B17,EFER,BT2101-3,"Adult bronchial bronchoscope tube, 12.0/11.0 mm, 36 cm",,Rigid bronchoscopy,Rigid bronchoscope tube,,RIGID_BRONCHOSCOPE_BARREL,verified_source,hidden,SRC080: Document p. 8 (PDF page 5),"No matching EFER catalog number; existing EFER BB2401-3, BD2410-3, and BX-5500-FA are distinct components",No same-manufacturer exact catalog-number match; related products are distinct orderable configurations.
B04-efer,EFER,54,895,PRD-AFB67F2AD3,MFR-32A7012B17,EFER,BT2210-3,"Adult tracheal bronchoscope tube, 13.2/12.2 mm, 26 cm",,Rigid bronchoscopy,Rigid bronchoscope tube,,RIGID_BRONCHOSCOPE_BARREL,verified_source,hidden,SRC080: Document p. 8 (PDF page 5),"No matching EFER catalog number; existing EFER BB2401-3, BD2410-3, and BX-5500-FA are distinct components",No same-manufacturer exact catalog-number match; related products are distinct orderable configurations.
B04-efer,EFER,54,896,PRD-0BC1CD8B0F,MFR-32A7012B17,EFER,BT2000-3,"Adult bronchial bronchoscope tube, 13.2/12.2 mm, 36 cm",,Rigid bronchoscopy,Rigid bronchoscope tube,,RIGID_BRONCHOSCOPE_BARREL,verified_source,hidden,SRC080: Document p. 8 (PDF page 5),"No matching EFER catalog number; existing EFER BB2401-3, BD2410-3, and BX-5500-FA are distinct components",No same-manufacturer exact catalog-number match; related products are distinct orderable configurations.
B04-efer,EFER,54,897,PRD-63715C8967,MFR-32A7012B17,EFER,BT2404-3,"Pediatric bronchoscope tube, 5.0/4.5 mm, 20 cm",,Rigid bronchoscopy,Rigid bronchoscope tube,,RIGID_BRONCHOSCOPE_BARREL,verified_source,hidden,SRC080: Document p. 12 (PDF page 7),"No matching EFER catalog number; existing EFER BB2401-3, BD2410-3, and BX-5500-FA are distinct components",No same-manufacturer exact catalog-number match; related products are distinct orderable configurations.
B04-efer,EFER,54,898,PRD-6546F6126A,MFR-32A7012B17,EFER,BT2402-3,"Pediatric bronchoscope tube, 6.0/6.5 mm, 20 cm",,Rigid bronchoscopy,Rigid bronchoscope tube,,RIGID_BRONCHOSCOPE_BARREL,verified_source,hidden,SRC080: Document p. 12 (PDF page 7),"No matching EFER catalog number; existing EFER BB2401-3, BD2410-3, and BX-5500-FA are distinct components",No same-manufacturer exact catalog-number match; related products are distinct orderable configurations.
B04-efer,EFER,54,899,PRD-74097CDF9A,MFR-32A7012B17,EFER,BT2205-3,"Adult tracheal bronchoscope tube, 8.0/7.0 mm, 26 cm",,Rigid bronchoscopy,Rigid bronchoscope tube,,RIGID_BRONCHOSCOPE_BARREL,verified_source,hidden,SRC080: Document p. 8 (PDF page 5),"No matching EFER catalog number; existing EFER BB2401-3, BD2410-3, and BX-5500-FA are distinct components",No same-manufacturer exact catalog-number match; related products are distinct orderable configurations.
B04-efer,EFER,54,900,PRD-12E92BF8EC,MFR-32A7012B17,EFER,BT2105-3,"Adult bronchial bronchoscope tube, 8.0/7.0 mm, 36 cm",,Rigid bronchoscopy,Rigid bronchoscope tube,,RIGID_BRONCHOSCOPE_BARREL,verified_source,hidden,SRC080: Document p. 8 (PDF page 5),"No matching EFER catalog number; existing EFER BB2401-3, BD2410-3, and BX-5500-FA are distinct components",No same-manufacturer exact catalog-number match; related products are distinct orderable configurations.
B05-ethicon,Ethicon,12,439,PRD-85FA8619AC,MFR-BC7F6D9790,Ethicon,2211,"BLAKE Silicone Drain — flat 7 mm, full-fluted",,Pleural procedures,Post-operative surgical drain,,CHEST_TUBE_SURGICAL,verified_source,hidden,SRC073: Document p. not stated (PDF page 10),"Existing BLAKE 2210/2215/2226/2227/2230 products differ by drain geometry, size, fluting, or trocar",No same-manufacturer exact catalog-number match; related products are distinct orderable configurations.
B05-ethicon,Ethicon,12,440,PRD-781BCEA88E,MFR-BC7F6D9790,Ethicon,2212,"BLAKE Silicone Drain — flat 7 mm, full-fluted, 3/16 in trocar",,Pleural procedures,Post-operative surgical drain,,CHEST_TUBE_SURGICAL,verified_source,hidden,SRC073: Document p. not stated (PDF page 10),"Existing BLAKE 2210/2215/2226/2227/2230 products differ by drain geometry, size, fluting, or trocar",No same-manufacturer exact catalog-number match; related products are distinct orderable configurations.
B05-ethicon,Ethicon,12,441,PRD-FAEB7ED380,MFR-BC7F6D9790,Ethicon,2213,"BLAKE Silicone Drain — flat 10 mm, three-quarter-fluted",,Pleural procedures,Post-operative surgical drain,,CHEST_TUBE_SURGICAL,verified_source,hidden,SRC073: Document p. not stated (PDF page 10),"Existing BLAKE 2210/2215/2226/2227/2230 products differ by drain geometry, size, fluting, or trocar",No same-manufacturer exact catalog-number match; related products are distinct orderable configurations.
B05-ethicon,Ethicon,12,442,PRD-7CD11761AB,MFR-BC7F6D9790,Ethicon,2214,"BLAKE Silicone Drain — flat 10 mm, full-fluted",,Pleural procedures,Post-operative surgical drain,,CHEST_TUBE_SURGICAL,verified_source,hidden,SRC073: Document p. not stated (PDF page 10),"Existing BLAKE 2210/2215/2226/2227/2230 products differ by drain geometry, size, fluting, or trocar",No same-manufacturer exact catalog-number match; related products are distinct orderable configurations.
B05-ethicon,Ethicon,12,444,PRD-7904481858,MFR-BC7F6D9790,Ethicon,2216,"BLAKE Silicone Drain — flat 7 mm, three-quarter-fluted, 3/16 in trocar",,Pleural procedures,Post-operative surgical drain,,CHEST_TUBE_SURGICAL,verified_source,hidden,SRC073: Document p. not stated (PDF page 10),"Existing BLAKE 2210/2215/2226/2227/2230 products differ by drain geometry, size, fluting, or trocar",No same-manufacturer exact catalog-number match; related products are distinct orderable configurations.
B05-ethicon,Ethicon,12,445,PRD-CB680CD69F,MFR-BC7F6D9790,Ethicon,2217,"BLAKE Silicone Drain — flat 10 mm, three-quarter-fluted, 3/16 in trocar",,Pleural procedures,Post-operative surgical drain,,CHEST_TUBE_SURGICAL,verified_source,hidden,SRC073: Document p. not stated (PDF page 10),"Existing BLAKE 2210/2215/2226/2227/2230 products differ by drain geometry, size, fluting, or trocar",No same-manufacturer exact catalog-number match; related products are distinct orderable configurations.
B05-ethicon,Ethicon,12,448,PRD-971388D340,MFR-BC7F6D9790,Ethicon,2228,BLAKE Silicone Drain — round 15 Fr,,Pleural procedures,Post-operative surgical drain,,CHEST_TUBE_SURGICAL,verified_source,hidden,SRC073: Document p. not stated (PDF page 10),"Existing BLAKE 2210/2215/2226/2227/2230 products differ by drain geometry, size, fluting, or trocar",No same-manufacturer exact catalog-number match; related products are distinct orderable configurations.
B05-ethicon,Ethicon,12,449,PRD-315E7FA242,MFR-BC7F6D9790,Ethicon,2229,"BLAKE Silicone Drain — round 15 Fr, 3/16 in trocar",,Pleural procedures,Post-operative surgical drain,,CHEST_TUBE_SURGICAL,verified_source,hidden,SRC073: Document p. not stated (PDF page 10),"Existing BLAKE 2210/2215/2226/2227/2230 products differ by drain geometry, size, fluting, or trocar",No same-manufacturer exact catalog-number match; related products are distinct orderable configurations.
B05-ethicon,Ethicon,12,451,PRD-8EAE6762FF,MFR-BC7F6D9790,Ethicon,2231,"BLAKE Silicone Drain — round 19 Fr, 1/4 in trocar",,Pleural procedures,Post-operative surgical drain,,CHEST_TUBE_SURGICAL,verified_source,hidden,SRC073: Document p. not stated (PDF page 10),"Existing BLAKE 2210/2215/2226/2227/2230 products differ by drain geometry, size, fluting, or trocar",No same-manufacturer exact catalog-number match; related products are distinct orderable configurations.
B05-ethicon,Ethicon,12,452,PRD-98EB75029F,MFR-BC7F6D9790,Ethicon,2232,"BLAKE Silicone Drain — round 19 Fr, 1/4 in bendable trocar",,Pleural procedures,Post-operative surgical drain,,CHEST_TUBE_SURGICAL,verified_source,hidden,SRC073: Document p. not stated (PDF page 10),"Existing BLAKE 2210/2215/2226/2227/2230 products differ by drain geometry, size, fluting, or trocar",No same-manufacturer exact catalog-number match; related products are distinct orderable configurations.
B05-ethicon,Ethicon,12,453,PRD-BE310A3547,MFR-BC7F6D9790,Ethicon,2233,"BLAKE Silicone Drain — round 15 Fr, 3/16 in bendable trocar",,Pleural procedures,Post-operative surgical drain,,CHEST_TUBE_SURGICAL,verified_source,hidden,SRC073: Document p. not stated (PDF page 10),"Existing BLAKE 2210/2215/2226/2227/2230 products differ by drain geometry, size, fluting, or trocar",No same-manufacturer exact catalog-number match; related products are distinct orderable configurations.
B05-ethicon,Ethicon,12,454,PRD-D4EABEA7CA,MFR-BC7F6D9790,Ethicon,2234,BLAKE Silicone Drain — round 24 Fr,,Pleural procedures,Post-operative surgical drain,,CHEST_TUBE_SURGICAL,verified_source,hidden,SRC073: Document p. not stated (PDF page 10),"Existing BLAKE 2210/2215/2226/2227/2230 products differ by drain geometry, size, fluting, or trocar",No same-manufacturer exact catalog-number match; related products are distinct orderable configurations.
B06-fujifilm,FUJIFILM,1,833,PRD-6792EF1447,MFR-DF7E28B2EB,FUJIFILM,EB-530XT,FUJIFILM EB-530XT Video Bronchoscope,FUJIFILM,Bronchoscopy platform,Flexible video bronchoscope,,FLEX_SCOPE_THERAPEUTIC,verified_source,hidden,"SRC051: PDF page index 20; printed p. 20, EB-530XT VIDEO BRONCHOSCOPE specifications","PRD-48C4E1CC20 / EB-530T (different 5.8 mm distal, 2.8 mm channel model); PRD-978B2478DC / EB-710XT (different exact 700-series model)","Exact model identity and 6.2 mm distal/6.3 mm insertion/3.2 mm channel/600 mm working length are printed in the official pulmonology brochure. Earlier generator comments omitted it solely for lack of GUDID; this brief expressly makes exact manufacturer-brochure identity sufficient, with market status handled separately. Reuse SRC051."
B07-karl-storz,Karl Storz,127,1564,PRD-83188CF097,MFR-12BAB1E48C,Karl Storz,10339DD,"DOESEL-HUZLY Bronchoscope, Size 3.5, 26 cm",KARL STORZ THORAX,Rigid bronchoscopy,Pediatric rigid bronchoscope,,RIGID_BRONCHOSCOPE_BARREL,verified_source,hidden,SRC087: Document p. 71 (PDF page 79),"PRD-F1D5F37924|10318BK|Universal Rigid Bronchoscope Size 8.5; PRD-5D0F775ADC|10318D|Universal Bronchoscope, Distal Illumination, Size 6.5; PRD-6707AC67D1|10318B|Universal Bronchoscope, Distal Illumination, Size 8.5","No current same-manufacturer exact catalog-number match exists. The cited related family or configuration candidates use different official article numbers, sizes, components, or configurations; the authoritative THORAX catalog page supports this distinct exact identity."
B07-karl-storz,Karl Storz,127,1565,PRD-DD1F7503DE,MFR-12BAB1E48C,Karl Storz,10339GG,"DOESEL-HUZLY Bronchoscope, Size 3.7, 26 cm",KARL STORZ THORAX,Rigid bronchoscopy,Pediatric rigid bronchoscope,,RIGID_BRONCHOSCOPE_BARREL,verified_source,hidden,SRC087: Document p. 71 (PDF page 79),"PRD-F1D5F37924|10318BK|Universal Rigid Bronchoscope Size 8.5; PRD-5D0F775ADC|10318D|Universal Bronchoscope, Distal Illumination, Size 6.5; PRD-6707AC67D1|10318B|Universal Bronchoscope, Distal Illumination, Size 8.5","No current same-manufacturer exact catalog-number match exists. The cited related family or configuration candidates use different official article numbers, sizes, components, or configurations; the authoritative THORAX catalog page supports this distinct exact identity."
B07-karl-storz,Karl Storz,127,1579,PRD-973AB2950C,MFR-12BAB1E48C,Karl Storz,13250KM,"Flexible Round Spoon Biopsy Forceps with Spike, 2.3 mm x 120 cm",KARL STORZ THORAX,Sampling,Flexible biopsy forceps,,BIOPSY_FORCEPS_FLEX,verified_source,hidden,SRC087: Document p. 100 (PDF page 108),PRD-ABB6EC1153|10370M|Malleable Round Spoon Biopsy Forceps; PRD-615CDFB8AB|10358A|Flexible Spoon Biopsy Forceps; PRD-02641F9166|10371L|Round Spoon Biopsy Forceps,"No current same-manufacturer exact catalog-number match exists. The cited related family or configuration candidates use different official article numbers, sizes, components, or configurations; the authoritative THORAX catalog page supports this distinct exact identity."
B07-karl-storz,Karl Storz,127,1580,PRD-EA9341925D,MFR-12BAB1E48C,Karl Storz,13250KP,"Flexible Oval Spoon Biopsy Forceps with Spike, 2.3 mm x 120 cm",KARL STORZ THORAX,Sampling,Flexible biopsy forceps,,BIOPSY_FORCEPS_FLEX,verified_source,hidden,SRC087: Document p. 100 (PDF page 108),PRD-615CDFB8AB|10358A|Flexible Spoon Biopsy Forceps; PRD-ABB6EC1153|10370M|Malleable Round Spoon Biopsy Forceps; PRD-F9A98419EA|10358B|Flexible Small Biopsy Forceps,"No current same-manufacturer exact catalog-number match exists. The cited related family or configuration candidates use different official article numbers, sizes, components, or configurations; the authoritative THORAX catalog page supports this distinct exact identity."
B07-karl-storz,Karl Storz,127,1581,PRD-48514A48DF,MFR-12BAB1E48C,Karl Storz,13252KT,"Flexible Round Alligator Grasping Forceps, 2.3 mm x 120 cm",KARL STORZ THORAX,Retrieval,Flexible grasping forceps,,FOREIGN_BODY_FORCEPS_FLEX,verified_source,hidden,SRC087: Document p. 100 (PDF page 108),PRD-F9A98419EA|10358B|Flexible Small Biopsy Forceps; PRD-DF989CBDCB|10436|Straight Aspiration Biopsy Needle 1.6 mm x 47 cm; PRD-ABB6EC1153|10370M|Malleable Round Spoon Biopsy Forceps,"No current same-manufacturer exact catalog-number match exists. The cited related family or configuration candidates use different official article numbers, sizes, components, or configurations; the authoritative THORAX catalog page supports this distinct exact identity."
B07-karl-storz,Karl Storz,127,1582,PRD-74CAC5AA0A,MFR-12BAB1E48C,Karl Storz,11301HH,Adaptor for BHT Cleaning Machines,KARL STORZ THORAX,Reprocessing,Washer-disinfector leakage-test adapter,,,verified_source,hidden,SRC087: Document p. 55 (PDF page 63),PRD-D0E745FF62|10316LR|Respirator Adapter for GRONINGEN Tracheoscope; PRD-526F08F11A|10479B|Adapter for 7 Fr Suction Catheter; PRD-57C0ED84C2|10479C|Adapter for 6 Fr Suction Catheter,"No current same-manufacturer exact catalog-number match exists. The cited related family or configuration candidates use different official article numbers, sizes, components, or configurations; the authoritative THORAX catalog page supports this distinct exact identity."
B07-karl-storz,Karl Storz,127,1583,PRD-3A1A155D08,MFR-12BAB1E48C,Karl Storz,11301BM,"Adaptor for Leakage Test, Belimed Washer-Disinfectors",KARL STORZ THORAX,Reprocessing,Washer-disinfector leakage-test adapter,,,verified_source,hidden,SRC087: Document p. 54 (PDF page 62),PRD-D0E745FF62|10316LR|Respirator Adapter for GRONINGEN Tracheoscope; PRD-481074A513|10388A|Sponge Holder for Sterile Smears; PRD-526F08F11A|10479B|Adapter for 7 Fr Suction Catheter,"No current same-manufacturer exact catalog-number match exists. The cited related family or configuration candidates use different official article numbers, sizes, components, or configurations; the authoritative THORAX catalog page supports this distinct exact identity."
B07-karl-storz,Karl Storz,127,1592,PRD-F4C019AE18,MFR-12BAB1E48C,Karl Storz,11003MA,"Flexible Oval Biopsy Forceps, 1 mm x 110 cm",KARL STORZ THORAX,Sampling,Flexible biopsy forceps,,BIOPSY_FORCEPS_FLEX,verified_source,hidden,SRC087: Document p. 50 (PDF page 58),PRD-F9A98419EA|10358B|Flexible Small Biopsy Forceps; PRD-615CDFB8AB|10358A|Flexible Spoon Biopsy Forceps; PRD-ABB6EC1153|10370M|Malleable Round Spoon Biopsy Forceps,"No current same-manufacturer exact catalog-number match exists. The cited related family or configuration candidates use different official article numbers, sizes, components, or configurations; the authoritative THORAX catalog page supports this distinct exact identity."
B07-karl-storz,Karl Storz,127,1593,PRD-75564978F2,MFR-12BAB1E48C,Karl Storz,13250KL,"Flexible Round Spoon Biopsy Forceps, 2.3 mm x 120 cm",KARL STORZ THORAX,Sampling,Flexible biopsy forceps,,BIOPSY_FORCEPS_FLEX,verified_source,hidden,SRC087: Document p. 52 (PDF page 60),PRD-ABB6EC1153|10370M|Malleable Round Spoon Biopsy Forceps; PRD-615CDFB8AB|10358A|Flexible Spoon Biopsy Forceps; PRD-02641F9166|10371L|Round Spoon Biopsy Forceps,"No current same-manufacturer exact catalog-number match exists. The cited related family or configuration candidates use different official article numbers, sizes, components, or configurations; the authoritative THORAX catalog page supports this distinct exact identity."
B07-karl-storz,Karl Storz,127,1594,PRD-191CF14386,MFR-12BAB1E48C,Karl Storz,11001KM,"Flexible Round Spoon Biopsy Forceps with Spike, 1.8 mm x 120 cm",KARL STORZ THORAX,Sampling,Flexible biopsy forceps,,BIOPSY_FORCEPS_FLEX,verified_source,hidden,SRC087: Document p. 52 (PDF page 60),PRD-ABB6EC1153|10370M|Malleable Round Spoon Biopsy Forceps; PRD-615CDFB8AB|10358A|Flexible Spoon Biopsy Forceps; PRD-02641F9166|10371L|Round Spoon Biopsy Forceps,"No current same-manufacturer exact catalog-number match exists. The cited related family or configuration candidates use different official article numbers, sizes, components, or configurations; the authoritative THORAX catalog page supports this distinct exact identity."
B07-karl-storz,Karl Storz,127,1595,PRD-C665E88A51,MFR-12BAB1E48C,Karl Storz,11001KN,"Flexible Oval Spoon Biopsy Forceps, 1.8 mm x 120 cm",KARL STORZ THORAX,Sampling,Flexible biopsy forceps,,BIOPSY_FORCEPS_FLEX,verified_source,hidden,SRC087: Document p. 52 (PDF page 60),PRD-615CDFB8AB|10358A|Flexible Spoon Biopsy Forceps; PRD-F9A98419EA|10358B|Flexible Small Biopsy Forceps; PRD-ABB6EC1153|10370M|Malleable Round Spoon Biopsy Forceps,"No current same-manufacturer exact catalog-number match exists. The cited related family or configuration candidates use different official article numbers, sizes, components, or configurations; the authoritative THORAX catalog page supports this distinct exact identity."
B07-karl-storz,Karl Storz,127,1596,PRD-83EDFED017,MFR-12BAB1E48C,Karl Storz,11001KP,"Flexible Oval Spoon Biopsy Forceps with Spike, 1.8 mm x 120 cm",KARL STORZ THORAX,Sampling,Flexible biopsy forceps,,BIOPSY_FORCEPS_FLEX,verified_source,hidden,SRC087: Document p. 52 (PDF page 60),PRD-615CDFB8AB|10358A|Flexible Spoon Biopsy Forceps; PRD-ABB6EC1153|10370M|Malleable Round Spoon Biopsy Forceps; PRD-F9A98419EA|10358B|Flexible Small Biopsy Forceps,"No current same-manufacturer exact catalog-number match exists. The cited related family or configuration candidates use different official article numbers, sizes, components, or configurations; the authoritative THORAX catalog page supports this distinct exact identity."
B07-karl-storz,Karl Storz,127,1597,PRD-5BD9239FCA,MFR-12BAB1E48C,Karl Storz,11001KL,"Flexible Round Spoon Biopsy Forceps, 1.8 mm x 120 cm",KARL STORZ THORAX,Sampling,Flexible biopsy forceps,,BIOPSY_FORCEPS_FLEX,verified_source,hidden,SRC087: Document p. 50 (PDF page 58),PRD-ABB6EC1153|10370M|Malleable Round Spoon Biopsy Forceps; PRD-615CDFB8AB|10358A|Flexible Spoon Biopsy Forceps; PRD-02641F9166|10371L|Round Spoon Biopsy Forceps,"No current same-manufacturer exact catalog-number match exists. The cited related family or configuration candidates use different official article numbers, sizes, components, or configurations; the authoritative THORAX catalog page supports this distinct exact identity."
B07-karl-storz,Karl Storz,127,1605,PRD-2F7137B1CB,MFR-12BAB1E48C,Karl Storz,11001BN,"Broncho-Fiberscope for Adults, 5 mm x 54 cm",KARL STORZ THORAX,Flexible bronchoscopy,Reusable broncho-fiberscope,,FLEX_SCOPE_DIAGNOSTIC,verified_source,hidden,SRC087: Document p. 48 (PDF page 56),"PRD-17DB23EBC0|10452B|Bronchial Atomizer, 40 cm; PRD-99BC8714FF|10452A|Bronchial Atomizer, 50 cm; PRD-33120D5BE2|10318GL|Full Lumen Operating Bronchoscope for Stent Application","No current same-manufacturer exact catalog-number match exists. The cited related family or configuration candidates use different official article numbers, sizes, components, or configurations; the authoritative THORAX catalog page supports this distinct exact identity."
B07-karl-storz,Karl Storz,127,1606,PRD-122BC52117,MFR-12BAB1E48C,Karl Storz,11002BD,"Broncho-Fiberscope for Children, 3.7 mm x 54 cm",KARL STORZ THORAX,Flexible bronchoscopy,Reusable broncho-fiberscope,,FLEX_SCOPE_DIAGNOSTIC,verified_source,hidden,SRC087: Document p. 48 (PDF page 56),"PRD-17DB23EBC0|10452B|Bronchial Atomizer, 40 cm; PRD-99BC8714FF|10452A|Bronchial Atomizer, 50 cm; PRD-5D0F775ADC|10318D|Universal Bronchoscope, Distal Illumination, Size 6.5","No current same-manufacturer exact catalog-number match exists. The cited related family or configuration candidates use different official article numbers, sizes, components, or configurations; the authoritative THORAX catalog page supports this distinct exact identity."
B07-karl-storz,Karl Storz,127,1607,PRD-6877EA4AE6,MFR-12BAB1E48C,Karl Storz,11003BC,"Broncho-Fiberscope, 2.8 mm x 54 cm",KARL STORZ THORAX,Flexible bronchoscopy,Reusable broncho-fiberscope,,FLEX_SCOPE_DIAGNOSTIC,verified_source,hidden,SRC087: Document p. 48 (PDF page 56),"PRD-17DB23EBC0|10452B|Bronchial Atomizer, 40 cm; PRD-99BC8714FF|10452A|Bronchial Atomizer, 50 cm; PRD-2F1A67DE53|10438|Angled Aspiration Biopsy Needle 1.6 mm x 47 cm","No current same-manufacturer exact catalog-number match exists. The cited related family or configuration candidates use different official article numbers, sizes, components, or configurations; the authoritative THORAX catalog page supports this distinct exact identity."
B07-karl-storz,Karl Storz,127,1608,PRD-D5ED3DC515,MFR-12BAB1E48C,Karl Storz,11004BC,"Broncho-Fiberscope, 6.4 mm x 54 cm",KARL STORZ THORAX,Flexible bronchoscopy,Reusable broncho-fiberscope,,FLEX_SCOPE_DIAGNOSTIC,verified_source,hidden,SRC087: Document p. 48 (PDF page 56),"PRD-17DB23EBC0|10452B|Bronchial Atomizer, 40 cm; PRD-99BC8714FF|10452A|Bronchial Atomizer, 50 cm; PRD-8A19FB9627|10434A|HUZLY Suction Tube 4 mm x 50 cm","No current same-manufacturer exact catalog-number match exists. The cited related family or configuration candidates use different official article numbers, sizes, components, or configurations; the authoritative THORAX catalog page supports this distinct exact identity."
B07-karl-storz,Karl Storz,127,1609,PRD-0BB7A3887E,MFR-12BAB1E48C,Karl Storz,11005BC,"Broncho-Fiberscope for Examining Segmental Bronchi, 2.8 mm x 70 cm",KARL STORZ THORAX,Flexible bronchoscopy,Reusable broncho-fiberscope,,FLEX_SCOPE_DIAGNOSTIC,verified_source,hidden,SRC087: Document p. 48 (PDF page 56),PRD-33120D5BE2|10318GL|Full Lumen Operating Bronchoscope for Stent Application; PRD-B99F53FBC5|10318ER|Full Lumen Operating Bronchoscope for Stent Application; PRD-481074A513|10388A|Sponge Holder for Sterile Smears,"No current same-manufacturer exact catalog-number match exists. The cited related family or configuration candidates use different official article numbers, sizes, components, or configurations; the authoritative THORAX catalog page supports this distinct exact identity."
B07-karl-storz,Karl Storz,127,1610,PRD-2B86C32C8A,MFR-12BAB1E48C,Karl Storz,11009BC,"Broncho-Fiberscope, 5.6 mm x 54 cm",KARL STORZ THORAX,Flexible bronchoscopy,Reusable broncho-fiberscope,,FLEX_SCOPE_DIAGNOSTIC,verified_source,hidden,SRC087: Document p. 48 (PDF page 56),"PRD-17DB23EBC0|10452B|Bronchial Atomizer, 40 cm; PRD-99BC8714FF|10452A|Bronchial Atomizer, 50 cm; PRD-2F1A67DE53|10438|Angled Aspiration Biopsy Needle 1.6 mm x 47 cm","No current same-manufacturer exact catalog-number match exists. The cited related family or configuration candidates use different official article numbers, sizes, components, or configurations; the authoritative THORAX catalog page supports this distinct exact identity."
B07-karl-storz,Karl Storz,127,1611,PRD-1D8D1AF28C,MFR-12BAB1E48C,Karl Storz,11001BI,"Autofluorescence Broncho-Fiberscope, 5 mm x 54 cm",KARL STORZ THORAX,Flexible bronchoscopy,Autofluorescence broncho-fiberscope,,FLEX_SCOPE_DIAGNOSTIC,verified_source,hidden,SRC087: Document p. 98 (PDF page 106),PRD-71D13E3955|10318FL|Full Lumen Operating Bronchoscope; PRD-33120D5BE2|10318GL|Full Lumen Operating Bronchoscope for Stent Application; PRD-B99F53FBC5|10318ER|Full Lumen Operating Bronchoscope for Stent Application,"No current same-manufacturer exact catalog-number match exists. The cited related family or configuration candidates use different official article numbers, sizes, components, or configurations; the authoritative THORAX catalog page supports this distinct exact identity."
B07-karl-storz,Karl Storz,127,1612,PRD-B734D0D7DA,MFR-12BAB1E48C,Karl Storz,11004BI,"Autofluorescence Broncho-Fiberscope, 6.4 mm x 54 cm",KARL STORZ THORAX,Flexible bronchoscopy,Autofluorescence broncho-fiberscope,,FLEX_SCOPE_DIAGNOSTIC,verified_source,hidden,SRC087: Document p. 98 (PDF page 106),PRD-71D13E3955|10318FL|Full Lumen Operating Bronchoscope; PRD-33120D5BE2|10318GL|Full Lumen Operating Bronchoscope for Stent Application; PRD-B99F53FBC5|10318ER|Full Lumen Operating Bronchoscope for Stent Application,"No current same-manufacturer exact catalog-number match exists. The cited related family or configuration candidates use different official article numbers, sizes, components, or configurations; the authoritative THORAX catalog page supports this distinct exact identity."
B07-karl-storz,Karl Storz,127,1613,PRD-40955508D7,MFR-12BAB1E48C,Karl Storz,11009BI,"Autofluorescence Broncho-Fiberscope, 5.6 mm x 54 cm",KARL STORZ THORAX,Flexible bronchoscopy,Autofluorescence broncho-fiberscope,,FLEX_SCOPE_DIAGNOSTIC,verified_source,hidden,SRC087: Document p. 98 (PDF page 106),PRD-71D13E3955|10318FL|Full Lumen Operating Bronchoscope; PRD-33120D5BE2|10318GL|Full Lumen Operating Bronchoscope for Stent Application; PRD-B99F53FBC5|10318ER|Full Lumen Operating Bronchoscope for Stent Application,"No current same-manufacturer exact catalog-number match exists. The cited related family or configuration candidates use different official article numbers, sizes, components, or configurations; the authoritative THORAX catalog page supports this distinct exact identity."
B07-karl-storz,Karl Storz,127,1614,PRD-7214C74DFE,MFR-12BAB1E48C,Karl Storz,11007BS,"Cytology Brush Assembly, 1.7 mm x 80 cm",KARL STORZ THORAX,Sampling,Pulmonary cytology brush,,CYTOLOGY_BRUSH,verified_source,hidden,SRC087: Document p. 53 (PDF page 61),"PRD-DF989CBDCB|10436|Straight Aspiration Biopsy Needle 1.6 mm x 47 cm; PRD-F00EF2568E|10540|TONN Stent Applicator 8-13 mm, max 10 cm; PRD-BB11C206A4|10520|TONN Stent Applicator 14-18 mm, max 10 cm","No current same-manufacturer exact catalog-number match exists. The cited related family or configuration candidates use different official article numbers, sizes, components, or configurations; the authoritative THORAX catalog page supports this distinct exact identity."
B07-karl-storz,Karl Storz,127,1615,PRD-AA2564FB7E,MFR-12BAB1E48C,Karl Storz,11007E,"Replacement Cytology Brushes, Pack of 10",KARL STORZ THORAX,Sampling,Pulmonary cytology brush,,CYTOLOGY_BRUSH,verified_source,hidden,SRC087: Document p. 53 (PDF page 61),"PRD-D7A7620198|10478D|Suction Catheter 5 Fr, Pack of 6; PRD-129E6C270A|10432ED|Single-Use Plastic Collection Device, Pack of 100; PRD-212BC58910|10386B|Foreign Body Basket, 35 cm","No current same-manufacturer exact catalog-number match exists. The cited related family or configuration candidates use different official article numbers, sizes, components, or configurations; the authoritative THORAX catalog page supports this distinct exact identity."
B07-karl-storz,Karl Storz,127,1616,PRD-449C642234,MFR-12BAB1E48C,Karl Storz,10770B,"Flexible Button Electrode, 1.7 mm x 80 cm",KARL STORZ THORAX,Therapeutic bronchoscopy,Flexible electrosurgery electrode,,,verified_source,hidden,SRC087: Document p. 53 (PDF page 61),"PRD-F00EF2568E|10540|TONN Stent Applicator 8-13 mm, max 10 cm; PRD-BB11C206A4|10520|TONN Stent Applicator 14-18 mm, max 10 cm; PRD-DADAA6184C|10550|TONN Stent Applicator 9-12 mm, max 6 cm","No current same-manufacturer exact catalog-number match exists. The cited related family or configuration candidates use different official article numbers, sizes, components, or configurations; the authoritative THORAX catalog page supports this distinct exact identity."
B07-karl-storz,Karl Storz,127,1662,PRD-2FBA3476D5,MFR-12BAB1E48C,Karl Storz,11008E,"Flexible Suction Catheter, 5 Fr, without Adaptor",KARL STORZ THORAX,Flexible bronchoscopy,Flexible suction catheter,,,verified_source,hidden,SRC087: Document p. 54 (PDF page 62),PRD-28C10C5EE9|10468D|Suction Catheter 5 Fr with Adapter; PRD-9188CC0F47|10468B|Suction Catheter 7 Fr with Adapter; PRD-C0C6302286|10468C|Suction Catheter 6 Fr with Adapter,"No current same-manufacturer exact catalog-number match exists. The cited related family or configuration candidates use different official article numbers, sizes, components, or configurations; the authoritative THORAX catalog page supports this distinct exact identity."
B07-karl-storz,Karl Storz,127,1669,PRD-1F9120ECB0,MFR-12BAB1E48C,Karl Storz,27651AK,"Flexible Cleaning Brush, 2 mm x 75 cm",KARL STORZ THORAX,Reprocessing,Cleaning brush,,ENDOSCOPE_CLEANING_BRUSH,verified_source,hidden,SRC087: Document p. 51 (PDF page 59),"PRD-0EA65ED2D3|40120NL|Flexible Cannula, No Valve; PRD-247C9B978C|40120NAL|Flexible Trocar with Blunt Tip, No Valve; PRD-06811F5515|10434B|HUZLY Suction Tube 3 mm x 35 cm","No current same-manufacturer exact catalog-number match exists. The cited related family or configuration candidates use different official article numbers, sizes, components, or configurations; the authoritative THORAX catalog page supports this distinct exact identity."
B07-karl-storz,Karl Storz,127,1670,PRD-F08EF9B50F,MFR-12BAB1E48C,Karl Storz,27651AL,"Flexible Cleaning Brush, 2 mm x 150 cm",KARL STORZ THORAX,Reprocessing,Cleaning brush,,ENDOSCOPE_CLEANING_BRUSH,verified_source,hidden,SRC087: Document p. 51 (PDF page 59),"PRD-0EA65ED2D3|40120NL|Flexible Cannula, No Valve; PRD-8A19FB9627|10434A|HUZLY Suction Tube 4 mm x 50 cm; PRD-247C9B978C|40120NAL|Flexible Trocar with Blunt Tip, No Valve","No current same-manufacturer exact catalog-number match exists. The cited related family or configuration candidates use different official article numbers, sizes, components, or configurations; the authoritative THORAX catalog page supports this distinct exact identity."
B07-karl-storz,Karl Storz,127,1671,PRD-A1B3741E75,MFR-12BAB1E48C,Karl Storz,27651B,"Flexible Cleaning Brush, 3 mm x 100 cm",KARL STORZ THORAX,Reprocessing,Cleaning brush,,ENDOSCOPE_CLEANING_BRUSH,verified_source,hidden,SRC087: Document p. 51 (PDF page 59),"PRD-0EA65ED2D3|40120NL|Flexible Cannula, No Valve; PRD-247C9B978C|40120NAL|Flexible Trocar with Blunt Tip, No Valve; PRD-8A19FB9627|10434A|HUZLY Suction Tube 4 mm x 50 cm","No current same-manufacturer exact catalog-number match exists. The cited related family or configuration candidates use different official article numbers, sizes, components, or configurations; the authoritative THORAX catalog page supports this distinct exact identity."
B07-karl-storz,Karl Storz,127,1672,PRD-1296B5E81A,MFR-12BAB1E48C,Karl Storz,27651C,"Flexible Cleaning Brush, 4 mm x 230 cm",KARL STORZ THORAX,Reprocessing,Cleaning brush,,ENDOSCOPE_CLEANING_BRUSH,verified_source,hidden,SRC087: Document p. 51 (PDF page 59),"PRD-0EA65ED2D3|40120NL|Flexible Cannula, No Valve; PRD-247C9B978C|40120NAL|Flexible Trocar with Blunt Tip, No Valve; PRD-06811F5515|10434B|HUZLY Suction Tube 3 mm x 35 cm","No current same-manufacturer exact catalog-number match exists. The cited related family or configuration candidates use different official article numbers, sizes, components, or configurations; the authoritative THORAX catalog page supports this distinct exact identity."
B07-karl-storz,Karl Storz,127,1695,PRD-F2DAE07C64,MFR-12BAB1E48C,Karl Storz,11161KE,"Flexible Unipolar Coagulation Electrode, 1 mm x 110 cm",KARL STORZ THORAX,Therapeutic bronchoscopy,Flexible electrosurgery electrode,,,verified_source,hidden,SRC087: Document p. 101 (PDF page 109),"PRD-8A19FB9627|10434A|HUZLY Suction Tube 4 mm x 50 cm; PRD-129E6C270A|10432ED|Single-Use Plastic Collection Device, Pack of 100; PRD-2F1A67DE53|10438|Angled Aspiration Biopsy Needle 1.6 mm x 47 cm","No current same-manufacturer exact catalog-number match exists. The cited related family or configuration candidates use different official article numbers, sizes, components, or configurations; the authoritative THORAX catalog page supports this distinct exact identity."
B07-karl-storz,Karl Storz,127,1715,PRD-DA34CBFF14,MFR-12BAB1E48C,Karl Storz,10339EE,"DOESEL-HUZLY Bronchoscope, Size 3, 26 cm",KARL STORZ THORAX,Rigid bronchoscopy,Pediatric rigid bronchoscope,,RIGID_BRONCHOSCOPE_BARREL,verified_source,hidden,SRC087: Document p. 71 (PDF page 79),"PRD-F1D5F37924|10318BK|Universal Rigid Bronchoscope Size 8.5; PRD-5D0F775ADC|10318D|Universal Bronchoscope, Distal Illumination, Size 6.5; PRD-6707AC67D1|10318B|Universal Bronchoscope, Distal Illumination, Size 8.5","No current same-manufacturer exact catalog-number match exists. The cited related family or configuration candidates use different official article numbers, sizes, components, or configurations; the authoritative THORAX catalog page supports this distinct exact identity."
B07-karl-storz,Karl Storz,127,1716,PRD-973BDAB586,MFR-12BAB1E48C,Karl Storz,10339EEE,"DOESEL-HUZLY Bronchoscope, Size 3, 30 cm",KARL STORZ THORAX,Rigid bronchoscopy,Pediatric rigid bronchoscope,,RIGID_BRONCHOSCOPE_BARREL,verified_source,hidden,SRC087: Document p. 71 (PDF page 79),"PRD-F1D5F37924|10318BK|Universal Rigid Bronchoscope Size 8.5; PRD-5D0F775ADC|10318D|Universal Bronchoscope, Distal Illumination, Size 6.5; PRD-6707AC67D1|10318B|Universal Bronchoscope, Distal Illumination, Size 8.5","No current same-manufacturer exact catalog-number match exists. The cited related family or configuration candidates use different official article numbers, sizes, components, or configurations; the authoritative THORAX catalog page supports this distinct exact identity."
B07-karl-storz,Karl Storz,127,1717,PRD-DB755221C4,MFR-12BAB1E48C,Karl Storz,10339G,"DOESEL-HUZLY Bronchoscope, Size 3.7, 30 cm",KARL STORZ THORAX,Rigid bronchoscopy,Pediatric rigid bronchoscope,,RIGID_BRONCHOSCOPE_BARREL,verified_source,hidden,SRC087: Document p. 71 (PDF page 79),"PRD-F1D5F37924|10318BK|Universal Rigid Bronchoscope Size 8.5; PRD-5D0F775ADC|10318D|Universal Bronchoscope, Distal Illumination, Size 6.5; PRD-6707AC67D1|10318B|Universal Bronchoscope, Distal Illumination, Size 8.5","No current same-manufacturer exact catalog-number match exists. The cited related family or configuration candidates use different official article numbers, sizes, components, or configurations; the authoritative THORAX catalog page supports this distinct exact identity."
B07-karl-storz,Karl Storz,127,1718,PRD-0451E9F3F7,MFR-12BAB1E48C,Karl Storz,10339F,"DOESEL-HUZLY Bronchoscope, Size 2.5, 18.5 cm",KARL STORZ THORAX,Rigid bronchoscopy,Pediatric rigid bronchoscope,,RIGID_BRONCHOSCOPE_BARREL,verified_source,hidden,SRC087: Document p. 71 (PDF page 79),"PRD-F1D5F37924|10318BK|Universal Rigid Bronchoscope Size 8.5; PRD-6707AC67D1|10318B|Universal Bronchoscope, Distal Illumination, Size 8.5; PRD-5D0F775ADC|10318D|Universal Bronchoscope, Distal Illumination, Size 6.5","No current same-manufacturer exact catalog-number match exists. The cited related family or configuration candidates use different official article numbers, sizes, components, or configurations; the authoritative THORAX catalog page supports this distinct exact identity."
B07-karl-storz,Karl Storz,127,1719,PRD-F18D8E0CD8,MFR-12BAB1E48C,Karl Storz,10339D,"DOESEL-HUZLY Bronchoscope, Size 3.5, 18.5 cm",KARL STORZ THORAX,Rigid bronchoscopy,Pediatric rigid bronchoscope,,RIGID_BRONCHOSCOPE_BARREL,verified_source,hidden,SRC087: Document p. 71 (PDF page 79),"PRD-F1D5F37924|10318BK|Universal Rigid Bronchoscope Size 8.5; PRD-6707AC67D1|10318B|Universal Bronchoscope, Distal Illumination, Size 8.5; PRD-5D0F775ADC|10318D|Universal Bronchoscope, Distal Illumination, Size 6.5","No current same-manufacturer exact catalog-number match exists. The cited related family or configuration candidates use different official article numbers, sizes, components, or configurations; the authoritative THORAX catalog page supports this distinct exact identity."
B07-karl-storz,Karl Storz,127,1720,PRD-122789E385,MFR-12BAB1E48C,Karl Storz,10339A,"DOESEL-HUZLY Bronchoscope, Size 6, 30 cm",KARL STORZ THORAX,Rigid bronchoscopy,Pediatric rigid bronchoscope,,RIGID_BRONCHOSCOPE_BARREL,verified_source,hidden,SRC087: Document p. 71 (PDF page 79),"PRD-F1D5F37924|10318BK|Universal Rigid Bronchoscope Size 8.5; PRD-5D0F775ADC|10318D|Universal Bronchoscope, Distal Illumination, Size 6.5; PRD-6707AC67D1|10318B|Universal Bronchoscope, Distal Illumination, Size 8.5","No current same-manufacturer exact catalog-number match exists. The cited related family or configuration candidates use different official article numbers, sizes, components, or configurations; the authoritative THORAX catalog page supports this distinct exact identity."
B07-karl-storz,Karl Storz,127,1721,PRD-F60DA91352,MFR-12BAB1E48C,Karl Storz,13252KU,"Flexible Serrated Spoon Grasping Forceps, 2.3 mm x 120 cm",KARL STORZ THORAX,Retrieval,Flexible grasping forceps,,FOREIGN_BODY_FORCEPS_FLEX,verified_source,hidden,SRC087: Document p. 100 (PDF page 108),PRD-615CDFB8AB|10358A|Flexible Spoon Biopsy Forceps; PRD-ABB6EC1153|10370M|Malleable Round Spoon Biopsy Forceps; PRD-F9A98419EA|10358B|Flexible Small Biopsy Forceps,"No current same-manufacturer exact catalog-number match exists. The cited related family or configuration candidates use different official article numbers, sizes, components, or configurations; the authoritative THORAX catalog page supports this distinct exact identity."
B07-karl-storz,Karl Storz,127,1738,PRD-C3CFAD5E58,MFR-12BAB1E48C,Karl Storz,13250KN,"Flexible Oval Spoon Biopsy Forceps, 2.3 mm x 120 cm",KARL STORZ THORAX,Sampling,Flexible biopsy forceps,,BIOPSY_FORCEPS_FLEX,verified_source,hidden,SRC087: Document p. 100 (PDF page 108),PRD-615CDFB8AB|10358A|Flexible Spoon Biopsy Forceps; PRD-F9A98419EA|10358B|Flexible Small Biopsy Forceps; PRD-ABB6EC1153|10370M|Malleable Round Spoon Biopsy Forceps,"No current same-manufacturer exact catalog-number match exists. The cited related family or configuration candidates use different official article numbers, sizes, components, or configurations; the authoritative THORAX catalog page supports this distinct exact identity."
B07-karl-storz,Karl Storz,127,1739,PRD-61AF4EE90B,MFR-12BAB1E48C,Karl Storz,13252KX,"Flexible Serrated Alligator Grasping Forceps, 2.3 mm x 120 cm",KARL STORZ THORAX,Retrieval,Flexible grasping forceps,,FOREIGN_BODY_FORCEPS_FLEX,verified_source,hidden,SRC087: Document p. 100 (PDF page 108),"PRD-F9A98419EA|10358B|Flexible Small Biopsy Forceps; PRD-DF989CBDCB|10436|Straight Aspiration Biopsy Needle 1.6 mm x 47 cm; PRD-F00EF2568E|10540|TONN Stent Applicator 8-13 mm, max 10 cm","No current same-manufacturer exact catalog-number match exists. The cited related family or configuration candidates use different official article numbers, sizes, components, or configurations; the authoritative THORAX catalog page supports this distinct exact identity."
B07-karl-storz,Karl Storz,127,1740,PRD-54ACB4FCF8,MFR-12BAB1E48C,Karl Storz,10338P,FLUVOG Adaptor,KARL STORZ THORAX,Rigid bronchoscopy,Rigid bronchoscope accessory,,RIGID_BRONCHOSCOPE_ACCESSORY,verified_source,hidden,SRC087: Document p. 71 (PDF page 79),PRD-758E53CAAF|10315P|FLUVOG Adapter; PRD-AF93E56FE5|10314P|FLUVOG Adapter; PRD-768CEEE32B|10924DL|Long Respirator Adapter,"No current same-manufacturer exact catalog-number match exists. The cited related family or configuration candidates use different official article numbers, sizes, components, or configurations; the authoritative THORAX catalog page supports this distinct exact identity."
B07-karl-storz,Karl Storz,127,1741,PRD-28CA7E5E8C,MFR-12BAB1E48C,Karl Storz,10023ABA,"HOPKINS Straight Forward Telescope 0 deg, 2.8 mm x 44 cm",KARL STORZ THORAX,Rigid bronchoscopy,Rigid bronchoscopy telescope,,RIGID_TELESCOPE,verified_source,hidden,SRC087: Document p. 73 (PDF page 81),PRD-3D91F04C91|10005AA|HOPKINS II Straight Forward Telescope; PRD-6274807854|10328AA|HOPKINS Straight Forward Telescope; PRD-EC45CB0F5D|10320AA|HOPKINS Straight Forward Telescope,"No current same-manufacturer exact catalog-number match exists. The cited related family or configuration candidates use different official article numbers, sizes, components, or configurations; the authoritative THORAX catalog page supports this distinct exact identity."
B07-karl-storz,Karl Storz,127,1745,PRD-633BBCEEBA,MFR-12BAB1E48C,Karl Storz,10338U,Semiflexible Alligator/Spoon Forceps,KARL STORZ THORAX,Rigid bronchoscopy,Optical pediatric rigid bronchoscopy forceps,,RIGID_FORCEPS,verified_source,hidden,SRC087: Document p. 72 (PDF page 80),PRD-F9A98419EA|10358B|Flexible Small Biopsy Forceps; PRD-615CDFB8AB|10358A|Flexible Spoon Biopsy Forceps; PRD-4A98F07FC6|10352H|Optical Alligator Forceps,"No current same-manufacturer exact catalog-number match exists. The cited related family or configuration candidates use different official article numbers, sizes, components, or configurations; the authoritative THORAX catalog page supports this distinct exact identity."
B07-karl-storz,Karl Storz,127,1748,PRD-4CDD550305,MFR-12BAB1E48C,Karl Storz,10338X,Semiflexible Spoon Biopsy Forceps,KARL STORZ THORAX,Rigid bronchoscopy,Optical pediatric rigid bronchoscopy forceps,,RIGID_FORCEPS,verified_source,hidden,SRC087: Document p. 72 (PDF page 80),PRD-615CDFB8AB|10358A|Flexible Spoon Biopsy Forceps; PRD-F9A98419EA|10358B|Flexible Small Biopsy Forceps; PRD-ABB6EC1153|10370M|Malleable Round Spoon Biopsy Forceps,"No current same-manufacturer exact catalog-number match exists. The cited related family or configuration candidates use different official article numbers, sizes, components, or configurations; the authoritative THORAX catalog page supports this distinct exact identity."
B07-karl-storz,Karl Storz,127,1754,PRD-F454186BF6,MFR-12BAB1E48C,Karl Storz,10338M,Glass Window Plug,KARL STORZ THORAX,Rigid bronchoscopy,Rigid bronchoscope accessory,,RIGID_BRONCHOSCOPE_ACCESSORY,verified_source,hidden,SRC087: Document p. 71 (PDF page 79),PRD-A504350406|10315M|Glass Window Plug; PRD-B05D337994|10314BM|Glass Window Plug; PRD-ABB6EC1153|10370M|Malleable Round Spoon Biopsy Forceps,"No current same-manufacturer exact catalog-number match exists. The cited related family or configuration candidates use different official article numbers, sizes, components, or configurations; the authoritative THORAX catalog page supports this distinct exact identity."
B07-karl-storz,Karl Storz,127,1756,PRD-97A222ED41,MFR-12BAB1E48C,Karl Storz,11003MB,"Flexible Grasping Forceps, 1 mm x 110 cm",KARL STORZ THORAX,Retrieval,Flexible grasping forceps,,FOREIGN_BODY_FORCEPS_FLEX,verified_source,hidden,SRC087: Document p. 50 (PDF page 58),PRD-615CDFB8AB|10358A|Flexible Spoon Biopsy Forceps; PRD-F9A98419EA|10358B|Flexible Small Biopsy Forceps; PRD-2F1A67DE53|10438|Angled Aspiration Biopsy Needle 1.6 mm x 47 cm,"No current same-manufacturer exact catalog-number match exists. The cited related family or configuration candidates use different official article numbers, sizes, components, or configurations; the authoritative THORAX catalog page supports this distinct exact identity."
B07-karl-storz,Karl Storz,127,1757,PRD-DC2AEF06F9,MFR-12BAB1E48C,Karl Storz,13252KS,"Flexible Alligator Grasping Forceps, 2.3 mm x 120 cm",KARL STORZ THORAX,Retrieval,Flexible grasping forceps,,FOREIGN_BODY_FORCEPS_FLEX,verified_source,hidden,SRC087: Document p. 52 (PDF page 60),PRD-F9A98419EA|10358B|Flexible Small Biopsy Forceps; PRD-DF989CBDCB|10436|Straight Aspiration Biopsy Needle 1.6 mm x 47 cm; PRD-615CDFB8AB|10358A|Flexible Spoon Biopsy Forceps,"No current same-manufacturer exact catalog-number match exists. The cited related family or configuration candidates use different official article numbers, sizes, components, or configurations; the authoritative THORAX catalog page supports this distinct exact identity."
B07-karl-storz,Karl Storz,127,1758,PRD-5E530E651B,MFR-12BAB1E48C,Karl Storz,11002KZ,"Flexible Serrated 1 x 2-Tooth Grasping Forceps, 1.8 mm x 120 cm",KARL STORZ THORAX,Retrieval,Flexible grasping forceps,,FOREIGN_BODY_FORCEPS_FLEX,verified_source,hidden,SRC087: Document p. 52 (PDF page 60),PRD-615CDFB8AB|10358A|Flexible Spoon Biopsy Forceps; PRD-F9A98419EA|10358B|Flexible Small Biopsy Forceps; PRD-DF989CBDCB|10436|Straight Aspiration Biopsy Needle 1.6 mm x 47 cm,"No current same-manufacturer exact catalog-number match exists. The cited related family or configuration candidates use different official article numbers, sizes, components, or configurations; the authoritative THORAX catalog page supports this distinct exact identity."
B07-karl-storz,Karl Storz,127,1759,PRD-F14FD13B3E,MFR-12BAB1E48C,Karl Storz,11002KT,"Flexible Round Alligator Grasping Forceps, 1.8 mm x 120 cm",KARL STORZ THORAX,Retrieval,Flexible grasping forceps,,FOREIGN_BODY_FORCEPS_FLEX,verified_source,hidden,SRC087: Document p. 52 (PDF page 60),PRD-F9A98419EA|10358B|Flexible Small Biopsy Forceps; PRD-DF989CBDCB|10436|Straight Aspiration Biopsy Needle 1.6 mm x 47 cm; PRD-ABB6EC1153|10370M|Malleable Round Spoon Biopsy Forceps,"No current same-manufacturer exact catalog-number match exists. The cited related family or configuration candidates use different official article numbers, sizes, components, or configurations; the authoritative THORAX catalog page supports this distinct exact identity."
B07-karl-storz,Karl Storz,127,1760,PRD-4297AD020B,MFR-12BAB1E48C,Karl Storz,11002KX,"Flexible Serrated Alligator Grasping Forceps, 1.8 mm x 120 cm",KARL STORZ THORAX,Retrieval,Flexible grasping forceps,,FOREIGN_BODY_FORCEPS_FLEX,verified_source,hidden,SRC087: Document p. 52 (PDF page 60),"PRD-F9A98419EA|10358B|Flexible Small Biopsy Forceps; PRD-DF989CBDCB|10436|Straight Aspiration Biopsy Needle 1.6 mm x 47 cm; PRD-BB11C206A4|10520|TONN Stent Applicator 14-18 mm, max 10 cm","No current same-manufacturer exact catalog-number match exists. The cited related family or configuration candidates use different official article numbers, sizes, components, or configurations; the authoritative THORAX catalog page supports this distinct exact identity."
B07-karl-storz,Karl Storz,127,1761,PRD-F1A98A53E9,MFR-12BAB1E48C,Karl Storz,11002KS,"Flexible Alligator Grasping Forceps, 1.8 mm x 120 cm",KARL STORZ THORAX,Retrieval,Flexible grasping forceps,,FOREIGN_BODY_FORCEPS_FLEX,verified_source,hidden,SRC087: Document p. 50 (PDF page 58),"PRD-F9A98419EA|10358B|Flexible Small Biopsy Forceps; PRD-DF989CBDCB|10436|Straight Aspiration Biopsy Needle 1.6 mm x 47 cm; PRD-BB11C206A4|10520|TONN Stent Applicator 14-18 mm, max 10 cm","No current same-manufacturer exact catalog-number match exists. The cited related family or configuration candidates use different official article numbers, sizes, components, or configurations; the authoritative THORAX catalog page supports this distinct exact identity."
B07-karl-storz,Karl Storz,127,1762,PRD-847AFDF500,MFR-12BAB1E48C,Karl Storz,11002KU,"Flexible Serrated Spoon Grasping Forceps, 1.8 mm x 120 cm",KARL STORZ THORAX,Retrieval,Flexible grasping forceps,,FOREIGN_BODY_FORCEPS_FLEX,verified_source,hidden,SRC087: Document p. 52 (PDF page 60),PRD-615CDFB8AB|10358A|Flexible Spoon Biopsy Forceps; PRD-ABB6EC1153|10370M|Malleable Round Spoon Biopsy Forceps; PRD-DF989CBDCB|10436|Straight Aspiration Biopsy Needle 1.6 mm x 47 cm,"No current same-manufacturer exact catalog-number match exists. The cited related family or configuration candidates use different official article numbers, sizes, components, or configurations; the authoritative THORAX catalog page supports this distinct exact identity."
B07-karl-storz,Karl Storz,127,1766,PRD-FDE3543771,MFR-12BAB1E48C,Karl Storz,10020ATA,"HOPKINS Straight Forward Telescope 0 deg, 2.9 mm x 30 cm",KARL STORZ THORAX,Rigid bronchoscopy,Rigid bronchoscopy telescope,,RIGID_TELESCOPE,verified_source,hidden,SRC087: Document p. 73 (PDF page 81),PRD-3D91F04C91|10005AA|HOPKINS II Straight Forward Telescope; PRD-6274807854|10328AA|HOPKINS Straight Forward Telescope; PRD-EC45CB0F5D|10320AA|HOPKINS Straight Forward Telescope,"No current same-manufacturer exact catalog-number match exists. The cited related family or configuration candidates use different official article numbers, sizes, components, or configurations; the authoritative THORAX catalog page supports this distinct exact identity."
B07-karl-storz,Karl Storz,127,1767,PRD-10327C6D62,MFR-12BAB1E48C,Karl Storz,10338S,"Guide Piece for Suction Catheter, Pediatric Bronchoscope",KARL STORZ THORAX,Rigid bronchoscopy,Rigid bronchoscope accessory,,RIGID_BRONCHOSCOPE_ACCESSORY,verified_source,hidden,SRC087: Document p. 71 (PDF page 79),PRD-1EEDD71C53|10318S|Instrument Guide for Suction Catheter; PRD-71D13E3955|10318FL|Full Lumen Operating Bronchoscope; PRD-BC16136731|10337R|GRONINGEN Optical Dilation Tracheoscope,"No current same-manufacturer exact catalog-number match exists. The cited related family or configuration candidates use different official article numbers, sizes, components, or configurations; the authoritative THORAX catalog page supports this distinct exact identity."
B07-karl-storz,Karl Storz,127,1768,PRD-7B8E07DF5F,MFR-12BAB1E48C,Karl Storz,13266H,Handle for Cytology Brush 11007 BS,KARL STORZ THORAX,Sampling,Cytology brush component,,,verified_source,hidden,SRC087: Document p. 53 (PDF page 61),"PRD-934DA56D92|10435A|Puncture Needle for Histology; PRD-A2FCA81CFA|10386A|Foreign Body Basket, 50 cm; PRD-481074A513|10388A|Sponge Holder for Sterile Smears","No current same-manufacturer exact catalog-number match exists. The cited related family or configuration candidates use different official article numbers, sizes, components, or configurations; the authoritative THORAX catalog page supports this distinct exact identity."
B07-karl-storz,Karl Storz,127,1769,PRD-DF8AFD026D,MFR-12BAB1E48C,Karl Storz,10374HF,Optical Alligator Forceps for Hard Foreign Bodies,KARL STORZ THORAX,Rigid bronchoscopy,Optical pediatric rigid bronchoscopy forceps,,RIGID_FORCEPS,verified_source,hidden,SRC087: Document p. 77 (PDF page 85),PRD-1905FD9828|10350HF|Optical Alligator Forceps for Hard Foreign Bodies; PRD-60ED7DF50E|10366H|Alligator Forceps for Hard Foreign Bodies; PRD-7BC31438E7|10367H|Alligator Forceps for Hard Foreign Bodies,"No current same-manufacturer exact catalog-number match exists. The cited related family or configuration candidates use different official article numbers, sizes, components, or configurations; the authoritative THORAX catalog page supports this distinct exact identity."
B07-karl-storz,Karl Storz,127,1770,PRD-35AFD5B538,MFR-12BAB1E48C,Karl Storz,26034AA,HOPKINS Straight Forward Thoracoscope 0 deg with Integrated Working Channel,KARL STORZ THORAX,Medical thoracoscopy,Integrated-working-channel thoracoscope,,THORACOSCOPE_RIGID,verified_source,hidden,SRC087: Document p. SP4 (PDF page 270),PRD-F1712066B6|26072BA|HOPKINS II Thoracoscopy Telescope; PRD-6274807854|10328AA|HOPKINS Straight Forward Telescope; PRD-EC45CB0F5D|10320AA|HOPKINS Straight Forward Telescope,"No current same-manufacturer exact catalog-number match exists. The cited related family or configuration candidates use different official article numbers, sizes, components, or configurations; the authoritative THORAX catalog page supports this distinct exact identity."
B07-karl-storz,Karl Storz,127,1771,PRD-0288AF3C36,MFR-12BAB1E48C,Karl Storz,10018AA,"HOPKINS Straight Forward Telescope 0 deg, 2.7 mm x 18 cm",KARL STORZ THORAX,Rigid bronchoscopy,Rigid bronchoscopy telescope,,RIGID_TELESCOPE,verified_source,hidden,SRC087: Document p. 73 (PDF page 81),PRD-3D91F04C91|10005AA|HOPKINS II Straight Forward Telescope; PRD-6274807854|10328AA|HOPKINS Straight Forward Telescope; PRD-EC45CB0F5D|10320AA|HOPKINS Straight Forward Telescope,"No current same-manufacturer exact catalog-number match exists. The cited related family or configuration candidates use different official article numbers, sizes, components, or configurations; the authoritative THORAX catalog page supports this distinct exact identity."
B07-karl-storz,Karl Storz,127,1773,PRD-C52FF9A31A,MFR-12BAB1E48C,Karl Storz,10018BA,HOPKINS Forward-Oblique Telescope 30 deg,KARL STORZ THORAX,Rigid bronchoscopy,Rigid bronchoscopy telescope,,RIGID_TELESCOPE,verified_source,hidden,SRC087: Document p. SP3 (PDF page 269),PRD-5CCBBDD4CF|10005BA|HOPKINS II Forward-Oblique Telescope; PRD-0FD6CC7A8E|10320BA|HOPKINS Forward-Oblique Telescope; PRD-3D91F04C91|10005AA|HOPKINS II Straight Forward Telescope,"No current same-manufacturer exact catalog-number match exists. The cited related family or configuration candidates use different official article numbers, sizes, components, or configurations; the authoritative THORAX catalog page supports this distinct exact identity."
B07-karl-storz,Karl Storz,127,1774,PRD-18877E1C7E,MFR-12BAB1E48C,Karl Storz,10020BA,HOPKINS Forward-Oblique Telescope 30 deg,KARL STORZ THORAX,Rigid bronchoscopy,Rigid bronchoscopy telescope,,RIGID_TELESCOPE,verified_source,hidden,SRC087: Document p. SP3 (PDF page 269),PRD-5CCBBDD4CF|10005BA|HOPKINS II Forward-Oblique Telescope; PRD-0FD6CC7A8E|10320BA|HOPKINS Forward-Oblique Telescope; PRD-3D91F04C91|10005AA|HOPKINS II Straight Forward Telescope,"No current same-manufacturer exact catalog-number match exists. The cited related family or configuration candidates use different official article numbers, sizes, components, or configurations; the authoritative THORAX catalog page supports this distinct exact identity."
B07-karl-storz,Karl Storz,127,1775,PRD-AD4AAF21E4,MFR-12BAB1E48C,Karl Storz,10328BA,HOPKINS Forward-Oblique Telescope 30 deg,KARL STORZ THORAX,Rigid bronchoscopy,Rigid bronchoscopy telescope,,RIGID_TELESCOPE,verified_source,hidden,SRC087: Document p. SP3 (PDF page 269),PRD-0FD6CC7A8E|10320BA|HOPKINS Forward-Oblique Telescope; PRD-6274807854|10328AA|HOPKINS Straight Forward Telescope; PRD-5CCBBDD4CF|10005BA|HOPKINS II Forward-Oblique Telescope,"No current same-manufacturer exact catalog-number match exists. The cited related family or configuration candidates use different official article numbers, sizes, components, or configurations; the authoritative THORAX catalog page supports this distinct exact identity."
B07-karl-storz,Karl Storz,127,1776,PRD-50465694B0,MFR-12BAB1E48C,Karl Storz,10320BP,HOPKINS Autofluorescence Forward-Oblique Telescope 30 deg,KARL STORZ THORAX,Rigid bronchoscopy,Rigid bronchoscopy telescope,,RIGID_TELESCOPE,verified_source,hidden,SRC087: Document p. 103 (PDF page 111),PRD-0FD6CC7A8E|10320BA|HOPKINS Forward-Oblique Telescope; PRD-EC45CB0F5D|10320AA|HOPKINS Straight Forward Telescope; PRD-6274807854|10328AA|HOPKINS Straight Forward Telescope,"No current same-manufacturer exact catalog-number match exists. The cited related family or configuration candidates use different official article numbers, sizes, components, or configurations; the authoritative THORAX catalog page supports this distinct exact identity."
B07-karl-storz,Karl Storz,127,1777,PRD-4F0040C995,MFR-12BAB1E48C,Karl Storz,10324BA,"HOPKINS II Forward-Oblique Telescope 30 deg, 2.9 mm x 36 cm",KARL STORZ THORAX,Rigid bronchoscopy,Rigid bronchoscopy telescope,,RIGID_TELESCOPE,verified_source,hidden,SRC087: Document p. 73 (PDF page 81),PRD-0FD6CC7A8E|10320BA|HOPKINS Forward-Oblique Telescope; PRD-5CCBBDD4CF|10005BA|HOPKINS II Forward-Oblique Telescope; PRD-6274807854|10328AA|HOPKINS Straight Forward Telescope,"No current same-manufacturer exact catalog-number match exists. The cited related family or configuration candidates use different official article numbers, sizes, components, or configurations; the authoritative THORAX catalog page supports this distinct exact identity."
B07-karl-storz,Karl Storz,127,1780,PRD-D2350C1510,MFR-12BAB1E48C,Karl Storz,10017AA,"HOPKINS II Straight Forward Telescope 0 deg, 1.9/2.1 mm x 18 cm",KARL STORZ THORAX,Rigid bronchoscopy,Rigid bronchoscopy telescope,,RIGID_TELESCOPE,verified_source,hidden,SRC087: Document p. 72 (PDF page 80),PRD-3D91F04C91|10005AA|HOPKINS II Straight Forward Telescope; PRD-6274807854|10328AA|HOPKINS Straight Forward Telescope; PRD-EC45CB0F5D|10320AA|HOPKINS Straight Forward Telescope,"No current same-manufacturer exact catalog-number match exists. The cited related family or configuration candidates use different official article numbers, sizes, components, or configurations; the authoritative THORAX catalog page supports this distinct exact identity."
B07-karl-storz,Karl Storz,127,1786,PRD-640AEAA318,MFR-12BAB1E48C,Karl Storz,10320DP,HOPKINS Autofluorescence Lateral Telescope 90 deg,KARL STORZ THORAX,Rigid bronchoscopy,Rigid bronchoscopy telescope,,RIGID_TELESCOPE,verified_source,hidden,SRC087: Document p. 103 (PDF page 111),PRD-BB9A5CC0AE|10320DA|HOPKINS Lateral Telescope; PRD-EC45CB0F5D|10320AA|HOPKINS Straight Forward Telescope; PRD-0FD6CC7A8E|10320BA|HOPKINS Forward-Oblique Telescope,"No current same-manufacturer exact catalog-number match exists. The cited related family or configuration candidates use different official article numbers, sizes, components, or configurations; the authoritative THORAX catalog page supports this distinct exact identity."
B07-karl-storz,Karl Storz,127,1787,PRD-6A8C156F24,MFR-12BAB1E48C,Karl Storz,10320E,HOPKINS Retrospective Telescope 120 deg,KARL STORZ THORAX,Rigid bronchoscopy,Rigid bronchoscopy telescope,,RIGID_TELESCOPE,verified_source,hidden,SRC087: Document p. SP3 (PDF page 269),PRD-0FD6CC7A8E|10320BA|HOPKINS Forward-Oblique Telescope; PRD-BB9A5CC0AE|10320DA|HOPKINS Lateral Telescope; PRD-EC45CB0F5D|10320AA|HOPKINS Straight Forward Telescope,"No current same-manufacturer exact catalog-number match exists. The cited related family or configuration candidates use different official article numbers, sizes, components, or configurations; the authoritative THORAX catalog page supports this distinct exact identity."
B07-karl-storz,Karl Storz,127,1789,PRD-3DCAE65A42,MFR-12BAB1E48C,Karl Storz,26034AUA,HOPKINS Straight Forward Thoracoscope 0 deg with Integrated Working Channel,KARL STORZ THORAX,Medical thoracoscopy,Integrated-working-channel thoracoscope,,THORACOSCOPE_RIGID,verified_source,hidden,SRC087: Document p. SP4 (PDF page 270),PRD-F1712066B6|26072BA|HOPKINS II Thoracoscopy Telescope; PRD-6274807854|10328AA|HOPKINS Straight Forward Telescope; PRD-EC45CB0F5D|10320AA|HOPKINS Straight Forward Telescope,"No current same-manufacturer exact catalog-number match exists. The cited related family or configuration candidates use different official article numbers, sizes, components, or configurations; the authoritative THORAX catalog page supports this distinct exact identity."
B07-karl-storz,Karl Storz,127,1790,PRD-2D19D12C17,MFR-12BAB1E48C,Karl Storz,26037ADA,HOPKINS Straight Forward Thoracoscope 0 deg with Integrated Working Channel,KARL STORZ THORAX,Medical thoracoscopy,Integrated-working-channel thoracoscope,,THORACOSCOPE_RIGID,verified_source,hidden,SRC087: Document p. SP4 (PDF page 270),PRD-F1712066B6|26072BA|HOPKINS II Thoracoscopy Telescope; PRD-6274807854|10328AA|HOPKINS Straight Forward Telescope; PRD-EC45CB0F5D|10320AA|HOPKINS Straight Forward Telescope,"No current same-manufacturer exact catalog-number match exists. The cited related family or configuration candidates use different official article numbers, sizes, components, or configurations; the authoritative THORAX catalog page supports this distinct exact identity."
B07-karl-storz,Karl Storz,127,1791,PRD-6A282D51B1,MFR-12BAB1E48C,Karl Storz,26038AA,HOPKINS Straight Forward Thoracoscope 0 deg with Integrated Working Channel,KARL STORZ THORAX,Medical thoracoscopy,Integrated-working-channel thoracoscope,,THORACOSCOPE_RIGID,verified_source,hidden,SRC087: Document p. SP4 (PDF page 270),PRD-F1712066B6|26072BA|HOPKINS II Thoracoscopy Telescope; PRD-6274807854|10328AA|HOPKINS Straight Forward Telescope; PRD-EC45CB0F5D|10320AA|HOPKINS Straight Forward Telescope,"No current same-manufacturer exact catalog-number match exists. The cited related family or configuration candidates use different official article numbers, sizes, components, or configurations; the authoritative THORAX catalog page supports this distinct exact identity."
B07-karl-storz,Karl Storz,127,1792,PRD-882FE3DD4D,MFR-12BAB1E48C,Karl Storz,26038AUA,HOPKINS Straight Forward Thoracoscope 0 deg with Integrated Working Channel,KARL STORZ THORAX,Medical thoracoscopy,Integrated-working-channel thoracoscope,,THORACOSCOPE_RIGID,verified_source,hidden,SRC087: Document p. SP4 (PDF page 270),PRD-F1712066B6|26072BA|HOPKINS II Thoracoscopy Telescope; PRD-6274807854|10328AA|HOPKINS Straight Forward Telescope; PRD-EC45CB0F5D|10320AA|HOPKINS Straight Forward Telescope,"No current same-manufacturer exact catalog-number match exists. The cited related family or configuration candidates use different official article numbers, sizes, components, or configurations; the authoritative THORAX catalog page supports this distinct exact identity."
B07-karl-storz,Karl Storz,127,1793,PRD-0C25554A9F,MFR-12BAB1E48C,Karl Storz,10320AP,HOPKINS Autofluorescence Straight Forward Telescope 0 deg,KARL STORZ THORAX,Rigid bronchoscopy,Rigid bronchoscopy telescope,,RIGID_TELESCOPE,verified_source,hidden,SRC087: Document p. 103 (PDF page 111),PRD-EC45CB0F5D|10320AA|HOPKINS Straight Forward Telescope; PRD-6274807854|10328AA|HOPKINS Straight Forward Telescope; PRD-BB9A5CC0AE|10320DA|HOPKINS Lateral Telescope,"No current same-manufacturer exact catalog-number match exists. The cited related family or configuration candidates use different official article numbers, sizes, components, or configurations; the authoritative THORAX catalog page supports this distinct exact identity."
B07-karl-storz,Karl Storz,127,1794,PRD-7DBD613DD6,MFR-12BAB1E48C,Karl Storz,10324AA,"HOPKINS Straight Forward Telescope 0 deg, 2.9 mm x 36 cm",KARL STORZ THORAX,Rigid bronchoscopy,Rigid bronchoscopy telescope,,RIGID_TELESCOPE,verified_source,hidden,SRC087: Document p. 73 (PDF page 81),PRD-6274807854|10328AA|HOPKINS Straight Forward Telescope; PRD-EC45CB0F5D|10320AA|HOPKINS Straight Forward Telescope; PRD-3D91F04C91|10005AA|HOPKINS II Straight Forward Telescope,"No current same-manufacturer exact catalog-number match exists. The cited related family or configuration candidates use different official article numbers, sizes, components, or configurations; the authoritative THORAX catalog page supports this distinct exact identity."
B07-karl-storz,Karl Storz,127,1796,PRD-2AD6ABE818,MFR-12BAB1E48C,Karl Storz,10338K,"Positive-Pressure Ventilation Injection Cannula, 2.7 mm",KARL STORZ THORAX,Rigid bronchoscopy,Rigid bronchoscope accessory,,RIGID_BRONCHOSCOPE_ACCESSORY,verified_source,hidden,SRC087: Document p. 71 (PDF page 79),PRD-06D2F10782|10318K|Positive-Pressure Ventilation Injection Cannula; PRD-042A57F191|10390AN|Coagulation Suction Tube; PRD-825B745D18|10390BN|Coagulation Suction Tube,"No current same-manufacturer exact catalog-number match exists. The cited related family or configuration candidates use different official article numbers, sizes, components, or configurations; the authoritative THORAX catalog page supports this distinct exact identity."
B07-karl-storz,Karl Storz,127,1800,PRD-08F33F770D,MFR-12BAB1E48C,Karl Storz,27656B,"Silicone-Free Instrument Oil, 50 ml",KARL STORZ THORAX,Reprocessing,Flexible endoscope maintenance accessory,,,verified_source,hidden,SRC087: Document p. 51 (PDF page 59),"PRD-1C70287572|10329A|Rigid Instrument Guide with Anti-Fog System; PRD-B2AC1ECC92|10382A|Suction Tube with Rubber Tip, Curved; PRD-B728AA11AB|10382B|Suction Tube with Rubber Tip, Curved","No current same-manufacturer exact catalog-number match exists. The cited related family or configuration candidates use different official article numbers, sizes, components, or configurations; the authoritative THORAX catalog page supports this distinct exact identity."
B07-karl-storz,Karl Storz,127,1802,PRD-0D742CC1FD,MFR-12BAB1E48C,Karl Storz,11301CD,Irrigation Adaptor for Fiberscope Suction Valve,KARL STORZ THORAX,Flexible bronchoscopy,Flexible bronchoscope irrigation accessory,,,verified_source,hidden,SRC087: Document p. 54 (PDF page 62),PRD-526F08F11A|10479B|Adapter for 7 Fr Suction Catheter; PRD-57C0ED84C2|10479C|Adapter for 6 Fr Suction Catheter; PRD-9E7BDDB1CC|10479F|Adapter for 5 Fr Suction Catheter,"No current same-manufacturer exact catalog-number match exists. The cited related family or configuration candidates use different official article numbers, sizes, components, or configurations; the authoritative THORAX catalog page supports this distinct exact identity."
B07-karl-storz,Karl Storz,127,1803,PRD-3123E8EF81,MFR-12BAB1E48C,Karl Storz,13991SS,Working-Channel Irrigation Tube,KARL STORZ THORAX,Flexible bronchoscopy,Flexible bronchoscope irrigation accessory,,,verified_source,hidden,SRC087: Document p. 51 (PDF page 59),PRD-762DCA1D6D|26072SU|Optical Suction Tube; PRD-BC16136731|10337R|GRONINGEN Optical Dilation Tracheoscope; PRD-CA32599DA2|10337S|GRONINGEN Optical Dilation Tracheoscope,"No current same-manufacturer exact catalog-number match exists. The cited related family or configuration candidates use different official article numbers, sizes, components, or configurations; the authoritative THORAX catalog page supports this distinct exact identity."
B07-karl-storz,Karl Storz,127,1804,PRD-0DE090D545,MFR-12BAB1E48C,Karl Storz,13252KZ,"Flexible Serrated 1 x 2-Tooth Grasping Forceps, 2.3 mm x 120 cm",KARL STORZ THORAX,Retrieval,Flexible grasping forceps,,FOREIGN_BODY_FORCEPS_FLEX,verified_source,hidden,SRC087: Document p. 100 (PDF page 108),PRD-615CDFB8AB|10358A|Flexible Spoon Biopsy Forceps; PRD-F9A98419EA|10358B|Flexible Small Biopsy Forceps; PRD-DF989CBDCB|10436|Straight Aspiration Biopsy Needle 1.6 mm x 47 cm,"No current same-manufacturer exact catalog-number match exists. The cited related family or configuration candidates use different official article numbers, sizes, components, or configurations; the authoritative THORAX catalog page supports this distinct exact identity."
B07-karl-storz,Karl Storz,127,1812,PRD-8068102C32,MFR-12BAB1E48C,Karl Storz,11301CA,"Single-Use Leaflet Valve, Pack of 20",KARL STORZ THORAX,Flexible bronchoscopy,Flexible bronchoscope valve,,,verified_source,hidden,SRC087: Document p. 54 (PDF page 62),"PRD-129E6C270A|10432ED|Single-Use Plastic Collection Device, Pack of 100; PRD-D7A7620198|10478D|Suction Catheter 5 Fr, Pack of 6; PRD-81DDCD50B9|10387B|Spring-Handle Sponge Holder 35 cm","No current same-manufacturer exact catalog-number match exists. The cited related family or configuration candidates use different official article numbers, sizes, components, or configurations; the authoritative THORAX catalog page supports this distinct exact identity."
B07-karl-storz,Karl Storz,127,1813,PRD-100C06955D,MFR-12BAB1E48C,Karl Storz,13242XL,Leakage Tester with Bulb and Manometer,KARL STORZ THORAX,Reprocessing,Flexible endoscope leakage tester,,,verified_source,hidden,SRC087: Document p. 50 (PDF page 58),PRD-377440703A|30120NOL|Flexible Trocar with Blunt Tip and Valve; PRD-28C10C5EE9|10468D|Suction Catheter 5 Fr with Adapter; PRD-9188CC0F47|10468B|Suction Catheter 7 Fr with Adapter,"No current same-manufacturer exact catalog-number match exists. The cited related family or configuration candidates use different official article numbers, sizes, components, or configurations; the authoritative THORAX catalog page supports this distinct exact identity."
B07-karl-storz,Karl Storz,127,1832,PRD-260B91DDD4,MFR-12BAB1E48C,Karl Storz,10030AA,"Miniature Straight Forward Telescope 0 deg, Semirigid",KARL STORZ THORAX,Rigid bronchoscopy,Rigid bronchoscopy telescope,,RIGID_TELESCOPE,verified_source,hidden,SRC087: Document p. 77 (PDF page 85),PRD-3D91F04C91|10005AA|HOPKINS II Straight Forward Telescope; PRD-6274807854|10328AA|HOPKINS Straight Forward Telescope; PRD-EC45CB0F5D|10320AA|HOPKINS Straight Forward Telescope,"No current same-manufacturer exact catalog-number match exists. The cited related family or configuration candidates use different official article numbers, sizes, components, or configurations; the authoritative THORAX catalog page supports this distinct exact identity."
B07-karl-storz,Karl Storz,127,1837,PRD-BC55573969,MFR-12BAB1E48C,Karl Storz,10377CF,"Optical Forceps, 2 x 2 Teeth",KARL STORZ THORAX,Rigid bronchoscopy,Optical pediatric rigid bronchoscopy forceps,,RIGID_FORCEPS,verified_source,hidden,SRC087: Document p. 76 (PDF page 84),PRD-1CA81E960D|10371U|Universal Forceps; PRD-1E339ED4FF|10371UL|Universal Forceps; PRD-2FACCCFC02|10372UL|Universal Forceps,"No current same-manufacturer exact catalog-number match exists. The cited related family or configuration candidates use different official article numbers, sizes, components, or configurations; the authoritative THORAX catalog page supports this distinct exact identity."
B07-karl-storz,Karl Storz,127,1838,PRD-119A0435F9,MFR-12BAB1E48C,Karl Storz,10379CF,"Optical Forceps, 2 x 2 Teeth",KARL STORZ THORAX,Rigid bronchoscopy,Optical pediatric rigid bronchoscopy forceps,,RIGID_FORCEPS,verified_source,hidden,SRC087: Document p. 75 (PDF page 83),PRD-1CA81E960D|10371U|Universal Forceps; PRD-1E339ED4FF|10371UL|Universal Forceps; PRD-2FACCCFC02|10372UL|Universal Forceps,"No current same-manufacturer exact catalog-number match exists. The cited related family or configuration candidates use different official article numbers, sizes, components, or configurations; the authoritative THORAX catalog page supports this distinct exact identity."
B07-karl-storz,Karl Storz,127,1839,PRD-A4662B76B1,MFR-12BAB1E48C,Karl Storz,10378CF,"Optical Forceps, 2 x 2 Teeth",KARL STORZ THORAX,Rigid bronchoscopy,Optical pediatric rigid bronchoscopy forceps,,RIGID_FORCEPS,verified_source,hidden,SRC087: Document p. 74 (PDF page 82),PRD-1CA81E960D|10371U|Universal Forceps; PRD-1E339ED4FF|10371UL|Universal Forceps; PRD-2FACCCFC02|10372UL|Universal Forceps,"No current same-manufacturer exact catalog-number match exists. The cited related family or configuration candidates use different official article numbers, sizes, components, or configurations; the authoritative THORAX catalog page supports this distinct exact identity."
B07-karl-storz,Karl Storz,127,1840,PRD-4A5B11D28E,MFR-12BAB1E48C,Karl Storz,10378HF,Optical Alligator Forceps,KARL STORZ THORAX,Rigid bronchoscopy,Optical pediatric rigid bronchoscopy forceps,,RIGID_FORCEPS,verified_source,hidden,SRC087: Document p. 74 (PDF page 82),PRD-4A98F07FC6|10352H|Optical Alligator Forceps; PRD-38F9E96675|10371H|Alligator Forceps; PRD-698F9E72B0|10370H|Alligator Forceps,"No current same-manufacturer exact catalog-number match exists. The cited related family or configuration candidates use different official article numbers, sizes, components, or configurations; the authoritative THORAX catalog page supports this distinct exact identity."
B07-karl-storz,Karl Storz,127,1841,PRD-6BA107A313,MFR-12BAB1E48C,Karl Storz,10379HF,Optical Alligator Forceps,KARL STORZ THORAX,Rigid bronchoscopy,Optical pediatric rigid bronchoscopy forceps,,RIGID_FORCEPS,verified_source,hidden,SRC087: Document p. 75 (PDF page 83),PRD-4A98F07FC6|10352H|Optical Alligator Forceps; PRD-38F9E96675|10371H|Alligator Forceps; PRD-698F9E72B0|10370H|Alligator Forceps,"No current same-manufacturer exact catalog-number match exists. The cited related family or configuration candidates use different official article numbers, sizes, components, or configurations; the authoritative THORAX catalog page supports this distinct exact identity."
B07-karl-storz,Karl Storz,127,1842,PRD-151E4308A8,MFR-12BAB1E48C,Karl Storz,10377HF,Optical Alligator Forceps,KARL STORZ THORAX,Rigid bronchoscopy,Optical pediatric rigid bronchoscopy forceps,,RIGID_FORCEPS,verified_source,hidden,SRC087: Document p. 76 (PDF page 84),PRD-4A98F07FC6|10352H|Optical Alligator Forceps; PRD-38F9E96675|10371H|Alligator Forceps; PRD-698F9E72B0|10370H|Alligator Forceps,"No current same-manufacturer exact catalog-number match exists. The cited related family or configuration candidates use different official article numbers, sizes, components, or configurations; the authoritative THORAX catalog page supports this distinct exact identity."
B07-karl-storz,Karl Storz,127,1844,PRD-6C0EBFAA26,MFR-12BAB1E48C,Karl Storz,10377L,Optical Spoon Biopsy Forceps,KARL STORZ THORAX,Rigid bronchoscopy,Optical pediatric rigid bronchoscopy forceps,,RIGID_FORCEPS,verified_source,hidden,SRC087: Document p. 76 (PDF page 84),PRD-2DACCAD2B4|10352L|Optical Spoon Biopsy Forceps; PRD-50DCC12BE8|10350L|Optical Spoon Biopsy Forceps; PRD-02641F9166|10371L|Round Spoon Biopsy Forceps,"No current same-manufacturer exact catalog-number match exists. The cited related family or configuration candidates use different official article numbers, sizes, components, or configurations; the authoritative THORAX catalog page supports this distinct exact identity."
B07-karl-storz,Karl Storz,127,1845,PRD-F0DFCE18B4,MFR-12BAB1E48C,Karl Storz,10378L,Optical Spoon Biopsy Forceps,KARL STORZ THORAX,Rigid bronchoscopy,Optical pediatric rigid bronchoscopy forceps,,RIGID_FORCEPS,verified_source,hidden,SRC087: Document p. 74 (PDF page 82),PRD-2DACCAD2B4|10352L|Optical Spoon Biopsy Forceps; PRD-50DCC12BE8|10350L|Optical Spoon Biopsy Forceps; PRD-02641F9166|10371L|Round Spoon Biopsy Forceps,"No current same-manufacturer exact catalog-number match exists. The cited related family or configuration candidates use different official article numbers, sizes, components, or configurations; the authoritative THORAX catalog page supports this distinct exact identity."
B07-karl-storz,Karl Storz,127,1846,PRD-F8615190BF,MFR-12BAB1E48C,Karl Storz,10379L,Optical Spoon Biopsy Forceps,KARL STORZ THORAX,Rigid bronchoscopy,Optical pediatric rigid bronchoscopy forceps,,RIGID_FORCEPS,verified_source,hidden,SRC087: Document p. 75 (PDF page 83),PRD-2DACCAD2B4|10352L|Optical Spoon Biopsy Forceps; PRD-50DCC12BE8|10350L|Optical Spoon Biopsy Forceps; PRD-02641F9166|10371L|Round Spoon Biopsy Forceps,"No current same-manufacturer exact catalog-number match exists. The cited related family or configuration candidates use different official article numbers, sizes, components, or configurations; the authoritative THORAX catalog page supports this distinct exact identity."
B07-karl-storz,Karl Storz,127,1847,PRD-A3461153FD,MFR-12BAB1E48C,Karl Storz,10378M,"Optical Oval Spoon Biopsy Forceps, Large",KARL STORZ THORAX,Rigid bronchoscopy,Optical pediatric rigid bronchoscopy forceps,,RIGID_FORCEPS,verified_source,hidden,SRC087: Document p. 74 (PDF page 82),PRD-2DACCAD2B4|10352L|Optical Spoon Biopsy Forceps; PRD-50DCC12BE8|10350L|Optical Spoon Biopsy Forceps; PRD-02641F9166|10371L|Round Spoon Biopsy Forceps,"No current same-manufacturer exact catalog-number match exists. The cited related family or configuration candidates use different official article numbers, sizes, components, or configurations; the authoritative THORAX catalog page supports this distinct exact identity."
B07-karl-storz,Karl Storz,127,1849,PRD-5197B3D03C,MFR-12BAB1E48C,Karl Storz,10378U,Optical Universal Forceps,KARL STORZ THORAX,Rigid bronchoscopy,Optical pediatric rigid bronchoscopy forceps,,RIGID_FORCEPS,verified_source,hidden,SRC087: Document p. 74 (PDF page 82),PRD-E02F46CDAD|10352U|Optical Universal Forceps; PRD-E56FC05269|10350U|Optical Universal Forceps; PRD-1CA81E960D|10371U|Universal Forceps,"No current same-manufacturer exact catalog-number match exists. The cited related family or configuration candidates use different official article numbers, sizes, components, or configurations; the authoritative THORAX catalog page supports this distinct exact identity."
B07-karl-storz,Karl Storz,127,1850,PRD-86EE2BCB83,MFR-12BAB1E48C,Karl Storz,10377U,Optical Universal Forceps,KARL STORZ THORAX,Rigid bronchoscopy,Optical pediatric rigid bronchoscopy forceps,,RIGID_FORCEPS,verified_source,hidden,SRC087: Document p. 76 (PDF page 84),PRD-E02F46CDAD|10352U|Optical Universal Forceps; PRD-E56FC05269|10350U|Optical Universal Forceps; PRD-1CA81E960D|10371U|Universal Forceps,"No current same-manufacturer exact catalog-number match exists. The cited related family or configuration candidates use different official article numbers, sizes, components, or configurations; the authoritative THORAX catalog page supports this distinct exact identity."
B07-karl-storz,Karl Storz,127,1852,PRD-76CC84AF2F,MFR-12BAB1E48C,Karl Storz,10379KF,Optical KILLIAN Bean-Jaw Forceps,KARL STORZ THORAX,Rigid bronchoscopy,Optical pediatric rigid bronchoscopy forceps,,RIGID_FORCEPS,verified_source,hidden,SRC087: Document p. 75 (PDF page 83),PRD-4A98F07FC6|10352H|Optical Alligator Forceps; PRD-2DACCAD2B4|10352L|Optical Spoon Biopsy Forceps; PRD-50DCC12BE8|10350L|Optical Spoon Biopsy Forceps,"No current same-manufacturer exact catalog-number match exists. The cited related family or configuration candidates use different official article numbers, sizes, components, or configurations; the authoritative THORAX catalog page supports this distinct exact identity."
B07-karl-storz,Karl Storz,127,1853,PRD-57D2C172FD,MFR-12BAB1E48C,Karl Storz,10377KF,Optical KILLIAN Bean-Jaw Forceps,KARL STORZ THORAX,Rigid bronchoscopy,Optical pediatric rigid bronchoscopy forceps,,RIGID_FORCEPS,verified_source,hidden,SRC087: Document p. 76 (PDF page 84),PRD-4A98F07FC6|10352H|Optical Alligator Forceps; PRD-2DACCAD2B4|10352L|Optical Spoon Biopsy Forceps; PRD-50DCC12BE8|10350L|Optical Spoon Biopsy Forceps,"No current same-manufacturer exact catalog-number match exists. The cited related family or configuration candidates use different official article numbers, sizes, components, or configurations; the authoritative THORAX catalog page supports this distinct exact identity."
B07-karl-storz,Karl Storz,127,1854,PRD-6EA39A2B3B,MFR-12BAB1E48C,Karl Storz,10378KF,Optical KILLIAN Bean-Jaw Forceps,KARL STORZ THORAX,Rigid bronchoscopy,Optical pediatric rigid bronchoscopy forceps,,RIGID_FORCEPS,verified_source,hidden,SRC087: Document p. 74 (PDF page 82),PRD-4A98F07FC6|10352H|Optical Alligator Forceps; PRD-2DACCAD2B4|10352L|Optical Spoon Biopsy Forceps; PRD-50DCC12BE8|10350L|Optical Spoon Biopsy Forceps,"No current same-manufacturer exact catalog-number match exists. The cited related family or configuration candidates use different official article numbers, sizes, components, or configurations; the authoritative THORAX catalog page supports this distinct exact identity."
B07-karl-storz,Karl Storz,127,1856,PRD-9F5BAD2641,MFR-12BAB1E48C,Karl Storz,10378S,Optical Scissors,KARL STORZ THORAX,Rigid bronchoscopy,Optical pediatric rigid bronchoscopy forceps,,RIGID_FORCEPS,verified_source,hidden,SRC087: Document p. 74 (PDF page 82),PRD-DF239FD803|10366S|Straight Scissors; PRD-2DACCAD2B4|10352L|Optical Spoon Biopsy Forceps; PRD-50DCC12BE8|10350L|Optical Spoon Biopsy Forceps,"No current same-manufacturer exact catalog-number match exists. The cited related family or configuration candidates use different official article numbers, sizes, components, or configurations; the authoritative THORAX catalog page supports this distinct exact identity."
B07-karl-storz,Karl Storz,127,1859,PRD-9EECE0EDB1,MFR-12BAB1E48C,Karl Storz,11007S,"Outer Tube for Cytology Brush 11007 BS, Pack of 10",KARL STORZ THORAX,Sampling,Cytology brush component,,,verified_source,hidden,SRC087: Document p. 53 (PDF page 61),"PRD-D7A7620198|10478D|Suction Catheter 5 Fr, Pack of 6; PRD-129E6C270A|10432ED|Single-Use Plastic Collection Device, Pack of 100; PRD-934DA56D92|10435A|Puncture Needle for Histology","No current same-manufacturer exact catalog-number match exists. The cited related family or configuration candidates use different official article numbers, sizes, components, or configurations; the authoritative THORAX catalog page supports this distinct exact identity."
B07-karl-storz,Karl Storz,127,1865,PRD-085F7B7BAF,MFR-12BAB1E48C,Karl Storz,39402A,Plastic Container for Gas or Plasma Sterilization and Storage,KARL STORZ THORAX,Reprocessing,Flexible endoscope sterilization container,,,verified_source,hidden,SRC087: Document p. 98 (PDF page 106),PRD-526F08F11A|10479B|Adapter for 7 Fr Suction Catheter; PRD-57C0ED84C2|10479C|Adapter for 6 Fr Suction Catheter; PRD-9E7BDDB1CC|10479F|Adapter for 5 Fr Suction Catheter,"No current same-manufacturer exact catalog-number match exists. The cited related family or configuration candidates use different official article numbers, sizes, components, or configurations; the authoritative THORAX catalog page supports this distinct exact identity."
B07-karl-storz,Karl Storz,127,1871,PRD-48897E4C88,MFR-12BAB1E48C,Karl Storz,11025E,Pressure Compensation Cap for Gas Sterilization,KARL STORZ THORAX,Reprocessing,Flexible endoscope sterilization accessory,,,verified_source,hidden,SRC087: Document p. 50 (PDF page 58),PRD-481074A513|10388A|Sponge Holder for Sterile Smears; PRD-06D2F10782|10318K|Positive-Pressure Ventilation Injection Cannula; PRD-D0E745FF62|10316LR|Respirator Adapter for GRONINGEN Tracheoscope,"No current same-manufacturer exact catalog-number match exists. The cited related family or configuration candidates use different official article numbers, sizes, components, or configurations; the authoritative THORAX catalog page supports this distinct exact identity."
B07-karl-storz,Karl Storz,127,1872,PRD-9DA24897A2,MFR-12BAB1E48C,Karl Storz,11025XE,Pressure Compensation Cap for Gas Sterilization,KARL STORZ THORAX,Reprocessing,Flexible endoscope sterilization accessory,,,verified_source,hidden,SRC087: Document p. 42 (PDF page 50),PRD-481074A513|10388A|Sponge Holder for Sterile Smears; PRD-06D2F10782|10318K|Positive-Pressure Ventilation Injection Cannula; PRD-D0E745FF62|10316LR|Respirator Adapter for GRONINGEN Tracheoscope,"No current same-manufacturer exact catalog-number match exists. The cited related family or configuration candidates use different official article numbers, sizes, components, or configurations; the authoritative THORAX catalog page supports this distinct exact identity."
B07-karl-storz,Karl Storz,127,1890,PRD-26107A995B,MFR-12BAB1E48C,Karl Storz,10338N,Rubber Telescope Guide,KARL STORZ THORAX,Rigid bronchoscopy,Rigid bronchoscope accessory,,RIGID_BRONCHOSCOPE_ACCESSORY,verified_source,hidden,SRC087: Document p. 71 (PDF page 79),PRD-087FFD6337|10315N|Rubber Telescope Guide; PRD-3AAC1114C7|10314BN|Rubber Telescope Guide; PRD-BB9A5CC0AE|10320DA|HOPKINS Lateral Telescope,"No current same-manufacturer exact catalog-number match exists. The cited related family or configuration candidates use different official article numbers, sizes, components, or configurations; the authoritative THORAX catalog page supports this distinct exact identity."
B07-karl-storz,Karl Storz,127,1908,PRD-30FA38490D,MFR-12BAB1E48C,Karl Storz,11900BN,"Video Bronchoscope, NTSC",KARL STORZ THORAX,Flexible bronchoscopy,Reusable video bronchoscope,,FLEX_SCOPE_DIAGNOSTIC,verified_source,hidden,SRC087: Document p. 43 (PDF page 51),"PRD-F1D5F37924|10318BK|Universal Rigid Bronchoscope Size 8.5; PRD-5D0F775ADC|10318D|Universal Bronchoscope, Distal Illumination, Size 6.5; PRD-6707AC67D1|10318B|Universal Bronchoscope, Distal Illumination, Size 8.5","No current same-manufacturer exact catalog-number match exists. The cited related family or configuration candidates use different official article numbers, sizes, components, or configurations; the authoritative THORAX catalog page supports this distinct exact identity."
B07-karl-storz,Karl Storz,127,1925,PRD-DB022C1FE8,MFR-12BAB1E48C,Karl Storz,10339AL,"DOESEL-HUZLY Bronchoscope, Size 6, 40 cm",KARL STORZ THORAX,Rigid bronchoscopy,Pediatric rigid bronchoscope,,RIGID_BRONCHOSCOPE_BARREL,verified_source,hidden,SRC087: Document p. 71 (PDF page 79),"PRD-F1D5F37924|10318BK|Universal Rigid Bronchoscope Size 8.5; PRD-5D0F775ADC|10318D|Universal Bronchoscope, Distal Illumination, Size 6.5; PRD-6707AC67D1|10318B|Universal Bronchoscope, Distal Illumination, Size 8.5","No current same-manufacturer exact catalog-number match exists. The cited related family or configuration candidates use different official article numbers, sizes, components, or configurations; the authoritative THORAX catalog page supports this distinct exact identity."
B07-karl-storz,Karl Storz,127,1926,PRD-46ADECAA71,MFR-12BAB1E48C,Karl Storz,10339B,"DOESEL-HUZLY Bronchoscope, Size 5, 30 cm",KARL STORZ THORAX,Rigid bronchoscopy,Pediatric rigid bronchoscope,,RIGID_BRONCHOSCOPE_BARREL,verified_source,hidden,SRC087: Document p. 71 (PDF page 79),"PRD-F1D5F37924|10318BK|Universal Rigid Bronchoscope Size 8.5; PRD-5D0F775ADC|10318D|Universal Bronchoscope, Distal Illumination, Size 6.5; PRD-6707AC67D1|10318B|Universal Bronchoscope, Distal Illumination, Size 8.5","No current same-manufacturer exact catalog-number match exists. The cited related family or configuration candidates use different official article numbers, sizes, components, or configurations; the authoritative THORAX catalog page supports this distinct exact identity."
B07-karl-storz,Karl Storz,127,1927,PRD-36FE8EF239,MFR-12BAB1E48C,Karl Storz,10339BB,"DOESEL-HUZLY Bronchoscope, Size 4.5, 30 cm",KARL STORZ THORAX,Rigid bronchoscopy,Pediatric rigid bronchoscope,,RIGID_BRONCHOSCOPE_BARREL,verified_source,hidden,SRC087: Document p. 71 (PDF page 79),"PRD-F1D5F37924|10318BK|Universal Rigid Bronchoscope Size 8.5; PRD-5D0F775ADC|10318D|Universal Bronchoscope, Distal Illumination, Size 6.5; PRD-6707AC67D1|10318B|Universal Bronchoscope, Distal Illumination, Size 8.5","No current same-manufacturer exact catalog-number match exists. The cited related family or configuration candidates use different official article numbers, sizes, components, or configurations; the authoritative THORAX catalog page supports this distinct exact identity."
B07-karl-storz,Karl Storz,127,1928,PRD-0741F72026,MFR-12BAB1E48C,Karl Storz,10339BL,"DOESEL-HUZLY Bronchoscope, Size 5, 40 cm",KARL STORZ THORAX,Rigid bronchoscopy,Pediatric rigid bronchoscope,,RIGID_BRONCHOSCOPE_BARREL,verified_source,hidden,SRC087: Document p. 71 (PDF page 79),"PRD-F1D5F37924|10318BK|Universal Rigid Bronchoscope Size 8.5; PRD-5D0F775ADC|10318D|Universal Bronchoscope, Distal Illumination, Size 6.5; PRD-6707AC67D1|10318B|Universal Bronchoscope, Distal Illumination, Size 8.5","No current same-manufacturer exact catalog-number match exists. The cited related family or configuration candidates use different official article numbers, sizes, components, or configurations; the authoritative THORAX catalog page supports this distinct exact identity."
B07-karl-storz,Karl Storz,127,1929,PRD-462ABA77A6,MFR-12BAB1E48C,Karl Storz,10339C,"DOESEL-HUZLY Bronchoscope, Size 4, 30 cm",KARL STORZ THORAX,Rigid bronchoscopy,Pediatric rigid bronchoscope,,RIGID_BRONCHOSCOPE_BARREL,verified_source,hidden,SRC087: Document p. 71 (PDF page 79),"PRD-F1D5F37924|10318BK|Universal Rigid Bronchoscope Size 8.5; PRD-5D0F775ADC|10318D|Universal Bronchoscope, Distal Illumination, Size 6.5; PRD-6707AC67D1|10318B|Universal Bronchoscope, Distal Illumination, Size 8.5","No current same-manufacturer exact catalog-number match exists. The cited related family or configuration candidates use different official article numbers, sizes, components, or configurations; the authoritative THORAX catalog page supports this distinct exact identity."
B07-karl-storz,Karl Storz,127,1930,PRD-14681ACB38,MFR-12BAB1E48C,Karl Storz,10339CC,"DOESEL-HUZLY Bronchoscope, Size 4, 26 cm",KARL STORZ THORAX,Rigid bronchoscopy,Pediatric rigid bronchoscope,,RIGID_BRONCHOSCOPE_BARREL,verified_source,hidden,SRC087: Document p. 71 (PDF page 79),"PRD-F1D5F37924|10318BK|Universal Rigid Bronchoscope Size 8.5; PRD-5D0F775ADC|10318D|Universal Bronchoscope, Distal Illumination, Size 6.5; PRD-6707AC67D1|10318B|Universal Bronchoscope, Distal Illumination, Size 8.5","No current same-manufacturer exact catalog-number match exists. The cited related family or configuration candidates use different official article numbers, sizes, components, or configurations; the authoritative THORAX catalog page supports this distinct exact identity."
B07-karl-storz,Karl Storz,127,1931,PRD-206C68F0E3,MFR-12BAB1E48C,Karl Storz,10339CD,"DOESEL-HUZLY Bronchoscope, Size 3.5, 30 cm",KARL STORZ THORAX,Rigid bronchoscopy,Pediatric rigid bronchoscope,,RIGID_BRONCHOSCOPE_BARREL,verified_source,hidden,SRC087: Document p. 71 (PDF page 79),"PRD-F1D5F37924|10318BK|Universal Rigid Bronchoscope Size 8.5; PRD-5D0F775ADC|10318D|Universal Bronchoscope, Distal Illumination, Size 6.5; PRD-6707AC67D1|10318B|Universal Bronchoscope, Distal Illumination, Size 8.5","No current same-manufacturer exact catalog-number match exists. The cited related family or configuration candidates use different official article numbers, sizes, components, or configurations; the authoritative THORAX catalog page supports this distinct exact identity."
B07-karl-storz,Karl Storz,127,1932,PRD-DA4769A595,MFR-12BAB1E48C,Karl Storz,10339E,"DOESEL-HUZLY Bronchoscope, Size 3, 18.5 cm",KARL STORZ THORAX,Rigid bronchoscopy,Pediatric rigid bronchoscope,,RIGID_BRONCHOSCOPE_BARREL,verified_source,hidden,SRC087: Document p. 71 (PDF page 79),"PRD-F1D5F37924|10318BK|Universal Rigid Bronchoscope Size 8.5; PRD-6707AC67D1|10318B|Universal Bronchoscope, Distal Illumination, Size 8.5; PRD-5D0F775ADC|10318D|Universal Bronchoscope, Distal Illumination, Size 6.5","No current same-manufacturer exact catalog-number match exists. The cited related family or configuration candidates use different official article numbers, sizes, components, or configurations; the authoritative THORAX catalog page supports this distinct exact identity."
B07-karl-storz,Karl Storz,127,1950,PRD-5DA5177DA9,MFR-12BAB1E48C,Karl Storz,10020CA,HOPKINS Lateral Telescope 70 deg,KARL STORZ THORAX,Rigid bronchoscopy,Rigid bronchoscopy telescope,,RIGID_TELESCOPE,verified_source,hidden,SRC087: Document p. SP3 (PDF page 269),PRD-BB9A5CC0AE|10320DA|HOPKINS Lateral Telescope; PRD-3D91F04C91|10005AA|HOPKINS II Straight Forward Telescope; PRD-5CCBBDD4CF|10005BA|HOPKINS II Forward-Oblique Telescope,"No current same-manufacturer exact catalog-number match exists. The cited related family or configuration candidates use different official article numbers, sizes, components, or configurations; the authoritative THORAX catalog page supports this distinct exact identity."
B07-karl-storz,Karl Storz,127,1951,PRD-B2FEAC3ABE,MFR-12BAB1E48C,Karl Storz,10023CBA,HOPKINS Lateral Telescope 70 deg,KARL STORZ THORAX,Rigid bronchoscopy,Rigid bronchoscopy telescope,,RIGID_TELESCOPE,verified_source,hidden,SRC087: Document p. SP3 (PDF page 269),PRD-BB9A5CC0AE|10320DA|HOPKINS Lateral Telescope; PRD-3D91F04C91|10005AA|HOPKINS II Straight Forward Telescope; PRD-5CCBBDD4CF|10005BA|HOPKINS II Forward-Oblique Telescope,"No current same-manufacturer exact catalog-number match exists. The cited related family or configuration candidates use different official article numbers, sizes, components, or configurations; the authoritative THORAX catalog page supports this distinct exact identity."
B07-karl-storz,Karl Storz,127,1952,PRD-21B1E658B7,MFR-12BAB1E48C,Karl Storz,10324CA,HOPKINS Lateral Telescope 70 deg,KARL STORZ THORAX,Rigid bronchoscopy,Rigid bronchoscopy telescope,,RIGID_TELESCOPE,verified_source,hidden,SRC087: Document p. SP3 (PDF page 269),PRD-BB9A5CC0AE|10320DA|HOPKINS Lateral Telescope; PRD-6274807854|10328AA|HOPKINS Straight Forward Telescope; PRD-EC45CB0F5D|10320AA|HOPKINS Straight Forward Telescope,"No current same-manufacturer exact catalog-number match exists. The cited related family or configuration candidates use different official article numbers, sizes, components, or configurations; the authoritative THORAX catalog page supports this distinct exact identity."
B07-karl-storz,Karl Storz,127,1953,PRD-7DAB3292D5,MFR-12BAB1E48C,Karl Storz,10328CA,HOPKINS Lateral Telescope 70 deg,KARL STORZ THORAX,Rigid bronchoscopy,Rigid bronchoscopy telescope,,RIGID_TELESCOPE,verified_source,hidden,SRC087: Document p. SP3 (PDF page 269),PRD-BB9A5CC0AE|10320DA|HOPKINS Lateral Telescope; PRD-6274807854|10328AA|HOPKINS Straight Forward Telescope; PRD-EC45CB0F5D|10320AA|HOPKINS Straight Forward Telescope,"No current same-manufacturer exact catalog-number match exists. The cited related family or configuration candidates use different official article numbers, sizes, components, or configurations; the authoritative THORAX catalog page supports this distinct exact identity."
B07-karl-storz,Karl Storz,127,1968,PRD-672F05E9EA,MFR-12BAB1E48C,Karl Storz,13242LX,Leakage Tester with Blower and Manometer,KARL STORZ THORAX,Reprocessing,Flexible endoscope leakage tester,,,verified_source,hidden,SRC087: Document p. 42 (PDF page 50),PRD-377440703A|30120NOL|Flexible Trocar with Blunt Tip and Valve; PRD-28C10C5EE9|10468D|Suction Catheter 5 Fr with Adapter; PRD-9188CC0F47|10468B|Suction Catheter 7 Fr with Adapter,"No current same-manufacturer exact catalog-number match exists. The cited related family or configuration candidates use different official article numbers, sizes, components, or configurations; the authoritative THORAX catalog page supports this distinct exact identity."
B07-karl-storz,Karl Storz,127,1991,PRD-0FBAA7EFB7,MFR-12BAB1E48C,Karl Storz,11900AE,Suction Unit Set for 11900-Series Video Bronchoscopes,KARL STORZ THORAX,Flexible bronchoscopy,Video bronchoscope suction accessory,,,verified_source,hidden,SRC087: Document p. 44 (PDF page 52),PRD-F1D5F37924|10318BK|Universal Rigid Bronchoscope Size 8.5; PRD-D0E745FF62|10316LR|Respirator Adapter for GRONINGEN Tracheoscope; PRD-481074A513|10388A|Sponge Holder for Sterile Smears,"No current same-manufacturer exact catalog-number match exists. The cited related family or configuration candidates use different official article numbers, sizes, components, or configurations; the authoritative THORAX catalog page supports this distinct exact identity."
B07-karl-storz,Karl Storz,127,1993,PRD-77147A44EF,MFR-12BAB1E48C,Karl Storz,11301CE,"Single-Use Suction Valve, Pack of 20",KARL STORZ THORAX,Flexible bronchoscopy,Flexible bronchoscope valve,,,verified_source,hidden,SRC087: Document p. 54 (PDF page 62),"PRD-129E6C270A|10432ED|Single-Use Plastic Collection Device, Pack of 100; PRD-D7A7620198|10478D|Suction Catheter 5 Fr, Pack of 6; PRD-81DDCD50B9|10387B|Spring-Handle Sponge Holder 35 cm","No current same-manufacturer exact catalog-number match exists. The cited related family or configuration candidates use different official article numbers, sizes, components, or configurations; the authoritative THORAX catalog page supports this distinct exact identity."
B07-karl-storz,Karl Storz,127,1994,PRD-00C2BB78A4,MFR-12BAB1E48C,Karl Storz,11301CB,Reusable Suction Valve,KARL STORZ THORAX,Flexible bronchoscopy,Flexible bronchoscope valve,,,verified_source,hidden,SRC087: Document p. 54 (PDF page 62),PRD-1411E60176|10380B|Suction Tube; PRD-1CFFD3C377|10380AK|Suction Tube; PRD-277D52B6BC|10380A|Suction Tube,"No current same-manufacturer exact catalog-number match exists. The cited related family or configuration candidates use different official article numbers, sizes, components, or configurations; the authoritative THORAX catalog page supports this distinct exact identity."
B07-karl-storz,Karl Storz,127,1998,PRD-6DCD8B4626,MFR-12BAB1E48C,Karl Storz,10338LCD,"Telescope Bridge, Fixed Position",KARL STORZ THORAX,Rigid bronchoscopy,Rigid bronchoscope accessory,,RIGID_BRONCHOSCOPE_ACCESSORY,verified_source,hidden,SRC087: Document p. 73 (PDF page 81),PRD-087FFD6337|10315N|Rubber Telescope Guide; PRD-3AAC1114C7|10314BN|Rubber Telescope Guide; PRD-3CF45A4BFF|10338TRA|Adjustable Magnifier,"No current same-manufacturer exact catalog-number match exists. The cited related family or configuration candidates use different official article numbers, sizes, components, or configurations; the authoritative THORAX catalog page supports this distinct exact identity."
B07-karl-storz,Karl Storz,127,1999,PRD-64D83CE808,MFR-12BAB1E48C,Karl Storz,10338RK,Telescope Bridge for HOPKINS Telescope 10324 AA,KARL STORZ THORAX,Rigid bronchoscopy,Rigid bronchoscope accessory,,RIGID_BRONCHOSCOPE_ACCESSORY,verified_source,hidden,SRC087: Document p. 73 (PDF page 81),PRD-BB9A5CC0AE|10320DA|HOPKINS Lateral Telescope; PRD-481074A513|10388A|Sponge Holder for Sterile Smears; PRD-0FD6CC7A8E|10320BA|HOPKINS Forward-Oblique Telescope,"No current same-manufacturer exact catalog-number match exists. The cited related family or configuration candidates use different official article numbers, sizes, components, or configurations; the authoritative THORAX catalog page supports this distinct exact identity."
B07-karl-storz,Karl Storz,127,2000,PRD-D2C1E4B75F,MFR-12BAB1E48C,Karl Storz,10338RL,Telescope Bridge for HOPKINS Telescope 10324 AA,KARL STORZ THORAX,Rigid bronchoscopy,Rigid bronchoscope accessory,,RIGID_BRONCHOSCOPE_ACCESSORY,verified_source,hidden,SRC087: Document p. 73 (PDF page 81),PRD-BB9A5CC0AE|10320DA|HOPKINS Lateral Telescope; PRD-481074A513|10388A|Sponge Holder for Sterile Smears; PRD-0FD6CC7A8E|10320BA|HOPKINS Forward-Oblique Telescope,"No current same-manufacturer exact catalog-number match exists. The cited related family or configuration candidates use different official article numbers, sizes, components, or configurations; the authoritative THORAX catalog page supports this distinct exact identity."
B07-karl-storz,Karl Storz,127,2014,PRD-0714EF8A7B,MFR-12BAB1E48C,Karl Storz,11900AP,"Video Bronchoscope for Autofluorescence and White Light Diagnosis, PAL",KARL STORZ THORAX,Flexible bronchoscopy,Autofluorescence video bronchoscope,,FLEX_SCOPE_DIAGNOSTIC,verified_source,hidden,SRC087: Document p. 94 (PDF page 102),"PRD-33120D5BE2|10318GL|Full Lumen Operating Bronchoscope for Stent Application; PRD-B99F53FBC5|10318ER|Full Lumen Operating Bronchoscope for Stent Application; PRD-5D0F775ADC|10318D|Universal Bronchoscope, Distal Illumination, Size 6.5","No current same-manufacturer exact catalog-number match exists. The cited related family or configuration candidates use different official article numbers, sizes, components, or configurations; the authoritative THORAX catalog page supports this distinct exact identity."
B07-karl-storz,Karl Storz,127,2015,PRD-A8E0AB361B,MFR-12BAB1E48C,Karl Storz,11900AN,"Video Bronchoscope for Autofluorescence and White Light Diagnosis, NTSC",KARL STORZ THORAX,Flexible bronchoscopy,Autofluorescence video bronchoscope,,FLEX_SCOPE_DIAGNOSTIC,verified_source,hidden,SRC087: Document p. 94 (PDF page 102),"PRD-33120D5BE2|10318GL|Full Lumen Operating Bronchoscope for Stent Application; PRD-B99F53FBC5|10318ER|Full Lumen Operating Bronchoscope for Stent Application; PRD-5D0F775ADC|10318D|Universal Bronchoscope, Distal Illumination, Size 6.5","No current same-manufacturer exact catalog-number match exists. The cited related family or configuration candidates use different official article numbers, sizes, components, or configurations; the authoritative THORAX catalog page supports this distinct exact identity."
B07-karl-storz,Karl Storz,127,2016,PRD-61ABF81DC5,MFR-12BAB1E48C,Karl Storz,11900BP,"Video Bronchoscope, PAL",KARL STORZ THORAX,Flexible bronchoscopy,Reusable video bronchoscope,,FLEX_SCOPE_DIAGNOSTIC,verified_source,hidden,SRC087: Document p. 43 (PDF page 51),"PRD-F1D5F37924|10318BK|Universal Rigid Bronchoscope Size 8.5; PRD-5D0F775ADC|10318D|Universal Bronchoscope, Distal Illumination, Size 6.5; PRD-6707AC67D1|10318B|Universal Bronchoscope, Distal Illumination, Size 8.5","No current same-manufacturer exact catalog-number match exists. The cited related family or configuration candidates use different official article numbers, sizes, components, or configurations; the authoritative THORAX catalog page supports this distinct exact identity."
B07-karl-storz,Karl Storz,127,2017,PRD-51C8A4796F,MFR-12BAB1E48C,Karl Storz,15006B,"ULTRA STOP Antifog Solution, 25 ml Pipette Bottle",KARL STORZ THORAX,Rigid bronchoscopy,Endoscopic antifog solution,,RIGID_BRONCHOSCOPE_ACCESSORY,verified_source,hidden,SRC087: Document p. 86 (PDF page 94),"PRD-019030A1C7|10432N|Aspirator for Collecting Secretions with Cut-Off Hole; PRD-0A2ABE77F9|10432T|Aspirator for Collecting Secretions without Cut-Off Hole; PRD-5D0F775ADC|10318D|Universal Bronchoscope, Distal Illumination, Size 6.5","No current same-manufacturer exact catalog-number match exists. The cited related family or configuration candidates use different official article numbers, sizes, components, or configurations; the authoritative THORAX catalog page supports this distinct exact identity."
B07-karl-storz,Karl Storz,127,2018,PRD-A0055C636E,MFR-12BAB1E48C,Karl Storz,15006C,"ULTRA STOP Antifog Solution, 30 ml Sterile Pierce Bottle",KARL STORZ THORAX,Rigid bronchoscopy,Endoscopic antifog solution,,RIGID_BRONCHOSCOPE_ACCESSORY,verified_source,hidden,SRC087: Document p. 86 (PDF page 94),"PRD-06811F5515|10434B|HUZLY Suction Tube 3 mm x 35 cm; PRD-5D0F775ADC|10318D|Universal Bronchoscope, Distal Illumination, Size 6.5; PRD-6707AC67D1|10318B|Universal Bronchoscope, Distal Illumination, Size 8.5","No current same-manufacturer exact catalog-number match exists. The cited related family or configuration candidates use different official article numbers, sizes, components, or configurations; the authoritative THORAX catalog page supports this distinct exact identity."
B07-karl-storz,Karl Storz,127,2019,PRD-A82615F351,MFR-12BAB1E48C,Karl Storz,15006D,"ULTRA STOP Antifog Solution, 15 ml Atomizer Bottle",KARL STORZ THORAX,Rigid bronchoscopy,Endoscopic antifog solution,,RIGID_BRONCHOSCOPE_ACCESSORY,verified_source,hidden,SRC087: Document p. 86 (PDF page 94),"PRD-019030A1C7|10432N|Aspirator for Collecting Secretions with Cut-Off Hole; PRD-5D0F775ADC|10318D|Universal Bronchoscope, Distal Illumination, Size 6.5; PRD-6707AC67D1|10318B|Universal Bronchoscope, Distal Illumination, Size 8.5","No current same-manufacturer exact catalog-number match exists. The cited related family or configuration candidates use different official article numbers, sizes, components, or configurations; the authoritative THORAX catalog page supports this distinct exact identity."
B08-medtronic,Medtronic,12,1408,PRD-C3B7FB7CAE,MFR-68565E2FD2,Medtronic,4CN65A,Shiley Flexible Adult Cuffed Tracheostomy Tube — 4CN65A,,Tracheostomy,Cuffed tracheostomy tube,,TRACH_TUBE_CUFFED,verified_source,hidden,SRC083: Document p. not stated (PDF page 4),"Medtronic states 4CN65A replaces legacy 4CN65H as a version-only code change; neither exact code is in the current catalog, while other sizes are distinct configurations",No same-manufacturer exact catalog-number match; related products are distinct orderable configurations.
B08-medtronic,Medtronic,12,1409,PRD-80B451355D,MFR-68565E2FD2,Medtronic,5CN70A,Shiley Flexible Adult Cuffed Tracheostomy Tube — 5CN70A,,Tracheostomy,Cuffed tracheostomy tube,,TRACH_TUBE_CUFFED,verified_source,hidden,SRC083: Document p. not stated (PDF page 4),"Medtronic states 5CN70A replaces legacy 5CN70H as a version-only code change; neither exact code is in the current catalog, while other sizes are distinct configurations",No same-manufacturer exact catalog-number match; related products are distinct orderable configurations.
B08-medtronic,Medtronic,12,1415,PRD-6ABC11CE44,MFR-68565E2FD2,Medtronic,4UN65A,Shiley Flexible Adult Cuffless Tracheostomy Tube — 4UN65A,,Tracheostomy,Cuffless tracheostomy tube,,TRACH_TUBE_CUFFLESS,verified_source,hidden,SRC083: Document p. not stated (PDF page 5),"Medtronic states 4UN65A replaces legacy 4UN65H as a version-only code change; neither exact code is in the current catalog, while other sizes are distinct configurations",No same-manufacturer exact catalog-number match; related products are distinct orderable configurations.
B08-medtronic,Medtronic,12,1416,PRD-213D82A404,MFR-68565E2FD2,Medtronic,5UN70A,Shiley Flexible Adult Cuffless Tracheostomy Tube — 5UN70A,,Tracheostomy,Cuffless tracheostomy tube,,TRACH_TUBE_CUFFLESS,verified_source,hidden,SRC083: Document p. not stated (PDF page 5),"Medtronic states 5UN70A replaces legacy 5UN70H as a version-only code change; neither exact code is in the current catalog, while other sizes are distinct configurations",No same-manufacturer exact catalog-number match; related products are distinct orderable configurations.
B08-medtronic,Medtronic,12,1428,PRD-C2DCA71DDE,MFR-68565E2FD2,Medtronic,50XLTCD,"Shiley XLT cuffed tracheostomy tube — extended distal, 50 size",,Tracheostomy,Extended-length tracheostomy tube,,TRACH_TUBE_CUFFED,verified_source,hidden,SRC084: Document p. not stated (PDF page 4),"Standard Shiley flexible adult tubes and other XLT sizes differ by extension geometry, cuff state, and exact reference code",No same-manufacturer exact catalog-number match; related products are distinct orderable configurations.
B08-medtronic,Medtronic,12,1430,PRD-B5DEE283B2,MFR-68565E2FD2,Medtronic,50XLTUD,"Shiley XLT uncuffed tracheostomy tube — extended distal, 50 size",,Tracheostomy,Extended-length tracheostomy tube,,TRACH_TUBE_CUFFLESS,verified_source,hidden,SRC084: Document p. not stated (PDF page 4),"Standard Shiley flexible adult tubes and other XLT sizes differ by extension geometry, cuff state, and exact reference code",No same-manufacturer exact catalog-number match; related products are distinct orderable configurations.
B08-medtronic,Medtronic,12,1431,PRD-892EA2DACB,MFR-68565E2FD2,Medtronic,60XLTCD,"Shiley XLT cuffed tracheostomy tube — extended distal, 60 size",,Tracheostomy,Extended-length tracheostomy tube,,TRACH_TUBE_CUFFED,verified_source,hidden,SRC084: Document p. not stated (PDF page 4),"Standard Shiley flexible adult tubes and other XLT sizes differ by extension geometry, cuff state, and exact reference code",No same-manufacturer exact catalog-number match; related products are distinct orderable configurations.
B08-medtronic,Medtronic,12,1433,PRD-C7719849F9,MFR-68565E2FD2,Medtronic,60XLTUD,"Shiley XLT uncuffed tracheostomy tube — extended distal, 60 size",,Tracheostomy,Extended-length tracheostomy tube,,TRACH_TUBE_CUFFLESS,verified_source,hidden,SRC084: Document p. not stated (PDF page 4),"Standard Shiley flexible adult tubes and other XLT sizes differ by extension geometry, cuff state, and exact reference code",No same-manufacturer exact catalog-number match; related products are distinct orderable configurations.
B08-medtronic,Medtronic,12,1434,PRD-51F1495A42,MFR-68565E2FD2,Medtronic,70XLTCD,"Shiley XLT cuffed tracheostomy tube — extended distal, 70 size",,Tracheostomy,Extended-length tracheostomy tube,,TRACH_TUBE_CUFFED,verified_source,hidden,SRC084: Document p. not stated (PDF page 4),"Standard Shiley flexible adult tubes and other XLT sizes differ by extension geometry, cuff state, and exact reference code",No same-manufacturer exact catalog-number match; related products are distinct orderable configurations.
B08-medtronic,Medtronic,12,1436,PRD-D23CFCF5DD,MFR-68565E2FD2,Medtronic,70XLTUD,"Shiley XLT uncuffed tracheostomy tube — extended distal, 70 size",,Tracheostomy,Extended-length tracheostomy tube,,TRACH_TUBE_CUFFLESS,verified_source,hidden,SRC084: Document p. not stated (PDF page 4),"Standard Shiley flexible adult tubes and other XLT sizes differ by extension geometry, cuff state, and exact reference code",No same-manufacturer exact catalog-number match; related products are distinct orderable configurations.
B08-medtronic,Medtronic,12,1437,PRD-17D86EEA2B,MFR-68565E2FD2,Medtronic,80XLTCD,"Shiley XLT cuffed tracheostomy tube — extended distal, 80 size",,Tracheostomy,Extended-length tracheostomy tube,,TRACH_TUBE_CUFFED,verified_source,hidden,SRC084: Document p. not stated (PDF page 4),"Standard Shiley flexible adult tubes and other XLT sizes differ by extension geometry, cuff state, and exact reference code",No same-manufacturer exact catalog-number match; related products are distinct orderable configurations.
B08-medtronic,Medtronic,12,1439,PRD-25BBBBEA0F,MFR-68565E2FD2,Medtronic,80XLTUD,"Shiley XLT uncuffed tracheostomy tube — extended distal, 80 size",,Tracheostomy,Extended-length tracheostomy tube,,TRACH_TUBE_CUFFLESS,verified_source,hidden,SRC084: Document p. not stated (PDF page 4),"Standard Shiley flexible adult tubes and other XLT sizes differ by extension geometry, cuff state, and exact reference code",No same-manufacturer exact catalog-number match; related products are distinct orderable configurations.
B09-merit-medical,Merit Medical,109,16,PRD-6A9EE6FB1B,MFR-80D24820DF,Merit Medical,PLS165,"Aspira valved splittable sheath introducer, 16.5 Fr",,Pleural procedures,IPC insertion accessory,,IPC_MANAGEMENT_ACCESSORY,verified_source,hidden,SRC072: PDF p. 14,Aspira insertion systems K20T-00033 and 4992506 differ as complete kits,No same-manufacturer exact catalog-number match; related products are distinct orderable configurations.
B09-merit-medical,Merit Medical,109,17,PRD-6B4693A19A,MFR-80D24820DF,Merit Medical,OSC-4F-10L,One-Step Centesis Catheter — OSC-4F-10L,,Pleural procedures,Thoracentesis catheter,,THORACENTESIS_KIT,verified_source,hidden,SRC072: PDF p. 11,"Other One-Step Centesis catheter configurations differ in Fr size, length, tip, valve, or Luer",No same-manufacturer exact catalog-number match; related products are distinct orderable configurations.
B09-merit-medical,Merit Medical,109,18,PRD-10B6E6001C,MFR-80D24820DF,Merit Medical,OSC-4F-10S,One-Step Centesis Catheter — OSC-4F-10S,,Pleural procedures,Thoracentesis catheter,,THORACENTESIS_KIT,verified_source,hidden,SRC072: PDF p. 11,"Other One-Step Centesis catheter configurations differ in Fr size, length, tip, valve, or Luer",No same-manufacturer exact catalog-number match; related products are distinct orderable configurations.
B09-merit-medical,Merit Medical,109,19,PRD-8474F25510,MFR-80D24820DF,Merit Medical,OSC-4F-12PL,One-Step Centesis Catheter — OSC-4F-12PL,,Pleural procedures,Thoracentesis catheter,,THORACENTESIS_KIT,verified_source,hidden,SRC072: PDF p. 11,"Other One-Step Centesis catheter configurations differ in Fr size, length, tip, valve, or Luer",No same-manufacturer exact catalog-number match; related products are distinct orderable configurations.
B09-merit-medical,Merit Medical,109,20,PRD-53EC805ADF,MFR-80D24820DF,Merit Medical,OSC-4F-12PS,One-Step Centesis Catheter — OSC-4F-12PS,,Pleural procedures,Thoracentesis catheter,,THORACENTESIS_KIT,verified_source,hidden,SRC072: PDF p. 11,"Other One-Step Centesis catheter configurations differ in Fr size, length, tip, valve, or Luer",No same-manufacturer exact catalog-number match; related products are distinct orderable configurations.
B09-merit-medical,Merit Medical,109,21,PRD-0594E8207A,MFR-80D24820DF,Merit Medical,OSC-4F-17PL,One-Step Centesis Catheter — OSC-4F-17PL,,Pleural procedures,Thoracentesis catheter,,THORACENTESIS_KIT,verified_source,hidden,SRC072: PDF p. 11,"Other One-Step Centesis catheter configurations differ in Fr size, length, tip, valve, or Luer",No same-manufacturer exact catalog-number match; related products are distinct orderable configurations.
B09-merit-medical,Merit Medical,109,22,PRD-8F25A1FB01,MFR-80D24820DF,Merit Medical,OSC-4F-17PS,One-Step Centesis Catheter — OSC-4F-17PS,,Pleural procedures,Thoracentesis catheter,,THORACENTESIS_KIT,verified_source,hidden,SRC072: PDF p. 11,"Other One-Step Centesis catheter configurations differ in Fr size, length, tip, valve, or Luer",No same-manufacturer exact catalog-number match; related products are distinct orderable configurations.
B09-merit-medical,Merit Medical,109,23,PRD-0BB94EB28B,MFR-80D24820DF,Merit Medical,OSC-4F-7L,One-Step Centesis Catheter — OSC-4F-7L,,Pleural procedures,Thoracentesis catheter,,THORACENTESIS_KIT,verified_source,hidden,SRC072: PDF p. 11,"Other One-Step Centesis catheter configurations differ in Fr size, length, tip, valve, or Luer",No same-manufacturer exact catalog-number match; related products are distinct orderable configurations.
B09-merit-medical,Merit Medical,109,24,PRD-FEBFE797DD,MFR-80D24820DF,Merit Medical,OSC-4F-7S,One-Step Centesis Catheter — OSC-4F-7S,,Pleural procedures,Thoracentesis catheter,,THORACENTESIS_KIT,verified_source,hidden,SRC072: PDF p. 11,"Other One-Step Centesis catheter configurations differ in Fr size, length, tip, valve, or Luer",No same-manufacturer exact catalog-number match; related products are distinct orderable configurations.
B09-merit-medical,Merit Medical,109,25,PRD-0F0636013C,MFR-80D24820DF,Merit Medical,OSC-5F-10L,One-Step Centesis Catheter — OSC-5F-10L,,Pleural procedures,Thoracentesis catheter,,THORACENTESIS_KIT,verified_source,hidden,SRC072: PDF p. 11,"Other One-Step Centesis catheter configurations differ in Fr size, length, tip, valve, or Luer",No same-manufacturer exact catalog-number match; related products are distinct orderable configurations.
B09-merit-medical,Merit Medical,109,26,PRD-2E5CDD2315,MFR-80D24820DF,Merit Medical,OSC-5F-10S,One-Step Centesis Catheter — OSC-5F-10S,,Pleural procedures,Thoracentesis catheter,,THORACENTESIS_KIT,verified_source,hidden,SRC072: PDF p. 11,"Other One-Step Centesis catheter configurations differ in Fr size, length, tip, valve, or Luer",No same-manufacturer exact catalog-number match; related products are distinct orderable configurations.
B09-merit-medical,Merit Medical,109,27,PRD-75EC41AEDA,MFR-80D24820DF,Merit Medical,OSC-5F-12PL,One-Step Centesis Catheter — OSC-5F-12PL,,Pleural procedures,Thoracentesis catheter,,THORACENTESIS_KIT,verified_source,hidden,SRC072: PDF p. 11,"Other One-Step Centesis catheter configurations differ in Fr size, length, tip, valve, or Luer",No same-manufacturer exact catalog-number match; related products are distinct orderable configurations.
B09-merit-medical,Merit Medical,109,28,PRD-2C9A03C41A,MFR-80D24820DF,Merit Medical,OSC-5F-12PS,One-Step Centesis Catheter — OSC-5F-12PS,,Pleural procedures,Thoracentesis catheter,,THORACENTESIS_KIT,verified_source,hidden,SRC072: PDF p. 11,"Other One-Step Centesis catheter configurations differ in Fr size, length, tip, valve, or Luer",No same-manufacturer exact catalog-number match; related products are distinct orderable configurations.
B09-merit-medical,Merit Medical,109,29,PRD-0DE3F1F8C3,MFR-80D24820DF,Merit Medical,OSC-5F-15L,One-Step Centesis Catheter — OSC-5F-15L,,Pleural procedures,Thoracentesis catheter,,THORACENTESIS_KIT,verified_source,hidden,SRC072: PDF p. 11,"Other One-Step Centesis catheter configurations differ in Fr size, length, tip, valve, or Luer",No same-manufacturer exact catalog-number match; related products are distinct orderable configurations.
B09-merit-medical,Merit Medical,109,30,PRD-564C66C00A,MFR-80D24820DF,Merit Medical,OSC-5F-15S,One-Step Centesis Catheter — OSC-5F-15S,,Pleural procedures,Thoracentesis catheter,,THORACENTESIS_KIT,verified_source,hidden,SRC072: PDF p. 11,"Other One-Step Centesis catheter configurations differ in Fr size, length, tip, valve, or Luer",No same-manufacturer exact catalog-number match; related products are distinct orderable configurations.
B09-merit-medical,Merit Medical,109,31,PRD-E92A7EC85C,MFR-80D24820DF,Merit Medical,OSC-5F-17PL,One-Step Centesis Catheter — OSC-5F-17PL,,Pleural procedures,Thoracentesis catheter,,THORACENTESIS_KIT,verified_source,hidden,SRC072: PDF p. 11,"Other One-Step Centesis catheter configurations differ in Fr size, length, tip, valve, or Luer",No same-manufacturer exact catalog-number match; related products are distinct orderable configurations.
B09-merit-medical,Merit Medical,109,32,PRD-194C99D2D3,MFR-80D24820DF,Merit Medical,OSC-5F-17PS,One-Step Centesis Catheter — OSC-5F-17PS,,Pleural procedures,Thoracentesis catheter,,THORACENTESIS_KIT,verified_source,hidden,SRC072: PDF p. 11,"Other One-Step Centesis catheter configurations differ in Fr size, length, tip, valve, or Luer",No same-manufacturer exact catalog-number match; related products are distinct orderable configurations.
B09-merit-medical,Merit Medical,109,33,PRD-4A053AA647,MFR-80D24820DF,Merit Medical,OSC-5F-7L,One-Step Centesis Catheter — OSC-5F-7L,,Pleural procedures,Thoracentesis catheter,,THORACENTESIS_KIT,verified_source,hidden,SRC072: PDF p. 11,"Other One-Step Centesis catheter configurations differ in Fr size, length, tip, valve, or Luer",No same-manufacturer exact catalog-number match; related products are distinct orderable configurations.
B09-merit-medical,Merit Medical,109,34,PRD-1B27E1D4BA,MFR-80D24820DF,Merit Medical,OSC-5F-7S,One-Step Centesis Catheter — OSC-5F-7S,,Pleural procedures,Thoracentesis catheter,,THORACENTESIS_KIT,verified_source,hidden,SRC072: PDF p. 11,"Other One-Step Centesis catheter configurations differ in Fr size, length, tip, valve, or Luer",No same-manufacturer exact catalog-number match; related products are distinct orderable configurations.
B09-merit-medical,Merit Medical,109,35,PRD-9DEE331FF0,MFR-80D24820DF,Merit Medical,OSC-6F-10L,One-Step Centesis Catheter — OSC-6F-10L,,Pleural procedures,Thoracentesis catheter,,THORACENTESIS_KIT,verified_source,hidden,SRC072: PDF p. 11,"Other One-Step Centesis catheter configurations differ in Fr size, length, tip, valve, or Luer",No same-manufacturer exact catalog-number match; related products are distinct orderable configurations.
B09-merit-medical,Merit Medical,109,36,PRD-C811661645,MFR-80D24820DF,Merit Medical,OSC-6F-10S,One-Step Centesis Catheter — OSC-6F-10S,,Pleural procedures,Thoracentesis catheter,,THORACENTESIS_KIT,verified_source,hidden,SRC072: PDF p. 11,"Other One-Step Centesis catheter configurations differ in Fr size, length, tip, valve, or Luer",No same-manufacturer exact catalog-number match; related products are distinct orderable configurations.
B09-merit-medical,Merit Medical,109,37,PRD-4379B878E6,MFR-80D24820DF,Merit Medical,OSC-6F-12PL,One-Step Centesis Catheter — OSC-6F-12PL,,Pleural procedures,Thoracentesis catheter,,THORACENTESIS_KIT,verified_source,hidden,SRC072: PDF p. 11,"Other One-Step Centesis catheter configurations differ in Fr size, length, tip, valve, or Luer",No same-manufacturer exact catalog-number match; related products are distinct orderable configurations.
B09-merit-medical,Merit Medical,109,38,PRD-A2E61F3CDC,MFR-80D24820DF,Merit Medical,OSC-6F-12PS,One-Step Centesis Catheter — OSC-6F-12PS,,Pleural procedures,Thoracentesis catheter,,THORACENTESIS_KIT,verified_source,hidden,SRC072: PDF p. 11,"Other One-Step Centesis catheter configurations differ in Fr size, length, tip, valve, or Luer",No same-manufacturer exact catalog-number match; related products are distinct orderable configurations.
B09-merit-medical,Merit Medical,109,39,PRD-BB1C007EE6,MFR-80D24820DF,Merit Medical,OSC-6F-15L,One-Step Centesis Catheter — OSC-6F-15L,,Pleural procedures,Thoracentesis catheter,,THORACENTESIS_KIT,verified_source,hidden,SRC072: PDF p. 11,"Other One-Step Centesis catheter configurations differ in Fr size, length, tip, valve, or Luer",No same-manufacturer exact catalog-number match; related products are distinct orderable configurations.
B09-merit-medical,Merit Medical,109,40,PRD-A6299876FB,MFR-80D24820DF,Merit Medical,OSC-6F-15S,One-Step Centesis Catheter — OSC-6F-15S,,Pleural procedures,Thoracentesis catheter,,THORACENTESIS_KIT,verified_source,hidden,SRC072: PDF p. 11,"Other One-Step Centesis catheter configurations differ in Fr size, length, tip, valve, or Luer",No same-manufacturer exact catalog-number match; related products are distinct orderable configurations.
B09-merit-medical,Merit Medical,109,41,PRD-1867BEE0A7,MFR-80D24820DF,Merit Medical,OSC-6F-17PL,One-Step Centesis Catheter — OSC-6F-17PL,,Pleural procedures,Thoracentesis catheter,,THORACENTESIS_KIT,verified_source,hidden,SRC072: PDF p. 11,"Other One-Step Centesis catheter configurations differ in Fr size, length, tip, valve, or Luer",No same-manufacturer exact catalog-number match; related products are distinct orderable configurations.
B09-merit-medical,Merit Medical,109,42,PRD-C2D9370B88,MFR-80D24820DF,Merit Medical,OSC-6F-17PS,One-Step Centesis Catheter — OSC-6F-17PS,,Pleural procedures,Thoracentesis catheter,,THORACENTESIS_KIT,verified_source,hidden,SRC072: PDF p. 11,"Other One-Step Centesis catheter configurations differ in Fr size, length, tip, valve, or Luer",No same-manufacturer exact catalog-number match; related products are distinct orderable configurations.
B09-merit-medical,Merit Medical,109,43,PRD-DE790B8608,MFR-80D24820DF,Merit Medical,OSC-6F-7L,One-Step Centesis Catheter — OSC-6F-7L,,Pleural procedures,Thoracentesis catheter,,THORACENTESIS_KIT,verified_source,hidden,SRC072: PDF p. 11,"Other One-Step Centesis catheter configurations differ in Fr size, length, tip, valve, or Luer",No same-manufacturer exact catalog-number match; related products are distinct orderable configurations.
B09-merit-medical,Merit Medical,109,44,PRD-07FA3BEBCB,MFR-80D24820DF,Merit Medical,OSC-6F-7S,One-Step Centesis Catheter — OSC-6F-7S,,Pleural procedures,Thoracentesis catheter,,THORACENTESIS_KIT,verified_source,hidden,SRC072: PDF p. 11,"Other One-Step Centesis catheter configurations differ in Fr size, length, tip, valve, or Luer",No same-manufacturer exact catalog-number match; related products are distinct orderable configurations.
B09-merit-medical,Merit Medical,109,45,PRD-81D1E660C8,MFR-80D24820DF,Merit Medical,OSC-8F-10L,One-Step Centesis Catheter — OSC-8F-10L,,Pleural procedures,Thoracentesis catheter,,THORACENTESIS_KIT,verified_source,hidden,SRC072: PDF p. 11,"Other One-Step Centesis catheter configurations differ in Fr size, length, tip, valve, or Luer",No same-manufacturer exact catalog-number match; related products are distinct orderable configurations.
B09-merit-medical,Merit Medical,109,46,PRD-81294A9EB3,MFR-80D24820DF,Merit Medical,OSC-8F-10S,One-Step Centesis Catheter — OSC-8F-10S,,Pleural procedures,Thoracentesis catheter,,THORACENTESIS_KIT,verified_source,hidden,SRC072: PDF p. 11,"Other One-Step Centesis catheter configurations differ in Fr size, length, tip, valve, or Luer",No same-manufacturer exact catalog-number match; related products are distinct orderable configurations.
B09-merit-medical,Merit Medical,109,47,PRD-52AEFAC307,MFR-80D24820DF,Merit Medical,OSC-8F-12PL,One-Step Centesis Catheter — OSC-8F-12PL,,Pleural procedures,Thoracentesis catheter,,THORACENTESIS_KIT,verified_source,hidden,SRC072: PDF p. 11,"Other One-Step Centesis catheter configurations differ in Fr size, length, tip, valve, or Luer",No same-manufacturer exact catalog-number match; related products are distinct orderable configurations.
B09-merit-medical,Merit Medical,109,48,PRD-304BD7E5FC,MFR-80D24820DF,Merit Medical,OSC-8F-12PS,One-Step Centesis Catheter — OSC-8F-12PS,,Pleural procedures,Thoracentesis catheter,,THORACENTESIS_KIT,verified_source,hidden,SRC072: PDF p. 11,"Other One-Step Centesis catheter configurations differ in Fr size, length, tip, valve, or Luer",No same-manufacturer exact catalog-number match; related products are distinct orderable configurations.
B09-merit-medical,Merit Medical,109,49,PRD-9B2F13C1BA,MFR-80D24820DF,Merit Medical,OSC-8F-15L,One-Step Centesis Catheter — OSC-8F-15L,,Pleural procedures,Thoracentesis catheter,,THORACENTESIS_KIT,verified_source,hidden,SRC072: PDF p. 11,"Other One-Step Centesis catheter configurations differ in Fr size, length, tip, valve, or Luer",No same-manufacturer exact catalog-number match; related products are distinct orderable configurations.
B09-merit-medical,Merit Medical,109,50,PRD-0E17091BA1,MFR-80D24820DF,Merit Medical,OSC-8F-15S,One-Step Centesis Catheter — OSC-8F-15S,,Pleural procedures,Thoracentesis catheter,,THORACENTESIS_KIT,verified_source,hidden,SRC072: PDF p. 11,"Other One-Step Centesis catheter configurations differ in Fr size, length, tip, valve, or Luer",No same-manufacturer exact catalog-number match; related products are distinct orderable configurations.
B09-merit-medical,Merit Medical,109,51,PRD-CC8E8D081A,MFR-80D24820DF,Merit Medical,OSC-8F-17PL,One-Step Centesis Catheter — OSC-8F-17PL,,Pleural procedures,Thoracentesis catheter,,THORACENTESIS_KIT,verified_source,hidden,SRC072: PDF p. 11,"Other One-Step Centesis catheter configurations differ in Fr size, length, tip, valve, or Luer",No same-manufacturer exact catalog-number match; related products are distinct orderable configurations.
B09-merit-medical,Merit Medical,109,52,PRD-8CC639A8AF,MFR-80D24820DF,Merit Medical,OSC-8F-17PS,One-Step Centesis Catheter — OSC-8F-17PS,,Pleural procedures,Thoracentesis catheter,,THORACENTESIS_KIT,verified_source,hidden,SRC072: PDF p. 11,"Other One-Step Centesis catheter configurations differ in Fr size, length, tip, valve, or Luer",No same-manufacturer exact catalog-number match; related products are distinct orderable configurations.
B09-merit-medical,Merit Medical,109,53,PRD-BD7D0C388D,MFR-80D24820DF,Merit Medical,OSC-8F-7L,One-Step Centesis Catheter — OSC-8F-7L,,Pleural procedures,Thoracentesis catheter,,THORACENTESIS_KIT,verified_source,hidden,SRC072: PDF p. 11,"Other One-Step Centesis catheter configurations differ in Fr size, length, tip, valve, or Luer",No same-manufacturer exact catalog-number match; related products are distinct orderable configurations.
B09-merit-medical,Merit Medical,109,54,PRD-2D75D9FB0F,MFR-80D24820DF,Merit Medical,OSC-8F-7S,One-Step Centesis Catheter — OSC-8F-7S,,Pleural procedures,Thoracentesis catheter,,THORACENTESIS_KIT,verified_source,hidden,SRC072: PDF p. 11,"Other One-Step Centesis catheter configurations differ in Fr size, length, tip, valve, or Luer",No same-manufacturer exact catalog-number match; related products are distinct orderable configurations.
B09-merit-medical,Merit Medical,109,75,PRD-7F5DE98072,MFR-80D24820DF,Merit Medical,OSC-4F-10LT,One-Step Valved Centesis Catheter — OSC-4F-10LT,,Pleural procedures,Thoracentesis catheter,,THORACENTESIS_KIT,verified_source,hidden,SRC072: PDF p. 10,"Other One-Step Centesis catheter configurations differ in Fr size, length, tip, valve, or Luer",No same-manufacturer exact catalog-number match; related products are distinct orderable configurations.
B09-merit-medical,Merit Medical,109,76,PRD-17F91285B0,MFR-80D24820DF,Merit Medical,OSC-4F-10T,One-Step Valved Centesis Catheter — OSC-4F-10T,,Pleural procedures,Thoracentesis catheter,,THORACENTESIS_KIT,verified_source,hidden,SRC072: PDF p. 10,"Other One-Step Centesis catheter configurations differ in Fr size, length, tip, valve, or Luer",No same-manufacturer exact catalog-number match; related products are distinct orderable configurations.
B09-merit-medical,Merit Medical,109,77,PRD-44B8646C32,MFR-80D24820DF,Merit Medical,OSC-4F-12PLT,One-Step Valved Centesis Catheter — OSC-4F-12PLT,,Pleural procedures,Thoracentesis catheter,,THORACENTESIS_KIT,verified_source,hidden,SRC072: PDF p. 10,"Other One-Step Centesis catheter configurations differ in Fr size, length, tip, valve, or Luer",No same-manufacturer exact catalog-number match; related products are distinct orderable configurations.
B09-merit-medical,Merit Medical,109,78,PRD-6242870599,MFR-80D24820DF,Merit Medical,OSC-4F-12PT,One-Step Valved Centesis Catheter — OSC-4F-12PT,,Pleural procedures,Thoracentesis catheter,,THORACENTESIS_KIT,verified_source,hidden,SRC072: PDF p. 10,"Other One-Step Centesis catheter configurations differ in Fr size, length, tip, valve, or Luer",No same-manufacturer exact catalog-number match; related products are distinct orderable configurations.
B09-merit-medical,Merit Medical,109,79,PRD-C6B6BD759E,MFR-80D24820DF,Merit Medical,OSC-4F-17PLT,One-Step Valved Centesis Catheter — OSC-4F-17PLT,,Pleural procedures,Thoracentesis catheter,,THORACENTESIS_KIT,verified_source,hidden,SRC072: PDF p. 10,"Other One-Step Centesis catheter configurations differ in Fr size, length, tip, valve, or Luer",No same-manufacturer exact catalog-number match; related products are distinct orderable configurations.
B09-merit-medical,Merit Medical,109,80,PRD-EBE3C4E5EF,MFR-80D24820DF,Merit Medical,OSC-4F-17PT,One-Step Valved Centesis Catheter — OSC-4F-17PT,,Pleural procedures,Thoracentesis catheter,,THORACENTESIS_KIT,verified_source,hidden,SRC072: PDF p. 10,"Other One-Step Centesis catheter configurations differ in Fr size, length, tip, valve, or Luer",No same-manufacturer exact catalog-number match; related products are distinct orderable configurations.
B09-merit-medical,Merit Medical,109,81,PRD-F24CF1B9C7,MFR-80D24820DF,Merit Medical,OSC-4F-7LT,One-Step Valved Centesis Catheter — OSC-4F-7LT,,Pleural procedures,Thoracentesis catheter,,THORACENTESIS_KIT,verified_source,hidden,SRC072: PDF p. 10,"Other One-Step Centesis catheter configurations differ in Fr size, length, tip, valve, or Luer",No same-manufacturer exact catalog-number match; related products are distinct orderable configurations.
B09-merit-medical,Merit Medical,109,82,PRD-E8BAEDDF61,MFR-80D24820DF,Merit Medical,OSC-4F-7T,One-Step Valved Centesis Catheter — OSC-4F-7T,,Pleural procedures,Thoracentesis catheter,,THORACENTESIS_KIT,verified_source,hidden,SRC072: PDF p. 10,"Other One-Step Centesis catheter configurations differ in Fr size, length, tip, valve, or Luer",No same-manufacturer exact catalog-number match; related products are distinct orderable configurations.
B09-merit-medical,Merit Medical,109,83,PRD-1E84AF18DF,MFR-80D24820DF,Merit Medical,OSC-5F-10LT,One-Step Valved Centesis Catheter — OSC-5F-10LT,,Pleural procedures,Thoracentesis catheter,,THORACENTESIS_KIT,verified_source,hidden,SRC072: PDF p. 10,"Other One-Step Centesis catheter configurations differ in Fr size, length, tip, valve, or Luer",No same-manufacturer exact catalog-number match; related products are distinct orderable configurations.
B09-merit-medical,Merit Medical,109,84,PRD-5483564F3B,MFR-80D24820DF,Merit Medical,OSC-5F-10T,One-Step Valved Centesis Catheter — OSC-5F-10T,,Pleural procedures,Thoracentesis catheter,,THORACENTESIS_KIT,verified_source,hidden,SRC072: PDF p. 10,"Other One-Step Centesis catheter configurations differ in Fr size, length, tip, valve, or Luer",No same-manufacturer exact catalog-number match; related products are distinct orderable configurations.
B09-merit-medical,Merit Medical,109,85,PRD-3075D02CC0,MFR-80D24820DF,Merit Medical,OSC-5F-12PT,One-Step Valved Centesis Catheter — OSC-5F-12PT,,Pleural procedures,Thoracentesis catheter,,THORACENTESIS_KIT,verified_source,hidden,SRC072: PDF p. 10,"Other One-Step Centesis catheter configurations differ in Fr size, length, tip, valve, or Luer",No same-manufacturer exact catalog-number match; related products are distinct orderable configurations.
B09-merit-medical,Merit Medical,109,86,PRD-1BE33BF3AD,MFR-80D24820DF,Merit Medical,OSC-5F-15LT,One-Step Valved Centesis Catheter — OSC-5F-15LT,,Pleural procedures,Thoracentesis catheter,,THORACENTESIS_KIT,verified_source,hidden,SRC072: PDF p. 10,"Other One-Step Centesis catheter configurations differ in Fr size, length, tip, valve, or Luer",No same-manufacturer exact catalog-number match; related products are distinct orderable configurations.
B09-merit-medical,Merit Medical,109,87,PRD-6A80B1640D,MFR-80D24820DF,Merit Medical,OSC-5F-15T,One-Step Valved Centesis Catheter — OSC-5F-15T,,Pleural procedures,Thoracentesis catheter,,THORACENTESIS_KIT,verified_source,hidden,SRC072: PDF p. 10,"Other One-Step Centesis catheter configurations differ in Fr size, length, tip, valve, or Luer",No same-manufacturer exact catalog-number match; related products are distinct orderable configurations.
B09-merit-medical,Merit Medical,109,88,PRD-D40CA802F4,MFR-80D24820DF,Merit Medical,OSC-5F-17PLT,One-Step Valved Centesis Catheter — OSC-5F-17PLT,,Pleural procedures,Thoracentesis catheter,,THORACENTESIS_KIT,verified_source,hidden,SRC072: PDF p. 10,"Other One-Step Centesis catheter configurations differ in Fr size, length, tip, valve, or Luer",No same-manufacturer exact catalog-number match; related products are distinct orderable configurations.
B09-merit-medical,Merit Medical,109,89,PRD-483170BE1E,MFR-80D24820DF,Merit Medical,OSC-5F-17PT,One-Step Valved Centesis Catheter — OSC-5F-17PT,,Pleural procedures,Thoracentesis catheter,,THORACENTESIS_KIT,verified_source,hidden,SRC072: PDF p. 10,"Other One-Step Centesis catheter configurations differ in Fr size, length, tip, valve, or Luer",No same-manufacturer exact catalog-number match; related products are distinct orderable configurations.
B09-merit-medical,Merit Medical,109,90,PRD-A9C03C078D,MFR-80D24820DF,Merit Medical,OSC-5F-7LT,One-Step Valved Centesis Catheter — OSC-5F-7LT,,Pleural procedures,Thoracentesis catheter,,THORACENTESIS_KIT,verified_source,hidden,SRC072: PDF p. 10,"Other One-Step Centesis catheter configurations differ in Fr size, length, tip, valve, or Luer",No same-manufacturer exact catalog-number match; related products are distinct orderable configurations.
B09-merit-medical,Merit Medical,109,91,PRD-AA51641B5A,MFR-80D24820DF,Merit Medical,OSC-5F-7T,One-Step Valved Centesis Catheter — OSC-5F-7T,,Pleural procedures,Thoracentesis catheter,,THORACENTESIS_KIT,verified_source,hidden,SRC072: PDF p. 10,"Other One-Step Centesis catheter configurations differ in Fr size, length, tip, valve, or Luer",No same-manufacturer exact catalog-number match; related products are distinct orderable configurations.
B09-merit-medical,Merit Medical,109,92,PRD-F2D56B29CB,MFR-80D24820DF,Merit Medical,OSC-6F-10LT,One-Step Valved Centesis Catheter — OSC-6F-10LT,,Pleural procedures,Thoracentesis catheter,,THORACENTESIS_KIT,verified_source,hidden,SRC072: PDF p. 10,"Other One-Step Centesis catheter configurations differ in Fr size, length, tip, valve, or Luer",No same-manufacturer exact catalog-number match; related products are distinct orderable configurations.
B09-merit-medical,Merit Medical,109,93,PRD-C4699157F4,MFR-80D24820DF,Merit Medical,OSC-6F-10T,One-Step Valved Centesis Catheter — OSC-6F-10T,,Pleural procedures,Thoracentesis catheter,,THORACENTESIS_KIT,verified_source,hidden,SRC072: PDF p. 10,"Other One-Step Centesis catheter configurations differ in Fr size, length, tip, valve, or Luer",No same-manufacturer exact catalog-number match; related products are distinct orderable configurations.
B09-merit-medical,Merit Medical,109,94,PRD-651FBD7EA3,MFR-80D24820DF,Merit Medical,OSC-6F-12PT,One-Step Valved Centesis Catheter — OSC-6F-12PT,,Pleural procedures,Thoracentesis catheter,,THORACENTESIS_KIT,verified_source,hidden,SRC072: PDF p. 10,"Other One-Step Centesis catheter configurations differ in Fr size, length, tip, valve, or Luer",No same-manufacturer exact catalog-number match; related products are distinct orderable configurations.
B09-merit-medical,Merit Medical,109,95,PRD-E4BF1CCDFC,MFR-80D24820DF,Merit Medical,OSC-6F-15LT,One-Step Valved Centesis Catheter — OSC-6F-15LT,,Pleural procedures,Thoracentesis catheter,,THORACENTESIS_KIT,verified_source,hidden,SRC072: PDF p. 10,"Other One-Step Centesis catheter configurations differ in Fr size, length, tip, valve, or Luer",No same-manufacturer exact catalog-number match; related products are distinct orderable configurations.
B09-merit-medical,Merit Medical,109,96,PRD-6D2A5C2FE5,MFR-80D24820DF,Merit Medical,OSC-6F-15T,One-Step Valved Centesis Catheter — OSC-6F-15T,,Pleural procedures,Thoracentesis catheter,,THORACENTESIS_KIT,verified_source,hidden,SRC072: PDF p. 10,"Other One-Step Centesis catheter configurations differ in Fr size, length, tip, valve, or Luer",No same-manufacturer exact catalog-number match; related products are distinct orderable configurations.
B09-merit-medical,Merit Medical,109,97,PRD-CB2AE00175,MFR-80D24820DF,Merit Medical,OSC-6F-17PLT,One-Step Valved Centesis Catheter — OSC-6F-17PLT,,Pleural procedures,Thoracentesis catheter,,THORACENTESIS_KIT,verified_source,hidden,SRC072: PDF p. 10,"Other One-Step Centesis catheter configurations differ in Fr size, length, tip, valve, or Luer",No same-manufacturer exact catalog-number match; related products are distinct orderable configurations.
B09-merit-medical,Merit Medical,109,98,PRD-69BAF13F0C,MFR-80D24820DF,Merit Medical,OSC-6F-17PT,One-Step Valved Centesis Catheter — OSC-6F-17PT,,Pleural procedures,Thoracentesis catheter,,THORACENTESIS_KIT,verified_source,hidden,SRC072: PDF p. 10,"Other One-Step Centesis catheter configurations differ in Fr size, length, tip, valve, or Luer",No same-manufacturer exact catalog-number match; related products are distinct orderable configurations.
B09-merit-medical,Merit Medical,109,99,PRD-93039B7450,MFR-80D24820DF,Merit Medical,OSC-6F-7LT,One-Step Valved Centesis Catheter — OSC-6F-7LT,,Pleural procedures,Thoracentesis catheter,,THORACENTESIS_KIT,verified_source,hidden,SRC072: PDF p. 10,"Other One-Step Centesis catheter configurations differ in Fr size, length, tip, valve, or Luer",No same-manufacturer exact catalog-number match; related products are distinct orderable configurations.
B09-merit-medical,Merit Medical,109,100,PRD-5A1EA28132,MFR-80D24820DF,Merit Medical,OSC-6F-7T,One-Step Valved Centesis Catheter — OSC-6F-7T,,Pleural procedures,Thoracentesis catheter,,THORACENTESIS_KIT,verified_source,hidden,SRC072: PDF p. 10,"Other One-Step Centesis catheter configurations differ in Fr size, length, tip, valve, or Luer",No same-manufacturer exact catalog-number match; related products are distinct orderable configurations.
B09-merit-medical,Merit Medical,109,101,PRD-7C20C81CC1,MFR-80D24820DF,Merit Medical,OSC-8F-10LT,One-Step Valved Centesis Catheter — OSC-8F-10LT,,Pleural procedures,Thoracentesis catheter,,THORACENTESIS_KIT,verified_source,hidden,SRC072: PDF p. 10,"Other One-Step Centesis catheter configurations differ in Fr size, length, tip, valve, or Luer",No same-manufacturer exact catalog-number match; related products are distinct orderable configurations.
B09-merit-medical,Merit Medical,109,102,PRD-33370D3061,MFR-80D24820DF,Merit Medical,OSC-8F-10T,One-Step Valved Centesis Catheter — OSC-8F-10T,,Pleural procedures,Thoracentesis catheter,,THORACENTESIS_KIT,verified_source,hidden,SRC072: PDF p. 10,"Other One-Step Centesis catheter configurations differ in Fr size, length, tip, valve, or Luer",No same-manufacturer exact catalog-number match; related products are distinct orderable configurations.
B09-merit-medical,Merit Medical,109,103,PRD-6BAC2ADE46,MFR-80D24820DF,Merit Medical,OSC-8F-12PLT,One-Step Valved Centesis Catheter — OSC-8F-12PLT,,Pleural procedures,Thoracentesis catheter,,THORACENTESIS_KIT,verified_source,hidden,SRC072: PDF p. 10,"Other One-Step Centesis catheter configurations differ in Fr size, length, tip, valve, or Luer",No same-manufacturer exact catalog-number match; related products are distinct orderable configurations.
B09-merit-medical,Merit Medical,109,104,PRD-900390ED3C,MFR-80D24820DF,Merit Medical,OSC-8F-12PT,One-Step Valved Centesis Catheter — OSC-8F-12PT,,Pleural procedures,Thoracentesis catheter,,THORACENTESIS_KIT,verified_source,hidden,SRC072: PDF p. 10,"Other One-Step Centesis catheter configurations differ in Fr size, length, tip, valve, or Luer",No same-manufacturer exact catalog-number match; related products are distinct orderable configurations.
B09-merit-medical,Merit Medical,109,105,PRD-36918C9B9A,MFR-80D24820DF,Merit Medical,OSC-8F-15LT,One-Step Valved Centesis Catheter — OSC-8F-15LT,,Pleural procedures,Thoracentesis catheter,,THORACENTESIS_KIT,verified_source,hidden,SRC072: PDF p. 10,"Other One-Step Centesis catheter configurations differ in Fr size, length, tip, valve, or Luer",No same-manufacturer exact catalog-number match; related products are distinct orderable configurations.
B09-merit-medical,Merit Medical,109,106,PRD-FDD7F56BCD,MFR-80D24820DF,Merit Medical,OSC-8F-15T,One-Step Valved Centesis Catheter — OSC-8F-15T,,Pleural procedures,Thoracentesis catheter,,THORACENTESIS_KIT,verified_source,hidden,SRC072: PDF p. 10,"Other One-Step Centesis catheter configurations differ in Fr size, length, tip, valve, or Luer",No same-manufacturer exact catalog-number match; related products are distinct orderable configurations.
B09-merit-medical,Merit Medical,109,107,PRD-FD8DFD7EA8,MFR-80D24820DF,Merit Medical,OSC-8F-17PLT,One-Step Valved Centesis Catheter — OSC-8F-17PLT,,Pleural procedures,Thoracentesis catheter,,THORACENTESIS_KIT,verified_source,hidden,SRC072: PDF p. 10,"Other One-Step Centesis catheter configurations differ in Fr size, length, tip, valve, or Luer",No same-manufacturer exact catalog-number match; related products are distinct orderable configurations.
B09-merit-medical,Merit Medical,109,108,PRD-068982E6EA,MFR-80D24820DF,Merit Medical,OSC-8F-17PT,One-Step Valved Centesis Catheter — OSC-8F-17PT,,Pleural procedures,Thoracentesis catheter,,THORACENTESIS_KIT,verified_source,hidden,SRC072: PDF p. 10,"Other One-Step Centesis catheter configurations differ in Fr size, length, tip, valve, or Luer",No same-manufacturer exact catalog-number match; related products are distinct orderable configurations.
B09-merit-medical,Merit Medical,109,109,PRD-F699627250,MFR-80D24820DF,Merit Medical,OSC-8F-7LT,One-Step Valved Centesis Catheter — OSC-8F-7LT,,Pleural procedures,Thoracentesis catheter,,THORACENTESIS_KIT,verified_source,hidden,SRC072: PDF p. 10,"Other One-Step Centesis catheter configurations differ in Fr size, length, tip, valve, or Luer",No same-manufacturer exact catalog-number match; related products are distinct orderable configurations.
B09-merit-medical,Merit Medical,109,110,PRD-B9352BD52A,MFR-80D24820DF,Merit Medical,OSC-8F-7T,One-Step Valved Centesis Catheter — OSC-8F-7T,,Pleural procedures,Thoracentesis catheter,,THORACENTESIS_KIT,verified_source,hidden,SRC072: PDF p. 10,"Other One-Step Centesis catheter configurations differ in Fr size, length, tip, valve, or Luer",No same-manufacturer exact catalog-number match; related products are distinct orderable configurations.
B09-merit-medical,Merit Medical,109,243,PRD-D5706A45F2,MFR-80D24820DF,Merit Medical,TAPS-5F-12PT,TAPS Thoracentesis and Paracentesis Set — TAPS-5F-12PT,,Pleural procedures,Thoracentesis set,,THORACENTESIS_KIT,verified_source,hidden,SRC072: PDF p. 12,"Existing TAPS SKUs differ by exact Fr size, length, tip, or Luer; APS-100 is a different catalog identifier",No same-manufacturer exact catalog-number match; related products are distinct orderable configurations.
B09-merit-medical,Merit Medical,109,244,PRD-6652155378,MFR-80D24820DF,Merit Medical,TAPS-5F-17PLT,TAPS Thoracentesis and Paracentesis Set — TAPS-5F-17PLT,,Pleural procedures,Thoracentesis set,,THORACENTESIS_KIT,verified_source,hidden,SRC072: PDF p. 12,"Existing TAPS SKUs differ by exact Fr size, length, tip, or Luer; APS-100 is a different catalog identifier",No same-manufacturer exact catalog-number match; related products are distinct orderable configurations.
B09-merit-medical,Merit Medical,109,245,PRD-477B395A73,MFR-80D24820DF,Merit Medical,TAPS-5F-17PT,TAPS Thoracentesis and Paracentesis Set — TAPS-5F-17PT,,Pleural procedures,Thoracentesis set,,THORACENTESIS_KIT,verified_source,hidden,SRC072: PDF p. 12,"Existing TAPS SKUs differ by exact Fr size, length, tip, or Luer; APS-100 is a different catalog identifier",No same-manufacturer exact catalog-number match; related products are distinct orderable configurations.
B09-merit-medical,Merit Medical,109,247,PRD-3501E07357,MFR-80D24820DF,Merit Medical,TAPS-6F-17PLT,TAPS Thoracentesis and Paracentesis Set — TAPS-6F-17PLT,,Pleural procedures,Thoracentesis set,,THORACENTESIS_KIT,verified_source,hidden,SRC072: PDF p. 12,"Existing TAPS SKUs differ by exact Fr size, length, tip, or Luer; APS-100 is a different catalog identifier",No same-manufacturer exact catalog-number match; related products are distinct orderable configurations.
B09-merit-medical,Merit Medical,109,248,PRD-5C42525636,MFR-80D24820DF,Merit Medical,TAPS-6F-17PT,TAPS Thoracentesis and Paracentesis Set — TAPS-6F-17PT,,Pleural procedures,Thoracentesis set,,THORACENTESIS_KIT,verified_source,hidden,SRC072: PDF p. 12,"Existing TAPS SKUs differ by exact Fr size, length, tip, or Luer; APS-100 is a different catalog identifier",No same-manufacturer exact catalog-number match; related products are distinct orderable configurations.
B09-merit-medical,Merit Medical,109,250,PRD-892BC2AA9D,MFR-80D24820DF,Merit Medical,TAPS-8F-12PT,TAPS Thoracentesis and Paracentesis Set — TAPS-8F-12PT,,Pleural procedures,Thoracentesis set,,THORACENTESIS_KIT,verified_source,hidden,SRC072: PDF p. 12,"Existing TAPS SKUs differ by exact Fr size, length, tip, or Luer; APS-100 is a different catalog identifier",No same-manufacturer exact catalog-number match; related products are distinct orderable configurations.
B09-merit-medical,Merit Medical,109,251,PRD-07CD91B74C,MFR-80D24820DF,Merit Medical,TAPS-8F-17PLT,TAPS Thoracentesis and Paracentesis Set — TAPS-8F-17PLT,,Pleural procedures,Thoracentesis set,,THORACENTESIS_KIT,verified_source,hidden,SRC072: PDF p. 12,"Existing TAPS SKUs differ by exact Fr size, length, tip, or Luer; APS-100 is a different catalog identifier",No same-manufacturer exact catalog-number match; related products are distinct orderable configurations.
B09-merit-medical,Merit Medical,109,252,PRD-63306C383B,MFR-80D24820DF,Merit Medical,TAPS-8F-17PT,TAPS Thoracentesis and Paracentesis Set — TAPS-8F-17PT,,Pleural procedures,Thoracentesis set,,THORACENTESIS_KIT,verified_source,hidden,SRC072: PDF p. 12,"Existing TAPS SKUs differ by exact Fr size, length, tip, or Luer; APS-100 is a different catalog identifier",No same-manufacturer exact catalog-number match; related products are distinct orderable configurations.
B09-merit-medical,Merit Medical,109,253,PRD-14AB98C264,MFR-80D24820DF,Merit Medical,TAPS-8F-7T,TAPS Thoracentesis and Paracentesis Set — TAPS-8F-7T,,Pleural procedures,Thoracentesis set,,THORACENTESIS_KIT,verified_source,hidden,SRC072: PDF p. 12,"Existing TAPS SKUs differ by exact Fr size, length, tip, or Luer; APS-100 is a different catalog identifier",No same-manufacturer exact catalog-number match; related products are distinct orderable configurations.
B09-merit-medical,Merit Medical,109,264,PRD-03568EABFB,MFR-80D24820DF,Merit Medical,TAPS-5F-12PLT,TAPS Thoracentesis and Paracentesis Set — TAPS-5F-12PLT,,Pleural procedures,Thoracentesis set,,THORACENTESIS_KIT,verified_source,hidden,SRC072: PDF p. 12,"Existing TAPS SKUs differ by exact Fr size, length, tip, or Luer; APS-100 is a different catalog identifier",No same-manufacturer exact catalog-number match; related products are distinct orderable configurations.
B09-merit-medical,Merit Medical,109,266,PRD-5ADF20DD4A,MFR-80D24820DF,Merit Medical,TAPS-6F-12PT,TAPS Thoracentesis and Paracentesis Set — TAPS-6F-12PT,,Pleural procedures,Thoracentesis set,,THORACENTESIS_KIT,verified_source,hidden,SRC072: PDF p. 12,"Existing TAPS SKUs differ by exact Fr size, length, tip, or Luer; APS-100 is a different catalog identifier",No same-manufacturer exact catalog-number match; related products are distinct orderable configurations.
B09-merit-medical,Merit Medical,109,267,PRD-575932A508,MFR-80D24820DF,Merit Medical,TAPS-8F-12PLT,TAPS Thoracentesis and Paracentesis Set — TAPS-8F-12PLT,,Pleural procedures,Thoracentesis set,,THORACENTESIS_KIT,verified_source,hidden,SRC072: PDF p. 12,"Existing TAPS SKUs differ by exact Fr size, length, tip, or Luer; APS-100 is a different catalog identifier",No same-manufacturer exact catalog-number match; related products are distinct orderable configurations.
B09-merit-medical,Merit Medical,109,271,PRD-8E51EC62D3,MFR-80D24820DF,Merit Medical,OSC-5F-12PLT,One-Step Valved Centesis Catheter — OSC-5F-12PLT,,Pleural procedures,Thoracentesis catheter,,THORACENTESIS_KIT,verified_source,hidden,SRC072: PDF p. 10,"Other One-Step Centesis catheter configurations differ in Fr size, length, tip, valve, or Luer",No same-manufacturer exact catalog-number match; related products are distinct orderable configurations.
B09-merit-medical,Merit Medical,109,277,PRD-FCE9DE78C0,MFR-80D24820DF,Merit Medical,OSC-6F-12PLT,One-Step Valved Centesis Catheter — OSC-6F-12PLT,,Pleural procedures,Thoracentesis catheter,,THORACENTESIS_KIT,verified_source,hidden,SRC072: PDF p. 10,"Other One-Step Centesis catheter configurations differ in Fr size, length, tip, valve, or Luer",No same-manufacturer exact catalog-number match; related products are distinct orderable configurations.
B09-merit-medical,Merit Medical,109,279,PRD-DA7ECBAE41,MFR-80D24820DF,Merit Medical,TAPS-100,TAPS Thoracentesis and Paracentesis Set — TAPS-100,,Pleural procedures,Thoracentesis set,,THORACENTESIS_KIT,verified_source,hidden,SRC072: PDF p. 12,"Existing TAPS SKUs differ by exact Fr size, length, tip, or Luer; APS-100 is a different catalog identifier",No same-manufacturer exact catalog-number match; related products are distinct orderable configurations.
B09-merit-medical,Merit Medical,109,280,PRD-AB1FE11C34,MFR-80D24820DF,Merit Medical,TAPS-5F-7T,TAPS Thoracentesis and Paracentesis Set — TAPS-5F-7T,,Pleural procedures,Thoracentesis set,,THORACENTESIS_KIT,verified_source,hidden,SRC072: PDF p. 12,"Existing TAPS SKUs differ by exact Fr size, length, tip, or Luer; APS-100 is a different catalog identifier",No same-manufacturer exact catalog-number match; related products are distinct orderable configurations.
B09-merit-medical,Merit Medical,109,281,PRD-C90F6F2F20,MFR-80D24820DF,Merit Medical,TAPS-6F-10T,TAPS Thoracentesis and Paracentesis Set — TAPS-6F-10T,,Pleural procedures,Thoracentesis set,,THORACENTESIS_KIT,verified_source,hidden,SRC072: PDF p. 12,"Existing TAPS SKUs differ by exact Fr size, length, tip, or Luer; APS-100 is a different catalog identifier",No same-manufacturer exact catalog-number match; related products are distinct orderable configurations.
B09-merit-medical,Merit Medical,109,282,PRD-399E8E0192,MFR-80D24820DF,Merit Medical,TAPS-6F-7T,TAPS Thoracentesis and Paracentesis Set — TAPS-6F-7T,,Pleural procedures,Thoracentesis set,,THORACENTESIS_KIT,verified_source,hidden,SRC072: PDF p. 12,"Existing TAPS SKUs differ by exact Fr size, length, tip, or Luer; APS-100 is a different catalog identifier",No same-manufacturer exact catalog-number match; related products are distinct orderable configurations.
B09-merit-medical,Merit Medical,109,283,PRD-E4F966BAFD,MFR-80D24820DF,Merit Medical,TAPS-8F-10T,TAPS Thoracentesis and Paracentesis Set — TAPS-8F-10T,,Pleural procedures,Thoracentesis set,,THORACENTESIS_KIT,verified_source,hidden,SRC072: PDF p. 12,"Existing TAPS SKUs differ by exact Fr size, length, tip, or Luer; APS-100 is a different catalog identifier",No same-manufacturer exact catalog-number match; related products are distinct orderable configurations.
B09-merit-medical,Merit Medical,109,285,PRD-FBF1DDB248,MFR-80D24820DF,Merit Medical,TAPS-5F-10T,TAPS Thoracentesis and Paracentesis Set — TAPS-5F-10T,,Pleural procedures,Thoracentesis set,,THORACENTESIS_KIT,verified_source,hidden,SRC072: PDF p. 12,"Existing TAPS SKUs differ by exact Fr size, length, tip, or Luer; APS-100 is a different catalog identifier",No same-manufacturer exact catalog-number match; related products are distinct orderable configurations.
B09-merit-medical,Merit Medical,109,287,PRD-B229D186DD,MFR-80D24820DF,Merit Medical,TAPS-6F-7LT,TAPS Thoracentesis and Paracentesis Set — TAPS-6F-7LT,,Pleural procedures,Thoracentesis set,,THORACENTESIS_KIT,verified_source,hidden,SRC072: PDF p. 12,"Existing TAPS SKUs differ by exact Fr size, length, tip, or Luer; APS-100 is a different catalog identifier",No same-manufacturer exact catalog-number match; related products are distinct orderable configurations.
B09-merit-medical,Merit Medical,109,1537,PRD-4C18A9D165,MFR-80D24820DF,Merit Medical,TAPSA-5F-10T,TAPSA Thoracentesis and Paracentesis Set — TAPSA-5F-10T,,Pleural procedures,Thoracentesis set,,THORACENTESIS_KIT,verified_source,hidden,SRC086: Document p. 19/29 (PDF page 19),"TAPS/TAPSA family variants differ by exact catalog prefix, Fr size, length, tip, or Luer",No same-manufacturer exact catalog-number match; related products are distinct orderable configurations.
B09-merit-medical,Merit Medical,109,1538,PRD-176442701B,MFR-80D24820DF,Merit Medical,TAPSA-5F-7T,TAPSA Thoracentesis and Paracentesis Set — TAPSA-5F-7T,,Pleural procedures,Thoracentesis set,,THORACENTESIS_KIT,verified_source,hidden,SRC086: Document p. 20/29 (PDF page 20),"TAPS/TAPSA family variants differ by exact catalog prefix, Fr size, length, tip, or Luer",No same-manufacturer exact catalog-number match; related products are distinct orderable configurations.
B09-merit-medical,Merit Medical,109,1539,PRD-7DA7AF0CE9,MFR-80D24820DF,Merit Medical,TAPSA-6F-10T,TAPSA Thoracentesis and Paracentesis Set — TAPSA-6F-10T,,Pleural procedures,Thoracentesis set,,THORACENTESIS_KIT,verified_source,hidden,SRC086: Document p. 21/29 (PDF page 21),"TAPS/TAPSA family variants differ by exact catalog prefix, Fr size, length, tip, or Luer",No same-manufacturer exact catalog-number match; related products are distinct orderable configurations.
B09-merit-medical,Merit Medical,109,1540,PRD-CFD20B352F,MFR-80D24820DF,Merit Medical,TAPSA-6F-7T,TAPSA Thoracentesis and Paracentesis Set — TAPSA-6F-7T,,Pleural procedures,Thoracentesis set,,THORACENTESIS_KIT,verified_source,hidden,SRC086: Document p. 22/29 (PDF page 22),"TAPS/TAPSA family variants differ by exact catalog prefix, Fr size, length, tip, or Luer",No same-manufacturer exact catalog-number match; related products are distinct orderable configurations.
B09-merit-medical,Merit Medical,109,1541,PRD-3426CE7B79,MFR-80D24820DF,Merit Medical,TAPSA-8F-10T,TAPSA Thoracentesis and Paracentesis Set — TAPSA-8F-10T,,Pleural procedures,Thoracentesis set,,THORACENTESIS_KIT,verified_source,hidden,SRC086: Document p. 23/29 (PDF page 23),"TAPS/TAPSA family variants differ by exact catalog prefix, Fr size, length, tip, or Luer",No same-manufacturer exact catalog-number match; related products are distinct orderable configurations.
B09-merit-medical,Merit Medical,109,1542,PRD-C9C4E45BB9,MFR-80D24820DF,Merit Medical,TAPSA-8F-7T,TAPSA Thoracentesis and Paracentesis Set — TAPSA-8F-7T,,Pleural procedures,Thoracentesis set,,THORACENTESIS_KIT,verified_source,hidden,SRC086: Document p. 24/29 (PDF page 24),"TAPS/TAPSA family variants differ by exact catalog prefix, Fr size, length, tip, or Luer",No same-manufacturer exact catalog-number match; related products are distinct orderable configurations.
B09-merit-medical,Merit Medical,109,1546,PRD-7D2B16DFCF,MFR-80D24820DF,Merit Medical,TAPSA-100,TAPSA Thoracentesis and Paracentesis Set — TAPSA-100,,Pleural procedures,Thoracentesis set,,THORACENTESIS_KIT,verified_source,hidden,SRC086: Document p. 18/29 (PDF page 18),"TAPS/TAPSA family variants differ by exact catalog prefix, Fr size, length, tip, or Luer",No same-manufacturer exact catalog-number match; related products are distinct orderable configurations.
B09-merit-medical,Merit Medical,109,1554,PRD-F1BAA98154,MFR-80D24820DF,Merit Medical,TAPSA-5F-10LT,TAPSA Thoracentesis and Paracentesis Set — TAPSA-5F-10LT,,Pleural procedures,Thoracentesis set,,THORACENTESIS_KIT,verified_source,hidden,SRC086: Document p. 19/29 (PDF page 19),"TAPS/TAPSA family variants differ by exact catalog prefix, Fr size, length, tip, or Luer",No same-manufacturer exact catalog-number match; related products are distinct orderable configurations.
B09-merit-medical,Merit Medical,109,1555,PRD-C9000BB9AD,MFR-80D24820DF,Merit Medical,TAPSA-5F-7LT,TAPSA Thoracentesis and Paracentesis Set — TAPSA-5F-7LT,,Pleural procedures,Thoracentesis set,,THORACENTESIS_KIT,verified_source,hidden,SRC086: Document p. 20/29 (PDF page 20),"TAPS/TAPSA family variants differ by exact catalog prefix, Fr size, length, tip, or Luer",No same-manufacturer exact catalog-number match; related products are distinct orderable configurations.
B09-merit-medical,Merit Medical,109,1556,PRD-BD118B9112,MFR-80D24820DF,Merit Medical,TAPSA-6F-10LT,TAPSA Thoracentesis and Paracentesis Set — TAPSA-6F-10LT,,Pleural procedures,Thoracentesis set,,THORACENTESIS_KIT,verified_source,hidden,SRC086: Document p. 21/29 (PDF page 21),"TAPS/TAPSA family variants differ by exact catalog prefix, Fr size, length, tip, or Luer",No same-manufacturer exact catalog-number match; related products are distinct orderable configurations.
B09-merit-medical,Merit Medical,109,1557,PRD-43CBDF82B4,MFR-80D24820DF,Merit Medical,TAPSA-6F-7LT,TAPSA Thoracentesis and Paracentesis Set — TAPSA-6F-7LT,,Pleural procedures,Thoracentesis set,,THORACENTESIS_KIT,verified_source,hidden,SRC086: Document p. 22/29 (PDF page 22),"TAPS/TAPSA family variants differ by exact catalog prefix, Fr size, length, tip, or Luer",No same-manufacturer exact catalog-number match; related products are distinct orderable configurations.
B09-merit-medical,Merit Medical,109,1558,PRD-83100016E0,MFR-80D24820DF,Merit Medical,TAPSA-8F-10LT,TAPSA Thoracentesis and Paracentesis Set — TAPSA-8F-10LT,,Pleural procedures,Thoracentesis set,,THORACENTESIS_KIT,verified_source,hidden,SRC086: Document p. 23/29 (PDF page 23),"TAPS/TAPSA family variants differ by exact catalog prefix, Fr size, length, tip, or Luer",No same-manufacturer exact catalog-number match; related products are distinct orderable configurations.
B09-merit-medical,Merit Medical,109,1559,PRD-B68C2A2F50,MFR-80D24820DF,Merit Medical,TAPSA-8F-7LT,TAPSA Thoracentesis and Paracentesis Set — TAPSA-8F-7LT,,Pleural procedures,Thoracentesis set,,THORACENTESIS_KIT,verified_source,hidden,SRC086: Document p. 24/29 (PDF page 24),"TAPS/TAPSA family variants differ by exact catalog prefix, Fr size, length, tip, or Luer",No same-manufacturer exact catalog-number match; related products are distinct orderable configurations.
B10-pentax-medical,PENTAX Medical,1,2021,PRD-8C4710647F,MFR-0A34B2B677,PENTAX Medical,EPK-i8020c,PENTAX Medical INSPIRA Video Processor,INSPIRA,Bronchoscopy platform,Video processor,,VIDEO_PROCESSOR,verified_source,hidden,"SRC088: INSPIRA official product-page PDF index 5 / printed p. 5/7, exact model EPK-i8020c; SRC077: PDF page 7 (printed p. 7/8), INSPIRA platform association","No PENTAX product exists in the governed catalog; current VIDEO_PROCESSOR products from Olympus, FUJIFILM, Ambu, Verathon, Scivita, and Richard Wolf are different platform-specific models","Official PENTAX pages support exact model and bronchoscopy relevance. New manufacturer candidate MFR-0A34B2B677 (stableId('MFR', 'PENTAX Medical'))."
B11-pulmonx,Pulmonx,1,904,PRD-F946AD81F2,MFR-233A56DF24,Pulmonx,CHR-CA-12.0-XL,Chartis Catheter XL,Chartis Catheter,Bronchoscopic lung volume reduction,Collateral ventilation assessment catheter,Single-use device,COLLATERAL_VENTILATION_SYSTEM,verified_source,hidden,"SRC054: PDF page index 1; printed p. 1 of 4, Specifications table",PRD-685E69DACA / CHR-CA-12.0 is the standard 72 cm model; the supplied IFU separately names CHR-CA-12.0-XL at 76 cm,Exact distinct model and working length are printed in the official IFU. Earlier code deliberately omitted the XL for lack of UDI; this brief allows exact authoritative brochure/IFU identity and keeps current market status separate. Reuse SRC054 after confirming the supplied dated filename is the same Revision C document; local SHA-256 3b7cad49c9d5cbe5c1a559228e9faaa3a82b6dc7ad7b2afebb1e008974e8055d.
B12-teleflex,Teleflex,23,1511,PRD-56BD135369,MFR-31D4851787,Teleflex,502540,Fluvog Slide Assembly For Pilling Bronchoscopes,,Rigid bronchoscopy,Rigid bronchoscope accessory,,RIGID_BRONCHOSCOPE_ACCESSORY,verified_source,hidden,SRC085: Document p. not stated (PDF page 1),No matching catalog number; current Teleflex catalog rows are unrelated pleural products,No same-manufacturer exact catalog-number match; related products are distinct orderable configurations.
B12-teleflex,Teleflex,23,1512,PRD-80E64865AA,MFR-31D4851787,Teleflex,522576,Holinger Bronchoscope 3.5X25,,Rigid bronchoscopy,Rigid bronchoscope tube,,RIGID_BRONCHOSCOPE_BARREL,verified_source,hidden,SRC085: Document p. not stated (PDF page 2),No matching catalog number; current Teleflex catalog rows are unrelated pleural products,No same-manufacturer exact catalog-number match; related products are distinct orderable configurations.
B12-teleflex,Teleflex,23,1513,PRD-6A108CCC84,MFR-31D4851787,Teleflex,522577,Holinger Bronchoscope 3.5X30,,Rigid bronchoscopy,Rigid bronchoscope tube,,RIGID_BRONCHOSCOPE_BARREL,verified_source,hidden,SRC085: Document p. not stated (PDF page 2),No matching catalog number; current Teleflex catalog rows are unrelated pleural products,No same-manufacturer exact catalog-number match; related products are distinct orderable configurations.
B12-teleflex,Teleflex,23,1514,PRD-07A68D03D0,MFR-31D4851787,Teleflex,522575,Holinger Bronchoscope 3X20,,Rigid bronchoscopy,Rigid bronchoscope tube,,RIGID_BRONCHOSCOPE_BARREL,verified_source,hidden,SRC085: Document p. not stated (PDF page 2),No matching catalog number; current Teleflex catalog rows are unrelated pleural products,No same-manufacturer exact catalog-number match; related products are distinct orderable configurations.
B12-teleflex,Teleflex,23,1515,PRD-3EB4013643,MFR-31D4851787,Teleflex,522578,Holinger Bronchoscope 4X30,,Rigid bronchoscopy,Rigid bronchoscope tube,,RIGID_BRONCHOSCOPE_BARREL,verified_source,hidden,SRC085: Document p. not stated (PDF page 2),No matching catalog number; current Teleflex catalog rows are unrelated pleural products,No same-manufacturer exact catalog-number match; related products are distinct orderable configurations.
B12-teleflex,Teleflex,23,1516,PRD-B2AC8712B7,MFR-31D4851787,Teleflex,522579,Holinger Bronchoscope 5X30,,Rigid bronchoscopy,Rigid bronchoscope tube,,RIGID_BRONCHOSCOPE_BARREL,verified_source,hidden,SRC085: Document p. not stated (PDF page 2),No matching catalog number; current Teleflex catalog rows are unrelated pleural products,No same-manufacturer exact catalog-number match; related products are distinct orderable configurations.
B12-teleflex,Teleflex,23,1517,PRD-53D93A0FAC,MFR-31D4851787,Teleflex,522580,Holinger Bronchoscope 5X35,,Rigid bronchoscopy,Rigid bronchoscope tube,,RIGID_BRONCHOSCOPE_BARREL,verified_source,hidden,SRC085: Document p. not stated (PDF page 2),No matching catalog number; current Teleflex catalog rows are unrelated pleural products,No same-manufacturer exact catalog-number match; related products are distinct orderable configurations.
B12-teleflex,Teleflex,23,1518,PRD-DF553A815B,MFR-31D4851787,Teleflex,522581,Holinger Bronchoscope 5X40,,Rigid bronchoscopy,Rigid bronchoscope tube,,RIGID_BRONCHOSCOPE_BARREL,verified_source,hidden,SRC085: Document p. not stated (PDF page 3),No matching catalog number; current Teleflex catalog rows are unrelated pleural products,No same-manufacturer exact catalog-number match; related products are distinct orderable configurations.
B12-teleflex,Teleflex,23,1519,PRD-5E73B7DAE9,MFR-31D4851787,Teleflex,522582,Holinger Bronchoscope 5X45,,Rigid bronchoscopy,Rigid bronchoscope tube,,RIGID_BRONCHOSCOPE_BARREL,verified_source,hidden,SRC085: Document p. not stated (PDF page 3),No matching catalog number; current Teleflex catalog rows are unrelated pleural products,No same-manufacturer exact catalog-number match; related products are distinct orderable configurations.
B12-teleflex,Teleflex,23,1520,PRD-A810240CB4,MFR-31D4851787,Teleflex,522583,Holinger Bronchoscope 6X35,,Rigid bronchoscopy,Rigid bronchoscope tube,,RIGID_BRONCHOSCOPE_BARREL,verified_source,hidden,SRC085: Document p. not stated (PDF page 3),No matching catalog number; current Teleflex catalog rows are unrelated pleural products,No same-manufacturer exact catalog-number match; related products are distinct orderable configurations.
B12-teleflex,Teleflex,23,1521,PRD-B08199D221,MFR-31D4851787,Teleflex,522584,Holinger Bronchoscope 6X40,,Rigid bronchoscopy,Rigid bronchoscope tube,,RIGID_BRONCHOSCOPE_BARREL,verified_source,hidden,SRC085: Document p. not stated (PDF page 3),No matching catalog number; current Teleflex catalog rows are unrelated pleural products,No same-manufacturer exact catalog-number match; related products are distinct orderable configurations.
B12-teleflex,Teleflex,23,1522,PRD-38E67F1EF6,MFR-31D4851787,Teleflex,522585,Holinger Bronchoscope 7X40,,Rigid bronchoscopy,Rigid bronchoscope tube,,RIGID_BRONCHOSCOPE_BARREL,verified_source,hidden,SRC085: Document p. not stated (PDF page 3),No matching catalog number; current Teleflex catalog rows are unrelated pleural products,No same-manufacturer exact catalog-number match; related products are distinct orderable configurations.
B12-teleflex,Teleflex,23,1523,PRD-A4D34F0B5D,MFR-31D4851787,Teleflex,522586,Holinger Bronchoscope 8X40,,Rigid bronchoscopy,Rigid bronchoscope tube,,RIGID_BRONCHOSCOPE_BARREL,verified_source,hidden,SRC085: Document p. not stated (PDF page 4),No matching catalog number; current Teleflex catalog rows are unrelated pleural products,No same-manufacturer exact catalog-number match; related products are distinct orderable configurations.
B12-teleflex,Teleflex,23,1524,PRD-7D0A88E1E7,MFR-31D4851787,Teleflex,522587,Holinger Bronchoscope 9X40,,Rigid bronchoscopy,Rigid bronchoscope tube,,RIGID_BRONCHOSCOPE_BARREL,verified_source,hidden,SRC085: Document p. not stated (PDF page 4),No matching catalog number; current Teleflex catalog rows are unrelated pleural products,No same-manufacturer exact catalog-number match; related products are distinct orderable configurations.
B12-teleflex,Teleflex,23,1525,PRD-8DA3BC1FB4,MFR-31D4851787,Teleflex,523120P,Laser Bronchoscope 5X30,,Rigid bronchoscopy,Rigid bronchoscope tube,,RIGID_BRONCHOSCOPE_BARREL,verified_source,hidden,SRC085: Document p. not stated (PDF page 4),No matching catalog number; current Teleflex catalog rows are unrelated pleural products,No same-manufacturer exact catalog-number match; related products are distinct orderable configurations.
B12-teleflex,Teleflex,23,1526,PRD-FA25C1403D,MFR-31D4851787,Teleflex,523130P,Laser Bronchoscope 6X35,,Rigid bronchoscopy,Rigid bronchoscope tube,,RIGID_BRONCHOSCOPE_BARREL,verified_source,hidden,SRC085: Document p. not stated (PDF page 4),No matching catalog number; current Teleflex catalog rows are unrelated pleural products,No same-manufacturer exact catalog-number match; related products are distinct orderable configurations.
B12-teleflex,Teleflex,23,1527,PRD-5562E69B2A,MFR-31D4851787,Teleflex,523140P,Laser Bronchoscope 7X40,,Rigid bronchoscopy,Rigid bronchoscope tube,,RIGID_BRONCHOSCOPE_BARREL,verified_source,hidden,SRC085: Document p. not stated (PDF page 4),No matching catalog number; current Teleflex catalog rows are unrelated pleural products,No same-manufacturer exact catalog-number match; related products are distinct orderable configurations.
B12-teleflex,Teleflex,23,1528,PRD-4577BB32BB,MFR-31D4851787,Teleflex,523150P,Laser Bronchoscope 8X40,,Rigid bronchoscopy,Rigid bronchoscope tube,,RIGID_BRONCHOSCOPE_BARREL,verified_source,hidden,SRC085: Document p. not stated (PDF page 4),No matching catalog number; current Teleflex catalog rows are unrelated pleural products,No same-manufacturer exact catalog-number match; related products are distinct orderable configurations.
B12-teleflex,Teleflex,23,1529,PRD-4AC9BF53AD,MFR-31D4851787,Teleflex,523160P,Laser Bronchoscope 9X40,,Rigid bronchoscopy,Rigid bronchoscope tube,,RIGID_BRONCHOSCOPE_BARREL,verified_source,hidden,SRC085: Document p. not stated (PDF page 5),No matching catalog number; current Teleflex catalog rows are unrelated pleural products,No same-manufacturer exact catalog-number match; related products are distinct orderable configurations.
B12-teleflex,Teleflex,23,1530,PRD-EF8D01CBAD,MFR-31D4851787,Teleflex,522552,Pilling-Holinger Bronchoscope 3.5X20,,Rigid bronchoscopy,Rigid bronchoscope tube,,RIGID_BRONCHOSCOPE_BARREL,verified_source,hidden,SRC085: Document p. not stated (PDF page 1),No matching catalog number; current Teleflex catalog rows are unrelated pleural products,No same-manufacturer exact catalog-number match; related products are distinct orderable configurations.
B12-teleflex,Teleflex,23,1531,PRD-F72B622208,MFR-31D4851787,Teleflex,522550,Pilling-Holinger Bronchoscope 3X20,,Rigid bronchoscopy,Rigid bronchoscope tube,,RIGID_BRONCHOSCOPE_BARREL,verified_source,hidden,SRC085: Document p. not stated (PDF page 1),No matching catalog number; current Teleflex catalog rows are unrelated pleural products,No same-manufacturer exact catalog-number match; related products are distinct orderable configurations.
B12-teleflex,Teleflex,23,1532,PRD-8A788CE721,MFR-31D4851787,Teleflex,522554,Pilling-Holinger Bronchoscope 4X20,,Rigid bronchoscopy,Rigid bronchoscope tube,,RIGID_BRONCHOSCOPE_BARREL,verified_source,hidden,SRC085: Document p. not stated (PDF page 1),No matching catalog number; current Teleflex catalog rows are unrelated pleural products,No same-manufacturer exact catalog-number match; related products are distinct orderable configurations.
B12-teleflex,Teleflex,23,1533,PRD-FC0DCD11AB,MFR-31D4851787,Teleflex,522556,Pilling-Holinger Bronchoscope 4X25,,Rigid bronchoscopy,Rigid bronchoscope tube,,RIGID_BRONCHOSCOPE_BARREL,verified_source,hidden,SRC085: Document p. not stated (PDF page 1),No matching catalog number; current Teleflex catalog rows are unrelated pleural products,No same-manufacturer exact catalog-number match; related products are distinct orderable configurations.
B13-thoracent,Thoracent,2,901,PRD-1B787D066C,MFR-FEE2053E6E,Thoracent,GW10211,"Hydro-Slide Pulmonary Guidewire, 0.035 in x 180 cm",Hydro-Slide,Guidewire,Pulmonary guidewire,,PULMONARY_GUIDEWIRE,verified_source,hidden,"SRC081: PDF page index 2; printed p. 2/2, PRODUCT SPECIFICATIONS table",PRD-02BE5F7D32 / Merit 80129-404 and PRD-602AA2F147 / Boston M00515171 share 0.035 in x 180 cm dimensions but are different manufacturers and exact SKUs,"Thoracent-branded official product page; exact SKU, diameter, length, straight form, UOM, sterility, and single-use status are printed."
B13-thoracent,Thoracent,2,902,PRD-F2DAE4E583,MFR-FEE2053E6E,Thoracent,GW10221,"Hydro-Slide Pulmonary Guidewire, 0.035 in x 260 cm",Hydro-Slide,Guidewire,Pulmonary guidewire,,PULMONARY_GUIDEWIRE,verified_source,hidden,"SRC081: PDF page index 2; printed p. 2/2, PRODUCT SPECIFICATIONS table","PRD-C2115BE6BB / Merit 80129-406 is also 0.035 in x 260 cm, but is a different manufacturer and exact SKU","Thoracent-branded official product page; exact SKU, diameter, length, straight form, UOM, sterility, and single-use status are printed."
