input_row_number,extracted_identifier,extracted_product_name,extracted_manufacturer,source_filename,matched_source_page,disposition,canonical_product_id,canonical_catalog_number,match_basis,evidence_strength,reason_code,owner_review_note
1,Not stated in source,Micro-Tech Tracheal Stent System (Y-Shaped),Micro-Tech USA / Micro-Tech Endoscopy,1-0023806-0-Tracheal-Stent-System-Y-shaped-IFU.pdf,Document p. Not separately numbered / see PDF index (PDF page 1-0023806-0-Tracheal-Stent-System-Y-shaped-IFU.pdf:13),existing_family_or_package_variant,,,existing_family_or_package_variant,moderate,existing_family_or_package_variant,IFU family row has no exact order number; current catalog already contains the exact TT81670-TT81850 configurations.
2,Magneto Holmium Laser,Magneto Holmium Laser,Quanta System,2025-Distribution-Magneto-Holmium-Laser.pdf,PDF page indices 1-2; Product Features & Specifications on printed p. 2,irrelevant_to_current_scope,,,irrelevant_to_current_scope,high,irrelevant_to_current_scope,"The ForTec flyer identifies Magneto but markets it for lithotripsy, BPH, and generic soft tissue; it states no pulmonology/airway use and supplies no exact orderable SKU. The current Quanta Holmium Laser mobile-service row is only a related family/service candidate, not this model."
3,8379.462,"Coagulation Electrode, Button, Monopolar, 3.5 mm, WL 310 mm",Richard Wolf,2323-07.01-0624USA_Mini_Thoracoscopy_Set_SS.pdf,Mini-Thoracoscopy Set ordering table,existing_exact,PRD-8E3A12AFF4,8379.462,existing_exact,high,existing_exact,
4,83912227,"Dissection Forceps, Monopolar, 3.5 mm (bundle)",Richard Wolf,2323-07.01-0624USA_Mini_Thoracoscopy_Set_SS.pdf,Mini-Thoracoscopy Set ordering table,existing_exact,PRD-FD23D11B2B,83912227,existing_exact,high,existing_exact,
5,83912167,"Double Spoon Forceps, Monopolar, 3.5 mm (bundle)",Richard Wolf,2323-07.01-0624USA_Mini_Thoracoscopy_Set_SS.pdf,Mini-Thoracoscopy Set ordering table,existing_exact,PRD-C9FE364632,83912167,existing_exact,high,existing_exact,
6,806625301,"Fiber Light Cable 2.5 mm, 3 m (bundle)",Richard Wolf,2323-07.01-0624USA_Mini_Thoracoscopy_Set_SS.pdf,Mini-Thoracoscopy Set ordering table,existing_exact,PRD-F1A94DDA3B,806625301,existing_exact,high,existing_exact,
7,8379.452,"Hook Electrode, Monopolar, 3.5 mm, WL 310 mm",Richard Wolf,2323-07.01-0624USA_Mini_Thoracoscopy_Set_SS.pdf,Mini-Thoracoscopy Set ordering table,existing_exact,PRD-95B12463A5,8379.452,existing_exact,high,existing_exact,
8,89204015,"Operative Telescope 5.5 mm, 0°, with 3.5 mm Working Channel (bundle)",Richard Wolf,2323-07.01-0624USA_Mini_Thoracoscopy_Set_SS.pdf,Mini-Thoracoscopy Set ordering table,existing_exact,PRD-F53A443D66,89204015,existing_exact,high,existing_exact,
9,8380.68,"Suction Tube, 2.8 mm, WL 450 mm",Richard Wolf,2323-07.01-0624USA_Mini_Thoracoscopy_Set_SS.pdf,Mini-Thoracoscopy Set ordering table,existing_exact,PRD-41AAD08DBF,8380.68,existing_exact,high,existing_exact,
10,8919.3311,"Trocar, Dull Tip, 5.5 mm, WL 104 mm",Richard Wolf,2323-07.01-0624USA_Mini_Thoracoscopy_Set_SS.pdf,Mini-Thoracoscopy Set ordering table,existing_exact,PRD-E8AA815321,8919.3311,existing_exact,high,existing_exact,
11,8906.151,"Trocar, Threaded, Dull Tip, 5.5 mm, WL 83 mm",Richard Wolf,2323-07.01-0624USA_Mini_Thoracoscopy_Set_SS.pdf,Mini-Thoracoscopy Set ordering table,existing_exact,PRD-8B374A11AC,8906.151,existing_exact,high,existing_exact,
12,Not stated in source,One-Step Centesis Catheter,Merit Medical Systems,401295001.pdf,Document p. not stated (PDF page 1),relevant_family_level_only,,,relevant_family_without_exact_orderable_identifier,moderate,relevant_family_without_exact_orderable_identifier,
13,K20T-00033,ASPIRA® DRAINAGE SYSTEM - Contains additional accessories to help with catheter insertion,Merit Medical Systems,401418001.pdf,PDF p. 14,existing_exact,PRD-56DF49383B,K20T-00033,exact_identifier,high,exact_identifier,
14,ASP-10,ASPIRA® DRAINAGE SYSTEM - Drainage Kit with Bottle/Dressing Kit,Merit Medical Systems,401418001.pdf,PDF p. 14,existing_exact,PRD-CC55BDA6C8,ASP-10,exact_identifier,high,exact_identifier,
15,ASP-4,ASPIRA® DRAINAGE SYSTEM - Drainage Kit with Bottle/Dressing Kit,Merit Medical Systems,401418001.pdf,PDF p. 14,existing_exact,PRD-A5F6B25BCB,ASP-4,exact_identifier,high,exact_identifier,
16,PLS165,"ASPIRA® DRAINAGE SYSTEM - Valved Splittable Sheath Introducer, 16.5F",Merit Medical Systems,401418001.pdf,PDF p. 14,new_product_added,PRD-6A9EE6FB1B,PLS165,proposed_high_confidence_exact_id,high,proposed_high_confidence_exact_id,Proposed addition; not yet applied by this read-only agent.
17,OSC-4F-10L,Centesis Catheter - 4F; 10 cm; Fixed Luer,Merit Medical Systems,401418001.pdf,PDF p. 11,new_product_added,PRD-6B4693A19A,OSC-4F-10L,proposed_high_confidence_exact_id,high,proposed_high_confidence_exact_id,Proposed addition; not yet applied by this read-only agent.
18,OSC-4F-10S,Centesis Catheter - 4F; 10 cm; Slip Fit,Merit Medical Systems,401418001.pdf,PDF p. 11,new_product_added,PRD-10B6E6001C,OSC-4F-10S,proposed_high_confidence_exact_id,high,proposed_high_confidence_exact_id,Proposed addition; not yet applied by this read-only agent.
19,OSC-4F-12PL,Centesis Catheter - 4F; 12 cm; Fixed Luer,Merit Medical Systems,401418001.pdf,PDF p. 11,new_product_added,PRD-8474F25510,OSC-4F-12PL,proposed_high_confidence_exact_id,high,proposed_high_confidence_exact_id,Proposed addition; not yet applied by this read-only agent.
20,OSC-4F-12PS,Centesis Catheter - 4F; 12 cm; Slip Fit,Merit Medical Systems,401418001.pdf,PDF p. 11,new_product_added,PRD-53EC805ADF,OSC-4F-12PS,proposed_high_confidence_exact_id,high,proposed_high_confidence_exact_id,Proposed addition; not yet applied by this read-only agent.
21,OSC-4F-17PL,Centesis Catheter - 4F; 17 cm; Fixed Luer,Merit Medical Systems,401418001.pdf,PDF p. 11,new_product_added,PRD-0594E8207A,OSC-4F-17PL,proposed_high_confidence_exact_id,high,proposed_high_confidence_exact_id,Proposed addition; not yet applied by this read-only agent.
22,OSC-4F-17PS,Centesis Catheter - 4F; 17 cm; Slip Fit,Merit Medical Systems,401418001.pdf,PDF p. 11,new_product_added,PRD-8F25A1FB01,OSC-4F-17PS,proposed_high_confidence_exact_id,high,proposed_high_confidence_exact_id,Proposed addition; not yet applied by this read-only agent.
23,OSC-4F-7L,Centesis Catheter - 4F; 7 cm; Fixed Luer,Merit Medical Systems,401418001.pdf,PDF p. 11,new_product_added,PRD-0BB94EB28B,OSC-4F-7L,proposed_high_confidence_exact_id,high,proposed_high_confidence_exact_id,Proposed addition; not yet applied by this read-only agent.
24,OSC-4F-7S,Centesis Catheter - 4F; 7 cm; Slip Fit,Merit Medical Systems,401418001.pdf,PDF p. 11,new_product_added,PRD-FEBFE797DD,OSC-4F-7S,proposed_high_confidence_exact_id,high,proposed_high_confidence_exact_id,Proposed addition; not yet applied by this read-only agent.
25,OSC-5F-10L,Centesis Catheter - 5F; 10 cm; Fixed Luer,Merit Medical Systems,401418001.pdf,PDF p. 11,new_product_added,PRD-0F0636013C,OSC-5F-10L,proposed_high_confidence_exact_id,high,proposed_high_confidence_exact_id,Proposed addition; not yet applied by this read-only agent.
26,OSC-5F-10S,Centesis Catheter - 5F; 10 cm; Slip Fit,Merit Medical Systems,401418001.pdf,PDF p. 11,new_product_added,PRD-2E5CDD2315,OSC-5F-10S,proposed_high_confidence_exact_id,high,proposed_high_confidence_exact_id,Proposed addition; not yet applied by this read-only agent.
27,OSC-5F-12PL,Centesis Catheter - 5F; 12 cm; Fixed Luer,Merit Medical Systems,401418001.pdf,PDF p. 11,new_product_added,PRD-75EC41AEDA,OSC-5F-12PL,proposed_high_confidence_exact_id,high,proposed_high_confidence_exact_id,Proposed addition; not yet applied by this read-only agent.
28,OSC-5F-12PS,Centesis Catheter - 5F; 12 cm; Slip Fit,Merit Medical Systems,401418001.pdf,PDF p. 11,new_product_added,PRD-2C9A03C41A,OSC-5F-12PS,proposed_high_confidence_exact_id,high,proposed_high_confidence_exact_id,Proposed addition; not yet applied by this read-only agent.
29,OSC-5F-15L,Centesis Catheter - 5F; 15 cm; Fixed Luer,Merit Medical Systems,401418001.pdf,PDF p. 11,new_product_added,PRD-0DE3F1F8C3,OSC-5F-15L,proposed_high_confidence_exact_id,high,proposed_high_confidence_exact_id,Proposed addition; not yet applied by this read-only agent.
30,OSC-5F-15S,Centesis Catheter - 5F; 15 cm; Slip Fit,Merit Medical Systems,401418001.pdf,PDF p. 11,new_product_added,PRD-564C66C00A,OSC-5F-15S,proposed_high_confidence_exact_id,high,proposed_high_confidence_exact_id,Proposed addition; not yet applied by this read-only agent.
31,OSC-5F-17PL,Centesis Catheter - 5F; 17 cm; Fixed Luer,Merit Medical Systems,401418001.pdf,PDF p. 11,new_product_added,PRD-E92A7EC85C,OSC-5F-17PL,proposed_high_confidence_exact_id,high,proposed_high_confidence_exact_id,Proposed addition; not yet applied by this read-only agent.
32,OSC-5F-17PS,Centesis Catheter - 5F; 17 cm; Slip Fit,Merit Medical Systems,401418001.pdf,PDF p. 11,new_product_added,PRD-194C99D2D3,OSC-5F-17PS,proposed_high_confidence_exact_id,high,proposed_high_confidence_exact_id,Proposed addition; not yet applied by this read-only agent.
33,OSC-5F-7L,Centesis Catheter - 5F; 7 cm; Fixed Luer,Merit Medical Systems,401418001.pdf,PDF p. 11,new_product_added,PRD-4A053AA647,OSC-5F-7L,proposed_high_confidence_exact_id,high,proposed_high_confidence_exact_id,Proposed addition; not yet applied by this read-only agent.
34,OSC-5F-7S,Centesis Catheter - 5F; 7 cm; Slip Fit,Merit Medical Systems,401418001.pdf,PDF p. 11,new_product_added,PRD-1B27E1D4BA,OSC-5F-7S,proposed_high_confidence_exact_id,high,proposed_high_confidence_exact_id,Proposed addition; not yet applied by this read-only agent.
35,OSC-6F-10L,Centesis Catheter - 6F; 10 cm; Fixed Luer,Merit Medical Systems,401418001.pdf,PDF p. 11,new_product_added,PRD-9DEE331FF0,OSC-6F-10L,proposed_high_confidence_exact_id,high,proposed_high_confidence_exact_id,Proposed addition; not yet applied by this read-only agent.
36,OSC-6F-10S,Centesis Catheter - 6F; 10 cm; Slip Fit,Merit Medical Systems,401418001.pdf,PDF p. 11,new_product_added,PRD-C811661645,OSC-6F-10S,proposed_high_confidence_exact_id,high,proposed_high_confidence_exact_id,Proposed addition; not yet applied by this read-only agent.
37,OSC-6F-12PL,Centesis Catheter - 6F; 12 cm; Fixed Luer,Merit Medical Systems,401418001.pdf,PDF p. 11,new_product_added,PRD-4379B878E6,OSC-6F-12PL,proposed_high_confidence_exact_id,high,proposed_high_confidence_exact_id,Proposed addition; not yet applied by this read-only agent.
38,OSC-6F-12PS,Centesis Catheter - 6F; 12 cm; Slip Fit,Merit Medical Systems,401418001.pdf,PDF p. 11,new_product_added,PRD-A2E61F3CDC,OSC-6F-12PS,proposed_high_confidence_exact_id,high,proposed_high_confidence_exact_id,Proposed addition; not yet applied by this read-only agent.
39,OSC-6F-15L,Centesis Catheter - 6F; 15 cm; Fixed Luer,Merit Medical Systems,401418001.pdf,PDF p. 11,new_product_added,PRD-BB1C007EE6,OSC-6F-15L,proposed_high_confidence_exact_id,high,proposed_high_confidence_exact_id,Proposed addition; not yet applied by this read-only agent.
40,OSC-6F-15S,Centesis Catheter - 6F; 15 cm; Slip Fit,Merit Medical Systems,401418001.pdf,PDF p. 11,new_product_added,PRD-A6299876FB,OSC-6F-15S,proposed_high_confidence_exact_id,high,proposed_high_confidence_exact_id,Proposed addition; not yet applied by this read-only agent.
41,OSC-6F-17PL,Centesis Catheter - 6F; 17 cm; Fixed Luer,Merit Medical Systems,401418001.pdf,PDF p. 11,new_product_added,PRD-1867BEE0A7,OSC-6F-17PL,proposed_high_confidence_exact_id,high,proposed_high_confidence_exact_id,Proposed addition; not yet applied by this read-only agent.
42,OSC-6F-17PS,Centesis Catheter - 6F; 17 cm; Slip Fit,Merit Medical Systems,401418001.pdf,PDF p. 11,new_product_added,PRD-C2D9370B88,OSC-6F-17PS,proposed_high_confidence_exact_id,high,proposed_high_confidence_exact_id,Proposed addition; not yet applied by this read-only agent.
43,OSC-6F-7L,Centesis Catheter - 6F; 7 cm; Fixed Luer,Merit Medical Systems,401418001.pdf,PDF p. 11,new_product_added,PRD-DE790B8608,OSC-6F-7L,proposed_high_confidence_exact_id,high,proposed_high_confidence_exact_id,Proposed addition; not yet applied by this read-only agent.
44,OSC-6F-7S,Centesis Catheter - 6F; 7 cm; Slip Fit,Merit Medical Systems,401418001.pdf,PDF p. 11,new_product_added,PRD-07FA3BEBCB,OSC-6F-7S,proposed_high_confidence_exact_id,high,proposed_high_confidence_exact_id,Proposed addition; not yet applied by this read-only agent.
45,OSC-8F-10L,Centesis Catheter - 8F; 10 cm; Fixed Luer,Merit Medical Systems,401418001.pdf,PDF p. 11,new_product_added,PRD-81D1E660C8,OSC-8F-10L,proposed_high_confidence_exact_id,high,proposed_high_confidence_exact_id,Proposed addition; not yet applied by this read-only agent.
46,OSC-8F-10S,Centesis Catheter - 8F; 10 cm; Slip Fit,Merit Medical Systems,401418001.pdf,PDF p. 11,new_product_added,PRD-81294A9EB3,OSC-8F-10S,proposed_high_confidence_exact_id,high,proposed_high_confidence_exact_id,Proposed addition; not yet applied by this read-only agent.
47,OSC-8F-12PL,Centesis Catheter - 8F; 12 cm; Fixed Luer,Merit Medical Systems,401418001.pdf,PDF p. 11,new_product_added,PRD-52AEFAC307,OSC-8F-12PL,proposed_high_confidence_exact_id,high,proposed_high_confidence_exact_id,Proposed addition; not yet applied by this read-only agent.
48,OSC-8F-12PS,Centesis Catheter - 8F; 12 cm; Slip Fit,Merit Medical Systems,401418001.pdf,PDF p. 11,new_product_added,PRD-304BD7E5FC,OSC-8F-12PS,proposed_high_confidence_exact_id,high,proposed_high_confidence_exact_id,Proposed addition; not yet applied by this read-only agent.
49,OSC-8F-15L,Centesis Catheter - 8F; 15 cm; Fixed Luer,Merit Medical Systems,401418001.pdf,PDF p. 11,new_product_added,PRD-9B2F13C1BA,OSC-8F-15L,proposed_high_confidence_exact_id,high,proposed_high_confidence_exact_id,Proposed addition; not yet applied by this read-only agent.
50,OSC-8F-15S,Centesis Catheter - 8F; 15 cm; Slip Fit,Merit Medical Systems,401418001.pdf,PDF p. 11,new_product_added,PRD-0E17091BA1,OSC-8F-15S,proposed_high_confidence_exact_id,high,proposed_high_confidence_exact_id,Proposed addition; not yet applied by this read-only agent.
51,OSC-8F-17PL,Centesis Catheter - 8F; 17 cm; Fixed Luer,Merit Medical Systems,401418001.pdf,PDF p. 11,new_product_added,PRD-CC8E8D081A,OSC-8F-17PL,proposed_high_confidence_exact_id,high,proposed_high_confidence_exact_id,Proposed addition; not yet applied by this read-only agent.
52,OSC-8F-17PS,Centesis Catheter - 8F; 17 cm; Slip Fit,Merit Medical Systems,401418001.pdf,PDF p. 11,new_product_added,PRD-8CC639A8AF,OSC-8F-17PS,proposed_high_confidence_exact_id,high,proposed_high_confidence_exact_id,Proposed addition; not yet applied by this read-only agent.
53,OSC-8F-7L,Centesis Catheter - 8F; 7 cm; Fixed Luer,Merit Medical Systems,401418001.pdf,PDF p. 11,new_product_added,PRD-BD7D0C388D,OSC-8F-7L,proposed_high_confidence_exact_id,high,proposed_high_confidence_exact_id,Proposed addition; not yet applied by this read-only agent.
54,OSC-8F-7S,Centesis Catheter - 8F; 7 cm; Slip Fit,Merit Medical Systems,401418001.pdf,PDF p. 11,new_product_added,PRD-2D75D9FB0F,OSC-8F-7S,proposed_high_confidence_exact_id,high,proposed_high_confidence_exact_id,Proposed addition; not yet applied by this read-only agent.
55,FBG10,DRAINAGE ACCESSORIES,Merit Medical Systems,401418001.pdf,PDF p. 18,irrelevant_to_current_scope,,,generic_percutaneous_drainage_paracentesis_or_general_supply_not_pleural_specific,high,generic_percutaneous_drainage_paracentesis_or_general_supply_not_pleural_specific,
56,K12-08324,DRAINAGE ACCESSORIES - 12F x 20 cm,Merit Medical Systems,401418001.pdf,PDF p. 17,irrelevant_to_current_scope,,,generic_percutaneous_drainage_paracentesis_or_general_supply_not_pleural_specific,high,generic_percutaneous_drainage_paracentesis_or_general_supply_not_pleural_specific,
57,K12-08325,DRAINAGE ACCESSORIES - 14F x 20 cm,Merit Medical Systems,401418001.pdf,PDF p. 17,irrelevant_to_current_scope,,,generic_percutaneous_drainage_paracentesis_or_general_supply_not_pleural_specific,high,generic_percutaneous_drainage_paracentesis_or_general_supply_not_pleural_specific,
58,L3SNC,DRAINAGE ACCESSORIES - 3-way Large Bore Stopcock,Merit Medical Systems,401418001.pdf,PDF p. 17,irrelevant_to_current_scope,,,generic_percutaneous_drainage_paracentesis_or_general_supply_not_pleural_specific,high,generic_percutaneous_drainage_paracentesis_or_general_supply_not_pleural_specific,
59,L4SNC,DRAINAGE ACCESSORIES - 4-way Large Bore Stopcock,Merit Medical Systems,401418001.pdf,PDF p. 17,irrelevant_to_current_scope,,,generic_percutaneous_drainage_paracentesis_or_general_supply_not_pleural_specific,high,generic_percutaneous_drainage_paracentesis_or_general_supply_not_pleural_specific,
60,RLS100,DRAINAGE ACCESSORIES - 5 Labels (orange) with Pen,Merit Medical Systems,401418001.pdf,PDF p. 18,irrelevant_to_current_scope,,,generic_percutaneous_drainage_paracentesis_or_general_supply_not_pleural_specific,high,generic_percutaneous_drainage_paracentesis_or_general_supply_not_pleural_specific,
61,K12-08326,"DRAINAGE ACCESSORIES - Chiba, 18G x 15 cm",Merit Medical Systems,401418001.pdf,PDF p. 17,irrelevant_to_current_scope,,,generic_percutaneous_drainage_paracentesis_or_general_supply_not_pleural_specific,high,generic_percutaneous_drainage_paracentesis_or_general_supply_not_pleural_specific,
62,VAC110,"DRAINAGE ACCESSORIES - VacLok® Syringe, 10 mL",Merit Medical Systems,401418001.pdf,PDF p. 17,irrelevant_to_current_scope,,,generic_percutaneous_drainage_paracentesis_or_general_supply_not_pleural_specific,high,generic_percutaneous_drainage_paracentesis_or_general_supply_not_pleural_specific,
63,VAC120,"DRAINAGE ACCESSORIES - VacLok® Syringe, 20 mL",Merit Medical Systems,401418001.pdf,PDF p. 17,irrelevant_to_current_scope,,,generic_percutaneous_drainage_paracentesis_or_general_supply_not_pleural_specific,high,generic_percutaneous_drainage_paracentesis_or_general_supply_not_pleural_specific,
64,VAC130,"DRAINAGE ACCESSORIES - VacLok® Syringe, 30 mL",Merit Medical Systems,401418001.pdf,PDF p. 17,irrelevant_to_current_scope,,,generic_percutaneous_drainage_paracentesis_or_general_supply_not_pleural_specific,high,generic_percutaneous_drainage_paracentesis_or_general_supply_not_pleural_specific,
65,MDD600,"DRAINAGE BAGS AND TUBING - Bag, 600 mL",Merit Medical Systems,401418001.pdf,PDF p. 16,irrelevant_to_current_scope,,,generic_percutaneous_drainage_paracentesis_or_general_supply_not_pleural_specific,high,generic_percutaneous_drainage_paracentesis_or_general_supply_not_pleural_specific,
66,MDD600PML,"DRAINAGE BAGS AND TUBING - Bag, 600 mL (with polypropylene luer)",Merit Medical Systems,401418001.pdf,PDF p. 16,irrelevant_to_current_scope,,,generic_percutaneous_drainage_paracentesis_or_general_supply_not_pleural_specific,high,generic_percutaneous_drainage_paracentesis_or_general_supply_not_pleural_specific,
67,K10-00230B,"DRAINAGE BAGS AND TUBING - Closed Waste System with 1,400-mL MDD Bag, Tubing, and CRV Valve (designed for quick and safe drainage elimination)",Merit Medical Systems,401418001.pdf,PDF p. 16,irrelevant_to_current_scope,,,generic_percutaneous_drainage_paracentesis_or_general_supply_not_pleural_specific,high,generic_percutaneous_drainage_paracentesis_or_general_supply_not_pleural_specific,
68,K10-04131A,"DRAINAGE BAGS AND TUBING - Connecting Tubing with One-way Stopcock, 30 cm",Merit Medical Systems,401418001.pdf,PDF p. 16,irrelevant_to_current_scope,,,generic_percutaneous_drainage_paracentesis_or_general_supply_not_pleural_specific,high,generic_percutaneous_drainage_paracentesis_or_general_supply_not_pleural_specific,
69,K10-04132A,"DRAINAGE BAGS AND TUBING - Connecting Tubing with One-way Stopcock, 42 cm",Merit Medical Systems,401418001.pdf,PDF p. 16,irrelevant_to_current_scope,,,generic_percutaneous_drainage_paracentesis_or_general_supply_not_pleural_specific,high,generic_percutaneous_drainage_paracentesis_or_general_supply_not_pleural_specific,
70,K10-04129A,"DRAINAGE BAGS AND TUBING - Connecting Tubing, 30 cm",Merit Medical Systems,401418001.pdf,PDF p. 16,irrelevant_to_current_scope,,,generic_percutaneous_drainage_paracentesis_or_general_supply_not_pleural_specific,high,generic_percutaneous_drainage_paracentesis_or_general_supply_not_pleural_specific,
71,K10-04130A,"DRAINAGE BAGS AND TUBING - Connecting Tubing, 42 cm",Merit Medical Systems,401418001.pdf,PDF p. 16,irrelevant_to_current_scope,,,generic_percutaneous_drainage_paracentesis_or_general_supply_not_pleural_specific,high,generic_percutaneous_drainage_paracentesis_or_general_supply_not_pleural_specific,
72,K10-06126,"DRAINAGE BAGS AND TUBING - Large Bore Tubing with Roller Clamp, 96,"" and Hose Fitting for Wall Suction Drainage",Merit Medical Systems,401418001.pdf,PDF p. 16,irrelevant_to_current_scope,,,generic_percutaneous_drainage_paracentesis_or_general_supply_not_pleural_specific,high,generic_percutaneous_drainage_paracentesis_or_general_supply_not_pleural_specific,
73,K08-02027,"DRAINAGE BAGS AND TUBING - Tubing Kit with Barbed Male Luer, 16""",Merit Medical Systems,401418001.pdf,PDF p. 16,irrelevant_to_current_scope,,,generic_percutaneous_drainage_paracentesis_or_general_supply_not_pleural_specific,high,generic_percutaneous_drainage_paracentesis_or_general_supply_not_pleural_specific,
74,EVAC1000,"Evacuated Drainage Bottle - Bottle, 1,000 mL volume",Merit Medical Systems,401418001.pdf,PDF p. 9,irrelevant_to_current_scope,,,generic_percutaneous_drainage_paracentesis_or_general_supply_not_pleural_specific,high,generic_percutaneous_drainage_paracentesis_or_general_supply_not_pleural_specific,
75,OSC-4F-10LT,faster flow rates1 - 4F; 10 cm; Fixed Luer,Merit Medical Systems,401418001.pdf,PDF p. 10,new_product_added,PRD-7F5DE98072,OSC-4F-10LT,proposed_high_confidence_exact_id,high,proposed_high_confidence_exact_id,Proposed addition; not yet applied by this read-only agent.
76,OSC-4F-10T,faster flow rates1 - 4F; 10 cm; Slip Fit,Merit Medical Systems,401418001.pdf,PDF p. 10,new_product_added,PRD-17F91285B0,OSC-4F-10T,proposed_high_confidence_exact_id,high,proposed_high_confidence_exact_id,Proposed addition; not yet applied by this read-only agent.
77,OSC-4F-12PLT,faster flow rates1 - 4F; 12 cm; Fixed Luer,Merit Medical Systems,401418001.pdf,PDF p. 10,new_product_added,PRD-44B8646C32,OSC-4F-12PLT,proposed_high_confidence_exact_id,high,proposed_high_confidence_exact_id,Proposed addition; not yet applied by this read-only agent.
78,OSC-4F-12PT,faster flow rates1 - 4F; 12 cm; Slip Fit,Merit Medical Systems,401418001.pdf,PDF p. 10,new_product_added,PRD-6242870599,OSC-4F-12PT,proposed_high_confidence_exact_id,high,proposed_high_confidence_exact_id,Proposed addition; not yet applied by this read-only agent.
79,OSC-4F-17PLT,faster flow rates1 - 4F; 17 cm; Fixed Luer,Merit Medical Systems,401418001.pdf,PDF p. 10,new_product_added,PRD-C6B6BD759E,OSC-4F-17PLT,proposed_high_confidence_exact_id,high,proposed_high_confidence_exact_id,Proposed addition; not yet applied by this read-only agent.
80,OSC-4F-17PT,faster flow rates1 - 4F; 17 cm; Slip Fit,Merit Medical Systems,401418001.pdf,PDF p. 10,new_product_added,PRD-EBE3C4E5EF,OSC-4F-17PT,proposed_high_confidence_exact_id,high,proposed_high_confidence_exact_id,Proposed addition; not yet applied by this read-only agent.
81,OSC-4F-7LT,faster flow rates1 - 4F; 7 cm; Fixed Luer,Merit Medical Systems,401418001.pdf,PDF p. 10,new_product_added,PRD-F24CF1B9C7,OSC-4F-7LT,proposed_high_confidence_exact_id,high,proposed_high_confidence_exact_id,Proposed addition; not yet applied by this read-only agent.
82,OSC-4F-7T,faster flow rates1 - 4F; 7 cm; Slip Fit,Merit Medical Systems,401418001.pdf,PDF p. 10,new_product_added,PRD-E8BAEDDF61,OSC-4F-7T,proposed_high_confidence_exact_id,high,proposed_high_confidence_exact_id,Proposed addition; not yet applied by this read-only agent.
83,OSC-5F-10LT,faster flow rates1 - 5F; 10 cm; Fixed Luer,Merit Medical Systems,401418001.pdf,PDF p. 10,new_product_added,PRD-1E84AF18DF,OSC-5F-10LT,proposed_high_confidence_exact_id,high,proposed_high_confidence_exact_id,Proposed addition; not yet applied by this read-only agent.
84,OSC-5F-10T,faster flow rates1 - 5F; 10 cm; Slip Fit,Merit Medical Systems,401418001.pdf,PDF p. 10,new_product_added,PRD-5483564F3B,OSC-5F-10T,proposed_high_confidence_exact_id,high,proposed_high_confidence_exact_id,Proposed addition; not yet applied by this read-only agent.
85,OSC-5F-12PT,faster flow rates1 - 5F; 12 cm; Slip Fit,Merit Medical Systems,401418001.pdf,PDF p. 10,new_product_added,PRD-3075D02CC0,OSC-5F-12PT,proposed_high_confidence_exact_id,high,proposed_high_confidence_exact_id,Proposed addition; not yet applied by this read-only agent.
86,OSC-5F-15LT,faster flow rates1 - 5F; 15 cm; Fixed Luer,Merit Medical Systems,401418001.pdf,PDF p. 10,new_product_added,PRD-1BE33BF3AD,OSC-5F-15LT,proposed_high_confidence_exact_id,high,proposed_high_confidence_exact_id,Proposed addition; not yet applied by this read-only agent.
87,OSC-5F-15T,faster flow rates1 - 5F; 15 cm; Slip Fit,Merit Medical Systems,401418001.pdf,PDF p. 10,new_product_added,PRD-6A80B1640D,OSC-5F-15T,proposed_high_confidence_exact_id,high,proposed_high_confidence_exact_id,Proposed addition; not yet applied by this read-only agent.
88,OSC-5F-17PLT,faster flow rates1 - 5F; 17 cm; Fixed Luer,Merit Medical Systems,401418001.pdf,PDF p. 10,new_product_added,PRD-D40CA802F4,OSC-5F-17PLT,proposed_high_confidence_exact_id,high,proposed_high_confidence_exact_id,Proposed addition; not yet applied by this read-only agent.
89,OSC-5F-17PT,faster flow rates1 - 5F; 17 cm; Slip Fit,Merit Medical Systems,401418001.pdf,PDF p. 10,new_product_added,PRD-483170BE1E,OSC-5F-17PT,proposed_high_confidence_exact_id,high,proposed_high_confidence_exact_id,Proposed addition; not yet applied by this read-only agent.
90,OSC-5F-7LT,faster flow rates1 - 5F; 7 cm; Fixed Luer,Merit Medical Systems,401418001.pdf,PDF p. 10,new_product_added,PRD-A9C03C078D,OSC-5F-7LT,proposed_high_confidence_exact_id,high,proposed_high_confidence_exact_id,Proposed addition; not yet applied by this read-only agent.
91,OSC-5F-7T,faster flow rates1 - 5F; 7 cm; Slip Fit,Merit Medical Systems,401418001.pdf,PDF p. 10,new_product_added,PRD-AA51641B5A,OSC-5F-7T,proposed_high_confidence_exact_id,high,proposed_high_confidence_exact_id,Proposed addition; not yet applied by this read-only agent.
92,OSC-6F-10LT,faster flow rates1 - 6F; 10 cm; Fixed Luer,Merit Medical Systems,401418001.pdf,PDF p. 10,new_product_added,PRD-F2D56B29CB,OSC-6F-10LT,proposed_high_confidence_exact_id,high,proposed_high_confidence_exact_id,Proposed addition; not yet applied by this read-only agent.
93,OSC-6F-10T,faster flow rates1 - 6F; 10 cm; Slip Fit,Merit Medical Systems,401418001.pdf,PDF p. 10,new_product_added,PRD-C4699157F4,OSC-6F-10T,proposed_high_confidence_exact_id,high,proposed_high_confidence_exact_id,Proposed addition; not yet applied by this read-only agent.
94,OSC-6F-12PT,faster flow rates1 - 6F; 12 cm; Slip Fit,Merit Medical Systems,401418001.pdf,PDF p. 10,new_product_added,PRD-651FBD7EA3,OSC-6F-12PT,proposed_high_confidence_exact_id,high,proposed_high_confidence_exact_id,Proposed addition; not yet applied by this read-only agent.
95,OSC-6F-15LT,faster flow rates1 - 6F; 15 cm; Fixed Luer,Merit Medical Systems,401418001.pdf,PDF p. 10,new_product_added,PRD-E4BF1CCDFC,OSC-6F-15LT,proposed_high_confidence_exact_id,high,proposed_high_confidence_exact_id,Proposed addition; not yet applied by this read-only agent.
96,OSC-6F-15T,faster flow rates1 - 6F; 15 cm; Slip Fit,Merit Medical Systems,401418001.pdf,PDF p. 10,new_product_added,PRD-6D2A5C2FE5,OSC-6F-15T,proposed_high_confidence_exact_id,high,proposed_high_confidence_exact_id,Proposed addition; not yet applied by this read-only agent.
97,OSC-6F-17PLT,faster flow rates1 - 6F; 17 cm; Fixed Luer,Merit Medical Systems,401418001.pdf,PDF p. 10,new_product_added,PRD-CB2AE00175,OSC-6F-17PLT,proposed_high_confidence_exact_id,high,proposed_high_confidence_exact_id,Proposed addition; not yet applied by this read-only agent.
98,OSC-6F-17PT,faster flow rates1 - 6F; 17 cm; Slip Fit,Merit Medical Systems,401418001.pdf,PDF p. 10,new_product_added,PRD-69BAF13F0C,OSC-6F-17PT,proposed_high_confidence_exact_id,high,proposed_high_confidence_exact_id,Proposed addition; not yet applied by this read-only agent.
99,OSC-6F-7LT,faster flow rates1 - 6F; 7 cm; Fixed Luer,Merit Medical Systems,401418001.pdf,PDF p. 10,new_product_added,PRD-93039B7450,OSC-6F-7LT,proposed_high_confidence_exact_id,high,proposed_high_confidence_exact_id,Proposed addition; not yet applied by this read-only agent.
100,OSC-6F-7T,faster flow rates1 - 6F; 7 cm; Slip Fit,Merit Medical Systems,401418001.pdf,PDF p. 10,new_product_added,PRD-5A1EA28132,OSC-6F-7T,proposed_high_confidence_exact_id,high,proposed_high_confidence_exact_id,Proposed addition; not yet applied by this read-only agent.
101,OSC-8F-10LT,faster flow rates1 - 8F; 10 cm; Fixed Luer,Merit Medical Systems,401418001.pdf,PDF p. 10,new_product_added,PRD-7C20C81CC1,OSC-8F-10LT,proposed_high_confidence_exact_id,high,proposed_high_confidence_exact_id,Proposed addition; not yet applied by this read-only agent.
102,OSC-8F-10T,faster flow rates1 - 8F; 10 cm; Slip Fit,Merit Medical Systems,401418001.pdf,PDF p. 10,new_product_added,PRD-33370D3061,OSC-8F-10T,proposed_high_confidence_exact_id,high,proposed_high_confidence_exact_id,Proposed addition; not yet applied by this read-only agent.
103,OSC-8F-12PLT,faster flow rates1 - 8F; 12 cm; Fixed Luer,Merit Medical Systems,401418001.pdf,PDF p. 10,new_product_added,PRD-6BAC2ADE46,OSC-8F-12PLT,proposed_high_confidence_exact_id,high,proposed_high_confidence_exact_id,Proposed addition; not yet applied by this read-only agent.
104,OSC-8F-12PT,faster flow rates1 - 8F; 12 cm; Slip Fit,Merit Medical Systems,401418001.pdf,PDF p. 10,new_product_added,PRD-900390ED3C,OSC-8F-12PT,proposed_high_confidence_exact_id,high,proposed_high_confidence_exact_id,Proposed addition; not yet applied by this read-only agent.
105,OSC-8F-15LT,faster flow rates1 - 8F; 15 cm; Fixed Luer,Merit Medical Systems,401418001.pdf,PDF p. 10,new_product_added,PRD-36918C9B9A,OSC-8F-15LT,proposed_high_confidence_exact_id,high,proposed_high_confidence_exact_id,Proposed addition; not yet applied by this read-only agent.
106,OSC-8F-15T,faster flow rates1 - 8F; 15 cm; Slip Fit,Merit Medical Systems,401418001.pdf,PDF p. 10,new_product_added,PRD-FDD7F56BCD,OSC-8F-15T,proposed_high_confidence_exact_id,high,proposed_high_confidence_exact_id,Proposed addition; not yet applied by this read-only agent.
107,OSC-8F-17PLT,faster flow rates1 - 8F; 17 cm; Fixed Luer,Merit Medical Systems,401418001.pdf,PDF p. 10,new_product_added,PRD-FD8DFD7EA8,OSC-8F-17PLT,proposed_high_confidence_exact_id,high,proposed_high_confidence_exact_id,Proposed addition; not yet applied by this read-only agent.
108,OSC-8F-17PT,faster flow rates1 - 8F; 17 cm; Slip Fit,Merit Medical Systems,401418001.pdf,PDF p. 10,new_product_added,PRD-068982E6EA,OSC-8F-17PT,proposed_high_confidence_exact_id,high,proposed_high_confidence_exact_id,Proposed addition; not yet applied by this read-only agent.
109,OSC-8F-7LT,faster flow rates1 - 8F; 7 cm; Fixed Luer,Merit Medical Systems,401418001.pdf,PDF p. 10,new_product_added,PRD-F699627250,OSC-8F-7LT,proposed_high_confidence_exact_id,high,proposed_high_confidence_exact_id,Proposed addition; not yet applied by this read-only agent.
110,OSC-8F-7T,faster flow rates1 - 8F; 7 cm; Slip Fit,Merit Medical Systems,401418001.pdf,PDF p. 10,new_product_added,PRD-B9352BD52A,OSC-8F-7T,proposed_high_confidence_exact_id,high,proposed_high_confidence_exact_id,Proposed addition; not yet applied by this read-only agent.
111,MAK-NV-014,Introducer System - 21G x 15 cm Chiba,Merit Medical Systems,401418001.pdf,PDF p. 2,irrelevant_to_current_scope,,,generic_percutaneous_drainage_paracentesis_or_general_supply_not_pleural_specific,high,generic_percutaneous_drainage_paracentesis_or_general_supply_not_pleural_specific,
112,MAK-NV-005,Introducer System - 21G x 15 cm Trocar,Merit Medical Systems,401418001.pdf,PDF p. 2,irrelevant_to_current_scope,,,generic_percutaneous_drainage_paracentesis_or_general_supply_not_pleural_specific,high,generic_percutaneous_drainage_paracentesis_or_general_supply_not_pleural_specific,
113,MAK-NV-021,Introducer System - 21G x 20 cm Chiba,Merit Medical Systems,401418001.pdf,PDF p. 2,irrelevant_to_current_scope,,,generic_percutaneous_drainage_paracentesis_or_general_supply_not_pleural_specific,high,generic_percutaneous_drainage_paracentesis_or_general_supply_not_pleural_specific,
114,MAK-NV-020,Introducer System - 21G x 20 cm Trocar,Merit Medical Systems,401418001.pdf,PDF p. 2,irrelevant_to_current_scope,,,generic_percutaneous_drainage_paracentesis_or_general_supply_not_pleural_specific,high,generic_percutaneous_drainage_paracentesis_or_general_supply_not_pleural_specific,
115,MAK-NV-007,Introducer System - 6F x 20 cm; 4F,Merit Medical Systems,401418001.pdf,PDF p. 2,irrelevant_to_current_scope,,,generic_percutaneous_drainage_paracentesis_or_general_supply_not_pleural_specific,high,generic_percutaneous_drainage_paracentesis_or_general_supply_not_pleural_specific,
116,MAK-NV-015,Introducer System - 6F x 20 cm; 4F; 21G x 15 cm Chiba,Merit Medical Systems,401418001.pdf,PDF p. 2,irrelevant_to_current_scope,,,generic_percutaneous_drainage_paracentesis_or_general_supply_not_pleural_specific,high,generic_percutaneous_drainage_paracentesis_or_general_supply_not_pleural_specific,
117,MAK-NV-006,Introducer System - 6F x 20 cm; 4F; 21G x 15 cm Trocar,Merit Medical Systems,401418001.pdf,PDF p. 2,irrelevant_to_current_scope,,,generic_percutaneous_drainage_paracentesis_or_general_supply_not_pleural_specific,high,generic_percutaneous_drainage_paracentesis_or_general_supply_not_pleural_specific,
118,MAK-NV-011,Introducer System - 6F x 20 cm; 4F; NT/PT; 150 cm; 21G x 15 cm Chiba,Merit Medical Systems,401418001.pdf,PDF p. 2,irrelevant_to_current_scope,,,generic_percutaneous_drainage_paracentesis_or_general_supply_not_pleural_specific,high,generic_percutaneous_drainage_paracentesis_or_general_supply_not_pleural_specific,
119,MAK-NV-019,Introducer System - 6F x 20 cm; 4F; NT/PT; 150 cm; 21G x 20 cm Trocar,Merit Medical Systems,401418001.pdf,PDF p. 2,irrelevant_to_current_scope,,,generic_percutaneous_drainage_paracentesis_or_general_supply_not_pleural_specific,high,generic_percutaneous_drainage_paracentesis_or_general_supply_not_pleural_specific,
120,MAK-NV-013,Introducer System - 6F x 20 cm; 4F; NT/PT; 21G x 15 cm Chiba,Merit Medical Systems,401418001.pdf,PDF p. 2,irrelevant_to_current_scope,,,generic_percutaneous_drainage_paracentesis_or_general_supply_not_pleural_specific,high,generic_percutaneous_drainage_paracentesis_or_general_supply_not_pleural_specific,
121,MAK-NV-017,Introducer System - 6F x 20 cm; 4F; NT/PT; 80 cm; 21G x 15 cm Chiba,Merit Medical Systems,401418001.pdf,PDF p. 2,irrelevant_to_current_scope,,,generic_percutaneous_drainage_paracentesis_or_general_supply_not_pleural_specific,high,generic_percutaneous_drainage_paracentesis_or_general_supply_not_pleural_specific,
122,MAK-NV-009,Introducer System - 6F x 20 cm; 4F; NT/PT; 80 cm; 21G x 15 cm Trocar,Merit Medical Systems,401418001.pdf,PDF p. 2,irrelevant_to_current_scope,,,generic_percutaneous_drainage_paracentesis_or_general_supply_not_pleural_specific,high,generic_percutaneous_drainage_paracentesis_or_general_supply_not_pleural_specific,
123,MAK-NV-010,Introducer System - 6F x 20 cm; 4F; SS/PT; 150 cm; 21G x 15 cm Chiba,Merit Medical Systems,401418001.pdf,PDF p. 2,irrelevant_to_current_scope,,,generic_percutaneous_drainage_paracentesis_or_general_supply_not_pleural_specific,high,generic_percutaneous_drainage_paracentesis_or_general_supply_not_pleural_specific,
124,MAK-NV-018,Introducer System - 6F x 20 cm; 4F; SS/PT; 150 cm; 21G x 20 cm Trocar,Merit Medical Systems,401418001.pdf,PDF p. 2,irrelevant_to_current_scope,,,generic_percutaneous_drainage_paracentesis_or_general_supply_not_pleural_specific,high,generic_percutaneous_drainage_paracentesis_or_general_supply_not_pleural_specific,
125,MAK-NV-012,Introducer System - 6F x 20 cm; 4F; SS/PT; 21G x 15 cm Chiba,Merit Medical Systems,401418001.pdf,PDF p. 2,irrelevant_to_current_scope,,,generic_percutaneous_drainage_paracentesis_or_general_supply_not_pleural_specific,high,generic_percutaneous_drainage_paracentesis_or_general_supply_not_pleural_specific,
126,MAK-NV-003,Introducer System - 6F x 20 cm; 4F; SS/PT; 21G x 15 cm Trocar,Merit Medical Systems,401418001.pdf,PDF p. 2,irrelevant_to_current_scope,,,generic_percutaneous_drainage_paracentesis_or_general_supply_not_pleural_specific,high,generic_percutaneous_drainage_paracentesis_or_general_supply_not_pleural_specific,
127,MAK-NV-008,Introducer System - 6F x 20 cm; 4F; SS/PT; 80 cm; 21G x 15 cm Trocar,Merit Medical Systems,401418001.pdf,PDF p. 2,irrelevant_to_current_scope,,,generic_percutaneous_drainage_paracentesis_or_general_supply_not_pleural_specific,high,generic_percutaneous_drainage_paracentesis_or_general_supply_not_pleural_specific,
128,MAK001N-60,Introducer System - NT/PT,Merit Medical Systems,401418001.pdf,PDF p. 2,irrelevant_to_current_scope,,,generic_percutaneous_drainage_paracentesis_or_general_supply_not_pleural_specific,high,generic_percutaneous_drainage_paracentesis_or_general_supply_not_pleural_specific,
129,MAK005-60,Introducer System - SS/PT,Merit Medical Systems,401418001.pdf,PDF p. 2,irrelevant_to_current_scope,,,generic_percutaneous_drainage_paracentesis_or_general_supply_not_pleural_specific,high,generic_percutaneous_drainage_paracentesis_or_general_supply_not_pleural_specific,
130,RML17-10-038MB,Locking Drainage Catheter - 10F; 17 cm; Yes,Merit Medical Systems,401418001.pdf,PDF p. 5,irrelevant_to_current_scope,,,generic_percutaneous_drainage_paracentesis_or_general_supply_not_pleural_specific,high,generic_percutaneous_drainage_paracentesis_or_general_supply_not_pleural_specific,
131,RML27-10-038MB,Locking Drainage Catheter - 10F; 27 cm; Yes,Merit Medical Systems,401418001.pdf,PDF p. 5,irrelevant_to_current_scope,,,generic_percutaneous_drainage_paracentesis_or_general_supply_not_pleural_specific,high,generic_percutaneous_drainage_paracentesis_or_general_supply_not_pleural_specific,
132,RML27-10-SFX,Locking Drainage Catheter - 10F; 27 cm; Yes; StayFIX® (small),Merit Medical Systems,401418001.pdf,PDF p. 5,irrelevant_to_current_scope,,,generic_percutaneous_drainage_paracentesis_or_general_supply_not_pleural_specific,high,generic_percutaneous_drainage_paracentesis_or_general_supply_not_pleural_specific,
133,RML42-10-038MB,Locking Drainage Catheter - 10F; 42 cm; Yes,Merit Medical Systems,401418001.pdf,PDF p. 5,irrelevant_to_current_scope,,,generic_percutaneous_drainage_paracentesis_or_general_supply_not_pleural_specific,high,generic_percutaneous_drainage_paracentesis_or_general_supply_not_pleural_specific,
134,RML17-12-038MB,Locking Drainage Catheter - 12F; 17 cm; Yes,Merit Medical Systems,401418001.pdf,PDF p. 5,irrelevant_to_current_scope,,,generic_percutaneous_drainage_paracentesis_or_general_supply_not_pleural_specific,high,generic_percutaneous_drainage_paracentesis_or_general_supply_not_pleural_specific,
135,RML27-12-038MB,Locking Drainage Catheter - 12F; 27 cm; Yes,Merit Medical Systems,401418001.pdf,PDF p. 5,irrelevant_to_current_scope,,,generic_percutaneous_drainage_paracentesis_or_general_supply_not_pleural_specific,high,generic_percutaneous_drainage_paracentesis_or_general_supply_not_pleural_specific,
136,RML27-12-SFX,Locking Drainage Catheter - 12F; 27 cm; Yes; StayFIX® (small),Merit Medical Systems,401418001.pdf,PDF p. 5,irrelevant_to_current_scope,,,generic_percutaneous_drainage_paracentesis_or_general_supply_not_pleural_specific,high,generic_percutaneous_drainage_paracentesis_or_general_supply_not_pleural_specific,
137,RML42-12-038MB,Locking Drainage Catheter - 12F; 42 cm; Yes,Merit Medical Systems,401418001.pdf,PDF p. 5,irrelevant_to_current_scope,,,generic_percutaneous_drainage_paracentesis_or_general_supply_not_pleural_specific,high,generic_percutaneous_drainage_paracentesis_or_general_supply_not_pleural_specific,
138,RML17-14-038MB,Locking Drainage Catheter - 14F; 17 cm; Yes,Merit Medical Systems,401418001.pdf,PDF p. 5,irrelevant_to_current_scope,,,generic_percutaneous_drainage_paracentesis_or_general_supply_not_pleural_specific,high,generic_percutaneous_drainage_paracentesis_or_general_supply_not_pleural_specific,
139,RML27-14-038MB,Locking Drainage Catheter - 14F; 27 cm; Yes,Merit Medical Systems,401418001.pdf,PDF p. 5,irrelevant_to_current_scope,,,generic_percutaneous_drainage_paracentesis_or_general_supply_not_pleural_specific,high,generic_percutaneous_drainage_paracentesis_or_general_supply_not_pleural_specific,
140,RML27-14-SFX,Locking Drainage Catheter - 14F; 27 cm; Yes; StayFIX® (large),Merit Medical Systems,401418001.pdf,PDF p. 5,irrelevant_to_current_scope,,,generic_percutaneous_drainage_paracentesis_or_general_supply_not_pleural_specific,high,generic_percutaneous_drainage_paracentesis_or_general_supply_not_pleural_specific,
141,RML42-14-038MB,Locking Drainage Catheter - 14F; 42 cm; Yes,Merit Medical Systems,401418001.pdf,PDF p. 5,irrelevant_to_current_scope,,,generic_percutaneous_drainage_paracentesis_or_general_supply_not_pleural_specific,high,generic_percutaneous_drainage_paracentesis_or_general_supply_not_pleural_specific,
142,RML17-6-038MB,Locking Drainage Catheter - 6.5F; 17 cm; Yes,Merit Medical Systems,401418001.pdf,PDF p. 5,irrelevant_to_current_scope,,,generic_percutaneous_drainage_paracentesis_or_general_supply_not_pleural_specific,high,generic_percutaneous_drainage_paracentesis_or_general_supply_not_pleural_specific,
143,RML27-6-038MB,Locking Drainage Catheter - 6.5F; 27 cm; Yes,Merit Medical Systems,401418001.pdf,PDF p. 5,irrelevant_to_current_scope,,,generic_percutaneous_drainage_paracentesis_or_general_supply_not_pleural_specific,high,generic_percutaneous_drainage_paracentesis_or_general_supply_not_pleural_specific,
144,RML27-6-SFX,Locking Drainage Catheter - 6.5F; 27 cm; Yes; StayFIX® (small),Merit Medical Systems,401418001.pdf,PDF p. 5,irrelevant_to_current_scope,,,generic_percutaneous_drainage_paracentesis_or_general_supply_not_pleural_specific,high,generic_percutaneous_drainage_paracentesis_or_general_supply_not_pleural_specific,
145,RML42-6-038MB,Locking Drainage Catheter - 6.5F; 42 cm; Yes,Merit Medical Systems,401418001.pdf,PDF p. 5,irrelevant_to_current_scope,,,generic_percutaneous_drainage_paracentesis_or_general_supply_not_pleural_specific,high,generic_percutaneous_drainage_paracentesis_or_general_supply_not_pleural_specific,
146,RML17-7-038MB,Locking Drainage Catheter - 7.5F; 17 cm; Yes,Merit Medical Systems,401418001.pdf,PDF p. 5,irrelevant_to_current_scope,,,generic_percutaneous_drainage_paracentesis_or_general_supply_not_pleural_specific,high,generic_percutaneous_drainage_paracentesis_or_general_supply_not_pleural_specific,
147,RML27-7-038MB,Locking Drainage Catheter - 7.5F; 27 cm; Yes,Merit Medical Systems,401418001.pdf,PDF p. 5,irrelevant_to_current_scope,,,generic_percutaneous_drainage_paracentesis_or_general_supply_not_pleural_specific,high,generic_percutaneous_drainage_paracentesis_or_general_supply_not_pleural_specific,
148,RML27-7-SFX,Locking Drainage Catheter - 7.5F; 27 cm; Yes; StayFIX® (small),Merit Medical Systems,401418001.pdf,PDF p. 5,irrelevant_to_current_scope,,,generic_percutaneous_drainage_paracentesis_or_general_supply_not_pleural_specific,high,generic_percutaneous_drainage_paracentesis_or_general_supply_not_pleural_specific,
149,RML42-7-038MB,Locking Drainage Catheter - 7.5F; 42 cm; Yes,Merit Medical Systems,401418001.pdf,PDF p. 5,irrelevant_to_current_scope,,,generic_percutaneous_drainage_paracentesis_or_general_supply_not_pleural_specific,high,generic_percutaneous_drainage_paracentesis_or_general_supply_not_pleural_specific,
150,RML17-8-038MB,Locking Drainage Catheter - 8.5F; 17 cm; Yes,Merit Medical Systems,401418001.pdf,PDF p. 5,irrelevant_to_current_scope,,,generic_percutaneous_drainage_paracentesis_or_general_supply_not_pleural_specific,high,generic_percutaneous_drainage_paracentesis_or_general_supply_not_pleural_specific,
151,RML27-8-038MB,Locking Drainage Catheter - 8.5F; 27 cm; Yes,Merit Medical Systems,401418001.pdf,PDF p. 5,irrelevant_to_current_scope,,,generic_percutaneous_drainage_paracentesis_or_general_supply_not_pleural_specific,high,generic_percutaneous_drainage_paracentesis_or_general_supply_not_pleural_specific,
152,RML27-8-SFX,Locking Drainage Catheter - 8.5F; 27 cm; Yes; StayFIX® (small),Merit Medical Systems,401418001.pdf,PDF p. 5,irrelevant_to_current_scope,,,generic_percutaneous_drainage_paracentesis_or_general_supply_not_pleural_specific,high,generic_percutaneous_drainage_paracentesis_or_general_supply_not_pleural_specific,
153,RML42-8-038MB,Locking Drainage Catheter - 8.5F; 42 cm; Yes,Merit Medical Systems,401418001.pdf,PDF p. 5,irrelevant_to_current_scope,,,generic_percutaneous_drainage_paracentesis_or_general_supply_not_pleural_specific,high,generic_percutaneous_drainage_paracentesis_or_general_supply_not_pleural_specific,
154,RLC-10-038,Locking Drainage Catheter Locking Drainage Catheter - 10F; 25 cm,Merit Medical Systems,401418001.pdf,PDF p. 4,irrelevant_to_current_scope,,,generic_percutaneous_drainage_paracentesis_or_general_supply_not_pleural_specific,high,generic_percutaneous_drainage_paracentesis_or_general_supply_not_pleural_specific,
155,RLC-10-SFX,Locking Drainage Catheter Locking Drainage Catheter - 10F; 25 cm; StayFIX® (small),Merit Medical Systems,401418001.pdf,PDF p. 4,irrelevant_to_current_scope,,,generic_percutaneous_drainage_paracentesis_or_general_supply_not_pleural_specific,high,generic_percutaneous_drainage_paracentesis_or_general_supply_not_pleural_specific,
156,RLCMB-10-SFX,Locking Drainage Catheter Locking Drainage Catheter - 10F; 25 cm; Yes; StayFIX® (small),Merit Medical Systems,401418001.pdf,PDF p. 4,irrelevant_to_current_scope,,,generic_percutaneous_drainage_paracentesis_or_general_supply_not_pleural_specific,high,generic_percutaneous_drainage_paracentesis_or_general_supply_not_pleural_specific,
157,RLC40-10-038MB,Locking Drainage Catheter Locking Drainage Catheter - 10F; 40 cm; Yes,Merit Medical Systems,401418001.pdf,PDF p. 4,irrelevant_to_current_scope,,,generic_percutaneous_drainage_paracentesis_or_general_supply_not_pleural_specific,high,generic_percutaneous_drainage_paracentesis_or_general_supply_not_pleural_specific,
158,RLC15-12-038MB,Locking Drainage Catheter Locking Drainage Catheter - 12F; 15 cm; Yes,Merit Medical Systems,401418001.pdf,PDF p. 4,irrelevant_to_current_scope,,,generic_percutaneous_drainage_paracentesis_or_general_supply_not_pleural_specific,high,generic_percutaneous_drainage_paracentesis_or_general_supply_not_pleural_specific,
159,RLC-12-038,Locking Drainage Catheter Locking Drainage Catheter - 12F; 25 cm,Merit Medical Systems,401418001.pdf,PDF p. 4,irrelevant_to_current_scope,,,generic_percutaneous_drainage_paracentesis_or_general_supply_not_pleural_specific,high,generic_percutaneous_drainage_paracentesis_or_general_supply_not_pleural_specific,
160,RLC-12-SFX,Locking Drainage Catheter Locking Drainage Catheter - 12F; 25 cm; StayFIX® (small),Merit Medical Systems,401418001.pdf,PDF p. 4,irrelevant_to_current_scope,,,generic_percutaneous_drainage_paracentesis_or_general_supply_not_pleural_specific,high,generic_percutaneous_drainage_paracentesis_or_general_supply_not_pleural_specific,
161,RLC-12-038MB,Locking Drainage Catheter Locking Drainage Catheter - 12F; 25 cm; Yes,Merit Medical Systems,401418001.pdf,PDF p. 4,irrelevant_to_current_scope,,,generic_percutaneous_drainage_paracentesis_or_general_supply_not_pleural_specific,high,generic_percutaneous_drainage_paracentesis_or_general_supply_not_pleural_specific,
162,RLCMB-12-SFX,Locking Drainage Catheter Locking Drainage Catheter - 12F; 25 cm; Yes; StayFIX® (small),Merit Medical Systems,401418001.pdf,PDF p. 4,irrelevant_to_current_scope,,,generic_percutaneous_drainage_paracentesis_or_general_supply_not_pleural_specific,high,generic_percutaneous_drainage_paracentesis_or_general_supply_not_pleural_specific,
163,RLC40-12-038MB,Locking Drainage Catheter Locking Drainage Catheter - 12F; 40 cm; Yes,Merit Medical Systems,401418001.pdf,PDF p. 4,irrelevant_to_current_scope,,,generic_percutaneous_drainage_paracentesis_or_general_supply_not_pleural_specific,high,generic_percutaneous_drainage_paracentesis_or_general_supply_not_pleural_specific,
164,RLC15-14-038MB,Locking Drainage Catheter Locking Drainage Catheter - 14F; 15 cm; Yes,Merit Medical Systems,401418001.pdf,PDF p. 4,irrelevant_to_current_scope,,,generic_percutaneous_drainage_paracentesis_or_general_supply_not_pleural_specific,high,generic_percutaneous_drainage_paracentesis_or_general_supply_not_pleural_specific,
165,RLC-14-038,Locking Drainage Catheter Locking Drainage Catheter - 14F; 25 cm,Merit Medical Systems,401418001.pdf,PDF p. 4,irrelevant_to_current_scope,,,generic_percutaneous_drainage_paracentesis_or_general_supply_not_pleural_specific,high,generic_percutaneous_drainage_paracentesis_or_general_supply_not_pleural_specific,
166,RLC-14-SFX,Locking Drainage Catheter Locking Drainage Catheter - 14F; 25 cm; StayFIX® (large),Merit Medical Systems,401418001.pdf,PDF p. 4,irrelevant_to_current_scope,,,generic_percutaneous_drainage_paracentesis_or_general_supply_not_pleural_specific,high,generic_percutaneous_drainage_paracentesis_or_general_supply_not_pleural_specific,
167,RLC-14-038MB,Locking Drainage Catheter Locking Drainage Catheter - 14F; 25 cm; Yes,Merit Medical Systems,401418001.pdf,PDF p. 4,irrelevant_to_current_scope,,,generic_percutaneous_drainage_paracentesis_or_general_supply_not_pleural_specific,high,generic_percutaneous_drainage_paracentesis_or_general_supply_not_pleural_specific,
168,RLCMB-14-SFX,Locking Drainage Catheter Locking Drainage Catheter - 14F; 25 cm; Yes; StayFIX® (large),Merit Medical Systems,401418001.pdf,PDF p. 4,irrelevant_to_current_scope,,,generic_percutaneous_drainage_paracentesis_or_general_supply_not_pleural_specific,high,generic_percutaneous_drainage_paracentesis_or_general_supply_not_pleural_specific,
169,RLC40-14-038MB,Locking Drainage Catheter Locking Drainage Catheter - 14F; 40 cm; Yes,Merit Medical Systems,401418001.pdf,PDF p. 4,irrelevant_to_current_scope,,,generic_percutaneous_drainage_paracentesis_or_general_supply_not_pleural_specific,high,generic_percutaneous_drainage_paracentesis_or_general_supply_not_pleural_specific,
170,RLC15-6-038MB,Locking Drainage Catheter Locking Drainage Catheter - 6.5F; 15 cm; Yes,Merit Medical Systems,401418001.pdf,PDF p. 4,irrelevant_to_current_scope,,,generic_percutaneous_drainage_paracentesis_or_general_supply_not_pleural_specific,high,generic_percutaneous_drainage_paracentesis_or_general_supply_not_pleural_specific,
171,RLC-6-038,Locking Drainage Catheter Locking Drainage Catheter - 6.5F; 25 cm,Merit Medical Systems,401418001.pdf,PDF p. 4,irrelevant_to_current_scope,,,generic_percutaneous_drainage_paracentesis_or_general_supply_not_pleural_specific,high,generic_percutaneous_drainage_paracentesis_or_general_supply_not_pleural_specific,
172,RLC-6-SFX,Locking Drainage Catheter Locking Drainage Catheter - 6.5F; 25 cm; StayFIX® (small),Merit Medical Systems,401418001.pdf,PDF p. 4,irrelevant_to_current_scope,,,generic_percutaneous_drainage_paracentesis_or_general_supply_not_pleural_specific,high,generic_percutaneous_drainage_paracentesis_or_general_supply_not_pleural_specific,
173,RLC-6-038MB,Locking Drainage Catheter Locking Drainage Catheter - 6.5F; 25 cm; Yes,Merit Medical Systems,401418001.pdf,PDF p. 4,irrelevant_to_current_scope,,,generic_percutaneous_drainage_paracentesis_or_general_supply_not_pleural_specific,high,generic_percutaneous_drainage_paracentesis_or_general_supply_not_pleural_specific,
174,RLCMB-6-SFX,Locking Drainage Catheter Locking Drainage Catheter - 6.5F; 25 cm; Yes; StayFIX® (small),Merit Medical Systems,401418001.pdf,PDF p. 4,irrelevant_to_current_scope,,,generic_percutaneous_drainage_paracentesis_or_general_supply_not_pleural_specific,high,generic_percutaneous_drainage_paracentesis_or_general_supply_not_pleural_specific,
175,RLC40-6-038MB,Locking Drainage Catheter Locking Drainage Catheter - 6.5F; 40 cm; Yes,Merit Medical Systems,401418001.pdf,PDF p. 4,irrelevant_to_current_scope,,,generic_percutaneous_drainage_paracentesis_or_general_supply_not_pleural_specific,high,generic_percutaneous_drainage_paracentesis_or_general_supply_not_pleural_specific,
176,RLC15-7-038MB,Locking Drainage Catheter Locking Drainage Catheter - 7.5F; 15 cm; Yes,Merit Medical Systems,401418001.pdf,PDF p. 4,irrelevant_to_current_scope,,,generic_percutaneous_drainage_paracentesis_or_general_supply_not_pleural_specific,high,generic_percutaneous_drainage_paracentesis_or_general_supply_not_pleural_specific,
177,RLC-7-038,Locking Drainage Catheter Locking Drainage Catheter - 7.5F; 25 cm,Merit Medical Systems,401418001.pdf,PDF p. 4,irrelevant_to_current_scope,,,generic_percutaneous_drainage_paracentesis_or_general_supply_not_pleural_specific,high,generic_percutaneous_drainage_paracentesis_or_general_supply_not_pleural_specific,
178,RLC-7-038MB,Locking Drainage Catheter Locking Drainage Catheter - 7.5F; 25 cm; Yes,Merit Medical Systems,401418001.pdf,PDF p. 4,irrelevant_to_current_scope,,,generic_percutaneous_drainage_paracentesis_or_general_supply_not_pleural_specific,high,generic_percutaneous_drainage_paracentesis_or_general_supply_not_pleural_specific,
179,RLC40-7-038MB,Locking Drainage Catheter Locking Drainage Catheter - 7.5F; 40 cm; Yes,Merit Medical Systems,401418001.pdf,PDF p. 4,irrelevant_to_current_scope,,,generic_percutaneous_drainage_paracentesis_or_general_supply_not_pleural_specific,high,generic_percutaneous_drainage_paracentesis_or_general_supply_not_pleural_specific,
180,RLC-8-038,Locking Drainage Catheter Locking Drainage Catheter - 8.5F; 25 cm,Merit Medical Systems,401418001.pdf,PDF p. 4,irrelevant_to_current_scope,,,generic_percutaneous_drainage_paracentesis_or_general_supply_not_pleural_specific,high,generic_percutaneous_drainage_paracentesis_or_general_supply_not_pleural_specific,
181,RLC-8-SFX,Locking Drainage Catheter Locking Drainage Catheter - 8.5F; 25 cm; StayFIX® (small),Merit Medical Systems,401418001.pdf,PDF p. 4,irrelevant_to_current_scope,,,generic_percutaneous_drainage_paracentesis_or_general_supply_not_pleural_specific,high,generic_percutaneous_drainage_paracentesis_or_general_supply_not_pleural_specific,
182,RLCMB-8-SFX,Locking Drainage Catheter Locking Drainage Catheter - 8.5F; 25 cm; Yes; StayFIX® (small),Merit Medical Systems,401418001.pdf,PDF p. 4,irrelevant_to_current_scope,,,generic_percutaneous_drainage_paracentesis_or_general_supply_not_pleural_specific,high,generic_percutaneous_drainage_paracentesis_or_general_supply_not_pleural_specific,
183,RLC40-8-038MB,Locking Drainage Catheter Locking Drainage Catheter - 8.5F; 40 cm; Yes,Merit Medical Systems,401418001.pdf,PDF p. 4,irrelevant_to_current_scope,,,generic_percutaneous_drainage_paracentesis_or_general_supply_not_pleural_specific,high,generic_percutaneous_drainage_paracentesis_or_general_supply_not_pleural_specific,
184,RCX10-10-038,PLASTIC STENTS - 10 cm; 10.3F; 20 cm,Merit Medical Systems,401418001.pdf,PDF p. 3,irrelevant_to_current_scope,,,generic_percutaneous_drainage_paracentesis_or_general_supply_not_pleural_specific,high,generic_percutaneous_drainage_paracentesis_or_general_supply_not_pleural_specific,
185,RCXB10-10-038,PLASTIC STENTS - 10 cm; 10.3F; 30 cm,Merit Medical Systems,401418001.pdf,PDF p. 3,irrelevant_to_current_scope,,,generic_percutaneous_drainage_paracentesis_or_general_supply_not_pleural_specific,high,generic_percutaneous_drainage_paracentesis_or_general_supply_not_pleural_specific,
186,RCX10-8-038,PLASTIC STENTS - 10 cm; 8.3F; 10.3F; 20 cm,Merit Medical Systems,401418001.pdf,PDF p. 3,irrelevant_to_current_scope,,,generic_percutaneous_drainage_paracentesis_or_general_supply_not_pleural_specific,high,generic_percutaneous_drainage_paracentesis_or_general_supply_not_pleural_specific,
187,RCX12-10-038,PLASTIC STENTS - 12 cm; 10.3F; 20 cm,Merit Medical Systems,401418001.pdf,PDF p. 3,irrelevant_to_current_scope,,,generic_percutaneous_drainage_paracentesis_or_general_supply_not_pleural_specific,high,generic_percutaneous_drainage_paracentesis_or_general_supply_not_pleural_specific,
188,RCX12-8-038,PLASTIC STENTS - 12 cm; 8.3F; 10.3F; 20 cm,Merit Medical Systems,401418001.pdf,PDF p. 3,irrelevant_to_current_scope,,,generic_percutaneous_drainage_paracentesis_or_general_supply_not_pleural_specific,high,generic_percutaneous_drainage_paracentesis_or_general_supply_not_pleural_specific,
189,RCX14-10-038,PLASTIC STENTS - 14 cm; 10.3F; 20 cm,Merit Medical Systems,401418001.pdf,PDF p. 3,irrelevant_to_current_scope,,,generic_percutaneous_drainage_paracentesis_or_general_supply_not_pleural_specific,high,generic_percutaneous_drainage_paracentesis_or_general_supply_not_pleural_specific,
190,RCX14-8-038,PLASTIC STENTS - 14 cm; 8.3F; 10.3F; 20 cm,Merit Medical Systems,401418001.pdf,PDF p. 3,irrelevant_to_current_scope,,,generic_percutaneous_drainage_paracentesis_or_general_supply_not_pleural_specific,high,generic_percutaneous_drainage_paracentesis_or_general_supply_not_pleural_specific,
191,RCXB15-10-038,PLASTIC STENTS - 15 cm; 10.3F; 30 cm,Merit Medical Systems,401418001.pdf,PDF p. 3,irrelevant_to_current_scope,,,generic_percutaneous_drainage_paracentesis_or_general_supply_not_pleural_specific,high,generic_percutaneous_drainage_paracentesis_or_general_supply_not_pleural_specific,
192,RCX20-10-038,PLASTIC STENTS - 20 cm; 10.3F; 30 cm,Merit Medical Systems,401418001.pdf,PDF p. 3,irrelevant_to_current_scope,,,generic_percutaneous_drainage_paracentesis_or_general_supply_not_pleural_specific,high,generic_percutaneous_drainage_paracentesis_or_general_supply_not_pleural_specific,
193,RCX20-8-038,PLASTIC STENTS - 20 cm; 8.3F; 10.3F; 30 cm,Merit Medical Systems,401418001.pdf,PDF p. 3,irrelevant_to_current_scope,,,generic_percutaneous_drainage_paracentesis_or_general_supply_not_pleural_specific,high,generic_percutaneous_drainage_paracentesis_or_general_supply_not_pleural_specific,
194,RCX22-10-038,PLASTIC STENTS - 22 cm; 10.3F; 30 cm,Merit Medical Systems,401418001.pdf,PDF p. 3,irrelevant_to_current_scope,,,generic_percutaneous_drainage_paracentesis_or_general_supply_not_pleural_specific,high,generic_percutaneous_drainage_paracentesis_or_general_supply_not_pleural_specific,
195,RCX22-8-038,PLASTIC STENTS - 22 cm; 8.3F; 10.3F; 30 cm,Merit Medical Systems,401418001.pdf,PDF p. 3,irrelevant_to_current_scope,,,generic_percutaneous_drainage_paracentesis_or_general_supply_not_pleural_specific,high,generic_percutaneous_drainage_paracentesis_or_general_supply_not_pleural_specific,
196,RCX24-10-038,PLASTIC STENTS - 24 cm; 10.3F; 30 cm,Merit Medical Systems,401418001.pdf,PDF p. 3,irrelevant_to_current_scope,,,generic_percutaneous_drainage_paracentesis_or_general_supply_not_pleural_specific,high,generic_percutaneous_drainage_paracentesis_or_general_supply_not_pleural_specific,
197,RCX24-8-038,PLASTIC STENTS - 24 cm; 8.3F; 10.3F; 30 cm,Merit Medical Systems,401418001.pdf,PDF p. 3,irrelevant_to_current_scope,,,generic_percutaneous_drainage_paracentesis_or_general_supply_not_pleural_specific,high,generic_percutaneous_drainage_paracentesis_or_general_supply_not_pleural_specific,
198,RCX26-10-038,PLASTIC STENTS - 26 cm; 10.3F; 30 cm,Merit Medical Systems,401418001.pdf,PDF p. 3,irrelevant_to_current_scope,,,generic_percutaneous_drainage_paracentesis_or_general_supply_not_pleural_specific,high,generic_percutaneous_drainage_paracentesis_or_general_supply_not_pleural_specific,
199,RCX26-8-038,PLASTIC STENTS - 26 cm; 8.3F; 10.3F; 30 cm,Merit Medical Systems,401418001.pdf,PDF p. 3,irrelevant_to_current_scope,,,generic_percutaneous_drainage_paracentesis_or_general_supply_not_pleural_specific,high,generic_percutaneous_drainage_paracentesis_or_general_supply_not_pleural_specific,
200,RCX28-10-038,PLASTIC STENTS - 28 cm; 10.3F; 30 cm,Merit Medical Systems,401418001.pdf,PDF p. 3,irrelevant_to_current_scope,,,generic_percutaneous_drainage_paracentesis_or_general_supply_not_pleural_specific,high,generic_percutaneous_drainage_paracentesis_or_general_supply_not_pleural_specific,
201,RCX28-8-038,PLASTIC STENTS - 28 cm; 8.3F; 10.3F; 30 cm,Merit Medical Systems,401418001.pdf,PDF p. 3,irrelevant_to_current_scope,,,generic_percutaneous_drainage_paracentesis_or_general_supply_not_pleural_specific,high,generic_percutaneous_drainage_paracentesis_or_general_supply_not_pleural_specific,
202,RCXB5-10-038,PLASTIC STENTS - 5 cm; 10.3F; 30 cm,Merit Medical Systems,401418001.pdf,PDF p. 3,irrelevant_to_current_scope,,,generic_percutaneous_drainage_paracentesis_or_general_supply_not_pleural_specific,high,generic_percutaneous_drainage_paracentesis_or_general_supply_not_pleural_specific,
203,RCXB7-10-038,PLASTIC STENTS - 7 cm; 10.3F; 30 cm,Merit Medical Systems,401418001.pdf,PDF p. 3,irrelevant_to_current_scope,,,generic_percutaneous_drainage_paracentesis_or_general_supply_not_pleural_specific,high,generic_percutaneous_drainage_paracentesis_or_general_supply_not_pleural_specific,
204,RLCMB-NV-10,"RESOLVE® LOCKING DRAINAGE CATHETER TRAYS - 10F; 25 cm; 8F, 10F; Yes",Merit Medical Systems,401418001.pdf,PDF p. 6,irrelevant_to_current_scope,,,generic_percutaneous_drainage_paracentesis_or_general_supply_not_pleural_specific,high,generic_percutaneous_drainage_paracentesis_or_general_supply_not_pleural_specific,
205,RLCMB-NV-10-SFX,"RESOLVE® LOCKING DRAINAGE CATHETER TRAYS - 10F; 25 cm; 8F, 10F; Yes; StayFIX® (small)",Merit Medical Systems,401418001.pdf,PDF p. 6,irrelevant_to_current_scope,,,generic_percutaneous_drainage_paracentesis_or_general_supply_not_pleural_specific,high,generic_percutaneous_drainage_paracentesis_or_general_supply_not_pleural_specific,
206,RNL-10-038J,RESOLVE® LOCKING DRAINAGE CATHETER TRAYS - 10F; 25 cm; J Curve,Merit Medical Systems,401418001.pdf,PDF p. 6,irrelevant_to_current_scope,,,generic_percutaneous_drainage_paracentesis_or_general_supply_not_pleural_specific,high,generic_percutaneous_drainage_paracentesis_or_general_supply_not_pleural_specific,
207,RLCMB-NV-12,"RESOLVE® LOCKING DRAINAGE CATHETER TRAYS - 12F; 25 cm; 8F, 10F, 12F; Yes",Merit Medical Systems,401418001.pdf,PDF p. 6,irrelevant_to_current_scope,,,generic_percutaneous_drainage_paracentesis_or_general_supply_not_pleural_specific,high,generic_percutaneous_drainage_paracentesis_or_general_supply_not_pleural_specific,
208,RLCMB-NV-12-SFX,"RESOLVE® LOCKING DRAINAGE CATHETER TRAYS - 12F; 25 cm; 8F, 10F, 12F; Yes; StayFIX® (small)",Merit Medical Systems,401418001.pdf,PDF p. 6,irrelevant_to_current_scope,,,generic_percutaneous_drainage_paracentesis_or_general_supply_not_pleural_specific,high,generic_percutaneous_drainage_paracentesis_or_general_supply_not_pleural_specific,
209,RNL-12-038J,RESOLVE® LOCKING DRAINAGE CATHETER TRAYS - 12F; 25 cm; J Curve,Merit Medical Systems,401418001.pdf,PDF p. 6,irrelevant_to_current_scope,,,generic_percutaneous_drainage_paracentesis_or_general_supply_not_pleural_specific,high,generic_percutaneous_drainage_paracentesis_or_general_supply_not_pleural_specific,
210,RLCMB-NV-14,"RESOLVE® LOCKING DRAINAGE CATHETER TRAYS - 14F; 25 cm; 8F, 10F, 12F, 14F; Yes",Merit Medical Systems,401418001.pdf,PDF p. 6,irrelevant_to_current_scope,,,generic_percutaneous_drainage_paracentesis_or_general_supply_not_pleural_specific,high,generic_percutaneous_drainage_paracentesis_or_general_supply_not_pleural_specific,
211,RLCMB-NV-14-SFX,"RESOLVE® LOCKING DRAINAGE CATHETER TRAYS - 14F; 25 cm; 8F, 10F, 12F, 14F; Yes; StayFIX® (large)",Merit Medical Systems,401418001.pdf,PDF p. 6,irrelevant_to_current_scope,,,generic_percutaneous_drainage_paracentesis_or_general_supply_not_pleural_specific,high,generic_percutaneous_drainage_paracentesis_or_general_supply_not_pleural_specific,
212,RLCMB-NV-6,RESOLVE® LOCKING DRAINAGE CATHETER TRAYS - 6.5F; 25 cm; Yes,Merit Medical Systems,401418001.pdf,PDF p. 6,irrelevant_to_current_scope,,,generic_percutaneous_drainage_paracentesis_or_general_supply_not_pleural_specific,high,generic_percutaneous_drainage_paracentesis_or_general_supply_not_pleural_specific,
213,RLCMB-NV-6-SFX,RESOLVE® LOCKING DRAINAGE CATHETER TRAYS - 6.5F; 25 cm; Yes; StayFIX® (small),Merit Medical Systems,401418001.pdf,PDF p. 6,irrelevant_to_current_scope,,,generic_percutaneous_drainage_paracentesis_or_general_supply_not_pleural_specific,high,generic_percutaneous_drainage_paracentesis_or_general_supply_not_pleural_specific,
214,RNL-7-038J,RESOLVE® LOCKING DRAINAGE CATHETER TRAYS - 7.5F; 25 cm; J Curve,Merit Medical Systems,401418001.pdf,PDF p. 6,irrelevant_to_current_scope,,,generic_percutaneous_drainage_paracentesis_or_general_supply_not_pleural_specific,high,generic_percutaneous_drainage_paracentesis_or_general_supply_not_pleural_specific,
215,RLCMB-NV-8,RESOLVE® LOCKING DRAINAGE CATHETER TRAYS - 8.5F; 25 cm; 8F; Yes,Merit Medical Systems,401418001.pdf,PDF p. 6,irrelevant_to_current_scope,,,generic_percutaneous_drainage_paracentesis_or_general_supply_not_pleural_specific,high,generic_percutaneous_drainage_paracentesis_or_general_supply_not_pleural_specific,
216,RLCMB-NV-8-SFX,RESOLVE® LOCKING DRAINAGE CATHETER TRAYS - 8.5F; 25 cm; 8F; Yes; StayFIX® (small),Merit Medical Systems,401418001.pdf,PDF p. 6,irrelevant_to_current_scope,,,generic_percutaneous_drainage_paracentesis_or_general_supply_not_pleural_specific,high,generic_percutaneous_drainage_paracentesis_or_general_supply_not_pleural_specific,
217,SPPT-100,SAFETY PARACENTESIS PROCEDURE TRAY,Merit Medical Systems,401418001.pdf,PDF p. 13,irrelevant_to_current_scope,,,generic_percutaneous_drainage_paracentesis_or_general_supply_not_pleural_specific,high,generic_percutaneous_drainage_paracentesis_or_general_supply_not_pleural_specific,
218,SPPT-5F-10L,SAFETY PARACENTESIS PROCEDURE TRAY - 5F; 10 cm; Straight; Fixed,Merit Medical Systems,401418001.pdf,PDF p. 13,irrelevant_to_current_scope,,,generic_percutaneous_drainage_paracentesis_or_general_supply_not_pleural_specific,high,generic_percutaneous_drainage_paracentesis_or_general_supply_not_pleural_specific,
219,SPPT-5F-10S,SAFETY PARACENTESIS PROCEDURE TRAY - 5F; 10 cm; Straight; Slip,Merit Medical Systems,401418001.pdf,PDF p. 13,irrelevant_to_current_scope,,,generic_percutaneous_drainage_paracentesis_or_general_supply_not_pleural_specific,high,generic_percutaneous_drainage_paracentesis_or_general_supply_not_pleural_specific,
220,SPPT-5F-12PL,SAFETY PARACENTESIS PROCEDURE TRAY - 5F; 12 cm; Pigtail; Fixed,Merit Medical Systems,401418001.pdf,PDF p. 13,irrelevant_to_current_scope,,,generic_percutaneous_drainage_paracentesis_or_general_supply_not_pleural_specific,high,generic_percutaneous_drainage_paracentesis_or_general_supply_not_pleural_specific,
221,SPPT-5F-12PS,SAFETY PARACENTESIS PROCEDURE TRAY - 5F; 12 cm; Pigtail; Slip,Merit Medical Systems,401418001.pdf,PDF p. 13,irrelevant_to_current_scope,,,generic_percutaneous_drainage_paracentesis_or_general_supply_not_pleural_specific,high,generic_percutaneous_drainage_paracentesis_or_general_supply_not_pleural_specific,
222,SPPT-5F-17PL,SAFETY PARACENTESIS PROCEDURE TRAY - 5F; 17 cm; Pigtail; Fixed,Merit Medical Systems,401418001.pdf,PDF p. 13,irrelevant_to_current_scope,,,generic_percutaneous_drainage_paracentesis_or_general_supply_not_pleural_specific,high,generic_percutaneous_drainage_paracentesis_or_general_supply_not_pleural_specific,
223,SPPT-5F-17PS,SAFETY PARACENTESIS PROCEDURE TRAY - 5F; 17 cm; Pigtail; Slip,Merit Medical Systems,401418001.pdf,PDF p. 13,irrelevant_to_current_scope,,,generic_percutaneous_drainage_paracentesis_or_general_supply_not_pleural_specific,high,generic_percutaneous_drainage_paracentesis_or_general_supply_not_pleural_specific,
224,SPPT-5F-7L,SAFETY PARACENTESIS PROCEDURE TRAY - 5F; 7 cm; Straight; Fixed,Merit Medical Systems,401418001.pdf,PDF p. 13,irrelevant_to_current_scope,,,generic_percutaneous_drainage_paracentesis_or_general_supply_not_pleural_specific,high,generic_percutaneous_drainage_paracentesis_or_general_supply_not_pleural_specific,
225,SPPT-5F-7S,SAFETY PARACENTESIS PROCEDURE TRAY - 5F; 7 cm; Straight; Slip,Merit Medical Systems,401418001.pdf,PDF p. 13,irrelevant_to_current_scope,,,generic_percutaneous_drainage_paracentesis_or_general_supply_not_pleural_specific,high,generic_percutaneous_drainage_paracentesis_or_general_supply_not_pleural_specific,
226,SPPT-6F-10L,SAFETY PARACENTESIS PROCEDURE TRAY - 6F; 10 cm; Straight; Fixed,Merit Medical Systems,401418001.pdf,PDF p. 13,irrelevant_to_current_scope,,,generic_percutaneous_drainage_paracentesis_or_general_supply_not_pleural_specific,high,generic_percutaneous_drainage_paracentesis_or_general_supply_not_pleural_specific,
227,SPPT-6F-10S,SAFETY PARACENTESIS PROCEDURE TRAY - 6F; 10 cm; Straight; Slip,Merit Medical Systems,401418001.pdf,PDF p. 13,irrelevant_to_current_scope,,,generic_percutaneous_drainage_paracentesis_or_general_supply_not_pleural_specific,high,generic_percutaneous_drainage_paracentesis_or_general_supply_not_pleural_specific,
228,SPPT-6F-12PL,SAFETY PARACENTESIS PROCEDURE TRAY - 6F; 12 cm; Pigtail; Fixed,Merit Medical Systems,401418001.pdf,PDF p. 13,irrelevant_to_current_scope,,,generic_percutaneous_drainage_paracentesis_or_general_supply_not_pleural_specific,high,generic_percutaneous_drainage_paracentesis_or_general_supply_not_pleural_specific,
229,SPPT-6F-12PS,SAFETY PARACENTESIS PROCEDURE TRAY - 6F; 12 cm; Pigtail; Slip,Merit Medical Systems,401418001.pdf,PDF p. 13,irrelevant_to_current_scope,,,generic_percutaneous_drainage_paracentesis_or_general_supply_not_pleural_specific,high,generic_percutaneous_drainage_paracentesis_or_general_supply_not_pleural_specific,
230,SPPT-6F-17PL,SAFETY PARACENTESIS PROCEDURE TRAY - 6F; 17 cm; Pigtail; Fixed,Merit Medical Systems,401418001.pdf,PDF p. 13,irrelevant_to_current_scope,,,generic_percutaneous_drainage_paracentesis_or_general_supply_not_pleural_specific,high,generic_percutaneous_drainage_paracentesis_or_general_supply_not_pleural_specific,
231,SPPT-6F-17PS,SAFETY PARACENTESIS PROCEDURE TRAY - 6F; 17 cm; Pigtail; Slip,Merit Medical Systems,401418001.pdf,PDF p. 13,irrelevant_to_current_scope,,,generic_percutaneous_drainage_paracentesis_or_general_supply_not_pleural_specific,high,generic_percutaneous_drainage_paracentesis_or_general_supply_not_pleural_specific,
232,SPPT-6F-7L,SAFETY PARACENTESIS PROCEDURE TRAY - 6F; 7 cm; Straight; Fixed,Merit Medical Systems,401418001.pdf,PDF p. 13,irrelevant_to_current_scope,,,generic_percutaneous_drainage_paracentesis_or_general_supply_not_pleural_specific,high,generic_percutaneous_drainage_paracentesis_or_general_supply_not_pleural_specific,
233,SPPT-6F-7S,SAFETY PARACENTESIS PROCEDURE TRAY - 6F; 7 cm; Straight; Slip,Merit Medical Systems,401418001.pdf,PDF p. 13,irrelevant_to_current_scope,,,generic_percutaneous_drainage_paracentesis_or_general_supply_not_pleural_specific,high,generic_percutaneous_drainage_paracentesis_or_general_supply_not_pleural_specific,
234,SPPT-8F-10L,SAFETY PARACENTESIS PROCEDURE TRAY - 8F; 10 cm; Straight; Fixed,Merit Medical Systems,401418001.pdf,PDF p. 13,irrelevant_to_current_scope,,,generic_percutaneous_drainage_paracentesis_or_general_supply_not_pleural_specific,high,generic_percutaneous_drainage_paracentesis_or_general_supply_not_pleural_specific,
235,SPPT-8F-10S,SAFETY PARACENTESIS PROCEDURE TRAY - 8F; 10 cm; Straight; Slip,Merit Medical Systems,401418001.pdf,PDF p. 13,irrelevant_to_current_scope,,,generic_percutaneous_drainage_paracentesis_or_general_supply_not_pleural_specific,high,generic_percutaneous_drainage_paracentesis_or_general_supply_not_pleural_specific,
236,SPPT-8F-12PL,SAFETY PARACENTESIS PROCEDURE TRAY - 8F; 12 cm; Pigtail; Fixed,Merit Medical Systems,401418001.pdf,PDF p. 13,irrelevant_to_current_scope,,,generic_percutaneous_drainage_paracentesis_or_general_supply_not_pleural_specific,high,generic_percutaneous_drainage_paracentesis_or_general_supply_not_pleural_specific,
237,SPPT-8F-12PS,SAFETY PARACENTESIS PROCEDURE TRAY - 8F; 12 cm; Pigtail; Slip,Merit Medical Systems,401418001.pdf,PDF p. 13,irrelevant_to_current_scope,,,generic_percutaneous_drainage_paracentesis_or_general_supply_not_pleural_specific,high,generic_percutaneous_drainage_paracentesis_or_general_supply_not_pleural_specific,
238,SPPT-8F-17PL,SAFETY PARACENTESIS PROCEDURE TRAY - 8F; 17 cm; Pigtail; Fixed,Merit Medical Systems,401418001.pdf,PDF p. 13,irrelevant_to_current_scope,,,generic_percutaneous_drainage_paracentesis_or_general_supply_not_pleural_specific,high,generic_percutaneous_drainage_paracentesis_or_general_supply_not_pleural_specific,
239,SPPT-8F-17PS,SAFETY PARACENTESIS PROCEDURE TRAY - 8F; 17 cm; Pigtail; Slip,Merit Medical Systems,401418001.pdf,PDF p. 13,irrelevant_to_current_scope,,,generic_percutaneous_drainage_paracentesis_or_general_supply_not_pleural_specific,high,generic_percutaneous_drainage_paracentesis_or_general_supply_not_pleural_specific,
240,SPPT-8F-7L,SAFETY PARACENTESIS PROCEDURE TRAY - 8F; 7 cm; Straight; Fixed,Merit Medical Systems,401418001.pdf,PDF p. 13,irrelevant_to_current_scope,,,generic_percutaneous_drainage_paracentesis_or_general_supply_not_pleural_specific,high,generic_percutaneous_drainage_paracentesis_or_general_supply_not_pleural_specific,
241,SPPT-8F-7S,SAFETY PARACENTESIS PROCEDURE TRAY - 8F; 7 cm; Straight; Slip,Merit Medical Systems,401418001.pdf,PDF p. 13,irrelevant_to_current_scope,,,generic_percutaneous_drainage_paracentesis_or_general_supply_not_pleural_specific,high,generic_percutaneous_drainage_paracentesis_or_general_supply_not_pleural_specific,
242,TAPS-5F-10LT,THORACENTESIS AND PARACENTESIS SET - 5F; 10 cm; Straight; Fixed,Merit Medical Systems,401418001.pdf,PDF p. 12,existing_exact,PRD-806A35FA67,TAPS-5F-10LT,exact_identifier,high,exact_identifier,
243,TAPS-5F-12PT,THORACENTESIS AND PARACENTESIS SET - 5F; 12 cm; Pigtail; Slip,Merit Medical Systems,401418001.pdf,PDF p. 12,new_product_added,PRD-D5706A45F2,TAPS-5F-12PT,proposed_high_confidence_exact_id,high,proposed_high_confidence_exact_id,Proposed addition; not yet applied by this read-only agent.
244,TAPS-5F-17PLT,THORACENTESIS AND PARACENTESIS SET - 5F; 17 cm; Pigtail; Fixed,Merit Medical Systems,401418001.pdf,PDF p. 12,new_product_added,PRD-6652155378,TAPS-5F-17PLT,proposed_high_confidence_exact_id,high,proposed_high_confidence_exact_id,Proposed addition; not yet applied by this read-only agent.
245,TAPS-5F-17PT,THORACENTESIS AND PARACENTESIS SET - 5F; 17 cm; Pigtail; Slip,Merit Medical Systems,401418001.pdf,PDF p. 12,new_product_added,PRD-477B395A73,TAPS-5F-17PT,proposed_high_confidence_exact_id,high,proposed_high_confidence_exact_id,Proposed addition; not yet applied by this read-only agent.
246,TAPS-6F-10LT,THORACENTESIS AND PARACENTESIS SET - 6F; 10 cm; Straight; Fixed,Merit Medical Systems,401418001.pdf,PDF p. 12,existing_exact,PRD-8E8D4D1565,TAPS-6F-10LT,exact_identifier,high,exact_identifier,
247,TAPS-6F-17PLT,THORACENTESIS AND PARACENTESIS SET - 6F; 17 cm; Pigtail; Fixed,Merit Medical Systems,401418001.pdf,PDF p. 12,new_product_added,PRD-3501E07357,TAPS-6F-17PLT,proposed_high_confidence_exact_id,high,proposed_high_confidence_exact_id,Proposed addition; not yet applied by this read-only agent.
248,TAPS-6F-17PT,THORACENTESIS AND PARACENTESIS SET - 6F; 17 cm; Pigtail; Slip,Merit Medical Systems,401418001.pdf,PDF p. 12,new_product_added,PRD-5C42525636,TAPS-6F-17PT,proposed_high_confidence_exact_id,high,proposed_high_confidence_exact_id,Proposed addition; not yet applied by this read-only agent.
249,TAPS-8F-10LT,THORACENTESIS AND PARACENTESIS SET - 8F; 10 cm; Straight; Fixed,Merit Medical Systems,401418001.pdf,PDF p. 12,existing_exact,PRD-F5AE18C06E,TAPS-8F-10LT,exact_identifier,high,exact_identifier,
250,TAPS-8F-12PT,THORACENTESIS AND PARACENTESIS SET - 8F; 12 cm; Pigtail; Slip,Merit Medical Systems,401418001.pdf,PDF p. 12,new_product_added,PRD-892BC2AA9D,TAPS-8F-12PT,proposed_high_confidence_exact_id,high,proposed_high_confidence_exact_id,Proposed addition; not yet applied by this read-only agent.
251,TAPS-8F-17PLT,THORACENTESIS AND PARACENTESIS SET - 8F; 17 cm; Pigtail; Fixed,Merit Medical Systems,401418001.pdf,PDF p. 12,new_product_added,PRD-07CD91B74C,TAPS-8F-17PLT,proposed_high_confidence_exact_id,high,proposed_high_confidence_exact_id,Proposed addition; not yet applied by this read-only agent.
252,TAPS-8F-17PT,THORACENTESIS AND PARACENTESIS SET - 8F; 17 cm; Pigtail; Slip,Merit Medical Systems,401418001.pdf,PDF p. 12,new_product_added,PRD-63306C383B,TAPS-8F-17PT,proposed_high_confidence_exact_id,high,proposed_high_confidence_exact_id,Proposed addition; not yet applied by this read-only agent.
253,TAPS-8F-7T,THORACENTESIS AND PARACENTESIS SET - 8F; 7 cm; Straight; Slip,Merit Medical Systems,401418001.pdf,PDF p. 12,new_product_added,PRD-14AB98C264,TAPS-8F-7T,proposed_high_confidence_exact_id,high,proposed_high_confidence_exact_id,Proposed addition; not yet applied by this read-only agent.
254,RTT14038MB,Thoracostomy Tray for Pneumothorax - ReSolve® Thoracostomy Tray,Merit Medical Systems,401418001.pdf,PDF p. 8,existing_exact,PRD-B1E837841F,RTT14038MB,exact_identifier,high,exact_identifier,
255,MMS100,WASTE BASINS,Merit Medical Systems,401418001.pdf,PDF p. 19,irrelevant_to_current_scope,,,generic_percutaneous_drainage_paracentesis_or_general_supply_not_pleural_specific,high,generic_percutaneous_drainage_paracentesis_or_general_supply_not_pleural_specific,
256,MMSP100,WASTE BASINS,Merit Medical Systems,401418001.pdf,PDF p. 19,irrelevant_to_current_scope,,,generic_percutaneous_drainage_paracentesis_or_general_supply_not_pleural_specific,high,generic_percutaneous_drainage_paracentesis_or_general_supply_not_pleural_specific,
257,FZ624,"DRAINAGE BAGS AND TUBING - Cloth-backed Bag, 600 mL",Merit Medical Systems,401418001.pdf; 401423001-A.pdf,PDF p. 16,irrelevant_to_current_scope,,,generic_percutaneous_drainage_paracentesis_or_general_supply_not_pleural_specific,high,generic_percutaneous_drainage_paracentesis_or_general_supply_not_pleural_specific,
258,K08-01907,"DRAINAGE BAGS AND TUBING - Jackson-Pratt® Bulb with 16"" Tubing, 100 mL",Merit Medical Systems,401418001.pdf; 401423001-A.pdf,PDF p. 16,irrelevant_to_current_scope,,,generic_percutaneous_drainage_paracentesis_or_general_supply_not_pleural_specific,high,generic_percutaneous_drainage_paracentesis_or_general_supply_not_pleural_specific,
259,K10-03450,"DRAINAGE BAGS AND TUBING - MDD600 Drainage Bag with Jackson-Pratt® Bulb, 100 mL (designed for vacuum drainage)",Merit Medical Systems,401418001.pdf; 401423001-A.pdf,PDF p. 16,irrelevant_to_current_scope,,,generic_percutaneous_drainage_paracentesis_or_general_supply_not_pleural_specific,high,generic_percutaneous_drainage_paracentesis_or_general_supply_not_pleural_specific,
260,RLC15-8-038MB,Locking Drainage Catheter Locking Drainage Catheter - 8.5F; 15 cm; Yes,Merit Medical Systems,401418001.pdf; 401423001-A.pdf,PDF p. 4,irrelevant_to_current_scope,,,generic_percutaneous_drainage_paracentesis_or_general_supply_not_pleural_specific,high,generic_percutaneous_drainage_paracentesis_or_general_supply_not_pleural_specific,
261,RLC-8-038MB,Locking Drainage Catheter Locking Drainage Catheter - 8.5F; 25 cm; Yes,Merit Medical Systems,401418001.pdf; 401423001-A.pdf,PDF p. 4,irrelevant_to_current_scope,,,generic_percutaneous_drainage_paracentesis_or_general_supply_not_pleural_specific,high,generic_percutaneous_drainage_paracentesis_or_general_supply_not_pleural_specific,
262,RNL-6-038J,RESOLVE® LOCKING DRAINAGE CATHETER TRAYS - 6.5F; 20 cm; J Curve,Merit Medical Systems,401418001.pdf; 401423001-A.pdf,PDF p. 6,irrelevant_to_current_scope,,,generic_percutaneous_drainage_paracentesis_or_general_supply_not_pleural_specific,high,generic_percutaneous_drainage_paracentesis_or_general_supply_not_pleural_specific,
263,RNL-8-038J,RESOLVE® LOCKING DRAINAGE CATHETER TRAYS - 8.5F; 25 cm; J Curve,Merit Medical Systems,401418001.pdf; 401423001-A.pdf,PDF p. 6,irrelevant_to_current_scope,,,generic_percutaneous_drainage_paracentesis_or_general_supply_not_pleural_specific,high,generic_percutaneous_drainage_paracentesis_or_general_supply_not_pleural_specific,
264,TAPS-5F-12PLT,THORACENTESIS AND PARACENTESIS SET - 5F; 12 cm; Pigtail; Fixed,Merit Medical Systems,401418001.pdf; 401423001-A.pdf,PDF p. 12,new_product_added,PRD-03568EABFB,TAPS-5F-12PLT,proposed_high_confidence_exact_id,high,proposed_high_confidence_exact_id,Proposed addition; not yet applied by this read-only agent.
265,TAPS-6F-12PLT,THORACENTESIS AND PARACENTESIS SET - 6F; 12 cm; Pigtail; Fixed,Merit Medical Systems,401418001.pdf; 401423001-A.pdf,PDF p. 12,existing_exact,PRD-BEE0D63766,TAPS-6F-12PLT,exact_identifier,high,exact_identifier,
266,TAPS-6F-12PT,THORACENTESIS AND PARACENTESIS SET - 6F; 12 cm; Pigtail; Slip,Merit Medical Systems,401418001.pdf; 401423001-A.pdf,PDF p. 12,new_product_added,PRD-5ADF20DD4A,TAPS-6F-12PT,proposed_high_confidence_exact_id,high,proposed_high_confidence_exact_id,Proposed addition; not yet applied by this read-only agent.
267,TAPS-8F-12PLT,THORACENTESIS AND PARACENTESIS SET - 8F; 12 cm; Pigtail; Fixed,Merit Medical Systems,401418001.pdf; 401423001-A.pdf,PDF p. 12,new_product_added,PRD-575932A508,TAPS-8F-12PLT,proposed_high_confidence_exact_id,high,proposed_high_confidence_exact_id,Proposed addition; not yet applied by this read-only agent.
268,RLC-10-038MB,Ultrasound Drainage Procedure - 0.038” (0.97 mm); Yes; Locking Pigtail,Merit Medical Systems,401418001.pdf; 401423001-A.pdf,PDF p. 4,irrelevant_to_current_scope,,,generic_percutaneous_drainage_paracentesis_or_general_supply_not_pleural_specific,high,generic_percutaneous_drainage_paracentesis_or_general_supply_not_pleural_specific,
269,RLC15-10-038MB,Ultrasound Drainage Procedure - 0.038” (0.97 mm); Yes; Locking Pigtail,Merit Medical Systems,401418001.pdf; 401423001-A.pdf,PDF p. 4,irrelevant_to_current_scope,,,generic_percutaneous_drainage_paracentesis_or_general_supply_not_pleural_specific,high,generic_percutaneous_drainage_paracentesis_or_general_supply_not_pleural_specific,
270,K12-08323,Ultrasound Drainage Procedure - 10F x 20 cm Dilator,Merit Medical Systems,401418001.pdf; 401423001-A.pdf,PDF p. 17,irrelevant_to_current_scope,,,generic_percutaneous_drainage_paracentesis_or_general_supply_not_pleural_specific,high,generic_percutaneous_drainage_paracentesis_or_general_supply_not_pleural_specific,
271,OSC-5F-12PLT,Ultrasound Drainage Procedure - 5F; Pigtail; Fixed,Merit Medical Systems,401418001.pdf; 401423001-A.pdf,PDF p. 10,new_product_added,PRD-8E51EC62D3,OSC-5F-12PLT,proposed_high_confidence_exact_id,high,proposed_high_confidence_exact_id,Proposed addition; not yet applied by this read-only agent.
272,VAC160,Ultrasound Drainage Procedure - 60 mL Vacuum Pressure Syringe,Merit Medical Systems,401418001.pdf; 401423001-A.pdf,PDF p. 17,irrelevant_to_current_scope,,,generic_percutaneous_drainage_paracentesis_or_general_supply_not_pleural_specific,high,generic_percutaneous_drainage_paracentesis_or_general_supply_not_pleural_specific,
273,MAK-NV-002,Ultrasound Drainage Procedure - 6F X 20 cm; 4F; NT/PT; 150 cm; 21G X 15 cm Trocar,Merit Medical Systems,401418001.pdf; 401423001-A.pdf,PDF p. 2,irrelevant_to_current_scope,,,generic_percutaneous_drainage_paracentesis_or_general_supply_not_pleural_specific,high,generic_percutaneous_drainage_paracentesis_or_general_supply_not_pleural_specific,
274,MAK-NV-004,Ultrasound Drainage Procedure - 6F X 20 cm; 4F; NT/PT; 21G X 15 cm Trocar,Merit Medical Systems,401418001.pdf; 401423001-A.pdf,PDF p. 2,irrelevant_to_current_scope,,,generic_percutaneous_drainage_paracentesis_or_general_supply_not_pleural_specific,high,generic_percutaneous_drainage_paracentesis_or_general_supply_not_pleural_specific,
275,MAK-NV-001,Ultrasound Drainage Procedure - 6F X 20 cm; 4F; SS/PT; 150 cm; 21G X 15 cm Trocar,Merit Medical Systems,401418001.pdf; 401423001-A.pdf,PDF p. 2,irrelevant_to_current_scope,,,generic_percutaneous_drainage_paracentesis_or_general_supply_not_pleural_specific,high,generic_percutaneous_drainage_paracentesis_or_general_supply_not_pleural_specific,
276,MAK-NV-016,Ultrasound Drainage Procedure - 6F X 20 cm; 4F; SS/PT; 80 cm; 21G X 15 cm Chiba,Merit Medical Systems,401418001.pdf; 401423001-A.pdf,PDF p. 2,irrelevant_to_current_scope,,,generic_percutaneous_drainage_paracentesis_or_general_supply_not_pleural_specific,high,generic_percutaneous_drainage_paracentesis_or_general_supply_not_pleural_specific,
277,OSC-6F-12PLT,Ultrasound Drainage Procedure - 6F; Pigtail; Fixed,Merit Medical Systems,401418001.pdf; 401423001-A.pdf,PDF p. 10,new_product_added,PRD-FCE9DE78C0,OSC-6F-12PLT,proposed_high_confidence_exact_id,high,proposed_high_confidence_exact_id,Proposed addition; not yet applied by this read-only agent.
278,K12-08322,Ultrasound Drainage Procedure - 8F x 20 cm Dilator,Merit Medical Systems,401418001.pdf; 401423001-A.pdf,PDF p. 17,irrelevant_to_current_scope,,,generic_percutaneous_drainage_paracentesis_or_general_supply_not_pleural_specific,high,generic_percutaneous_drainage_paracentesis_or_general_supply_not_pleural_specific,
279,TAPS-100,Current Brochures - Thorac; Paracentesis Set,Merit Medical Systems,401418001.pdf; Thoracentesis & Paracentesis Set - a Convienent All-in-One Centisis Set.pdf,PDF p. 12,new_product_added,PRD-DA7ECBAE41,TAPS-100,proposed_high_confidence_exact_id,high,proposed_high_confidence_exact_id,Proposed addition; not yet applied by this read-only agent.
280,TAPS-5F-7T,EXPANDED EXPANDED CATHETER CATHETER - Thoracentesis and; Paracentesis Set,Merit Medical Systems,401418001.pdf; Thoracentesis & Paracentesis Set - a Convienent All-in-One Centisis Set.pdf,PDF p. 12,new_product_added,PRD-AB1FE11C34,TAPS-5F-7T,proposed_high_confidence_exact_id,high,proposed_high_confidence_exact_id,Proposed addition; not yet applied by this read-only agent.
281,TAPS-6F-10T,EXPANDED EXPANDED CATHETER CATHETER - Thoracentesis and; Paracentesis Set,Merit Medical Systems,401418001.pdf; Thoracentesis & Paracentesis Set - a Convienent All-in-One Centisis Set.pdf,PDF p. 12,new_product_added,PRD-C90F6F2F20,TAPS-6F-10T,proposed_high_confidence_exact_id,high,proposed_high_confidence_exact_id,Proposed addition; not yet applied by this read-only agent.
282,TAPS-6F-7T,EXPANDED EXPANDED CATHETER CATHETER - Thoracentesis and; Paracentesis Set,Merit Medical Systems,401418001.pdf; Thoracentesis & Paracentesis Set - a Convienent All-in-One Centisis Set.pdf,PDF p. 12,new_product_added,PRD-399E8E0192,TAPS-6F-7T,proposed_high_confidence_exact_id,high,proposed_high_confidence_exact_id,Proposed addition; not yet applied by this read-only agent.
283,TAPS-8F-10T,EXPANDED EXPANDED CATHETER CATHETER - Thoracentesis and; Paracentesis Set,Merit Medical Systems,401418001.pdf; Thoracentesis & Paracentesis Set - a Convienent All-in-One Centisis Set.pdf,PDF p. 12,new_product_added,PRD-E4F966BAFD,TAPS-8F-10T,proposed_high_confidence_exact_id,high,proposed_high_confidence_exact_id,Proposed addition; not yet applied by this read-only agent.
284,TAPS-8F-7LT,EXPANDED EXPANDED CATHETER CATHETER - Thoracentesis and; Paracentesis Set,Merit Medical Systems,401418001.pdf; Thoracentesis & Paracentesis Set - a Convienent All-in-One Centisis Set.pdf,PDF p. 12,existing_exact,PRD-A4575632E4,TAPS-8F-7LT,exact_identifier,high,exact_identifier,
285,TAPS-5F-10T,THORACENTESIS AND PARACENTESIS SET - 5F; 10 cm; Straight; Slip,Merit Medical Systems,401418001.pdf; Thoracentesis & Paracentesis Set - a Convienent All-in-One Centisis Set.pdf,PDF p. 12,new_product_added,PRD-FBF1DDB248,TAPS-5F-10T,proposed_high_confidence_exact_id,high,proposed_high_confidence_exact_id,Proposed addition; not yet applied by this read-only agent.
286,TAPS-5F-7LT,THORACENTESIS AND PARACENTESIS SET - 5F; 7 cm; Straight; Fixed,Merit Medical Systems,401418001.pdf; Thoracentesis & Paracentesis Set - a Convienent All-in-One Centisis Set.pdf,PDF p. 12,existing_exact,PRD-FCEC968C4E,TAPS-5F-7LT,exact_identifier,high,exact_identifier,
287,TAPS-6F-7LT,THORACENTESIS AND PARACENTESIS SET - 6F; 7 cm; Straight; Fixed,Merit Medical Systems,401418001.pdf; Thoracentesis & Paracentesis Set - a Convienent All-in-One Centisis Set.pdf,PDF p. 12,new_product_added,PRD-B229D186DD,TAPS-6F-7LT,proposed_high_confidence_exact_id,high,proposed_high_confidence_exact_id,Proposed addition; not yet applied by this read-only agent.
288,IQ35F80J105RS,Ultrasound Drainage Procedure - 0.035” x 80 cm Rosen 1.5 mm J,Merit Medical Systems,401423001-A.pdf,PDF p. 5,irrelevant_to_current_scope,,,generic_percutaneous_drainage_paracentesis_or_general_supply_not_pleural_specific,high,generic_percutaneous_drainage_paracentesis_or_general_supply_not_pleural_specific,
289,MBSP100,Ultrasound Drainage Procedure - 500 mL BackStop Plus Disposal System,Merit Medical Systems,401423001-A.pdf,PDF p. 5,irrelevant_to_current_scope,,,generic_percutaneous_drainage_paracentesis_or_general_supply_not_pleural_specific,high,generic_percutaneous_drainage_paracentesis_or_general_supply_not_pleural_specific,
290,OSC-6F-17-PT,Ultrasound Drainage Procedure - 6F; Pigtail; Slip,Merit Medical Systems,401423001-A.pdf,PDF p. 5,duplicate_source_row,PRD-69BAF13F0C,OSC-6F-17PT,same_product_identifier_reextracted_with_ocr_punctuation,high,same_product_identifier_reextracted_with_ocr_punctuation,
291,OSC-8F-12-PLT,Ultrasound Drainage Procedure - 8F; Pigtail; Fixed,Merit Medical Systems,401423001-A.pdf,PDF p. 5,duplicate_source_row,PRD-6BAC2ADE46,OSC-8F-12PLT,same_product_identifier_reextracted_with_ocr_punctuation,high,same_product_identifier_reextracted_with_ocr_punctuation,
292,CFG624,Ultrasound Drainage Procedure - Revolution; 6F-24F,Merit Medical Systems,401423001-A.pdf,PDF p. 5,irrelevant_to_current_scope,,,generic_percutaneous_drainage_paracentesis_or_general_supply_not_pleural_specific,high,generic_percutaneous_drainage_paracentesis_or_general_supply_not_pleural_specific,
293,Not stated in source,ReSolve One-Step Centesis Catheter,Merit Medical Systems,402036009.pdf,Document p. not stated (PDF page 1),relevant_family_level_only,,,relevant_family_without_exact_orderable_identifier,moderate,relevant_family_without_exact_orderable_identifier,
294,Not stated in source,ReSolve Locking Drainage Catheter,Merit Medical Systems,402955010.pdf; 402955010MLP.pdf; 402955011ZHP.pdf; 402955013ZHP.pdf,PDF p. 1,irrelevant_to_current_scope,,,generic_percutaneous_drainage_paracentesis_or_general_supply_not_pleural_specific,high,generic_percutaneous_drainage_paracentesis_or_general_supply_not_pleural_specific,
295,Not stated in source,ReSolve Mini Locking Drainage Catheter,Merit Medical Systems,406168001MLP.pdf,PDF p. 2,irrelevant_to_current_scope,,,generic_percutaneous_drainage_paracentesis_or_general_supply_not_pleural_specific,high,generic_percutaneous_drainage_paracentesis_or_general_supply_not_pleural_specific,
296,20183-066,"Bipolar Adapter Cable, Standard to International 2 x 4 mm Socket, 30 cm",ERBE,85100-165_Cables-and-adapters.pdf,"Bipolar adapters, catalog p. 16",existing_exact,PRD-574BC79D2B,20183-066,existing_exact,high,existing_exact,
297,20183-053,"Bipolar Adapter, International 22 mm to Standard",ERBE,85100-165_Cables-and-adapters.pdf,"Bipolar adapters, catalog p. 16",existing_exact,PRD-E4FE22C28D,20183-053,existing_exact,high,existing_exact,
298,20183-100,"Bipolar Adapter, MF Socket / MF2 Plug for VIO 300 D",ERBE,85100-165_Cables-and-adapters.pdf,"Bipolar adapters, catalog p. 17",existing_exact,PRD-DA396EF06D,20183-100,existing_exact,high,existing_exact,
299,20183-101,"Bipolar Adapter, MF2/MFU Socket / MF Plug for VIO 3 / VIO 300 D",ERBE,85100-165_Cables-and-adapters.pdf,"Bipolar adapters, catalog p. 17",existing_exact,PRD-6BC32547CD,20183-101,existing_exact,high,existing_exact,
300,20183-025,"Bipolar Adapter, Standard to Martin/Berchtold/Aesculap",ERBE,85100-165_Cables-and-adapters.pdf,"Bipolar adapters, catalog p. 16",existing_exact,PRD-D723C6FF62,20183-025,existing_exact,high,existing_exact,
301,20183-055,"Bipolar Adapter, Valleylab 28 mm to Standard",ERBE,85100-165_Cables-and-adapters.pdf,"Bipolar adapters, catalog p. 16",existing_exact,PRD-704E468EF5,20183-055,existing_exact,high,existing_exact,
302,20196-063,"Bipolar Connecting Cable, 2-Pin 22 mm, Angled, 4.5 m",ERBE,85100-165_Cables-and-adapters.pdf,"Bipolar cables, catalog p. 9",existing_exact,PRD-3353BDD6CD,20196-063,existing_exact,high,existing_exact,
303,20196-066,"Bipolar Connecting Cable, 2-Pin 28 mm, Aesculap, 4.5 m",ERBE,85100-165_Cables-and-adapters.pdf,"Bipolar cables, catalog p. 10",existing_exact,PRD-93A3E7F825,20196-066,existing_exact,high,existing_exact,
304,20196-064,"Bipolar Connecting Cable, 2-Pin 28 mm, Angled, 4.5 m",ERBE,85100-165_Cables-and-adapters.pdf,"Bipolar cables, catalog p. 10",existing_exact,PRD-695BD279A8,20196-064,existing_exact,high,existing_exact,
305,20196-067,"Bipolar Connecting Cable, 2-Pin 28 mm, Fixation Forceps, 4.5 m",ERBE,85100-165_Cables-and-adapters.pdf,"Bipolar cables, catalog p. 10",existing_exact,PRD-79B8CF6846,20196-067,existing_exact,high,existing_exact,
306,20196-062,"Bipolar Connecting Cable, 8/4 mm Forceps, Angled, 4.5 m",ERBE,85100-165_Cables-and-adapters.pdf,"Bipolar cables, catalog p. 9",existing_exact,PRD-6F4B58CFF2,20196-062,existing_exact,high,existing_exact,
307,20196-065,"Bipolar Connecting Cable, Aesculap, Angled, 4.5 m",ERBE,85100-165_Cables-and-adapters.pdf,"Bipolar cables, catalog p. 9",existing_exact,PRD-88D778F3A4,20196-065,existing_exact,high,existing_exact,
308,20196-053,"Bipolar Connecting Cable, International 2-Pin 22 mm, 4 m",ERBE,85100-165_Cables-and-adapters.pdf,"Bipolar cables, catalog p. 9",existing_exact,PRD-9DCC5EC86C,20196-053,existing_exact,high,existing_exact,
309,20196-061,"Bipolar Connecting Cable, International 2-Pin 22 mm, 5 m",ERBE,85100-165_Cables-and-adapters.pdf,"Bipolar cables, catalog p. 9",existing_exact,PRD-0ADECF7C68,20196-061,existing_exact,high,existing_exact,
310,20196-107,"Bipolar Connecting Cable, International, 4 m, for BiSect",ERBE,85100-165_Cables-and-adapters.pdf,"Bipolar cables, catalog p. 9",existing_exact,PRD-535FE6B186,20196-107,existing_exact,high,existing_exact,
311,20196-047,"Bipolar Connecting Cable, Martin Standard, 4 m",ERBE,85100-165_Cables-and-adapters.pdf,"Bipolar cables, catalog p. 11",existing_exact,PRD-19D03D9B14,20196-047,existing_exact,high,existing_exact,
312,20196-059,"Bipolar Connecting Cable, Martin Standard, 5 m",ERBE,85100-165_Cables-and-adapters.pdf,"Bipolar cables, catalog p. 11",existing_exact,PRD-0A9806F6F2,20196-059,existing_exact,high,existing_exact,
313,21196-115,"Bipolar Connecting Cable, Olympus MF-U, 4.5 m",ERBE,85100-165_Cables-and-adapters.pdf,"Bipolar cables, catalog p. 12",existing_exact,PRD-9CAAE08C97,21196-115,existing_exact,high,existing_exact,
314,20196-115,"Bipolar Connecting Cable, Olympus Resectoscope MF, 4 m",ERBE,85100-165_Cables-and-adapters.pdf,"Bipolar cables, catalog p. 11",existing_exact,PRD-E94BC99DC8,20196-115,existing_exact,high,existing_exact,
315,20196-121,"Bipolar Connecting Cable, Standard, 4 m, 2-Pin Connection",ERBE,85100-165_Cables-and-adapters.pdf,"Bipolar cables, catalog p. 8",existing_exact,PRD-C47EB33229,20196-121,existing_exact,high,existing_exact,
316,20196-106,"Bipolar Connecting Cable, Standard, 4 m, for BiSect Scissors",ERBE,85100-165_Cables-and-adapters.pdf,"Bipolar cables, catalog p. 8",existing_exact,PRD-1DDAD96A7B,20196-106,existing_exact,high,existing_exact,
317,20196-130,"Bipolar Connecting Cable, Standard, 4 m, for da Vinci Instruments",ERBE,85100-165_Cables-and-adapters.pdf,"Bipolar cables, catalog p. 9",existing_exact,PRD-77DCFC650E,20196-130,existing_exact,high,existing_exact,
318,20196-048,"Bipolar Connecting Cable, Standard, 4 m, for Fixation Forceps",ERBE,85100-165_Cables-and-adapters.pdf,"Bipolar cables, catalog p. 8",existing_exact,PRD-A24DAA76C6,20196-048,existing_exact,high,existing_exact,
319,20196-060,"Bipolar Connecting Cable, Standard, 5 m, for Fixation Forceps",ERBE,85100-165_Cables-and-adapters.pdf,"Bipolar cables, catalog p. 8",existing_exact,PRD-E27A6FA17A,20196-060,existing_exact,high,existing_exact,
320,20196-118,"Bipolar Connecting Cable, STORZ MF, 4 m",ERBE,85100-165_Cables-and-adapters.pdf,"Bipolar cables, catalog p. 11",existing_exact,PRD-1062EA74E3,20196-118,existing_exact,high,existing_exact,
321,21196-118,"Bipolar Connecting Cable, STORZ MF-U, 4.5 m",ERBE,85100-165_Cables-and-adapters.pdf,"Bipolar cables, catalog p. 12",existing_exact,PRD-5CD3FA131B,21196-118,existing_exact,high,existing_exact,
322,20196-127,"Bipolar Connecting Cable, Valleylab 2-Pin 28 mm, 4 m, 2-Pin Forceps",ERBE,85100-165_Cables-and-adapters.pdf,"Bipolar cables, catalog p. 10",existing_exact,PRD-4896D3D636,20196-127,existing_exact,high,existing_exact,
323,20196-055,"Bipolar Connecting Cable, Valleylab 2-Pin 28 mm, 4 m, European Flat Plug",ERBE,85100-165_Cables-and-adapters.pdf,"Bipolar cables, catalog p. 10",existing_exact,PRD-486F6703A9,20196-055,existing_exact,high,existing_exact,
324,20196-129,"Bipolar Connecting Cable, Valleylab 2-Pin 28 mm, 4 m, for da Vinci",ERBE,85100-165_Cables-and-adapters.pdf,"Bipolar cables, catalog p. 10",existing_exact,PRD-0C7A44B87D,20196-129,existing_exact,high,existing_exact,
325,20196-045,"Bipolar Connecting Cable, VIO/ICC/ACC T-Series Standard, 4 m, European Flat Plug",ERBE,85100-165_Cables-and-adapters.pdf,"Bipolar cables, catalog p. 8",existing_exact,PRD-BCD783DD13,20196-045,existing_exact,high,existing_exact,
326,20196-057,"Bipolar Connecting Cable, VIO/ICC/ACC T-Series Standard, 5 m, European Flat Plug",ERBE,85100-165_Cables-and-adapters.pdf,"Bipolar cables, catalog p. 8",existing_exact,PRD-57A313D4DB,20196-057,existing_exact,high,existing_exact,
327,20196-119,"Bipolar Connecting Cable, WOLF MF, 4 m",ERBE,85100-165_Cables-and-adapters.pdf,"Bipolar cables, catalog p. 11",existing_exact,PRD-E0E5A0320D,20196-119,existing_exact,high,existing_exact,
328,21196-119,"Bipolar Connecting Cable, WOLF MF-U, 4.5 m",ERBE,85100-165_Cables-and-adapters.pdf,"Bipolar cables, catalog p. 12",existing_exact,PRD-55D98AAFB1,21196-119,existing_exact,high,existing_exact,
329,20183-102,"Fastening Set for ERBE Adapter 20183-100/101, VIO 300 D",ERBE,85100-165_Cables-and-adapters.pdf,"Bipolar adapters, catalog p. 17",existing_exact,PRD-40F9EDE43C,20183-102,existing_exact,high,existing_exact,
330,20183-103,"Fastening Set for ERBE Adapter 20183-101, VIO 3",ERBE,85100-165_Cables-and-adapters.pdf,"Bipolar adapters, catalog p. 17",existing_exact,PRD-6DF43B832B,20183-103,existing_exact,high,existing_exact,
331,20132-095,Irrigation Adapter for APC Applicators,ERBE,85100-165_Cables-and-adapters.pdf,"Irrigation adapters, catalog p. 19",existing_exact,PRD-9349B7D1F6,20132-095,existing_exact,high,existing_exact,
332,20132-087,Irrigation Adapter for APC Applicators with Handles,ERBE,85100-165_Cables-and-adapters.pdf,"Irrigation adapters, catalog p. 19",existing_exact,PRD-456C006CCE,20132-087,existing_exact,high,existing_exact,
333,20132-203,"Irrigation Adapter for Flexible APC Probes, Luer Lock",ERBE,85100-165_Cables-and-adapters.pdf,"Irrigation adapters, catalog p. 19",existing_exact,PRD-7A53694B65,20132-203,existing_exact,high,existing_exact,
334,20183-067,"Monopolar Adapter, Bovie Jack to 2-7 mm Instrument Connector",ERBE,85100-165_Cables-and-adapters.pdf,"Monopolar adapters, catalog p. 15",existing_exact,PRD-27460DB568,20183-067,existing_exact,high,existing_exact,
335,20183-028,"Monopolar Adapter, Standard Socket to International 3-Pin",ERBE,85100-165_Cables-and-adapters.pdf,"Monopolar adapters, catalog p. 15",existing_exact,PRD-E5D003B78D,20183-028,existing_exact,high,existing_exact,
336,20183-047,"Monopolar Adapter, Standard Socket to Martin",ERBE,85100-165_Cables-and-adapters.pdf,"Monopolar adapters, catalog p. 15",existing_exact,PRD-EE226986CB,20183-047,existing_exact,high,existing_exact,
337,20192-134,"Monopolar Connecting Cable, 3-Pin to 4 mm Pin, 4.5 m",ERBE,85100-165_Cables-and-adapters.pdf,"Monopolar cables, catalog p. 5",existing_exact,PRD-A1BB9D424D,20192-134,existing_exact,high,existing_exact,
338,20192-132,"Monopolar Connecting Cable, 3-Pin to 4 mm Socket for Needle/STORZ, 4.5 m",ERBE,85100-165_Cables-and-adapters.pdf,"Monopolar cables, catalog p. 5",existing_exact,PRD-14ED7EA20B,20192-132,existing_exact,high,existing_exact,
339,20192-133,"Monopolar Connecting Cable, 3-Pin to 4 mm Socket, 4.5 m",ERBE,85100-165_Cables-and-adapters.pdf,"Monopolar cables, catalog p. 5",existing_exact,PRD-241DE5F6DF,20192-133,existing_exact,high,existing_exact,
340,20192-135,"Monopolar Connecting Cable, 3-Pin to Olympus 3 mm Socket, 4.5 m",ERBE,85100-165_Cables-and-adapters.pdf,"Monopolar cables, catalog p. 5",existing_exact,PRD-D063F090C6,20192-135,existing_exact,high,existing_exact,
341,20192-113,"Monopolar Connecting Cable, Bovie Jack 8 mm to 4 mm, 4 m",ERBE,85100-165_Cables-and-adapters.pdf,"Monopolar cables, catalog p. 5",existing_exact,PRD-E91AF4A4B3,20192-113,existing_exact,high,existing_exact,
342,20192-117,"Monopolar Connecting Cable, Bovie Jack 8 mm to Olympus 3 mm, 4 m",ERBE,85100-165_Cables-and-adapters.pdf,"Monopolar cables, catalog p. 5",existing_exact,PRD-D41DE241C1,20192-117,existing_exact,high,existing_exact,
343,20192-099,"Monopolar Connecting Cable, Martin Standard, 4 m, for Pencil/Hook",ERBE,85100-165_Cables-and-adapters.pdf,"Monopolar cables, catalog p. 6",existing_exact,PRD-24DF8E0987,20192-099,existing_exact,high,existing_exact,
344,20192-101,"Monopolar Connecting Cable, Standard, 4 m, 4 mm Socket for Needle/STORZ",ERBE,85100-165_Cables-and-adapters.pdf,"Monopolar cables, catalog p. 4",existing_exact,PRD-95ADE8F814,20192-101,existing_exact,high,existing_exact,
345,20192-104,"Monopolar Connecting Cable, Standard, 4 m, for CUT/COAG 4 mm Instruments",ERBE,85100-165_Cables-and-adapters.pdf,"Monopolar cables, catalog p. 4",existing_exact,PRD-F9C809D277,20192-104,existing_exact,high,existing_exact,
346,20192-119,"Monopolar Connecting Cable, Standard, 4 m, for Olympus 3 mm Snares",ERBE,85100-165_Cables-and-adapters.pdf,"Monopolar cables, catalog p. 4",existing_exact,PRD-DA3218ED45,20192-119,existing_exact,high,existing_exact,
347,20192-097,"Monopolar Connecting Cable, Standard, 4 m, for Suction Coagulation Electrode",ERBE,85100-165_Cables-and-adapters.pdf,"Monopolar cables, catalog p. 4",existing_exact,PRD-BBCDFBC541,20192-097,existing_exact,high,existing_exact,
348,20192-110,"Monopolar Connecting Cable, VIO/ICC/ACC International, 4 m, for Pencil/Hook",ERBE,85100-165_Cables-and-adapters.pdf,"Monopolar cables, catalog p. 6",existing_exact,PRD-CB585AE377,20192-110,existing_exact,high,existing_exact,
349,20192-127,"Monopolar Connecting Cable, VIO/ICC/ACC, Standard, 4 m, for Pencil/Hook",ERBE,85100-165_Cables-and-adapters.pdf,"Monopolar cables, catalog p. 4",existing_exact,PRD-D85D52F0CD,20192-127,existing_exact,high,existing_exact,
350,20192-094,"Monopolar Connecting Cable, VIO/ICC/ACC, Standard, 5 m, for Pencil/Hook",ERBE,85100-165_Cables-and-adapters.pdf,"Monopolar cables, catalog p. 4",existing_exact,PRD-27BD1F9DB6,20192-094,existing_exact,high,existing_exact,
351,20194-075,"Return-Electrode Connecting Cable, International, 4 m, Silicone",ERBE,85100-165_Cables-and-adapters.pdf,"Return-electrode cables, catalog p. 13",existing_exact,PRD-71FB94BD46,20194-075,existing_exact,high,existing_exact,
352,20194-079,"Return-Electrode Connecting Cable, International, 4 m, Single-Contact Electrode",ERBE,85100-165_Cables-and-adapters.pdf,"Return-electrode cables, catalog p. 14",existing_exact,PRD-415D12A635,20194-079,existing_exact,high,existing_exact,
353,20194-080,"Return-Electrode Connecting Cable, International, 4 m, Split-Contact Electrode",ERBE,85100-165_Cables-and-adapters.pdf,"Return-electrode cables, catalog p. 14",existing_exact,PRD-4D06DCE96B,20194-080,existing_exact,high,existing_exact,
354,20194-089,"Return-Electrode Connecting Cable, International, 5 m, Silicone",ERBE,85100-165_Cables-and-adapters.pdf,"Return-electrode cables, catalog p. 13",existing_exact,PRD-27BE0EC96A,20194-089,existing_exact,high,existing_exact,
355,20194-086,"Return-Electrode Connecting Cable, International, 5 m, Single-Contact Electrode",ERBE,85100-165_Cables-and-adapters.pdf,"Return-electrode cables, catalog p. 14",existing_exact,PRD-8905E9BA40,20194-086,existing_exact,high,existing_exact,
356,20194-087,"Return-Electrode Connecting Cable, International, 5 m, Split-Contact Electrode",ERBE,85100-165_Cables-and-adapters.pdf,"Return-electrode cables, catalog p. 14",existing_exact,PRD-E060DC2383,20194-087,existing_exact,high,existing_exact,
357,20194-077,"Return-Electrode Connecting Cable, Standard, 4 m, Contact Stud",ERBE,85100-165_Cables-and-adapters.pdf,"Return-electrode cables, catalog p. 13",existing_exact,PRD-CDCBBB4171,20194-077,existing_exact,high,existing_exact,
358,20194-070,"Return-Electrode Connecting Cable, Standard, 4 m, Silicone",ERBE,85100-165_Cables-and-adapters.pdf,"Return-electrode cables, catalog p. 13",existing_exact,PRD-0F561988AB,20194-070,existing_exact,high,existing_exact,
359,20194-078,"Return-Electrode Connecting Cable, Standard, 5 m, Contact Stud",ERBE,85100-165_Cables-and-adapters.pdf,"Return-electrode cables, catalog p. 13",existing_exact,PRD-D194D5A02B,20194-078,existing_exact,high,existing_exact,
360,20194-088,"Return-Electrode Connecting Cable, Standard, 5 m, Silicone",ERBE,85100-165_Cables-and-adapters.pdf,"Return-electrode cables, catalog p. 13",existing_exact,PRD-EC8645595D,20194-088,existing_exact,high,existing_exact,
361,20132-249,Adapter for APCapplicator to APC 2 Standard Socket,ERBE,85100-169_APC-accessories.pdf,"APC applicator/adapters, catalog p. 8",existing_exact,PRD-EC8FB40FB0,20132-249,existing_exact,high,existing_exact,
362,20132-227,Adapter for FiAPC Probes to APC 2 / APC 300,ERBE,85100-169_APC-accessories.pdf,"FiAPC probes, catalog p. 6",existing_exact,PRD-63E9945A0A,20132-227,existing_exact,high,existing_exact,
363,20183-071,"APC Ignition Test Adapter for VIO D/S, ICC, International",ERBE,85100-169_APC-accessories.pdf,"APC ignition test adapters, catalog p. 8",existing_exact,PRD-1425225614,20183-071,existing_exact,high,existing_exact,
364,20183-070,"APC Ignition Test Adapter for VIO D/S, ICC, Standard",ERBE,85100-169_APC-accessories.pdf,"APC ignition test adapters, catalog p. 8",existing_exact,PRD-DCA951086F,20183-070,existing_exact,high,existing_exact,
365,20132-257,"APCapplicator, Malleable, 160 mm, 1 Button",ERBE,85100-169_APC-accessories.pdf,"APCapplicator, catalog pp. 7-8",existing_exact,PRD-DC7D6310BB,20132-257,existing_exact,high,existing_exact,
366,20132-256,"APCapplicator, Malleable, 250 mm, 1 Button",ERBE,85100-169_APC-accessories.pdf,"APCapplicator, catalog pp. 7-8",existing_exact,PRD-A83D0CAAC1,20132-256,existing_exact,high,existing_exact,
367,20132-253,"APCapplicator, Rigid, 100 mm, Needle Electrode",ERBE,85100-169_APC-accessories.pdf,"APCapplicator, catalog pp. 7-8",existing_exact,PRD-D7F9A3A5D0,20132-253,existing_exact,high,existing_exact,
368,20132-252,"APCapplicator, Rigid, 100 mm, Spatula Electrode",ERBE,85100-169_APC-accessories.pdf,"APCapplicator, catalog pp. 7-8",existing_exact,PRD-1708F37D2C,20132-252,existing_exact,high,existing_exact,
369,20132-251,"APCapplicator, Rigid, 35 mm, Needle Electrode",ERBE,85100-169_APC-accessories.pdf,"APCapplicator, catalog pp. 7-8",existing_exact,PRD-8C5BA93DCA,20132-251,existing_exact,high,existing_exact,
370,20132-250,"APCapplicator, Rigid, 35 mm, Spatula Electrode",ERBE,85100-169_APC-accessories.pdf,"APCapplicator, catalog pp. 7-8",existing_exact,PRD-D76C39F2B7,20132-250,existing_exact,high,existing_exact,
371,20132-255,"APCapplicator, Rigid, 350 mm, Needle Electrode",ERBE,85100-169_APC-accessories.pdf,"APCapplicator, catalog pp. 7-8",existing_exact,PRD-D9A63C6C45,20132-255,existing_exact,high,existing_exact,
372,20132-254,"APCapplicator, Rigid, 350 mm, Spatula Electrode",ERBE,85100-169_APC-accessories.pdf,"APCapplicator, catalog pp. 7-8",existing_exact,PRD-2218769436,20132-254,existing_exact,high,existing_exact,
373,20132-004,"Argon Gas Cylinder, 5 L, 200 bar, Filled",ERBE,85100-169_APC-accessories.pdf,"APC pressure reducers and gas accessories, catalog pp. 10-11",existing_exact,PRD-B21BCEFB54,20132-004,existing_exact,high,existing_exact,
374,20132-165,"Argon Gas Cylinder, 5 L, Empty, CGA 580",ERBE,85100-169_APC-accessories.pdf,"APC pressure reducers and gas accessories, catalog pp. 10-11",existing_exact,PRD-D454A9C046,20132-165,existing_exact,high,existing_exact,
375,20132-171,"Argon Gas Cylinder, 5 L, Empty, DIN 477 No. 6",ERBE,85100-169_APC-accessories.pdf,"APC pressure reducers and gas accessories, catalog pp. 10-11",existing_exact,PRD-78096620FF,20132-171,existing_exact,high,existing_exact,
376,20132-085,"Central Gas Supply Connecting Tube for APC, 1 m",ERBE,85100-169_APC-accessories.pdf,"APC pressure reducers and gas accessories, catalog pp. 10-11",existing_exact,PRD-B79F76C6D6,20132-085,existing_exact,high,existing_exact,
377,20132-321,FiAPC plus Probe 2200 A with Filter,ERBE,85100-169_APC-accessories.pdf,"FiAPC plus probes, catalog p. 4",existing_exact,PRD-21F6CB5BAC,20132-321,existing_exact,high,existing_exact,
378,20132-325,FiAPC plus Probe 2200 C with Filter,ERBE,85100-169_APC-accessories.pdf,"FiAPC plus probes, catalog p. 4",existing_exact,PRD-5AB3F8988B,20132-325,existing_exact,high,existing_exact,
379,20132-324,FiAPC plus Probe 2200 SC with Filter,ERBE,85100-169_APC-accessories.pdf,"FiAPC plus probes, catalog p. 4",existing_exact,PRD-4E9412A49F,20132-324,existing_exact,high,existing_exact,
380,20132-323,FiAPC plus Probe 3000 A with Filter,ERBE,85100-169_APC-accessories.pdf,"FiAPC plus probes, catalog p. 4",existing_exact,PRD-19BAA6E1D6,20132-323,existing_exact,high,existing_exact,
381,20132-220,FiAPC Probe 1500 A,ERBE,85100-169_APC-accessories.pdf,"FiAPC probes, catalog pp. 5-6",existing_exact,PRD-A48A455A5E,20132-220,existing_exact,high,existing_exact,
382,20132-221,FiAPC Probe 2200 A,ERBE,85100-169_APC-accessories.pdf,"FiAPC probes, catalog pp. 5-6",existing_exact,PRD-5445BFA070,20132-221,existing_exact,high,existing_exact,
383,20132-222,FiAPC Probe 2200 A,ERBE,85100-169_APC-accessories.pdf,"FiAPC probes, catalog pp. 5-6",existing_exact,PRD-C3FDFF59E0,20132-222,existing_exact,high,existing_exact,
384,20132-225,FiAPC Probe 2200 C,ERBE,85100-169_APC-accessories.pdf,"FiAPC probes, catalog pp. 5-6",existing_exact,PRD-C492434340,20132-225,existing_exact,high,existing_exact,
385,20132-224,FiAPC Probe 2200 SC,ERBE,85100-169_APC-accessories.pdf,"FiAPC probes, catalog pp. 5-6",existing_exact,PRD-DE4182B356,20132-224,existing_exact,high,existing_exact,
386,20132-223,FiAPC Probe 3000 A,ERBE,85100-169_APC-accessories.pdf,"FiAPC probes, catalog pp. 5-6",existing_exact,PRD-3A183102CF,20132-223,existing_exact,high,existing_exact,
387,20132-226,FiAPC Probe 3000 A,ERBE,85100-169_APC-accessories.pdf,"FiAPC probes, catalog pp. 5-6",existing_exact,PRD-99494D8DD0,20132-226,existing_exact,high,existing_exact,
388,20134-003,"Pressure Reducer with Sensor for APC 2/APC 3, BS 341 No. 3",ERBE,85100-169_APC-accessories.pdf,"APC pressure reducers and gas accessories, catalog pp. 10-11",existing_exact,PRD-1BD0F9BD70,20134-003,existing_exact,high,existing_exact,
389,20134-002,"Pressure Reducer with Sensor for APC 2/APC 3, CGA 580",ERBE,85100-169_APC-accessories.pdf,"APC pressure reducers and gas accessories, catalog pp. 10-11",existing_exact,PRD-83ADF2581C,20134-002,existing_exact,high,existing_exact,
390,20134-006,"Pressure Reducer with Sensor for APC 2/APC 3, CGA Group",ERBE,85100-169_APC-accessories.pdf,"APC pressure reducers and gas accessories, catalog pp. 10-11",existing_exact,PRD-09AF1B1AE5,20134-006,existing_exact,high,existing_exact,
391,20134-001,"Pressure Reducer with Sensor for APC 2/APC 3, DIN 477 No. 10",ERBE,85100-169_APC-accessories.pdf,"APC pressure reducers and gas accessories, catalog pp. 10-11",existing_exact,PRD-207F57235E,20134-001,existing_exact,high,existing_exact,
392,20134-004,"Pressure Reducer with Sensor for APC 2/APC 3, DIN 477 No. 6",ERBE,85100-169_APC-accessories.pdf,"APC pressure reducers and gas accessories, catalog pp. 10-11",existing_exact,PRD-3CAAB4D79C,20134-004,existing_exact,high,existing_exact,
393,20134-007,"Pressure Reducer with Sensor for APC 2/APC 3, ISO 5145 No. 4",ERBE,85100-169_APC-accessories.pdf,"APC pressure reducers and gas accessories, catalog pp. 10-11",existing_exact,PRD-293EEBCDF0,20134-007,existing_exact,high,existing_exact,
394,20134-005,"Pressure Reducer with Sensor for APC 2/APC 3, Japan",ERBE,85100-169_APC-accessories.pdf,"APC pressure reducers and gas accessories, catalog pp. 10-11",existing_exact,PRD-55E5D08ADC,20134-005,existing_exact,high,existing_exact,
395,20132-078,"Pressure Reducer without Sensor for APC 300, ISO 5145 No. 4",ERBE,85100-169_APC-accessories.pdf,"APC pressure reducers and gas accessories, catalog pp. 10-11",existing_exact,PRD-9DA3B7C48B,20132-078,existing_exact,high,existing_exact,
396,20410-003,CO2 Gas Bottle Adapter E,ERBE,85100-170_Cryosurgery.pdf,"Gas bottle adapter table, catalog pp. 4, 7",existing_exact,PRD-9AE343BC8D,20410-003,existing_exact,high,existing_exact,
397,20402-060,CO2 Gas Bottle Adapter F,ERBE,85100-170_Cryosurgery.pdf,"Gas bottle adapter table, catalog pp. 4, 7",existing_exact,PRD-D54D46A95B,20402-060,existing_exact,high,existing_exact,
398,20410-016,CO2 Gas Bottle Adapter G,ERBE,85100-170_Cryosurgery.pdf,"Gas bottle adapter table, catalog pp. 4, 7",existing_exact,PRD-F1632F4CEC,20410-016,existing_exact,high,existing_exact,
399,20410-011,"CO2 Gas Bottle Adapter H, Pin Index",ERBE,85100-170_Cryosurgery.pdf,"Gas bottle adapter table, catalog pp. 4, 7",existing_exact,PRD-A93BE6938D,20410-011,existing_exact,high,existing_exact,
400,20402-061,CO2 Gas Bottle Adapter I,ERBE,85100-170_Cryosurgery.pdf,"Gas bottle adapter table, catalog pp. 4, 7",existing_exact,PRD-5AEEF62066,20402-061,existing_exact,high,existing_exact,
401,20402-052,CO2 Switching Valve for Two Gas Cylinder Adapters,ERBE,85100-170_Cryosurgery.pdf,"Gas bottle adapter table, catalog pp. 4, 7",existing_exact,PRD-C3FB38433F,20402-052,existing_exact,high,existing_exact,
402,20402-300,ERBECRYO 2 Cart,ERBE,85100-170_Cryosurgery.pdf,"Accessories for ERBECRYO 2, catalog p. 6",existing_exact,PRD-B68845E997,20402-300,existing_exact,high,existing_exact,
403,20402-008,"ERBECRYO 2 Exhaust Gas Hose, 10 m",ERBE,85100-170_Cryosurgery.pdf,"Accessories for ERBECRYO 2, catalog p. 7",existing_exact,PRD-C684D9ADCF,20402-008,existing_exact,high,existing_exact,
404,20402-007,"ERBECRYO 2 Exhaust Gas Hose, 5 m",ERBE,85100-170_Cryosurgery.pdf,"Accessories for ERBECRYO 2, catalog p. 7",existing_exact,PRD-0C821995AC,20402-007,existing_exact,high,existing_exact,
405,20402-202,"ERBECRYO 2 Footswitch Extension Cable, 0.4 m",ERBE,85100-170_Cryosurgery.pdf,"Accessories for ERBECRYO 2, catalog p. 6",existing_exact,PRD-5DFC2E8E8B,20402-202,existing_exact,high,existing_exact,
406,20402-402,Flexible Cryoprobe 1.1 mm with 757 mm Oversheath,ERBE,85100-170_Cryosurgery.pdf,"Cryoprobes for ERBECRYO 2, catalog p. 5",existing_exact,PRD-6C2199C862,20402-402,existing_exact,high,existing_exact,
407,20402-401,Flexible Cryoprobe 1.1 mm with 817 mm Oversheath,ERBE,85100-170_Cryosurgery.pdf,"Cryoprobes for ERBECRYO 2, catalog p. 5",existing_exact,PRD-A2C49C9352,20402-401,existing_exact,high,existing_exact,
408,20402-410,Flexible Cryoprobe 1.7 mm,ERBE,85100-170_Cryosurgery.pdf,"Cryoprobes for ERBECRYO 2, catalog p. 5",existing_exact,PRD-7DC3645CFA,20402-410,existing_exact,high,existing_exact,
409,20402-411,Flexible Cryoprobe 2.4 mm,ERBE,85100-170_Cryosurgery.pdf,"Cryoprobes for ERBECRYO 2, catalog p. 5",existing_exact,PRD-05670F1B5F,20402-411,existing_exact,high,existing_exact,
410,20448-000,"Gas Hose for ERBECRYO / ERBECRYO 2, 0.7 m",ERBE,85100-170_Cryosurgery.pdf,"Accessories for ERBECRYO 2, catalog p. 7",existing_exact,PRD-D03502FFB4,20448-000,existing_exact,high,existing_exact,
411,20410-004,"Gas Hose for ERBECRYO / ERBECRYO 2, 1 m",ERBE,85100-170_Cryosurgery.pdf,"Accessories for ERBECRYO 2, catalog p. 7",existing_exact,PRD-3097FD9A2E,20410-004,existing_exact,high,existing_exact,
412,20402-200,One-Pedal Foot Switch for ERBECRYO 2,ERBE,85100-170_Cryosurgery.pdf,"Accessories for ERBECRYO 2, catalog p. 6",existing_exact,PRD-DA286027ED,20402-200,existing_exact,high,existing_exact,
413,20180-010,Wire Basket for ERBECRYO 2 Cart,ERBE,85100-170_Cryosurgery.pdf,"Accessories for ERBECRYO 2, catalog p. 6",existing_exact,PRD-913352C891,20180-010,existing_exact,high,existing_exact,
414,MBR-000019,Bronchoscope Valve,"Auris Health, Inc.",AccessGUDID - (&quot;Monarch Bronchoscope&quot;)2.pdf,"PDF page index 1; printed p. 1/2, AccessGUDID exact device row",needs_owner_review,,,needs_owner_review,needs_review,needs_owner_review,"Exact GUDID identity exists, but repository handoff deliberately excludes MBR-000019 because no governed role reaches bronchoscope valves."
415,LeSoc - B698LS2X30,"7/27/26, 4:29 PM AccessGUDID - (&quot;Monarch Bronchoscope&quot;)",Not stated in source,AccessGUDID - (&quot;Monarch Bronchoscope&quot;)2.pdf,PDF page index 1; unrelated AccessGUDID search-result hit,irrelevant_to_current_scope,,,irrelevant_to_current_scope,high,irrelevant_to_current_scope,"Hallucinated extraction from an unrelated MONARCH LABS wound-product search result (LeSoc B698LS2X30), not a bronchoscopy product."
416,MON-000008-RFB,"Monarch Platform, Bronchoscopy 4.1, Refurbished","Auris Health, Inc.",AccessGUDID - (&quot;Monarch Bronchoscope&quot;3).pdf,"PDF page index 2; printed p. 2/2, AccessGUDID refurbished platform row",existing_family_or_package_variant,PRD-09AB6CA202,MON-000008,existing_family_or_package_variant,moderate,existing_family_or_package_variant,Exact refurbished procurement variant; repository policy deliberately models the canonical platform rather than separate -RFB procurement rows.
417,10000769,The Galaxy System Bronchoscope,Noah Medical Corporation,AccessGUDID - (&quot;Monarch Bronchoscope&quot;3).pdf,"device.txt, PrimaryDI 00850048825000",existing_alias_or_format_variant,PRD-EF46DA3FE4,10000769,existing_alias_or_format_variant,high,existing_alias_or_format_variant,
418,Aliya EX Generator,Aliya EX Generator,Galvanize Therapeutics,Aliya System – Galvanize.pdf,Aliya System product page,existing_alias_or_format_variant,PRD-401A185759,,existing_alias_or_format_variant,high,existing_alias_or_format_variant,
419,Not stated in source,Aliya EX Generator,Galvanize Therapeutics,Aliya System – Galvanize.pdf,Aliya System product page,duplicate_source_row,PRD-401A185759,,duplicate_source_row,high,duplicate_source_row,Repeated canonical identity or family already represented by another assigned input row.
420,Aliya PEF System,Aliya PEF System,Galvanize Therapeutics,Aliya System – Galvanize.pdf,Aliya System product page,existing_alias_or_format_variant,PRD-792DBA7A57,,existing_alias_or_format_variant,high,existing_alias_or_format_variant,
421,Not stated in source,Aliya PEF System,Galvanize Therapeutics,Aliya System – Galvanize.pdf,Aliya System product page,duplicate_source_row,PRD-792DBA7A57,,duplicate_source_row,high,duplicate_source_row,Repeated canonical identity or family already represented by another assigned input row.
422,INUMI Flex Needle,INUMI Flex Needle,Galvanize Therapeutics,Aliya System – Galvanize.pdf,Aliya System product page,existing_alias_or_format_variant,PRD-50C32D45B1,,existing_alias_or_format_variant,high,existing_alias_or_format_variant,
423,Not stated in source,INUMI Flex Needle,Galvanize Therapeutics,Aliya System – Galvanize.pdf,Aliya System product page,duplicate_source_row,PRD-50C32D45B1,,duplicate_source_row,high,duplicate_source_row,Repeated canonical identity or family already represented by another assigned input row.
424,ARIETTA A850,ARIETTA A850 Ultrasound Imaging System,Hitachi / FUJIFILM Healthcare,ARIETTA-A850_Brochure_EN_53045.pdf,PDF page index 1 cover identifies ALOKA ARIETTA 850; PDF index 6 / printed pp. 10-11 shows broad ultrasound applications/system,irrelevant_to_current_scope,,,irrelevant_to_current_scope,high,irrelevant_to_current_scope,"The source calls the system ALOKA ARIETTA 850 (not 'ARIETTA A850') and contains no bronchoscopy, endoscopic-ultrasound, or EB-series compatibility evidence. It is distinct from current ARIETTA 750 FF ENDO; prior governed research also excludes ARIETTA 850 FF ENDO because its compatibility table lists EG-series GI scopes, not EB-530US."
425,LBL-007438,aScope 4 Broncho Single-Use Bronchoscope,Ambu,aScope-4-Broncho-Datasheets.pdf,Flexible bronchoscopy platforms!7,source_evidence_conflicted,PRD-A6CF0E2BA4,476101000,source_evidence_conflicted,low,source_evidence_conflicted,"LBL value is the datasheet revision/control number, not the product SKU. The same page prints exact US product number 476101000, already governed."
426,LBL-007439,aScope 4 Broncho Single-Use Bronchoscope,Ambu,aScope-4-Broncho-Datasheets.pdf,Flexible bronchoscopy platforms!8,source_evidence_conflicted,PRD-F2C87C4908,477101000,source_evidence_conflicted,low,source_evidence_conflicted,"LBL value is the datasheet revision/control number, not the product SKU. The same page prints exact US product number 477101000, already governed."
427,LBL-007440,aScope 4 Broncho Single-Use Bronchoscope,Ambu,aScope-4-Broncho-Datasheets.pdf,Flexible bronchoscopy platforms!9,source_evidence_conflicted,PRD-E907C0EB2E,478101000,source_evidence_conflicted,low,source_evidence_conflicted,"LBL value is the datasheet revision/control number, not the product SKU. The same page prints exact US product number 478101000, already governed."
428,620001000US,aScope 5 Broncho Single-Use Bronchoscope,Ambu,aScope-5-Broncho-Datasheets.pdf,pp. 54-57,existing_exact,PRD-362650CAB3,620001000US,existing_exact,high,existing_exact,
429,621001000US,aScope 5 Broncho Single-Use Bronchoscope,Ambu,aScope-5-Broncho-Datasheets.pdf,pp. 54-57,existing_exact,PRD-B5A820BB11,621001000US,existing_exact,high,existing_exact,
430,622001000US,aScope 5 Broncho Single-Use Bronchoscope,Ambu,aScope-5-Broncho-Datasheets.pdf,pp. 54-57,existing_exact,PRD-F60C3305B4,622001000US,existing_exact,high,existing_exact,
431,624001000US,aScope 5 Broncho Single-Use Bronchoscope,Ambu,aScope-5-Broncho-Datasheets.pdf,pp. 54-57,existing_exact,PRD-950BF5E893,624001000US,existing_exact,high,existing_exact,
432,Not stated in source,Ambu aScope 4 Broncho Quick Reference Guide Product,Ambu,aScope_Broncho_Quick_Guide (1).pdf,,existing_family_or_package_variant,,,existing_family_or_package_variant,moderate,existing_family_or_package_variant,Quick-guide family row has no exact SKU; exact governed family configurations already exist.
433,Not stated in source,Ambu aView / aBox Bronchoscopy Display and Processing Unit,Ambu,aScope_Broncho_Quick_Guide.pdf,,existing_family_or_package_variant,,,existing_family_or_package_variant,moderate,existing_family_or_package_variant,Quick-guide family row has no exact SKU; exact governed family configurations already exist.
434,MED-114-FOR,Bronch Biopsy Forceps,Thoracent,Biopsy Forceps - Pulmonary - Thoracent.pdf,Product list 2025!thoracent,existing_alias_or_format_variant,PRD-BA02119C36,MED-114-FOR,existing_alias_or_format_variant,high,existing_alias_or_format_variant,
435,BCC1,BLAKE Cardio Connector,Ethicon / Johnson & Johnson,BLAKE-Drains-Brochure-050018-210310.pdf,Document p. not stated (PDF page 10),irrelevant_to_current_scope,,,generic_postoperative_reservoir_adapter_or_cardiac_connector_not_pleural_specific,high,generic_postoperative_reservoir_adapter_or_cardiac_connector_not_pleural_specific,
436,BCC2,BLAKE Cardio Connector,Ethicon / Johnson & Johnson,BLAKE-Drains-Brochure-050018-210310.pdf,Document p. not stated (PDF page 10),irrelevant_to_current_scope,,,generic_postoperative_reservoir_adapter_or_cardiac_connector_not_pleural_specific,high,generic_postoperative_reservoir_adapter_or_cardiac_connector_not_pleural_specific,
437,BCC3,BLAKE Cardio Connector,Ethicon / Johnson & Johnson,BLAKE-Drains-Brochure-050018-210310.pdf,Document p. not stated (PDF page 10),irrelevant_to_current_scope,,,generic_postoperative_reservoir_adapter_or_cardiac_connector_not_pleural_specific,high,generic_postoperative_reservoir_adapter_or_cardiac_connector_not_pleural_specific,
438,2210,"BLAKE Silicone Drain (Flat, Full, or 3/4-Fluted)",Ethicon / Johnson & Johnson,BLAKE-Drains-Brochure-050018-210310.pdf,Document p. not stated (PDF page 10),existing_exact,PRD-FD3915EF93,2210,exact_identifier,high,exact_identifier,
439,2211,"BLAKE Silicone Drain (Flat, Full, or 3/4-Fluted)",Ethicon / Johnson & Johnson,BLAKE-Drains-Brochure-050018-210310.pdf,Document p. not stated (PDF page 10),new_product_added,PRD-85FA8619AC,2211,proposed_high_confidence_exact_id,high,proposed_high_confidence_exact_id,Proposed addition; not yet applied by this read-only agent.
440,2212,"BLAKE Silicone Drain (Flat, Full, or 3/4-Fluted)",Ethicon / Johnson & Johnson,BLAKE-Drains-Brochure-050018-210310.pdf,Document p. not stated (PDF page 10),new_product_added,PRD-781BCEA88E,2212,proposed_high_confidence_exact_id,high,proposed_high_confidence_exact_id,Proposed addition; not yet applied by this read-only agent.
441,2213,"BLAKE Silicone Drain (Flat, Full, or 3/4-Fluted)",Ethicon / Johnson & Johnson,BLAKE-Drains-Brochure-050018-210310.pdf,Document p. not stated (PDF page 10),new_product_added,PRD-FAEB7ED380,2213,proposed_high_confidence_exact_id,high,proposed_high_confidence_exact_id,Proposed addition; not yet applied by this read-only agent.
442,2214,"BLAKE Silicone Drain (Flat, Full, or 3/4-Fluted)",Ethicon / Johnson & Johnson,BLAKE-Drains-Brochure-050018-210310.pdf,Document p. not stated (PDF page 10),new_product_added,PRD-7CD11761AB,2214,proposed_high_confidence_exact_id,high,proposed_high_confidence_exact_id,Proposed addition; not yet applied by this read-only agent.
443,2215,"BLAKE Silicone Drain (Flat, Full, or 3/4-Fluted)",Ethicon / Johnson & Johnson,BLAKE-Drains-Brochure-050018-210310.pdf,Document p. not stated (PDF page 10),existing_exact,PRD-36D0F6CBA0,2215,exact_identifier,high,exact_identifier,
444,2216,"BLAKE Silicone Drain (Flat, Full, or 3/4-Fluted)",Ethicon / Johnson & Johnson,BLAKE-Drains-Brochure-050018-210310.pdf,Document p. not stated (PDF page 10),new_product_added,PRD-7904481858,2216,proposed_high_confidence_exact_id,high,proposed_high_confidence_exact_id,Proposed addition; not yet applied by this read-only agent.
445,2217,"BLAKE Silicone Drain (Flat, Full, or 3/4-Fluted)",Ethicon / Johnson & Johnson,BLAKE-Drains-Brochure-050018-210310.pdf,Document p. not stated (PDF page 10),new_product_added,PRD-CB680CD69F,2217,proposed_high_confidence_exact_id,high,proposed_high_confidence_exact_id,Proposed addition; not yet applied by this read-only agent.
446,2226,BLAKE Silicone Drain (Round Hubless),Ethicon / Johnson & Johnson,BLAKE-Drains-Brochure-050018-210310.pdf,Document p. not stated (PDF page 10),existing_exact,PRD-27CF357590,2226,exact_identifier,high,exact_identifier,
447,2227,BLAKE Silicone Drain (Round Hubless),Ethicon / Johnson & Johnson,BLAKE-Drains-Brochure-050018-210310.pdf,Document p. not stated (PDF page 10),existing_exact,PRD-2CE58D8A14,2227,exact_identifier,high,exact_identifier,
448,2228,BLAKE Silicone Drain (Round Hubless),Ethicon / Johnson & Johnson,BLAKE-Drains-Brochure-050018-210310.pdf,Document p. not stated (PDF page 10),new_product_added,PRD-971388D340,2228,proposed_high_confidence_exact_id,high,proposed_high_confidence_exact_id,Proposed addition; not yet applied by this read-only agent.
449,2229,BLAKE Silicone Drain (Round Hubless),Ethicon / Johnson & Johnson,BLAKE-Drains-Brochure-050018-210310.pdf,Document p. not stated (PDF page 10),new_product_added,PRD-315E7FA242,2229,proposed_high_confidence_exact_id,high,proposed_high_confidence_exact_id,Proposed addition; not yet applied by this read-only agent.
450,2230,BLAKE Silicone Drain (Round Hubless),Ethicon / Johnson & Johnson,BLAKE-Drains-Brochure-050018-210310.pdf,Document p. not stated (PDF page 10),existing_exact,PRD-1CBA97E863,2230,exact_identifier,high,exact_identifier,
451,2231,BLAKE Silicone Drain (Round Hubless),Ethicon / Johnson & Johnson,BLAKE-Drains-Brochure-050018-210310.pdf,Document p. not stated (PDF page 10),new_product_added,PRD-8EAE6762FF,2231,proposed_high_confidence_exact_id,high,proposed_high_confidence_exact_id,Proposed addition; not yet applied by this read-only agent.
452,2232,BLAKE Silicone Drain (Round Hubless),Ethicon / Johnson & Johnson,BLAKE-Drains-Brochure-050018-210310.pdf,Document p. not stated (PDF page 10),new_product_added,PRD-98EB75029F,2232,proposed_high_confidence_exact_id,high,proposed_high_confidence_exact_id,Proposed addition; not yet applied by this read-only agent.
453,2233,BLAKE Silicone Drain (Round Hubless),Ethicon / Johnson & Johnson,BLAKE-Drains-Brochure-050018-210310.pdf,Document p. not stated (PDF page 10),new_product_added,PRD-BE310A3547,2233,proposed_high_confidence_exact_id,high,proposed_high_confidence_exact_id,Proposed addition; not yet applied by this read-only agent.
454,2234,BLAKE Silicone Drain (Round Hubless),Ethicon / Johnson & Johnson,BLAKE-Drains-Brochure-050018-210310.pdf,Document p. not stated (PDF page 10),new_product_added,PRD-D4EABEA7CA,2234,proposed_high_confidence_exact_id,high,proposed_high_confidence_exact_id,Proposed addition; not yet applied by this read-only agent.
455,2199,J-VAC Drain Adapter,Ethicon / Johnson & Johnson,BLAKE-Drains-Brochure-050018-210310.pdf,Document p. not stated (PDF page 10),irrelevant_to_current_scope,,,generic_postoperative_reservoir_adapter_or_cardiac_connector_not_pleural_specific,high,generic_postoperative_reservoir_adapter_or_cardiac_connector_not_pleural_specific,
456,2209,J-VAC Drain Adapter,Ethicon / Johnson & Johnson,BLAKE-Drains-Brochure-050018-210310.pdf,Document p. not stated (PDF page 10),irrelevant_to_current_scope,,,generic_postoperative_reservoir_adapter_or_cardiac_connector_not_pleural_specific,high,generic_postoperative_reservoir_adapter_or_cardiac_connector_not_pleural_specific,
457,2298,J-VAC Drain Adapter,Ethicon / Johnson & Johnson,BLAKE-Drains-Brochure-050018-210310.pdf,Document p. not stated (PDF page 10),irrelevant_to_current_scope,,,generic_postoperative_reservoir_adapter_or_cardiac_connector_not_pleural_specific,high,generic_postoperative_reservoir_adapter_or_cardiac_connector_not_pleural_specific,
458,2160,J-VAC Suction Reservoir,Ethicon / Johnson & Johnson,BLAKE-Drains-Brochure-050018-210310.pdf,Document p. not stated (PDF page 10),irrelevant_to_current_scope,,,generic_postoperative_reservoir_adapter_or_cardiac_connector_not_pleural_specific,high,generic_postoperative_reservoir_adapter_or_cardiac_connector_not_pleural_specific,
459,2161,J-VAC Suction Reservoir,Ethicon / Johnson & Johnson,BLAKE-Drains-Brochure-050018-210310.pdf,Document p. not stated (PDF page 10),irrelevant_to_current_scope,,,generic_postoperative_reservoir_adapter_or_cardiac_connector_not_pleural_specific,high,generic_postoperative_reservoir_adapter_or_cardiac_connector_not_pleural_specific,
460,2162,J-VAC Suction Reservoir,Ethicon / Johnson & Johnson,BLAKE-Drains-Brochure-050018-210310.pdf,Document p. not stated (PDF page 10),irrelevant_to_current_scope,,,generic_postoperative_reservoir_adapter_or_cardiac_connector_not_pleural_specific,high,generic_postoperative_reservoir_adapter_or_cardiac_connector_not_pleural_specific,
461,2163,J-VAC Suction Reservoir,Ethicon / Johnson & Johnson,BLAKE-Drains-Brochure-050018-210310.pdf,Document p. not stated (PDF page 10),irrelevant_to_current_scope,,,generic_postoperative_reservoir_adapter_or_cardiac_connector_not_pleural_specific,high,generic_postoperative_reservoir_adapter_or_cardiac_connector_not_pleural_specific,
462,G57704,Blue Rhino G2-Multi Percutaneous Tracheostomy Introducer Set/Tray,Cook Medical,Blue Rhino® G2-Multi Percutaneous Tracheostomy Introducer Sets and Trays _ Cook Medical.pdf,Document p. 6/66 (PDF page 6),existing_exact,PRD-8446D3EB4E,G57704,exact_identifier,high,exact_identifier,
463,G57706,Blue Rhino G2-Multi Percutaneous Tracheostomy Introducer Set/Tray,Cook Medical,Blue Rhino® G2-Multi Percutaneous Tracheostomy Introducer Sets and Trays _ Cook Medical.pdf,Document p. 9/66 (PDF page 9),existing_exact,PRD-C4C8CC5CF5,G57706,exact_identifier,high,exact_identifier,
464,G57716,Blue Rhino G2-Multi Percutaneous Tracheostomy Introducer Set/Tray,Cook Medical,Blue Rhino® G2-Multi Percutaneous Tracheostomy Introducer Sets and Trays _ Cook Medical.pdf,Document p. 12/66 (PDF page 12),new_product_added,PRD-320FF77256,G57716,proposed_high_confidence_exact_id,high,proposed_high_confidence_exact_id,Proposed addition; not yet applied by this read-only agent.
465,G57717,Blue Rhino G2-Multi Percutaneous Tracheostomy Introducer Set/Tray,Cook Medical,Blue Rhino® G2-Multi Percutaneous Tracheostomy Introducer Sets and Trays _ Cook Medical.pdf,Document p. 16/66 (PDF page 16),new_product_added,PRD-B027947191,G57717,proposed_high_confidence_exact_id,high,proposed_high_confidence_exact_id,Proposed addition; not yet applied by this read-only agent.
466,G57718,Blue Rhino G2-Multi Percutaneous Tracheostomy Introducer Set/Tray,Cook Medical,Blue Rhino® G2-Multi Percutaneous Tracheostomy Introducer Sets and Trays _ Cook Medical.pdf,Document p. 19/66 (PDF page 19),new_product_added,PRD-C61336D16B,G57718,proposed_high_confidence_exact_id,high,proposed_high_confidence_exact_id,Proposed addition; not yet applied by this read-only agent.
467,C-PTISY-100-HC-G- NA,"Instructions MR Loading Dilator(s) Tracheostomy Tub - N/A; 7.5, 8.5, 9.0; Not included Cookie Settings",Cook Medical,Blue Rhino® G2-Multi Percutaneous Tracheostomy Introducer Sets and Trays _ Cook Medical.pdf,Document p. 2/66 (PDF page 2),existing_alias_or_format_variant,PRD-6AAA7898E9,G57703,official_reference_part_number_maps_to_existing_order_number,high,official_reference_part_number_maps_to_existing_order_number,
468,G57703,"Instructions MR Loading Dilator(s) Tracheostomy Tub - N/A; 7.5, 8.5, 9.0; Not included Cookie Settings",Cook Medical,Blue Rhino® G2-Multi Percutaneous Tracheostomy Introducer Sets and Trays _ Cook Medical.pdf,Document p. 2/66 (PDF page 2),existing_exact,PRD-6AAA7898E9,G57703,exact_identifier,high,exact_identifier,
469,02841S,DUMON BD Silicone Airway Stent,Novatech,BMP-MR-PCA-Interventional_Pulmonology_EN.pdf,pp. 12-13,existing_exact,PRD-7C4A3CE094,02841S,existing_exact,high,existing_exact,
470,03721S,DUMON BD Silicone Airway Stent,Novatech,BMP-MR-PCA-Interventional_Pulmonology_EN.pdf,pp. 12-13,existing_exact,PRD-E04E24D3CD,03721S,existing_exact,high,existing_exact,
471,03741S,DUMON BD Silicone Airway Stent,Novatech,BMP-MR-PCA-Interventional_Pulmonology_EN.pdf,pp. 12-13,existing_exact,PRD-B226B5873B,03741S,existing_exact,high,existing_exact,
472,03761S,DUMON BD Silicone Airway Stent,Novatech,BMP-MR-PCA-Interventional_Pulmonology_EN.pdf,pp. 12-13,existing_exact,PRD-3D383F0834,03761S,existing_exact,high,existing_exact,
473,03781S,DUMON BD Silicone Airway Stent,Novatech,BMP-MR-PCA-Interventional_Pulmonology_EN.pdf,pp. 12-13,existing_exact,PRD-7C4B36F5CB,03781S,existing_exact,high,existing_exact,
474,03801S,DUMON BD Silicone Airway Stent,Novatech,BMP-MR-PCA-Interventional_Pulmonology_EN.pdf,pp. 12-13,existing_exact,PRD-A9C2F393B9,03801S,existing_exact,high,existing_exact,
475,03821S,DUMON BD Silicone Airway Stent,Novatech,BMP-MR-PCA-Interventional_Pulmonology_EN.pdf,pp. 12-13,existing_exact,PRD-231DEF421E,03821S,existing_exact,high,existing_exact,
476,03841S,DUMON BD Silicone Airway Stent,Novatech,BMP-MR-PCA-Interventional_Pulmonology_EN.pdf,pp. 12-13,existing_exact,PRD-5AD92B5438,03841S,existing_exact,high,existing_exact,
477,03861S,DUMON BD Silicone Airway Stent,Novatech,BMP-MR-PCA-Interventional_Pulmonology_EN.pdf,pp. 12-13,existing_exact,PRD-241E54356E,03861S,existing_exact,high,existing_exact,
478,03881S,DUMON BD Silicone Airway Stent,Novatech,BMP-MR-PCA-Interventional_Pulmonology_EN.pdf,pp. 12-13,existing_exact,PRD-42804464C2,03881S,existing_exact,high,existing_exact,
479,03901S,DUMON BD Silicone Airway Stent,Novatech,BMP-MR-PCA-Interventional_Pulmonology_EN.pdf,pp. 12-13,existing_exact,PRD-408A683593,03901S,existing_exact,high,existing_exact,
480,03921S,DUMON BD Silicone Airway Stent,Novatech,BMP-MR-PCA-Interventional_Pulmonology_EN.pdf,pp. 12-13,existing_exact,PRD-CEFAA61748,03921S,existing_exact,high,existing_exact,
481,03961S,DUMON BD Silicone Airway Stent,Novatech,BMP-MR-PCA-Interventional_Pulmonology_EN.pdf,pp. 12-13,existing_exact,PRD-D76BFAD4AA,03961S,existing_exact,high,existing_exact,
482,03981S,DUMON BD Silicone Airway Stent,Novatech,BMP-MR-PCA-Interventional_Pulmonology_EN.pdf,pp. 12-13,existing_exact,PRD-66935DEE7B,03981S,existing_exact,high,existing_exact,
483,04001S,DUMON BD Silicone Airway Stent,Novatech,BMP-MR-PCA-Interventional_Pulmonology_EN.pdf,pp. 12-13,existing_exact,PRD-15E6B259A7,04001S,existing_exact,high,existing_exact,
484,04021S,DUMON BD Silicone Airway Stent,Novatech,BMP-MR-PCA-Interventional_Pulmonology_EN.pdf,pp. 12-13,existing_exact,PRD-2E1A3E4B68,04021S,existing_exact,high,existing_exact,
485,04041S,DUMON BD Silicone Airway Stent,Novatech,BMP-MR-PCA-Interventional_Pulmonology_EN.pdf,pp. 12-13,existing_exact,PRD-3FF143180F,04041S,existing_exact,high,existing_exact,
486,04051S,DUMON BD Silicone Airway Stent,Novatech,BMP-MR-PCA-Interventional_Pulmonology_EN.pdf,pp. 12-13,existing_exact,PRD-48CBAB53FF,04051S,existing_exact,high,existing_exact,
487,04341S,DUMON BD Silicone Airway Stent,Novatech,BMP-MR-PCA-Interventional_Pulmonology_EN.pdf,pp. 12-13,existing_exact,PRD-457AC85266,04341S,existing_exact,high,existing_exact,
488,04371S,DUMON BD Silicone Airway Stent,Novatech,BMP-MR-PCA-Interventional_Pulmonology_EN.pdf,pp. 12-13,existing_exact,PRD-9CE6425CE0,04371S,existing_exact,high,existing_exact,
489,04391S,DUMON BD Silicone Airway Stent,Novatech,BMP-MR-PCA-Interventional_Pulmonology_EN.pdf,pp. 12-13,existing_exact,PRD-863ABAE464,04391S,existing_exact,high,existing_exact,
490,04411S,DUMON BD Silicone Airway Stent,Novatech,BMP-MR-PCA-Interventional_Pulmonology_EN.pdf,pp. 12-13,existing_exact,PRD-65A15D079A,04411S,existing_exact,high,existing_exact,
491,04421S,DUMON BD Silicone Airway Stent,Novatech,BMP-MR-PCA-Interventional_Pulmonology_EN.pdf,pp. 12-13,existing_exact,PRD-5ACC570E45,04421S,existing_exact,high,existing_exact,
492,09011S,DUMON ST Hourglass Silicone Stent,Novatech,BMP-MR-PCA-Interventional_Pulmonology_EN.pdf,p. 14,existing_exact,PRD-70B22ED90D,09011S,existing_exact,high,existing_exact,
493,09031S,DUMON ST Hourglass Silicone Stent,Novatech,BMP-MR-PCA-Interventional_Pulmonology_EN.pdf,p. 14,existing_exact,PRD-D630FEC072,09031S,existing_exact,high,existing_exact,
494,09041S,DUMON ST Hourglass Silicone Stent,Novatech,BMP-MR-PCA-Interventional_Pulmonology_EN.pdf,p. 14,existing_exact,PRD-32BD35D821,09041S,existing_exact,high,existing_exact,
495,09051S,DUMON ST Hourglass Silicone Stent,Novatech,BMP-MR-PCA-Interventional_Pulmonology_EN.pdf,p. 14,existing_exact,PRD-CB29EF7937,09051S,existing_exact,high,existing_exact,
496,03001S,DUMON TD Silicone Airway Stent,Novatech,BMP-MR-PCA-Interventional_Pulmonology_EN.pdf,pp. 12-13,existing_exact,PRD-F0279D2028,03001S,existing_exact,high,existing_exact,
497,03021S,DUMON TD Silicone Airway Stent,Novatech,BMP-MR-PCA-Interventional_Pulmonology_EN.pdf,pp. 12-13,existing_exact,PRD-F63C06E063,03021S,existing_exact,high,existing_exact,
498,03041S,DUMON TD Silicone Airway Stent,Novatech,BMP-MR-PCA-Interventional_Pulmonology_EN.pdf,pp. 12-13,existing_exact,PRD-FCAC63DE74,03041S,existing_exact,high,existing_exact,
499,03061S,DUMON TD Silicone Airway Stent,Novatech,BMP-MR-PCA-Interventional_Pulmonology_EN.pdf,pp. 12-13,existing_exact,PRD-5A54E4A232,03061S,existing_exact,high,existing_exact,
500,03081S,DUMON TD Silicone Airway Stent,Novatech,BMP-MR-PCA-Interventional_Pulmonology_EN.pdf,pp. 12-13,existing_exact,PRD-DA69A8016A,03081S,existing_exact,high,existing_exact,
501,03101S,DUMON TD Silicone Airway Stent,Novatech,BMP-MR-PCA-Interventional_Pulmonology_EN.pdf,pp. 12-13,existing_exact,PRD-1339050168,03101S,existing_exact,high,existing_exact,
502,03121S,DUMON TD Silicone Airway Stent,Novatech,BMP-MR-PCA-Interventional_Pulmonology_EN.pdf,pp. 12-13,existing_exact,PRD-81E1C78F57,03121S,existing_exact,high,existing_exact,
503,03141S,DUMON TD Silicone Airway Stent,Novatech,BMP-MR-PCA-Interventional_Pulmonology_EN.pdf,pp. 12-13,existing_exact,PRD-E13F890A8D,03141S,existing_exact,high,existing_exact,
504,03161S,DUMON TD Silicone Airway Stent,Novatech,BMP-MR-PCA-Interventional_Pulmonology_EN.pdf,pp. 12-13,existing_exact,PRD-E03ACFD7C6,03161S,existing_exact,high,existing_exact,
505,03181S,DUMON TD Silicone Airway Stent,Novatech,BMP-MR-PCA-Interventional_Pulmonology_EN.pdf,pp. 12-13,existing_exact,PRD-9FDA372767,03181S,existing_exact,high,existing_exact,
506,03201S,DUMON TD Silicone Airway Stent,Novatech,BMP-MR-PCA-Interventional_Pulmonology_EN.pdf,pp. 12-13,existing_exact,PRD-24BB958E53,03201S,existing_exact,high,existing_exact,
507,03221S,DUMON TD Silicone Airway Stent,Novatech,BMP-MR-PCA-Interventional_Pulmonology_EN.pdf,pp. 12-13,existing_exact,PRD-35D1C951DD,03221S,existing_exact,high,existing_exact,
508,03231S,DUMON TD Silicone Airway Stent,Novatech,BMP-MR-PCA-Interventional_Pulmonology_EN.pdf,pp. 12-13,existing_exact,PRD-8C4F3E180E,03231S,existing_exact,high,existing_exact,
509,03261S,DUMON TD Silicone Airway Stent,Novatech,BMP-MR-PCA-Interventional_Pulmonology_EN.pdf,pp. 12-13,existing_exact,PRD-7C94BF3D70,03261S,existing_exact,high,existing_exact,
510,03281S,DUMON TD Silicone Airway Stent,Novatech,BMP-MR-PCA-Interventional_Pulmonology_EN.pdf,pp. 12-13,existing_exact,PRD-50F36C0CF9,03281S,existing_exact,high,existing_exact,
511,03301S,DUMON TD Silicone Airway Stent,Novatech,BMP-MR-PCA-Interventional_Pulmonology_EN.pdf,pp. 12-13,existing_exact,PRD-57CB9C3B69,03301S,existing_exact,high,existing_exact,
512,03321S,DUMON TD Silicone Airway Stent,Novatech,BMP-MR-PCA-Interventional_Pulmonology_EN.pdf,pp. 12-13,existing_exact,PRD-0B65831FF3,03321S,existing_exact,high,existing_exact,
513,03341S,DUMON TD Silicone Airway Stent,Novatech,BMP-MR-PCA-Interventional_Pulmonology_EN.pdf,pp. 12-13,existing_exact,PRD-69CC9C6D05,03341S,existing_exact,high,existing_exact,
514,03381S,DUMON TD Silicone Airway Stent,Novatech,BMP-MR-PCA-Interventional_Pulmonology_EN.pdf,pp. 12-13,existing_exact,PRD-246C3ADE5E,03381S,existing_exact,high,existing_exact,
515,03401S,DUMON TD Silicone Airway Stent,Novatech,BMP-MR-PCA-Interventional_Pulmonology_EN.pdf,pp. 12-13,existing_exact,PRD-861D4EA14A,03401S,existing_exact,high,existing_exact,
516,03421S,DUMON TD Silicone Airway Stent,Novatech,BMP-MR-PCA-Interventional_Pulmonology_EN.pdf,pp. 12-13,existing_exact,PRD-128B8E1F80,03421S,existing_exact,high,existing_exact,
517,03441S,DUMON TD Silicone Airway Stent,Novatech,BMP-MR-PCA-Interventional_Pulmonology_EN.pdf,pp. 12-13,existing_exact,PRD-5955133BB7,03441S,existing_exact,high,existing_exact,
518,03461S,DUMON TD Silicone Airway Stent,Novatech,BMP-MR-PCA-Interventional_Pulmonology_EN.pdf,pp. 12-13,existing_exact,PRD-1C368932FF,03461S,existing_exact,high,existing_exact,
519,03491S,DUMON TD Silicone Airway Stent,Novatech,BMP-MR-PCA-Interventional_Pulmonology_EN.pdf,pp. 12-13,existing_exact,PRD-F2F9633FBF,03491S,existing_exact,high,existing_exact,
520,03501S,DUMON TD Silicone Airway Stent,Novatech,BMP-MR-PCA-Interventional_Pulmonology_EN.pdf,pp. 12-13,existing_exact,PRD-23D7DAB53A,03501S,existing_exact,high,existing_exact,
521,03531S,DUMON TD Silicone Airway Stent,Novatech,BMP-MR-PCA-Interventional_Pulmonology_EN.pdf,pp. 12-13,existing_exact,PRD-00FC2A29AC,03531S,existing_exact,high,existing_exact,
522,03541S,DUMON TD Silicone Airway Stent,Novatech,BMP-MR-PCA-Interventional_Pulmonology_EN.pdf,pp. 12-13,existing_exact,PRD-5A90A3DABC,03541S,existing_exact,high,existing_exact,
523,03551S,DUMON TD Silicone Airway Stent,Novatech,BMP-MR-PCA-Interventional_Pulmonology_EN.pdf,pp. 12-13,existing_exact,PRD-AC566D2949,03551S,existing_exact,high,existing_exact,
524,03561S,DUMON TD Silicone Airway Stent,Novatech,BMP-MR-PCA-Interventional_Pulmonology_EN.pdf,pp. 12-13,existing_exact,PRD-BE0B6A0B53,03561S,existing_exact,high,existing_exact,
525,03571S,DUMON TD Silicone Airway Stent,Novatech,BMP-MR-PCA-Interventional_Pulmonology_EN.pdf,pp. 12-13,existing_exact,PRD-8532C675A6,03571S,existing_exact,high,existing_exact,
526,03581S,DUMON TD Silicone Airway Stent,Novatech,BMP-MR-PCA-Interventional_Pulmonology_EN.pdf,pp. 12-13,existing_exact,PRD-EC55EE1E59,03581S,existing_exact,high,existing_exact,
527,03591S,DUMON TD Silicone Airway Stent,Novatech,BMP-MR-PCA-Interventional_Pulmonology_EN.pdf,pp. 12-13,existing_exact,PRD-E07985974F,03591S,existing_exact,high,existing_exact,
528,03621S,DUMON TD Silicone Airway Stent,Novatech,BMP-MR-PCA-Interventional_Pulmonology_EN.pdf,pp. 12-13,existing_exact,PRD-BE121B185B,03621S,existing_exact,high,existing_exact,
529,03641S,DUMON TD Silicone Airway Stent,Novatech,BMP-MR-PCA-Interventional_Pulmonology_EN.pdf,pp. 12-13,existing_exact,PRD-F54BF5D38E,03641S,existing_exact,high,existing_exact,
530,03661S,DUMON TD Silicone Airway Stent,Novatech,BMP-MR-PCA-Interventional_Pulmonology_EN.pdf,pp. 12-13,existing_exact,PRD-DC7E693F2A,03661S,existing_exact,high,existing_exact,
531,03681S,DUMON TD Silicone Airway Stent,Novatech,BMP-MR-PCA-Interventional_Pulmonology_EN.pdf,pp. 12-13,existing_exact,PRD-B5A96A4F81,03681S,existing_exact,high,existing_exact,
532,03701S,DUMON TD Silicone Airway Stent,Novatech,BMP-MR-PCA-Interventional_Pulmonology_EN.pdf,pp. 12-13,existing_exact,PRD-A412BD40C1,03701S,existing_exact,high,existing_exact,
533,04141S,DUMON TD Silicone Airway Stent,Novatech,BMP-MR-PCA-Interventional_Pulmonology_EN.pdf,pp. 12-13,existing_exact,PRD-DBCBF4AF27,04141S,existing_exact,high,existing_exact,
534,04151S,DUMON TD Silicone Airway Stent,Novatech,BMP-MR-PCA-Interventional_Pulmonology_EN.pdf,pp. 12-13,existing_exact,PRD-4D5E28D425,04151S,existing_exact,high,existing_exact,
535,04281S,DUMON TD Silicone Airway Stent,Novatech,BMP-MR-PCA-Interventional_Pulmonology_EN.pdf,pp. 12-13,existing_exact,PRD-44839F0522,04281S,existing_exact,high,existing_exact,
536,04291S,DUMON TD Silicone Airway Stent,Novatech,BMP-MR-PCA-Interventional_Pulmonology_EN.pdf,pp. 12-13,existing_exact,PRD-F010140B5E,04291S,existing_exact,high,existing_exact,
537,04301S,DUMON TD Silicone Airway Stent,Novatech,BMP-MR-PCA-Interventional_Pulmonology_EN.pdf,pp. 12-13,existing_exact,PRD-26A160D11E,04301S,existing_exact,high,existing_exact,
538,04311S,DUMON TD Silicone Airway Stent,Novatech,BMP-MR-PCA-Interventional_Pulmonology_EN.pdf,pp. 12-13,existing_exact,PRD-071D7736C1,04311S,existing_exact,high,existing_exact,
539,03141FS,DUMON TF Silicone Airway Stent,Novatech,BMP-MR-PCA-Interventional_Pulmonology_EN.pdf,pp. 12-13,existing_exact,PRD-1F9597C1B1,03141FS,existing_exact,high,existing_exact,
540,03161FS,DUMON TF Silicone Airway Stent,Novatech,BMP-MR-PCA-Interventional_Pulmonology_EN.pdf,pp. 12-13,existing_exact,PRD-94C76DB87E,03161FS,existing_exact,high,existing_exact,
541,03261FS,DUMON TF Silicone Airway Stent,Novatech,BMP-MR-PCA-Interventional_Pulmonology_EN.pdf,pp. 12-13,existing_exact,PRD-946F2F821B,03261FS,existing_exact,high,existing_exact,
542,03281FS,DUMON TF Silicone Airway Stent,Novatech,BMP-MR-PCA-Interventional_Pulmonology_EN.pdf,pp. 12-13,existing_exact,PRD-704850C991,03281FS,existing_exact,high,existing_exact,
543,03301FS,DUMON TF Silicone Airway Stent,Novatech,BMP-MR-PCA-Interventional_Pulmonology_EN.pdf,pp. 12-13,existing_exact,PRD-394135E376,03301FS,existing_exact,high,existing_exact,
544,03321FS,DUMON TF Silicone Airway Stent,Novatech,BMP-MR-PCA-Interventional_Pulmonology_EN.pdf,pp. 12-13,existing_exact,PRD-014290DBD6,03321FS,existing_exact,high,existing_exact,
545,03341FS,DUMON TF Silicone Airway Stent,Novatech,BMP-MR-PCA-Interventional_Pulmonology_EN.pdf,pp. 12-13,existing_exact,PRD-83292E8BA3,03341FS,existing_exact,high,existing_exact,
546,03381FS,DUMON TF Silicone Airway Stent,Novatech,BMP-MR-PCA-Interventional_Pulmonology_EN.pdf,pp. 12-13,existing_exact,PRD-E91BAEC04F,03381FS,existing_exact,high,existing_exact,
547,03401FS,DUMON TF Silicone Airway Stent,Novatech,BMP-MR-PCA-Interventional_Pulmonology_EN.pdf,pp. 12-13,existing_exact,PRD-B4AC755EAE,03401FS,existing_exact,high,existing_exact,
548,03421FS,DUMON TF Silicone Airway Stent,Novatech,BMP-MR-PCA-Interventional_Pulmonology_EN.pdf,pp. 12-13,existing_exact,PRD-ACB6E2620B,03421FS,existing_exact,high,existing_exact,
549,03441FS,DUMON TF Silicone Airway Stent,Novatech,BMP-MR-PCA-Interventional_Pulmonology_EN.pdf,pp. 12-13,existing_exact,PRD-39EB1A695C,03441FS,existing_exact,high,existing_exact,
550,03461FS,DUMON TF Silicone Airway Stent,Novatech,BMP-MR-PCA-Interventional_Pulmonology_EN.pdf,pp. 12-13,existing_exact,PRD-C4EB1DBADB,03461FS,existing_exact,high,existing_exact,
551,03641FS,DUMON TF Silicone Airway Stent,Novatech,BMP-MR-PCA-Interventional_Pulmonology_EN.pdf,pp. 12-13,existing_exact,PRD-6A9E4504F4,03641FS,existing_exact,high,existing_exact,
552,03661FS,DUMON TF Silicone Airway Stent,Novatech,BMP-MR-PCA-Interventional_Pulmonology_EN.pdf,pp. 12-13,existing_exact,PRD-FE7880EF7E,03661FS,existing_exact,high,existing_exact,
553,03681FS,DUMON TF Silicone Airway Stent,Novatech,BMP-MR-PCA-Interventional_Pulmonology_EN.pdf,pp. 12-13,existing_exact,PRD-81D89E1E76,03681FS,existing_exact,high,existing_exact,
554,03701FS,DUMON TF Silicone Airway Stent,Novatech,BMP-MR-PCA-Interventional_Pulmonology_EN.pdf,pp. 12-13,existing_exact,PRD-29DCCCAF2B,03701FS,existing_exact,high,existing_exact,
555,04141FS,DUMON TF Silicone Airway Stent,Novatech,BMP-MR-PCA-Interventional_Pulmonology_EN.pdf,pp. 12-13,existing_exact,PRD-48EEBAD727,04141FS,existing_exact,high,existing_exact,
556,04151FS,DUMON TF Silicone Airway Stent,Novatech,BMP-MR-PCA-Interventional_Pulmonology_EN.pdf,pp. 12-13,existing_exact,PRD-C7B4627CB2,04151FS,existing_exact,high,existing_exact,
557,04161FS,DUMON TF Silicone Airway Stent,Novatech,BMP-MR-PCA-Interventional_Pulmonology_EN.pdf,pp. 12-13,existing_exact,PRD-44A6CBF184,04161FS,existing_exact,high,existing_exact,
558,04171FS,DUMON TF Silicone Airway Stent,Novatech,BMP-MR-PCA-Interventional_Pulmonology_EN.pdf,pp. 12-13,existing_exact,PRD-FA325AD5F8,04171FS,existing_exact,high,existing_exact,
559,04181FS,DUMON TF Silicone Airway Stent,Novatech,BMP-MR-PCA-Interventional_Pulmonology_EN.pdf,pp. 12-13,existing_exact,PRD-87011FE827,04181FS,existing_exact,high,existing_exact,
560,04191FS,DUMON TF Silicone Airway Stent,Novatech,BMP-MR-PCA-Interventional_Pulmonology_EN.pdf,pp. 12-13,existing_exact,PRD-0D2C2802C8,04191FS,existing_exact,high,existing_exact,
561,04201FS,DUMON TF Silicone Airway Stent,Novatech,BMP-MR-PCA-Interventional_Pulmonology_EN.pdf,pp. 12-13,existing_exact,PRD-7359DC8555,04201FS,existing_exact,high,existing_exact,
562,04231FS,DUMON TF Silicone Airway Stent,Novatech,BMP-MR-PCA-Interventional_Pulmonology_EN.pdf,pp. 12-13,existing_exact,PRD-6BE691A444,04231FS,existing_exact,high,existing_exact,
563,04241FS,DUMON TF Silicone Airway Stent,Novatech,BMP-MR-PCA-Interventional_Pulmonology_EN.pdf,pp. 12-13,existing_exact,PRD-2C8EBB26DF,04241FS,existing_exact,high,existing_exact,
564,04251FS,DUMON TF Silicone Airway Stent,Novatech,BMP-MR-PCA-Interventional_Pulmonology_EN.pdf,pp. 12-13,existing_exact,PRD-26349CF364,04251FS,existing_exact,high,existing_exact,
565,04261FS,DUMON TF Silicone Airway Stent,Novatech,BMP-MR-PCA-Interventional_Pulmonology_EN.pdf,pp. 12-13,existing_exact,PRD-64B1BB919D,04261FS,existing_exact,high,existing_exact,
566,04271FS,DUMON TF Silicone Airway Stent,Novatech,BMP-MR-PCA-Interventional_Pulmonology_EN.pdf,pp. 12-13,existing_exact,PRD-32203FFD61,04271FS,existing_exact,high,existing_exact,
567,04281FS,DUMON TF Silicone Airway Stent,Novatech,BMP-MR-PCA-Interventional_Pulmonology_EN.pdf,pp. 12-13,existing_exact,PRD-6AE3D5D976,04281FS,existing_exact,high,existing_exact,
568,04291FS,DUMON TF Silicone Airway Stent,Novatech,BMP-MR-PCA-Interventional_Pulmonology_EN.pdf,pp. 12-13,existing_exact,PRD-ACF77D4FD4,04291FS,existing_exact,high,existing_exact,
569,04301FS,DUMON TF Silicone Airway Stent,Novatech,BMP-MR-PCA-Interventional_Pulmonology_EN.pdf,pp. 12-13,existing_exact,PRD-08C3139357,04301FS,existing_exact,high,existing_exact,
570,04431FS,DUMON TF Silicone Airway Stent,Novatech,BMP-MR-PCA-Interventional_Pulmonology_EN.pdf,pp. 12-13,existing_exact,PRD-FD2FA688FB,04431FS,existing_exact,high,existing_exact,
571,04441FS,DUMON TF Silicone Airway Stent,Novatech,BMP-MR-PCA-Interventional_Pulmonology_EN.pdf,pp. 12-13,existing_exact,PRD-F527A8F44E,04441FS,existing_exact,high,existing_exact,
572,04451FS,DUMON TF Silicone Airway Stent,Novatech,BMP-MR-PCA-Interventional_Pulmonology_EN.pdf,pp. 12-13,existing_exact,PRD-102569C82C,04451FS,existing_exact,high,existing_exact,
573,91011S,DUMON Y Bifurcation Silicone Stent,Novatech,BMP-MR-PCA-Interventional_Pulmonology_EN.pdf,p. 14,existing_exact,PRD-E00759020E,91011S,existing_exact,high,existing_exact,
574,92011S,DUMON Y Bifurcation Silicone Stent,Novatech,BMP-MR-PCA-Interventional_Pulmonology_EN.pdf,p. 14,existing_exact,PRD-6A53041E10,92011S,existing_exact,high,existing_exact,
575,93011S,DUMON Y Bifurcation Silicone Stent,Novatech,BMP-MR-PCA-Interventional_Pulmonology_EN.pdf,p. 14,existing_exact,PRD-E9AD59995F,93011S,existing_exact,high,existing_exact,
576,94011S,DUMON Y Bifurcation Silicone Stent,Novatech,BMP-MR-PCA-Interventional_Pulmonology_EN.pdf,p. 14,existing_exact,PRD-7A1E356519,94011S,existing_exact,high,existing_exact,
577,02BRD9107,DUTAU NOVATECH Axial Cap - 10.2 mm,Novatech,BMP-MR-PCA-Interventional_Pulmonology_EN.pdf,p. 25,existing_exact,PRD-D5CBD6E254,02BRD9107,existing_exact,high,existing_exact,
578,02BRD9108,DUTAU NOVATECH Axial Cap - 12.3 mm,Novatech,BMP-MR-PCA-Interventional_Pulmonology_EN.pdf,p. 25,existing_exact,PRD-5BA5F9BD46,02BRD9108,existing_exact,high,existing_exact,
579,02BRD9156,DUTAU NOVATECH Lateral Cap - 1.8 mm,Novatech,BMP-MR-PCA-Interventional_Pulmonology_EN.pdf,p. 25,existing_exact,PRD-1215DE841C,02BRD9156,existing_exact,high,existing_exact,
580,6522,DUTAU Stent Fenestration Forceps,Novatech,BMP-MR-PCA-Interventional_Pulmonology_EN.pdf,p. 15,existing_exact,PRD-E37704D087,6522,existing_exact,high,existing_exact,
581,02BRT40040,ROTEPS Cleaning Adapter Replacement O-Ring,Novatech,BMP-MR-PCA-Interventional_Pulmonology_EN.pdf,p. 28,existing_exact,PRD-85E1F8359A,02BRT40040,existing_exact,high,existing_exact,
582,02BRT10202,ROTEPS Handle - 2 mm - With shiftable ratchet,Novatech,BMP-MR-PCA-Interventional_Pulmonology_EN.pdf,p. 28,existing_exact,PRD-5A3334BDDC,02BRT10202,existing_exact,high,existing_exact,
583,02BRT10200,ROTEPS Handle - 2 mm - Without ratchet,Novatech,BMP-MR-PCA-Interventional_Pulmonology_EN.pdf,p. 28,existing_exact,PRD-1894515971,02BRT10200,existing_exact,high,existing_exact,
584,02BRT10402,ROTEPS Handle - 4 mm - With shiftable ratchet,Novatech,BMP-MR-PCA-Interventional_Pulmonology_EN.pdf,p. 28,existing_exact,PRD-EA133128FD,02BRT10402,existing_exact,high,existing_exact,
585,02BRT10400,ROTEPS Handle - 4 mm - Without ratchet,Novatech,BMP-MR-PCA-Interventional_Pulmonology_EN.pdf,p. 28,existing_exact,PRD-2538CEF181,02BRT10400,existing_exact,high,existing_exact,
586,02BRT30295,ROTEPS Head - Fenestrated forceps,Novatech,BMP-MR-PCA-Interventional_Pulmonology_EN.pdf,p. 29,existing_exact,PRD-66110A69CE,02BRT30295,existing_exact,high,existing_exact,
587,02BRT30299,"ROTEPS Head - Grasping forceps, strong teeth",Novatech,BMP-MR-PCA-Interventional_Pulmonology_EN.pdf,p. 29,existing_exact,PRD-028E85E656,02BRT30299,existing_exact,high,existing_exact,
588,02BRT30499,"ROTEPS Head - Grasping forceps, strong teeth",Novatech,BMP-MR-PCA-Interventional_Pulmonology_EN.pdf,p. 29,existing_exact,PRD-66A04F5119,02BRT30499,existing_exact,high,existing_exact,
589,02BRT30296,ROTEPS Head - Hook scissors,Novatech,BMP-MR-PCA-Interventional_Pulmonology_EN.pdf,p. 29,existing_exact,PRD-C6E7ED547F,02BRT30296,existing_exact,high,existing_exact,
590,02BRT30497,"ROTEPS Head - Retraction forceps, atraumatic inner teeth",Novatech,BMP-MR-PCA-Interventional_Pulmonology_EN.pdf,p. 29,existing_exact,PRD-2A8E02EC0E,02BRT30497,existing_exact,high,existing_exact,
591,02BRT30294,"ROTEPS Head - Retraction forceps, atraumatic teeth, one side opening",Novatech,BMP-MR-PCA-Interventional_Pulmonology_EN.pdf,p. 29,existing_exact,PRD-A7A7DF79BA,02BRT30294,existing_exact,high,existing_exact,
592,02BRT30498,ROTEPS Head - Y-stent forceps,Novatech,BMP-MR-PCA-Interventional_Pulmonology_EN.pdf,p. 29,existing_exact,PRD-7B30A285F1,02BRT30498,existing_exact,high,existing_exact,
593,02BRT20260,ROTEPS Shaft - 2 mm x 60 cm,Novatech,BMP-MR-PCA-Interventional_Pulmonology_EN.pdf,p. 28,existing_exact,PRD-2952D06A3F,02BRT20260,existing_exact,high,existing_exact,
594,02BRT20460,ROTEPS Shaft - 4 mm x 60 cm,Novatech,BMP-MR-PCA-Interventional_Pulmonology_EN.pdf,p. 28,existing_exact,PRD-8CDDDC5158,02BRT20460,existing_exact,high,existing_exact,
595,77632,SURVAC PC Suction Catheter,Novatech,BMP-MR-PCA-Interventional_Pulmonology_EN.pdf,p. 30,existing_exact,PRD-B98EADB33D,77632,existing_exact,high,existing_exact,
596,77642,SURVAC PC Suction Catheter,Novatech,BMP-MR-PCA-Interventional_Pulmonology_EN.pdf,p. 30,existing_exact,PRD-5A28AF1C52,77642,existing_exact,high,existing_exact,
597,77642SC,SURVAC PC Suction Catheter,Novatech,BMP-MR-PCA-Interventional_Pulmonology_EN.pdf,p. 30,existing_exact,PRD-952A7B928E,77642SC,existing_exact,high,existing_exact,
598,77622,SURVAC PTFE Suction Catheter,Novatech,BMP-MR-PCA-Interventional_Pulmonology_EN.pdf,p. 30,existing_exact,PRD-07EA3DD76E,77622,existing_exact,high,existing_exact,
599,02 BRS B 120,TONN NOVATECH Stent Applicator - Blue,Novatech,BMP-MR-PCA-Interventional_Pulmonology_EN.pdf,p. 19,existing_exact,PRD-3BEF064A41,02 BRS B 120,existing_exact,high,existing_exact,
600,02 BRS G 140,TONN NOVATECH Stent Applicator - Green,Novatech,BMP-MR-PCA-Interventional_Pulmonology_EN.pdf,p. 19,existing_exact,PRD-F765071278,02 BRS G 140,existing_exact,high,existing_exact,
601,02 BRS R 130,TONN NOVATECH Stent Applicator - Red,Novatech,BMP-MR-PCA-Interventional_Pulmonology_EN.pdf,p. 19,existing_exact,PRD-B5E107E3AE,02 BRS R 130,existing_exact,high,existing_exact,
602,02 BRS W 150,TONN NOVATECH Stent Applicator - White,Novatech,BMP-MR-PCA-Interventional_Pulmonology_EN.pdf,p. 19,existing_exact,PRD-0CD8E49B3D,02 BRS W 150,existing_exact,high,existing_exact,
603,02BRD3511,"DUTAU NOVATECH Bronchial Tube, Size 11",Novatech,BMP-MR-PCA-Interventional_Pulmonology_EN.pdf; NOV-MR-PCA-Instruments_CA003_EN.pdf,p. 24,existing_exact,PRD-6D6815FAE1,02BRD3511,existing_exact,high,existing_exact,
604,02BRD3512,"DUTAU NOVATECH Bronchial Tube, Size 12",Novatech,BMP-MR-PCA-Interventional_Pulmonology_EN.pdf; NOV-MR-PCA-Instruments_CA003_EN.pdf,p. 24,existing_exact,PRD-7677972FA0,02BRD3512,existing_exact,high,existing_exact,
605,02BRD3514,"DUTAU NOVATECH Bronchial Tube, Size 14",Novatech,BMP-MR-PCA-Interventional_Pulmonology_EN.pdf; NOV-MR-PCA-Instruments_CA003_EN.pdf,p. 24,existing_exact,PRD-492FC6BE35,02BRD3514,existing_exact,high,existing_exact,
606,02BRD9151,DUTAU NOVATECH Lateral Cap - No opening,Novatech,BMP-MR-PCA-Interventional_Pulmonology_EN.pdf; NOV-MR-PCA-Instruments_CA003_EN.pdf,p. 25,existing_exact,PRD-55094F0EC3,02BRD9151,existing_exact,high,existing_exact,
607,02BRD1100,Novatech Rigid Bronchoscopy Instrument,Novatech,BMP-MR-PCA-Interventional_Pulmonology_EN.pdf; NOV-MR-PCA-Instruments_CA003_EN.pdf,p. 24,existing_exact,PRD-5E4F566AA2,02BRD1100,existing_exact,high,existing_exact,
608,02BRD1110,Novatech Rigid Bronchoscopy Instrument,Novatech,BMP-MR-PCA-Interventional_Pulmonology_EN.pdf; NOV-MR-PCA-Instruments_CA003_EN.pdf,p. 24,existing_exact,PRD-042B406005,02BRD1110,existing_exact,high,existing_exact,
609,02BRD1120,Novatech Rigid Bronchoscopy Instrument,Novatech,BMP-MR-PCA-Interventional_Pulmonology_EN.pdf; NOV-MR-PCA-Instruments_CA003_EN.pdf,p. 24,existing_exact,PRD-B5644A6608,02BRD1120,existing_exact,high,existing_exact,
610,02BRD2514,Novatech Rigid Bronchoscopy Instrument,Novatech,BMP-MR-PCA-Interventional_Pulmonology_EN.pdf; NOV-MR-PCA-Instruments_CA003_EN.pdf,p. 24,existing_exact,PRD-9EB174FBB0,02BRD2514,existing_exact,high,existing_exact,
611,02BRD3509,Novatech Rigid Bronchoscopy Instrument,Novatech,BMP-MR-PCA-Interventional_Pulmonology_EN.pdf; NOV-MR-PCA-Instruments_CA003_EN.pdf,p. 24,existing_exact,PRD-9C6ECA3162,02BRD3509,existing_exact,high,existing_exact,
612,02BRD9101,Novatech Rigid Bronchoscopy Instrument,Novatech,BMP-MR-PCA-Interventional_Pulmonology_EN.pdf; NOV-MR-PCA-Instruments_CA003_EN.pdf,p. 25,existing_exact,PRD-93C248AE98,02BRD9101,existing_exact,high,existing_exact,
613,02BRD9102,Novatech Rigid Bronchoscopy Instrument,Novatech,BMP-MR-PCA-Interventional_Pulmonology_EN.pdf; NOV-MR-PCA-Instruments_CA003_EN.pdf,p. 25,existing_exact,PRD-BCF7612DDB,02BRD9102,existing_exact,high,existing_exact,
614,02BRD9103,Novatech Rigid Bronchoscopy Instrument,Novatech,BMP-MR-PCA-Interventional_Pulmonology_EN.pdf; NOV-MR-PCA-Instruments_CA003_EN.pdf,p. 25,existing_exact,PRD-D81F566A09,02BRD9103,existing_exact,high,existing_exact,
615,02BRD9104,Novatech Rigid Bronchoscopy Instrument,Novatech,BMP-MR-PCA-Interventional_Pulmonology_EN.pdf; NOV-MR-PCA-Instruments_CA003_EN.pdf,p. 25,existing_exact,PRD-E05104FF37,02BRD9104,existing_exact,high,existing_exact,
616,02BRD9105,Novatech Rigid Bronchoscopy Instrument,Novatech,BMP-MR-PCA-Interventional_Pulmonology_EN.pdf; NOV-MR-PCA-Instruments_CA003_EN.pdf,p. 25,existing_exact,PRD-09192221FE,02BRD9105,existing_exact,high,existing_exact,
617,02BRD9106,Novatech Rigid Bronchoscopy Instrument,Novatech,BMP-MR-PCA-Interventional_Pulmonology_EN.pdf; NOV-MR-PCA-Instruments_CA003_EN.pdf,p. 25,existing_exact,PRD-5402A5D241,02BRD9106,existing_exact,high,existing_exact,
618,02BRD9152,Novatech Rigid Bronchoscopy Instrument,Novatech,BMP-MR-PCA-Interventional_Pulmonology_EN.pdf; NOV-MR-PCA-Instruments_CA003_EN.pdf,p. 25,existing_exact,PRD-BADEC639F4,02BRD9152,existing_exact,high,existing_exact,
619,02BRD9153,Novatech Rigid Bronchoscopy Instrument,Novatech,BMP-MR-PCA-Interventional_Pulmonology_EN.pdf; NOV-MR-PCA-Instruments_CA003_EN.pdf,p. 25,existing_exact,PRD-89259B5C28,02BRD9153,existing_exact,high,existing_exact,
620,02BRD9154,Novatech Rigid Bronchoscopy Instrument,Novatech,BMP-MR-PCA-Interventional_Pulmonology_EN.pdf; NOV-MR-PCA-Instruments_CA003_EN.pdf,p. 25,existing_exact,PRD-E0331EA66D,02BRD9154,existing_exact,high,existing_exact,
621,02BRD9155,Novatech Rigid Bronchoscopy Instrument,Novatech,BMP-MR-PCA-Interventional_Pulmonology_EN.pdf; NOV-MR-PCA-Instruments_CA003_EN.pdf,p. 25,existing_exact,PRD-BB33BD7BE9,02BRD9155,existing_exact,high,existing_exact,
622,02BRD9157,Novatech Rigid Bronchoscopy Instrument,Novatech,BMP-MR-PCA-Interventional_Pulmonology_EN.pdf; NOV-MR-PCA-Instruments_CA003_EN.pdf,p. 25,existing_exact,PRD-57EB842692,02BRD9157,existing_exact,high,existing_exact,
623,02BRD9158,Novatech Rigid Bronchoscopy Instrument,Novatech,BMP-MR-PCA-Interventional_Pulmonology_EN.pdf; NOV-MR-PCA-Instruments_CA003_EN.pdf,p. 25,existing_exact,PRD-F4B03B6DFA,02BRD9158,existing_exact,high,existing_exact,
624,02BRD9901,Novatech Rigid Bronchoscopy Instrument,Novatech,BMP-MR-PCA-Interventional_Pulmonology_EN.pdf; NOV-MR-PCA-Instruments_CA003_EN.pdf,p. 24,existing_exact,PRD-A4793529B7,02BRD9901,existing_exact,high,existing_exact,
625,02BRD9902,Novatech Rigid Bronchoscopy Instrument,Novatech,BMP-MR-PCA-Interventional_Pulmonology_EN.pdf; NOV-MR-PCA-Instruments_CA003_EN.pdf,p. 24,existing_exact,PRD-5BDAA5E440,02BRD9902,existing_exact,high,existing_exact,
626,02BRDSET,Novatech Rigid Bronchoscopy Instrument,Novatech,BMP-MR-PCA-Interventional_Pulmonology_EN.pdf; NOV-MR-PCA-Instruments_CA003_EN.pdf,p. 24,existing_exact,PRD-C4480F30D2,02BRDSET,existing_exact,high,existing_exact,
627,02BRT40010,ROTEPS Cleaning Adapter with Luer Lock and O-Ring,Novatech,BMP-MR-PCA-Interventional_Pulmonology_EN.pdf; NOV-MR-PCA-Instruments_CA003_EN.pdf,p. 28,existing_exact,PRD-631CFE65BD,02BRT40010,existing_exact,high,existing_exact,
628,LungVision Procedure Kit,LungVision Procedure Kit,Body Vision Medical,Brochure-BodyVision_MOSS.pdf,LungVision MOSS brochure,existing_alias_or_format_variant,PRD-45AEBC6DFE,,existing_alias_or_format_variant,high,existing_alias_or_format_variant,
629,MOSS,MOSS Robotic Bronchoscopy System,Body Vision Medical,Brochure-BodyVision_MOSS.pdf,PDF pages 1-3 describe LungVision; PDF page 4 identifies MOSS S.p.A. in the company footer,source_evidence_conflicted,PRD-2C5302C206,,source_evidence_conflicted,low,source_evidence_conflicted,"MOSS is the legacy brochure publisher/company footer, not a product model. The brochure describes the LungVision System already governed."
630,BF-1TH190,Video Bronchoscope,Olympus,Bronchoscope-Matrix-Chart_41656 (1).pdf,Flexible bronchoscopy platforms!2,existing_exact,PRD-4A04124FF2,BF-1TH190,existing_exact,high,existing_exact,
631,BF-H190,Video Bronchoscope,Olympus,Bronchoscope-Matrix-Chart_41656 (1).pdf,Flexible bronchoscopy platforms!4,existing_exact,PRD-D6F54A6D11,BF-H190,existing_exact,high,existing_exact,
632,BF-Q190,Video Bronchoscope,Olympus,Bronchoscope-Matrix-Chart_41656 (1).pdf,"device.txt, PrimaryDI 04953170335198",existing_exact,PRD-34DC6AE7FD,BF-Q190,existing_exact,high,existing_exact,
633,BF-UC180F,Video Bronchoscope,Olympus,Bronchoscope-Matrix-Chart_41656 (1).pdf,"device.txt, PrimaryDI 04953170356360",existing_exact,PRD-F586C51621,BF-UC180F,existing_exact,high,existing_exact,
634,BF-UC190F,Pulmonary Video Bronchoscope,Olympus,Bronchoscope-Matrix-Chart_41656 (1).pdf; Bronchoscopes - Pulmonology - Olympus Medical Systems.pdf,pp. 2-5,existing_exact,PRD-2FFEEB98B2,BF-UC190F,existing_exact,high,existing_exact,
635,BF-XT190,Pulmonary Video Bronchoscope,Olympus,Bronchoscope-Matrix-Chart_41656 (1).pdf; Bronchoscopes - Pulmonology - Olympus Medical Systems.pdf,"device.txt, PrimaryDI 04953170402470",existing_exact,PRD-2C0C6A3F3C,BF-XT190,existing_exact,high,existing_exact,
636,BF-XP190,BF-XP190 Ultrathin Video Bronchoscope,Olympus,Bronchoscope-Matrix-Chart_41656 (1).pdf; Bronchoscopes - Pulmonology - Olympus Medical Systems.pdf; Diagnostic Bronchoscope (BF-P190) _ Olympus America _ Medical.pdf; Diagnostic Bronchoscope (BF-XP190) _ Olympus America _ Medical.pdf; E0428710_Diagnosis_SPN_Flyer_EN_2023.pdf,p. 1,existing_exact,PRD-88DA368B9C,BF-XP190,existing_exact,high,existing_exact,
637,BF-P190,Pulmonary Video Bronchoscope,Olympus,Bronchoscope-Matrix-Chart_41656 (1).pdf; Bronchoscopes - Pulmonology - Olympus Medical Systems.pdf; Diagnostic Bronchoscope (BF-P190) _ Olympus America _ Medical.pdf; E0428710_Diagnosis_SPN_Flyer_EN_2023.pdf,p. 1,existing_exact,PRD-AD22EAA0EC,BF-P190,existing_exact,high,existing_exact,
638,BF-MP190F,BF-MP190F Video Bronchoscope,Olympus,Bronchoscope-Matrix-Chart_41656 (1).pdf; Bronchoscopes - Pulmonology - Olympus Medical Systems.pdf; E0428710_Diagnosis_SPN_Flyer_EN_2023.pdf,p. 1,existing_exact,PRD-CB1622624D,BF-MP190F,existing_exact,high,existing_exact,
639,BF-1TH1100,Pulmonary Video Bronchoscope,Olympus,Bronchoscopes - Pulmonology - Olympus Medical Systems.pdf,"device.txt, PrimaryDI 04953170424199",existing_exact,PRD-B5156B0347,BF-1TH1100,existing_exact,high,existing_exact,
640,BF-H1100,Pulmonary Video Bronchoscope,Olympus,Bronchoscopes - Pulmonology - Olympus Medical Systems.pdf,"device.txt, PrimaryDI 04953170424229",existing_exact,PRD-E354CF7061,BF-H1100,existing_exact,high,existing_exact,
641,BF-PE2,Pulmonary Video Bronchoscope,Olympus,Bronchoscopes - Pulmonology - Olympus Medical Systems.pdf,"device.txt, PrimaryDI 04953170339974",existing_exact,PRD-F867027C4E,BF-PE2,existing_exact,high,existing_exact,
642,PPD,Fuhrman Pleural/Pneumopericardial Drainage Set,Cook Medical,C_T_PPD_REV6.pdf,PDF p. 1,relevant_family_level_only,,,document_or_family_code_not_orderable_product_identifier,moderate,document_or_family_code_not_orderable_product_identifier,
643,PTISGI2,Blue Rhino G2-Multi Percutaneous Tracheostomy Introducer,Cook Medical,C_T_PTISGI2_REV0 (1).pdf; C_T_PTISGI2_REV0.pdf,PDF p. 1,relevant_family_level_only,,,document_or_family_code_not_orderable_product_identifier,moderate,document_or_family_code_not_orderable_product_identifier,
644,THAL,Thal-Quick Chest Tube Set and Tray,Cook Medical,C_T_THAL_REV11.pdf,PDF p. 1,relevant_family_level_only,,,document_or_family_code_not_orderable_product_identifier,moderate,document_or_family_code_not_orderable_product_identifier,
645,8888577775,Cardinal HealthTM ArgyleTM Carotid Artery Shunt Kit*,Cardinal Health,cardinal-health-cardiothoratic-catalog.pdf,PDF p. 6,irrelevant_to_current_scope,,,cardiac_vascular_or_mediastinal_product_not_current_ip_pleural_scope,high,cardiac_vascular_or_mediastinal_product_not_current_ip_pleural_scope,
646,8888590018,Cardinal HealthTM ArgyleTM Left Ventricular Sump Vent Catheters with,Cardinal Health,cardinal-health-cardiothoratic-catalog.pdf,PDF p. 5,irrelevant_to_current_scope,,,cardiac_vascular_or_mediastinal_product_not_current_ip_pleural_scope,high,cardiac_vascular_or_mediastinal_product_not_current_ip_pleural_scope,
647,8888590208,Cardinal HealthTM ArgyleTM Left Ventricular Sump Vent Catheters with,Cardinal Health,cardinal-health-cardiothoratic-catalog.pdf,PDF p. 5,irrelevant_to_current_scope,,,cardiac_vascular_or_mediastinal_product_not_current_ip_pleural_scope,high,cardiac_vascular_or_mediastinal_product_not_current_ip_pleural_scope,
648,8888590216,Cardinal HealthTM ArgyleTM Left Ventricular Sump Vent Catheters with,Cardinal Health,cardinal-health-cardiothoratic-catalog.pdf,PDF p. 5,irrelevant_to_current_scope,,,cardiac_vascular_or_mediastinal_product_not_current_ip_pleural_scope,high,cardiac_vascular_or_mediastinal_product_not_current_ip_pleural_scope,
649,8888590224,Cardinal HealthTM ArgyleTM Left Ventricular Sump Vent Catheters with,Cardinal Health,cardinal-health-cardiothoratic-catalog.pdf,PDF p. 5,irrelevant_to_current_scope,,,cardiac_vascular_or_mediastinal_product_not_current_ip_pleural_scope,high,cardiac_vascular_or_mediastinal_product_not_current_ip_pleural_scope,
650,8888584912,Cardinal HealthTM ArgyleTM Parallel Y Connector,Cardinal Health,cardinal-health-cardiothoratic-catalog.pdf,PDF p. 5,irrelevant_to_current_scope,,,cardiac_vascular_or_mediastinal_product_not_current_ip_pleural_scope,high,cardiac_vascular_or_mediastinal_product_not_current_ip_pleural_scope,
651,888570507K,Cardinal HealthTM ArgyleTM PVC Thoracic Catheter,Cardinal Health,cardinal-health-cardiothoratic-catalog.pdf,PDF p. 3,new_product_added,PRD-2B0E9C0AA9,888570507K,proposed_high_confidence_exact_id,high,proposed_high_confidence_exact_id,Proposed addition; not yet applied by this read-only agent.
652,888570515K,Cardinal HealthTM ArgyleTM PVC Thoracic Catheter,Cardinal Health,cardinal-health-cardiothoratic-catalog.pdf,PDF p. 3,existing_alias_or_format_variant,PRD-3EDAA08D62,8888570515,official_case_code_K_maps_to_existing_long_catalog_format_same_dimensions,high,official_case_code_K_maps_to_existing_long_catalog_format_same_dimensions,
653,888570523K,Cardinal HealthTM ArgyleTM PVC Thoracic Catheter,Cardinal Health,cardinal-health-cardiothoratic-catalog.pdf,PDF p. 3,existing_alias_or_format_variant,PRD-1F48992C6C,8888570523,official_case_code_K_maps_to_existing_long_catalog_format_same_dimensions,high,official_case_code_K_maps_to_existing_long_catalog_format_same_dimensions,
654,888570531K,Cardinal HealthTM ArgyleTM PVC Thoracic Catheter,Cardinal Health,cardinal-health-cardiothoratic-catalog.pdf,PDF p. 3,existing_alias_or_format_variant,PRD-3A27A7B76D,8888570531,official_case_code_K_maps_to_existing_long_catalog_format_same_dimensions,high,official_case_code_K_maps_to_existing_long_catalog_format_same_dimensions,
655,888570549K,Cardinal HealthTM ArgyleTM PVC Thoracic Catheter,Cardinal Health,cardinal-health-cardiothoratic-catalog.pdf,PDF p. 3,existing_alias_or_format_variant,PRD-8776B50EA8,8888570549,official_case_code_K_maps_to_existing_long_catalog_format_same_dimensions,high,official_case_code_K_maps_to_existing_long_catalog_format_same_dimensions,
656,888570556K,Cardinal HealthTM ArgyleTM PVC Thoracic Catheter,Cardinal Health,cardinal-health-cardiothoratic-catalog.pdf,PDF p. 3,existing_alias_or_format_variant,PRD-C73E87B7EE,8888570556,official_case_code_K_maps_to_existing_long_catalog_format_same_dimensions,high,official_case_code_K_maps_to_existing_long_catalog_format_same_dimensions,
657,888570572K,Cardinal HealthTM ArgyleTM PVC Thoracic Catheter,Cardinal Health,cardinal-health-cardiothoratic-catalog.pdf,PDF p. 3,existing_alias_or_format_variant,PRD-90D21D9281,8888570572,official_case_code_K_maps_to_existing_long_catalog_format_same_dimensions,high,official_case_code_K_maps_to_existing_long_catalog_format_same_dimensions,
658,888571018K,Cardinal HealthTM ArgyleTM PVC Thoracic Catheter,Cardinal Health,cardinal-health-cardiothoratic-catalog.pdf,PDF p. 3,new_product_added,PRD-5930BC6020,888571018K,proposed_high_confidence_exact_id,high,proposed_high_confidence_exact_id,Proposed addition; not yet applied by this read-only agent.
659,888571026K,Cardinal HealthTM ArgyleTM PVC Thoracic Catheter,Cardinal Health,cardinal-health-cardiothoratic-catalog.pdf,PDF p. 3,new_product_added,PRD-BB0E29F07F,888571026K,proposed_high_confidence_exact_id,high,proposed_high_confidence_exact_id,Proposed addition; not yet applied by this read-only agent.
660,888571034K,Cardinal HealthTM ArgyleTM PVC Thoracic Catheter,Cardinal Health,cardinal-health-cardiothoratic-catalog.pdf,PDF p. 3,new_product_added,PRD-C93C97F54C,888571034K,proposed_high_confidence_exact_id,high,proposed_high_confidence_exact_id,Proposed addition; not yet applied by this read-only agent.
661,888571042K,Cardinal HealthTM ArgyleTM PVC Thoracic Catheter,Cardinal Health,cardinal-health-cardiothoratic-catalog.pdf,PDF p. 3,existing_alias_or_format_variant,PRD-F8B8727229,8888571042,official_case_code_K_maps_to_existing_long_catalog_format_same_dimensions,high,official_case_code_K_maps_to_existing_long_catalog_format_same_dimensions,
662,888571059K,Cardinal HealthTM ArgyleTM PVC Thoracic Catheter,Cardinal Health,cardinal-health-cardiothoratic-catalog.pdf,PDF p. 3,new_product_added,PRD-9F36AD4CFE,888571059K,proposed_high_confidence_exact_id,high,proposed_high_confidence_exact_id,Proposed addition; not yet applied by this read-only agent.
663,888571067K,Cardinal HealthTM ArgyleTM PVC Thoracic Catheter,Cardinal Health,cardinal-health-cardiothoratic-catalog.pdf,PDF p. 3,new_product_added,PRD-82374FBBE1,888571067K,proposed_high_confidence_exact_id,high,proposed_high_confidence_exact_id,Proposed addition; not yet applied by this read-only agent.
664,888571075K,Cardinal HealthTM ArgyleTM PVC Thoracic Catheter,Cardinal Health,cardinal-health-cardiothoratic-catalog.pdf,PDF p. 3,new_product_added,PRD-C31B1B8423,888571075K,proposed_high_confidence_exact_id,high,proposed_high_confidence_exact_id,Proposed addition; not yet applied by this read-only agent.
665,8888570564,Cardinal HealthTM ArgyleTM PVC Thoracic Catheter,Cardinal Health,cardinal-health-cardiothoratic-catalog.pdf,PDF p. 3,existing_exact,PRD-6C9FB1DC9F,8888570564,exact_identifier,high,exact_identifier,
666,8888573550,Cardinal HealthTM ArgyleTM Silicone Mediastinal Catheter,Cardinal Health,cardinal-health-cardiothoratic-catalog.pdf,PDF p. 4,irrelevant_to_current_scope,,,cardiac_vascular_or_mediastinal_product_not_current_ip_pleural_scope,high,cardiac_vascular_or_mediastinal_product_not_current_ip_pleural_scope,
667,8888573568,Cardinal HealthTM ArgyleTM Silicone Mediastinal Catheter,Cardinal Health,cardinal-health-cardiothoratic-catalog.pdf,PDF p. 4,irrelevant_to_current_scope,,,cardiac_vascular_or_mediastinal_product_not_current_ip_pleural_scope,high,cardiac_vascular_or_mediastinal_product_not_current_ip_pleural_scope,
668,8888572545,Cardinal HealthTM ArgyleTM Silicone Thoracic Catheter,Cardinal Health,cardinal-health-cardiothoratic-catalog.pdf,PDF p. 4,new_product_added,PRD-A201D9E5BE,8888572545,proposed_high_confidence_exact_id,high,proposed_high_confidence_exact_id,Proposed addition; not yet applied by this read-only agent.
669,8888572552,Cardinal HealthTM ArgyleTM Silicone Thoracic Catheter,Cardinal Health,cardinal-health-cardiothoratic-catalog.pdf,PDF p. 4,new_product_added,PRD-F86A126431,8888572552,proposed_high_confidence_exact_id,high,proposed_high_confidence_exact_id,Proposed addition; not yet applied by this read-only agent.
670,8888572560,Cardinal HealthTM ArgyleTM Silicone Thoracic Catheter,Cardinal Health,cardinal-health-cardiothoratic-catalog.pdf,PDF p. 4,new_product_added,PRD-7C9E0734EE,8888572560,proposed_high_confidence_exact_id,high,proposed_high_confidence_exact_id,Proposed addition; not yet applied by this read-only agent.
671,8888572578,Cardinal HealthTM ArgyleTM Silicone Thoracic Catheter,Cardinal Health,cardinal-health-cardiothoratic-catalog.pdf,PDF p. 4,new_product_added,PRD-1FB9854943,8888572578,proposed_high_confidence_exact_id,high,proposed_high_confidence_exact_id,Proposed addition; not yet applied by this read-only agent.
672,8888573048,Cardinal HealthTM ArgyleTM Silicone Thoracic Catheter,Cardinal Health,cardinal-health-cardiothoratic-catalog.pdf,PDF p. 4,new_product_added,PRD-AA29300E40,8888573048,proposed_high_confidence_exact_id,high,proposed_high_confidence_exact_id,Proposed addition; not yet applied by this read-only agent.
673,8888573055,Cardinal HealthTM ArgyleTM Silicone Thoracic Catheter,Cardinal Health,cardinal-health-cardiothoratic-catalog.pdf,PDF p. 4,new_product_added,PRD-0BBA9245DC,8888573055,proposed_high_confidence_exact_id,high,proposed_high_confidence_exact_id,Proposed addition; not yet applied by this read-only agent.
674,8888570432,Cardinal HealthTM ArgyleTM Soft PVC Thoracic Catheter,Cardinal Health,cardinal-health-cardiothoratic-catalog.pdf,PDF p. 3,new_product_added,PRD-9B4FEC155D,8888570432,proposed_high_confidence_exact_id,high,proposed_high_confidence_exact_id,Proposed addition; not yet applied by this read-only agent.
675,8888570440,Cardinal HealthTM ArgyleTM Soft PVC Thoracic Catheter,Cardinal Health,cardinal-health-cardiothoratic-catalog.pdf,PDF p. 3,new_product_added,PRD-75CE0E7B40,8888570440,proposed_high_confidence_exact_id,high,proposed_high_confidence_exact_id,Proposed addition; not yet applied by this read-only agent.
676,8888570457,Cardinal HealthTM ArgyleTM Soft PVC Thoracic Catheter,Cardinal Health,cardinal-health-cardiothoratic-catalog.pdf,PDF p. 3,new_product_added,PRD-55542C46A8,8888570457,proposed_high_confidence_exact_id,high,proposed_high_confidence_exact_id,Proposed addition; not yet applied by this read-only agent.
677,8888591065,Cardinal HealthTM ArgyleTM Thi Aortic Perfusion Cannulas with Cath-Lok,Cardinal Health,cardinal-health-cardiothoratic-catalog.pdf,PDF p. 5,irrelevant_to_current_scope,,,cardiac_vascular_or_mediastinal_product_not_current_ip_pleural_scope,high,cardiac_vascular_or_mediastinal_product_not_current_ip_pleural_scope,
678,8888591073,Cardinal HealthTM ArgyleTM Thi Aortic Perfusion Cannulas with Cath-Lok,Cardinal Health,cardinal-health-cardiothoratic-catalog.pdf,PDF p. 5,irrelevant_to_current_scope,,,cardiac_vascular_or_mediastinal_product_not_current_ip_pleural_scope,high,cardiac_vascular_or_mediastinal_product_not_current_ip_pleural_scope,
679,8888591081,Cardinal HealthTM ArgyleTM Thi Aortic Perfusion Cannulas with Cath-Lok,Cardinal Health,cardinal-health-cardiothoratic-catalog.pdf,PDF p. 5,irrelevant_to_current_scope,,,cardiac_vascular_or_mediastinal_product_not_current_ip_pleural_scope,high,cardiac_vascular_or_mediastinal_product_not_current_ip_pleural_scope,
680,8888591099,Cardinal HealthTM ArgyleTM Thi Aortic Perfusion Cannulas with Cath-Lok,Cardinal Health,cardinal-health-cardiothoratic-catalog.pdf,PDF p. 5,irrelevant_to_current_scope,,,cardiac_vascular_or_mediastinal_product_not_current_ip_pleural_scope,high,cardiac_vascular_or_mediastinal_product_not_current_ip_pleural_scope,
681,888560805K,Cardinal HealthTM ArgyleTM Trocar Catheter,Cardinal Health,cardinal-health-cardiothoratic-catalog.pdf,PDF p. 4,existing_alias_or_format_variant,PRD-DD4AFE7DE4,8888560805,official_case_code_K_maps_to_existing_long_catalog_format_same_dimensions,high,official_case_code_K_maps_to_existing_long_catalog_format_same_dimensions,
682,888561019K,Cardinal HealthTM ArgyleTM Trocar Catheter,Cardinal Health,cardinal-health-cardiothoratic-catalog.pdf,PDF p. 4,new_product_added,PRD-1FAE9F5EA4,888561019K,proposed_high_confidence_exact_id,high,proposed_high_confidence_exact_id,Proposed addition; not yet applied by this read-only agent.
683,888561027K,Cardinal HealthTM ArgyleTM Trocar Catheter,Cardinal Health,cardinal-health-cardiothoratic-catalog.pdf,PDF p. 4,new_product_added,PRD-A5606F3A0E,888561027K,proposed_high_confidence_exact_id,high,proposed_high_confidence_exact_id,Proposed addition; not yet applied by this read-only agent.
684,888561035K,Cardinal HealthTM ArgyleTM Trocar Catheter,Cardinal Health,cardinal-health-cardiothoratic-catalog.pdf,PDF p. 4,new_product_added,PRD-EFD54DC9EF,888561035K,proposed_high_confidence_exact_id,high,proposed_high_confidence_exact_id,Proposed addition; not yet applied by this read-only agent.
685,888561043K,Cardinal HealthTM ArgyleTM Trocar Catheter,Cardinal Health,cardinal-health-cardiothoratic-catalog.pdf,PDF p. 4,new_product_added,PRD-3A10924AF9,888561043K,proposed_high_confidence_exact_id,high,proposed_high_confidence_exact_id,Proposed addition; not yet applied by this read-only agent.
686,888561050K,Cardinal HealthTM ArgyleTM Trocar Catheter,Cardinal Health,cardinal-health-cardiothoratic-catalog.pdf,PDF p. 4,new_product_added,PRD-BC6CB66043,888561050K,proposed_high_confidence_exact_id,high,proposed_high_confidence_exact_id,Proposed addition; not yet applied by this read-only agent.
687,888561068K,Cardinal HealthTM ArgyleTM Trocar Catheter,Cardinal Health,cardinal-health-cardiothoratic-catalog.pdf,PDF p. 4,existing_alias_or_format_variant,PRD-6DAF9E3AA4,8888561068,official_case_code_K_maps_to_existing_long_catalog_format_same_dimensions,high,official_case_code_K_maps_to_existing_long_catalog_format_same_dimensions,
688,888561076K,Cardinal HealthTM ArgyleTM Trocar Catheter,Cardinal Health,cardinal-health-cardiothoratic-catalog.pdf,PDF p. 4,existing_alias_or_format_variant,PRD-9F5884AD09,8888561076,official_case_code_K_maps_to_existing_long_catalog_format_same_dimensions,high,official_case_code_K_maps_to_existing_long_catalog_format_same_dimensions,
689,8888585000,Cardinal HealthTM ArgyleTM Vascular Tourniquet Kit*,Cardinal Health,cardinal-health-cardiothoratic-catalog.pdf,PDF p. 6,irrelevant_to_current_scope,,,cardiac_vascular_or_mediastinal_product_not_current_ip_pleural_scope,high,cardiac_vascular_or_mediastinal_product_not_current_ip_pleural_scope,
690,G44109,Arndt Endobronchial Blocker Set,Cook Medical,CC-BUSCALAM-EBSMP-EN-201407_1654867609049.pdf,PDF p. 2,existing_exact,PRD-6CF2953F5E,G44109,exact_identifier,high,exact_identifier,
691,G44114,Arndt Endobronchial Blocker Set,Cook Medical,CC-BUSCALAM-EBSMP-EN-201407_1654867609049.pdf,PDF p. 2,existing_exact,PRD-C41140BA51,G44114,exact_identifier,high,exact_identifier,
692,G44120,Arndt Endobronchial Blocker Set,Cook Medical,CC-BUSCALAM-EBSMP-EN-201407_1654867609049.pdf,PDF p. 2,existing_exact,PRD-85248E91BA,G44120,exact_identifier,high,exact_identifier,
693,G44122,Cohen Endobronchial Blocker Set,Cook Medical,CC-BUSCALAM-EBSMP-EN-201407_1654867609049.pdf,PDF p. 3,existing_exact,PRD-448C184685,G44122,exact_identifier,high,exact_identifier,
694,Not stated in source,Shiley Flexible Adult Tracheostomy Tube,Medtronic,CC-D55061-EN-F_M3_1599145301215.pdf,PDF p. 1,existing_family_or_package_variant,,,family_or_resource_row_without_exact_orderable_identifier,moderate,family_or_resource_row_without_exact_orderable_identifier,
695,Not stated in source,Shiley Flexible Evac Adult Tracheostomy Tube,Medtronic,CC-D55061-EN-F_M3_1599145301215.pdf,Document p. not stated (PDF page 1),existing_family_or_package_variant,,,family_or_resource_row_without_exact_orderable_identifier,moderate,family_or_resource_row_without_exact_orderable_identifier,
696,G03302,Cook Pleural Drainage Catheter or Set,Cook Medical,CC-D67629-EN-F_IA_1683223150514 (1).pdf; CC-D67629-EN-F_IA_1683223150514.pdf,PDF p. 7,new_product_added,PRD-72F4A3884F,G03302,proposed_high_confidence_exact_id,high,proposed_high_confidence_exact_id,Proposed addition; not yet applied by this read-only agent.
697,G03311,Cook Pleural Drainage Catheter or Set,Cook Medical,CC-D67629-EN-F_IA_1683223150514 (1).pdf; CC-D67629-EN-F_IA_1683223150514.pdf,PDF p. 7,new_product_added,PRD-FA37816545,G03311,proposed_high_confidence_exact_id,high,proposed_high_confidence_exact_id,Proposed addition; not yet applied by this read-only agent.
698,G04137,Cook Pleural Drainage Catheter or Set,Cook Medical,CC-D67629-EN-F_IA_1683223150514 (1).pdf; CC-D67629-EN-F_IA_1683223150514.pdf,PDF p. 10,new_product_added,PRD-F61DF2B2E6,G04137,proposed_high_confidence_exact_id,high,proposed_high_confidence_exact_id,Proposed addition; not yet applied by this read-only agent.
699,G04139,Cook Pleural Drainage Catheter or Set,Cook Medical,CC-D67629-EN-F_IA_1683223150514 (1).pdf; CC-D67629-EN-F_IA_1683223150514.pdf,PDF p. 10,new_product_added,PRD-49256F1DC6,G04139,proposed_high_confidence_exact_id,high,proposed_high_confidence_exact_id,Proposed addition; not yet applied by this read-only agent.
700,G04891,Cook Pleural Drainage Catheter or Set,Cook Medical,CC-D67629-EN-F_IA_1683223150514 (1).pdf; CC-D67629-EN-F_IA_1683223150514.pdf,PDF p. 10,new_product_added,PRD-2DC22218B3,G04891,proposed_high_confidence_exact_id,high,proposed_high_confidence_exact_id,Proposed addition; not yet applied by this read-only agent.
701,G05161,Cook Pleural Drainage Catheter or Set,Cook Medical,CC-D67629-EN-F_IA_1683223150514 (1).pdf; CC-D67629-EN-F_IA_1683223150514.pdf,PDF p. 10,new_product_added,PRD-4B66601DB1,G05161,proposed_high_confidence_exact_id,high,proposed_high_confidence_exact_id,Proposed addition; not yet applied by this read-only agent.
702,G05453,Cook Pleural Drainage Catheter or Set,Cook Medical,CC-D67629-EN-F_IA_1683223150514 (1).pdf; CC-D67629-EN-F_IA_1683223150514.pdf,PDF p. 10,new_product_added,PRD-E8F5C57738,G05453,proposed_high_confidence_exact_id,high,proposed_high_confidence_exact_id,Proposed addition; not yet applied by this read-only agent.
703,G05454,Cook Pleural Drainage Catheter or Set,Cook Medical,CC-D67629-EN-F_IA_1683223150514 (1).pdf; CC-D67629-EN-F_IA_1683223150514.pdf,PDF p. 10,new_product_added,PRD-460B74977C,G05454,proposed_high_confidence_exact_id,high,proposed_high_confidence_exact_id,Proposed addition; not yet applied by this read-only agent.
704,G05777,Cook Pleural Drainage Catheter or Set,Cook Medical,CC-D67629-EN-F_IA_1683223150514 (1).pdf; CC-D67629-EN-F_IA_1683223150514.pdf,PDF p. 10,new_product_added,PRD-26DC60023E,G05777,proposed_high_confidence_exact_id,high,proposed_high_confidence_exact_id,Proposed addition; not yet applied by this read-only agent.
705,G06787,Cook Pleural Drainage Catheter or Set,Cook Medical,CC-D67629-EN-F_IA_1683223150514 (1).pdf; CC-D67629-EN-F_IA_1683223150514.pdf,PDF p. 10,new_product_added,PRD-9E8D77CC60,G06787,proposed_high_confidence_exact_id,high,proposed_high_confidence_exact_id,Proposed addition; not yet applied by this read-only agent.
706,G07243,Cook Pleural Drainage Catheter or Set,Cook Medical,CC-D67629-EN-F_IA_1683223150514 (1).pdf; CC-D67629-EN-F_IA_1683223150514.pdf,PDF p. 10,new_product_added,PRD-070A63D4C6,G07243,proposed_high_confidence_exact_id,high,proposed_high_confidence_exact_id,Proposed addition; not yet applied by this read-only agent.
707,G27292,Cook Pleural Drainage Catheter or Set,Cook Medical,CC-D67629-EN-F_IA_1683223150514 (1).pdf; CC-D67629-EN-F_IA_1683223150514.pdf,PDF p. 6,new_product_added,PRD-59E3D04CC4,G27292,proposed_high_confidence_exact_id,high,proposed_high_confidence_exact_id,Proposed addition; not yet applied by this read-only agent.
708,G36224,Cook Pleural Drainage Catheter or Set,Cook Medical,CC-D67629-EN-F_IA_1683223150514 (1).pdf; CC-D67629-EN-F_IA_1683223150514.pdf,PDF p. 10,existing_exact,PRD-F351B4D76F,G36224,exact_identifier,high,exact_identifier,
709,G56533,Cook Pleural Drainage Catheter or Set,Cook Medical,CC-D67629-EN-F_IA_1683223150514 (1).pdf; CC-D67629-EN-F_IA_1683223150514.pdf,PDF p. 5,new_product_added,PRD-6BFF59DDAD,G56533,proposed_high_confidence_exact_id,high,proposed_high_confidence_exact_id,Proposed addition; not yet applied by this read-only agent.
710,G56537,Cook Pleural Drainage Catheter or Set,Cook Medical,CC-D67629-EN-F_IA_1683223150514 (1).pdf; CC-D67629-EN-F_IA_1683223150514.pdf,PDF p. 4,new_product_added,PRD-DC3BA17C2B,G56537,proposed_high_confidence_exact_id,high,proposed_high_confidence_exact_id,Proposed addition; not yet applied by this read-only agent.
711,G05296,Catheter Aspiration Set for Simple Pneumothorax,Cook Medical,CC-D67629-EN-F_IA_1683223150514 (1).pdf; CC-D67629-EN-F_IA_1683223150514.pdf; cookmedical.pdf,PDF p. 8,existing_exact,PRD-6F32150552,G05296,exact_identifier,high,exact_identifier,
712,G03301,Cook Pleural Drainage Catheter or Set,Cook Medical,CC-D67629-EN-F_IA_1683223150514 (1).pdf; CC-D67629-EN-F_IA_1683223150514.pdf; cookmedical.pdf,PDF p. 7,existing_exact,PRD-7518A5B1E1,G03301,exact_identifier,high,exact_identifier,
713,G06786,Cook Pleural Drainage Catheter or Set,Cook Medical,CC-D67629-EN-F_IA_1683223150514 (1).pdf; CC-D67629-EN-F_IA_1683223150514.pdf; cookmedical.pdf,PDF p. 10,existing_exact,PRD-BDA5B2EF14,G06786,exact_identifier,high,exact_identifier,
714,G13722,Cook Pleural Drainage Catheter or Set,Cook Medical,CC-D67629-EN-F_IA_1683223150514 (1).pdf; CC-D67629-EN-F_IA_1683223150514.pdf; cookmedical.pdf,PDF p. 6,existing_exact,PRD-848FD7C902,G13722,exact_identifier,high,exact_identifier,
715,G56532,Wayne Pneumothorax Catheter Set - Trocar,Cook Medical,CC-D67629-EN-F_IA_1683223150514 (1).pdf; CC-D67629-EN-F_IA_1683223150514.pdf; cookmedical.pdf,PDF p. 5,existing_exact,PRD-12231F4168,G56532,exact_identifier,high,exact_identifier,
716,G56535,Wayne Pneumothorax Catheter Set and Tray - Seldinger,Cook Medical,CC-D67629-EN-F_IA_1683223150514 (1).pdf; CC-D67629-EN-F_IA_1683223150514.pdf; cookmedical.pdf,PDF p. 4,existing_exact,PRD-8C6C29BE46,G56535,exact_identifier,high,exact_identifier,
717,G06791,"8/3/26, 10:13 PM Thal-Quick Chest Tube Set and Tray | Cook Medical - N/A",Cook Medical,CC-D67629-EN-F_IA_1683223150514 (1).pdf; CC-D67629-EN-F_IA_1683223150514.pdf; Thal-Quick Chest Tube Set and Tray _ Cook Medical.pdf,PDF p. 11,new_product_added,PRD-754F9ECFDD,G06791,proposed_high_confidence_exact_id,high,proposed_high_confidence_exact_id,Proposed addition; not yet applied by this read-only agent.
718,G34279,EchoTip Endobronchial HD Ultrasound Needle,Cook Medical,CC-WF912959-EN-F_M3_1771864966276.pdf,PDF p. 2,existing_exact,PRD-2D0C9B936A,G34279,exact_identifier,high,exact_identifier,
719,G34280,EchoTip Endobronchial HD Ultrasound Needle,Cook Medical,CC-WF912959-EN-F_M3_1771864966276.pdf,PDF p. 2,existing_exact,PRD-3F51C7D66F,G34280,exact_identifier,high,exact_identifier,
720,G34281,EchoTip Endobronchial HD Ultrasound Needle,Cook Medical,CC-WF912959-EN-F_M3_1771864966276.pdf,PDF p. 2,existing_exact,PRD-5CC8131FDE,G34281,exact_identifier,high,exact_identifier,
721,G34282,EchoTip Endobronchial HD Ultrasound Needle,Cook Medical,CC-WF912959-EN-F_M3_1771864966276.pdf,PDF p. 2,existing_exact,PRD-2DA93F54B9,G34282,exact_identifier,high,exact_identifier,
722,G24061,"8/3/26, 10:30 PM EchoTip Ultra® Endobronchial HD Ultrasound Needle | Cook Medical - N/A",Cook Medical,CC-WF912959-EN-F_M3_1771864966276.pdf; CC-WF913096-EN-F_M3_1772121134246.pdf; EchoTip Ultra® Endobronchial HD Ultrasound Needle _ Cook Medical.pdf,PDF p. 2,existing_exact,PRD-F82300D570,G24061,exact_identifier,high,exact_identifier,
723,G24062,"8/3/26, 10:30 PM EchoTip Ultra® Endobronchial HD Ultrasound Needle | Cook Medical - N/A",Cook Medical,CC-WF912959-EN-F_M3_1771864966276.pdf; CC-WF913096-EN-F_M3_1772121134246.pdf; EchoTip Ultra® Endobronchial HD Ultrasound Needle _ Cook Medical.pdf,PDF p. 2,existing_exact,PRD-F3307DB1D4,G24062,exact_identifier,high,exact_identifier,
724,G52011,"8/3/26, 10:30 PM EchoTip Ultra® Endobronchial HD Ultrasound Needle | Cook Medical - N/A",Cook Medical,CC-WF912959-EN-F_M3_1771864966276.pdf; CC-WF913096-EN-F_M3_1772121134246.pdf; EchoTip Ultra® Endobronchial HD Ultrasound Needle _ Cook Medical.pdf,PDF p. 2,existing_exact,PRD-86388D0916,G52011,exact_identifier,high,exact_identifier,
725,G53408,"8/3/26, 10:30 PM EchoTip Ultra® Endobronchial HD Ultrasound Needle | Cook Medical - N/A",Cook Medical,CC-WF912959-EN-F_M3_1771864966276.pdf; CC-WF913096-EN-F_M3_1772121134246.pdf; EchoTip Ultra® Endobronchial HD Ultrasound Needle _ Cook Medical.pdf,PDF p. 2,existing_exact,PRD-19AC7F0794,G53408,exact_identifier,high,exact_identifier,
726,ECHO-HD-22-EBUS-O,"8/3/26, 10:30 PM EchoTip Ultra® Endobronchial HD Ultrasound Needle | Cook Medical - N/A",Cook Medical,CC-WF913096-EN-F_M3_1772121134246.pdf; EchoTip Ultra® Endobronchial HD Ultrasound Needle _ Cook Medical.pdf,PDF p. 2,existing_exact,PRD-86388D0916,G52011,exact_identifier,high,exact_identifier,
727,ECHO-HD-22-EBUS-P,"8/3/26, 10:30 PM EchoTip Ultra® Endobronchial HD Ultrasound Needle | Cook Medical - N/A",Cook Medical,CC-WF913096-EN-F_M3_1772121134246.pdf; EchoTip Ultra® Endobronchial HD Ultrasound Needle _ Cook Medical.pdf,PDF p. 2,existing_exact,PRD-19AC7F0794,G53408,exact_identifier,high,exact_identifier,
728,ECHO-HD-25-EBUS-O,"8/3/26, 10:30 PM EchoTip Ultra® Endobronchial HD Ultrasound Needle | Cook Medical - N/A",Cook Medical,CC-WF913096-EN-F_M3_1772121134246.pdf; EchoTip Ultra® Endobronchial HD Ultrasound Needle _ Cook Medical.pdf,PDF p. 2,existing_exact,PRD-F3307DB1D4,G24062,exact_identifier,high,exact_identifier,
729,ECHO-HD-25-EBUS-P,"8/3/26, 10:30 PM EchoTip Ultra® Endobronchial HD Ultrasound Needle | Cook Medical - N/A",Cook Medical,CC-WF913096-EN-F_M3_1772121134246.pdf; EchoTip Ultra® Endobronchial HD Ultrasound Needle _ Cook Medical.pdf,PDF p. 2,existing_exact,PRD-F82300D570,G24061,exact_identifier,high,exact_identifier,
730,Not stated in source,Chartis Pulmonary Assessment System,Pulmonx,Compact multi-parameter monitor - CHARTIS - pulmonX - CO2 _ VO2-max _ intensive care.pdf,,existing_family_or_package_variant,,,existing_family_or_package_variant,moderate,existing_family_or_package_variant,Family-level secondary-source row; exact Chartis catheter and console configurations already exist.
731,G05302,Multipurpose Plastic Tubing Adapter,Cook Medical,cookmedical.pdf,Document p. not stated (PDF page 12),existing_exact,PRD-070884900C,G05302,exact_identifier,high,exact_identifier,
732,G05297,Simple Pneumothorax Aspiration Accessory Set,Cook Medical,cookmedical.pdf,Document p. not stated (PDF page 11),existing_exact,PRD-1CCEDCCC76,G05297,exact_identifier,high,exact_identifier,
733,G07467,Thal-Quick Chest Tube Adapter,Cook Medical,cookmedical.pdf,Document p. not stated (PDF page 14),existing_exact,PRD-9428EBB5CF,G07467,exact_identifier,high,exact_identifier,
734,G02898,Vinyl Connecting Tube,Cook Medical,cookmedical.pdf,Document p. not stated (PDF page 13),existing_exact,PRD-FD34401E04,G02898,exact_identifier,high,exact_identifier,
735,G55713,"8/3/26, 10:09 PM Fuhrman Pleural/Pneumopericardial Drainage Set and Tray | Cook Medical - N/A",Cook Medical,cookmedical.pdf; Fuhrman Pleural_Pneumopericardial Drainage Set and Tray _ Cook Medical.pdf,Document p. 2/18 (PDF page 2),existing_exact,PRD-0410844D48,G55713,exact_identifier,high,exact_identifier,
736,Not stated in source,Areus Adapt Endoscopic Ultrasound Aspiration Needle (FNA),Micro-Tech Endoscopy,D-000010790-REV0-1-1033736-REV1-Adapt-Endoscopic-Ultrasound-Aspiration-Needle-Instructions-f.pdf,Document p. Not separately numbered / see PDF index (PDF page D-000010790-REV0-1-1033736-REV1-Adapt-Endoscopic-Ultrasound-Aspiration-Needle-Instructions-f.pdf:4),irrelevant_to_current_scope,,,irrelevant_to_current_scope,high,irrelevant_to_current_scope,Family-level Adapt EUS needle row lacks an order number and is not the Thoracent pulmonary EBUS SKU family.
737,Not stated in source,Trident Adapt Endoscopic Ultrasound Biopsy Needle (FNB),Micro-Tech Endoscopy,D-000010790-REV0-1-1033736-REV1-Adapt-Endoscopic-Ultrasound-Aspiration-Needle-Instructions-f.pdf,Document p. Not separately numbered / see PDF index (PDF page D-000010790-REV0-1-1033736-REV1-Adapt-Endoscopic-Ultrasound-Aspiration-Needle-Instructions-f.pdf:4),irrelevant_to_current_scope,,,irrelevant_to_current_scope,high,irrelevant_to_current_scope,Family-level Adapt EUS needle row lacks an order number and is not the Thoracent pulmonary EBUS SKU family.
738,Not stated in source,RejuvenAir System,CSA Medical,deep-research-report breakthrough devices.md,Breakthrough devices report — RejuvenAir profile,existing_alias_or_format_variant,PRD-BCD0C2C494,,existing_alias_or_format_variant,high,existing_alias_or_format_variant,
739,Not stated in source,Monarch-enabled NeuWave Microwave Ablation Technology,Ethicon,deep-research-report breakthrough devices.md,,existing_exact,PRD-CBE0A76B71,,exact_manufacturer_and_product_name,high,exact_manufacturer_and_product_name,
740,Not stated in source,RheOx System,Galvanize Therapeutics,deep-research-report breakthrough devices.md,Breakthrough devices report — RheOx profile,existing_alias_or_format_variant,PRD-BC2FB31EE2,,existing_alias_or_format_variant,high,existing_alias_or_format_variant,
741,Not stated in source,NIO Lung Cancer Reveal,Invenio Imaging,deep-research-report breakthrough devices.md,Breakthrough devices report — NIO Lung Cancer Reveal profile,existing_alias_or_format_variant,PRD-31C1013C19,,existing_alias_or_format_variant,high,existing_alias_or_format_variant,
742,Not stated in source,Emprint Ablation Catheter Kit,Medtronic,deep-research-report breakthrough devices.md,,existing_exact,PRD-8BF5C4BAB5,,exact_manufacturer_and_product_name,high,exact_manufacturer_and_product_name,
743,Not stated in source,dNerva Lung Denervation System,Nuvaira,deep-research-report breakthrough devices.md,Breakthrough devices report — dNerva profile,existing_alias_or_format_variant,PRD-CEEA076F20,,existing_alias_or_format_variant,high,existing_alias_or_format_variant,
744,Not stated in source,"OPTIGUIDE Fiber Optic Diffuser, 1.0 cm",Pinnacle Biologics,deep-research-report PDT.md,Bronchoscopic photodynamic therapy report — diffuser section,existing_alias_or_format_variant,PRD-23E2441568,,existing_alias_or_format_variant,high,existing_alias_or_format_variant,
745,Not stated in source,"OPTIGUIDE Fiber Optic Diffuser, 1.5 cm",Pinnacle Biologics,deep-research-report PDT.md,Bronchoscopic photodynamic therapy report — diffuser section,existing_alias_or_format_variant,PRD-79735E8DC9,,existing_alias_or_format_variant,high,existing_alias_or_format_variant,
746,Not stated in source,"OPTIGUIDE Fiber Optic Diffuser, 2.0 cm",Pinnacle Biologics,deep-research-report PDT.md,Bronchoscopic photodynamic therapy report — diffuser section,existing_alias_or_format_variant,PRD-14F0A7735B,,existing_alias_or_format_variant,high,existing_alias_or_format_variant,
747,Not stated in source,"OPTIGUIDE Fiber Optic Diffuser, 2.5 cm",Pinnacle Biologics,deep-research-report PDT.md,Bronchoscopic photodynamic therapy report — diffuser section,existing_alias_or_format_variant,PRD-9610100EDA,,existing_alias_or_format_variant,high,existing_alias_or_format_variant,
748,Not stated in source,"OPTIGUIDE Fiber Optic Diffuser, 3.0 cm",Pinnacle Biologics,deep-research-report PDT.md,Bronchoscopic photodynamic therapy report — diffuser section,existing_alias_or_format_variant,PRD-4692570E45,,existing_alias_or_format_variant,high,existing_alias_or_format_variant,
749,Not stated in source,"OPTIGUIDE Fiber Optic Diffuser, 5.0 cm",Pinnacle Biologics,deep-research-report PDT.md,Bronchoscopic photodynamic therapy report — diffuser section,existing_alias_or_format_variant,PRD-272F711392,,existing_alias_or_format_variant,high,existing_alias_or_format_variant,
750,Not stated in source,"PHOTOFRIN (porfimer sodium) for Injection, 75 mg vial",Pinnacle Biologics,deep-research-report PDT.md,Bronchoscopic photodynamic therapy report — drug section,existing_alias_or_format_variant,PRD-397A9C06E0,,existing_alias_or_format_variant,high,existing_alias_or_format_variant,
751,BWF5-630-2-PI,"PHOTOFRIN 630 PDT Laser, Model BWF5-630-2-PI",Pinnacle Biologics,deep-research-report PDT.md,Bronchoscopic photodynamic therapy report — laser section,existing_exact,PRD-64B4DE25D7,BWF5-630-2-PI,existing_exact,high,existing_exact,
752,Not stated in source,FOX 980,A.R.C. Laser,deep-research-report-lasers.md,,relevant_but_insufficient_identity,,,relevant_but_insufficient_identity,moderate,relevant_but_insufficient_identity,"No exact orderable identifier is present in the input, and the supplied evidence is a research report or manufacturer-unresolved document rather than an exact authoritative SKU record."
753,Not stated in source,Beacon Advanced Energy CO2 Laser,Beacon,deep-research-report-lasers.md,,relevant_but_insufficient_identity,,,relevant_but_insufficient_identity,moderate,relevant_but_insufficient_identity,"No exact orderable identifier is present in the input, and the supplied evidence is a research report or manufacturer-unresolved document rather than an exact authoritative SKU record."
754,Not stated in source,LEONARDO DUAL 100/45,biolitec,deep-research-report-lasers.md,,source_evidence_conflicted,,,source_evidence_conflicted,low,source_evidence_conflicted,"The extracted combined 'LEONARDO DUAL 100/45' identity is not an exact SKU; prior governed review found the UDI-listed pair to be DUAL 45 and DUAL 200, while DUAL 100 lacks the required exact identity evidence."
755,Not stated in source,GreenLight XPS,Boston Scientific,deep-research-report-lasers.md,,irrelevant_to_current_scope,,,irrelevant_to_current_scope,high,irrelevant_to_current_scope,GreenLight XPS is a BPH/urology platform; the supplied report itself says it is not bronchoscopy-labeled.
756,Not stated in source,VELAS,GIGAA,deep-research-report-lasers.md,,relevant_but_insufficient_identity,,,relevant_but_insufficient_identity,moderate,relevant_but_insufficient_identity,"No exact orderable identifier is present in the input, and the supplied evidence is a research report or manufacturer-unresolved document rather than an exact authoritative SKU record."
757,Not stated in source,RevoLix,LISA Laser Products,deep-research-report-lasers.md,,relevant_but_insufficient_identity,,,relevant_but_insufficient_identity,moderate,relevant_but_insufficient_identity,"No exact orderable identifier is present in the input, and the supplied evidence is a research report or manufacturer-unresolved document rather than an exact authoritative SKU record."
758,Not stated in source,Intelliguide CO2 Laser,OmniGuide,deep-research-report-lasers.md,,duplicate_source_row,,,duplicate_source_row,high,duplicate_source_row,Repeated canonical identity or family already represented by another assigned input row.
759,Not stated in source,Cyber TM,Quanta System,deep-research-report-lasers.md,,relevant_but_insufficient_identity,,,relevant_but_insufficient_identity,moderate,relevant_but_insufficient_identity,"No exact orderable identifier is present in the input, and the supplied evidence is a research report or manufacturer-unresolved document rather than an exact authoritative SKU record."
760,Not stated in source,Opera EVO,Quanta System,deep-research-report-lasers.md,,duplicate_source_row,,,duplicate_source_row,high,duplicate_source_row,Repeated canonical identity or family already represented by another assigned input row.
761,Not stated in source,Futura Safety Scalpels,Merit Medical Systems,download (2).html,,irrelevant_to_current_scope,,,generic_percutaneous_drainage_paracentesis_or_general_supply_not_pleural_specific,high,generic_percutaneous_drainage_paracentesis_or_general_supply_not_pleural_specific,
762,Not stated in source,Thoracentesis and Paracentesis Set,Merit Medical Systems,download (3).html,,relevant_family_level_only,,,relevant_family_without_exact_orderable_identifier,moderate,relevant_family_without_exact_orderable_identifier,
763,Not stated in source,One-Step Centesis Catheter with Echo Enhanced Needle,Merit Medical Systems,download (4).html,,relevant_family_level_only,,,relevant_family_without_exact_orderable_identifier,moderate,relevant_family_without_exact_orderable_identifier,
764,Not stated in source,StayFIX Fixation Device,Merit Medical Systems,download (5).html; download (6).html,,irrelevant_to_current_scope,,,generic_percutaneous_drainage_paracentesis_or_general_supply_not_pleural_specific,high,generic_percutaneous_drainage_paracentesis_or_general_supply_not_pleural_specific,
765,Not stated in source,PAL Pen and Labels,Merit Medical Systems,download.html,,irrelevant_to_current_scope,,,generic_percutaneous_drainage_paracentesis_or_general_supply_not_pleural_specific,high,generic_percutaneous_drainage_paracentesis_or_general_supply_not_pleural_specific,
766,EU-ME3,EVIS EUS Endoscopic Ultrasound Center EU-ME3,Olympus,E0428710_Diagnosis_SPN_Flyer_EN_2023.pdf,p. 2,existing_exact,PRD-2B8AACAB67,EU-ME3,existing_exact,high,existing_exact,
767,K-401,GuideSheathKit 2,Olympus,E0428710_Diagnosis_SPN_Flyer_EN_2023.pdf,p. 1,existing_exact,PRD-0790420A76,K-401,existing_exact,high,existing_exact,
768,K-402,GuideSheathKit 2,Olympus,E0428710_Diagnosis_SPN_Flyer_EN_2023.pdf,p. 1,existing_exact,PRD-E2EB4E573F,K-402,existing_exact,high,existing_exact,
769,K-403,GuideSheathKit 2,Olympus,E0428710_Diagnosis_SPN_Flyer_EN_2023.pdf,p. 1,existing_exact,PRD-6D7A0E9DA8,K-403,existing_exact,high,existing_exact,
770,K-404,GuideSheathKit 2,Olympus,E0428710_Diagnosis_SPN_Flyer_EN_2023.pdf,p. 1,existing_exact,PRD-6FF6668D03,K-404,existing_exact,high,existing_exact,
771,FB-433D,Peripheral Biopsy Forceps,Olympus,E0428710_Diagnosis_SPN_Flyer_EN_2023.pdf,p. 1,existing_exact,PRD-2C4537F4D4,FB-433D,existing_exact,high,existing_exact,
772,BC-205D-2010,Peripheral Cytology Brush,Olympus,E0428710_Diagnosis_SPN_Flyer_EN_2023.pdf,p. 1,existing_exact,PRD-CB09A823A5,BC-205D-2010,existing_exact,high,existing_exact,
773,NA-403D-2021,PeriView FLEX Needle,Olympus,E0428710_Diagnosis_SPN_Flyer_EN_2023.pdf,p. 1,existing_exact,PRD-25415AA480,NA-403D-2021,existing_exact,high,existing_exact,
774,MAJ-1720,Probe Driving Unit,Olympus,E0428710_Diagnosis_SPN_Flyer_EN_2023.pdf,p. 2,existing_exact,PRD-34BAA70074,MAJ-1720,existing_exact,high,existing_exact,
775,UM-S20-17S,Radial Ultrasound Miniature Probe,Olympus,E0428710_Diagnosis_SPN_Flyer_EN_2023.pdf,p. 1,existing_exact,PRD-DF5BFBB99D,UM-S20-17S,existing_exact,high,existing_exact,
776,UM-S20-20R,Radial Ultrasound Miniature Probe,Olympus,E0428710_Diagnosis_SPN_Flyer_EN_2023.pdf,p. 1,existing_exact,PRD-2E043ED827,UM-S20-20R,existing_exact,high,existing_exact,
777,CC-220DR,Single-Use Guiding Device,Olympus,E0428710_Diagnosis_SPN_Flyer_EN_2023.pdf,p. 1,existing_exact,PRD-707B8A1974,CC-220DR,existing_exact,high,existing_exact,
778,EB-530US,Ultrasonic Video Bronchoscope,FUJIFILM Corporation,eb-530us-esp.pdf,"device.txt, PrimaryDI 04547410330182",existing_alias_or_format_variant,PRD-EBAEE8A314,EB-530US,existing_alias_or_format_variant,high,existing_alias_or_format_variant,
779,EB-J10,EB-J10 Video Bronchoscope Series,PENTAX Medical,EB-J10 Bronchoscopes_ Advanced High-Definition imaging.pdf,"Official EB-J10 product-page capture, PDF indices 1-7; the source identifies only the EB-J10 Series",relevant_family_level_only,,,relevant_family_level_only,moderate,relevant_family_level_only,EB-J10 is a series/family label; no exact orderable scope configuration/model number is printed in the supplied capture.
780,BU49211,Trident FNB / Areus FNA EBUS Needle,Thoracent / Micro-Tech Endoscopy,EBUS Needles - Thoracent.pdf,Product list 2025!thoracent,existing_alias_or_format_variant,PRD-62FB291C50,BU49211,existing_alias_or_format_variant,high,existing_alias_or_format_variant,
781,BU49221,Trident FNB / Areus FNA EBUS Needle,Thoracent / Micro-Tech Endoscopy,EBUS Needles - Thoracent.pdf,Product list 2025!thoracent,existing_alias_or_format_variant,PRD-4A3F2CCBBF,BU49221,existing_alias_or_format_variant,high,existing_alias_or_format_variant,
782,BU49231,Trident FNB / Areus FNA EBUS Needle,Thoracent / Micro-Tech Endoscopy,EBUS Needles - Thoracent.pdf,Product list 2025!thoracent,existing_alias_or_format_variant,PRD-D44D27C76E,BU49231,existing_alias_or_format_variant,high,existing_alias_or_format_variant,
783,BU49241,Trident FNB / Areus FNA EBUS Needle,Thoracent / Micro-Tech Endoscopy,EBUS Needles - Thoracent.pdf,Product list 2025!thoracent,existing_alias_or_format_variant,PRD-AEEAFB2957,BU49241,existing_alias_or_format_variant,high,existing_alias_or_format_variant,
784,BU49251,Trident FNB / Areus FNA EBUS Needle,Thoracent / Micro-Tech Endoscopy,EBUS Needles - Thoracent.pdf,Product list 2025!thoracent,existing_alias_or_format_variant,PRD-609D197124,BU49251,existing_alias_or_format_variant,high,existing_alias_or_format_variant,
785,BU49261,Trident FNB / Areus FNA EBUS Needle,Thoracent / Micro-Tech Endoscopy,EBUS Needles - Thoracent.pdf,Product list 2025!thoracent,existing_alias_or_format_variant,PRD-B54B621217,BU49261,existing_alias_or_format_variant,high,existing_alias_or_format_variant,
786,Not stated in source,EFER-Dumon Modular Bronchoscope and Silicone Stent Placement System,Hood Laboratories / EFER,EFER-BRONCHOSCOPE-USER-MANUAL.pdf,,existing_family_or_package_variant,,,existing_family_or_package_variant,moderate,existing_family_or_package_variant,"Family-only system row; exact governed EFER components already exist, and no orderable system identifier is supplied."
787,Not stated in source,Ziehm Vision RFD 3D Mobile C-arm,Ziehm Imaging,en_productbrochure_ziehmvisionrfd3d_rev10_02_2026.pdf,Ziehm Vision RFD 3D product brochure,duplicate_source_row,PRD-7C2BC9D752,,duplicate_source_row,high,duplicate_source_row,Repeated canonical identity or family already represented by another assigned input row.
788,Ziehm Vision RFD 3D,Ziehm Vision RFD 3D Mobile C-arm,Ziehm Imaging,en_productbrochure_ziehmvisionrfd3d_rev10_02_2026.pdf,Ziehm Vision RFD 3D product brochure,existing_alias_or_format_variant,PRD-7C2BC9D752,,existing_alias_or_format_variant,high,existing_alias_or_format_variant,
789,EB-530US,Endobronchial Ultrasound Bronchoscope,FUJIFILM Healthcare Americas Corporation,Endobronchial Ultrasound (EBUS) scopes - FUJIFILM Healthcare Americas Corporation.pdf,"device.txt, PrimaryDI 04547410330182",duplicate_source_row,PRD-EBAEE8A314,EB-530US,duplicate_source_row,high,duplicate_source_row,Repeated canonical identity or family already represented by another assigned input row.
790,EB-710US,Endobronchial Ultrasound Bronchoscope,FUJIFILM Healthcare Americas Corporation,Endobronchial Ultrasound (EBUS) scopes - FUJIFILM Healthcare Americas Corporation.pdf,"device.txt, PrimaryDI 04547410520583",existing_alias_or_format_variant,PRD-F85C161CB5,EB-710US,existing_alias_or_format_variant,high,existing_alias_or_format_variant,
791,StraightShot M5,StraightShot M5 Microdebrider,Medtronic,ent-why-power-apexcut-blades-brochure.pdf,Document p. 2 (PDF page 4),irrelevant_to_current_scope,,,ent_microdebrider_source_without_airway_bronchoscopy_intended_use,high,ent_microdebrider_source_without_airway_bronchoscopy_intended_use,
792,BF-2.2S-160-20,Captura Pro Pulmonary Biopsy Forceps,Cook Medical,ESC-D63441-EN-F_M3_1643214583953.pdf,PDF p. 2,duplicate_source_row,PRD-9DA17FB213,G47687,official_reference_part_number_or_repeat_row_maps_to_same_orderable_configuration,high,official_reference_part_number_or_repeat_row_maps_to_same_orderable_configuration,
793,BF-2.2S-160-40,Captura Pro Pulmonary Biopsy Forceps,Cook Medical,ESC-D63441-EN-F_M3_1643214583953.pdf,PDF p. 2,duplicate_source_row,PRD-DFD79119A6,G47688,official_reference_part_number_or_repeat_row_maps_to_same_orderable_configuration,high,official_reference_part_number_or_repeat_row_maps_to_same_orderable_configuration,
794,BF-2.2S-160SP-20,Captura Pro Pulmonary Biopsy Forceps,Cook Medical,ESC-D63441-EN-F_M3_1643214583953.pdf,PDF p. 2,duplicate_source_row,PRD-7B34314342,G47689,official_reference_part_number_or_repeat_row_maps_to_same_orderable_configuration,high,official_reference_part_number_or_repeat_row_maps_to_same_orderable_configuration,
795,BF-2.2S-160SP-40,Captura Pro Pulmonary Biopsy Forceps,Cook Medical,ESC-D63441-EN-F_M3_1643214583953.pdf,PDF p. 2,duplicate_source_row,PRD-FE81710DC5,G47686,official_reference_part_number_or_repeat_row_maps_to_same_orderable_configuration,high,official_reference_part_number_or_repeat_row_maps_to_same_orderable_configuration,
796,BF-2.8SJ-160-20,Captura Pro Pulmonary Biopsy Forceps,Cook Medical,ESC-D63441-EN-F_M3_1643214583953.pdf,PDF p. 2,duplicate_source_row,PRD-94D3933795,G56992,official_reference_part_number_or_repeat_row_maps_to_same_orderable_configuration,high,official_reference_part_number_or_repeat_row_maps_to_same_orderable_configuration,
797,BF-2.8SJ-160-40,Captura Pro Pulmonary Biopsy Forceps,Cook Medical,ESC-D63441-EN-F_M3_1643214583953.pdf,PDF p. 2,duplicate_source_row,PRD-C43AE95696,G56993,official_reference_part_number_or_repeat_row_maps_to_same_orderable_configuration,high,official_reference_part_number_or_repeat_row_maps_to_same_orderable_configuration,
798,BF-2.8SJ-160SP-20,Captura Pro Pulmonary Biopsy Forceps,Cook Medical,ESC-D63441-EN-F_M3_1643214583953.pdf,PDF p. 2,duplicate_source_row,PRD-A4DEDCB630,G56994,official_reference_part_number_or_repeat_row_maps_to_same_orderable_configuration,high,official_reference_part_number_or_repeat_row_maps_to_same_orderable_configuration,
799,BF-2.8SJ-160SP-40,Captura Pro Pulmonary Biopsy Forceps,Cook Medical,ESC-D63441-EN-F_M3_1643214583953.pdf,PDF p. 2,duplicate_source_row,PRD-2BEB2A325B,G56995,official_reference_part_number_or_repeat_row_maps_to_same_orderable_configuration,high,official_reference_part_number_or_repeat_row_maps_to_same_orderable_configuration,
800,G47686,Captura Pro Pulmonary Biopsy Forceps,Cook Medical,ESC-D63441-EN-F_M3_1643214583953.pdf,Document p. not stated (PDF page 2),new_product_added,PRD-FE81710DC5,G47686,proposed_high_confidence_exact_id,high,proposed_high_confidence_exact_id,Proposed addition; not yet applied by this read-only agent.
801,G47687,Captura Pro Pulmonary Biopsy Forceps,Cook Medical,ESC-D63441-EN-F_M3_1643214583953.pdf,Document p. not stated (PDF page 2),new_product_added,PRD-9DA17FB213,G47687,proposed_high_confidence_exact_id,high,proposed_high_confidence_exact_id,Proposed addition; not yet applied by this read-only agent.
802,G47688,Captura Pro Pulmonary Biopsy Forceps,Cook Medical,ESC-D63441-EN-F_M3_1643214583953.pdf,Document p. not stated (PDF page 2),new_product_added,PRD-DFD79119A6,G47688,proposed_high_confidence_exact_id,high,proposed_high_confidence_exact_id,Proposed addition; not yet applied by this read-only agent.
803,G47689,Captura Pro Pulmonary Biopsy Forceps,Cook Medical,ESC-D63441-EN-F_M3_1643214583953.pdf,Document p. not stated (PDF page 2),new_product_added,PRD-7B34314342,G47689,proposed_high_confidence_exact_id,high,proposed_high_confidence_exact_id,Proposed addition; not yet applied by this read-only agent.
804,G56992,Captura Pro Pulmonary Biopsy Forceps,Cook Medical,ESC-D63441-EN-F_M3_1643214583953.pdf,Document p. not stated (PDF page 2),new_product_added,PRD-94D3933795,G56992,proposed_high_confidence_exact_id,high,proposed_high_confidence_exact_id,Proposed addition; not yet applied by this read-only agent.
805,G56993,Captura Pro Pulmonary Biopsy Forceps,Cook Medical,ESC-D63441-EN-F_M3_1643214583953.pdf,Document p. not stated (PDF page 2),new_product_added,PRD-C43AE95696,G56993,proposed_high_confidence_exact_id,high,proposed_high_confidence_exact_id,Proposed addition; not yet applied by this read-only agent.
806,G56994,Captura Pro Pulmonary Biopsy Forceps,Cook Medical,ESC-D63441-EN-F_M3_1643214583953.pdf,Document p. not stated (PDF page 2),new_product_added,PRD-A4DEDCB630,G56994,proposed_high_confidence_exact_id,high,proposed_high_confidence_exact_id,Proposed addition; not yet applied by this read-only agent.
807,G56995,Captura Pro Pulmonary Biopsy Forceps,Cook Medical,ESC-D63441-EN-F_M3_1643214583953.pdf,Document p. not stated (PDF page 2),new_product_added,PRD-2BEB2A325B,G56995,proposed_high_confidence_exact_id,high,proposed_high_confidence_exact_id,Proposed addition; not yet applied by this read-only agent.
808,Excalibur,Excalibur Laser Fiber,Not stated in source,Excalibur-Laser-Fiber-Brochure-2025.pdf,"Document p. Not separately numbered / see PDF index (PDF page Excalibur-Laser-Fiber-Brochure-2025.pdf:1,2)",existing_alias_or_format_variant,PRD-3C27441753,,existing_alias_or_format_variant,high,existing_alias_or_format_variant,Source resolves the missing manufacturer to ForTec Medical; current catalog already represents the Excalibur Holmium Laser Fiber family.
809,EB-710US,Ultrasonic Bronchoscope,FUJIFILM,factsheet_eb_710us.pdf,"device.txt, PrimaryDI 04547410520583",duplicate_source_row,PRD-F85C161CB5,EB-710US,duplicate_source_row,high,duplicate_source_row,Repeated canonical identity or family already represented by another assigned input row.
810,EB-530US,Endoscopic Ultrasound / EBUS System Component,FUJIFILM,factsheet_eb_710us.pdf; Fujifilm_EndoSolutionsPulmonology_2023_EN_144dpi.pdf; Fujifilm_EUS Brochure_03_2025_EN.pdf,"device.txt, PrimaryDI 04547410330182",duplicate_source_row,PRD-EBAEE8A314,EB-530US,duplicate_source_row,high,duplicate_source_row,Repeated canonical identity or family already represented by another assigned input row.
811,Not stated in source,OmniGuide CO2 Laser System,OmniGuide / ForTec Medical,ForTec-Medical-OmniGuide-Laser-Product-Brief.pdf,,existing_family_or_package_variant,PRD-1A381F0381,FELS-25A,existing_family_or_package_variant,moderate,existing_family_or_package_variant,Family-level marketing row without an exact input identifier; current catalog represents the BeamPath FELS-25A/IntelliGuide system.
812,C-PPD-500-WCE-IMH,"8/3/26, 10:09 PM Fuhrman Pleural/Pneumopericardial Drainage Set and Tray | Cook Medical - N/A",Cook Medical,Fuhrman Pleural_Pneumopericardial Drainage Set and Tray _ Cook Medical.pdf,Document p. 2/18 (PDF page 2),existing_alias_or_format_variant,PRD-0410844D48,G55713,official_reference_part_number_maps_to_existing_order_number,high,official_reference_part_number_maps_to_existing_order_number,
813,C-PPDY-1020-OH-011795- IMH,"8/3/26, 10:09 PM Fuhrman Pleural/Pneumopericardial Drainage Set and Tray | Cook Medical - N/A",Cook Medical,Fuhrman Pleural_Pneumopericardial Drainage Set and Tray _ Cook Medical.pdf,Document p. 13/18 (PDF page 13),duplicate_source_row,PRD-B8277C7991,G55726,official_reference_part_number_or_repeat_row_maps_to_same_orderable_configuration,high,official_reference_part_number_or_repeat_row_maps_to_same_orderable_configuration,
814,C-PPDY-700-022394-IMH,"8/3/26, 10:09 PM Fuhrman Pleural/Pneumopericardial Drainage Set and Tray | Cook Medical - N/A",Cook Medical,Fuhrman Pleural_Pneumopericardial Drainage Set and Tray _ Cook Medical.pdf,Document p. 9/18 (PDF page 9),duplicate_source_row,PRD-6B46EA332F,G55722,official_reference_part_number_or_repeat_row_maps_to_same_orderable_configuration,high,official_reference_part_number_or_repeat_row_maps_to_same_orderable_configuration,
815,C-PPDY-850-IMH,"8/3/26, 10:09 PM Fuhrman Pleural/Pneumopericardial Drainage Set and Tray | Cook Medical - N/A",Cook Medical,Fuhrman Pleural_Pneumopericardial Drainage Set and Tray _ Cook Medical.pdf,Document p. 11/18 (PDF page 11),duplicate_source_row,PRD-805A7C312F,G55724,official_reference_part_number_or_repeat_row_maps_to_same_orderable_configuration,high,official_reference_part_number_or_repeat_row_maps_to_same_orderable_configuration,
816,G55722,"8/3/26, 10:09 PM Fuhrman Pleural/Pneumopericardial Drainage Set and Tray | Cook Medical - N/A",Cook Medical,Fuhrman Pleural_Pneumopericardial Drainage Set and Tray _ Cook Medical.pdf,Document p. 9/18 (PDF page 9),new_product_added,PRD-6B46EA332F,G55722,proposed_high_confidence_exact_id,high,proposed_high_confidence_exact_id,Proposed addition; not yet applied by this read-only agent.
817,G55724,"8/3/26, 10:09 PM Fuhrman Pleural/Pneumopericardial Drainage Set and Tray | Cook Medical - N/A",Cook Medical,Fuhrman Pleural_Pneumopericardial Drainage Set and Tray _ Cook Medical.pdf,Document p. 11/18 (PDF page 11),new_product_added,PRD-805A7C312F,G55724,proposed_high_confidence_exact_id,high,proposed_high_confidence_exact_id,Proposed addition; not yet applied by this read-only agent.
818,G55726,"8/3/26, 10:09 PM Fuhrman Pleural/Pneumopericardial Drainage Set and Tray | Cook Medical - N/A",Cook Medical,Fuhrman Pleural_Pneumopericardial Drainage Set and Tray _ Cook Medical.pdf,Document p. 13/18 (PDF page 13),new_product_added,PRD-B8277C7991,G55726,proposed_high_confidence_exact_id,high,proposed_high_confidence_exact_id,Proposed addition; not yet applied by this read-only agent.
819,C-PPD-1020-WCE-IMH,"8/3/26, 10:09 PM Fuhrman Pleural/Pneumopericardial Drainage Set and Tray | Cook Medical - N/A; 15 Cookie Set; 6 tings",Cook Medical,Fuhrman Pleural_Pneumopericardial Drainage Set and Tray _ Cook Medical.pdf,Document p. 6/18 (PDF page 6),existing_alias_or_format_variant,PRD-993D8701CA,G55716,official_reference_part_number_maps_to_existing_order_number,high,official_reference_part_number_maps_to_existing_order_number,
820,C-PPD-1200-CHILDRENS- 082694-IMH,"8/3/26, 10:09 PM Fuhrman Pleural/Pneumopericardial Drainage Set and Tray | Cook Medical - N/A; 15 Cookie Set; 6 tings",Cook Medical,Fuhrman Pleural_Pneumopericardial Drainage Set and Tray _ Cook Medical.pdf,Document p. 7/18 (PDF page 7),duplicate_source_row,PRD-0A33F2E846,G55727,official_reference_part_number_or_repeat_row_maps_to_same_orderable_configuration,high,official_reference_part_number_or_repeat_row_maps_to_same_orderable_configuration,
821,C-PPD-600-WCE-IMH,"8/3/26, 10:09 PM Fuhrman Pleural/Pneumopericardial Drainage Set and Tray | Cook Medical - N/A; 15 Cookie Set; 6 tings",Cook Medical,Fuhrman Pleural_Pneumopericardial Drainage Set and Tray _ Cook Medical.pdf,Document p. 3/18 (PDF page 3),existing_alias_or_format_variant,PRD-F7FFFFA87F,G55714,official_reference_part_number_maps_to_existing_order_number,high,official_reference_part_number_maps_to_existing_order_number,
822,C-PPD-850-IMH,"8/3/26, 10:09 PM Fuhrman Pleural/Pneumopericardial Drainage Set and Tray | Cook Medical - N/A; 15 Cookie Set; 6 tings",Cook Medical,Fuhrman Pleural_Pneumopericardial Drainage Set and Tray _ Cook Medical.pdf,Document p. 4/18 (PDF page 4),existing_alias_or_format_variant,PRD-C0FA666A98,G55723,official_reference_part_number_maps_to_existing_order_number,high,official_reference_part_number_maps_to_existing_order_number,
823,C-PPD-850-WCE-IMH,"8/3/26, 10:09 PM Fuhrman Pleural/Pneumopericardial Drainage Set and Tray | Cook Medical - N/A; 15 Cookie Set; 6 tings",Cook Medical,Fuhrman Pleural_Pneumopericardial Drainage Set and Tray _ Cook Medical.pdf,Document p. 5/18 (PDF page 5),duplicate_source_row,PRD-3355DFC82B,G55715,official_reference_part_number_or_repeat_row_maps_to_same_orderable_configuration,high,official_reference_part_number_or_repeat_row_maps_to_same_orderable_configuration,
824,G55714,"8/3/26, 10:09 PM Fuhrman Pleural/Pneumopericardial Drainage Set and Tray | Cook Medical - N/A; 15 Cookie Set; 6 tings",Cook Medical,Fuhrman Pleural_Pneumopericardial Drainage Set and Tray _ Cook Medical.pdf,Document p. 3/18 (PDF page 3),existing_exact,PRD-F7FFFFA87F,G55714,exact_identifier,high,exact_identifier,
825,G55715,"8/3/26, 10:09 PM Fuhrman Pleural/Pneumopericardial Drainage Set and Tray | Cook Medical - N/A; 15 Cookie Set; 6 tings",Cook Medical,Fuhrman Pleural_Pneumopericardial Drainage Set and Tray _ Cook Medical.pdf,Document p. 5/18 (PDF page 5),new_product_added,PRD-3355DFC82B,G55715,proposed_high_confidence_exact_id,high,proposed_high_confidence_exact_id,Proposed addition; not yet applied by this read-only agent.
826,G55716,"8/3/26, 10:09 PM Fuhrman Pleural/Pneumopericardial Drainage Set and Tray | Cook Medical - N/A; 15 Cookie Set; 6 tings",Cook Medical,Fuhrman Pleural_Pneumopericardial Drainage Set and Tray _ Cook Medical.pdf,Document p. 6/18 (PDF page 6),existing_exact,PRD-993D8701CA,G55716,exact_identifier,high,exact_identifier,
827,G55723,"8/3/26, 10:09 PM Fuhrman Pleural/Pneumopericardial Drainage Set and Tray | Cook Medical - N/A; 15 Cookie Set; 6 tings",Cook Medical,Fuhrman Pleural_Pneumopericardial Drainage Set and Tray _ Cook Medical.pdf,Document p. 4/18 (PDF page 4),existing_exact,PRD-C0FA666A98,G55723,exact_identifier,high,exact_identifier,
828,G55727,"8/3/26, 10:09 PM Fuhrman Pleural/Pneumopericardial Drainage Set and Tray | Cook Medical - N/A; 15 Cookie Set; 6 tings",Cook Medical,Fuhrman Pleural_Pneumopericardial Drainage Set and Tray _ Cook Medical.pdf,Document p. 7/18 (PDF page 7),new_product_added,PRD-0A33F2E846,G55727,proposed_high_confidence_exact_id,high,proposed_high_confidence_exact_id,Proposed addition; not yet applied by this read-only agent.
829,BL-7000,Pulmonary Endoscopy System Component,FUJIFILM,Fujifilm_EndoSolutionsPulmonology_2023_EN_144dpi.pdf,"p. 31, BL-7000 ELUXEO 4-LED light source",existing_exact,PRD-CC28627AEB,BL-7000,existing_exact,high,existing_exact,
830,EB-530P,Pulmonary Endoscopy System Component,FUJIFILM,Fujifilm_EndoSolutionsPulmonology_2023_EN_144dpi.pdf,"device.txt, PrimaryDI 04547410343205",existing_exact,PRD-6F64134373,EB-530P,existing_exact,high,existing_exact,
831,EB-530S,Pulmonary Endoscopy System Component,FUJIFILM,Fujifilm_EndoSolutionsPulmonology_2023_EN_144dpi.pdf,"device.txt, PrimaryDI 04547410333312",existing_exact,PRD-5A0C3D8844,EB-530S,existing_exact,high,existing_exact,
832,EB-530T,Pulmonary Endoscopy System Component,FUJIFILM,Fujifilm_EndoSolutionsPulmonology_2023_EN_144dpi.pdf,"device.txt, PrimaryDI 04547410330151",existing_exact,PRD-48C4E1CC20,EB-530T,existing_exact,high,existing_exact,
833,EB-530XT,Pulmonary Endoscopy System Component,FUJIFILM,Fujifilm_EndoSolutionsPulmonology_2023_EN_144dpi.pdf,"PDF page index 20; printed p. 20, EB-530XT VIDEO BRONCHOSCOPE specifications",new_product_added,PRD-6792EF1447,EB-530XT,authoritative_exact_identity,high,new_product_added,"Exact model identity and 6.2 mm distal/6.3 mm insertion/3.2 mm channel/600 mm working length are printed in the official pulmonology brochure. Earlier generator comments omitted it solely for lack of GUDID; this brief expressly makes exact manufacturer-brochure identity sufficient, with market status handled separately. Reuse SRC051."
834,EB-580S,Pulmonary Endoscopy System Component,FUJIFILM,Fujifilm_EndoSolutionsPulmonology_2023_EN_144dpi.pdf,"device.txt, PrimaryDI 04547410400380",existing_exact,PRD-6EDE2453EE,EB-580S,existing_exact,high,existing_exact,
835,EB-580T,Pulmonary Endoscopy System Component,FUJIFILM,Fujifilm_EndoSolutionsPulmonology_2023_EN_144dpi.pdf,"device.txt, PrimaryDI 04547410400397",existing_exact,PRD-FE27794D4C,EB-580T,existing_exact,high,existing_exact,
836,EB-710P,Pulmonary Endoscopy System Component,FUJIFILM,Fujifilm_EndoSolutionsPulmonology_2023_EN_144dpi.pdf,"device.txt, PrimaryDI 04547410482478",existing_exact,PRD-D7472146DC,EB-710P,existing_exact,high,existing_exact,
837,EP-6000,Pulmonary Endoscopy System Component,FUJIFILM,Fujifilm_EndoSolutionsPulmonology_2023_EN_144dpi.pdf,"p. 32, EP-6000 ELUXEO Lite video processor",existing_exact,PRD-450492ECBB,EP-6000,existing_exact,high,existing_exact,
838,VP-7000,Pulmonary Endoscopy System Component,FUJIFILM,Fujifilm_EndoSolutionsPulmonology_2023_EN_144dpi.pdf,"p. 31, VP-7000 ELUXEO video processor",existing_exact,PRD-64F3BFC979,VP-7000,existing_exact,high,existing_exact,
839,SU-1,Endoscopic Ultrasound / EBUS System Component,FUJIFILM,Fujifilm_EndoSolutionsPulmonology_2023_EN_144dpi.pdf; Fujifilm_EUS Brochure_03_2025_EN.pdf,"p. 27, SU-1 Endoscopic Ultrasonic Processor specifications",existing_exact,PRD-412C78FBE5,SU-1,existing_exact,high,existing_exact,
840,BS-102,Endoscopic Ultrasound / EBUS System Component,FUJIFILM,Fujifilm_EUS Brochure_03_2025_EN.pdf,"Document p. Not separately numbered / see PDF index (PDF page Fujifilm_EUS Brochure_03_2025_EN.pdf:6,11)",irrelevant_to_current_scope,,,irrelevant_to_current_scope,high,irrelevant_to_current_scope,"The FUJIFILM EUS brochure assigns these models to EG-series gastrointestinal ultrasonic endoscopes/accessories, not the EB-series bronchoscopy system."
841,EG-530UR2,Endoscopic Ultrasound / EBUS System Component,FUJIFILM,Fujifilm_EUS Brochure_03_2025_EN.pdf,Document p. Not separately numbered / see PDF index (PDF page Fujifilm_EUS Brochure_03_2025_EN.pdf:21),irrelevant_to_current_scope,,,irrelevant_to_current_scope,high,irrelevant_to_current_scope,"The FUJIFILM EUS brochure assigns these models to EG-series gastrointestinal ultrasonic endoscopes/accessories, not the EB-series bronchoscopy system."
842,EG-530UT2,Endoscopic Ultrasound / EBUS System Component,FUJIFILM,Fujifilm_EUS Brochure_03_2025_EN.pdf,Document p. Not separately numbered / see PDF index (PDF page Fujifilm_EUS Brochure_03_2025_EN.pdf:21),irrelevant_to_current_scope,,,irrelevant_to_current_scope,high,irrelevant_to_current_scope,"The FUJIFILM EUS brochure assigns these models to EG-series gastrointestinal ultrasonic endoscopes/accessories, not the EB-series bronchoscopy system."
843,EG-580UR,Endoscopic Ultrasound / EBUS System Component,FUJIFILM,Fujifilm_EUS Brochure_03_2025_EN.pdf,"Document p. Not separately numbered / see PDF index (PDF page Fujifilm_EUS Brochure_03_2025_EN.pdf:2,11,13,18,21)",irrelevant_to_current_scope,,,irrelevant_to_current_scope,high,irrelevant_to_current_scope,"The FUJIFILM EUS brochure assigns these models to EG-series gastrointestinal ultrasonic endoscopes/accessories, not the EB-series bronchoscopy system."
844,EG-580UT,Endoscopic Ultrasound / EBUS System Component,FUJIFILM,Fujifilm_EUS Brochure_03_2025_EN.pdf,"Document p. Not separately numbered / see PDF index (PDF page Fujifilm_EUS Brochure_03_2025_EN.pdf:2,10,11,13,17,18,21)",irrelevant_to_current_scope,,,irrelevant_to_current_scope,high,irrelevant_to_current_scope,"The FUJIFILM EUS brochure assigns these models to EG-series gastrointestinal ultrasonic endoscopes/accessories, not the EB-series bronchoscopy system."
845,EG-740UT,Endoscopic Ultrasound / EBUS System Component,FUJIFILM,Fujifilm_EUS Brochure_03_2025_EN.pdf,"Document p. Not separately numbered / see PDF index (PDF page Fujifilm_EUS Brochure_03_2025_EN.pdf:2,6,7,11,13,17,18,21)",irrelevant_to_current_scope,,,irrelevant_to_current_scope,high,irrelevant_to_current_scope,"The FUJIFILM EUS brochure assigns these models to EG-series gastrointestinal ultrasonic endoscopes/accessories, not the EB-series bronchoscopy system."
846,BPS2001,"Biopsy forceps - Shaft diameter 1,50 mm / 2 mobile jaws",Hood Laboratories,hood-labs-F973-Airway-catalog-6-2022.pdf,Document p. 4 (PDF page 3),new_product_added,PRD-AACAFBB1E3,BPS2001,proposed_high_confidence_exact_id,high,proposed_high_confidence_exact_id,Hood Laboratories is the source/distributor; source branding and existing catalog resolve the device manufacturer to EFER.
847,BKE3020,"BKC3000 STANDARD PEDIATRIC BRONCHOSCOPE KIT BI2402-3 Pediatric telescopic stent loader, color coded black",Hood Laboratories,hood-labs-F973-Airway-catalog-6-2022.pdf,Document p. 11 (PDF page 7),new_product_added,PRD-0A907A3C1A,BKE3020,proposed_high_confidence_exact_id,high,proposed_high_confidence_exact_id,Hood Laboratories is the source/distributor; source branding and existing catalog resolve the device manufacturer to EFER.
848,BKP3040,BKS3000 STENT PLACEMENT KIT + BI2001-3,Hood Laboratories,hood-labs-F973-Airway-catalog-6-2022.pdf,Document p. 10 (PDF page 6),new_product_added,PRD-A2AFB61CA7,BKP3040,proposed_high_confidence_exact_id,high,proposed_high_confidence_exact_id,Hood Laboratories is the source/distributor; source branding and existing catalog resolve the device manufacturer to EFER.
849,BS2315-3,"Cap dia. 25 mm for black tube, color coded blue",Hood Laboratories,hood-labs-F973-Airway-catalog-6-2022.pdf,Document p. 8 (PDF page 5),new_product_added,PRD-8551E04A9E,BS2315-3,proposed_high_confidence_exact_id,high,proposed_high_confidence_exact_id,Hood Laboratories is the source/distributor; source branding and existing catalog resolve the device manufacturer to EFER.
850,BS2302-3,"Cap dia. 25 mm for endoscope dia. 4 mm,",Hood Laboratories,hood-labs-F973-Airway-catalog-6-2022.pdf,Document p. 8 (PDF page 5),new_product_added,PRD-0268D7E030,BS2302-3,proposed_high_confidence_exact_id,high,proposed_high_confidence_exact_id,Hood Laboratories is the source/distributor; source branding and existing catalog resolve the device manufacturer to EFER.
851,BS2311-3,"Cap dia. 25 mm for endoscope dia. 5,5 mm + instrument",Hood Laboratories,hood-labs-F973-Airway-catalog-6-2022.pdf,Document p. 8 (PDF page 5),new_product_added,PRD-4333060F93,BS2311-3,proposed_high_confidence_exact_id,high,proposed_high_confidence_exact_id,Hood Laboratories is the source/distributor; source branding and existing catalog resolve the device manufacturer to EFER.
852,BS2304-3,"Cap dia. 25 mm for fiberscope dia. 4 mm,",Hood Laboratories,hood-labs-F973-Airway-catalog-6-2022.pdf,Document p. 8 (PDF page 5),new_product_added,PRD-C46460490C,BS2304-3,proposed_high_confidence_exact_id,high,proposed_high_confidence_exact_id,Hood Laboratories is the source/distributor; source branding and existing catalog resolve the device manufacturer to EFER.
853,BS2305-3,"Cap dia. 25 mm for fiberscope dia. 6 mm,",Hood Laboratories,hood-labs-F973-Airway-catalog-6-2022.pdf,Document p. 8 (PDF page 5),new_product_added,PRD-040ECD5E76,BS2305-3,proposed_high_confidence_exact_id,high,proposed_high_confidence_exact_id,Hood Laboratories is the source/distributor; source branding and existing catalog resolve the device manufacturer to EFER.
854,BS2307-3,"Cap dia. 25 mm for green tube, color coded green",Hood Laboratories,hood-labs-F973-Airway-catalog-6-2022.pdf,Document p. 8 (PDF page 5),new_product_added,PRD-52E905C321,BS2307-3,proposed_high_confidence_exact_id,high,proposed_high_confidence_exact_id,Hood Laboratories is the source/distributor; source branding and existing catalog resolve the device manufacturer to EFER.
855,BS2306-3,"Cap dia. 25 mm for red tube, color coded red",Hood Laboratories,hood-labs-F973-Airway-catalog-6-2022.pdf,Document p. 8 (PDF page 5),new_product_added,PRD-F33AA311E4,BS2306-3,proposed_high_confidence_exact_id,high,proposed_high_confidence_exact_id,Hood Laboratories is the source/distributor; source branding and existing catalog resolve the device manufacturer to EFER.
856,BS2101-3,Cap diameter 12 mm without hole color coded blue (x2) SEMI-RIGID FORCEPS KIT,Hood Laboratories,hood-labs-F973-Airway-catalog-6-2022.pdf,Document p. 8 (PDF page 5),new_product_added,PRD-386D5501C9,BS2101-3,proposed_high_confidence_exact_id,high,proposed_high_confidence_exact_id,Hood Laboratories is the source/distributor; source branding and existing catalog resolve the device manufacturer to EFER.
857,BS2319-3,Cap for optical forceps (x1),Hood Laboratories,hood-labs-F973-Airway-catalog-6-2022.pdf,Document p. 8 (PDF page 5),new_product_added,PRD-A82B13E74B,BS2319-3,proposed_high_confidence_exact_id,high,proposed_high_confidence_exact_id,Hood Laboratories is the source/distributor; source branding and existing catalog resolve the device manufacturer to EFER.
858,BD2501-3,Compact base,Hood Laboratories,hood-labs-F973-Airway-catalog-6-2022.pdf,Document p. 8 (PDF page 5),new_product_added,PRD-43D7482BB7,BD2501-3,proposed_high_confidence_exact_id,high,proposed_high_confidence_exact_id,Hood Laboratories is the source/distributor; source branding and existing catalog resolve the device manufacturer to EFER.
859,BPS2007,Grasping forceps - Shaft diameter 1.5 mm / 1 fenestrated,Hood Laboratories,hood-labs-F973-Airway-catalog-6-2022.pdf,Document p. 5 (PDF page 4),new_product_added,PRD-040164F5D4,BPS2007,proposed_high_confidence_exact_id,high,proposed_high_confidence_exact_id,Hood Laboratories is the source/distributor; source branding and existing catalog resolve the device manufacturer to EFER.
860,BPS2002,Grasping forceps 32-3230-430HM Optical grasping forceps,Hood Laboratories,hood-labs-F973-Airway-catalog-6-2022.pdf,Document p. 4 (PDF page 3),new_product_added,PRD-EA44AB3927,BPS2002,proposed_high_confidence_exact_id,high,proposed_high_confidence_exact_id,Hood Laboratories is the source/distributor; source branding and existing catalog resolve the device manufacturer to EFER.
861,BPS2004,Hook scissors BS2319-3 Cap for optical forceps (x1),Hood Laboratories,hood-labs-F973-Airway-catalog-6-2022.pdf,Document p. 4 (PDF page 3),new_product_added,PRD-8096B8A38E,BPS2004,proposed_high_confidence_exact_id,high,proposed_high_confidence_exact_id,Hood Laboratories is the source/distributor; source branding and existing catalog resolve the device manufacturer to EFER.
862,BR2200-3,"Introducer tube for tracheal tube, color coded yellow",Hood Laboratories,hood-labs-F973-Airway-catalog-6-2022.pdf,Document p. 8 (PDF page 5),new_product_added,PRD-876801D999,BR2200-3,proposed_high_confidence_exact_id,high,proposed_high_confidence_exact_id,Hood Laboratories is the source/distributor; source branding and existing catalog resolve the device manufacturer to EFER.
863,BR2101-3,"Introducer tube, color coded black BS2313-3 Cap dia. 25 mm, color coded red, for red stent placement",Hood Laboratories,hood-labs-F973-Airway-catalog-6-2022.pdf,Document p. 8 (PDF page 5),new_product_added,PRD-D711DF7EE1,BR2101-3,proposed_high_confidence_exact_id,high,proposed_high_confidence_exact_id,Hood Laboratories is the source/distributor; source branding and existing catalog resolve the device manufacturer to EFER.
864,BR2103-3,"Introducer tube, color coded red BS2310-3 Cap dia. 25 mm for endoscope dia. 4 mm + instrument",Hood Laboratories,hood-labs-F973-Airway-catalog-6-2022.pdf,Document p. 8 (PDF page 5),new_product_added,PRD-D5A822A291,BR2103-3,proposed_high_confidence_exact_id,high,proposed_high_confidence_exact_id,Hood Laboratories is the source/distributor; source branding and existing catalog resolve the device manufacturer to EFER.
865,BI2001-3,irrigation adapter,Hood Laboratories,hood-labs-F973-Airway-catalog-6-2022.pdf,Document p. 10 (PDF page 6),new_product_added,PRD-DF26D98A85,BI2001-3,proposed_high_confidence_exact_id,high,proposed_high_confidence_exact_id,Hood Laboratories is the source/distributor; source branding and existing catalog resolve the device manufacturer to EFER.
866,BB2403-3,"Jet ventilation obturator for bases placement, color coded black",Hood Laboratories,hood-labs-F973-Airway-catalog-6-2022.pdf,Document p. 8 (PDF page 5),new_product_added,PRD-773959E0B5,BB2403-3,proposed_high_confidence_exact_id,high,proposed_high_confidence_exact_id,Hood Laboratories is the source/distributor; source branding and existing catalog resolve the device manufacturer to EFER.
867,BB2402-3,"Lateral obturator with two gates BR2000-3 Introducer tube for bronchial tube, color coded orange",Hood Laboratories,hood-labs-F973-Airway-catalog-6-2022.pdf,Document p. 8 (PDF page 5),new_product_added,PRD-AA897B2F51,BB2402-3,proposed_high_confidence_exact_id,high,proposed_high_confidence_exact_id,Hood Laboratories is the source/distributor; source branding and existing catalog resolve the device manufacturer to EFER.
868,BK2100-3,Pack of 10 seal rings (5 of 14 x 1 / 5 of 16 x 1),Hood Laboratories,hood-labs-F973-Airway-catalog-6-2022.pdf,Document p. 8 (PDF page 5),new_product_added,PRD-0A7B35E327,BK2100-3,proposed_high_confidence_exact_id,high,proposed_high_confidence_exact_id,Hood Laboratories is the source/distributor; source branding and existing catalog resolve the device manufacturer to EFER.
869,BD2301-3,Pediatric base with BB2403-3 jet ventilation obturator,Hood Laboratories,hood-labs-F973-Airway-catalog-6-2022.pdf,Document p. 12 (PDF page 7),new_product_added,PRD-AF8F8B7F8C,BD2301-3,proposed_high_confidence_exact_id,high,proposed_high_confidence_exact_id,Hood Laboratories is the source/distributor; source branding and existing catalog resolve the device manufacturer to EFER.
870,BPP2001,"Pediatric biopsy forceps + BX3000 ENDOSCOPE + BKF3200 SEMI-RIGID FORCEPS KIT + BS2300-3 Cap dia. 25 mm without hole, color coded red for fenestration of silicone stents",Hood Laboratories,hood-labs-F973-Airway-catalog-6-2022.pdf,Document p. 12 (PDF page 7),new_product_added,PRD-EB9D39DA96,BPP2001,proposed_high_confidence_exact_id,high,proposed_high_confidence_exact_id,Hood Laboratories is the source/distributor; source branding and existing catalog resolve the device manufacturer to EFER.
871,BPP2003,Pediatric fenestrated grasping forceps,Hood Laboratories,hood-labs-F973-Airway-catalog-6-2022.pdf,Document p. 12 (PDF page 7),new_product_added,PRD-8669305653,BPP2003,proposed_high_confidence_exact_id,high,proposed_high_confidence_exact_id,Hood Laboratories is the source/distributor; source branding and existing catalog resolve the device manufacturer to EFER.
872,BPP2002,"Pediatric grasping forceps BS2301-3 Cap dia. 25 mm for endoscope dia. 3 mm,",Hood Laboratories,hood-labs-F973-Airway-catalog-6-2022.pdf,Document p. 12 (PDF page 7),new_product_added,PRD-85994FB803,BPP2002,proposed_high_confidence_exact_id,high,proposed_high_confidence_exact_id,Hood Laboratories is the source/distributor; source branding and existing catalog resolve the device manufacturer to EFER.
873,BR2402-3,"Pediatric introducer tube, color coded black irrigation adapter",Hood Laboratories,hood-labs-F973-Airway-catalog-6-2022.pdf,Document p. 12 (PDF page 7),new_product_added,PRD-B2DAC54DE1,BR2402-3,proposed_high_confidence_exact_id,high,proposed_high_confidence_exact_id,Hood Laboratories is the source/distributor; source branding and existing catalog resolve the device manufacturer to EFER.
874,BR2403-3,"Pediatric introducer tube, color coded red PEDIATRIC SEMI-RIGID FORCEPS",Hood Laboratories,hood-labs-F973-Airway-catalog-6-2022.pdf,Document p. 12 (PDF page 7),new_product_added,PRD-0DCE1BFE25,BR2403-3,proposed_high_confidence_exact_id,high,proposed_high_confidence_exact_id,Hood Laboratories is the source/distributor; source branding and existing catalog resolve the device manufacturer to EFER.
875,BP2402-3,"Pediatric plunger, color coded black BPP2003 Pediatric fenestrated grasping forceps - Shaft diameter 0.9",Hood Laboratories,hood-labs-F973-Airway-catalog-6-2022.pdf,Document p. 12 (PDF page 7),new_product_added,PRD-4D08CBA53B,BP2402-3,proposed_high_confidence_exact_id,high,proposed_high_confidence_exact_id,Hood Laboratories is the source/distributor; source branding and existing catalog resolve the device manufacturer to EFER.
876,BP2403-3,"Pediatric plunger, color coded red BPP2001 Pediatric biopsy forceps - Shaft diameter 1.5 mm / 1",Hood Laboratories,hood-labs-F973-Airway-catalog-6-2022.pdf,Document p. 12 (PDF page 7),new_product_added,PRD-E8039C8893,BP2403-3,proposed_high_confidence_exact_id,high,proposed_high_confidence_exact_id,Hood Laboratories is the source/distributor; source branding and existing catalog resolve the device manufacturer to EFER.
877,BKF3200,PEDIATRIC SEMI-RIGID FORCEPS KIT BKE3030 BKC3000 STANDARD PEDIATRIC BRONCHOSCOPE KIT (price for one pack of 5 pieces),Hood Laboratories,hood-labs-F973-Airway-catalog-6-2022.pdf,Document p. 11 (PDF page 7),new_product_added,PRD-60EF0F869B,BKF3200,proposed_high_confidence_exact_id,high,proposed_high_confidence_exact_id,Hood Laboratories is the source/distributor; source branding and existing catalog resolve the device manufacturer to EFER.
878,BI2403-3,"Pediatric telescopic stent loader, color coded red",Hood Laboratories,hood-labs-F973-Airway-catalog-6-2022.pdf,Document p. 12 (PDF page 7),new_product_added,PRD-7BA7CA85BF,BI2403-3,proposed_high_confidence_exact_id,high,proposed_high_confidence_exact_id,Hood Laboratories is the source/distributor; source branding and existing catalog resolve the device manufacturer to EFER.
879,BP2000-3,"Plunger for bronchial tube, color coded orange",Hood Laboratories,hood-labs-F973-Airway-catalog-6-2022.pdf,Document p. 8 (PDF page 5),new_product_added,PRD-41CD2EE0E9,BP2000-3,proposed_high_confidence_exact_id,high,proposed_high_confidence_exact_id,Hood Laboratories is the source/distributor; source branding and existing catalog resolve the device manufacturer to EFER.
880,BP2200-3,"Plunger for tracheal tube, color coded yellow",Hood Laboratories,hood-labs-F973-Airway-catalog-6-2022.pdf,Document p. 8 (PDF page 5),new_product_added,PRD-C2B436250C,BP2200-3,proposed_high_confidence_exact_id,high,proposed_high_confidence_exact_id,Hood Laboratories is the source/distributor; source branding and existing catalog resolve the device manufacturer to EFER.
881,BP2101-3,"Plunger, color coded black BS2314-3 Cap dia. 25 mm, color coded grey, for black",Hood Laboratories,hood-labs-F973-Airway-catalog-6-2022.pdf,Document p. 8 (PDF page 5),new_product_added,PRD-B3E2267573,BP2101-3,proposed_high_confidence_exact_id,high,proposed_high_confidence_exact_id,Hood Laboratories is the source/distributor; source branding and existing catalog resolve the device manufacturer to EFER.
882,BP2103-3,"Plunger, color coded red",Hood Laboratories,hood-labs-F973-Airway-catalog-6-2022.pdf,Document p. 8 (PDF page 5),new_product_added,PRD-263DB41F76,BP2103-3,proposed_high_confidence_exact_id,high,proposed_high_confidence_exact_id,Hood Laboratories is the source/distributor; source branding and existing catalog resolve the device manufacturer to EFER.
883,BPS2008,Reverse grasping forceps - Shaft diameter 2.5 mm / 1,Hood Laboratories,hood-labs-F973-Airway-catalog-6-2022.pdf,Document p. 5 (PDF page 4),new_product_added,PRD-9E8587840A,BPS2008,proposed_high_confidence_exact_id,high,proposed_high_confidence_exact_id,Hood Laboratories is the source/distributor; source branding and existing catalog resolve the device manufacturer to EFER.
884,BKB3000,STANDARD ADULT BRONCHOSCOPE KIT BS2303-3,Hood Laboratories,hood-labs-F973-Airway-catalog-6-2022.pdf,Document p. 9 (PDF page 6),new_product_added,PRD-19047EA86A,BKB3000,proposed_high_confidence_exact_id,high,proposed_high_confidence_exact_id,Hood Laboratories is the source/distributor; source branding and existing catalog resolve the device manufacturer to EFER.
885,BKC3000,"STANDARD PEDIATRIC BRONCHOSCOPE KIT BKS3100 PEDIATRIC STENT PLACEMENT INSTRUMENTATION KIT BS2316-3 Cap dia. 25 mm, color coded red, for pediatric stent",Hood Laboratories,hood-labs-F973-Airway-catalog-6-2022.pdf,Document p. 11 (PDF page 7),new_product_added,PRD-FD5FCA373B,BKC3000,proposed_high_confidence_exact_id,high,proposed_high_confidence_exact_id,Hood Laboratories is the source/distributor; source branding and existing catalog resolve the device manufacturer to EFER.
886,BKS3100,STENT PLACEMENT KIT color coded blue,Hood Laboratories,hood-labs-F973-Airway-catalog-6-2022.pdf,Document p. 11 (PDF page 7),new_product_added,PRD-F5AB1E4575,BKS3100,proposed_high_confidence_exact_id,high,proposed_high_confidence_exact_id,Hood Laboratories is the source/distributor; source branding and existing catalog resolve the device manufacturer to EFER.
887,BPS2003,Stent removal forceps - Large shaft diameter 2.5 mm / 1 STENTS FENESTRATION FORCEPS BS2315-3,Hood Laboratories,hood-labs-F973-Airway-catalog-6-2022.pdf,Document p. 4 (PDF page 3),new_product_added,PRD-E3E979261F,BPS2003,proposed_high_confidence_exact_id,high,proposed_high_confidence_exact_id,Hood Laboratories is the source/distributor; source branding and existing catalog resolve the device manufacturer to EFER.
888,BD2410-3,Telescopic stent loader,Hood Laboratories,hood-labs-F973-Airway-catalog-6-2022.pdf,Document p. 8 (PDF page 5),existing_exact,PRD-40F16EE5D5,BD2410-3,exact_identifier_after_resolving_Hood_distributor_to_EFER_manufacturer,high,exact_identifier_after_resolving_Hood_distributor_to_EFER_manufacturer,
889,BPS2006,Telescopic stent loader,Hood Laboratories,hood-labs-F973-Airway-catalog-6-2022.pdf,Document p. 5 (PDF page 4),new_product_added,PRD-A6DFE867BA,BPS2006,proposed_high_confidence_exact_id,high,proposed_high_confidence_exact_id,Hood Laboratories is the source/distributor; source branding and existing catalog resolve the device manufacturer to EFER.
890,BI2200-3,"Telescopic stent loader for tracheal tube, color",Hood Laboratories,hood-labs-F973-Airway-catalog-6-2022.pdf,Document p. 8 (PDF page 5),new_product_added,PRD-B9548AC507,BI2200-3,proposed_high_confidence_exact_id,high,proposed_high_confidence_exact_id,Hood Laboratories is the source/distributor; source branding and existing catalog resolve the device manufacturer to EFER.
891,BI2101-3,"Telescopic stent loader, color coded black",Hood Laboratories,hood-labs-F973-Airway-catalog-6-2022.pdf,Document p. 8 (PDF page 5),new_product_added,PRD-AD431C7F33,BI2101-3,proposed_high_confidence_exact_id,high,proposed_high_confidence_exact_id,Hood Laboratories is the source/distributor; source branding and existing catalog resolve the device manufacturer to EFER.
892,BI2103-3,"Telescopic stent loader, color coded red dia. 4 mm, color coded red",Hood Laboratories,hood-labs-F973-Airway-catalog-6-2022.pdf,Document p. 8 (PDF page 5),new_product_added,PRD-14F7428222,BI2103-3,proposed_high_confidence_exact_id,high,proposed_high_confidence_exact_id,Hood Laboratories is the source/distributor; source branding and existing catalog resolve the device manufacturer to EFER.
893,BT2203-3,"Tube diameter 10,00/9,20 mm, length 26 cm,",Hood Laboratories,hood-labs-F973-Airway-catalog-6-2022.pdf,Document p. 8 (PDF page 5),new_product_added,PRD-D1874FEF53,BT2203-3,proposed_high_confidence_exact_id,high,proposed_high_confidence_exact_id,Hood Laboratories is the source/distributor; source branding and existing catalog resolve the device manufacturer to EFER.
894,BT2101-3,"Tube diameter 12,00/11,00 mm, length 36 cm, (PRICE FOR ONE PACK OF 5 PIECES)",Hood Laboratories,hood-labs-F973-Airway-catalog-6-2022.pdf,Document p. 8 (PDF page 5),new_product_added,PRD-8B6012963E,BT2101-3,proposed_high_confidence_exact_id,high,proposed_high_confidence_exact_id,Hood Laboratories is the source/distributor; source branding and existing catalog resolve the device manufacturer to EFER.
895,BT2210-3,"Tube diameter 13,20/12,20 mm, length 26 cm, color coded white",Hood Laboratories,hood-labs-F973-Airway-catalog-6-2022.pdf,Document p. 8 (PDF page 5),new_product_added,PRD-AFB67F2AD3,BT2210-3,proposed_high_confidence_exact_id,high,proposed_high_confidence_exact_id,Hood Laboratories is the source/distributor; source branding and existing catalog resolve the device manufacturer to EFER.
896,BT2000-3,"Tube diameter 13,20/12,20 mm, length 36 cm,",Hood Laboratories,hood-labs-F973-Airway-catalog-6-2022.pdf,Document p. 8 (PDF page 5),new_product_added,PRD-0BC1CD8B0F,BT2000-3,proposed_high_confidence_exact_id,high,proposed_high_confidence_exact_id,Hood Laboratories is the source/distributor; source branding and existing catalog resolve the device manufacturer to EFER.
897,BT2404-3,"Tube diameter 5,00/4,50 mm, length 20 cm, ventilated, compatible with pediatric BRONCHOSCOPE EFER-DUMON",Hood Laboratories,hood-labs-F973-Airway-catalog-6-2022.pdf,Document p. 12 (PDF page 7),new_product_added,PRD-63715C8967,BT2404-3,proposed_high_confidence_exact_id,high,proposed_high_confidence_exact_id,Hood Laboratories is the source/distributor; source branding and existing catalog resolve the device manufacturer to EFER.
898,BT2402-3,"Tube diameter 6,00/6,50 mm, length 20 cm, ventilated, BK2100-3 Pack of 10 seal rings (5 of 14 x 1 / 5 of 16 x 1)",Hood Laboratories,hood-labs-F973-Airway-catalog-6-2022.pdf,Document p. 12 (PDF page 7),new_product_added,PRD-6546F6126A,BT2402-3,proposed_high_confidence_exact_id,high,proposed_high_confidence_exact_id,Hood Laboratories is the source/distributor; source branding and existing catalog resolve the device manufacturer to EFER.
899,BT2205-3,"Tube diameter 8,00/7,00 mm, length 26 cm,",Hood Laboratories,hood-labs-F973-Airway-catalog-6-2022.pdf,Document p. 8 (PDF page 5),new_product_added,PRD-74097CDF9A,BT2205-3,proposed_high_confidence_exact_id,high,proposed_high_confidence_exact_id,Hood Laboratories is the source/distributor; source branding and existing catalog resolve the device manufacturer to EFER.
900,BT2105-3,"Tube diameter 8,00/7,00 mm, length 36 cm, BS2300-3 Cap dia. 25 mm without hole, color coded red",Hood Laboratories,hood-labs-F973-Airway-catalog-6-2022.pdf,Document p. 8 (PDF page 5),new_product_added,PRD-12E92BF8EC,BT2105-3,proposed_high_confidence_exact_id,high,proposed_high_confidence_exact_id,Hood Laboratories is the source/distributor; source branding and existing catalog resolve the device manufacturer to EFER.
901,GW10211,Hydro-Slide Pulmonary Guidewire,Thoracent / Micro-Tech Endoscopy,Hydro-Slide Pulmonary Guidewire - Thoracent.pdf,"PDF page index 2; printed p. 2/2, PRODUCT SPECIFICATIONS table",new_product_added,PRD-1B787D066C,GW10211,authoritative_exact_identity,high,new_product_added,"Thoracent-branded official product page; exact SKU, diameter, length, straight form, UOM, sterility, and single-use status are printed."
902,GW10221,Hydro-Slide Pulmonary Guidewire,Thoracent / Micro-Tech Endoscopy,Hydro-Slide Pulmonary Guidewire - Thoracent.pdf,"PDF page index 2; printed p. 2/2, PRODUCT SPECIFICATIONS table",new_product_added,PRD-F2DAE4E583,GW10221,authoritative_exact_identity,high,new_product_added,"Thoracent-branded official product page; exact SKU, diameter, length, straight form, UOM, sterility, and single-use status are printed."
903,CHR-CA-12.0,Chartis Pulmonary Assessment System Catheter,Pulmonx,IFU-Chartis-Pulmonary-Assessment-System-Catheter-100-0714-Revision-C-Released-2025-12-18.pdf,"device.txt, PrimaryDI 00811907030928",existing_exact,PRD-685E69DACA,CHR-CA-12.0,existing_exact,high,existing_exact,
904,CHR-CA-12.0-XL,Chartis Pulmonary Assessment System Catheter,Pulmonx,IFU-Chartis-Pulmonary-Assessment-System-Catheter-100-0714-Revision-C-Released-2025-12-18.pdf,"PDF page index 1; printed p. 1 of 4, Specifications table",new_product_added,PRD-F946AD81F2,CHR-CA-12.0-XL,authoritative_exact_identity,high,new_product_added,Exact distinct model and working length are printed in the official IFU. Earlier code deliberately omitted the XL for lack of UDI; this brief allows exact authoritative brochure/IFU identity and keeps current market status separate. Reuse SRC054 after confirming the supplied dated filename is the same Revision C document; local SHA-256 3b7cad49c9d5cbe5c1a559228e9faaa3a82b6dc7ad7b2afebb1e008974e8055d.
905,Ion Endoluminal System,Ion Endoluminal System,Intuitive Surgical,intuitive-ion-system-brochure-1051118.pdf,pp. 247-257,existing_exact,PRD-DF917ECDBF,Ion Endoluminal System,existing_exact,high,existing_exact,
906,10438,Angled Aspiration Biopsy Needle 1.6 mm x 47 cm,Karl Storz,Karl Storz.pdf,Document p. 84 (PDF page 92),existing_exact,PRD-2F1A67DE53,10438,Karl Storz/MFR-12BAB1E48C + exact normalized identifier 10438,high,manufacturer_and_catalog_number_exact,
907,10995,Application Cannula for Thoracic Drainage,Karl Storz,Karl Storz.pdf,Document p. 137;SP4;SP25 (PDF page 145;266;287),existing_exact,PRD-A88AEE6442,10995,Karl Storz/MFR-12BAB1E48C + exact normalized identifier 10995,high,manufacturer_and_catalog_number_exact,
908,30120X,"Autoclavable Plastic Cannula, Pack of 5",Karl Storz,Karl Storz.pdf,p. 144,existing_exact,PRD-427A070734,30120X,Karl Storz/MFR-12BAB1E48C + exact normalized identifier 30120X,high,manufacturer_and_catalog_number_exact,
909,10357,Deflecting Device,Karl Storz,Karl Storz.pdf,Document p. 63;66 (PDF page 71;74),existing_exact,PRD-2BC12F8AEF,10357,Karl Storz/MFR-12BAB1E48C + exact normalized identifier 10357,high,manufacturer_and_catalog_number_exact,
910,40120NL,"Flexible Cannula, No Valve",Karl Storz,Karl Storz.pdf,p. 144,existing_exact,PRD-0EA65ED2D3,40120NL,Karl Storz/MFR-12BAB1E48C + exact normalized identifier 40120NL,high,manufacturer_and_catalog_number_exact,
911,10434,HUZLY Aspirator and Bronchus Irrigator,Karl Storz,Karl Storz.pdf,Document p. 84;85;SP4;SP23 (PDF page 92;93;266;285),existing_exact,PRD-5902F1C231,10434,Karl Storz/MFR-12BAB1E48C + exact normalized identifier 10434,high,manufacturer_and_catalog_number_exact,
912,10454,Laryngeal Atomizer,Karl Storz,Karl Storz.pdf,Document p. 85 (PDF page 93),existing_exact,PRD-050EDDE140,10454,Karl Storz/MFR-12BAB1E48C + exact normalized identifier 10454,high,manufacturer_and_catalog_number_exact,
913,10924DL,Long Respirator Adapter,Karl Storz,Karl Storz.pdf,pp. 66-70,existing_exact,PRD-768CEEE32B,10924DL,Karl Storz/MFR-12BAB1E48C + exact normalized identifier 10924DL,high,manufacturer_and_catalog_number_exact,
914,10350MS,Optical Large Blunt Serrated Foreign Body Forceps,Karl Storz,Karl Storz.pdf,p. 72,existing_exact,PRD-2274F20402,10350MS,Karl Storz/MFR-12BAB1E48C + exact normalized identifier 10350MS,high,manufacturer_and_catalog_number_exact,
915,10350M,Optical Large Sharp Tissue Forceps,Karl Storz,Karl Storz.pdf,p. 72,existing_exact,PRD-10B24D66DD,10350M,Karl Storz/MFR-12BAB1E48C + exact normalized identifier 10350M,high,manufacturer_and_catalog_number_exact,
916,10352KF,Optical Soft-Foreign-Body Forceps,Karl Storz,Karl Storz.pdf,p. 73,existing_exact,PRD-EB01698273,10352KF,Karl Storz/MFR-12BAB1E48C + exact normalized identifier 10352KF,high,manufacturer_and_catalog_number_exact,
917,10350ST,Optical Stent Repositioning/Removal Forceps,Karl Storz,Karl Storz.pdf,p. 72,existing_exact,PRD-B540AFF326,10350ST,Karl Storz/MFR-12BAB1E48C + exact normalized identifier 10350ST,high,manufacturer_and_catalog_number_exact,
918,10990,RAMEL Pleurabiopsy Needle,Karl Storz,Karl Storz.pdf,Document p. 137;SP4;SP25 (PDF page 145;266;287),existing_exact,PRD-61EE4D5DE6,10990,Karl Storz/MFR-12BAB1E48C + exact normalized identifier 10990,high,manufacturer_and_catalog_number_exact,
919,10436,Straight Aspiration Biopsy Needle 1.6 mm x 47 cm,Karl Storz,Karl Storz.pdf,Document p. 84 (PDF page 92),existing_exact,PRD-DF989CBDCB,10436,Karl Storz/MFR-12BAB1E48C + exact normalized identifier 10436,high,manufacturer_and_catalog_number_exact,
920,10520,"TONN Stent Applicator 14-18 mm, max 10 cm",Karl Storz,Karl Storz.pdf,Document p. 68;69;SP4;SP17 (PDF page 76;77;266;279),existing_exact,PRD-BB11C206A4,10520,Karl Storz/MFR-12BAB1E48C + exact normalized identifier 10520,high,manufacturer_and_catalog_number_exact,
921,10530,"TONN Stent Applicator 14-18 mm, max 16 cm",Karl Storz,Karl Storz.pdf,Document p. 68;69;SP4;SP17 (PDF page 76;77;266;279),existing_exact,PRD-2158C0F6D1,10530,Karl Storz/MFR-12BAB1E48C + exact normalized identifier 10530,high,manufacturer_and_catalog_number_exact,
922,10540,"TONN Stent Applicator 8-13 mm, max 10 cm",Karl Storz,Karl Storz.pdf,Document p. 68;69;SP4;SP17 (PDF page 76;77;266;279),existing_exact,PRD-F00EF2568E,10540,Karl Storz/MFR-12BAB1E48C + exact normalized identifier 10540,high,manufacturer_and_catalog_number_exact,
923,10550,"TONN Stent Applicator 9-12 mm, max 6 cm",Karl Storz,Karl Storz.pdf,Document p. 68;69;SP4;SP17 (PDF page 76;77;266;279),existing_exact,PRD-DADAA6184C,10550,Karl Storz/MFR-12BAB1E48C + exact normalized identifier 10550,high,manufacturer_and_catalog_number_exact,
924,30120NO,"Trocar Only, Blunt Tip",Karl Storz,Karl Storz.pdf,p. 144,existing_exact,PRD-CCDCC41B7E,30120NO,Karl Storz/MFR-12BAB1E48C + exact normalized identifier 30120NO,high,manufacturer_and_catalog_number_exact,
925,40120A,"Trocar Only, No Valve",Karl Storz,Karl Storz.pdf,p. 144,existing_exact,PRD-1F69D6AD05,40120A,Karl Storz/MFR-12BAB1E48C + exact normalized identifier 40120A,high,manufacturer_and_catalog_number_exact,
926,10924D,"Adaptor, for respirator",Karl Storz,Karl Storz.pdf; THORAX.pdf,pp. 66-70,existing_exact,PRD-F14EF79E1A,10924D,Karl Storz/MFR-12BAB1E48C + exact normalized identifier 10924D,high,manufacturer_and_catalog_number_exact,
927,10479B,"Adaptor, for Suction Catheter 10468 B/10478 B",Karl Storz,Karl Storz.pdf; THORAX.pdf,p. 75,existing_exact,PRD-526F08F11A,10479B,Karl Storz/MFR-12BAB1E48C + exact normalized identifier 10479B,high,manufacturer_and_catalog_number_exact,
928,10338TRA,"Adjustable Magnifier, autoclavable, swing",Karl Storz,Karl Storz.pdf; THORAX.pdf,pp. 66-70,existing_exact,PRD-3CF45A4BFF,10338TRA,Karl Storz/MFR-12BAB1E48C + exact normalized identifier 10338TRA,high,manufacturer_and_catalog_number_exact,
929,10432T,Aspirator for Collecting Secretions without Cut-Off Hole,Karl Storz,Karl Storz.pdf; THORAX.pdf,p. 92,existing_exact,PRD-0A2ABE77F9,10432T,Karl Storz/MFR-12BAB1E48C + exact normalized identifier 10432T,high,manufacturer_and_catalog_number_exact,
930,10432N,"Aspirator, for collecting secretions, can be connected to suction tubes or suction catheters",Karl Storz,Karl Storz.pdf; THORAX.pdf,p. 92,existing_exact,PRD-019030A1C7,10432N,Karl Storz/MFR-12BAB1E48C + exact normalized identifier 10432N,high,manufacturer_and_catalog_number_exact,
931,10452B,"Bronchial Atomizer, 40 cm",Karl Storz,Karl Storz.pdf; THORAX.pdf,p. 93,existing_exact,PRD-17DB23EBC0,10452B,Karl Storz/MFR-12BAB1E48C + exact normalized identifier 10452B,high,manufacturer_and_catalog_number_exact,
932,10452A,"Bronchial Atomizer, with Graduated Container",Karl Storz,Karl Storz.pdf; THORAX.pdf,p. 93,existing_exact,PRD-99BC8714FF,10452A,Karl Storz/MFR-12BAB1E48C + exact normalized identifier 10452A,high,manufacturer_and_catalog_number_exact,
933,10318BP,"Bronchoscope Tube Universal, with proximal illumination, size 8.5, length 43 cm",Karl Storz,Karl Storz.pdf; THORAX.pdf,p. 67,existing_exact,PRD-E6A1370266,10318BP,Karl Storz/MFR-12BAB1E48C + exact normalized identifier 10318BP,high,manufacturer_and_catalog_number_exact,
934,10390BN,"Coagulating Suction Tube, insulated, with connector pin",Karl Storz,Karl Storz.pdf; THORAX.pdf,p. 91,existing_exact,PRD-825B745D18,10390BN,Karl Storz/MFR-12BAB1E48C + exact normalized identifier 10390BN,high,manufacturer_and_catalog_number_exact,
935,10390AN,"Coagulation Suction Tube, insulated, with connector",Karl Storz,Karl Storz.pdf; THORAX.pdf,p. 91,existing_exact,PRD-042A57F191,10390AN,Karl Storz/MFR-12BAB1E48C + exact normalized identifier 10390AN,high,manufacturer_and_catalog_number_exact,
936,10432ED,"Collection Device, plastic, for single use, with lid,",Karl Storz,Karl Storz.pdf; THORAX.pdf,p. 92,existing_exact,PRD-129E6C270A,10432ED,Karl Storz/MFR-12BAB1E48C + exact normalized identifier 10432ED,high,manufacturer_and_catalog_number_exact,
937,10384B,Cotton Applicator 35 cm,Karl Storz,Karl Storz.pdf; THORAX.pdf,p. 91,existing_exact,PRD-1E5D7D510F,10384B,Karl Storz/MFR-12BAB1E48C + exact normalized identifier 10384B,high,manufacturer_and_catalog_number_exact,
938,10384A,Cotton Applicator 50 cm,Karl Storz,Karl Storz.pdf; THORAX.pdf,p. 91,existing_exact,PRD-11ADF871FE,10384A,Karl Storz/MFR-12BAB1E48C + exact normalized identifier 10384A,high,manufacturer_and_catalog_number_exact,
939,10358B,"Flexible Biopsy Forceps, spoon-shaped, small size,",Karl Storz,Karl Storz.pdf; THORAX.pdf,p. 74,existing_exact,PRD-F9A98419EA,10358B,Karl Storz/MFR-12BAB1E48C + exact normalized identifier 10358B,high,manufacturer_and_catalog_number_exact,
940,30120NL,Flexible Cannula with Silicone Leaflet Valve,Karl Storz,Karl Storz.pdf; THORAX.pdf,p. 144,existing_exact,PRD-EAED780757,30120NL,Karl Storz/MFR-12BAB1E48C + exact normalized identifier 30120NL,high,manufacturer_and_catalog_number_exact,
941,10358A,"Flexible Forceps, spoon-shaped, for biopsy,",Karl Storz,Karl Storz.pdf; THORAX.pdf,p. 74,existing_exact,PRD-615CDFB8AB,10358A,Karl Storz/MFR-12BAB1E48C + exact normalized identifier 10358A,high,manufacturer_and_catalog_number_exact,
942,10315P,"FLUVOG Adaptor, with sliding glass",Karl Storz,Karl Storz.pdf; THORAX.pdf,pp. 66-70,existing_exact,PRD-758E53CAAF,10315P,Karl Storz/MFR-12BAB1E48C + exact normalized identifier 10315P,high,manufacturer_and_catalog_number_exact,
943,10314P,"FLUVOG Adaptor, with sliding glass window plug, sealing cap, notched lens and keyhole",Karl Storz,Karl Storz.pdf; THORAX.pdf,pp. 66-70,existing_exact,PRD-AF93E56FE5,10314P,Karl Storz/MFR-12BAB1E48C + exact normalized identifier 10314P,high,manufacturer_and_catalog_number_exact,
944,10370H,"Forceps, alligator, for hard foreign bodies, double action jaws,",Karl Storz,Karl Storz.pdf; THORAX.pdf,p. 87,existing_exact,PRD-698F9E72B0,10370H,Karl Storz/MFR-12BAB1E48C + exact normalized identifier 10370H,high,manufacturer_and_catalog_number_exact,
945,10372H,"Forceps, alligator, for hard foreign bodies, double action jaws,",Karl Storz,Karl Storz.pdf; THORAX.pdf,p. 89,existing_exact,PRD-BB5D8FBEA3,10372H,Karl Storz/MFR-12BAB1E48C + exact normalized identifier 10372H,high,manufacturer_and_catalog_number_exact,
946,10372HL,"Forceps, alligator, for hard foreign bodies, double action jaws,",Karl Storz,Karl Storz.pdf; THORAX.pdf,p. 89,existing_exact,PRD-9A5C5FEF7D,10372HL,Karl Storz/MFR-12BAB1E48C + exact normalized identifier 10372HL,high,manufacturer_and_catalog_number_exact,
947,10371H,"Forceps, alligator, for hard foreign bodies, double action jaws, sheath",Karl Storz,Karl Storz.pdf; THORAX.pdf,p. 88,existing_exact,PRD-38F9E96675,10371H,Karl Storz/MFR-12BAB1E48C + exact normalized identifier 10371H,high,manufacturer_and_catalog_number_exact,
948,10371HL,"Forceps, alligator, for hard foreign bodies, double action jaws, sheath",Karl Storz,Karl Storz.pdf; THORAX.pdf,p. 88,existing_exact,PRD-6CCE68D268,10371HL,Karl Storz/MFR-12BAB1E48C + exact normalized identifier 10371HL,high,manufacturer_and_catalog_number_exact,
949,10366H,"Forceps, alligator, for hard foreign bodies, single action jaws,",Karl Storz,Karl Storz.pdf; THORAX.pdf,p. 86,existing_exact,PRD-60ED7DF50E,10366H,Karl Storz/MFR-12BAB1E48C + exact normalized identifier 10366H,high,manufacturer_and_catalog_number_exact,
950,10367H,"Forceps, alligator, for hard foreign bodies, single action jaws,",Karl Storz,Karl Storz.pdf; THORAX.pdf,p. 86,existing_exact,PRD-7BC31438E7,10367H,Karl Storz/MFR-12BAB1E48C + exact normalized identifier 10367H,high,manufacturer_and_catalog_number_exact,
951,10386A,"Foreign Body Basket, with ring handle,",Karl Storz,Karl Storz.pdf; THORAX.pdf,p. 93,existing_exact,PRD-A2FCA81CFA,10386A,Karl Storz/MFR-12BAB1E48C + exact normalized identifier 10386A,high,manufacturer_and_catalog_number_exact,
952,10386B,"Foreign Body Basket, with ring handle, working length 35 cm",Karl Storz,Karl Storz.pdf; THORAX.pdf,p. 93,existing_exact,PRD-212BC58910,10386B,Karl Storz/MFR-12BAB1E48C + exact normalized identifier 10386B,high,manufacturer_and_catalog_number_exact,
953,10510N,"FREITAG Stent Forceps, for the",Karl Storz,Karl Storz.pdf; THORAX.pdf,p. 78,existing_exact,PRD-750BCA0F02,10510N,Karl Storz/MFR-12BAB1E48C + exact normalized identifier 10510N,high,manufacturer_and_catalog_number_exact,
954,10318ER,Full Lumen Operating Bronchoscope for Stent Application,Karl Storz,Karl Storz.pdf; THORAX.pdf,pp. 68-69,existing_exact,PRD-B99F53FBC5,10318ER,Karl Storz/MFR-12BAB1E48C + exact normalized identifier 10318ER,high,manufacturer_and_catalog_number_exact,
955,10318GL,Full Lumen Operating Bronchoscope for Stent Application,Karl Storz,Karl Storz.pdf; THORAX.pdf,pp. 68-69,existing_exact,PRD-33120D5BE2,10318GL,Karl Storz/MFR-12BAB1E48C + exact normalized identifier 10318GL,high,manufacturer_and_catalog_number_exact,
956,10318FL,"Full Lumen Operating Bronchoscope,",Karl Storz,Karl Storz.pdf; THORAX.pdf,pp. 68-69,existing_exact,PRD-71D13E3955,10318FL,Karl Storz/MFR-12BAB1E48C + exact normalized identifier 10318FL,high,manufacturer_and_catalog_number_exact,
957,10318F,"Full Lumen Operating Tracheoscope,",Karl Storz,Karl Storz.pdf; THORAX.pdf,pp. 68-69,existing_exact,PRD-F96DCD2AC6,10318F,Karl Storz/MFR-12BAB1E48C + exact normalized identifier 10318F,high,manufacturer_and_catalog_number_exact,
958,10318G,"Full Lumen Operating Tracheoscope,",Karl Storz,Karl Storz.pdf; THORAX.pdf,pp. 68-69,existing_exact,PRD-8D0C9F35DB,10318G,Karl Storz/MFR-12BAB1E48C + exact normalized identifier 10318G,high,manufacturer_and_catalog_number_exact,
959,10314BM,Glass Window Plug,Karl Storz,Karl Storz.pdf; THORAX.pdf,pp. 66-70,existing_exact,PRD-B05D337994,10314BM,Karl Storz/MFR-12BAB1E48C + exact normalized identifier 10314BM,high,manufacturer_and_catalog_number_exact,
960,10315M,Glass Window Plug,Karl Storz,Karl Storz.pdf; THORAX.pdf,pp. 66-70,existing_exact,PRD-A504350406,10315M,Karl Storz/MFR-12BAB1E48C + exact normalized identifier 10315M,high,manufacturer_and_catalog_number_exact,
961,10455A,"Graduated Container, only, autoclavable,",Karl Storz,Karl Storz.pdf; THORAX.pdf,p. 93,existing_exact,PRD-C737E93B1B,10455A,Karl Storz/MFR-12BAB1E48C + exact normalized identifier 10455A,high,manufacturer_and_catalog_number_exact,
962,10337R,GRONINGEN Optical Dilation Tracheoscope,Karl Storz,Karl Storz.pdf; THORAX.pdf,p. 70,existing_exact,PRD-BC16136731,10337R,Karl Storz/MFR-12BAB1E48C + exact normalized identifier 10337R,high,manufacturer_and_catalog_number_exact,
963,10337S,GRONINGEN Optical Dilation Tracheoscope,Karl Storz,Karl Storz.pdf; THORAX.pdf,p. 70,existing_exact,PRD-CA32599DA2,10337S,Karl Storz/MFR-12BAB1E48C + exact normalized identifier 10337S,high,manufacturer_and_catalog_number_exact,
964,10005BA,HOPKINS II Forward-Oblique Telescope,Karl Storz,Karl Storz.pdf; THORAX.pdf,pp. 70-73,existing_exact,PRD-5CCBBDD4CF,10005BA,Karl Storz/MFR-12BAB1E48C + exact normalized identifier 10005BA,high,manufacturer_and_catalog_number_exact,
965,10320BA,"HOPKINSr Forward-Oblique Telescope 30°, diameter 5.5 mm, length 50 cm, autoclavable,",Karl Storz,Karl Storz.pdf; THORAX.pdf,pp. 70-73,existing_exact,PRD-0FD6CC7A8E,10320BA,Karl Storz/MFR-12BAB1E48C + exact normalized identifier 10320BA,high,manufacturer_and_catalog_number_exact,
966,26072BA,"HOPKINSr II Forward-Oblique Telescope 30°, enlarged view, diameter 4 mm,",Karl Storz,Karl Storz.pdf; THORAX.pdf,p. 143,existing_exact,PRD-F1712066B6,26072BA,Karl Storz/MFR-12BAB1E48C + exact normalized identifier 26072BA,high,manufacturer_and_catalog_number_exact,
967,10320AA,"HOPKINSr Straight Forward Telescope 0°, diameter 5.5 mm, length 50 cm, autoclavable,",Karl Storz,Karl Storz.pdf; THORAX.pdf,pp. 70-73,existing_exact,PRD-EC45CB0F5D,10320AA,Karl Storz/MFR-12BAB1E48C + exact normalized identifier 10320AA,high,manufacturer_and_catalog_number_exact,
968,10005AA,"HOPKINS® II Straight Forward Telescope 0°, enlarged view 37, 62, 73",Karl Storz,Karl Storz.pdf; THORAX.pdf,pp. 70-73,existing_exact,PRD-3D91F04C91,10005AA,Karl Storz/MFR-12BAB1E48C + exact normalized identifier 10005AA,high,manufacturer_and_catalog_number_exact,
969,10328AA,HOPKINS® Straight Forward Telescope 0° 65,Karl Storz,Karl Storz.pdf; THORAX.pdf,pp. 70-73,existing_exact,PRD-6274807854,10328AA,Karl Storz/MFR-12BAB1E48C + exact normalized identifier 10328AA,high,manufacturer_and_catalog_number_exact,
970,10318K,"Injection Cannula, for positive pressure assisted ventilation system, LUER-Lock,",Karl Storz,Karl Storz.pdf; THORAX.pdf,pp. 66-70,existing_exact,PRD-06D2F10782,10318K,Karl Storz/MFR-12BAB1E48C + exact normalized identifier 10318K,high,manufacturer_and_catalog_number_exact,
971,10329A,"Instrument Guide, with A. F. (anti-fog) device, can",Karl Storz,Karl Storz.pdf; THORAX.pdf,p. 75,existing_exact,PRD-1C70287572,10329A,Karl Storz/MFR-12BAB1E48C + exact normalized identifier 10329A,high,manufacturer_and_catalog_number_exact,
972,10435A,Instruments for use with HOPKINS® Telescope 10320 AA and,Karl Storz,Karl Storz.pdf; THORAX.pdf,p. 75,existing_exact,PRD-934DA56D92,10435A,Karl Storz/MFR-12BAB1E48C + exact normalized identifier 10435A,high,manufacturer_and_catalog_number_exact,
973,26072A,"Optical Biopsy Forceps, double action jaws",Karl Storz,Karl Storz.pdf; THORAX.pdf,p. 143,existing_exact,PRD-16C811C696,26072A,Karl Storz/MFR-12BAB1E48C + exact normalized identifier 26072A,high,manufacturer_and_catalog_number_exact,
974,10352H,"Optical Forceps, alligator, for hard foreign bodies",Karl Storz,Karl Storz.pdf; THORAX.pdf,p. 73,existing_exact,PRD-4A98F07FC6,10352H,Karl Storz/MFR-12BAB1E48C + exact normalized identifier 10352H,high,manufacturer_and_catalog_number_exact,
975,10350HF,"Optical Forceps, alligator, for hard foreign bodies, large jaws, with spring-action handle",Karl Storz,Karl Storz.pdf; THORAX.pdf,p. 72,existing_exact,PRD-1905FD9828,10350HF,Karl Storz/MFR-12BAB1E48C + exact normalized identifier 10350HF,high,manufacturer_and_catalog_number_exact,
976,10350KF,"Optical Forceps, for peanuts and soft foreign bodies, with spring-action handle",Karl Storz,Karl Storz.pdf; THORAX.pdf,p. 72,existing_exact,PRD-A9183C4F8F,10350KF,Karl Storz/MFR-12BAB1E48C + exact normalized identifier 10350KF,high,manufacturer_and_catalog_number_exact,
977,10350L,"Optical Forceps, spoon-shaped, round, for biopsy",Karl Storz,Karl Storz.pdf; THORAX.pdf,p. 72,existing_exact,PRD-50DCC12BE8,10350L,Karl Storz/MFR-12BAB1E48C + exact normalized identifier 10350L,high,manufacturer_and_catalog_number_exact,
978,10352L,"Optical Forceps, spoon-shaped, round, for biopsy",Karl Storz,Karl Storz.pdf; THORAX.pdf,p. 73,existing_exact,PRD-2DACCAD2B4,10352L,Karl Storz/MFR-12BAB1E48C + exact normalized identifier 10352L,high,manufacturer_and_catalog_number_exact,
979,10352U,"Optical Forceps, universal, for biopsy, for removal",Karl Storz,Karl Storz.pdf; THORAX.pdf,p. 73,existing_exact,PRD-E02F46CDAD,10352U,Karl Storz/MFR-12BAB1E48C + exact normalized identifier 10352U,high,manufacturer_and_catalog_number_exact,
980,10350U,"Optical Forceps, universal, for biopsy, for the",Karl Storz,Karl Storz.pdf; THORAX.pdf,p. 72,existing_exact,PRD-E56FC05269,10350U,Karl Storz/MFR-12BAB1E48C + exact normalized identifier 10350U,high,manufacturer_and_catalog_number_exact,
981,10337T,"Optical Intubation Tracheoscope, GRONINGEN model 62",Karl Storz,Karl Storz.pdf; THORAX.pdf,p. 70,existing_exact,PRD-2110EC2BCF,10337T,Karl Storz/MFR-12BAB1E48C + exact normalized identifier 10337T,high,manufacturer_and_catalog_number_exact,
982,26072TK,"Optical Powder Blower, with atomizer and rubber bulb,",Karl Storz,Karl Storz.pdf; THORAX.pdf,p. 143,existing_exact,PRD-D14312CC6A,26072TK,Karl Storz/MFR-12BAB1E48C + exact normalized identifier 26072TK,high,manufacturer_and_catalog_number_exact,
983,26072SU,"Optical Suction Tube, for use with",Karl Storz,Karl Storz.pdf; THORAX.pdf,p. 143,existing_exact,PRD-762DCA1D6D,26072SU,Karl Storz/MFR-12BAB1E48C + exact normalized identifier 26072SU,high,manufacturer_and_catalog_number_exact,
984,10101FA,"Prismatic Light Deflector, autoclavable, fiber optic light transmission incorporated",Karl Storz,Karl Storz.pdf; THORAX.pdf,pp. 66-70,existing_exact,PRD-0EA2B293A4,10101FA,Karl Storz/MFR-12BAB1E48C + exact normalized identifier 10101FA,high,manufacturer_and_catalog_number_exact,
985,10316LR,Respirator Adapter for GRONINGEN Tracheoscope,Karl Storz,Karl Storz.pdf; THORAX.pdf,pp. 66-70,existing_exact,PRD-D0E745FF62,10316LR,Karl Storz/MFR-12BAB1E48C + exact normalized identifier 10316LR,high,manufacturer_and_catalog_number_exact,
986,10380D,"Same, diameter 2.5 mm",Karl Storz,Karl Storz.pdf; THORAX.pdf,p. 91,existing_exact,PRD-33C62E2093,10380D,Karl Storz/MFR-12BAB1E48C + exact normalized identifier 10380D,high,manufacturer_and_catalog_number_exact,
987,10380B,"Same, diameter 3 mm",Karl Storz,Karl Storz.pdf; THORAX.pdf,p. 91,existing_exact,PRD-1411E60176,10380B,Karl Storz/MFR-12BAB1E48C + exact normalized identifier 10380B,high,manufacturer_and_catalog_number_exact,
988,10434B,"Same, diameter 3 mm, length 35 cm",Karl Storz,Karl Storz.pdf; THORAX.pdf,p. 92,existing_exact,PRD-06811F5515,10434B,Karl Storz/MFR-12BAB1E48C + exact normalized identifier 10434B,high,manufacturer_and_catalog_number_exact,
989,10380H,"Same, diameter 5 mm",Karl Storz,Karl Storz.pdf; THORAX.pdf,p. 91,existing_exact,PRD-C00C2E4E80,10380H,Karl Storz/MFR-12BAB1E48C + exact normalized identifier 10380H,high,manufacturer_and_catalog_number_exact,
990,10366K,"Same, for peanuts and soft foreign bodies",Karl Storz,Karl Storz.pdf; THORAX.pdf,p. 86,existing_exact,PRD-4A023D6489,10366K,Karl Storz/MFR-12BAB1E48C + exact normalized identifier 10366K,high,manufacturer_and_catalog_number_exact,
991,10367K,"Same, for peanuts and soft foreign bodies",Karl Storz,Karl Storz.pdf; THORAX.pdf,p. 86,existing_exact,PRD-354ECD3DC4,10367K,Karl Storz/MFR-12BAB1E48C + exact normalized identifier 10367K,high,manufacturer_and_catalog_number_exact,
992,10370K,"Same, for peanuts and soft foreign bodies",Karl Storz,Karl Storz.pdf; THORAX.pdf,p. 87,existing_exact,PRD-90A0B83AA5,10370K,Karl Storz/MFR-12BAB1E48C + exact normalized identifier 10370K,high,manufacturer_and_catalog_number_exact,
993,10371K,"Same, for peanuts and soft foreign bodies",Karl Storz,Karl Storz.pdf; THORAX.pdf,p. 88,existing_exact,PRD-1E613C92C3,10371K,Karl Storz/MFR-12BAB1E48C + exact normalized identifier 10371K,high,manufacturer_and_catalog_number_exact,
994,10371KL,"Same, for peanuts and soft foreign bodies",Karl Storz,Karl Storz.pdf; THORAX.pdf,p. 88,existing_exact,PRD-D07AD62770,10371KL,Karl Storz/MFR-12BAB1E48C + exact normalized identifier 10371KL,high,manufacturer_and_catalog_number_exact,
995,10372K,"Same, for peanuts and soft foreign bodies",Karl Storz,Karl Storz.pdf; THORAX.pdf,p. 89,existing_exact,PRD-FF130FCDC6,10372K,Karl Storz/MFR-12BAB1E48C + exact normalized identifier 10372K,high,manufacturer_and_catalog_number_exact,
996,10372KL,"Same, for peanuts and soft foreign bodies",Karl Storz,Karl Storz.pdf; THORAX.pdf,p. 89,existing_exact,PRD-190EC613D0,10372KL,Karl Storz/MFR-12BAB1E48C + exact normalized identifier 10372KL,high,manufacturer_and_catalog_number_exact,
997,10479C,"Same, for Suction Catheter 10468 C/10478 C",Karl Storz,Karl Storz.pdf; THORAX.pdf,p. 75,existing_exact,PRD-57C0ED84C2,10479C,Karl Storz/MFR-12BAB1E48C + exact normalized identifier 10479C,high,manufacturer_and_catalog_number_exact,
998,10479F,"Same, for Suction Catheter 10468 D/10478 D",Karl Storz,Karl Storz.pdf; THORAX.pdf,p. 75,existing_exact,PRD-9E7BDDB1CC,10479F,Karl Storz/MFR-12BAB1E48C + exact normalized identifier 10479F,high,manufacturer_and_catalog_number_exact,
999,10370J,"Same, pointed, serrated, for coins and flat foreign bodies",Karl Storz,Karl Storz.pdf; THORAX.pdf,p. 87,existing_exact,PRD-B4CA5FDE98,10370J,Karl Storz/MFR-12BAB1E48C + exact normalized identifier 10370J,high,manufacturer_and_catalog_number_exact,
1000,10371J,"Same, pointed, serrated, for coins and flat foreign bodies",Karl Storz,Karl Storz.pdf; THORAX.pdf,p. 88,existing_exact,PRD-AC1E0D8CCC,10371J,Karl Storz/MFR-12BAB1E48C + exact normalized identifier 10371J,high,manufacturer_and_catalog_number_exact,
1001,10372JL,"Same, pointed, serrated, for coins and flat foreign bodies",Karl Storz,Karl Storz.pdf; THORAX.pdf,p. 89,existing_exact,PRD-694417C2F5,10372JL,Karl Storz/MFR-12BAB1E48C + exact normalized identifier 10372JL,high,manufacturer_and_catalog_number_exact,
1002,10371P,"Same, spoon-shaped, oval, fenestrated, for biopsy and foreign",Karl Storz,Karl Storz.pdf; THORAX.pdf,p. 88,existing_exact,PRD-843BE1E573,10371P,Karl Storz/MFR-12BAB1E48C + exact normalized identifier 10371P,high,manufacturer_and_catalog_number_exact,
1003,10366L,"Same, spoon-shaped, round, for biopsy",Karl Storz,Karl Storz.pdf; THORAX.pdf,p. 86,existing_exact,PRD-0F34939AF6,10366L,Karl Storz/MFR-12BAB1E48C + exact normalized identifier 10366L,high,manufacturer_and_catalog_number_exact,
1004,10367L,"Same, spoon-shaped, round, for biopsy",Karl Storz,Karl Storz.pdf; THORAX.pdf,p. 86,existing_exact,PRD-DB7366704E,10367L,Karl Storz/MFR-12BAB1E48C + exact normalized identifier 10367L,high,manufacturer_and_catalog_number_exact,
1005,10370L,"Same, spoon-shaped, round, for biopsy",Karl Storz,Karl Storz.pdf; THORAX.pdf,p. 87,existing_exact,PRD-C649B4B9C5,10370L,Karl Storz/MFR-12BAB1E48C + exact normalized identifier 10370L,high,manufacturer_and_catalog_number_exact,
1006,10371L,"Same, spoon-shaped, round, for biopsy",Karl Storz,Karl Storz.pdf; THORAX.pdf,p. 88,existing_exact,PRD-02641F9166,10371L,Karl Storz/MFR-12BAB1E48C + exact normalized identifier 10371L,high,manufacturer_and_catalog_number_exact,
1007,10371LL,"Same, spoon-shaped, round, for biopsy",Karl Storz,Karl Storz.pdf; THORAX.pdf,p. 88,existing_exact,PRD-7A57FE10A2,10371LL,Karl Storz/MFR-12BAB1E48C + exact normalized identifier 10371LL,high,manufacturer_and_catalog_number_exact,
1008,10372LL,"Same, spoon-shaped, round, for biopsy",Karl Storz,Karl Storz.pdf; THORAX.pdf,p. 89,existing_exact,PRD-C48BF25736,10372LL,Karl Storz/MFR-12BAB1E48C + exact normalized identifier 10372LL,high,manufacturer_and_catalog_number_exact,
1009,10370M,"Same, spoon-shaped, round, for biopsy, malleable",Karl Storz,Karl Storz.pdf; THORAX.pdf,p. 87,existing_exact,PRD-ABB6EC1153,10370M,Karl Storz/MFR-12BAB1E48C + exact normalized identifier 10370M,high,manufacturer_and_catalog_number_exact,
1010,10366U,"Same, universal, for biopsy and foreign bodies removal",Karl Storz,Karl Storz.pdf; THORAX.pdf,p. 86,existing_exact,PRD-011BE58B2D,10366U,Karl Storz/MFR-12BAB1E48C + exact normalized identifier 10366U,high,manufacturer_and_catalog_number_exact,
1011,10370U,"Same, universal, for biopsy and foreign bodies removal",Karl Storz,Karl Storz.pdf; THORAX.pdf,p. 87,existing_exact,PRD-79E356AFDC,10370U,Karl Storz/MFR-12BAB1E48C + exact normalized identifier 10370U,high,manufacturer_and_catalog_number_exact,
1012,10371U,"Same, universal, for biopsy and foreign bodies removal",Karl Storz,Karl Storz.pdf; THORAX.pdf,p. 88,existing_exact,PRD-1CA81E960D,10371U,Karl Storz/MFR-12BAB1E48C + exact normalized identifier 10371U,high,manufacturer_and_catalog_number_exact,
1013,10371UL,"Same, universal, for biopsy and foreign bodies removal",Karl Storz,Karl Storz.pdf; THORAX.pdf,p. 88,existing_exact,PRD-1E339ED4FF,10371UL,Karl Storz/MFR-12BAB1E48C + exact normalized identifier 10371UL,high,manufacturer_and_catalog_number_exact,
1014,10372UL,"Same, universal, for biopsy and foreign bodies removal",Karl Storz,Karl Storz.pdf; THORAX.pdf,p. 89,existing_exact,PRD-2FACCCFC02,10372UL,Karl Storz/MFR-12BAB1E48C + exact normalized identifier 10372UL,high,manufacturer_and_catalog_number_exact,
1015,10370P,"Same, with oval cupped jaws, fenestrated, for biopsy",Karl Storz,Karl Storz.pdf; THORAX.pdf,p. 87,existing_exact,PRD-17C3809F8C,10370P,Karl Storz/MFR-12BAB1E48C + exact normalized identifier 10370P,high,manufacturer_and_catalog_number_exact,
1016,10366S,"Scissors, straight, for trituration of bone fragments",Karl Storz,Karl Storz.pdf; THORAX.pdf,p. 86,existing_exact,PRD-DF239FD803,10366S,Karl Storz/MFR-12BAB1E48C + exact normalized identifier 10366S,high,manufacturer_and_catalog_number_exact,
1017,10315N,SP 11 10386 BE SP 17 10970 PL SP 21,Karl Storz,Karl Storz.pdf; THORAX.pdf,pp. 66-70,existing_exact,PRD-087FFD6337,10315N,Karl Storz/MFR-12BAB1E48C + exact normalized identifier 10315N,high,manufacturer_and_catalog_number_exact,
1018,10318S,"SP 11, SP 12 10390 LN SP 24 11001 BI SP 8",Karl Storz,Karl Storz.pdf; THORAX.pdf,pp. 66-70,existing_exact,PRD-1EEDD71C53,10318S,Karl Storz/MFR-12BAB1E48C + exact normalized identifier 10318S,high,manufacturer_and_catalog_number_exact,
1019,10314BN,SP 12 10386 AE SP 17 10970 PE SP 21,Karl Storz,Karl Storz.pdf; THORAX.pdf,pp. 66-70,existing_exact,PRD-3AAC1114C7,10314BN,Karl Storz/MFR-12BAB1E48C + exact normalized identifier 10314BN,high,manufacturer_and_catalog_number_exact,
1020,10320DA,SP 3 10434 AE SP 19 11004 BI SP 8,Karl Storz,Karl Storz.pdf; THORAX.pdf,pp. 70-73,existing_exact,PRD-BB9A5CC0AE,10320DA,Karl Storz/MFR-12BAB1E48C + exact normalized identifier 10320DA,high,manufacturer_and_catalog_number_exact,
1021,10385B,Sponge Holder 35 cm,Karl Storz,Karl Storz.pdf; THORAX.pdf,p. 91,existing_exact,PRD-921CB1B912,10385B,Karl Storz/MFR-12BAB1E48C + exact normalized identifier 10385B,high,manufacturer_and_catalog_number_exact,
1022,10385A,Sponge Holder 50 cm,Karl Storz,Karl Storz.pdf; THORAX.pdf,p. 91,existing_exact,PRD-108394A19E,10385A,Karl Storz/MFR-12BAB1E48C + exact normalized identifier 10385A,high,manufacturer_and_catalog_number_exact,
1023,10388A,"Sponge Holder, for sterile smears",Karl Storz,Karl Storz.pdf; THORAX.pdf,p. 91,existing_exact,PRD-481074A513,10388A,Karl Storz/MFR-12BAB1E48C + exact normalized identifier 10388A,high,manufacturer_and_catalog_number_exact,
1024,10387B,"Sponge Holder, with spring handle, working length 35 cm",Karl Storz,Karl Storz.pdf; THORAX.pdf,p. 91,existing_exact,PRD-81DDCD50B9,10387B,Karl Storz/MFR-12BAB1E48C + exact normalized identifier 10387B,high,manufacturer_and_catalog_number_exact,
1025,10387A,"Sponge Holder, with spring handle, working length 50 cm",Karl Storz,Karl Storz.pdf; THORAX.pdf,p. 91,existing_exact,PRD-DF791E6D1F,10387A,Karl Storz/MFR-12BAB1E48C + exact normalized identifier 10387A,high,manufacturer_and_catalog_number_exact,
1026,10478D,"Suction Catheter, 5 Fr., only, package of 6",Karl Storz,Karl Storz.pdf; THORAX.pdf,p. 75,existing_exact,PRD-D7A7620198,10478D,Karl Storz/MFR-12BAB1E48C + exact normalized identifier 10478D,high,manufacturer_and_catalog_number_exact,
1027,10468D,"Suction Catheter, 5 Fr., with Adaptor 10479 F",Karl Storz,Karl Storz.pdf; THORAX.pdf,p. 75,existing_exact,PRD-28C10C5EE9,10468D,Karl Storz/MFR-12BAB1E48C + exact normalized identifier 10468D,high,manufacturer_and_catalog_number_exact,
1028,10468C,"Suction Catheter, 6 Fr., with Adaptor 10479 C",Karl Storz,Karl Storz.pdf; THORAX.pdf,p. 75,existing_exact,PRD-C0C6302286,10468C,Karl Storz/MFR-12BAB1E48C + exact normalized identifier 10468C,high,manufacturer_and_catalog_number_exact,
1029,10468B,"Suction Catheter, 7 Fr., with Adaptor 10479 B",Karl Storz,Karl Storz.pdf; THORAX.pdf,p. 75,existing_exact,PRD-9188CC0F47,10468B,Karl Storz/MFR-12BAB1E48C + exact normalized identifier 10468B,high,manufacturer_and_catalog_number_exact,
1030,10383BL,Suction Tube with Cut-Off Hole,Karl Storz,Karl Storz.pdf; THORAX.pdf,p. 91,existing_exact,PRD-E4B27EE86A,10383BL,Karl Storz/MFR-12BAB1E48C + exact normalized identifier 10383BL,high,manufacturer_and_catalog_number_exact,
1031,10383CC,Suction Tube with Cut-Off Hole,Karl Storz,Karl Storz.pdf; THORAX.pdf,p. 91,existing_exact,PRD-F4B4C5FC4D,10383CC,Karl Storz/MFR-12BAB1E48C + exact normalized identifier 10383CC,high,manufacturer_and_catalog_number_exact,
1032,10383D,Suction Tube with Cut-Off Hole,Karl Storz,Karl Storz.pdf; THORAX.pdf,p. 91,existing_exact,PRD-B6BECFE095,10383D,Karl Storz/MFR-12BAB1E48C + exact normalized identifier 10383D,high,manufacturer_and_catalog_number_exact,
1033,10383E,Suction Tube with Cut-Off Hole,Karl Storz,Karl Storz.pdf; THORAX.pdf,p. 91,existing_exact,PRD-400BEF3640,10383E,Karl Storz/MFR-12BAB1E48C + exact normalized identifier 10383E,high,manufacturer_and_catalog_number_exact,
1034,10383F,Suction Tube with Cut-Off Hole,Karl Storz,Karl Storz.pdf; THORAX.pdf,p. 91,existing_exact,PRD-F12AF814EE,10383F,Karl Storz/MFR-12BAB1E48C + exact normalized identifier 10383F,high,manufacturer_and_catalog_number_exact,
1035,10380C,"Suction Tube, diameter 2 mm",Karl Storz,Karl Storz.pdf; THORAX.pdf,p. 91,existing_exact,PRD-E09A4CA6E0,10380C,Karl Storz/MFR-12BAB1E48C + exact normalized identifier 10380C,high,manufacturer_and_catalog_number_exact,
1036,10380CB,"Suction Tube, diameter 2 mm",Karl Storz,Karl Storz.pdf; THORAX.pdf,p. 91,existing_exact,PRD-9BD2C36817,10380CB,Karl Storz/MFR-12BAB1E48C + exact normalized identifier 10380CB,high,manufacturer_and_catalog_number_exact,
1037,10380A,"Suction Tube, diameter 4 mm",Karl Storz,Karl Storz.pdf; THORAX.pdf,p. 91,existing_exact,PRD-277D52B6BC,10380A,Karl Storz/MFR-12BAB1E48C + exact normalized identifier 10380A,high,manufacturer_and_catalog_number_exact,
1038,10380AK,"Suction Tube, diameter 4 mm",Karl Storz,Karl Storz.pdf; THORAX.pdf,p. 91,existing_exact,PRD-1CFFD3C377,10380AK,Karl Storz/MFR-12BAB1E48C + exact normalized identifier 10380AK,high,manufacturer_and_catalog_number_exact,
1039,10434A,"Suction Tube, diameter 4 mm, length 50 cm, for use",Karl Storz,Karl Storz.pdf; THORAX.pdf,p. 92,existing_exact,PRD-8A19FB9627,10434A,Karl Storz/MFR-12BAB1E48C + exact normalized identifier 10434A,high,manufacturer_and_catalog_number_exact,
1040,10383C,"Suction Tube, with cut-off hole, diameter 2 mm",Karl Storz,Karl Storz.pdf; THORAX.pdf,p. 91,existing_exact,PRD-87F3E56C0D,10383C,Karl Storz/MFR-12BAB1E48C + exact normalized identifier 10383C,high,manufacturer_and_catalog_number_exact,
1041,10383DD,"Suction Tube, with cut-off hole, diameter 2 mm",Karl Storz,Karl Storz.pdf; THORAX.pdf,p. 91,existing_exact,PRD-CC88761929,10383DD,Karl Storz/MFR-12BAB1E48C + exact normalized identifier 10383DD,high,manufacturer_and_catalog_number_exact,
1042,10383B,"Suction Tube, with cut-off hole, diameter 3 mm",Karl Storz,Karl Storz.pdf; THORAX.pdf,p. 91,existing_exact,PRD-0FECB0AD06,10383B,Karl Storz/MFR-12BAB1E48C + exact normalized identifier 10383B,high,manufacturer_and_catalog_number_exact,
1043,10383A,"Suction Tube, with cut-off hole, diameter 4 mm",Karl Storz,Karl Storz.pdf; THORAX.pdf,p. 91,existing_exact,PRD-2522C4A9A6,10383A,Karl Storz/MFR-12BAB1E48C + exact normalized identifier 10383A,high,manufacturer_and_catalog_number_exact,
1044,10382B,"Suction Tube, with rubber tip, curved, diameter 2 mm, working length 35 cm",Karl Storz,Karl Storz.pdf; THORAX.pdf,p. 91,existing_exact,PRD-B728AA11AB,10382B,Karl Storz/MFR-12BAB1E48C + exact normalized identifier 10382B,high,manufacturer_and_catalog_number_exact,
1045,10382A,"Suction Tube, with rubber tip, curved, diameter 4 mm, working length 50 cm",Karl Storz,Karl Storz.pdf; THORAX.pdf,p. 91,existing_exact,PRD-B2AC1ECC92,10382A,Karl Storz/MFR-12BAB1E48C + exact normalized identifier 10382A,high,manufacturer_and_catalog_number_exact,
1046,10381B,"Suction Tube, with rubber tip, straight, diameter 2 mm, working length 35 cm",Karl Storz,Karl Storz.pdf; THORAX.pdf,p. 91,existing_exact,PRD-C64D0F8310,10381B,Karl Storz/MFR-12BAB1E48C + exact normalized identifier 10381B,high,manufacturer_and_catalog_number_exact,
1047,10381A,"Suction Tube, with rubber tip, straight, diameter 4 mm, working length 50 cm",Karl Storz,Karl Storz.pdf; THORAX.pdf,p. 91,existing_exact,PRD-2644647C19,10381A,Karl Storz/MFR-12BAB1E48C + exact normalized identifier 10381A,high,manufacturer_and_catalog_number_exact,
1048,30120NOL,"Trocar, flexible, with blunt tip, with integrated silicone leaflet valve, autoclavable,",Karl Storz,Karl Storz.pdf; THORAX.pdf,p. 144,existing_exact,PRD-377440703A,30120NOL,Karl Storz/MFR-12BAB1E48C + exact normalized identifier 30120NOL,high,manufacturer_and_catalog_number_exact,
1049,40120NAL,"Trocar, flexible, with blunt tip, without valve, autoclavable,",Karl Storz,Karl Storz.pdf; THORAX.pdf,p. 144,existing_exact,PRD-247C9B978C,40120NAL,Karl Storz/MFR-12BAB1E48C + exact normalized identifier 40120NAL,high,manufacturer_and_catalog_number_exact,
1050,10318DP,"Universal Bronchoscope Tube, Proximal Illumination, Size 6.5",Karl Storz,Karl Storz.pdf; THORAX.pdf,p. 67,existing_exact,PRD-F146CD24CF,10318DP,Karl Storz/MFR-12BAB1E48C + exact normalized identifier 10318DP,high,manufacturer_and_catalog_number_exact,
1051,10318CP,"Universal Bronchoscope Tube, Proximal Illumination, Size 7.5",Karl Storz,Karl Storz.pdf; THORAX.pdf,p. 67,existing_exact,PRD-99F825C44F,10318CP,Karl Storz/MFR-12BAB1E48C + exact normalized identifier 10318CP,high,manufacturer_and_catalog_number_exact,
1052,10318D,"Universal Bronchoscope, Distal Illumination, Size 6.5",Karl Storz,Karl Storz.pdf; THORAX.pdf,p. 66,existing_exact,PRD-5D0F775ADC,10318D,Karl Storz/MFR-12BAB1E48C + exact normalized identifier 10318D,high,manufacturer_and_catalog_number_exact,
1053,10318C,"Universal Bronchoscope, Distal Illumination, Size 7.5",Karl Storz,Karl Storz.pdf; THORAX.pdf,p. 66,existing_exact,PRD-D273A067EA,10318C,Karl Storz/MFR-12BAB1E48C + exact normalized identifier 10318C,high,manufacturer_and_catalog_number_exact,
1054,10318B,"Universal Bronchoscope, Distal Illumination, Size 8.5",Karl Storz,Karl Storz.pdf; THORAX.pdf,p. 66,existing_exact,PRD-6707AC67D1,10318B,Karl Storz/MFR-12BAB1E48C + exact normalized identifier 10318B,high,manufacturer_and_catalog_number_exact,
1055,26120J,"VERESS Pneumoperitoneum Needle 138, U 6",Karl Storz,Karl Storz.pdf; THORAX.pdf,p. 146,existing_exact,PRD-FE67FEA4F0,26120J,Karl Storz/MFR-12BAB1E48C + exact normalized identifier 26120J,high,manufacturer_and_catalog_number_exact,
1056,Not stated in source,LungVision Procedure Kit,Body Vision Medical,LungVision® System _ AI-Powered Lung Imaging Technology.pdf,LungVision MOSS brochure,duplicate_source_row,PRD-45AEBC6DFE,,duplicate_source_row,high,duplicate_source_row,Repeated canonical identity or family already represented by another assigned input row.
1057,LungVision System,LungVision System,Body Vision Medical,LungVision® System _ AI-Powered Lung Imaging Technology.pdf,LungVision System product page and MOSS brochure,existing_alias_or_format_variant,PRD-2C5302C206,,existing_alias_or_format_variant,high,existing_alias_or_format_variant,
1058,Not stated in source,LungVision System,Body Vision Medical,LungVision® System _ AI-Powered Lung Imaging Technology.pdf,LungVision System product page and MOSS brochure,duplicate_source_row,PRD-2C5302C206,,duplicate_source_row,high,duplicate_source_row,Repeated canonical identity or family already represented by another assigned input row.
1059,Cios Spin,Cios Spin Mobile 3D C-arm,Siemens Healthineers,Mobile C-arm machine - Cios Spin - Siemens Healthineers USA.pdf,Siemens Healthineers USA product page,existing_alias_or_format_variant,PRD-CF779363F3,,existing_alias_or_format_variant,high,existing_alias_or_format_variant,
1060,Not stated in source,Cios Spin Mobile 3D C-arm,Siemens Healthineers,Mobile C-arm machine - Cios Spin - Siemens Healthineers USA.pdf,Siemens Healthineers USA product page,duplicate_source_row,PRD-CF779363F3,,duplicate_source_row,high,duplicate_source_row,Repeated canonical identity or family already represented by another assigned input row.
1061,Not stated in source,Nd:YAG Laser System,Not stated in source,NdYAG_2026_EUR_260417.pdf,,relevant_but_insufficient_identity,,,relevant_but_insufficient_identity,moderate,relevant_but_insufficient_identity,"No exact orderable identifier is present in the input, and the supplied evidence is a research report or manufacturer-unresolved document rather than an exact authoritative SKU record."
1062,NR-001,Netis Retrieval Net,Thoracent / Micro-Tech Endoscopy,Netis Retrieval Net - Pulmonary - Thoracent.pdf,"PDF page index 3; printed p. 3/4, PRODUCT SPECIFICATIONS table",source_evidence_conflicted,PRD-F43B951B75,MED-194-NET,source_evidence_conflicted,low,source_evidence_conflicted,"NR-001 is not printed in the source. The official table prints MED-194-NET, already governed; adding NR-001 would duplicate it."
1063,NR-002,Netis Retrieval Net,Thoracent / Micro-Tech Endoscopy,Netis Retrieval Net - Pulmonary - Thoracent.pdf,"PDF page index 3; printed p. 3/4, PRODUCT SPECIFICATIONS table",source_evidence_conflicted,PRD-D532D5406F,MED-200-NET,source_evidence_conflicted,low,source_evidence_conflicted,"NR-002 is not printed in the source. The official table prints MED-200-NET, already governed; adding NR-002 would duplicate it."
1064,01EWS12A,EWS Endobronchial Watanabe Spigot,Novatech,NOV-MR-PCA-EWS_EN.pdf,pp. 70-77,existing_exact,PRD-C8C51A4D95,01EWS12A,existing_exact,high,existing_exact,
1065,01EWS3L,EWS Endobronchial Watanabe Spigot,Novatech,NOV-MR-PCA-EWS_EN.pdf,pp. 70-77,existing_exact,PRD-3B31BB90C8,01EWS3L,existing_exact,high,existing_exact,
1066,01EWS3M,EWS Endobronchial Watanabe Spigot,Novatech,NOV-MR-PCA-EWS_EN.pdf,pp. 70-77,existing_exact,PRD-4236459890,01EWS3M,existing_exact,high,existing_exact,
1067,01EWS3S,EWS Endobronchial Watanabe Spigot,Novatech,NOV-MR-PCA-EWS_EN.pdf,pp. 70-77,existing_exact,PRD-E3C70517F3,01EWS3S,existing_exact,high,existing_exact,
1068,NOV-MR-PCA-3D,NOVATECH 3D Patient-Specific Airway Stent,Novatech,NOV-MR-PCA-SS3_NOVATECH_3D_EN.pdf,PDF p. 4 describes NOVATECH 3D customized stents; p. 12 prints NOV-MR-PCA-3D as the document code,relevant_family_level_only,,,relevant_family_level_only,moderate,relevant_family_level_only,"NOV-MR-PCA-3D is a brochure/document code, not an orderable product identifier. Do not invent a patient-specific stent SKU."
1069,Not stated in source,NOVATECH DUMON/GSS Silicone Airway Stents,Novatech,NOV-MR-PCA-SST_DUMON-GSS_CA001_EN.pdf; novatech__stents_pulmonares__catalogo.pdf,,existing_family_or_package_variant,,,existing_family_or_package_variant,moderate,existing_family_or_package_variant,Family-level row; the governed catalog already contains the exact order-number configurations from the supplied Novatech catalog.
1070,DV25,STERITALC Medical Talc,Novatech,NOV-MR-PCA-STE_STERITALC_EN.pdf,PDF p. 9 particle-size graph; pp. 11-15 PF3/F2/F4 products and ordering table,source_evidence_conflicted,,,source_evidence_conflicted,low,source_evidence_conflicted,"Dv25/Dv50/Dv75 are particle-distribution statistics, not product identifiers; PF3 is a family label. Exact governed order numbers are 16903, 16913, 16863, and 16983."
1071,DV50,STERITALC Medical Talc,Novatech,NOV-MR-PCA-STE_STERITALC_EN.pdf,PDF p. 9 particle-size graph; pp. 11-15 PF3/F2/F4 products and ordering table,source_evidence_conflicted,,,source_evidence_conflicted,low,source_evidence_conflicted,"Dv25/Dv50/Dv75 are particle-distribution statistics, not product identifiers; PF3 is a family label. Exact governed order numbers are 16903, 16913, 16863, and 16983."
1072,DV75,STERITALC Medical Talc,Novatech,NOV-MR-PCA-STE_STERITALC_EN.pdf,PDF p. 9 particle-size graph; pp. 11-15 PF3/F2/F4 products and ordering table,source_evidence_conflicted,,,source_evidence_conflicted,low,source_evidence_conflicted,"Dv25/Dv50/Dv75 are particle-distribution statistics, not product identifiers; PF3 is a family label. Exact governed order numbers are 16903, 16913, 16863, and 16983."
1073,PF3,STERITALC Medical Talc,Novatech,NOV-MR-PCA-STE_STERITALC_EN.pdf,PDF p. 9 particle-size graph; pp. 11-15 PF3/F2/F4 products and ordering table,source_evidence_conflicted,,,source_evidence_conflicted,low,source_evidence_conflicted,"Dv25/Dv50/Dv75 are particle-distribution statistics, not product identifiers; PF3 is a family label. Exact governed order numbers are 16903, 16913, 16863, and 16983."
1074,B5-2C,Balloon Catheter 11 mm,Olympus,OAIET0124CAT51005_EndoTherapy Catalog_Interactive_2024.pdf,Respiratory 14.14 (PDF p. 129),existing_exact,PRD-039120780F,B5-2C,existing_exact,high,existing_exact,
1075,B7-2C,Balloon Catheter 13 mm,Olympus,OAIET0124CAT51005_EndoTherapy Catalog_Interactive_2024.pdf,Respiratory 14.14 (PDF p. 129),existing_exact,PRD-6B70F708B5,B7-2C,existing_exact,high,existing_exact,
1076,MAJ-1339,Channel-Opening Cleaning Brush,Olympus,OAIET0124CAT51005_EndoTherapy Catalog_Interactive_2024.pdf,Respiratory 14.15 (PDF p. 130),existing_exact,PRD-705623F89A,MAJ-1339,existing_exact,high,existing_exact,
1077,BC-202D-1210,Covered-Sheath Pulmonary Cytology Brush,Olympus,OAIET0124CAT51005_EndoTherapy Catalog_Interactive_2024.pdf,Respiratory 14.04 (PDF p. 117),existing_exact,PRD-4C745881F9,BC-202D-1210,existing_exact,high,existing_exact,
1078,BC-202D-2010,Covered-Sheath Pulmonary Cytology Brush,Olympus,OAIET0124CAT51005_EndoTherapy Catalog_Interactive_2024.pdf,Respiratory 14.04 (PDF p. 117),existing_exact,PRD-E7724A6977,BC-202D-2010,existing_exact,high,existing_exact,
1079,BC-202D-3010,Covered-Sheath Pulmonary Cytology Brush,Olympus,OAIET0124CAT51005_EndoTherapy Catalog_Interactive_2024.pdf,Respiratory 14.04 (PDF p. 117),existing_exact,PRD-B091070F8D,BC-202D-3010,existing_exact,high,existing_exact,
1080,BC-202D-5010,Covered-Sheath Pulmonary Cytology Brush,Olympus,OAIET0124CAT51005_EndoTherapy Catalog_Interactive_2024.pdf,Respiratory 14.04 (PDF p. 117),existing_exact,PRD-B2C431C0F9,BC-202D-5010,existing_exact,high,existing_exact,
1081,MAJ-1414,EBUS Needle Adapter / Biopsy Valve,Olympus,OAIET0124CAT51005_EndoTherapy Catalog_Interactive_2024.pdf,Respiratory 14.08-14.10 (PDF pp. 121-123),existing_exact,PRD-EB1A3E8F85,MAJ-1414,existing_exact,high,existing_exact,
1082,EWSS4520,"GLIDEWIRE® Endoscopic - Angle tip, stiff shaft",Olympus,OAIET0124CAT51005_EndoTherapy Catalog_Interactive_2024.pdf,Document p. Not separately numbered / see PDF index (PDF page OAIET0124CAT51005_EndoTherapy Catalog_Interactive_2024.pdf:12),irrelevant_to_current_scope,,,irrelevant_to_current_scope,high,irrelevant_to_current_scope,Exact source row is from the broad EndoTherapy/reprocessing catalog but does not map to the current IP/pleural/tracheostomy role model.
1083,EWS4520,"GLIDEWIRE® Endoscopic - Straight tip, stiff shaft",Olympus,OAIET0124CAT51005_EndoTherapy Catalog_Interactive_2024.pdf,Document p. Not separately numbered / see PDF index (PDF page OAIET0124CAT51005_EndoTherapy Catalog_Interactive_2024.pdf:12),irrelevant_to_current_scope,,,irrelevant_to_current_scope,high,irrelevant_to_current_scope,Exact source row is from the broad EndoTherapy/reprocessing catalog but does not map to the current IP/pleural/tracheostomy role model.
1084,BCV1-W2,H-SteriScope Extra Single-Use Bronchoscope,Olympus,OAIET0124CAT51005_EndoTherapy Catalog_Interactive_2024.pdf,Respiratory 14.12 (PDF p. 125),existing_exact,PRD-BC936E9D71,BCV1-W2,existing_exact,high,existing_exact,
1085,BCV1-S2,H-SteriScope Large Single-Use Bronchoscope,Olympus,OAIET0124CAT51005_EndoTherapy Catalog_Interactive_2024.pdf,Respiratory 14.12 (PDF p. 125),existing_exact,PRD-9CE6992373,BCV1-S2,existing_exact,high,existing_exact,
1086,BCV1-M2,H-SteriScope Normal Single-Use Bronchoscope,Olympus,OAIET0124CAT51005_EndoTherapy Catalog_Interactive_2024.pdf,Respiratory 14.12 (PDF p. 125),existing_exact,PRD-7C8F860816,BCV1-M2,existing_exact,high,existing_exact,
1087,BCV1-C2,H-SteriScope Slim Single-Use Bronchoscope,Olympus,OAIET0124CAT51005_EndoTherapy Catalog_Interactive_2024.pdf,Respiratory 14.12 (PDF p. 125),existing_exact,PRD-34895D701B,BCV1-C2,existing_exact,high,existing_exact,
1088,BCV1-02,H-SteriScope Zero Single-Use Bronchoscope,Olympus,OAIET0124CAT51005_EndoTherapy Catalog_Interactive_2024.pdf,Respiratory 14.12 (PDF p. 125),existing_exact,PRD-212CEA70A3,BCV1-02,existing_exact,high,existing_exact,
1089,HX-810LR,HEMOSTASIS,Olympus,OAIET0124CAT51005_EndoTherapy Catalog_Interactive_2024.pdf,Document p. Not separately numbered / see PDF index (PDF page OAIET0124CAT51005_EndoTherapy Catalog_Interactive_2024.pdf:49),irrelevant_to_current_scope,,,irrelevant_to_current_scope,high,irrelevant_to_current_scope,Exact source row is from the broad EndoTherapy/reprocessing catalog but does not map to the current IP/pleural/tracheostomy role model.
1090,FD-231C,"Hot Biopsy Forceps, Oval",Olympus,OAIET0124CAT51005_EndoTherapy Catalog_Interactive_2024.pdf,Respiratory 14.03 (PDF p. 116),existing_exact,PRD-58DE7D49C4,FD-231C,existing_exact,high,existing_exact,
1091,FB-456D,"Mini Biopsy Forceps, Oval Rat-Tooth",Olympus,OAIET0124CAT51005_EndoTherapy Catalog_Interactive_2024.pdf,Respiratory 14.02 (PDF p. 115),existing_exact,PRD-3D26E84017,FB-456D,existing_exact,high,existing_exact,
1092,BC-203D-2006,Mini Covered-Sheath Pulmonary Cytology Brush,Olympus,OAIET0124CAT51005_EndoTherapy Catalog_Interactive_2024.pdf,Respiratory 14.04 (PDF p. 117),existing_exact,PRD-5831011F6E,BC-203D-2006,existing_exact,high,existing_exact,
1093,FG-52D,Mini Grasping Basket,Olympus,OAIET0124CAT51005_EndoTherapy Catalog_Interactive_2024.pdf,Respiratory 14.13 (PDF p. 126),existing_exact,PRD-C2CB78AC4C,FG-52D,existing_exact,high,existing_exact,
1094,FG-54D,Mini Three-Prong Grasping Forceps,Olympus,OAIET0124CAT51005_EndoTherapy Catalog_Interactive_2024.pdf,Respiratory 14.13 (PDF p. 126),existing_exact,PRD-9C633556C2,FG-54D,existing_exact,high,existing_exact,
1095,FG-214P,Rat-Tooth Grasping Forceps,Olympus,OAIET0124CAT51005_EndoTherapy Catalog_Interactive_2024.pdf,Respiratory 14.13 (PDF p. 127),existing_exact,PRD-D630438171,FG-214P,existing_exact,high,existing_exact,
1096,FG-226C,Rat-Tooth Grasping Forceps,Olympus,OAIET0124CAT51005_EndoTherapy Catalog_Interactive_2024.pdf,Respiratory 14.13 (PDF p. 127),existing_exact,PRD-D5A6823E45,FG-226C,existing_exact,high,existing_exact,
1097,MA-651,Reusable Bite Block,Olympus,OAIET0124CAT51005_EndoTherapy Catalog_Interactive_2024.pdf,Respiratory 14.15 (PDF p. 130),existing_exact,PRD-5EF986AAB1,MA-651,existing_exact,high,existing_exact,
1098,BW-15B,Reusable Cleaning Brush,Olympus,OAIET0124CAT51005_EndoTherapy Catalog_Interactive_2024.pdf,Respiratory 14.17 (PDF p. 132),existing_exact,PRD-E1E020F3BF,BW-15B,existing_exact,high,existing_exact,
1099,BW-15SH,Reusable Cleaning Brush,Olympus,OAIET0124CAT51005_EndoTherapy Catalog_Interactive_2024.pdf,Respiratory 14.17 (PDF p. 132),existing_exact,PRD-DD8657352D,BW-15SH,existing_exact,high,existing_exact,
1100,BW-16C,Reusable Cleaning Wire,Olympus,OAIET0124CAT51005_EndoTherapy Catalog_Interactive_2024.pdf,Respiratory 14.17 (PDF p. 132),existing_exact,PRD-D49EB30A21,BW-16C,existing_exact,high,existing_exact,
1101,RWSA-3555I,"RevoWaveTM Guidewire - Angled 25 tip, standard shaft",Olympus,OAIET0124CAT51005_EndoTherapy Catalog_Interactive_2024.pdf,Document p. Not separately numbered / see PDF index (PDF page OAIET0124CAT51005_EndoTherapy Catalog_Interactive_2024.pdf:11),irrelevant_to_current_scope,,,irrelevant_to_current_scope,high,irrelevant_to_current_scope,Exact source row is from the broad EndoTherapy/reprocessing catalog but does not map to the current IP/pleural/tracheostomy role model.
1102,RWSS-3555I,"RevoWaveTM Guidewire - Straight tip, standard shaft",Olympus,OAIET0124CAT51005_EndoTherapy Catalog_Interactive_2024.pdf,Document p. Not separately numbered / see PDF index (PDF page OAIET0124CAT51005_EndoTherapy Catalog_Interactive_2024.pdf:11),irrelevant_to_current_scope,,,irrelevant_to_current_scope,high,irrelevant_to_current_scope,Exact source row is from the broad EndoTherapy/reprocessing catalog but does not map to the current IP/pleural/tracheostomy role model.
1103,FG-220P,Rubber-Tip Grasping Forceps,Olympus,OAIET0124CAT51005_EndoTherapy Catalog_Interactive_2024.pdf,Respiratory 14.13 (PDF p. 127),existing_exact,PRD-2677F0C69F,FG-220P,existing_exact,high,existing_exact,
1104,FG-232L,Shark-Tooth Grasping Forceps,Olympus,OAIET0124CAT51005_EndoTherapy Catalog_Interactive_2024.pdf,Respiratory 14.13 (PDF p. 128),existing_exact,PRD-C88B1CD284,FG-232L,existing_exact,high,existing_exact,
1105,MAJ-1632,Single-Use Bite Block,Olympus,OAIET0124CAT51005_EndoTherapy Catalog_Interactive_2024.pdf,Respiratory 14.15 (PDF p. 130),existing_exact,PRD-426476A0AB,MAJ-1632,existing_exact,high,existing_exact,
1106,BW-411B,Single-Use Combination Cleaning Brush,Olympus,OAIET0124CAT51005_EndoTherapy Catalog_Interactive_2024.pdf,Respiratory 14.16 (PDF p. 131),existing_exact,PRD-2EAA2EFE2C,BW-411B,existing_exact,high,existing_exact,
1107,FB-211D.A,"Single-Use Pulmonary Biopsy Forceps, Alligator Jaw-Step",Olympus,OAIET0124CAT51005_EndoTherapy Catalog_Interactive_2024.pdf,Respiratory 14.01 (PDF p. 114),existing_exact,PRD-882E06A5A9,FB-211D.A,existing_exact,high,existing_exact,
1108,FB-221D.A,"Single-Use Pulmonary Biopsy Forceps, Alligator Jaw-Step with Needle",Olympus,OAIET0124CAT51005_EndoTherapy Catalog_Interactive_2024.pdf,Respiratory 14.01 (PDF p. 114),existing_exact,PRD-9CFCC838A3,FB-221D.A,existing_exact,high,existing_exact,
1109,FB-231D.A,"Single-Use Pulmonary Biopsy Forceps, Standard Oval",Olympus,OAIET0124CAT51005_EndoTherapy Catalog_Interactive_2024.pdf,Respiratory 14.01 (PDF p. 114),existing_exact,PRD-E7FAE36160,FB-231D.A,existing_exact,high,existing_exact,
1110,FB-241D.A,"Single-Use Pulmonary Biopsy Forceps, Standard Oval with Needle",Olympus,OAIET0124CAT51005_EndoTherapy Catalog_Interactive_2024.pdf,Respiratory 14.01 (PDF p. 115),existing_exact,PRD-EF6C5DE6CC,FB-241D.A,existing_exact,high,existing_exact,
1111,BW-400B,Single-Use Wire-Sheath Cleaning Brush,Olympus,OAIET0124CAT51005_EndoTherapy Catalog_Interactive_2024.pdf,Respiratory 14.16 (PDF p. 131),existing_exact,PRD-D771E6D06A,BW-400B,existing_exact,high,existing_exact,
1112,NA-601D-1519,SmoothShot Double-Needle TBNA Needle,Olympus,OAIET0124CAT51005_EndoTherapy Catalog_Interactive_2024.pdf,Respiratory 14.07 (PDF p. 120),existing_exact,PRD-5788C21B1E,NA-601D-1519,existing_exact,high,existing_exact,
1113,NA-401D-1321,SmoothShot TBNA Needle,Olympus,OAIET0124CAT51005_EndoTherapy Catalog_Interactive_2024.pdf,Respiratory 14.06 (PDF p. 119),existing_exact,PRD-A457429809,NA-401D-1321,existing_exact,high,existing_exact,
1114,NA-401D-1521,SmoothShot TBNA Needle,Olympus,OAIET0124CAT51005_EndoTherapy Catalog_Interactive_2024.pdf,Respiratory 14.06 (PDF p. 119),existing_exact,PRD-D4228B0E6F,NA-401D-1521,existing_exact,high,existing_exact,
1115,NA-411D-1321,SmoothShot TBNA Needle with Side Hole,Olympus,OAIET0124CAT51005_EndoTherapy Catalog_Interactive_2024.pdf,Respiratory 14.06 (PDF p. 119),existing_exact,PRD-7E601C1D9F,NA-411D-1321,existing_exact,high,existing_exact,
1116,NA-411D-1521,SmoothShot TBNA Needle with Side Hole,Olympus,OAIET0124CAT51005_EndoTherapy Catalog_Interactive_2024.pdf,Respiratory 14.06 (PDF p. 119),existing_exact,PRD-77145058F8,NA-411D-1521,existing_exact,high,existing_exact,
1117,SYS-5150,SPiN Vision Video Cart,Olympus,OAIET0124CAT51005_EndoTherapy Catalog_Interactive_2024.pdf,Respiratory 14.12 (PDF p. 125),existing_exact,PRD-5CF4A24299,SYS-5150,existing_exact,high,existing_exact,
1118,SYS-5100,SPiN Vision Video Processor,Olympus,OAIET0124CAT51005_EndoTherapy Catalog_Interactive_2024.pdf,Respiratory 14.12 (PDF p. 125),existing_exact,PRD-EA1D57AC9A,SYS-5100,existing_exact,high,existing_exact,
1119,SVS-VSK-KIT,Spiration Valve Airway Sizing Kit,Olympus,OAIET0124CAT51005_EndoTherapy Catalog_Interactive_2024.pdf,Respiratory 14.11 (PDF p. 124),existing_exact,PRD-6D6BE53B9B,SVS-VSK-KIT,existing_exact,high,existing_exact,
1120,SVS-V5-00,Spiration Valve Cartridge,Olympus,OAIET0124CAT51005_EndoTherapy Catalog_Interactive_2024.pdf,Respiratory 14.11 (PDF p. 124),existing_exact,PRD-34234ED158,SVS-V5-00,existing_exact,high,existing_exact,
1121,SVS-V6-00,Spiration Valve Cartridge,Olympus,OAIET0124CAT51005_EndoTherapy Catalog_Interactive_2024.pdf,Respiratory 14.11 (PDF p. 124),existing_exact,PRD-B9B15302A7,SVS-V6-00,existing_exact,high,existing_exact,
1122,SVS-V7-00,Spiration Valve Cartridge,Olympus,OAIET0124CAT51005_EndoTherapy Catalog_Interactive_2024.pdf,Respiratory 14.11 (PDF p. 124),existing_exact,PRD-0A2A8CB33F,SVS-V7-00,existing_exact,high,existing_exact,
1123,SVS-V9-00,Spiration Valve Cartridge,Olympus,OAIET0124CAT51005_EndoTherapy Catalog_Interactive_2024.pdf,Respiratory 14.11 (PDF p. 124),existing_exact,PRD-69DB2A28A9,SVS-V9-00,existing_exact,high,existing_exact,
1124,SVS-C26N-06,Spiration Valve Deployment System,Olympus,OAIET0124CAT51005_EndoTherapy Catalog_Interactive_2024.pdf,Respiratory 14.11 (PDF p. 124),existing_exact,PRD-A85A76CB3E,SVS-C26N-06,existing_exact,high,existing_exact,
1125,BC-201C-1006,Uncovered-Sheath Pulmonary Cytology Brush,Olympus,OAIET0124CAT51005_EndoTherapy Catalog_Interactive_2024.pdf,Respiratory 14.04 (PDF p. 117),existing_exact,PRD-1292C69B1E,BC-201C-1006,existing_exact,high,existing_exact,
1126,NA-U401SX-4021-A,ViziShot 2 EBUS-TBNA Needle,Olympus,OAIET0124CAT51005_EndoTherapy Catalog_Interactive_2024.pdf,Respiratory 14.08 (PDF p. 121),existing_exact,PRD-B9CF43923C,NA-U401SX-4021-A,existing_exact,high,existing_exact,
1127,NA-U401SX-4022-A,ViziShot 2 EBUS-TBNA Needle,Olympus,OAIET0124CAT51005_EndoTherapy Catalog_Interactive_2024.pdf,Respiratory 14.08 (PDF p. 121),existing_exact,PRD-1BCD8D38BC,NA-U401SX-4022-A,existing_exact,high,existing_exact,
1128,NA-U401SX-4025N,ViziShot 2 EBUS-TBNA Needle,Olympus,OAIET0124CAT51005_EndoTherapy Catalog_Interactive_2024.pdf,Respiratory 14.08 (PDF p. 121),existing_exact,PRD-6D9A7A7E79,NA-U401SX-4025N,existing_exact,high,existing_exact,
1129,NA-U401SX-4022-C,"ViziShot 2 EBUS-TBNA Needle, No Syringes",Olympus,OAIET0124CAT51005_EndoTherapy Catalog_Interactive_2024.pdf,Respiratory 14.08 (PDF p. 121),existing_exact,PRD-2EBBDD96EC,NA-U401SX-4022-C,existing_exact,high,existing_exact,
1130,NA-U403SX-4019,ViziShot 2 FLEX EBUS FNA/FNB Needle,Olympus,OAIET0124CAT51005_EndoTherapy Catalog_Interactive_2024.pdf,Respiratory 14.09 (PDF p. 122),existing_exact,PRD-0D6E4DB711,NA-U403SX-4019,existing_exact,high,existing_exact,
1131,NA-201SX-4021,ViziShot EBUS-TBNA Needle,Olympus,OAIET0124CAT51005_EndoTherapy Catalog_Interactive_2024.pdf,Respiratory 14.10 (PDF p. 123),existing_exact,PRD-DF1BEBD0C9,NA-201SX-4021,existing_exact,high,existing_exact,
1132,NA-201SX-4022-A,ViziShot EBUS-TBNA Needle,Olympus,OAIET0124CAT51005_EndoTherapy Catalog_Interactive_2024.pdf,Respiratory 14.10 (PDF p. 123),existing_exact,PRD-664CA0CB26,NA-201SX-4022-A,existing_exact,high,existing_exact,
1133,NA-201SX-4022-B,ViziShot EBUS-TBNA Needle,Olympus,OAIET0124CAT51005_EndoTherapy Catalog_Interactive_2024.pdf,Respiratory 14.10 (PDF p. 123),existing_exact,PRD-E393622AEC,NA-201SX-4022-B,existing_exact,high,existing_exact,
1134,NA-201SX-4022-C,"ViziShot EBUS-TBNA Needle, No Syringes",Olympus,OAIET0124CAT51005_EndoTherapy Catalog_Interactive_2024.pdf,Respiratory 14.10 (PDF p. 123),existing_exact,PRD-365451442E,NA-201SX-4022-C,existing_exact,high,existing_exact,
1135,FG-804L,W-Shape Grasping Forceps,Olympus,OAIET0124CAT51005_EndoTherapy Catalog_Interactive_2024.pdf,Respiratory 14.13 (PDF p. 128),existing_exact,PRD-BEB189750B,FG-804L,existing_exact,high,existing_exact,
1136,SafeStackCart10,Catalog Description Weight Width Length Depth - 10-shelf cart,Olympus,OAIGI0121CAT38678_RA.pdf,"Document p. Not separately numbered / see PDF index (PDF page OAIGI0121CAT38678_RA.pdf:82,83,88)",irrelevant_to_current_scope,,,irrelevant_to_current_scope,high,irrelevant_to_current_scope,Exact source row is from the broad EndoTherapy/reprocessing catalog but does not map to the current IP/pleural/tracheostomy role model.
1137,SafeStackCart5,Catalog Description Weight Width Length Depth - 5-shelf cart,Olympus,OAIGI0121CAT38678_RA.pdf,"Document p. Not separately numbered / see PDF index (PDF page OAIGI0121CAT38678_RA.pdf:80,82,83,88)",irrelevant_to_current_scope,,,irrelevant_to_current_scope,high,irrelevant_to_current_scope,Exact source row is from the broad EndoTherapy/reprocessing catalog but does not map to the current IP/pleural/tracheostomy role model.
1138,DryGIF2conn,CHANLDRY DRYING CABINET,Olympus,OAIGI0121CAT38678_RA.pdf,"Document p. Not separately numbered / see PDF index (PDF page OAIGI0121CAT38678_RA.pdf:2,72,87)",irrelevant_to_current_scope,,,irrelevant_to_current_scope,high,irrelevant_to_current_scope,Exact source row is from the broad EndoTherapy/reprocessing catalog but does not map to the current IP/pleural/tracheostomy role model.
1139,GIF-2T100/2T160/2TH180 connector,CHANLDRY DRYING CABINET,Olympus,OAIGI0121CAT38678_RA.pdf,,irrelevant_to_current_scope,,,irrelevant_to_current_scope,high,irrelevant_to_current_scope,Exact source row is from the broad EndoTherapy/reprocessing catalog but does not map to the current IP/pleural/tracheostomy role model.
1140,DryBFconn10,CHANLDRY DRYING CABINET - Group of 10 bronchoscope connectors,Olympus,OAIGI0121CAT38678_RA.pdf,"Document p. Not separately numbered / see PDF index (PDF page OAIGI0121CAT38678_RA.pdf:2,72,87)",irrelevant_to_current_scope,,,irrelevant_to_current_scope,high,irrelevant_to_current_scope,Exact source row is from the broad EndoTherapy/reprocessing catalog but does not map to the current IP/pleural/tracheostomy role model.
1141,DryCFGIFconn10,CHANLDRY DRYING CABINET - Group of 10 colono duodeno SIF gastro connectors,Olympus,OAIGI0121CAT38678_RA.pdf,"Document p. Not separately numbered / see PDF index (PDF page OAIGI0121CAT38678_RA.pdf:2,72,87)",irrelevant_to_current_scope,,,irrelevant_to_current_scope,high,irrelevant_to_current_scope,Exact source row is from the broad EndoTherapy/reprocessing catalog but does not map to the current IP/pleural/tracheostomy role model.
1142,DryGIF2conn10,CHANLDRY DRYING CABINET - Group of 10 GIF-2T100/2T160/2TH180 connectors,Olympus,OAIGI0121CAT38678_RA.pdf,"Document p. Not separately numbered / see PDF index (PDF page OAIGI0121CAT38678_RA.pdf:2,72,87)",irrelevant_to_current_scope,,,irrelevant_to_current_scope,high,irrelevant_to_current_scope,Exact source row is from the broad EndoTherapy/reprocessing catalog but does not map to the current IP/pleural/tracheostomy role model.
1143,DryBFconn20,CHANLDRY DRYING CABINET - Group of 20 bronchoscope connectors,Olympus,OAIGI0121CAT38678_RA.pdf,"Document p. Not separately numbered / see PDF index (PDF page OAIGI0121CAT38678_RA.pdf:2,72,87)",irrelevant_to_current_scope,,,irrelevant_to_current_scope,high,irrelevant_to_current_scope,Exact source row is from the broad EndoTherapy/reprocessing catalog but does not map to the current IP/pleural/tracheostomy role model.
1144,CartLockingBars7,ENDO SAFESTACKTM TRANSPORT SYSTEM OPTIONS - Locking bars that support a 7-shelf cart,Olympus,OAIGI0121CAT38678_RA.pdf,"Document p. Not separately numbered / see PDF index (PDF page OAIGI0121CAT38678_RA.pdf:2,83,87)",irrelevant_to_current_scope,,,irrelevant_to_current_scope,high,irrelevant_to_current_scope,Exact source row is from the broad EndoTherapy/reprocessing catalog but does not map to the current IP/pleural/tracheostomy role model.
1145,SafeStackCart7,ENDO SAFESTACKTM TRANSPORT SYSTEM OPTIONS - SafeStackTM cart with 7 shelves,Olympus,OAIGI0121CAT38678_RA.pdf,"Document p. Not separately numbered / see PDF index (PDF page OAIGI0121CAT38678_RA.pdf:82,83,88)",irrelevant_to_current_scope,,,irrelevant_to_current_scope,high,irrelevant_to_current_scope,Exact source row is from the broad EndoTherapy/reprocessing catalog but does not map to the current IP/pleural/tracheostomy role model.
1146,Bag of 8 pegs,ENDO SAFESTACKTM TRANSPORT SYSTEM OPTIONS - TrayPegs,Olympus,OAIGI0121CAT38678_RA.pdf,Document p. Not separately numbered / see PDF index (PDF page OAIGI0121CAT38678_RA.pdf:83),irrelevant_to_current_scope,,,irrelevant_to_current_scope,high,irrelevant_to_current_scope,Exact source row is from the broad EndoTherapy/reprocessing catalog but does not map to the current IP/pleural/tracheostomy role model.
1147,KV-6,KV-6 Suction Pump,Olympus,OAIGI0121CAT38678_RA.pdf,p. 7.05,existing_exact,PRD-104DF655AD,KV-6,existing_exact,high,existing_exact,
1148,K10021882,KV-6 Suction Tubing Set,Olympus,OAIGI0121CAT38678_RA.pdf,p. 7.07,existing_exact,PRD-592787DB28,K10021882,existing_exact,high,existing_exact,
1149,K10021893,KV-6 Suction Tubing Set,Olympus,OAIGI0121CAT38678_RA.pdf,p. 7.07,existing_exact,PRD-6B67179C61,K10021893,existing_exact,high,existing_exact,
1150,Adapter for MAJ-2011,MONITOR DISPLAYS AND VIDEO TRANSMISSION SYSTEM,Olympus,OAIGI0121CAT38678_RA.pdf,Document p. Not separately numbered / see PDF index (PDF page OAIGI0121CAT38678_RA.pdf:42),irrelevant_to_current_scope,,,irrelevant_to_current_scope,high,irrelevant_to_current_scope,Exact source row is from the broad EndoTherapy/reprocessing catalog but does not map to the current IP/pleural/tracheostomy role model.
1151,IS40117,MONITOR DISPLAYS AND VIDEO TRANSMISSION SYSTEM,Olympus,OAIGI0121CAT38678_RA.pdf,"Document p. Not separately numbered / see PDF index (PDF page OAIGI0121CAT38678_RA.pdf:2,42,87)",irrelevant_to_current_scope,,,irrelevant_to_current_scope,high,irrelevant_to_current_scope,Exact source row is from the broad EndoTherapy/reprocessing catalog but does not map to the current IP/pleural/tracheostomy role model.
1152,IS40119,MONITOR DISPLAYS AND VIDEO TRANSMISSION SYSTEM,Olympus,OAIGI0121CAT38678_RA.pdf,"Document p. Not separately numbered / see PDF index (PDF page OAIGI0121CAT38678_RA.pdf:2,42,87)",irrelevant_to_current_scope,,,irrelevant_to_current_scope,high,irrelevant_to_current_scope,Exact source row is from the broad EndoTherapy/reprocessing catalog but does not map to the current IP/pleural/tracheostomy role model.
1153,ZeroWire G2 pair,MONITOR DISPLAYS AND VIDEO TRANSMISSION SYSTEM,Olympus,OAIGI0121CAT38678_RA.pdf,Document p. Not separately numbered / see PDF index (PDF page OAIGI0121CAT38678_RA.pdf:42),irrelevant_to_current_scope,,,irrelevant_to_current_scope,high,irrelevant_to_current_scope,Exact source row is from the broad EndoTherapy/reprocessing catalog but does not map to the current IP/pleural/tracheostomy role model.
1154,ZeroWire G2 receiver,MONITOR DISPLAYS AND VIDEO TRANSMISSION SYSTEM,Olympus,OAIGI0121CAT38678_RA.pdf,Document p. Not separately numbered / see PDF index (PDF page OAIGI0121CAT38678_RA.pdf:42),irrelevant_to_current_scope,,,irrelevant_to_current_scope,high,irrelevant_to_current_scope,Exact source row is from the broad EndoTherapy/reprocessing catalog but does not map to the current IP/pleural/tracheostomy role model.
1155,AC-110MD (optional),MONITOR DISPLAYS AND VIDEO TRANSMISSION SYSTEM - Olympus; 1920 x 1080,Olympus,OAIGI0121CAT38678_RA.pdf,Document p. Not separately numbered / see PDF index (PDF page OAIGI0121CAT38678_RA.pdf:42),irrelevant_to_current_scope,,,irrelevant_to_current_scope,high,irrelevant_to_current_scope,Exact source row is from the broad EndoTherapy/reprocessing catalog but does not map to the current IP/pleural/tracheostomy role model.
1156,LMD-1530MD,MONITOR DISPLAYS AND VIDEO TRANSMISSION SYSTEM - Sony; 1280 x 768; N/A,Olympus,OAIGI0121CAT38678_RA.pdf,"Document p. Not separately numbered / see PDF index (PDF page OAIGI0121CAT38678_RA.pdf:2,42,87)",irrelevant_to_current_scope,,,irrelevant_to_current_scope,high,irrelevant_to_current_scope,Exact source row is from the broad EndoTherapy/reprocessing catalog but does not map to the current IP/pleural/tracheostomy role model.
1157,IS40124,MONITOR DISPLAYS AND VIDEO TRANSMISSION SYSTEM - ZeroWire G2 receiver and MAJ-2011 attachment,Olympus,OAIGI0121CAT38678_RA.pdf,"Document p. Not separately numbered / see PDF index (PDF page OAIGI0121CAT38678_RA.pdf:2,42,87)",irrelevant_to_current_scope,,,irrelevant_to_current_scope,high,irrelevant_to_current_scope,Exact source row is from the broad EndoTherapy/reprocessing catalog but does not map to the current IP/pleural/tracheostomy role model.
1158,FLP-0010-18,MOUNTING ACCESSORIES AND VIDEO CABLES - Bracket for mounting large monitor (VESA® 200 mm x 400 mm compliant),Olympus,OAIGI0121CAT38678_RA.pdf,"Document p. Not separately numbered / see PDF index (PDF page OAIGI0121CAT38678_RA.pdf:2,36,43,87)",irrelevant_to_current_scope,,,irrelevant_to_current_scope,high,irrelevant_to_current_scope,Exact source row is from the broad EndoTherapy/reprocessing catalog but does not map to the current IP/pleural/tracheostomy role model.
1159,FLP-0002-17C,MOUNTING ACCESSORIES AND VIDEO CABLES - VESA® plate for mounting a flat panel (VESA® 75 mm x 100 mm and 100 mm x 100 mm compliant),Olympus,OAIGI0121CAT38678_RA.pdf,"Document p. Not separately numbered / see PDF index (PDF page OAIGI0121CAT38678_RA.pdf:2,43,87)",irrelevant_to_current_scope,,,irrelevant_to_current_scope,high,irrelevant_to_current_scope,Exact source row is from the broad EndoTherapy/reprocessing catalog but does not map to the current IP/pleural/tracheostomy role model.
1160,OEV-262H,OEV-262H 26-inch Medical Monitor,Olympus,OAIGI0121CAT38678_RA.pdf,p. 4.02,existing_exact,PRD-B5FC89830C,OEV-262H,existing_exact,high,existing_exact,
1161,OFP-2,OFP-2 Flushing Pump,Olympus,OAIGI0121CAT38678_RA.pdf,p. 7.02,existing_exact,PRD-F510911B2C,OFP-2,existing_exact,high,existing_exact,
1162,MAJ-1652,"OFP-2 PUMP - Adapter, single-patient use",Olympus,OAIGI0121CAT38678_RA.pdf,p. 7.04,existing_exact,PRD-1B9BB00FC8,MAJ-1652,existing_exact,high,existing_exact,
1163,MAJ-1651,"OFP-2 PUMP - Water tube, single-day use",Olympus,OAIGI0121CAT38678_RA.pdf,p. 7.04,existing_exact,PRD-2C2F29762E,MAJ-1651,existing_exact,high,existing_exact,
1164,High-gloss paper (10/package),PRINTER ACCESSORIES AND PAPER,Olympus,OAIGI0121CAT38678_RA.pdf,Document p. Not separately numbered / see PDF index (PDF page OAIGI0121CAT38678_RA.pdf:50),irrelevant_to_current_scope,,,irrelevant_to_current_scope,high,irrelevant_to_current_scope,Exact source row is from the broad EndoTherapy/reprocessing catalog but does not map to the current IP/pleural/tracheostomy role model.
1165,Thermal paper (10/package),PRINTER ACCESSORIES AND PAPER,Olympus,OAIGI0121CAT38678_RA.pdf,Document p. Not separately numbered / see PDF index (PDF page OAIGI0121CAT38678_RA.pdf:50),irrelevant_to_current_scope,,,irrelevant_to_current_scope,high,irrelevant_to_current_scope,Exact source row is from the broad EndoTherapy/reprocessing catalog but does not map to the current IP/pleural/tracheostomy role model.
1166,UP-895MD,PRINTER ACCESSORIES AND PAPER,Olympus,OAIGI0121CAT38678_RA.pdf,"Document p. Not separately numbered / see PDF index (PDF page OAIGI0121CAT38678_RA.pdf:50,89)",irrelevant_to_current_scope,,,irrelevant_to_current_scope,high,irrelevant_to_current_scope,Exact source row is from the broad EndoTherapy/reprocessing catalog but does not map to the current IP/pleural/tracheostomy role model.
1167,UPP-110HD-1,PRINTER ACCESSORIES AND PAPER,Olympus,OAIGI0121CAT38678_RA.pdf,"Document p. Not separately numbered / see PDF index (PDF page OAIGI0121CAT38678_RA.pdf:50,89)",irrelevant_to_current_scope,,,irrelevant_to_current_scope,high,irrelevant_to_current_scope,Exact source row is from the broad EndoTherapy/reprocessing catalog but does not map to the current IP/pleural/tracheostomy role model.
1168,UPP-110HG-1,PRINTER ACCESSORIES AND PAPER,Olympus,OAIGI0121CAT38678_RA.pdf,"Document p. Not separately numbered / see PDF index (PDF page OAIGI0121CAT38678_RA.pdf:50,89)",irrelevant_to_current_scope,,,irrelevant_to_current_scope,high,irrelevant_to_current_scope,Exact source row is from the broad EndoTherapy/reprocessing catalog but does not map to the current IP/pleural/tracheostomy role model.
1169,OEP-4/5/6,PRINTER ACCESSORIES AND PAPER - A5 color print pack (200 sheets and 2 ribbon packages),Olympus,OAIGI0121CAT38678_RA.pdf,Document p. Not separately numbered / see PDF index (PDF page OAIGI0121CAT38678_RA.pdf:50),irrelevant_to_current_scope,,,irrelevant_to_current_scope,high,irrelevant_to_current_scope,Exact source row is from the broad EndoTherapy/reprocessing catalog but does not map to the current IP/pleural/tracheostomy role model.
1170,UPC-55,PRINTER ACCESSORIES AND PAPER - A5 color print pack (200 sheets and 2 ribbon packages),Olympus,OAIGI0121CAT38678_RA.pdf,"Document p. Not separately numbered / see PDF index (PDF page OAIGI0121CAT38678_RA.pdf:50,89)",irrelevant_to_current_scope,,,irrelevant_to_current_scope,high,irrelevant_to_current_scope,Exact source row is from the broad EndoTherapy/reprocessing catalog but does not map to the current IP/pleural/tracheostomy role model.
1171,OEP-3,PRINTER ACCESSORIES AND PAPER - Color print pack (200 sheets),Olympus,OAIGI0121CAT38678_RA.pdf,"Document p. Not separately numbered / see PDF index (PDF page OAIGI0121CAT38678_RA.pdf:50,88)",irrelevant_to_current_scope,,,irrelevant_to_current_scope,high,irrelevant_to_current_scope,Exact source row is from the broad EndoTherapy/reprocessing catalog but does not map to the current IP/pleural/tracheostomy role model.
1172,UPC-510,PRINTER ACCESSORIES AND PAPER - Color print pack (200 sheets),Olympus,OAIGI0121CAT38678_RA.pdf,"Document p. Not separately numbered / see PDF index (PDF page OAIGI0121CAT38678_RA.pdf:50,89)",irrelevant_to_current_scope,,,irrelevant_to_current_scope,high,irrelevant_to_current_scope,Exact source row is from the broad EndoTherapy/reprocessing catalog but does not map to the current IP/pleural/tracheostomy role model.
1173,UP-20/21/25MD,"PRINTER ACCESSORIES AND PAPER - Color print pack, large (200 sheets)",Olympus,OAIGI0121CAT38678_RA.pdf,Document p. Not separately numbered / see PDF index (PDF page OAIGI0121CAT38678_RA.pdf:50),irrelevant_to_current_scope,,,irrelevant_to_current_scope,high,irrelevant_to_current_scope,Exact source row is from the broad EndoTherapy/reprocessing catalog but does not map to the current IP/pleural/tracheostomy role model.
1174,UPC-21L,"PRINTER ACCESSORIES AND PAPER - Color print pack, large (200 sheets)",Olympus,OAIGI0121CAT38678_RA.pdf,"Document p. Not separately numbered / see PDF index (PDF page OAIGI0121CAT38678_RA.pdf:50,89)",irrelevant_to_current_scope,,,irrelevant_to_current_scope,high,irrelevant_to_current_scope,Exact source row is from the broad EndoTherapy/reprocessing catalog but does not map to the current IP/pleural/tracheostomy role model.
1175,UPC-21S,"PRINTER ACCESSORIES AND PAPER - Color print pack, small (240 sheets)",Olympus,OAIGI0121CAT38678_RA.pdf,"Document p. Not separately numbered / see PDF index (PDF page OAIGI0121CAT38678_RA.pdf:50,89)",irrelevant_to_current_scope,,,irrelevant_to_current_scope,high,irrelevant_to_current_scope,Exact source row is from the broad EndoTherapy/reprocessing catalog but does not map to the current IP/pleural/tracheostomy role model.
1176,OEP/OEP-3,PRINTER ACCESSORIES AND PAPER - Paper tray cover (eject assembly is smoke color),Olympus,OAIGI0121CAT38678_RA.pdf,Document p. Not separately numbered / see PDF index (PDF page OAIGI0121CAT38678_RA.pdf:50),irrelevant_to_current_scope,,,irrelevant_to_current_scope,high,irrelevant_to_current_scope,Exact source row is from the broad EndoTherapy/reprocessing catalog but does not map to the current IP/pleural/tracheostomy role model.
1177,MAJ-884,"PRINTER ACCESSORIES AND PAPER - Printer cable set: includes RGB, BNC and remote cables",Olympus,OAIGI0121CAT38678_RA.pdf,"Document p. Not separately numbered / see PDF index (PDF page OAIGI0121CAT38678_RA.pdf:50,88)",irrelevant_to_current_scope,,,irrelevant_to_current_scope,high,irrelevant_to_current_scope,Exact source row is from the broad EndoTherapy/reprocessing catalog but does not map to the current IP/pleural/tracheostomy role model.
1178,MAJ-898,PRINTER ACCESSORIES AND PAPER - Remote control,Olympus,OAIGI0121CAT38678_RA.pdf,"Document p. Not separately numbered / see PDF index (PDF page OAIGI0121CAT38678_RA.pdf:50,88)",irrelevant_to_current_scope,,,irrelevant_to_current_scope,high,irrelevant_to_current_scope,Exact source row is from the broad EndoTherapy/reprocessing catalog but does not map to the current IP/pleural/tracheostomy role model.
1179,MH-984,PRINTER ACCESSORIES AND PAPER - RGB cable,Olympus,OAIGI0121CAT38678_RA.pdf,"Document p. Not separately numbered / see PDF index (PDF page OAIGI0121CAT38678_RA.pdf:50,88)",irrelevant_to_current_scope,,,irrelevant_to_current_scope,high,irrelevant_to_current_scope,Exact source row is from the broad EndoTherapy/reprocessing catalog but does not map to the current IP/pleural/tracheostomy role model.
1180,UP-870MD,PRINTER ACCESSORIES AND PAPER - Sony high-dynamic-range paper (10/package),Olympus,OAIGI0121CAT38678_RA.pdf,"Document p. Not separately numbered / see PDF index (PDF page OAIGI0121CAT38678_RA.pdf:50,89)",irrelevant_to_current_scope,,,irrelevant_to_current_scope,high,irrelevant_to_current_scope,Exact source row is from the broad EndoTherapy/reprocessing catalog but does not map to the current IP/pleural/tracheostomy role model.
1181,UPP-110HA-1,PRINTER ACCESSORIES AND PAPER - Sony high-dynamic-range paper (10/package),Olympus,OAIGI0121CAT38678_RA.pdf,"Document p. Not separately numbered / see PDF index (PDF page OAIGI0121CAT38678_RA.pdf:50,89)",irrelevant_to_current_scope,,,irrelevant_to_current_scope,high,irrelevant_to_current_scope,Exact source row is from the broad EndoTherapy/reprocessing catalog but does not map to the current IP/pleural/tracheostomy role model.
1182,OEP-6,PRINTER ACCESSORIES AND PAPER - Sony Wireless Print System,Olympus,OAIGI0121CAT38678_RA.pdf,"Document p. Not separately numbered / see PDF index (PDF page OAIGI0121CAT38678_RA.pdf:2,3,45,47,48,50,88)",irrelevant_to_current_scope,,,irrelevant_to_current_scope,high,irrelevant_to_current_scope,Exact source row is from the broad EndoTherapy/reprocessing catalog but does not map to the current IP/pleural/tracheostomy role model.
1183,UPA-WU10,PRINTER ACCESSORIES AND PAPER - Sony Wireless Print System,Olympus,OAIGI0121CAT38678_RA.pdf,"Document p. Not separately numbered / see PDF index (PDF page OAIGI0121CAT38678_RA.pdf:50,89)",irrelevant_to_current_scope,,,irrelevant_to_current_scope,high,irrelevant_to_current_scope,Exact source row is from the broad EndoTherapy/reprocessing catalog but does not map to the current IP/pleural/tracheostomy role model.
1184,A8286208D,"PRINTER ACCESSORIES AND PAPER - Tray assembly, paper supply",Olympus,OAIGI0121CAT38678_RA.pdf,"Document p. Not separately numbered / see PDF index (PDF page OAIGI0121CAT38678_RA.pdf:2,50,87)",irrelevant_to_current_scope,,,irrelevant_to_current_scope,high,irrelevant_to_current_scope,Exact source row is from the broad EndoTherapy/reprocessing catalog but does not map to the current IP/pleural/tracheostomy role model.
1185,OEP-4,"PRINTER ACCESSORIES AND PAPER - Tray assembly, paper supply",Olympus,OAIGI0121CAT38678_RA.pdf,"Document p. Not separately numbered / see PDF index (PDF page OAIGI0121CAT38678_RA.pdf:50,88)",irrelevant_to_current_scope,,,irrelevant_to_current_scope,high,irrelevant_to_current_scope,Exact source row is from the broad EndoTherapy/reprocessing catalog but does not map to the current IP/pleural/tracheostomy role model.
1186,ScopeLocker18LH,SCOPELOCKER STORAGE CABINETS - Laminate,Olympus,OAIGI0121CAT38678_RA.pdf,"Document p. Not separately numbered / see PDF index (PDF page OAIGI0121CAT38678_RA.pdf:76,88)",irrelevant_to_current_scope,,,irrelevant_to_current_scope,high,irrelevant_to_current_scope,Exact source row is from the broad EndoTherapy/reprocessing catalog but does not map to the current IP/pleural/tracheostomy role model.
1187,ScopeLocker4LH,SCOPELOCKER STORAGE CABINETS - Laminate,Olympus,OAIGI0121CAT38678_RA.pdf,"Document p. Not separately numbered / see PDF index (PDF page OAIGI0121CAT38678_RA.pdf:76,88)",irrelevant_to_current_scope,,,irrelevant_to_current_scope,high,irrelevant_to_current_scope,Exact source row is from the broad EndoTherapy/reprocessing catalog but does not map to the current IP/pleural/tracheostomy role model.
1188,ScopeLocker8LH,SCOPELOCKER STORAGE CABINETS - Laminate,Olympus,OAIGI0121CAT38678_RA.pdf,"Document p. Not separately numbered / see PDF index (PDF page OAIGI0121CAT38678_RA.pdf:76,88)",irrelevant_to_current_scope,,,irrelevant_to_current_scope,high,irrelevant_to_current_scope,Exact source row is from the broad EndoTherapy/reprocessing catalog but does not map to the current IP/pleural/tracheostomy role model.
1189,ScopeLockeShor18LH,SCOPELOCKER STORAGE CABINETS - Laminate,Olympus,OAIGI0121CAT38678_RA.pdf,"Document p. Not separately numbered / see PDF index (PDF page OAIGI0121CAT38678_RA.pdf:76,88)",irrelevant_to_current_scope,,,irrelevant_to_current_scope,high,irrelevant_to_current_scope,Exact source row is from the broad EndoTherapy/reprocessing catalog but does not map to the current IP/pleural/tracheostomy role model.
1190,ScopeLockeShor4LH,SCOPELOCKER STORAGE CABINETS - Laminate,Olympus,OAIGI0121CAT38678_RA.pdf,"Document p. Not separately numbered / see PDF index (PDF page OAIGI0121CAT38678_RA.pdf:76,88)",irrelevant_to_current_scope,,,irrelevant_to_current_scope,high,irrelevant_to_current_scope,Exact source row is from the broad EndoTherapy/reprocessing catalog but does not map to the current IP/pleural/tracheostomy role model.
1191,ScopeLockeShor8LH,SCOPELOCKER STORAGE CABINETS - Laminate,Olympus,OAIGI0121CAT38678_RA.pdf,"Document p. Not separately numbered / see PDF index (PDF page OAIGI0121CAT38678_RA.pdf:76,89)",irrelevant_to_current_scope,,,irrelevant_to_current_scope,high,irrelevant_to_current_scope,Exact source row is from the broad EndoTherapy/reprocessing catalog but does not map to the current IP/pleural/tracheostomy role model.
1192,ScopeLocker18SH,SCOPELOCKER STORAGE CABINETS - Steel,Olympus,OAIGI0121CAT38678_RA.pdf,"Document p. Not separately numbered / see PDF index (PDF page OAIGI0121CAT38678_RA.pdf:76,88)",irrelevant_to_current_scope,,,irrelevant_to_current_scope,high,irrelevant_to_current_scope,Exact source row is from the broad EndoTherapy/reprocessing catalog but does not map to the current IP/pleural/tracheostomy role model.
1193,ScopeLocker8SH,SCOPELOCKER STORAGE CABINETS - Steel,Olympus,OAIGI0121CAT38678_RA.pdf,"Document p. Not separately numbered / see PDF index (PDF page OAIGI0121CAT38678_RA.pdf:76,88)",irrelevant_to_current_scope,,,irrelevant_to_current_scope,high,irrelevant_to_current_scope,Exact source row is from the broad EndoTherapy/reprocessing catalog but does not map to the current IP/pleural/tracheostomy role model.
1194,ScopeLockeShor18SH,SCOPELOCKER STORAGE CABINETS - Steel,Olympus,OAIGI0121CAT38678_RA.pdf,"Document p. Not separately numbered / see PDF index (PDF page OAIGI0121CAT38678_RA.pdf:76,88)",irrelevant_to_current_scope,,,irrelevant_to_current_scope,high,irrelevant_to_current_scope,Exact source row is from the broad EndoTherapy/reprocessing catalog but does not map to the current IP/pleural/tracheostomy role model.
1195,ScopeLockeShor8SH,SCOPELOCKER STORAGE CABINETS - Steel,Olympus,OAIGI0121CAT38678_RA.pdf,"Document p. Not separately numbered / see PDF index (PDF page OAIGI0121CAT38678_RA.pdf:76,89)",irrelevant_to_current_scope,,,irrelevant_to_current_scope,high,irrelevant_to_current_scope,Exact source row is from the broad EndoTherapy/reprocessing catalog but does not map to the current IP/pleural/tracheostomy role model.
1196,Filter bottle tube KV-2/SSU-2,SSU-2 SIMPLE SUCTION UNIT,Olympus,OAIGI0121CAT38678_RA.pdf,p. 7.08,existing_alias_or_format_variant,PRD-150ECDCD05,SSU-2,existing_alias_or_format_variant,high,existing_alias_or_format_variant,
1197,Microbial filter (10 pack),SSU-2 SIMPLE SUCTION UNIT,Olympus,OAIGI0121CAT38678_RA.pdf,p. 7.08,existing_alias_or_format_variant,PRD-150ECDCD05,SSU-2,existing_alias_or_format_variant,high,existing_alias_or_format_variant,
1198,SSU-2,SSU-2 Simple Suction Unit,Olympus,OAIGI0121CAT38678_RA.pdf,p. 7.08,existing_exact,PRD-150ECDCD05,SSU-2,existing_exact,high,existing_exact,
1199,K7505595,SSU-2 SIMPLE SUCTION UNIT - Patient tubing (50 per box),Olympus,OAIGI0121CAT38678_RA.pdf,p. 7.10,existing_exact,PRD-1840ABC86D,K7505595,existing_exact,high,existing_exact,
1200,K10004950,SSU-2 SIMPLE SUCTION UNIT - Suction jar cap assembly,Olympus,OAIGI0121CAT38678_RA.pdf,"Document p. Not separately numbered / see PDF index (PDF page OAIGI0121CAT38678_RA.pdf:2,67,87)",irrelevant_to_current_scope,,,irrelevant_to_current_scope,high,irrelevant_to_current_scope,Exact source row is from the broad EndoTherapy/reprocessing catalog but does not map to the current IP/pleural/tracheostomy role model.
1201,K10030126,TC-C3 Series Workstation Set,Olympus,OAIGI0121CAT38678_RA.pdf,p. 2.16,existing_exact,PRD-2103064DB9,K10030126,existing_exact,high,existing_exact,
1202,K10030136,TC-C3 Series Workstation Set,Olympus,OAIGI0121CAT38678_RA.pdf,p. 2.16,existing_exact,PRD-1E9BA85FC4,K10030136,existing_exact,high,existing_exact,
1203,K10034675,TC-C3 Series Workstation Set,Olympus,OAIGI0121CAT38678_RA.pdf,p. 2.16,existing_exact,PRD-225513EE42,K10034675,existing_exact,high,existing_exact,
1204,K10034676,TC-C3 Series Workstation Set,Olympus,OAIGI0121CAT38678_RA.pdf,p. 2.16,existing_exact,PRD-136C288332,K10034676,existing_exact,high,existing_exact,
1205,K10029884,TC-C4 Series Workstation Set,Olympus,OAIGI0121CAT38678_RA.pdf,p. 2.13,existing_exact,PRD-4C3147DF15,K10029884,existing_exact,high,existing_exact,
1206,K10029889,TC-C4 Series Workstation Set,Olympus,OAIGI0121CAT38678_RA.pdf,p. 2.13,existing_exact,PRD-6EA4535CE1,K10029889,existing_exact,high,existing_exact,
1207,K10029894,TC-C4 Series Workstation Set,Olympus,OAIGI0121CAT38678_RA.pdf,p. 2.13,existing_exact,PRD-8106E78F85,K10029894,existing_exact,high,existing_exact,
1208,K10029899,TC-C4 Series Workstation Set,Olympus,OAIGI0121CAT38678_RA.pdf,p. 2.13,existing_exact,PRD-1266378787,K10029899,existing_exact,high,existing_exact,
1209,UCR,UCR CO2 Regulation Unit,Olympus,OAIGI0121CAT38678_RA.pdf,p. 6.02,existing_exact,PRD-AACBA3F0AD,UCR,existing_exact,high,existing_exact,
1210,MAJ-1080,UCR Gas Cylinder Hose,Olympus,OAIGI0121CAT38678_RA.pdf,p. 6.04,existing_exact,PRD-75E555BC77,MAJ-1080,existing_exact,high,existing_exact,
1211,MAJ-1084,UCR High-Pressure CO2 Hose,Olympus,OAIGI0121CAT38678_RA.pdf,p. 6.04,existing_exact,PRD-48AEE784DD,MAJ-1084,existing_exact,high,existing_exact,
1212,MAJ-1085,UCR Low-Pressure CO2 Hose,Olympus,OAIGI0121CAT38678_RA.pdf,p. 6.04,existing_exact,PRD-CC458478A5,MAJ-1085,existing_exact,high,existing_exact,
1213,WM-DP3,WM-DP3 Series Workstation,Olympus,OAIGI0121CAT38678_RA.pdf,p. 2.05,existing_exact,PRD-12CFCE9A6C,WM-DP3,existing_exact,high,existing_exact,
1214,K10035361,WM-NP3 Basic Workstation Configuration,Olympus,OAIGI0121CAT38678_RA.pdf,p. 2.04,existing_exact,PRD-FE1DBA6966,K10035361,existing_exact,high,existing_exact,
1215,K10035366,WM-NP3 GI Standard Workstation Configuration,Olympus,OAIGI0121CAT38678_RA.pdf,p. 2.04,existing_exact,PRD-F376B6A68F,K10035366,existing_exact,high,existing_exact,
1216,WM-NP3,WM-NP3 Series Workstation,Olympus,OAIGI0121CAT38678_RA.pdf,p. 2.02,existing_exact,PRD-047902FA9C,WM-NP3,existing_exact,high,existing_exact,
1217,WM-NP3 MAJ-2160 MAJ-150,WM-NP3 SERIES WORKSTATION - Basic set,Olympus,OAIGI0121CAT38678_RA.pdf,,irrelevant_to_current_scope,,,irrelevant_to_current_scope,high,irrelevant_to_current_scope,Exact source row is from the broad EndoTherapy/reprocessing catalog but does not map to the current IP/pleural/tracheostomy role model.
1218,K10035371,WM-NP3 Urology Workstation Configuration,Olympus,OAIGI0121CAT38678_RA.pdf,p. 2.04,existing_exact,PRD-6D6EEB24B8,K10035371,existing_exact,high,existing_exact,
1219,Not stated in source,OEC 3D Mobile Imaging System,GE HealthCare,OEC-3D_Brochure.pdf,OEC 3D brochure,duplicate_source_row,PRD-DCFC448718,,duplicate_source_row,high,duplicate_source_row,Repeated canonical identity or family already represented by another assigned input row.
1220,OEC 3D,OEC 3D Mobile Imaging System,GE HealthCare,OEC-3D_Brochure.pdf,OEC 3D brochure,existing_alias_or_format_variant,PRD-DCFC448718,,existing_alias_or_format_variant,high,existing_alias_or_format_variant,
1221,50-7280A,PleurX Pleural Catheter System,BD / CareFusion,PleurX™ Pleural Catheter System.pdf,Document p. 2/4 (PDF page 2),new_product_added,PRD-559ABA4333,50-7280A,proposed_high_confidence_exact_id,high,proposed_high_confidence_exact_id,Proposed addition; not yet applied by this read-only agent.
1222,50-7000B,PleurX Pleural Catheter System Component,BD / CareFusion,PleurX™ Pleural Catheter System.pdf,Document p. 3/4 (PDF page 3),existing_exact,PRD-78DC6578D9,50-7000B,exact_identifier,high,exact_identifier,
1223,50-7245A,PleurX Pleural Catheter System Component,BD / CareFusion,PleurX™ Pleural Catheter System.pdf,Document p. 2/4 (PDF page 2),new_product_added,PRD-26B3901F8D,50-7245A,proposed_high_confidence_exact_id,high,proposed_high_confidence_exact_id,Proposed addition; not yet applied by this read-only agent.
1224,50-7265A,PleurX Pleural Catheter System Component,BD / CareFusion,PleurX™ Pleural Catheter System.pdf,Document p. 2/4 (PDF page 2),new_product_added,PRD-9026C9E403,50-7265A,proposed_high_confidence_exact_id,high,proposed_high_confidence_exact_id,Proposed addition; not yet applied by this read-only agent.
1225,50-7290A,PleurX Pleural Catheter System Component,BD / CareFusion,PleurX™ Pleural Catheter System.pdf,Document p. 3/4 (PDF page 3),existing_exact,PRD-4423366610,50-7290A,exact_identifier,high,exact_identifier,
1226,50-7500B,PleurX Pleural Catheter System Component,BD / CareFusion,PleurX™ Pleural Catheter System.pdf,Document p. 2/4 (PDF page 2),existing_exact,PRD-B2B0419598,50-7500B,exact_identifier,high,exact_identifier,
1227,ES34611,EXCEPTIONAL ENDOSCOPIC SOLUTIONS - Trident FNB Needle CoCr,Micro-Tech Endoscopy,Product-Catalog-MPW10000H-Rev-3-web-1.pdf,"Document p. Not separately numbered / see PDF index (PDF page Product-Catalog-MPW10000H-Rev-3-web-1.pdf:25,71)",irrelevant_to_current_scope,,,irrelevant_to_current_scope,high,irrelevant_to_current_scope,"The supplied Micro-Tech catalog/IFU identifies a GI EUS or GI hemostasis product, not the separately marketed pulmonary EBUS family."
1228,RC30545,HEMOSTASIS - 2/Box,Micro-Tech Endoscopy,Product-Catalog-MPW10000H-Rev-3-web-1.pdf,"Document p. Not separately numbered / see PDF index (PDF page Product-Catalog-MPW10000H-Rev-3-web-1.pdf:29,75)",irrelevant_to_current_scope,,,irrelevant_to_current_scope,high,irrelevant_to_current_scope,"The supplied Micro-Tech catalog/IFU identifies a GI EUS or GI hemostasis product, not the separately marketed pulmonary EBUS family."
1229,Opera EVO,Opera EVO Surgical Laser,Quanta System,Quanta-Laser-2025 (1).pdf,Opera EVO brochure — Thoracic Surgery application panel,existing_alias_or_format_variant,PRD-43308BC331,,existing_alias_or_format_variant,high,existing_alias_or_format_variant,Opera EVO is the exact model/family name; the current governed product is Opera EVO Dual Wavelength Laser and intentionally has no catalog number.
1230,163.905,Automatic Leak Test Adapter,Richard Wolf,Richard Wolfe.pdf,p. 5,existing_exact,PRD-CB102A8291,163.905,existing_exact,high,existing_exact,
1231,8281.33,Biopsy Forceps,Richard Wolf,Richard Wolfe.pdf,p. 25,existing_exact,PRD-C01DCF9726,8281.33,existing_exact,high,existing_exact,
1232,8280.43,"Biopsy Forceps, Smooth",Richard Wolf,Richard Wolfe.pdf,p. 25,existing_exact,PRD-716AA24BEF,8280.43,existing_exact,high,existing_exact,
1233,8282.33,"Biopsy Forceps, Smooth",Richard Wolf,Richard Wolfe.pdf,p. 25,existing_exact,PRD-ED98C24F0E,8282.33,existing_exact,high,existing_exact,
1234,15114175,Biopsy Valve Receptacle,Richard Wolf,Richard Wolfe.pdf,p. 5,existing_exact,PRD-ED5A6147B6,15114175,existing_exact,high,existing_exact,
1235,8205.13,Blue Sealing Cap,Richard Wolf,Richard Wolfe.pdf,p. 18,existing_exact,PRD-25D4F080A3,8205.13,existing_exact,high,existing_exact,
1236,8021.18,Bronchoscope Sealing Cap for 4/3.4/2.7 mm Telescope,Richard Wolf,Richard Wolfe.pdf,p. 18,existing_exact,PRD-83DE1D08C4,8021.18,existing_exact,high,existing_exact,
1237,8020.18,Bronchoscope Sealing Cap for 5.5 mm Telescope,Richard Wolf,Richard Wolfe.pdf,p. 18,existing_exact,PRD-473C35E94F,8020.18,existing_exact,high,existing_exact,
1238,8243.711,"Bypass Forceps, Jaw Curved Left",Richard Wolf,Richard Wolfe.pdf,pp. 53-55,existing_exact,PRD-635FE10D65,8243.711,existing_exact,high,existing_exact,
1239,8290020,Clamping Attachment,Richard Wolf,Richard Wolfe.pdf,p. 5,existing_exact,PRD-985ACD0324,8290020,existing_exact,high,existing_exact,
1240,7980002,Cleaning Brush,Richard Wolf,Richard Wolfe.pdf,p. 5,existing_exact,PRD-2616E505ED,7980002,existing_exact,high,existing_exact,
1241,7990001,Cleaning Brush,Richard Wolf,Richard Wolfe.pdf,p. 5,existing_exact,PRD-4BD7E911C3,7990001,existing_exact,high,existing_exact,
1242,8691,Cleaning Brush,Richard Wolf,Richard Wolfe.pdf,p. 5,existing_exact,PRD-4E59B4CEB3,8691,existing_exact,high,existing_exact,
1243,8296.51,Cotton Applicator,Richard Wolf,Richard Wolfe.pdf,p. 26,existing_exact,PRD-DFDC63935D,8296.51,existing_exact,high,existing_exact,
1244,8295.35,Cotton Swab,Richard Wolf,Richard Wolfe.pdf,p. 26,existing_exact,PRD-0BCFAC0926,8295.35,existing_exact,high,existing_exact,
1245,8295.5,Cotton Swab,Richard Wolf,Richard Wolfe.pdf,p. 26,source_evidence_conflicted,PRD-3FE0E7E391,8295.50,source_evidence_conflicted,low,source_evidence_conflicted,CSV extraction dropped official decimal zero(s); source prints 8295.50. Input 8295.5 is especially ambiguous because the same source also lists 8295.35.
1246,825630546,"Endobronchial Resector, Aggressive",Richard Wolf,Richard Wolfe.pdf,p. 12,existing_exact,PRD-7CDBD7C74A,825630546,existing_exact,high,existing_exact,
1247,825620446,"Endobronchial Resector, Curved",Richard Wolf,Richard Wolfe.pdf,p. 12,existing_exact,PRD-1C81CBF06E,825620446,existing_exact,high,existing_exact,
1248,825610446,"Endobronchial Resector, Curved Smooth",Richard Wolf,Richard Wolfe.pdf,p. 12,existing_exact,PRD-96993E6593,825610446,existing_exact,high,existing_exact,
1249,825640546,Endobronchial Secretion Remover,Richard Wolf,Richard Wolfe.pdf,p. 12,existing_exact,PRD-DCD7CC99AF,825640546,existing_exact,high,existing_exact,
1250,55253011,ENDOCAM Logic 4K Camera Control Unit Bundle,Richard Wolf,Richard Wolfe.pdf,p. 4,existing_exact,PRD-CE23D2A34E,55253011,existing_exact,high,existing_exact,
1251,8095,Endoscope-Side Light Cable Adapter,Richard Wolf,Richard Wolfe.pdf,p. 18,existing_alias_or_format_variant,PRD-2DBF0805A2,8095.00,existing_alias_or_format_variant,high,existing_alias_or_format_variant,CSV extraction dropped official decimal zero(s); source prints 8095.00.
1252,82340014,ERAGONbipolar Forceps Bundle,Richard Wolf,Richard Wolfe.pdf,p. 14,existing_exact,PRD-7E9D9CEC94,82340014,existing_exact,high,existing_exact,
1253,82340024,ERAGONbipolar Jaw Insert,Richard Wolf,Richard Wolfe.pdf,p. 14,existing_exact,PRD-F7968862EF,82340024,existing_exact,high,existing_exact,
1254,823400005,ERAGONbipolar Pistol Handle,Richard Wolf,Richard Wolfe.pdf,p. 14,existing_exact,PRD-543E5F36B7,823400005,existing_exact,high,existing_exact,
1255,839300102,ERAGONbipolar Sheath Tube 5.5 mm x 435 mm,Richard Wolf,Richard Wolfe.pdf,p. 14,existing_exact,PRD-5D118F7388,839300102,existing_exact,high,existing_exact,
1256,806625231,"Fiber Light Cable Bundle, 2.5 mm x 2.3 m",Richard Wolf,Richard Wolfe.pdf,p. 6,existing_exact,PRD-18D62EB4E8,806625231,existing_exact,high,existing_exact,
1257,7235011,"Flexible 1-Channel Sensor Bronchoscope ""Slim""",Richard Wolf,Richard Wolfe.pdf,p. 3,existing_exact,PRD-1F54DB1DE4,7235011,existing_exact,high,existing_exact,
1258,829.601,Flexible Biopsy Forceps,Richard Wolf,Richard Wolfe.pdf,p. 5,existing_exact,PRD-A2F4A953C4,829.601,existing_exact,high,existing_exact,
1259,828.651,Flexible Grasping Forceps,Richard Wolf,Richard Wolfe.pdf,p. 5,existing_exact,PRD-0F30F277C1,828.651,existing_exact,high,existing_exact,
1260,8906.001,Flexible Trocar Sleeve,Richard Wolf,Richard Wolfe.pdf,pp. 49-51,existing_exact,PRD-9CCC6DB32E,8906.001,existing_exact,high,existing_exact,
1261,8906.011,Flexible Trocar Sleeve,Richard Wolf,Richard Wolfe.pdf,pp. 49-51,existing_exact,PRD-DFFE75EB48,8906.011,existing_exact,high,existing_exact,
1262,8906.031,Flexible Trocar Sleeve,Richard Wolf,Richard Wolfe.pdf,pp. 49-51,existing_exact,PRD-68E4686E4B,8906.031,existing_exact,high,existing_exact,
1263,8281.311,"Foreign Body Grasping Forceps, Serrated",Richard Wolf,Richard Wolfe.pdf,p. 25,existing_exact,PRD-AE3B2BA40B,8281.311,existing_exact,high,existing_exact,
1264,8280.47,Grasping Forceps for Soft Foreign Bodies,Richard Wolf,Richard Wolfe.pdf,p. 25,existing_exact,PRD-0C13E4001B,8280.47,existing_exact,high,existing_exact,
1265,8281.37,Grasping Forceps for Soft Foreign Bodies,Richard Wolf,Richard Wolfe.pdf,p. 25,existing_exact,PRD-4298F66678,8281.37,existing_exact,high,existing_exact,
1266,8282.37,Grasping Forceps for Soft Foreign Bodies,Richard Wolf,Richard Wolfe.pdf,p. 25,existing_exact,PRD-FB1867A930,8282.37,existing_exact,high,existing_exact,
1267,8280.41,"Grasping Forceps, Serrated",Richard Wolf,Richard Wolfe.pdf,p. 25,existing_exact,PRD-75434A8582,8280.41,existing_exact,high,existing_exact,
1268,412700,Hand Blower with Sterile Disposable Filter,Richard Wolf,Richard Wolfe.pdf,p. 26,existing_exact,PRD-FCD805E954,412700,existing_exact,high,existing_exact,
1269,8214.0641,HEMER Bronchoscope Tube Bundle,Richard Wolf,Richard Wolfe.pdf,p. 16,existing_exact,PRD-125BCF3BDD,8214.0641,existing_exact,high,existing_exact,
1270,8214.0741,HEMER Bronchoscope Tube Bundle,Richard Wolf,Richard Wolfe.pdf,p. 16,existing_exact,PRD-B4FCC0198A,8214.0741,existing_exact,high,existing_exact,
1271,8214.0841,HEMER Bronchoscope Tube Bundle,Richard Wolf,Richard Wolfe.pdf,p. 16,existing_exact,PRD-7B69AB81B4,8214.0841,existing_exact,high,existing_exact,
1272,8214.0941,HEMER Bronchoscope Tube Bundle,Richard Wolf,Richard Wolfe.pdf,p. 16,existing_exact,PRD-E4277B23A8,8214.0941,existing_exact,high,existing_exact,
1273,8214.1041,HEMER Bronchoscope Tube Bundle,Richard Wolf,Richard Wolfe.pdf,p. 16,existing_exact,PRD-53FF14A0C3,8214.1041,existing_exact,high,existing_exact,
1274,8214.1261,HEMER Bronchoscope Tube Bundle,Richard Wolf,Richard Wolfe.pdf,p. 16,existing_exact,PRD-CB5FB20E4F,8214.1261,existing_exact,high,existing_exact,
1275,8214.1241,HEMER Tracheoscope Tube Bundle,Richard Wolf,Richard Wolfe.pdf,p. 17,existing_exact,PRD-A0214EBAC0,8214.1241,existing_exact,high,existing_exact,
1276,8214.1281,HEMER Tracheoscope Tube Bundle,Richard Wolf,Richard Wolfe.pdf,p. 17,existing_exact,PRD-91BFC52CEC,8214.1281,existing_exact,high,existing_exact,
1277,8214.1441,HEMER Tracheoscope Tube Bundle,Richard Wolf,Richard Wolfe.pdf,p. 17,existing_exact,PRD-DE28F9BAFD,8214.1441,existing_exact,high,existing_exact,
1278,844202110,HF Coagulation Suction Tube,Richard Wolf,Richard Wolfe.pdf,p. 12,existing_exact,PRD-D58A0A54AA,844202110,existing_exact,high,existing_exact,
1279,8217.12,Illumination Insert,Richard Wolf,Richard Wolfe.pdf,p. 18,existing_exact,PRD-97B68B1ECE,8217.12,existing_exact,high,existing_exact,
1280,163912,Irrigation Adapter,Richard Wolf,Richard Wolfe.pdf,p. 5,existing_exact,PRD-5B0D81C458,163912,existing_exact,high,existing_exact,
1281,8238.5021,Jet Ventilation Respiration Adapter,Richard Wolf,Richard Wolfe.pdf,p. 18,existing_exact,PRD-AEB8017EDB,8238.5021,existing_exact,high,existing_exact,
1282,8238.502,Jet Ventilation Respiration Adapter Bundle,Richard Wolf,Richard Wolfe.pdf,p. 18,existing_exact,PRD-7058C81A50,8238.502,existing_exact,high,existing_exact,
1283,163.903,Leak Tester,Richard Wolf,Richard Wolfe.pdf,p. 5,existing_exact,PRD-E353F2E250,163.903,existing_exact,high,existing_exact,
1284,15401.071,Luer Connector,Richard Wolf,Richard Wolfe.pdf,p. 18,existing_exact,PRD-BFAC46626D,15401.071,existing_exact,high,existing_exact,
1285,15023205,Luer Sealing Cap,Richard Wolf,Richard Wolfe.pdf,p. 5,existing_exact,PRD-76C2832C18,15023205,existing_exact,high,existing_exact,
1286,8242.611,"Lung Grasping Forceps, Angled",Richard Wolf,Richard Wolfe.pdf,pp. 53-55,existing_exact,PRD-2BD5C6261D,8242.611,existing_exact,high,existing_exact,
1287,8920.4011,Mini Thoracoscope OR Endoscope Bundle,Richard Wolf,Richard Wolfe.pdf,p. 43,existing_exact,PRD-5FA4880E82,8920.4011,existing_exact,high,existing_exact,
1288,2304.001,Motor Control Unit 2304,Richard Wolf,Richard Wolfe.pdf,p. 11,existing_exact,PRD-695162DE9E,2304.001,existing_exact,high,existing_exact,
1289,89951.0001,"Motor Handpiece, max 3000 rpm",Richard Wolf,Richard Wolfe.pdf,p. 11,existing_exact,PRD-1058B185EB,89951.0001,existing_exact,high,existing_exact,
1290,82530.0601,"Optical Biopsy Forceps, Curved Up",Richard Wolf,Richard Wolfe.pdf,p. 23,existing_exact,PRD-663E85AB45,82530.0601,existing_exact,high,existing_exact,
1291,82530.0701,"Optical Biopsy Forceps, Curved Up",Richard Wolf,Richard Wolfe.pdf,p. 21,existing_exact,PRD-FF384E6481,82530.0701,existing_exact,high,existing_exact,
1292,8465.63,"Optical Biopsy Forceps, Straight",Richard Wolf,Richard Wolfe.pdf,p. 21,existing_exact,PRD-F40F385751,8465.63,existing_exact,high,existing_exact,
1293,8464.63,Optical Double-Spoon Biopsy Forceps,Richard Wolf,Richard Wolfe.pdf,p. 20,existing_exact,PRD-F1DC24ED97,8464.63,existing_exact,high,existing_exact,
1294,8465.61,Optical Grasping Forceps,Richard Wolf,Richard Wolfe.pdf,p. 21,existing_exact,PRD-DFBA1DB7E3,8465.61,existing_exact,high,existing_exact,
1295,8466654,Optical Grasping Forceps Grasper 3XL,Richard Wolf,Richard Wolfe.pdf,p. 23,existing_exact,PRD-0577F2977F,8466654,existing_exact,high,existing_exact,
1296,82530.0703,"Optical Grasping Forceps, Curved Up",Richard Wolf,Richard Wolfe.pdf,p. 22,existing_exact,PRD-14D0927E5A,82530.0703,existing_exact,high,existing_exact,
1297,82530.0404,"Optical Grasping Forceps, Straight",Richard Wolf,Richard Wolfe.pdf,p. 20,existing_exact,PRD-41F9791461,82530.0404,existing_exact,high,existing_exact,
1298,82530.0604,"Optical Grasping Forceps, Straight",Richard Wolf,Richard Wolfe.pdf,p. 23,existing_exact,PRD-891A7CBCBC,82530.0604,existing_exact,high,existing_exact,
1299,82530.0704,"Optical Grasping Forceps, Straight",Richard Wolf,Richard Wolfe.pdf,p. 22,existing_exact,PRD-8337850C95,82530.0704,existing_exact,high,existing_exact,
1300,8464.61,Optical Pike-Mouth Grasping Forceps,Richard Wolf,Richard Wolfe.pdf,p. 20,existing_exact,PRD-058B06F45B,8464.61,existing_exact,high,existing_exact,
1301,8466.651,Optical Reichle Biopsy Forceps Bagger XL,Richard Wolf,Richard Wolfe.pdf,p. 22,existing_exact,PRD-4F06212417,8466.651,existing_exact,high,existing_exact,
1302,8466.652,Optical Reichle Biopsy Forceps Bagger XXL,Richard Wolf,Richard Wolfe.pdf,p. 22,existing_exact,PRD-4DBE64B0DA,8466.652,existing_exact,high,existing_exact,
1303,8466.653,Optical Reichle Grasping Forceps Grasper XXL,Richard Wolf,Richard Wolfe.pdf,p. 23,existing_exact,PRD-CB9242F78E,8466.653,existing_exact,high,existing_exact,
1304,82530.0602,Optical Retrograde Biopsy Forceps,Richard Wolf,Richard Wolfe.pdf,p. 23,existing_exact,PRD-D217637957,82530.0602,existing_exact,high,existing_exact,
1305,82530.0702,Optical Retrograde Biopsy Forceps,Richard Wolf,Richard Wolfe.pdf,p. 21,existing_exact,PRD-6B09435B5B,82530.0702,existing_exact,high,existing_exact,
1306,8464.64,Optical Retrograde Biopsy Forceps,Richard Wolf,Richard Wolfe.pdf,p. 20,existing_exact,PRD-7F94CAD8E8,8464.64,existing_exact,high,existing_exact,
1307,8465.64,Optical Retrograde Biopsy Forceps,Richard Wolf,Richard Wolfe.pdf,p. 21,existing_exact,PRD-7563085A90,8465.64,existing_exact,high,existing_exact,
1308,8913.6,Optical Thoracoscopy Grasping Forceps,Richard Wolf,Richard Wolfe.pdf,p. 44,existing_alias_or_format_variant,PRD-5E2713887A,8913.60,existing_alias_or_format_variant,high,existing_alias_or_format_variant,CSV extraction dropped official decimal zero(s); source prints 8913.60.
1309,82530.0405,Optical Universal Forceps,Richard Wolf,Richard Wolfe.pdf,p. 20,existing_exact,PRD-3A4F408F18,82530.0405,existing_exact,high,existing_exact,
1310,82530.0605,Optical Universal Forceps,Richard Wolf,Richard Wolfe.pdf,p. 24,existing_exact,PRD-7EAB3D4582,82530.0605,existing_exact,high,existing_exact,
1311,82530.0705,"Optical Universal Forceps, Curved Up",Richard Wolf,Richard Wolfe.pdf,p. 22,existing_exact,PRD-167A020826,82530.0705,existing_exact,high,existing_exact,
1312,82514.431,PANOVIEW PLUS Telescope,Richard Wolf,Richard Wolfe.pdf,p. 19,existing_exact,PRD-123BAC018B,82514.431,existing_exact,high,existing_exact,
1313,82514.433,PANOVIEW PLUS Telescope,Richard Wolf,Richard Wolfe.pdf,p. 19,existing_exact,PRD-FEA0F47B62,82514.433,existing_exact,high,existing_exact,
1314,8933.431,PANOVIEW PLUS Telescope,Richard Wolf,Richard Wolfe.pdf,pp. 44-48,existing_exact,PRD-2058BA100A,8933.431,existing_exact,high,existing_exact,
1315,8934.4424,PANOVIEW PLUS Telescope,Richard Wolf,Richard Wolfe.pdf,pp. 44-48,existing_exact,PRD-2ACB51E58C,8934.4424,existing_exact,high,existing_exact,
1316,8934.4434,PANOVIEW PLUS Telescope,Richard Wolf,Richard Wolfe.pdf,pp. 44-48,existing_exact,PRD-D99A37C035,8934.4434,existing_exact,high,existing_exact,
1317,8464.3,PANOVIEW Telescope,Richard Wolf,Richard Wolfe.pdf,p. 19,existing_alias_or_format_variant,PRD-C32CFEC594,8464.30,existing_alias_or_format_variant,high,existing_alias_or_format_variant,CSV extraction dropped official decimal zero(s); source prints 8464.30.
1318,8465.3,PANOVIEW Telescope,Richard Wolf,Richard Wolfe.pdf,p. 19,existing_alias_or_format_variant,PRD-D736275364,8465.30,existing_alias_or_format_variant,high,existing_alias_or_format_variant,CSV extraction dropped official decimal zero(s); source prints 8465.30.
1319,8465.32,PANOVIEW Telescope,Richard Wolf,Richard Wolfe.pdf,p. 19,existing_exact,PRD-50AAFE240E,8465.32,existing_exact,high,existing_exact,
1320,8933.432,PANOVIEW Telescope,Richard Wolf,Richard Wolfe.pdf,pp. 44-48,existing_exact,PRD-AD5DB57EBC,8933.432,existing_exact,high,existing_exact,
1321,8933.433,PANOVIEW Telescope,Richard Wolf,Richard Wolfe.pdf,pp. 44-48,existing_exact,PRD-5B271EC93B,8933.433,existing_exact,high,existing_exact,
1322,8934.431,PANOVIEW Telescope,Richard Wolf,Richard Wolfe.pdf,pp. 44-48,existing_exact,PRD-B4E0EB9EFB,8934.431,existing_exact,high,existing_exact,
1323,8934.432,PANOVIEW Telescope,Richard Wolf,Richard Wolfe.pdf,pp. 44-48,existing_exact,PRD-2FBD344316,8934.432,existing_exact,high,existing_exact,
1324,8934.433,PANOVIEW Telescope,Richard Wolf,Richard Wolfe.pdf,pp. 44-48,existing_exact,PRD-1FE403B84C,8934.433,existing_exact,high,existing_exact,
1325,8935.441,PANOVIEW Telescope,Richard Wolf,Richard Wolfe.pdf,pp. 44-48,existing_exact,PRD-BA86F45760,8935.441,existing_exact,high,existing_exact,
1326,8935.442,PANOVIEW Telescope,Richard Wolf,Richard Wolfe.pdf,pp. 44-48,existing_exact,PRD-A1B7FC0BD4,8935.442,existing_exact,high,existing_exact,
1327,8935.443,PANOVIEW Telescope,Richard Wolf,Richard Wolfe.pdf,pp. 44-48,existing_exact,PRD-6BF80B6E0D,8935.443,existing_exact,high,existing_exact,
1328,8650.414,PANOVIEW Thoracoscopy Telescope,Richard Wolf,Richard Wolfe.pdf,pp. 44-48,existing_exact,PRD-B6A919EF32,8650.414,existing_exact,high,existing_exact,
1329,89354416,PANOVIEW ULTRA Telescope,Richard Wolf,Richard Wolfe.pdf,pp. 44-48,existing_exact,PRD-4BB84F196B,89354416,existing_exact,high,existing_exact,
1330,89354426,PANOVIEW ULTRA Telescope,Richard Wolf,Richard Wolfe.pdf,pp. 44-48,existing_exact,PRD-01F519887A,89354426,existing_exact,high,existing_exact,
1331,8935461,PANOVIEW ULTRA Telescope,Richard Wolf,Richard Wolfe.pdf,pp. 44-48,existing_exact,PRD-0221D4FEAA,8935461,existing_exact,high,existing_exact,
1332,8935462,PANOVIEW ULTRA Telescope,Richard Wolf,Richard Wolfe.pdf,pp. 44-48,existing_exact,PRD-6E580584DD,8935462,existing_exact,high,existing_exact,
1333,8242.603,"Parenchyma Forceps 50 mm, Curved Left",Richard Wolf,Richard Wolfe.pdf,pp. 53-55,existing_exact,PRD-529E58AC8C,8242.603,existing_exact,high,existing_exact,
1334,8242.604,"Parenchyma Forceps 50 mm, Curved Right",Richard Wolf,Richard Wolfe.pdf,pp. 53-55,existing_exact,PRD-023092D446,8242.604,existing_exact,high,existing_exact,
1335,8242.601,"Parenchyma Forceps, Curved Left",Richard Wolf,Richard Wolfe.pdf,pp. 53-55,existing_exact,PRD-6CB8BD3445,8242.601,existing_exact,high,existing_exact,
1336,8242.602,"Parenchyma Forceps, Curved Right",Richard Wolf,Richard Wolfe.pdf,pp. 53-55,existing_exact,PRD-A8A5497344,8242.602,existing_exact,high,existing_exact,
1337,8243.604,"Parenchyma Grasping Forceps, Curved",Richard Wolf,Richard Wolfe.pdf,pp. 53-55,existing_exact,PRD-901A1A1C5C,8243.604,existing_exact,high,existing_exact,
1338,8243.603,"Parenchyma Grasping Forceps, Straight",Richard Wolf,Richard Wolfe.pdf,pp. 53-55,existing_exact,PRD-58CFB02C8E,8243.603,existing_exact,high,existing_exact,
1339,163.904,Pressure Equalization Valve,Richard Wolf,Richard Wolfe.pdf,p. 5,existing_exact,PRD-B9B63919B0,163.904,existing_exact,high,existing_exact,
1340,8291.45,"Rigid Suction Tube, Central/Lateral Openings",Richard Wolf,Richard Wolfe.pdf,p. 26,existing_exact,PRD-53805EF31F,8291.45,existing_exact,high,existing_exact,
1341,8923.013,RIWO-ART Slanted Trocar Sleeve,Richard Wolf,Richard Wolfe.pdf,pp. 49-51,existing_exact,PRD-67D1D03D3F,8923.013,existing_exact,high,existing_exact,
1342,8923.023,RIWO-ART Slanted Trocar Sleeve with Thread,Richard Wolf,Richard Wolfe.pdf,pp. 49-51,existing_exact,PRD-A8B69D1E0B,8923.023,existing_exact,high,existing_exact,
1343,8923.014,RIWO-ART Straight Trocar Sleeve,Richard Wolf,Richard Wolfe.pdf,pp. 49-51,existing_exact,PRD-D2F1921685,8923.014,existing_exact,high,existing_exact,
1344,8923.016,RIWO-ART Straight Trocar Sleeve,Richard Wolf,Richard Wolfe.pdf,pp. 49-51,existing_exact,PRD-4F64240AD0,8923.016,existing_exact,high,existing_exact,
1345,8923.024,RIWO-ART Straight Trocar Sleeve with Thread,Richard Wolf,Richard Wolfe.pdf,pp. 49-51,existing_exact,PRD-40B834E981,8923.024,existing_exact,high,existing_exact,
1346,8923.026,RIWO-ART Straight Trocar Sleeve with Thread,Richard Wolf,Richard Wolfe.pdf,pp. 49-51,existing_exact,PRD-8509EF4D1E,8923.026,existing_exact,high,existing_exact,
1347,8280.46,Rotation Forceps for Hard Foreign Bodies,Richard Wolf,Richard Wolfe.pdf,p. 25,existing_exact,PRD-C717487CFD,8280.46,existing_exact,high,existing_exact,
1348,15176173,Seal,Richard Wolf,Richard Wolfe.pdf,p. 5,existing_exact,PRD-5941DF2464,15176173,existing_exact,high,existing_exact,
1349,8205.12,Sealing Cap with Monitoring Window,Richard Wolf,Richard Wolfe.pdf,p. 18,existing_exact,PRD-993274DBA5,8205.12,existing_exact,high,existing_exact,
1350,8256.99,Sealing Plug 25 mm,Richard Wolf,Richard Wolfe.pdf,p. 18,existing_exact,PRD-E6B6E0ACC5,8256.99,existing_exact,high,existing_exact,
1351,15114.052,Sealing Valve Bundle (20 pcs),Richard Wolf,Richard Wolfe.pdf,p. 5,existing_exact,PRD-4A329E27C5,15114.052,existing_exact,high,existing_exact,
1352,8280.44,"Spoon Forceps, Smooth",Richard Wolf,Richard Wolfe.pdf,p. 25,existing_exact,PRD-AF3652245F,8280.44,existing_exact,high,existing_exact,
1353,8906.081,Stainless Steel Trocar Sleeve,Richard Wolf,Richard Wolfe.pdf,pp. 49-51,existing_exact,PRD-A12A620A18,8906.081,existing_exact,high,existing_exact,
1354,4565901M,Sterile Suction Valve (20 pcs),Richard Wolf,Richard Wolfe.pdf,p. 5,existing_exact,PRD-5CD03F0708,4565901M,existing_exact,high,existing_exact,
1355,8379.672,Surgical Probe,Richard Wolf,Richard Wolfe.pdf,p. 52,existing_exact,PRD-EEA17CA0DB,8379.672,existing_exact,high,existing_exact,
1356,8383.66,Surgical Probe,Richard Wolf,Richard Wolfe.pdf,p. 52,existing_exact,PRD-0E6A5953F1,8383.66,existing_exact,high,existing_exact,
1357,8384.66,Surgical Probe,Richard Wolf,Richard Wolfe.pdf,p. 52,existing_exact,PRD-B94F3A417B,8384.66,existing_exact,high,existing_exact,
1358,8215.713,Telescope Adapter,Richard Wolf,Richard Wolfe.pdf,pp. 15-17,existing_exact,PRD-36F32A458B,8215.713,existing_exact,high,existing_exact,
1359,8215.714,Telescope Adapter,Richard Wolf,Richard Wolfe.pdf,pp. 15-17,existing_exact,PRD-2EB4F34219,8215.714,existing_exact,high,existing_exact,
1360,8215.715,Telescope Adapter,Richard Wolf,Richard Wolfe.pdf,pp. 15-17,existing_exact,PRD-5C35FB169D,8215.715,existing_exact,high,existing_exact,
1361,8215.716,Telescope Adapter,Richard Wolf,Richard Wolfe.pdf,pp. 15-17,existing_exact,PRD-A3EBA86219,8215.716,existing_exact,high,existing_exact,
1362,82520.0841,TEXAS Bronchoscope Tube ID 11 mm,Richard Wolf,Richard Wolfe.pdf,p. 10,existing_exact,PRD-B077E82907,82520.0841,existing_exact,high,existing_exact,
1363,82520.0842,"TEXAS Bronchoscope Tube ID 11 mm, no distal viewing window",Richard Wolf,Richard Wolfe.pdf,p. 10,existing_exact,PRD-5E6845A633,82520.0842,existing_exact,high,existing_exact,
1364,82520.1041,TEXAS Bronchoscope Tube ID 13 mm,Richard Wolf,Richard Wolfe.pdf,p. 10,existing_exact,PRD-095515E20C,82520.1041,existing_exact,high,existing_exact,
1365,82520.0641,TEXAS Bronchoscope Tube ID 9.2 mm,Richard Wolf,Richard Wolfe.pdf,p. 10,existing_exact,PRD-924AFC41F8,82520.0641,existing_exact,high,existing_exact,
1366,825101100,TEXAS Distal Illumination Head System,Richard Wolf,Richard Wolfe.pdf,pp. 6-7,existing_exact,PRD-54CEDAAE5B,825101100,existing_exact,high,existing_exact,
1367,825101401,TEXAS Optic Element Bundle,Richard Wolf,Richard Wolfe.pdf,p. 6,existing_exact,PRD-0F20768341,825101401,existing_exact,high,existing_exact,
1368,825101200,TEXAS Proximal Illumination Head System,Richard Wolf,Richard Wolfe.pdf,pp. 6-7,existing_exact,PRD-AC9CC6E8A4,825101200,existing_exact,high,existing_exact,
1369,825210830,TEXAS Tracheoscope Tube ID 11 mm,Richard Wolf,Richard Wolfe.pdf,p. 10,existing_exact,PRD-523148A737,825210830,existing_exact,high,existing_exact,
1370,825211030,TEXAS Tracheoscope Tube ID 13 mm,Richard Wolf,Richard Wolfe.pdf,p. 10,existing_exact,PRD-D18E672989,825211030,existing_exact,high,existing_exact,
1371,82520.1241,TEXAS Tracheoscope Tube ID 15 mm,Richard Wolf,Richard Wolfe.pdf,p. 10,existing_exact,PRD-59D2DF4F88,82520.1241,existing_exact,high,existing_exact,
1372,825211230,TEXAS Tracheoscope Tube ID 15 mm,Richard Wolf,Richard Wolfe.pdf,p. 10,existing_exact,PRD-3C756110F0,825211230,existing_exact,high,existing_exact,
1373,825211430,TEXAS Tracheoscope Tube ID 17 mm,Richard Wolf,Richard Wolfe.pdf,p. 10,existing_exact,PRD-2EB7F5EEC1,825211430,existing_exact,high,existing_exact,
1374,82520.1441,TEXAS Tracheoscope Tube ID 17.1 mm,Richard Wolf,Richard Wolfe.pdf,p. 10,existing_exact,PRD-00C13A59AA,82520.1441,existing_exact,high,existing_exact,
1375,8243.404,"Thoracoscopy Scissors, Curved",Richard Wolf,Richard Wolfe.pdf,pp. 53-55,existing_exact,PRD-24AE19F5D2,8243.404,existing_exact,high,existing_exact,
1376,8243.403,"Thoracoscopy Scissors, Straight",Richard Wolf,Richard Wolfe.pdf,pp. 53-55,existing_exact,PRD-759CE9B00A,8243.403,existing_exact,high,existing_exact,
1377,8243.701,Thoracoscopy Tissue Retractor,Richard Wolf,Richard Wolfe.pdf,pp. 53-55,existing_exact,PRD-F6BB76BECF,8243.701,existing_exact,high,existing_exact,
1378,823400001,TipControl Articulated Biopsy Forceps,Richard Wolf,Richard Wolfe.pdf,p. 13,existing_exact,PRD-388B36D2E2,823400001,existing_exact,high,existing_exact,
1379,823400002,TipControl Articulated Grasping Forceps,Richard Wolf,Richard Wolfe.pdf,p. 13,existing_exact,PRD-0BA1BB5296,823400002,existing_exact,high,existing_exact,
1380,823400003,TipControl Articulated Scissors,Richard Wolf,Richard Wolfe.pdf,p. 13,existing_exact,PRD-027269F110,823400003,existing_exact,high,existing_exact,
1381,8905.331,Trocar Sleeve with Membrane Valve,Richard Wolf,Richard Wolfe.pdf,pp. 49-51,existing_exact,PRD-BA7CBE6482,8905.331,existing_exact,high,existing_exact,
1382,8905.351,Trocar Sleeve with Membrane Valve,Richard Wolf,Richard Wolfe.pdf,pp. 49-51,existing_exact,PRD-ED212D7E3C,8905.351,existing_exact,high,existing_exact,
1383,8919.331,Trocar Sleeve with Membrane Valve,Richard Wolf,Richard Wolfe.pdf,pp. 49-51,existing_exact,PRD-C1F90B7445,8919.331,existing_exact,high,existing_exact,
1384,8919.351,Trocar Sleeve with Membrane Valve,Richard Wolf,Richard Wolfe.pdf,pp. 49-51,existing_exact,PRD-8287E5FFEF,8919.351,existing_exact,high,existing_exact,
1385,8906.051,Trocar Sleeve with Rubber Cap,Richard Wolf,Richard Wolfe.pdf,pp. 49-51,existing_exact,PRD-7E7BC96506,8906.051,existing_exact,high,existing_exact,
1386,8919.333,Trocar Sleeve with Stopcock,Richard Wolf,Richard Wolfe.pdf,pp. 49-51,existing_exact,PRD-AD1CD2C1B2,8919.333,existing_exact,high,existing_exact,
1387,8919.353,Trocar Sleeve with Stopcock,Richard Wolf,Richard Wolfe.pdf,pp. 49-51,existing_exact,PRD-3236D0CEDC,8919.353,existing_exact,high,existing_exact,
1388,886,Tube with Luer-Lock Connector,Richard Wolf,Richard Wolfe.pdf,p. 5,existing_alias_or_format_variant,PRD-FF9CE26B43,886.00,existing_alias_or_format_variant,high,existing_alias_or_format_variant,CSV extraction dropped official decimal zero(s); source prints 886.00.
1389,8280.45,"Tumor Forceps, Severing",Richard Wolf,Richard Wolfe.pdf,p. 25,existing_exact,PRD-6C99AA9B16,8280.45,existing_exact,high,existing_exact,
1390,2304.901,Two-Pedal Footswitch,Richard Wolf,Richard Wolfe.pdf,p. 11,existing_exact,PRD-9B0EE44246,2304.901,existing_exact,high,existing_exact,
1391,8020.15,Universal Bronchoscope Cap,Richard Wolf,Richard Wolfe.pdf,p. 18,existing_exact,PRD-9C1CF84490,8020.15,existing_exact,high,existing_exact,
1392,8280.42,"Universal Forceps, Serrated",Richard Wolf,Richard Wolfe.pdf,p. 25,existing_exact,PRD-CE081B3A72,8280.42,existing_exact,high,existing_exact,
1393,8242.651,"Vessel Clamp, Curved Left",Richard Wolf,Richard Wolfe.pdf,pp. 53-55,existing_exact,PRD-9C5FCF73E5,8242.651,existing_exact,high,existing_exact,
1394,8242.652,"Vessel Clamp, Curved Right",Richard Wolf,Richard Wolfe.pdf,pp. 53-55,existing_exact,PRD-6D2D08656C,8242.652,existing_exact,high,existing_exact,
1395,8214.0721,WOLF Bronchoscope Tube Bundle,Richard Wolf,Richard Wolfe.pdf,p. 15,existing_exact,PRD-598FB0AD5D,8214.0721,existing_exact,high,existing_exact,
1396,8214.0821,WOLF Bronchoscope Tube Bundle,Richard Wolf,Richard Wolfe.pdf,p. 15,existing_exact,PRD-18F33007D6,8214.0821,existing_exact,high,existing_exact,
1397,8214.0921,WOLF Bronchoscope Tube Bundle,Richard Wolf,Richard Wolfe.pdf,p. 15,existing_exact,PRD-5C40D8FE80,8214.0921,existing_exact,high,existing_exact,
1398,8214.1021,WOLF Bronchoscope Tube Bundle,Richard Wolf,Richard Wolfe.pdf,p. 15,existing_exact,PRD-1DCE96086D,8214.1021,existing_exact,high,existing_exact,
1399,Not stated in source,Scivita Single-Use Bronchoscope,Scivita Medical Technology,Scivita-Single-Use-Bronchoscope-Brochure.pdf,,existing_family_or_package_variant,,,existing_family_or_package_variant,moderate,existing_family_or_package_variant,"Family-only row without exact model; current catalog already contains SBV-1A-B, SBV-1B-B, and SBV-1C-B exact models."
1400,Not stated in source,Empyema and Pleural Effusion Thoracoscopy Product Set,KARL STORZ,Search - Empyema and pleural effusion _ KARL STORZ Endoskope _ Cyprus.pdf,PDF 1-11 (family-level search capture),relevant_family_level_only,,,Named manufacturer product-set page; no exact catalog/model/reference identifier,moderate,family_or_product_set_without_identifier,
1401,Not stated in source,Flexible Bronchoscopy Product Set,KARL STORZ,Search - Flexible bronchoscopy _ KARL STORZ Endoskope _ United States.pdf,PDF 1-14 (family-level search capture),relevant_family_level_only,,,Named manufacturer product-set page; no exact catalog/model/reference identifier,moderate,family_or_product_set_without_identifier,
1402,Not stated in source,Medical Thoracoscopy Product Set,KARL STORZ,Search - Medical thoracoscopy _ KARL STORZ Endoskope _ United States.pdf,PDF 1-8 (family-level search capture),relevant_family_level_only,,,Named manufacturer product-set page; no exact catalog/model/reference identifier,moderate,family_or_product_set_without_identifier,
1403,26072UF,Optical Dissection Electrode,Karl Storz,Search - Pleurodesis _ KARL STORZ Endoskope _ Cyprus.pdf,Pleurodesis search-results page,existing_exact,PRD-4A1701C80B,26072UF,Karl Storz/MFR-12BAB1E48C + exact normalized identifier 26072UF,high,manufacturer_and_catalog_number_exact,
1404,Not stated in source,Rigid Bronchoscopy Product Set,KARL STORZ,Search - Rigid bronchoscopy _ KARL STORZ Endoskope _ United States.pdf,PDF 1-138 (family-level search capture),relevant_family_level_only,,,Named manufacturer product-set page; no exact catalog/model/reference identifier,moderate,family_or_product_set_without_identifier,
1405,Not stated in source,Shiley Flexible Tracheostomy Tube Portfolio,Medtronic,shiley-flex-taperguard-cuff-sizing-guide.pdf; shiley-flexible-adult-tracheostomy-tubes-brochure copy.pdf; shiley-flexible-adult-tracheostomy-tubes-brochure.pdf; shiley-flexible-adult-tracheostomy-tubes-comparison-information-sheet.pdf; shiley-flexible-tracheostomy-a-sku-sizing-information-sheet.pdf; shiley-flexible-tracheostomy-enhanced-portfolio-comparison-guide.pdf; shiley-flexible-tracheostomy-tube-customer-brochure.pdf; shiley-xlt-extended-length-tracheostomy-tubes-brochure.pdf; Shiley™ Flexible Adult Tracheostomy Tube _ Medtronic.pdf; Shiley™ XLT Extended Length Tracheostomy Tube _ Medtronic.pdf,Document p. not stated (PDF page 1),existing_family_or_package_variant,,,family_or_resource_row_without_exact_orderable_identifier,moderate,family_or_resource_row_without_exact_orderable_identifier,
1406,SSV / SSVO,Shiley Speaking Valve,Medtronic,shiley-speaking-valves-product-brochure.pdf,Document p. not stated (PDF page 3),needs_owner_review,,,exact_relevant_accessory_but_no_existing_governed_role_code,needs_review,exact_relevant_accessory_but_no_existing_governed_role_code,"Identity is supported, but do not invent a speaking-valve or replacement-inner-cannula role in this intake."
1407,10CN10A,Shiley Flexible Adult Cuffed Tracheostomy Tube,Medtronic,Shiley™ Flexible Adult Tracheostomy Tube _ Medtronic.pdf,Document p. not stated (PDF page 4),existing_alias_or_format_variant,PRD-6826FE4C0E,10CN10H,manufacturer_states_A_replaces_H_as_version_only_code_change_not_new_product,high,manufacturer_states_A_replaces_H_as_version_only_code_change_not_new_product,
1408,4CN65A,Shiley Flexible Adult Cuffed Tracheostomy Tube,Medtronic,Shiley™ Flexible Adult Tracheostomy Tube _ Medtronic.pdf,Document p. not stated (PDF page 4),new_product_added,PRD-C3B7FB7CAE,4CN65A,proposed_high_confidence_exact_id,high,proposed_high_confidence_exact_id,Proposed addition; not yet applied by this read-only agent.
1409,5CN70A,Shiley Flexible Adult Cuffed Tracheostomy Tube,Medtronic,Shiley™ Flexible Adult Tracheostomy Tube _ Medtronic.pdf,Document p. not stated (PDF page 4),new_product_added,PRD-80B451355D,5CN70A,proposed_high_confidence_exact_id,high,proposed_high_confidence_exact_id,Proposed addition; not yet applied by this read-only agent.
1410,6CN75A,Shiley Flexible Adult Cuffed Tracheostomy Tube,Medtronic,Shiley™ Flexible Adult Tracheostomy Tube _ Medtronic.pdf,Document p. not stated (PDF page 4),existing_alias_or_format_variant,PRD-E088452873,6CN75H,manufacturer_states_A_replaces_H_as_version_only_code_change_not_new_product,high,manufacturer_states_A_replaces_H_as_version_only_code_change_not_new_product,
1411,7CN80A,Shiley Flexible Adult Cuffed Tracheostomy Tube,Medtronic,Shiley™ Flexible Adult Tracheostomy Tube _ Medtronic.pdf,Document p. not stated (PDF page 4),existing_alias_or_format_variant,PRD-849E1FCCA5,7CN80H,manufacturer_states_A_replaces_H_as_version_only_code_change_not_new_product,high,manufacturer_states_A_replaces_H_as_version_only_code_change_not_new_product,
1412,8CN85A,Shiley Flexible Adult Cuffed Tracheostomy Tube,Medtronic,Shiley™ Flexible Adult Tracheostomy Tube _ Medtronic.pdf,Document p. not stated (PDF page 4),existing_alias_or_format_variant,PRD-A034F04BF1,8CN85H,manufacturer_states_A_replaces_H_as_version_only_code_change_not_new_product,high,manufacturer_states_A_replaces_H_as_version_only_code_change_not_new_product,
1413,9CN90A,Shiley Flexible Adult Cuffed Tracheostomy Tube,Medtronic,Shiley™ Flexible Adult Tracheostomy Tube _ Medtronic.pdf,Document p. not stated (PDF page 4),existing_alias_or_format_variant,PRD-804529441A,9CN90H,manufacturer_states_A_replaces_H_as_version_only_code_change_not_new_product,high,manufacturer_states_A_replaces_H_as_version_only_code_change_not_new_product,
1414,10UN10A,Shiley Flexible Adult Cuffless Tracheostomy Tube,Medtronic,Shiley™ Flexible Adult Tracheostomy Tube _ Medtronic.pdf,Document p. not stated (PDF page 5),existing_alias_or_format_variant,PRD-04E1CAF545,10UN10H,manufacturer_states_A_replaces_H_as_version_only_code_change_not_new_product,high,manufacturer_states_A_replaces_H_as_version_only_code_change_not_new_product,
1415,4UN65A,Shiley Flexible Adult Cuffless Tracheostomy Tube,Medtronic,Shiley™ Flexible Adult Tracheostomy Tube _ Medtronic.pdf,Document p. not stated (PDF page 5),new_product_added,PRD-6ABC11CE44,4UN65A,proposed_high_confidence_exact_id,high,proposed_high_confidence_exact_id,Proposed addition; not yet applied by this read-only agent.
1416,5UN70A,Shiley Flexible Adult Cuffless Tracheostomy Tube,Medtronic,Shiley™ Flexible Adult Tracheostomy Tube _ Medtronic.pdf,Document p. not stated (PDF page 5),new_product_added,PRD-213D82A404,5UN70A,proposed_high_confidence_exact_id,high,proposed_high_confidence_exact_id,Proposed addition; not yet applied by this read-only agent.
1417,6UN75A,Shiley Flexible Adult Cuffless Tracheostomy Tube,Medtronic,Shiley™ Flexible Adult Tracheostomy Tube _ Medtronic.pdf,Document p. not stated (PDF page 5),existing_alias_or_format_variant,PRD-90F9A0A0BC,6UN75H,manufacturer_states_A_replaces_H_as_version_only_code_change_not_new_product,high,manufacturer_states_A_replaces_H_as_version_only_code_change_not_new_product,
1418,7UN80A,Shiley Flexible Adult Cuffless Tracheostomy Tube,Medtronic,Shiley™ Flexible Adult Tracheostomy Tube _ Medtronic.pdf,Document p. not stated (PDF page 5),existing_alias_or_format_variant,PRD-788469337A,7UN80H,manufacturer_states_A_replaces_H_as_version_only_code_change_not_new_product,high,manufacturer_states_A_replaces_H_as_version_only_code_change_not_new_product,
1419,8UN85A,Shiley Flexible Adult Cuffless Tracheostomy Tube,Medtronic,Shiley™ Flexible Adult Tracheostomy Tube _ Medtronic.pdf,Document p. not stated (PDF page 5),existing_alias_or_format_variant,PRD-509226DE95,8UN85H,manufacturer_states_A_replaces_H_as_version_only_code_change_not_new_product,high,manufacturer_states_A_replaces_H_as_version_only_code_change_not_new_product,
1420,9UN90A,Shiley Flexible Adult Cuffless Tracheostomy Tube,Medtronic,Shiley™ Flexible Adult Tracheostomy Tube _ Medtronic.pdf,Document p. not stated (PDF page 5),existing_alias_or_format_variant,PRD-91C738FE6C,9UN90H,manufacturer_states_A_replaces_H_as_version_only_code_change_not_new_product,high,manufacturer_states_A_replaces_H_as_version_only_code_change_not_new_product,
1421,10IC10,Shiley Replacement Inner Cannula,Medtronic,Shiley™ Flexible Adult Tracheostomy Tube _ Medtronic.pdf,Document p. not stated (PDF page 5),needs_owner_review,,,exact_relevant_accessory_but_no_existing_governed_role_code,needs_review,exact_relevant_accessory_but_no_existing_governed_role_code,"Identity is supported, but do not invent a speaking-valve or replacement-inner-cannula role in this intake."
1422,4IC65,Shiley Replacement Inner Cannula,Medtronic,Shiley™ Flexible Adult Tracheostomy Tube _ Medtronic.pdf,Document p. not stated (PDF page 5),needs_owner_review,,,exact_relevant_accessory_but_no_existing_governed_role_code,needs_review,exact_relevant_accessory_but_no_existing_governed_role_code,"Identity is supported, but do not invent a speaking-valve or replacement-inner-cannula role in this intake."
1423,5IC70,Shiley Replacement Inner Cannula,Medtronic,Shiley™ Flexible Adult Tracheostomy Tube _ Medtronic.pdf,Document p. not stated (PDF page 5),needs_owner_review,,,exact_relevant_accessory_but_no_existing_governed_role_code,needs_review,exact_relevant_accessory_but_no_existing_governed_role_code,"Identity is supported, but do not invent a speaking-valve or replacement-inner-cannula role in this intake."
1424,6IC75,Shiley Replacement Inner Cannula,Medtronic,Shiley™ Flexible Adult Tracheostomy Tube _ Medtronic.pdf,Document p. not stated (PDF page 5),needs_owner_review,,,exact_relevant_accessory_but_no_existing_governed_role_code,needs_review,exact_relevant_accessory_but_no_existing_governed_role_code,"Identity is supported, but do not invent a speaking-valve or replacement-inner-cannula role in this intake."
1425,7IC80,Shiley Replacement Inner Cannula,Medtronic,Shiley™ Flexible Adult Tracheostomy Tube _ Medtronic.pdf,Document p. not stated (PDF page 5),needs_owner_review,,,exact_relevant_accessory_but_no_existing_governed_role_code,needs_review,exact_relevant_accessory_but_no_existing_governed_role_code,"Identity is supported, but do not invent a speaking-valve or replacement-inner-cannula role in this intake."
1426,8IC85,Shiley Replacement Inner Cannula,Medtronic,Shiley™ Flexible Adult Tracheostomy Tube _ Medtronic.pdf,Document p. not stated (PDF page 5),needs_owner_review,,,exact_relevant_accessory_but_no_existing_governed_role_code,needs_review,exact_relevant_accessory_but_no_existing_governed_role_code,"Identity is supported, but do not invent a speaking-valve or replacement-inner-cannula role in this intake."
1427,9IC90,Shiley Replacement Inner Cannula,Medtronic,Shiley™ Flexible Adult Tracheostomy Tube _ Medtronic.pdf,Document p. not stated (PDF page 5),needs_owner_review,,,exact_relevant_accessory_but_no_existing_governed_role_code,needs_review,exact_relevant_accessory_but_no_existing_governed_role_code,"Identity is supported, but do not invent a speaking-valve or replacement-inner-cannula role in this intake."
1428,50XLTCD,Shiley XLT Extended-Length Tracheostomy Tube,Medtronic,Shiley™ XLT Extended Length Tracheostomy Tube _ Medtronic.pdf,Document p. not stated (PDF page 4),new_product_added,PRD-C2DCA71DDE,50XLTCD,proposed_high_confidence_exact_id,high,proposed_high_confidence_exact_id,Proposed addition; not yet applied by this read-only agent.
1429,50XLTIN,Shiley XLT Extended-Length Tracheostomy Tube,Medtronic,Shiley™ XLT Extended Length Tracheostomy Tube _ Medtronic.pdf,Document p. not stated (PDF page 5),needs_owner_review,,,exact_relevant_accessory_but_no_existing_governed_role_code,needs_review,exact_relevant_accessory_but_no_existing_governed_role_code,"Identity is supported, but do not invent a speaking-valve or replacement-inner-cannula role in this intake."
1430,50XLTUD,Shiley XLT Extended-Length Tracheostomy Tube,Medtronic,Shiley™ XLT Extended Length Tracheostomy Tube _ Medtronic.pdf,Document p. not stated (PDF page 4),new_product_added,PRD-B5DEE283B2,50XLTUD,proposed_high_confidence_exact_id,high,proposed_high_confidence_exact_id,Proposed addition; not yet applied by this read-only agent.
1431,60XLTCD,Shiley XLT Extended-Length Tracheostomy Tube,Medtronic,Shiley™ XLT Extended Length Tracheostomy Tube _ Medtronic.pdf,Document p. not stated (PDF page 4),new_product_added,PRD-892EA2DACB,60XLTCD,proposed_high_confidence_exact_id,high,proposed_high_confidence_exact_id,Proposed addition; not yet applied by this read-only agent.
1432,60XLTIN,Shiley XLT Extended-Length Tracheostomy Tube,Medtronic,Shiley™ XLT Extended Length Tracheostomy Tube _ Medtronic.pdf,Document p. not stated (PDF page 5),needs_owner_review,,,exact_relevant_accessory_but_no_existing_governed_role_code,needs_review,exact_relevant_accessory_but_no_existing_governed_role_code,"Identity is supported, but do not invent a speaking-valve or replacement-inner-cannula role in this intake."
1433,60XLTUD,Shiley XLT Extended-Length Tracheostomy Tube,Medtronic,Shiley™ XLT Extended Length Tracheostomy Tube _ Medtronic.pdf,Document p. not stated (PDF page 4),new_product_added,PRD-C7719849F9,60XLTUD,proposed_high_confidence_exact_id,high,proposed_high_confidence_exact_id,Proposed addition; not yet applied by this read-only agent.
1434,70XLTCD,Shiley XLT Extended-Length Tracheostomy Tube,Medtronic,Shiley™ XLT Extended Length Tracheostomy Tube _ Medtronic.pdf,Document p. not stated (PDF page 4),new_product_added,PRD-51F1495A42,70XLTCD,proposed_high_confidence_exact_id,high,proposed_high_confidence_exact_id,Proposed addition; not yet applied by this read-only agent.
1435,70XLTIN,Shiley XLT Extended-Length Tracheostomy Tube,Medtronic,Shiley™ XLT Extended Length Tracheostomy Tube _ Medtronic.pdf,Document p. not stated (PDF page 5),needs_owner_review,,,exact_relevant_accessory_but_no_existing_governed_role_code,needs_review,exact_relevant_accessory_but_no_existing_governed_role_code,"Identity is supported, but do not invent a speaking-valve or replacement-inner-cannula role in this intake."
1436,70XLTUD,Shiley XLT Extended-Length Tracheostomy Tube,Medtronic,Shiley™ XLT Extended Length Tracheostomy Tube _ Medtronic.pdf,Document p. not stated (PDF page 4),new_product_added,PRD-D23CFCF5DD,70XLTUD,proposed_high_confidence_exact_id,high,proposed_high_confidence_exact_id,Proposed addition; not yet applied by this read-only agent.
1437,80XLTCD,Shiley XLT Extended-Length Tracheostomy Tube,Medtronic,Shiley™ XLT Extended Length Tracheostomy Tube _ Medtronic.pdf,Document p. not stated (PDF page 4),new_product_added,PRD-17D86EEA2B,80XLTCD,proposed_high_confidence_exact_id,high,proposed_high_confidence_exact_id,Proposed addition; not yet applied by this read-only agent.
1438,80XLTIN,Shiley XLT Extended-Length Tracheostomy Tube,Medtronic,Shiley™ XLT Extended Length Tracheostomy Tube _ Medtronic.pdf,Document p. not stated (PDF page 6),needs_owner_review,,,exact_relevant_accessory_but_no_existing_governed_role_code,needs_review,exact_relevant_accessory_but_no_existing_governed_role_code,"Identity is supported, but do not invent a speaking-valve or replacement-inner-cannula role in this intake."
1439,80XLTUD,Shiley XLT Extended-Length Tracheostomy Tube,Medtronic,Shiley™ XLT Extended Length Tracheostomy Tube _ Medtronic.pdf,Document p. not stated (PDF page 4),new_product_added,PRD-25BBBBEA0F,80XLTUD,proposed_high_confidence_exact_id,high,proposed_high_confidence_exact_id,Proposed addition; not yet applied by this read-only agent.
1440,Not stated in source,ForTec SmartScope Laser Fiber - 1000 micron,ForTec Medical,SmartScope-Sheet-2025.pdf,,existing_family_or_package_variant,PRD-709E07B50A,,existing_family_or_package_variant,moderate,existing_family_or_package_variant,"Diameter variant is relevant, but the supplied page gives no exact orderable identifier; current catalog represents the SmartScope family."
1441,Not stated in source,ForTec SmartScope Laser Fiber - 200 micron,ForTec Medical,SmartScope-Sheet-2025.pdf,,existing_family_or_package_variant,PRD-709E07B50A,,existing_family_or_package_variant,moderate,existing_family_or_package_variant,"Diameter variant is relevant, but the supplied page gives no exact orderable identifier; current catalog represents the SmartScope family."
1442,Not stated in source,ForTec SmartScope Laser Fiber - 272 micron,ForTec Medical,SmartScope-Sheet-2025.pdf,,existing_family_or_package_variant,PRD-709E07B50A,,existing_family_or_package_variant,moderate,existing_family_or_package_variant,"Diameter variant is relevant, but the supplied page gives no exact orderable identifier; current catalog represents the SmartScope family."
1443,Not stated in source,ForTec SmartScope Laser Fiber - 365 micron,ForTec Medical,SmartScope-Sheet-2025.pdf,,existing_family_or_package_variant,PRD-709E07B50A,,existing_family_or_package_variant,moderate,existing_family_or_package_variant,"Diameter variant is relevant, but the supplied page gives no exact orderable identifier; current catalog represents the SmartScope family."
1444,Not stated in source,ForTec SmartScope Laser Fiber - 550 micron,ForTec Medical,SmartScope-Sheet-2025.pdf,,existing_family_or_package_variant,PRD-709E07B50A,,existing_family_or_package_variant,moderate,existing_family_or_package_variant,"Diameter variant is relevant, but the supplied page gives no exact orderable identifier; current catalog represents the SmartScope family."
1445,G1110001,PRODUCT CHART,STERIS,Steris catalog.pdf,PDF p. 11,irrelevant_to_current_scope,,,source_is_explicit_GI_endoscopy_catalog_without_pulmonary_intended_use,high,source_is_explicit_GI_endoscopy_catalog_without_pulmonary_intended_use,
1446,G2200001,PRODUCT CHART,STERIS,Steris catalog.pdf,PDF p. 11,irrelevant_to_current_scope,,,source_is_explicit_GI_endoscopy_catalog_without_pulmonary_intended_use,high,source_is_explicit_GI_endoscopy_catalog_without_pulmonary_intended_use,
1447,gi2000 Electrosurgery Unit,PRODUCT CHART,STERIS,Steris catalog.pdf,PDF p. 2,irrelevant_to_current_scope,,,source_is_explicit_GI_endoscopy_catalog_without_pulmonary_intended_use,high,source_is_explicit_GI_endoscopy_catalog_without_pulmonary_intended_use,
1448,gi4000 Electrosurgery Unit,PRODUCT CHART,STERIS,Steris catalog.pdf,PDF p. 2,irrelevant_to_current_scope,,,source_is_explicit_GI_endoscopy_catalog_without_pulmonary_intended_use,high,source_is_explicit_GI_endoscopy_catalog_without_pulmonary_intended_use,
1449,G1140004,PRODUCT CHART - ArC Smart TMArgon Probe 2.3/220 - Straight Fire and ArConnect Argon Probe Connector,STERIS,Steris catalog.pdf,PDF p. 11,irrelevant_to_current_scope,,,source_is_explicit_GI_endoscopy_catalog_without_pulmonary_intended_use,high,source_is_explicit_GI_endoscopy_catalog_without_pulmonary_intended_use,
1450,G1140001,PRODUCT CHART - ArC SmartTM Argon Probe 2.3/220 - Straight Fire,STERIS,Steris catalog.pdf,PDF p. 11,irrelevant_to_current_scope,,,source_is_explicit_GI_endoscopy_catalog_without_pulmonary_intended_use,high,source_is_explicit_GI_endoscopy_catalog_without_pulmonary_intended_use,
1451,G1140002,PRODUCT CHART - ArC SmartTM Argon Probe 2.3/330 - Straight Fire,STERIS,Steris catalog.pdf,PDF p. 11,irrelevant_to_current_scope,,,source_is_explicit_GI_endoscopy_catalog_without_pulmonary_intended_use,high,source_is_explicit_GI_endoscopy_catalog_without_pulmonary_intended_use,
1452,G1140005,PRODUCT CHART - ArC SmartTM Argon Probe 2.3/330 - Straight Fire and ArConnect Argon Probe Connector,STERIS,Steris catalog.pdf,PDF p. 11,irrelevant_to_current_scope,,,source_is_explicit_GI_endoscopy_catalog_without_pulmonary_intended_use,high,source_is_explicit_GI_endoscopy_catalog_without_pulmonary_intended_use,
1453,G1140003,PRODUCT CHART - ArC SmartTM Argon Probe 3.2/220 - Straight Fire,STERIS,Steris catalog.pdf,PDF p. 11,irrelevant_to_current_scope,,,source_is_explicit_GI_endoscopy_catalog_without_pulmonary_intended_use,high,source_is_explicit_GI_endoscopy_catalog_without_pulmonary_intended_use,
1454,G1140006,PRODUCT CHART - ArC SmartTM Argon Probe 3.2/220 - Straight Fire and ArConnect Argon Probe Connector,STERIS,Steris catalog.pdf,PDF p. 11,irrelevant_to_current_scope,,,source_is_explicit_GI_endoscopy_catalog_without_pulmonary_intended_use,high,source_is_explicit_GI_endoscopy_catalog_without_pulmonary_intended_use,
1455,G1120020,PRODUCT CHART - ArConnectTM Argon Probe Connector,STERIS,Steris catalog.pdf,PDF p. 11,irrelevant_to_current_scope,,,source_is_explicit_GI_endoscopy_catalog_without_pulmonary_intended_use,high,source_is_explicit_GI_endoscopy_catalog_without_pulmonary_intended_use,
1456,G1120010,PRODUCT CHART - Argon Gas Canister - 49 liters,STERIS,Steris catalog.pdf,PDF p. 11,irrelevant_to_current_scope,,,source_is_explicit_GI_endoscopy_catalog_without_pulmonary_intended_use,high,source_is_explicit_GI_endoscopy_catalog_without_pulmonary_intended_use,
1457,BX001002,PRODUCT CHART - EvoEndo® Controller,STERIS,Steris catalog.pdf,PDF p. 11,irrelevant_to_current_scope,,,source_is_explicit_GI_endoscopy_catalog_without_pulmonary_intended_use,high,source_is_explicit_GI_endoscopy_catalog_without_pulmonary_intended_use,
1458,BX001006,PRODUCT CHART - EvoEndo® Patient Experience Kit,STERIS,Steris catalog.pdf,PDF p. 11,irrelevant_to_current_scope,,,source_is_explicit_GI_endoscopy_catalog_without_pulmonary_intended_use,high,source_is_explicit_GI_endoscopy_catalog_without_pulmonary_intended_use,
1459,BX001009,PRODUCT CHART - EvoEndo® Video Cable,STERIS,Steris catalog.pdf,PDF p. 11,irrelevant_to_current_scope,,,source_is_explicit_GI_endoscopy_catalog_without_pulmonary_intended_use,high,source_is_explicit_GI_endoscopy_catalog_without_pulmonary_intended_use,
1460,BX00711114,PRODUCT CHART - EXACTOTM - MUNDO Cold Snare,STERIS,Steris catalog.pdf,PDF p. 11,irrelevant_to_current_scope,,,source_is_explicit_GI_endoscopy_catalog_without_pulmonary_intended_use,high,source_is_explicit_GI_endoscopy_catalog_without_pulmonary_intended_use,
1461,BX00715506,PRODUCT CHART - LUMIFLEXTM 3-Stage Balloon Dilatation Catheter,STERIS,Steris catalog.pdf,PDF p. 11,irrelevant_to_current_scope,,,source_is_explicit_GI_endoscopy_catalog_without_pulmonary_intended_use,high,source_is_explicit_GI_endoscopy_catalog_without_pulmonary_intended_use,
1462,BX00715506W,PRODUCT CHART - LUMIFLEXTM 3-Stage Balloon Dilatation Catheter,STERIS,Steris catalog.pdf,PDF p. 11,irrelevant_to_current_scope,,,source_is_explicit_GI_endoscopy_catalog_without_pulmonary_intended_use,high,source_is_explicit_GI_endoscopy_catalog_without_pulmonary_intended_use,
1463,BX00715508,PRODUCT CHART - LUMIFLEXTM 3-Stage Balloon Dilatation Catheter,STERIS,Steris catalog.pdf,PDF p. 11,irrelevant_to_current_scope,,,source_is_explicit_GI_endoscopy_catalog_without_pulmonary_intended_use,high,source_is_explicit_GI_endoscopy_catalog_without_pulmonary_intended_use,
1464,BX00715508W,PRODUCT CHART - LUMIFLEXTM 3-Stage Balloon Dilatation Catheter,STERIS,Steris catalog.pdf,PDF p. 11,irrelevant_to_current_scope,,,source_is_explicit_GI_endoscopy_catalog_without_pulmonary_intended_use,high,source_is_explicit_GI_endoscopy_catalog_without_pulmonary_intended_use,
1465,BX00715510,PRODUCT CHART - LUMIFLEXTM 3-Stage Balloon Dilatation Catheter,STERIS,Steris catalog.pdf,PDF p. 11,irrelevant_to_current_scope,,,source_is_explicit_GI_endoscopy_catalog_without_pulmonary_intended_use,high,source_is_explicit_GI_endoscopy_catalog_without_pulmonary_intended_use,
1466,BX00715510W,PRODUCT CHART - LUMIFLEXTM 3-Stage Balloon Dilatation Catheter,STERIS,Steris catalog.pdf,PDF p. 11,irrelevant_to_current_scope,,,source_is_explicit_GI_endoscopy_catalog_without_pulmonary_intended_use,high,source_is_explicit_GI_endoscopy_catalog_without_pulmonary_intended_use,
1467,BX00715512W,PRODUCT CHART - LUMIFLEXTM 3-Stage Balloon Dilatation Catheter,STERIS,Steris catalog.pdf,PDF p. 11,irrelevant_to_current_scope,,,source_is_explicit_GI_endoscopy_catalog_without_pulmonary_intended_use,high,source_is_explicit_GI_endoscopy_catalog_without_pulmonary_intended_use,
1468,BX00715515W,PRODUCT CHART - LUMIFLEXTM 3-Stage Balloon Dilatation Catheter,STERIS,Steris catalog.pdf,PDF p. 11,irrelevant_to_current_scope,,,source_is_explicit_GI_endoscopy_catalog_without_pulmonary_intended_use,high,source_is_explicit_GI_endoscopy_catalog_without_pulmonary_intended_use,
1469,BX00715518W,PRODUCT CHART - LUMIFLEXTM 3-Stage Balloon Dilatation Catheter,STERIS,Steris catalog.pdf,PDF p. 11,irrelevant_to_current_scope,,,source_is_explicit_GI_endoscopy_catalog_without_pulmonary_intended_use,high,source_is_explicit_GI_endoscopy_catalog_without_pulmonary_intended_use,
1470,BX00711005,PRODUCT CHART - Reusable Monopolar Active Cord,STERIS,Steris catalog.pdf,PDF p. 11,irrelevant_to_current_scope,,,source_is_explicit_GI_endoscopy_catalog_without_pulmonary_intended_use,high,source_is_explicit_GI_endoscopy_catalog_without_pulmonary_intended_use,
1471,G1120040,PRODUCT CHART - TouchSoft CoagulatorTM Monopolar Probe,STERIS,Steris catalog.pdf,PDF p. 11,irrelevant_to_current_scope,,,source_is_explicit_GI_endoscopy_catalog_without_pulmonary_intended_use,high,source_is_explicit_GI_endoscopy_catalog_without_pulmonary_intended_use,
1472,BTB-100209,BONASTENT Tracheal/Bronchial Stent,M.I. Tech / Thoracent,TB-Stent-size-chart.pdf,"PDF page index 1; printed p. 1/2, BONASTENT order-number table",source_evidence_conflicted,PRD-6EFB8B3386,BTB-102009,source_evidence_conflicted,low,source_evidence_conflicted,"Supplied authoritative chart and AccessGUDID use BTB-100209; current product PRD-6EFB8B3386 uses BTB-102009 for the same diameter/length. Do not add a duplicate: correct/reconcile the governed identifier and manufacturer (GUDID labeler Sewoon Medical Co., Ltd.; Thoracent is the U.S. distributor)."
1473,BTB-100309,BONASTENT Tracheal/Bronchial Stent,M.I. Tech / Thoracent,TB-Stent-size-chart.pdf,"PDF page index 1; printed p. 1/2, BONASTENT order-number table",source_evidence_conflicted,PRD-733F2370BA,BTB-103009,source_evidence_conflicted,low,source_evidence_conflicted,"Supplied authoritative chart and AccessGUDID use BTB-100309; current product PRD-733F2370BA uses BTB-103009 for the same diameter/length. Do not add a duplicate: correct/reconcile the governed identifier and manufacturer (GUDID labeler Sewoon Medical Co., Ltd.; Thoracent is the U.S. distributor)."
1474,BTB-100409,BONASTENT Tracheal/Bronchial Stent,M.I. Tech / Thoracent,TB-Stent-size-chart.pdf,"PDF page index 1; printed p. 1/2, BONASTENT order-number table",source_evidence_conflicted,PRD-138ECF4319,BTB-104009,source_evidence_conflicted,low,source_evidence_conflicted,"Supplied authoritative chart and AccessGUDID use BTB-100409; current product PRD-138ECF4319 uses BTB-104009 for the same diameter/length. Do not add a duplicate: correct/reconcile the governed identifier and manufacturer (GUDID labeler Sewoon Medical Co., Ltd.; Thoracent is the U.S. distributor)."
1475,BTB-100509,BONASTENT Tracheal/Bronchial Stent,M.I. Tech / Thoracent,TB-Stent-size-chart.pdf,"PDF page index 1; printed p. 1/2, BONASTENT order-number table",source_evidence_conflicted,PRD-CBD72081E8,BTB-105009,source_evidence_conflicted,low,source_evidence_conflicted,"Supplied authoritative chart and AccessGUDID use BTB-100509; current product PRD-CBD72081E8 uses BTB-105009 for the same diameter/length. Do not add a duplicate: correct/reconcile the governed identifier and manufacturer (GUDID labeler Sewoon Medical Co., Ltd.; Thoracent is the U.S. distributor)."
1476,BTB-120209,BONASTENT Tracheal/Bronchial Stent,M.I. Tech / Thoracent,TB-Stent-size-chart.pdf,"PDF page index 1; printed p. 1/2, BONASTENT order-number table",source_evidence_conflicted,PRD-FBE99854E1,BTB-122009,source_evidence_conflicted,low,source_evidence_conflicted,"Supplied authoritative chart and AccessGUDID use BTB-120209; current product PRD-FBE99854E1 uses BTB-122009 for the same diameter/length. Do not add a duplicate: correct/reconcile the governed identifier and manufacturer (GUDID labeler Sewoon Medical Co., Ltd.; Thoracent is the U.S. distributor)."
1477,BTB-120309,BONASTENT Tracheal/Bronchial Stent,M.I. Tech / Thoracent,TB-Stent-size-chart.pdf,"PDF page index 1; printed p. 1/2, BONASTENT order-number table",source_evidence_conflicted,PRD-7ACC124BE1,BTB-123009,source_evidence_conflicted,low,source_evidence_conflicted,"Supplied authoritative chart and AccessGUDID use BTB-120309; current product PRD-7ACC124BE1 uses BTB-123009 for the same diameter/length. Do not add a duplicate: correct/reconcile the governed identifier and manufacturer (GUDID labeler Sewoon Medical Co., Ltd.; Thoracent is the U.S. distributor)."
1478,BTB-120409,BONASTENT Tracheal/Bronchial Stent,M.I. Tech / Thoracent,TB-Stent-size-chart.pdf,"PDF page index 1; printed p. 1/2, BONASTENT order-number table",source_evidence_conflicted,PRD-A0DF0074DB,BTB-124009,source_evidence_conflicted,low,source_evidence_conflicted,"Supplied authoritative chart and AccessGUDID use BTB-120409; current product PRD-A0DF0074DB uses BTB-124009 for the same diameter/length. Do not add a duplicate: correct/reconcile the governed identifier and manufacturer (GUDID labeler Sewoon Medical Co., Ltd.; Thoracent is the U.S. distributor)."
1479,BTB-120509,BONASTENT Tracheal/Bronchial Stent,M.I. Tech / Thoracent,TB-Stent-size-chart.pdf,"PDF page index 1; printed p. 1/2, BONASTENT order-number table",source_evidence_conflicted,PRD-7AA19EC9FD,BTB-125009,source_evidence_conflicted,low,source_evidence_conflicted,"Supplied authoritative chart and AccessGUDID use BTB-120509; current product PRD-7AA19EC9FD uses BTB-125009 for the same diameter/length. Do not add a duplicate: correct/reconcile the governed identifier and manufacturer (GUDID labeler Sewoon Medical Co., Ltd.; Thoracent is the U.S. distributor)."
1480,BTB-120609,BONASTENT Tracheal/Bronchial Stent,M.I. Tech / Thoracent,TB-Stent-size-chart.pdf,"PDF page index 1; printed p. 1/2, BONASTENT order-number table",source_evidence_conflicted,PRD-6DB8E6BC3D,BTB-126009,source_evidence_conflicted,low,source_evidence_conflicted,"Supplied authoritative chart and AccessGUDID use BTB-120609; current product PRD-6DB8E6BC3D uses BTB-126009 for the same diameter/length. Do not add a duplicate: correct/reconcile the governed identifier and manufacturer (GUDID labeler Sewoon Medical Co., Ltd.; Thoracent is the U.S. distributor)."
1481,BTB-120709,BONASTENT Tracheal/Bronchial Stent,M.I. Tech / Thoracent,TB-Stent-size-chart.pdf,"PDF page index 1; printed p. 1/2, BONASTENT order-number table",source_evidence_conflicted,PRD-BBBE3C6465,BTB-127009,source_evidence_conflicted,low,source_evidence_conflicted,"Supplied authoritative chart and AccessGUDID use BTB-120709; current product PRD-BBBE3C6465 uses BTB-127009 for the same diameter/length. Do not add a duplicate: correct/reconcile the governed identifier and manufacturer (GUDID labeler Sewoon Medical Co., Ltd.; Thoracent is the U.S. distributor)."
1482,BTB-120809,BONASTENT Tracheal/Bronchial Stent,M.I. Tech / Thoracent,TB-Stent-size-chart.pdf,"PDF page index 1; printed p. 1/2, BONASTENT order-number table",source_evidence_conflicted,PRD-D2C6029A70,BTB-128009,source_evidence_conflicted,low,source_evidence_conflicted,"Supplied authoritative chart and AccessGUDID use BTB-120809; current product PRD-D2C6029A70 uses BTB-128009 for the same diameter/length. Do not add a duplicate: correct/reconcile the governed identifier and manufacturer (GUDID labeler Sewoon Medical Co., Ltd.; Thoracent is the U.S. distributor)."
1483,BTB-140209,BONASTENT Tracheal/Bronchial Stent,M.I. Tech / Thoracent,TB-Stent-size-chart.pdf,"PDF page index 1; printed p. 1/2, BONASTENT order-number table",source_evidence_conflicted,PRD-6F74CF87DF,BTB-142009,source_evidence_conflicted,low,source_evidence_conflicted,"Supplied authoritative chart and AccessGUDID use BTB-140209; current product PRD-6F74CF87DF uses BTB-142009 for the same diameter/length. Do not add a duplicate: correct/reconcile the governed identifier and manufacturer (GUDID labeler Sewoon Medical Co., Ltd.; Thoracent is the U.S. distributor)."
1484,BTB-140309,BONASTENT Tracheal/Bronchial Stent,M.I. Tech / Thoracent,TB-Stent-size-chart.pdf,"PDF page index 1; printed p. 1/2, BONASTENT order-number table",source_evidence_conflicted,PRD-908A7EB205,BTB-143009,source_evidence_conflicted,low,source_evidence_conflicted,"Supplied authoritative chart and AccessGUDID use BTB-140309; current product PRD-908A7EB205 uses BTB-143009 for the same diameter/length. Do not add a duplicate: correct/reconcile the governed identifier and manufacturer (GUDID labeler Sewoon Medical Co., Ltd.; Thoracent is the U.S. distributor)."
1485,BTB-140409,BONASTENT Tracheal/Bronchial Stent,M.I. Tech / Thoracent,TB-Stent-size-chart.pdf,"PDF page index 1; printed p. 1/2, BONASTENT order-number table",source_evidence_conflicted,PRD-7EE559B95F,BTB-144009,source_evidence_conflicted,low,source_evidence_conflicted,"Supplied authoritative chart and AccessGUDID use BTB-140409; current product PRD-7EE559B95F uses BTB-144009 for the same diameter/length. Do not add a duplicate: correct/reconcile the governed identifier and manufacturer (GUDID labeler Sewoon Medical Co., Ltd.; Thoracent is the U.S. distributor)."
1486,BTB-140509,BONASTENT Tracheal/Bronchial Stent,M.I. Tech / Thoracent,TB-Stent-size-chart.pdf,"PDF page index 1; printed p. 1/2, BONASTENT order-number table",source_evidence_conflicted,PRD-81325BA145,BTB-145009,source_evidence_conflicted,low,source_evidence_conflicted,"Supplied authoritative chart and AccessGUDID use BTB-140509; current product PRD-81325BA145 uses BTB-145009 for the same diameter/length. Do not add a duplicate: correct/reconcile the governed identifier and manufacturer (GUDID labeler Sewoon Medical Co., Ltd.; Thoracent is the U.S. distributor)."
1487,BTB-140609,BONASTENT Tracheal/Bronchial Stent,M.I. Tech / Thoracent,TB-Stent-size-chart.pdf,"PDF page index 1; printed p. 1/2, BONASTENT order-number table",source_evidence_conflicted,PRD-0C3327D71D,BTB-146009,source_evidence_conflicted,low,source_evidence_conflicted,"Supplied authoritative chart and AccessGUDID use BTB-140609; current product PRD-0C3327D71D uses BTB-146009 for the same diameter/length. Do not add a duplicate: correct/reconcile the governed identifier and manufacturer (GUDID labeler Sewoon Medical Co., Ltd.; Thoracent is the U.S. distributor)."
1488,BTB-140709,BONASTENT Tracheal/Bronchial Stent,M.I. Tech / Thoracent,TB-Stent-size-chart.pdf,"PDF page index 1; printed p. 1/2, BONASTENT order-number table",source_evidence_conflicted,PRD-0581A0B7D2,BTB-147009,source_evidence_conflicted,low,source_evidence_conflicted,"Supplied authoritative chart and AccessGUDID use BTB-140709; current product PRD-0581A0B7D2 uses BTB-147009 for the same diameter/length. Do not add a duplicate: correct/reconcile the governed identifier and manufacturer (GUDID labeler Sewoon Medical Co., Ltd.; Thoracent is the U.S. distributor)."
1489,BTB-140809,BONASTENT Tracheal/Bronchial Stent,M.I. Tech / Thoracent,TB-Stent-size-chart.pdf,"PDF page index 1; printed p. 1/2, BONASTENT order-number table",source_evidence_conflicted,PRD-EF96863018,BTB-148009,source_evidence_conflicted,low,source_evidence_conflicted,"Supplied authoritative chart and AccessGUDID use BTB-140809; current product PRD-EF96863018 uses BTB-148009 for the same diameter/length. Do not add a duplicate: correct/reconcile the governed identifier and manufacturer (GUDID labeler Sewoon Medical Co., Ltd.; Thoracent is the U.S. distributor)."
1490,BTB-160209,BONASTENT Tracheal/Bronchial Stent,M.I. Tech / Thoracent,TB-Stent-size-chart.pdf,"PDF page index 1; printed p. 1/2, BONASTENT order-number table",source_evidence_conflicted,PRD-5255AADD2C,BTB-162009,source_evidence_conflicted,low,source_evidence_conflicted,"Supplied authoritative chart and AccessGUDID use BTB-160209; current product PRD-5255AADD2C uses BTB-162009 for the same diameter/length. Do not add a duplicate: correct/reconcile the governed identifier and manufacturer (GUDID labeler Sewoon Medical Co., Ltd.; Thoracent is the U.S. distributor)."
1491,BTB-160309,BONASTENT Tracheal/Bronchial Stent,M.I. Tech / Thoracent,TB-Stent-size-chart.pdf,"PDF page index 1; printed p. 1/2, BONASTENT order-number table",source_evidence_conflicted,PRD-2CEB73CB15,BTB-163009,source_evidence_conflicted,low,source_evidence_conflicted,"Supplied authoritative chart and AccessGUDID use BTB-160309; current product PRD-2CEB73CB15 uses BTB-163009 for the same diameter/length. Do not add a duplicate: correct/reconcile the governed identifier and manufacturer (GUDID labeler Sewoon Medical Co., Ltd.; Thoracent is the U.S. distributor)."
1492,BTB-160409,BONASTENT Tracheal/Bronchial Stent,M.I. Tech / Thoracent,TB-Stent-size-chart.pdf,"PDF page index 1; printed p. 1/2, BONASTENT order-number table",source_evidence_conflicted,PRD-9BBDA8D7D6,BTB-164009,source_evidence_conflicted,low,source_evidence_conflicted,"Supplied authoritative chart and AccessGUDID use BTB-160409; current product PRD-9BBDA8D7D6 uses BTB-164009 for the same diameter/length. Do not add a duplicate: correct/reconcile the governed identifier and manufacturer (GUDID labeler Sewoon Medical Co., Ltd.; Thoracent is the U.S. distributor)."
1493,BTB-160509,BONASTENT Tracheal/Bronchial Stent,M.I. Tech / Thoracent,TB-Stent-size-chart.pdf,"PDF page index 1; printed p. 1/2, BONASTENT order-number table",source_evidence_conflicted,PRD-F980B28A34,BTB-165009,source_evidence_conflicted,low,source_evidence_conflicted,"Supplied authoritative chart and AccessGUDID use BTB-160509; current product PRD-F980B28A34 uses BTB-165009 for the same diameter/length. Do not add a duplicate: correct/reconcile the governed identifier and manufacturer (GUDID labeler Sewoon Medical Co., Ltd.; Thoracent is the U.S. distributor)."
1494,BTB-160609,BONASTENT Tracheal/Bronchial Stent,M.I. Tech / Thoracent,TB-Stent-size-chart.pdf,"PDF page index 1; printed p. 1/2, BONASTENT order-number table",source_evidence_conflicted,PRD-8C9CE98C9B,BTB-166009,source_evidence_conflicted,low,source_evidence_conflicted,"Supplied authoritative chart and AccessGUDID use BTB-160609; current product PRD-8C9CE98C9B uses BTB-166009 for the same diameter/length. Do not add a duplicate: correct/reconcile the governed identifier and manufacturer (GUDID labeler Sewoon Medical Co., Ltd.; Thoracent is the U.S. distributor)."
1495,BTB-160709,BONASTENT Tracheal/Bronchial Stent,M.I. Tech / Thoracent,TB-Stent-size-chart.pdf,"PDF page index 1; printed p. 1/2, BONASTENT order-number table",source_evidence_conflicted,PRD-13EE4FE542,BTB-167009,source_evidence_conflicted,low,source_evidence_conflicted,"Supplied authoritative chart and AccessGUDID use BTB-160709; current product PRD-13EE4FE542 uses BTB-167009 for the same diameter/length. Do not add a duplicate: correct/reconcile the governed identifier and manufacturer (GUDID labeler Sewoon Medical Co., Ltd.; Thoracent is the U.S. distributor)."
1496,BTB-160809,BONASTENT Tracheal/Bronchial Stent,M.I. Tech / Thoracent,TB-Stent-size-chart.pdf,"PDF page index 1; printed p. 1/2, BONASTENT order-number table",source_evidence_conflicted,PRD-DF6218682C,BTB-168009,source_evidence_conflicted,low,source_evidence_conflicted,"Supplied authoritative chart and AccessGUDID use BTB-160809; current product PRD-DF6218682C uses BTB-168009 for the same diameter/length. Do not add a duplicate: correct/reconcile the governed identifier and manufacturer (GUDID labeler Sewoon Medical Co., Ltd.; Thoracent is the U.S. distributor)."
1497,BTB-180209,BONASTENT Tracheal/Bronchial Stent,M.I. Tech / Thoracent,TB-Stent-size-chart.pdf,"PDF page index 1; printed p. 1/2, BONASTENT order-number table",source_evidence_conflicted,PRD-03B374F7B8,BTB-182009,source_evidence_conflicted,low,source_evidence_conflicted,"Supplied authoritative chart and AccessGUDID use BTB-180209; current product PRD-03B374F7B8 uses BTB-182009 for the same diameter/length. Do not add a duplicate: correct/reconcile the governed identifier and manufacturer (GUDID labeler Sewoon Medical Co., Ltd.; Thoracent is the U.S. distributor)."
1498,BTB-180309,BONASTENT Tracheal/Bronchial Stent,M.I. Tech / Thoracent,TB-Stent-size-chart.pdf,"PDF page index 1; printed p. 1/2, BONASTENT order-number table",source_evidence_conflicted,PRD-EFB3CF2E71,BTB-183009,source_evidence_conflicted,low,source_evidence_conflicted,"Supplied authoritative chart and AccessGUDID use BTB-180309; current product PRD-EFB3CF2E71 uses BTB-183009 for the same diameter/length. Do not add a duplicate: correct/reconcile the governed identifier and manufacturer (GUDID labeler Sewoon Medical Co., Ltd.; Thoracent is the U.S. distributor)."
1499,BTB-180409,BONASTENT Tracheal/Bronchial Stent,M.I. Tech / Thoracent,TB-Stent-size-chart.pdf,"PDF page index 1; printed p. 1/2, BONASTENT order-number table",source_evidence_conflicted,PRD-470EA6C7BA,BTB-184009,source_evidence_conflicted,low,source_evidence_conflicted,"Supplied authoritative chart and AccessGUDID use BTB-180409; current product PRD-470EA6C7BA uses BTB-184009 for the same diameter/length. Do not add a duplicate: correct/reconcile the governed identifier and manufacturer (GUDID labeler Sewoon Medical Co., Ltd.; Thoracent is the U.S. distributor)."
1500,BTB-180509,BONASTENT Tracheal/Bronchial Stent,M.I. Tech / Thoracent,TB-Stent-size-chart.pdf,"PDF page index 1; printed p. 1/2, BONASTENT order-number table",source_evidence_conflicted,PRD-4AECEED0C8,BTB-185009,source_evidence_conflicted,low,source_evidence_conflicted,"Supplied authoritative chart and AccessGUDID use BTB-180509; current product PRD-4AECEED0C8 uses BTB-185009 for the same diameter/length. Do not add a duplicate: correct/reconcile the governed identifier and manufacturer (GUDID labeler Sewoon Medical Co., Ltd.; Thoracent is the U.S. distributor)."
1501,BTB-180609,BONASTENT Tracheal/Bronchial Stent,M.I. Tech / Thoracent,TB-Stent-size-chart.pdf,"PDF page index 1; printed p. 1/2, BONASTENT order-number table",source_evidence_conflicted,PRD-56932BDE51,BTB-186009,source_evidence_conflicted,low,source_evidence_conflicted,"Supplied authoritative chart and AccessGUDID use BTB-180609; current product PRD-56932BDE51 uses BTB-186009 for the same diameter/length. Do not add a duplicate: correct/reconcile the governed identifier and manufacturer (GUDID labeler Sewoon Medical Co., Ltd.; Thoracent is the U.S. distributor)."
1502,BTB-180709,BONASTENT Tracheal/Bronchial Stent,M.I. Tech / Thoracent,TB-Stent-size-chart.pdf,"PDF page index 1; printed p. 1/2, BONASTENT order-number table",source_evidence_conflicted,PRD-D968D7AB8E,BTB-187009,source_evidence_conflicted,low,source_evidence_conflicted,"Supplied authoritative chart and AccessGUDID use BTB-180709; current product PRD-D968D7AB8E uses BTB-187009 for the same diameter/length. Do not add a duplicate: correct/reconcile the governed identifier and manufacturer (GUDID labeler Sewoon Medical Co., Ltd.; Thoracent is the U.S. distributor)."
1503,BTB-180809,BONASTENT Tracheal/Bronchial Stent,M.I. Tech / Thoracent,TB-Stent-size-chart.pdf,"PDF page index 1; printed p. 1/2, BONASTENT order-number table",source_evidence_conflicted,PRD-6BC9B48573,BTB-188009,source_evidence_conflicted,low,source_evidence_conflicted,"Supplied authoritative chart and AccessGUDID use BTB-180809; current product PRD-6BC9B48573 uses BTB-188009 for the same diameter/length. Do not add a duplicate: correct/reconcile the governed identifier and manufacturer (GUDID labeler Sewoon Medical Co., Ltd.; Thoracent is the U.S. distributor)."
1504,BTB-200209,BONASTENT Tracheal/Bronchial Stent,M.I. Tech / Thoracent,TB-Stent-size-chart.pdf,"PDF page index 1; printed p. 1/2, BONASTENT order-number table",source_evidence_conflicted,PRD-95C0E7E548,BTB-202009,source_evidence_conflicted,low,source_evidence_conflicted,"Supplied authoritative chart and AccessGUDID use BTB-200209; current product PRD-95C0E7E548 uses BTB-202009 for the same diameter/length. Do not add a duplicate: correct/reconcile the governed identifier and manufacturer (GUDID labeler Sewoon Medical Co., Ltd.; Thoracent is the U.S. distributor)."
1505,BTB-200309,BONASTENT Tracheal/Bronchial Stent,M.I. Tech / Thoracent,TB-Stent-size-chart.pdf,"PDF page index 1; printed p. 1/2, BONASTENT order-number table",source_evidence_conflicted,PRD-34598AB94A,BTB-203009,source_evidence_conflicted,low,source_evidence_conflicted,"Supplied authoritative chart and AccessGUDID use BTB-200309; current product PRD-34598AB94A uses BTB-203009 for the same diameter/length. Do not add a duplicate: correct/reconcile the governed identifier and manufacturer (GUDID labeler Sewoon Medical Co., Ltd.; Thoracent is the U.S. distributor)."
1506,BTB-200409,BONASTENT Tracheal/Bronchial Stent,M.I. Tech / Thoracent,TB-Stent-size-chart.pdf,"PDF page index 1; printed p. 1/2, BONASTENT order-number table",source_evidence_conflicted,PRD-9C53328A79,BTB-204009,source_evidence_conflicted,low,source_evidence_conflicted,"Supplied authoritative chart and AccessGUDID use BTB-200409; current product PRD-9C53328A79 uses BTB-204009 for the same diameter/length. Do not add a duplicate: correct/reconcile the governed identifier and manufacturer (GUDID labeler Sewoon Medical Co., Ltd.; Thoracent is the U.S. distributor)."
1507,BTB-200509,BONASTENT Tracheal/Bronchial Stent,M.I. Tech / Thoracent,TB-Stent-size-chart.pdf,"PDF page index 1; printed p. 1/2, BONASTENT order-number table",source_evidence_conflicted,PRD-9DCC51E06A,BTB-205009,source_evidence_conflicted,low,source_evidence_conflicted,"Supplied authoritative chart and AccessGUDID use BTB-200509; current product PRD-9DCC51E06A uses BTB-205009 for the same diameter/length. Do not add a duplicate: correct/reconcile the governed identifier and manufacturer (GUDID labeler Sewoon Medical Co., Ltd.; Thoracent is the U.S. distributor)."
1508,BTB-200609,BONASTENT Tracheal/Bronchial Stent,M.I. Tech / Thoracent,TB-Stent-size-chart.pdf,"PDF page index 1; printed p. 1/2, BONASTENT order-number table",source_evidence_conflicted,PRD-963930CE88,BTB-206009,source_evidence_conflicted,low,source_evidence_conflicted,"Supplied authoritative chart and AccessGUDID use BTB-200609; current product PRD-963930CE88 uses BTB-206009 for the same diameter/length. Do not add a duplicate: correct/reconcile the governed identifier and manufacturer (GUDID labeler Sewoon Medical Co., Ltd.; Thoracent is the U.S. distributor)."
1509,BTB-200709,BONASTENT Tracheal/Bronchial Stent,M.I. Tech / Thoracent,TB-Stent-size-chart.pdf,"PDF page index 1; printed p. 1/2, BONASTENT order-number table",source_evidence_conflicted,PRD-9BAC333008,BTB-207009,source_evidence_conflicted,low,source_evidence_conflicted,"Supplied authoritative chart and AccessGUDID use BTB-200709; current product PRD-9BAC333008 uses BTB-207009 for the same diameter/length. Do not add a duplicate: correct/reconcile the governed identifier and manufacturer (GUDID labeler Sewoon Medical Co., Ltd.; Thoracent is the U.S. distributor)."
1510,BTB-200809,BONASTENT Tracheal/Bronchial Stent,M.I. Tech / Thoracent,TB-Stent-size-chart.pdf,"PDF page index 1; printed p. 1/2, BONASTENT order-number table",source_evidence_conflicted,PRD-78354BF30F,BTB-208009,source_evidence_conflicted,low,source_evidence_conflicted,"Supplied authoritative chart and AccessGUDID use BTB-200809; current product PRD-78354BF30F uses BTB-208009 for the same diameter/length. Do not add a duplicate: correct/reconcile the governed identifier and manufacturer (GUDID labeler Sewoon Medical Co., Ltd.; Thoracent is the U.S. distributor)."
1511,502540,FLUVOG SLIDE ASSEMBLY FOR PILLING BRONCHOSCOPES,Teleflex / Pilling,Teleflex Incorporated - Pilling Surgical Instruments Catalog.pdf,Document p. not stated (PDF page 1),new_product_added,PRD-56BD135369,502540,proposed_high_confidence_exact_id,high,proposed_high_confidence_exact_id,Proposed addition; not yet applied by this read-only agent.
1512,522576,HOLINGER BRONCHOSCOPE 3.5X25,Teleflex / Pilling,Teleflex Incorporated - Pilling Surgical Instruments Catalog.pdf,Document p. not stated (PDF page 2),new_product_added,PRD-80E64865AA,522576,proposed_high_confidence_exact_id,high,proposed_high_confidence_exact_id,Proposed addition; not yet applied by this read-only agent.
1513,522577,HOLINGER BRONCHOSCOPE 3.5X30,Teleflex / Pilling,Teleflex Incorporated - Pilling Surgical Instruments Catalog.pdf,Document p. not stated (PDF page 2),new_product_added,PRD-6A108CCC84,522577,proposed_high_confidence_exact_id,high,proposed_high_confidence_exact_id,Proposed addition; not yet applied by this read-only agent.
1514,522575,HOLINGER BRONCHOSCOPE 3X20,Teleflex / Pilling,Teleflex Incorporated - Pilling Surgical Instruments Catalog.pdf,Document p. not stated (PDF page 2),new_product_added,PRD-07A68D03D0,522575,proposed_high_confidence_exact_id,high,proposed_high_confidence_exact_id,Proposed addition; not yet applied by this read-only agent.
1515,522578,HOLINGER BRONCHOSCOPE 4X30,Teleflex / Pilling,Teleflex Incorporated - Pilling Surgical Instruments Catalog.pdf,Document p. not stated (PDF page 2),new_product_added,PRD-3EB4013643,522578,proposed_high_confidence_exact_id,high,proposed_high_confidence_exact_id,Proposed addition; not yet applied by this read-only agent.
1516,522579,HOLINGER BRONCHOSCOPE 5X30,Teleflex / Pilling,Teleflex Incorporated - Pilling Surgical Instruments Catalog.pdf,Document p. not stated (PDF page 2),new_product_added,PRD-B2AC8712B7,522579,proposed_high_confidence_exact_id,high,proposed_high_confidence_exact_id,Proposed addition; not yet applied by this read-only agent.
1517,522580,HOLINGER BRONCHOSCOPE 5X35,Teleflex / Pilling,Teleflex Incorporated - Pilling Surgical Instruments Catalog.pdf,Document p. not stated (PDF page 2),new_product_added,PRD-53D93A0FAC,522580,proposed_high_confidence_exact_id,high,proposed_high_confidence_exact_id,Proposed addition; not yet applied by this read-only agent.
1518,522581,HOLINGER BRONCHOSCOPE 5X40,Teleflex / Pilling,Teleflex Incorporated - Pilling Surgical Instruments Catalog.pdf,Document p. not stated (PDF page 3),new_product_added,PRD-DF553A815B,522581,proposed_high_confidence_exact_id,high,proposed_high_confidence_exact_id,Proposed addition; not yet applied by this read-only agent.
1519,522582,HOLINGER BRONCHOSCOPE 5X45,Teleflex / Pilling,Teleflex Incorporated - Pilling Surgical Instruments Catalog.pdf,Document p. not stated (PDF page 3),new_product_added,PRD-5E73B7DAE9,522582,proposed_high_confidence_exact_id,high,proposed_high_confidence_exact_id,Proposed addition; not yet applied by this read-only agent.
1520,522583,HOLINGER BRONCHOSCOPE 6X35,Teleflex / Pilling,Teleflex Incorporated - Pilling Surgical Instruments Catalog.pdf,Document p. not stated (PDF page 3),new_product_added,PRD-A810240CB4,522583,proposed_high_confidence_exact_id,high,proposed_high_confidence_exact_id,Proposed addition; not yet applied by this read-only agent.
1521,522584,HOLINGER BRONCHOSCOPE 6X40,Teleflex / Pilling,Teleflex Incorporated - Pilling Surgical Instruments Catalog.pdf,Document p. not stated (PDF page 3),new_product_added,PRD-B08199D221,522584,proposed_high_confidence_exact_id,high,proposed_high_confidence_exact_id,Proposed addition; not yet applied by this read-only agent.
1522,522585,HOLINGER BRONCHOSCOPE 7X40,Teleflex / Pilling,Teleflex Incorporated - Pilling Surgical Instruments Catalog.pdf,Document p. not stated (PDF page 3),new_product_added,PRD-38E67F1EF6,522585,proposed_high_confidence_exact_id,high,proposed_high_confidence_exact_id,Proposed addition; not yet applied by this read-only agent.
1523,522586,HOLINGER BRONCHOSCOPE 8X40,Teleflex / Pilling,Teleflex Incorporated - Pilling Surgical Instruments Catalog.pdf,Document p. not stated (PDF page 4),new_product_added,PRD-A4D34F0B5D,522586,proposed_high_confidence_exact_id,high,proposed_high_confidence_exact_id,Proposed addition; not yet applied by this read-only agent.
1524,522587,HOLINGER BRONCHOSCOPE 9X40,Teleflex / Pilling,Teleflex Incorporated - Pilling Surgical Instruments Catalog.pdf,Document p. not stated (PDF page 4),new_product_added,PRD-7D0A88E1E7,522587,proposed_high_confidence_exact_id,high,proposed_high_confidence_exact_id,Proposed addition; not yet applied by this read-only agent.
1525,523120P,LASER BRONCHOSCOPE 5X30,Teleflex / Pilling,Teleflex Incorporated - Pilling Surgical Instruments Catalog.pdf,Document p. not stated (PDF page 4),new_product_added,PRD-8DA3BC1FB4,523120P,proposed_high_confidence_exact_id,high,proposed_high_confidence_exact_id,Proposed addition; not yet applied by this read-only agent.
1526,523130P,LASER BRONCHOSCOPE 6X35,Teleflex / Pilling,Teleflex Incorporated - Pilling Surgical Instruments Catalog.pdf,Document p. not stated (PDF page 4),new_product_added,PRD-FA25C1403D,523130P,proposed_high_confidence_exact_id,high,proposed_high_confidence_exact_id,Proposed addition; not yet applied by this read-only agent.
1527,523140P,LASER BRONCHOSCOPE 7X40,Teleflex / Pilling,Teleflex Incorporated - Pilling Surgical Instruments Catalog.pdf,Document p. not stated (PDF page 4),new_product_added,PRD-5562E69B2A,523140P,proposed_high_confidence_exact_id,high,proposed_high_confidence_exact_id,Proposed addition; not yet applied by this read-only agent.
1528,523150P,LASER BRONCHOSCOPE 8X40,Teleflex / Pilling,Teleflex Incorporated - Pilling Surgical Instruments Catalog.pdf,Document p. not stated (PDF page 4),new_product_added,PRD-4577BB32BB,523150P,proposed_high_confidence_exact_id,high,proposed_high_confidence_exact_id,Proposed addition; not yet applied by this read-only agent.
1529,523160P,LASER BRONCHOSCOPE 9X40,Teleflex / Pilling,Teleflex Incorporated - Pilling Surgical Instruments Catalog.pdf,Document p. not stated (PDF page 5),new_product_added,PRD-4AC9BF53AD,523160P,proposed_high_confidence_exact_id,high,proposed_high_confidence_exact_id,Proposed addition; not yet applied by this read-only agent.
1530,522552,PILLING-HOLINGER BRONCHOSCOPE 3.5X20,Teleflex / Pilling,Teleflex Incorporated - Pilling Surgical Instruments Catalog.pdf,Document p. not stated (PDF page 1),new_product_added,PRD-EF8D01CBAD,522552,proposed_high_confidence_exact_id,high,proposed_high_confidence_exact_id,Proposed addition; not yet applied by this read-only agent.
1531,522550,PILLING-HOLINGER BRONCHOSCOPE 3X20,Teleflex / Pilling,Teleflex Incorporated - Pilling Surgical Instruments Catalog.pdf,Document p. not stated (PDF page 1),new_product_added,PRD-F72B622208,522550,proposed_high_confidence_exact_id,high,proposed_high_confidence_exact_id,Proposed addition; not yet applied by this read-only agent.
1532,522554,PILLING-HOLINGER BRONCHOSCOPE 4X20,Teleflex / Pilling,Teleflex Incorporated - Pilling Surgical Instruments Catalog.pdf,Document p. not stated (PDF page 1),new_product_added,PRD-8A788CE721,522554,proposed_high_confidence_exact_id,high,proposed_high_confidence_exact_id,Proposed addition; not yet applied by this read-only agent.
1533,522556,PILLING-HOLINGER BRONCHOSCOPE 4X25,Teleflex / Pilling,Teleflex Incorporated - Pilling Surgical Instruments Catalog.pdf,Document p. not stated (PDF page 1),new_product_added,PRD-FC0DCD11AB,522556,proposed_high_confidence_exact_id,high,proposed_high_confidence_exact_id,Proposed addition; not yet applied by this read-only agent.
1534,C-TQTSY-800,"8/3/26, 10:13 PM Thal-Quick Chest Tube Set and Tray | Cook Medical - N/A",Cook Medical,Thal-Quick Chest Tube Set and Tray _ Cook Medical.pdf,PDF p. 2,duplicate_source_row,PRD-754F9ECFDD,G06791,official_reference_part_number_or_repeat_row_maps_to_same_orderable_configuration,high,official_reference_part_number_or_repeat_row_maps_to_same_orderable_configuration,
1535,TAPS-5F- - t men12uPT,EXPANDED EXPANDED CATHETER CATHETER,Merit Medical Systems,Thoracentesis & Paracentesis Set - a Convienent All-in-One Centisis Set.pdf,Document p. 9/29 (PDF page 9),duplicate_source_row,PRD-D5706A45F2,TAPS-5F-12PT,same_product_identifier_reextracted_with_ocr_punctuation,high,same_product_identifier_reextracted_with_ocr_punctuation,
1536,TAPS-6F- - t men17uPLT,EXPANDED EXPANDED CATHETER CATHETER,Merit Medical Systems,Thoracentesis & Paracentesis Set - a Convienent All-in-One Centisis Set.pdf,Document p. 14/29 (PDF page 14),duplicate_source_row,PRD-3501E07357,TAPS-6F-17PLT,same_product_identifier_reextracted_with_ocr_punctuation,high,same_product_identifier_reextracted_with_ocr_punctuation,
1537,TAPSA-5F- - t men10uT,EXPANDED EXPANDED CATHETER CATHETER,Merit Medical Systems,Thoracentesis & Paracentesis Set - a Convienent All-in-One Centisis Set.pdf,Document p. 19/29 (PDF page 19),new_product_added,PRD-4C18A9D165,TAPSA-5F-10T,proposed_high_confidence_exact_id,high,proposed_high_confidence_exact_id,Proposed with source-corrected catalog number; extracted identifier contains OCR debris on some rows.
1538,TAPSA-5F-7T,EXPANDED EXPANDED CATHETER CATHETER,Merit Medical Systems,Thoracentesis & Paracentesis Set - a Convienent All-in-One Centisis Set.pdf,Document p. 20/29 (PDF page 20),new_product_added,PRD-176442701B,TAPSA-5F-7T,proposed_high_confidence_exact_id,high,proposed_high_confidence_exact_id,Proposed with source-corrected catalog number; extracted identifier contains OCR debris on some rows.
1539,TAPSA-6F- - t men10uT,EXPANDED EXPANDED CATHETER CATHETER,Merit Medical Systems,Thoracentesis & Paracentesis Set - a Convienent All-in-One Centisis Set.pdf,Document p. 21/29 (PDF page 21),new_product_added,PRD-7DA7AF0CE9,TAPSA-6F-10T,proposed_high_confidence_exact_id,high,proposed_high_confidence_exact_id,Proposed with source-corrected catalog number; extracted identifier contains OCR debris on some rows.
1540,TAPSA-6F- - t men7Tu,EXPANDED EXPANDED CATHETER CATHETER,Merit Medical Systems,Thoracentesis & Paracentesis Set - a Convienent All-in-One Centisis Set.pdf,Document p. 22/29 (PDF page 22),new_product_added,PRD-CFD20B352F,TAPSA-6F-7T,proposed_high_confidence_exact_id,high,proposed_high_confidence_exact_id,Proposed with source-corrected catalog number; extracted identifier contains OCR debris on some rows.
1541,TAPSA-8F- - t men10uT,EXPANDED EXPANDED CATHETER CATHETER,Merit Medical Systems,Thoracentesis & Paracentesis Set - a Convienent All-in-One Centisis Set.pdf,Document p. 23/29 (PDF page 23),new_product_added,PRD-3426CE7B79,TAPSA-8F-10T,proposed_high_confidence_exact_id,high,proposed_high_confidence_exact_id,Proposed with source-corrected catalog number; extracted identifier contains OCR debris on some rows.
1542,TAPSA-8F- - t men7Tu,EXPANDED EXPANDED CATHETER CATHETER,Merit Medical Systems,Thoracentesis & Paracentesis Set - a Convienent All-in-One Centisis Set.pdf,Document p. 24/29 (PDF page 24),new_product_added,PRD-C9C4E45BB9,TAPSA-8F-7T,proposed_high_confidence_exact_id,high,proposed_high_confidence_exact_id,Proposed with source-corrected catalog number; extracted identifier contains OCR debris on some rows.
1543,Shipping Box Qty 5,EXPANDED EXPANDED CATHETER CATHETER - Shipping Box Qty 5 TAPS-6F- - Thorac Product men17uPLT,Merit Medical Systems,Thoracentesis & Paracentesis Set - a Convienent All-in-One Centisis Set.pdf,Document p. 8/29 (PDF page 8),relevant_but_insufficient_identity,,,ocr_artifact_or_incomplete_family_identifier,moderate,ocr_artifact_or_incomplete_family_identifier,Do not treat shipping quantity or partial TAPS family string as a catalog number.
1544,TAPS-6F,EXPANDED EXPANDED CATHETER CATHETER - Thorac; Paracentesis Set,Merit Medical Systems,Thoracentesis & Paracentesis Set - a Convienent All-in-One Centisis Set.pdf,Document p. 11/29 (PDF page 11),relevant_but_insufficient_identity,,,ocr_artifact_or_incomplete_family_identifier,moderate,ocr_artifact_or_incomplete_family_identifier,Do not treat shipping quantity or partial TAPS family string as a catalog number.
1545,TAPS-8F,EXPANDED EXPANDED CATHETER CATHETER - Thorac; Paracentesis Set,Merit Medical Systems,Thoracentesis & Paracentesis Set - a Convienent All-in-One Centisis Set.pdf,Document p. 15/29 (PDF page 15),relevant_but_insufficient_identity,,,ocr_artifact_or_incomplete_family_identifier,moderate,ocr_artifact_or_incomplete_family_identifier,Do not treat shipping quantity or partial TAPS family string as a catalog number.
1546,TAPSA-100,EXPANDED EXPANDED CATHETER CATHETER - Thorac; Paracentesis Set,Merit Medical Systems,Thoracentesis & Paracentesis Set - a Convienent All-in-One Centisis Set.pdf,Document p. 18/29 (PDF page 18),new_product_added,PRD-7D2B16DFCF,TAPSA-100,proposed_high_confidence_exact_id,high,proposed_high_confidence_exact_id,Proposed with source-corrected catalog number; extracted identifier contains OCR debris on some rows.
1547,TAPS-5F- - 10LT,EXPANDED EXPANDED CATHETER CATHETER - Thoracentesis and; Paracentesis Set,Merit Medical Systems,Thoracentesis & Paracentesis Set - a Convienent All-in-One Centisis Set.pdf,Document p. 8/29 (PDF page 8),duplicate_source_row,,TAPS-5F-10LT,same_product_identifier_reextracted_with_ocr_punctuation,high,same_product_identifier_reextracted_with_ocr_punctuation,
1548,TAPS-5F- - 12PLT,EXPANDED EXPANDED CATHETER CATHETER - Thoracentesis and; Paracentesis Set,Merit Medical Systems,Thoracentesis & Paracentesis Set - a Convienent All-in-One Centisis Set.pdf,Document p. 9/29 (PDF page 9),duplicate_source_row,PRD-03568EABFB,TAPS-5F-12PLT,same_product_identifier_reextracted_with_ocr_punctuation,high,same_product_identifier_reextracted_with_ocr_punctuation,
1549,TAPS-5F- - 17PLT,EXPANDED EXPANDED CATHETER CATHETER - Thoracentesis and; Paracentesis Set,Merit Medical Systems,Thoracentesis & Paracentesis Set - a Convienent All-in-One Centisis Set.pdf,Document p. 10/29 (PDF page 10),duplicate_source_row,PRD-6652155378,TAPS-5F-17PLT,same_product_identifier_reextracted_with_ocr_punctuation,high,same_product_identifier_reextracted_with_ocr_punctuation,
1550,TAPS-6F- - 12PT,EXPANDED EXPANDED CATHETER CATHETER - Thoracentesis and; Paracentesis Set,Merit Medical Systems,Thoracentesis & Paracentesis Set - a Convienent All-in-One Centisis Set.pdf,Document p. 13/29 (PDF page 13),duplicate_source_row,PRD-5ADF20DD4A,TAPS-6F-12PT,same_product_identifier_reextracted_with_ocr_punctuation,high,same_product_identifier_reextracted_with_ocr_punctuation,
1551,TAPS-6F- - 17PT,EXPANDED EXPANDED CATHETER CATHETER - Thoracentesis and; Paracentesis Set,Merit Medical Systems,Thoracentesis & Paracentesis Set - a Convienent All-in-One Centisis Set.pdf,Document p. 14/29 (PDF page 14),duplicate_source_row,PRD-5C42525636,TAPS-6F-17PT,same_product_identifier_reextracted_with_ocr_punctuation,high,same_product_identifier_reextracted_with_ocr_punctuation,
1552,TAPS-8F- + 12PT,EXPANDED EXPANDED CATHETER CATHETER - Thoracentesis and; Paracentesis Set,Merit Medical Systems,Thoracentesis & Paracentesis Set - a Convienent All-in-One Centisis Set.pdf,Document p. 17/29 (PDF page 17),duplicate_source_row,PRD-892BC2AA9D,TAPS-8F-12PT,same_product_identifier_reextracted_with_ocr_punctuation,high,same_product_identifier_reextracted_with_ocr_punctuation,
1553,TAPS-8F- - 17PLT,EXPANDED EXPANDED CATHETER CATHETER - Thoracentesis and; Paracentesis Set,Merit Medical Systems,Thoracentesis & Paracentesis Set - a Convienent All-in-One Centisis Set.pdf,Document p. 17/29 (PDF page 17),duplicate_source_row,PRD-07CD91B74C,TAPS-8F-17PLT,same_product_identifier_reextracted_with_ocr_punctuation,high,same_product_identifier_reextracted_with_ocr_punctuation,
1554,TAPSA-5F- - 10LT,EXPANDED EXPANDED CATHETER CATHETER - Thoracentesis and; Paracentesis Set,Merit Medical Systems,Thoracentesis & Paracentesis Set - a Convienent All-in-One Centisis Set.pdf,Document p. 19/29 (PDF page 19),new_product_added,PRD-F1BAA98154,TAPSA-5F-10LT,proposed_high_confidence_exact_id,high,proposed_high_confidence_exact_id,Proposed with source-corrected catalog number; extracted identifier contains OCR debris on some rows.
1555,TAPSA-5F- - 7LT,EXPANDED EXPANDED CATHETER CATHETER - Thoracentesis and; Paracentesis Set,Merit Medical Systems,Thoracentesis & Paracentesis Set - a Convienent All-in-One Centisis Set.pdf,Document p. 20/29 (PDF page 20),new_product_added,PRD-C9000BB9AD,TAPSA-5F-7LT,proposed_high_confidence_exact_id,high,proposed_high_confidence_exact_id,Proposed with source-corrected catalog number; extracted identifier contains OCR debris on some rows.
1556,TAPSA-6F- - 10LT,EXPANDED EXPANDED CATHETER CATHETER - Thoracentesis and; Paracentesis Set,Merit Medical Systems,Thoracentesis & Paracentesis Set - a Convienent All-in-One Centisis Set.pdf,Document p. 21/29 (PDF page 21),new_product_added,PRD-BD118B9112,TAPSA-6F-10LT,proposed_high_confidence_exact_id,high,proposed_high_confidence_exact_id,Proposed with source-corrected catalog number; extracted identifier contains OCR debris on some rows.
1557,TAPSA-6F- - 7LT,EXPANDED EXPANDED CATHETER CATHETER - Thoracentesis and; Paracentesis Set,Merit Medical Systems,Thoracentesis & Paracentesis Set - a Convienent All-in-One Centisis Set.pdf,Document p. 22/29 (PDF page 22),new_product_added,PRD-43CBDF82B4,TAPSA-6F-7LT,proposed_high_confidence_exact_id,high,proposed_high_confidence_exact_id,Proposed with source-corrected catalog number; extracted identifier contains OCR debris on some rows.
1558,TAPSA-8F- - 10LT,EXPANDED EXPANDED CATHETER CATHETER - Thoracentesis and; Paracentesis Set,Merit Medical Systems,Thoracentesis & Paracentesis Set - a Convienent All-in-One Centisis Set.pdf,Document p. 23/29 (PDF page 23),new_product_added,PRD-83100016E0,TAPSA-8F-10LT,proposed_high_confidence_exact_id,high,proposed_high_confidence_exact_id,Proposed with source-corrected catalog number; extracted identifier contains OCR debris on some rows.
1559,TAPSA-8F- - 7LT,EXPANDED EXPANDED CATHETER CATHETER - Thoracentesis and; Paracentesis Set,Merit Medical Systems,Thoracentesis & Paracentesis Set - a Convienent All-in-One Centisis Set.pdf,Document p. 24/29 (PDF page 24),new_product_added,PRD-B68C2A2F50,TAPSA-8F-7LT,proposed_high_confidence_exact_id,high,proposed_high_confidence_exact_id,Proposed with source-corrected catalog number; extracted identifier contains OCR debris on some rows.
1560,12060 R,"20 cm 11 x 12 12 x 16 10324 AA 10378 KSF, 10378 L, 10378 U, 10378 S,",KARL STORZ,THORAX.pdf,Document p. 18;34 (PDF page 26;42),irrelevant_to_current_scope,,,No current manufacturer-aware exact match; excluded by source section or accessory boundary,high,esophagoscopy_or_diverticuloscopy,
1561,12060 T,20 cm 7x8 8 x 12 10324 AA,KARL STORZ,THORAX.pdf,Document p. 18;34 (PDF page 26;42),irrelevant_to_current_scope,,,No current manufacturer-aware exact match; excluded by source section or accessory boundary,high,esophagoscopy_or_diverticuloscopy,
1562,9526 NB,"26"" HD Monitor",KARL STORZ,THORAX.pdf,Document p. 12;213 (PDF page 20;221),irrelevant_to_current_scope,,,No current manufacturer-aware exact match; excluded by source section or accessory boundary,high,microsurgery_or_generic_visualization,
1563,12030 G,"3 18.5 cm 10018 AA 10374 HF, 10374 L with 10030 AA",KARL STORZ,THORAX.pdf,Document p. 22;35;SP5;SP20 (PDF page 30;43;267;282),irrelevant_to_current_scope,,,No current manufacturer-aware exact match; excluded by source section or accessory boundary,high,esophagoscopy_or_diverticuloscopy,
1564,10339 DD,"3.5 26 cm 10377 U, with 10020 ATA",KARL STORZ,THORAX.pdf,Document p. 71;89;SP4;SP18 (PDF page 79;97;266;280),new_product_added,PRD-83188CF097,10339DD,Exact article number and product identity on relevant KARL STORZ catalog page; no current manufacturer-aware exact match,high,authoritative_exact_relevant_nonduplicate,
1565,10339 GG,"3.7 26 cm 10377 KF, 10377 L,",KARL STORZ,THORAX.pdf,Document p. 71;89;SP4;SP18 (PDF page 79;97;266;280),new_product_added,PRD-DD1F7503DE,10339GG,Exact article number and product identity on relevant KARL STORZ catalog page; no current manufacturer-aware exact match,high,authoritative_exact_relevant_nonduplicate,
1566,12060 H,30 cm 6x6 7x9 10324 AA,KARL STORZ,THORAX.pdf,Document p. 18;34 (PDF page 26;42),irrelevant_to_current_scope,,,No current manufacturer-aware exact match; excluded by source section or accessory boundary,high,esophagoscopy_or_diverticuloscopy,
1567,12060 F,30 cm 7x8 8 x 12 10324 AA,KARL STORZ,THORAX.pdf,Document p. 2;18;34 (PDF page 10;26;42),irrelevant_to_current_scope,,,No current manufacturer-aware exact match; excluded by source section or accessory boundary,high,esophagoscopy_or_diverticuloscopy,
1568,12060 D,30 cm 9 x 10 10 x 14 10324 AA,KARL STORZ,THORAX.pdf,Document p. 2;18;34 (PDF page 10;26;42),irrelevant_to_current_scope,,,No current manufacturer-aware exact match; excluded by source section or accessory boundary,high,esophagoscopy_or_diverticuloscopy,
1569,12060 AU,35 cm 11 x 12 12 x 16 12015 AA,KARL STORZ,THORAX.pdf,Document p. 18;34 (PDF page 26;42),irrelevant_to_current_scope,,,No current manufacturer-aware exact match; excluded by source section or accessory boundary,high,esophagoscopy_or_diverticuloscopy,
1570,12060 AV,40 cm 11 x 12 12 x 16 12015 AA,KARL STORZ,THORAX.pdf,Document p. 18;34 (PDF page 26;42),irrelevant_to_current_scope,,,No current manufacturer-aware exact match; excluded by source section or accessory boundary,high,esophagoscopy_or_diverticuloscopy,
1571,12060 EV,40 cm 7x8 8 x 12 12015 AA,KARL STORZ,THORAX.pdf,Document p. 18;34 (PDF page 26;42),irrelevant_to_current_scope,,,No current manufacturer-aware exact match; excluded by source section or accessory boundary,high,esophagoscopy_or_diverticuloscopy,
1572,12060 CV,40 cm 9 x 10 10 x 14 12015 AA,KARL STORZ,THORAX.pdf,Document p. 18;34 (PDF page 26;42),irrelevant_to_current_scope,,,No current manufacturer-aware exact match; excluded by source section or accessory boundary,high,esophagoscopy_or_diverticuloscopy,
1573,12060 AW,45 cm 11 x 12 12 x 16 12015 AA,KARL STORZ,THORAX.pdf,Document p. 18;34 (PDF page 26;42),irrelevant_to_current_scope,,,No current manufacturer-aware exact match; excluded by source section or accessory boundary,high,esophagoscopy_or_diverticuloscopy,
1574,12030 B,"5 30 cm 10324 AA 10378 KSF, 10378 L, 10378 U,",KARL STORZ,THORAX.pdf,Document p. 3;22;35;SP5;SP20 (PDF page 11;30;43;267;282),irrelevant_to_current_scope,,,No current manufacturer-aware exact match; excluded by source section or accessory boundary,high,esophagoscopy_or_diverticuloscopy,
1575,12060 E,50 cm 7x8 8 x 12 12015 AA with 12016 X,KARL STORZ,THORAX.pdf,Document p. 18;34 (PDF page 26;42),irrelevant_to_current_scope,,,No current manufacturer-aware exact match; excluded by source section or accessory boundary,high,esophagoscopy_or_diverticuloscopy,
1576,12060 C,50 cm 9 x 10 10 x 14 12015 AA with 12016 X,KARL STORZ,THORAX.pdf,Document p. 2;18;34 (PDF page 10;26;42),irrelevant_to_current_scope,,,No current manufacturer-aware exact match; excluded by source section or accessory boundary,high,esophagoscopy_or_diverticuloscopy,
1577,12060 CX,55 cm 9 x 10 10 x 14 12015 AA,KARL STORZ,THORAX.pdf,Document p. 34 (PDF page 42),irrelevant_to_current_scope,,,No current manufacturer-aware exact match; excluded by source section or accessory boundary,high,esophagoscopy_or_diverticuloscopy,
1578,26173 BT,6353591,KARL STORZ,THORAX.pdf,Document p. SP5;SP27;SP30 (PDF page 267;289;292),irrelevant_to_current_scope,,,No current manufacturer-aware exact match; excluded by source section or accessory boundary,high,spare_index_or_spare_part_only,
1579,13250 KM,action jaws 2.3 mm ● ●,KARL STORZ,THORAX.pdf,Document p. 100 (PDF page 108),new_product_added,PRD-973AB2950C,13250KM,Exact article number and product identity on relevant KARL STORZ catalog page; no current manufacturer-aware exact match,high,authoritative_exact_relevant_nonduplicate,
1580,13250 KP,action jaws 2.3 mm ● ●,KARL STORZ,THORAX.pdf,Document p. 100 (PDF page 108),new_product_added,PRD-EA9341925D,13250KP,Exact article number and product identity on relevant KARL STORZ catalog page; no current manufacturer-aware exact match,high,authoritative_exact_relevant_nonduplicate,
1581,13252 KT,action jaws 2.3 mm ● ●,KARL STORZ,THORAX.pdf,Document p. 100 (PDF page 108),new_product_added,PRD-48514A48DF,13252KT,Exact article number and product identity on relevant KARL STORZ catalog page; no current manufacturer-aware exact match,high,authoritative_exact_relevant_nonduplicate,
1582,11301 HH,"Adaptor for BHT Cleaning Machines,",KARL STORZ,THORAX.pdf,Document p. 55;102 (PDF page 63;110),new_product_added,PRD-74CAC5AA0A,11301HH,Exact article number and product identity on relevant KARL STORZ catalog page; no current manufacturer-aware exact match,high,authoritative_exact_relevant_nonduplicate,
1583,11301 BM,"Adaptor, for leakage test, for Belimed",KARL STORZ,THORAX.pdf,Document p. 54;102 (PDF page 62;110),new_product_added,PRD-3A1A155D08,11301BM,Exact article number and product identity on relevant KARL STORZ catalog page; no current manufacturer-aware exact match,high,authoritative_exact_relevant_nonduplicate,
1584,10338 TA,"Adjustable Magnifier, autoclavable,",KARL STORZ,THORAX.pdf,Document p. 19 (PDF page 27),irrelevant_to_current_scope,,,No current manufacturer-aware exact match; excluded by source section or accessory boundary,high,esophagoscopy_or_diverticuloscopy,
1585,10970 PL,"Aspiration Cannula, length 30 cm",KARL STORZ,THORAX.pdf,Document p. 130;SP4;SP25 (PDF page 138;266;287),irrelevant_to_current_scope,,,No current manufacturer-aware exact match; excluded by source section or accessory boundary,high,mediastinoscopy,
1586,10970 P,"Aspiration Cannula, with 12 injection cannulas, length 20 cm",KARL STORZ,THORAX.pdf,Document p. 7;130;SP4;SP25 (PDF page 15;138;266;287),irrelevant_to_current_scope,,,No current manufacturer-aware exact match; excluded by source section or accessory boundary,high,mediastinoscopy,
1587,8575 KC,"BENJAMIN-PARSONS Laryngoscope Holder and Chest Support 36, 37",KARL STORZ,THORAX.pdf,Document p. 36;37;SP6;SP9 (PDF page 44;45;268;271),irrelevant_to_current_scope,,,No current manufacturer-aware exact match; excluded by source section or accessory boundary,high,esophagoscopy_or_diverticuloscopy,
1588,8575 KD,"BENJAMIN-PARSONS Support Rod, movable,",KARL STORZ,THORAX.pdf,Document p. SP6;SP9 (PDF page 268;271),irrelevant_to_current_scope,,,No current manufacturer-aware exact match; excluded by source section or accessory boundary,high,spare_index_or_spare_part_only,
1589,10970 GR,"Biopsy Forceps, diameter 5 mm,",KARL STORZ,THORAX.pdf,Document p. 128 (PDF page 136),irrelevant_to_current_scope,,,No current manufacturer-aware exact match; excluded by source section or accessory boundary,high,mediastinoscopy,
1590,10970 GO,"Biopsy Forceps, oval jaws,",KARL STORZ,THORAX.pdf,Document p. 128 (PDF page 136),irrelevant_to_current_scope,,,No current manufacturer-aware exact match; excluded by source section or accessory boundary,high,mediastinoscopy,
1591,10970 GP,"Biopsy Forceps, oval jaws,",KARL STORZ,THORAX.pdf,Document p. 128 (PDF page 136),irrelevant_to_current_scope,,,No current manufacturer-aware exact match; excluded by source section or accessory boundary,high,mediastinoscopy,
1592,11003 MA,"Biopsy Forceps, oval,",KARL STORZ,THORAX.pdf,Document p. 49;50 (PDF page 57;58),new_product_added,PRD-F4C019AE18,11003MA,Exact article number and product identity on relevant KARL STORZ catalog page; no current manufacturer-aware exact match,high,authoritative_exact_relevant_nonduplicate,
1593,13250 KL,"Biopsy Forceps, spoon",KARL STORZ,THORAX.pdf,Document p. 52 (PDF page 60),new_product_added,PRD-75564978F2,13250KL,Exact article number and product identity on relevant KARL STORZ catalog page; no current manufacturer-aware exact match,high,authoritative_exact_relevant_nonduplicate,
1594,11001 KM,"Biopsy Forceps, spoon- 1.8 mm ● ● ● ●",KARL STORZ,THORAX.pdf,Document p. 52;100 (PDF page 60;108),new_product_added,PRD-191CF14386,11001KM,Exact article number and product identity on relevant KARL STORZ catalog page; no current manufacturer-aware exact match,high,authoritative_exact_relevant_nonduplicate,
1595,11001 KN,"Biopsy Forceps, spoon- 1.8 mm ● ● ● ●",KARL STORZ,THORAX.pdf,Document p. 52;100 (PDF page 60;108),new_product_added,PRD-C665E88A51,11001KN,Exact article number and product identity on relevant KARL STORZ catalog page; no current manufacturer-aware exact match,high,authoritative_exact_relevant_nonduplicate,
1596,11001 KP,"Biopsy Forceps, spoon- 1.8 mm ● ● ● ●",KARL STORZ,THORAX.pdf,Document p. 52;100 (PDF page 60;108),new_product_added,PRD-83EDFED017,11001KP,Exact article number and product identity on relevant KARL STORZ catalog page; no current manufacturer-aware exact match,high,authoritative_exact_relevant_nonduplicate,
1597,11001 KL,"Biopsy Forceps, spoon-shaped, round, flexible, double",KARL STORZ,THORAX.pdf,Document p. 42;43;49;50;94;99 (PDF page 50;51;57;58;102;107),new_product_added,PRD-5BD9239FCA,11001KL,Exact article number and product identity on relevant KARL STORZ catalog page; no current manufacturer-aware exact match,high,authoritative_exact_relevant_nonduplicate,
1598,10970 H,"Biopsy Forceps, with suction",KARL STORZ,THORAX.pdf,Document p. 128 (PDF page 136),irrelevant_to_current_scope,,,No current manufacturer-aware exact match; excluded by source section or accessory boundary,high,mediastinoscopy,
1599,10990 A,"Biopsy Needle, with LUER",KARL STORZ,THORAX.pdf,Document p. SP4;SP25 (PDF page 266;287),existing_family_or_package_variant,PRD-61EE4D5DE6,10990,Biopsy-needle component of existing RAMEL Pleurabiopsy Needle set,moderate,component_of_governed_or_proposed_parent_product,
1600,26176 LV,"Bipolar High Frequency Cord, for KARL STORZ",KARL STORZ,THORAX.pdf,Document p. U28 (PDF page 262),irrelevant_to_current_scope,,,No current manufacturer-aware exact match; excluded by source section or accessory boundary,high,general_surgery_platform_cable_or_accessory,
1601,26176 LM,"Bipolar High Frequency Cord, for Martin",KARL STORZ,THORAX.pdf,Document p. U28 (PDF page 262),irrelevant_to_current_scope,,,No current manufacturer-aware exact match; excluded by source section or accessory boundary,high,general_surgery_platform_cable_or_accessory,
1602,26176 LE,"Bipolar High Frequency Cord, to KARL STORZ",KARL STORZ,THORAX.pdf,Document p. 12;U23;U25;U28 (PDF page 20;257;259;262),irrelevant_to_current_scope,,,No current manufacturer-aware exact match; excluded by source section or accessory boundary,high,general_surgery_platform_cable_or_accessory,
1603,26176 L,"Bipolar High Frequency Cord, with 2x 4 mm",KARL STORZ,THORAX.pdf,Document p. U28 (PDF page 262),irrelevant_to_current_scope,,,No current manufacturer-aware exact match; excluded by source section or accessory boundary,high,general_surgery_platform_cable_or_accessory,
1604,26176 LA,"Bipolar High Frequency Cord, with 2x 4 mm",KARL STORZ,THORAX.pdf,Document p. U28 (PDF page 262),irrelevant_to_current_scope,,,No current manufacturer-aware exact match; excluded by source section or accessory boundary,high,general_surgery_platform_cable_or_accessory,
1605,11001 BN,Broncho-Fiberscope 48,KARL STORZ,THORAX.pdf,Document p. 48;SP4;SP12 (PDF page 56;266;274),new_product_added,PRD-2F7137B1CB,11001BN,Exact article number and product identity on relevant KARL STORZ catalog page; no current manufacturer-aware exact match,high,authoritative_exact_relevant_nonduplicate,
1606,11002 BD,Broncho-Fiberscope 48,KARL STORZ,THORAX.pdf,Document p. 48;SP4;SP12 (PDF page 56;266;274),new_product_added,PRD-122BC52117,11002BD,Exact article number and product identity on relevant KARL STORZ catalog page; no current manufacturer-aware exact match,high,authoritative_exact_relevant_nonduplicate,
1607,11003 BC,Broncho-Fiberscope 48,KARL STORZ,THORAX.pdf,Document p. 48;50;51;52;53;SP4;SP12 (PDF page 56;58;59;60;61;266;274),new_product_added,PRD-6877EA4AE6,11003BC,Exact article number and product identity on relevant KARL STORZ catalog page; no current manufacturer-aware exact match,high,authoritative_exact_relevant_nonduplicate,
1608,11004 BC,Broncho-Fiberscope 48,KARL STORZ,THORAX.pdf,Document p. 48;SP4;SP12 (PDF page 56;266;274),new_product_added,PRD-D5ED3DC515,11004BC,Exact article number and product identity on relevant KARL STORZ catalog page; no current manufacturer-aware exact match,high,authoritative_exact_relevant_nonduplicate,
1609,11005 BC,Broncho-Fiberscope 495 F 48,KARL STORZ,THORAX.pdf,Document p. 48;54;55;SP4;SP12 (PDF page 56;62;63;266;274),new_product_added,PRD-0BB7A3887E,11005BC,Exact article number and product identity on relevant KARL STORZ catalog page; no current manufacturer-aware exact match,high,authoritative_exact_relevant_nonduplicate,
1610,11009 BC,Broncho-Fiberscope 495 G 48,KARL STORZ,THORAX.pdf,Document p. 48;SP4;SP12 (PDF page 56;266;274),new_product_added,PRD-2B86C32C8A,11009BC,Exact article number and product identity on relevant KARL STORZ catalog page; no current manufacturer-aware exact match,high,authoritative_exact_relevant_nonduplicate,
1611,11001 BI,Broncho-Fiberscope 98,KARL STORZ,THORAX.pdf,Document p. 98;SP4;SP12 (PDF page 106;266;274),new_product_added,PRD-1D8D1AF28C,11001BI,Exact article number and product identity on relevant KARL STORZ catalog page; no current manufacturer-aware exact match,high,authoritative_exact_relevant_nonduplicate,
1612,11004 BI,Broncho-Fiberscope 98,KARL STORZ,THORAX.pdf,Document p. 98;SP4;SP12 (PDF page 106;266;274),new_product_added,PRD-B734D0D7DA,11004BI,Exact article number and product identity on relevant KARL STORZ catalog page; no current manufacturer-aware exact match,high,authoritative_exact_relevant_nonduplicate,
1613,11009 BI,Broncho-Fiberscope 98,KARL STORZ,THORAX.pdf,Document p. 98;100;101;SP4;SP12 (PDF page 106;108;109;266;274),new_product_added,PRD-40955508D7,11009BI,Exact article number and product identity on relevant KARL STORZ catalog page; no current manufacturer-aware exact match,high,authoritative_exact_relevant_nonduplicate,
1614,11007 BS,"Brush, for cytology, outer diameter 1.7 mm,",KARL STORZ,THORAX.pdf,Document p. 53;101 (PDF page 61;109),new_product_added,PRD-7214C74DFE,11007BS,Exact article number and product identity on relevant KARL STORZ catalog page; no current manufacturer-aware exact match,high,authoritative_exact_relevant_nonduplicate,
1615,11007 E,"Brushes, package of 10 ● ● ● - - - ● ●",KARL STORZ,THORAX.pdf,Document p. 53;101 (PDF page 61;109),new_product_added,PRD-AA2564FB7E,11007E,Exact article number and product identity on relevant KARL STORZ catalog page; no current manufacturer-aware exact match,high,authoritative_exact_relevant_nonduplicate,
1616,10770 B,"Button Electrode, flexible, with",KARL STORZ,THORAX.pdf,Document p. 53;101 (PDF page 61;109),new_product_added,PRD-449C642234,10770B,Exact article number and product identity on relevant KARL STORZ catalog page; no current manufacturer-aware exact match,high,authoritative_exact_relevant_nonduplicate,
1617,43227 DUP,"c Biopsy Forceps, distally angled outer sheath, single action jaws, size 5 mm,",KARL STORZ,THORAX.pdf,Document p. 9;157 (PDF page 17;165),irrelevant_to_current_scope,,,No current manufacturer-aware exact match; excluded by source section or accessory boundary,high,surgical_thoracoscopy_or_thoracic_surgery_not_medical_thoracoscopy,
1618,33221 MD,"c KELLY Dissecting and Grasping Forceps, double action jaws, size 5 mm,",KARL STORZ,THORAX.pdf,Document p. 10 (PDF page 18),irrelevant_to_current_scope,,,No current manufacturer-aware exact match; excluded by source section or accessory boundary,high,generic_equipment_supply_or_out_of_scope_basic_set,
1619,43227 LKP,"c KELLY Dissecting Forceps, double action jaws, curved jaws, size 5 mm,",KARL STORZ,THORAX.pdf,Document p. 9;10;157;181 (PDF page 17;18;165;189),irrelevant_to_current_scope,,,No current manufacturer-aware exact match; excluded by source section or accessory boundary,high,surgical_thoracoscopy_or_thoracic_surgery_not_medical_thoracoscopy,
1620,43237 LLR,"c Lung Forceps, atraumatic, single action jaws, curved jaws, fenestrated, size 5 mm,",KARL STORZ,THORAX.pdf,Document p. 10;153;182 (PDF page 18;161;190),irrelevant_to_current_scope,,,No current manufacturer-aware exact match; excluded by source section or accessory boundary,high,surgical_thoracoscopy_or_thoracic_surgery_not_medical_thoracoscopy,
1621,43244 LLP,"c Lung Forceps, atraumatic, single action jaws, curved jaws, fenestrated, size 5 mm,",KARL STORZ,THORAX.pdf,Document p. 9;153;182 (PDF page 17;161;190),irrelevant_to_current_scope,,,No current manufacturer-aware exact match; excluded by source section or accessory boundary,high,surgical_thoracoscopy_or_thoracic_surgery_not_medical_thoracoscopy,
1622,43237 LHF,"c Lung Forceps, atraumatic, single action jaws, single curved jaws, size 5 mm,",KARL STORZ,THORAX.pdf,Document p. 9;152 (PDF page 17;160),irrelevant_to_current_scope,,,No current manufacturer-aware exact match; excluded by source section or accessory boundary,high,surgical_thoracoscopy_or_thoracic_surgery_not_medical_thoracoscopy,
1623,43244 LRP,"c Lung Nodule Forceps, atraumatic, single action jaws, curved jaws, fenestrated,",KARL STORZ,THORAX.pdf,Document p. 9;153 (PDF page 17;161),irrelevant_to_current_scope,,,No current manufacturer-aware exact match; excluded by source section or accessory boundary,high,surgical_thoracoscopy_or_thoracic_surgery_not_medical_thoracoscopy,
1624,43244 MFP,"c MANHES Grasping Forceps, atraumatic, single action jaws, straight jaws,",KARL STORZ,THORAX.pdf,Document p. 9;156 (PDF page 17;164),irrelevant_to_current_scope,,,No current manufacturer-aware exact match; excluded by source section or accessory boundary,high,surgical_thoracoscopy_or_thoracic_surgery_not_medical_thoracoscopy,
1625,33125 P,"c Metal Handle, insulated, 33127 P c Metal Y-Handle, insulated, with",KARL STORZ,THORAX.pdf,Document p. 151;157;158;180;181 (PDF page 159;165;166;188;189),irrelevant_to_current_scope,,,No current manufacturer-aware exact match; excluded by source section or accessory boundary,high,surgical_thoracoscopy_or_thoracic_surgery_not_medical_thoracoscopy,
1626,33131 P,"c Metal Handle, with 4 locking",KARL STORZ,THORAX.pdf,Document p. 150;152;153;156;182 (PDF page 158;160;161;164;190),irrelevant_to_current_scope,,,No current manufacturer-aware exact match; excluded by source section or accessory boundary,high,surgical_thoracoscopy_or_thoracic_surgery_not_medical_thoracoscopy,
1627,33133 P,"c Metal Handle, with hemostat",KARL STORZ,THORAX.pdf,Document p. 150;152;153;156;182 (PDF page 158;160;161;164;190),irrelevant_to_current_scope,,,No current manufacturer-aware exact match; excluded by source section or accessory boundary,high,surgical_thoracoscopy_or_thoracic_surgery_not_medical_thoracoscopy,
1628,33500 K,"c Metal Outer Sheath, insulated, with LUER-Lock",KARL STORZ,THORAX.pdf,Document p. 158;SP6;SP32 (PDF page 166;268;294),irrelevant_to_current_scope,,,No current manufacturer-aware exact match; excluded by source section or accessory boundary,high,surgical_thoracoscopy_or_thoracic_surgery_not_medical_thoracoscopy,
1629,33137 PF,"c Metal Y-Handle, 33137 PR c Metal Y-Handle, with ratchet,",KARL STORZ,THORAX.pdf,Document p. 149;152;153;156;182 (PDF page 157;160;161;164;190),irrelevant_to_current_scope,,,No current manufacturer-aware exact match; excluded by source section or accessory boundary,high,surgical_thoracoscopy_or_thoracic_surgery_not_medical_thoracoscopy,
1630,34221 MS,"c METZENBAUM Scissors, double action jaws, size 5 mm, length 30 cm, plastic",KARL STORZ,THORAX.pdf,Document p. 10 (PDF page 18),irrelevant_to_current_scope,,,No current manufacturer-aware exact match; excluded by source section or accessory boundary,high,generic_equipment_supply_or_out_of_scope_basic_set,
1631,33144 PF,"c MOURET Metal Handle, without 33144 P c MOURET Metal Handle, with",KARL STORZ,THORAX.pdf,Document p. 149;152;153;156;182 (PDF page 157;160;161;164;190),irrelevant_to_current_scope,,,No current manufacturer-aware exact match; excluded by source section or accessory boundary,high,surgical_thoracoscopy_or_thoracic_surgery_not_medical_thoracoscopy,
1632,30310 DBL,c Outer Sheath with BLAKESLEY Biopsy Forceps,KARL STORZ,THORAX.pdf,Document p. SP6;SP31 (PDF page 268;293),irrelevant_to_current_scope,,,No current manufacturer-aware exact match; excluded by source section or accessory boundary,high,spare_index_or_spare_part_only,
1633,43210 DU,c Outer Sheath with CUSCHIERI Biopsy Forceps 157,KARL STORZ,THORAX.pdf,Document p. 157;SP6;SP31 (PDF page 165;268;293),irrelevant_to_current_scope,,,No current manufacturer-aware exact match; excluded by source section or accessory boundary,high,surgical_thoracoscopy_or_thoracic_surgery_not_medical_thoracoscopy,
1634,43210 LP,c Outer Sheath with KELLY Dissecting and Grasping Forceps 156,KARL STORZ,THORAX.pdf,Document p. 156;SP6;SP31 (PDF page 164;268;293),irrelevant_to_current_scope,,,No current manufacturer-aware exact match; excluded by source section or accessory boundary,high,surgical_thoracoscopy_or_thoracic_surgery_not_medical_thoracoscopy,
1635,43210 LK,c Outer Sheath with KELLY Dissecting Forceps 157,KARL STORZ,THORAX.pdf,Document p. 157;181;SP6;SP31 (PDF page 165;189;268;293),irrelevant_to_current_scope,,,No current manufacturer-aware exact match; excluded by source section or accessory boundary,high,surgical_thoracoscopy_or_thoracic_surgery_not_medical_thoracoscopy,
1636,43210 LH,c Outer Sheath with Lung Forceps 152,KARL STORZ,THORAX.pdf,Document p. 152;SP6;SP31 (PDF page 160;268;293),irrelevant_to_current_scope,,,No current manufacturer-aware exact match; excluded by source section or accessory boundary,high,surgical_thoracoscopy_or_thoracic_surgery_not_medical_thoracoscopy,
1637,43210 LL,c Outer Sheath with Lung Forceps 152,KARL STORZ,THORAX.pdf,Document p. 153;182;SP6;SP31 (PDF page 161;190;268;293),irrelevant_to_current_scope,,,No current manufacturer-aware exact match; excluded by source section or accessory boundary,high,surgical_thoracoscopy_or_thoracic_surgery_not_medical_thoracoscopy,
1638,43210 LR,c Outer Sheath with Lung Nodule Forceps 152,KARL STORZ,THORAX.pdf,Document p. 153;SP6;SP31 (PDF page 161;268;293),irrelevant_to_current_scope,,,No current manufacturer-aware exact match; excluded by source section or accessory boundary,high,surgical_thoracoscopy_or_thoracic_surgery_not_medical_thoracoscopy,
1639,43210 MF,c Outer Sheath with MANHES Dissecting and Grasping Forceps 156,KARL STORZ,THORAX.pdf,Document p. 156;SP6;SP31 (PDF page 164;268;293),irrelevant_to_current_scope,,,No current manufacturer-aware exact match; excluded by source section or accessory boundary,high,surgical_thoracoscopy_or_thoracic_surgery_not_medical_thoracoscopy,
1640,43210 MA,c Outer Sheath with MANHES Grasping Forceps 156,KARL STORZ,THORAX.pdf,Document p. 156;SP6;SP31 (PDF page 164;268;293),irrelevant_to_current_scope,,,No current manufacturer-aware exact match; excluded by source section or accessory boundary,high,surgical_thoracoscopy_or_thoracic_surgery_not_medical_thoracoscopy,
1641,43210 LG,c Outer Sheath with Parenchymal Forceps 152,KARL STORZ,THORAX.pdf,Document p. 152;SP6;SP31 (PDF page 160;268;293),irrelevant_to_current_scope,,,No current manufacturer-aware exact match; excluded by source section or accessory boundary,high,surgical_thoracoscopy_or_thoracic_surgery_not_medical_thoracoscopy,
1642,43210 LS,c Outer Sheath with Parenchymal Forceps 152,KARL STORZ,THORAX.pdf,Document p. 152;SP6;SP31 (PDF page 160;268;293),irrelevant_to_current_scope,,,No current manufacturer-aware exact match; excluded by source section or accessory boundary,high,surgical_thoracoscopy_or_thoracic_surgery_not_medical_thoracoscopy,
1643,43210 LV,c Outer Sheath with Parenchymal Forceps 155,KARL STORZ,THORAX.pdf,Document p. 155;SP6;SP31 (PDF page 163;268;293),irrelevant_to_current_scope,,,No current manufacturer-aware exact match; excluded by source section or accessory boundary,high,surgical_thoracoscopy_or_thoracic_surgery_not_medical_thoracoscopy,
1644,43210 LM,c Outer Sheath with Scissors 157,KARL STORZ,THORAX.pdf,Document p. 157;SP6;SP31 (PDF page 165;268;293),irrelevant_to_current_scope,,,No current manufacturer-aware exact match; excluded by source section or accessory boundary,high,surgical_thoracoscopy_or_thoracic_surgery_not_medical_thoracoscopy,
1645,43210 LU,c Outer Sheath with Scissors 157,KARL STORZ,THORAX.pdf,Document p. 157;181;SP6;SP31 (PDF page 165;189;268;293),irrelevant_to_current_scope,,,No current manufacturer-aware exact match; excluded by source section or accessory boundary,high,surgical_thoracoscopy_or_thoracic_surgery_not_medical_thoracoscopy,
1646,43210 MT,c Outer Sheath with Scissors 157,KARL STORZ,THORAX.pdf,Document p. 157;SP6;SP31 (PDF page 165;268;293),irrelevant_to_current_scope,,,No current manufacturer-aware exact match; excluded by source section or accessory boundary,high,surgical_thoracoscopy_or_thoracic_surgery_not_medical_thoracoscopy,
1647,43231 LVS,"c Parenchymal Forceps, atraumatic, single action jaws, curved jaws, size 5 mm,",KARL STORZ,THORAX.pdf,Document p. 9;154;155 (PDF page 17;162;163),irrelevant_to_current_scope,,,No current manufacturer-aware exact match; excluded by source section or accessory boundary,high,surgical_thoracoscopy_or_thoracic_surgery_not_medical_thoracoscopy,
1648,43237 LSF,"c Parenchymal Forceps, atraumatic, single action jaws, double curved jaws,",KARL STORZ,THORAX.pdf,Document p. 9;152 (PDF page 17;160),irrelevant_to_current_scope,,,No current manufacturer-aware exact match; excluded by source section or accessory boundary,high,surgical_thoracoscopy_or_thoracic_surgery_not_medical_thoracoscopy,
1649,43237 LGF,"c Parenchymal Forceps, atraumatic, single action jaws, straight jaws, size 5 mm,",KARL STORZ,THORAX.pdf,Document p. 9;152 (PDF page 17;160),irrelevant_to_current_scope,,,No current manufacturer-aware exact match; excluded by source section or accessory boundary,high,surgical_thoracoscopy_or_thoracic_surgery_not_medical_thoracoscopy,
1650,43227 MTP,"c Scissors, distally angled outer sheath, scissor blades open parallel to angulation,",KARL STORZ,THORAX.pdf,Document p. 9;157 (PDF page 17;165),irrelevant_to_current_scope,,,No current manufacturer-aware exact match; excluded by source section or accessory boundary,high,surgical_thoracoscopy_or_thoracic_surgery_not_medical_thoracoscopy,
1651,43227 LUP,"c Scissors, distally angled sheath, double action jaws, scissor blades open",KARL STORZ,THORAX.pdf,Document p. 10;157;181 (PDF page 18;165;189),irrelevant_to_current_scope,,,No current manufacturer-aware exact match; excluded by source section or accessory boundary,high,surgical_thoracoscopy_or_thoracic_surgery_not_medical_thoracoscopy,
1652,43227 LMP,"c Scissors, double action blades, curved blades, size 5 mm, length 28 cm,",KARL STORZ,THORAX.pdf,Document p. 9;157 (PDF page 17;165),irrelevant_to_current_scope,,,No current manufacturer-aware exact match; excluded by source section or accessory boundary,high,surgical_thoracoscopy_or_thoracic_surgery_not_medical_thoracoscopy,
1653,29005 KH,Camera Holder,KARL STORZ,THORAX.pdf,Document p. 12 (PDF page 20),irrelevant_to_current_scope,,,No current manufacturer-aware exact match; excluded by source section or accessory boundary,high,generic_equipment_supply_or_out_of_scope_basic_set,
1654,10970 PE,Cannula,KARL STORZ,THORAX.pdf,Document p. SP4;SP25 (PDF page 266;287),irrelevant_to_current_scope,,,No current manufacturer-aware exact match; excluded by source section or accessory boundary,high,spare_index_or_spare_part_only,
1655,10970 PEL,Cannula,KARL STORZ,THORAX.pdf,Document p. SP4;SP25 (PDF page 266;287),irrelevant_to_current_scope,,,No current manufacturer-aware exact match; excluded by source section or accessory boundary,high,spare_index_or_spare_part_only,
1656,10990 C,"Cannula, with LUER-Lock, 10990 B",KARL STORZ,THORAX.pdf,Document p. SP4;SP25 (PDF page 266;287),existing_family_or_package_variant,PRD-61EE4D5DE6,10990,Cannula component of existing RAMEL Pleurabiopsy Needle set,moderate,component_of_governed_or_proposed_parent_product,
1657,10970 A,"CARLENS Mediastinoscope, with proximal lateral",KARL STORZ,THORAX.pdf,Document p. 124;SP4;SP24 (PDF page 132;266;286),irrelevant_to_current_scope,,,No current manufacturer-aware exact match; excluded by source section or accessory boundary,high,mediastinoscopy,
1658,10970 B,"CARLENS Mediastinoscope, with proximal lateral",KARL STORZ,THORAX.pdf,Document p. 124;SP4;SP24 (PDF page 132;266;286),irrelevant_to_current_scope,,,No current manufacturer-aware exact match; excluded by source section or accessory boundary,high,mediastinoscopy,
1659,27677 BB,Case,KARL STORZ,THORAX.pdf,Document p. 49;99 (PDF page 57;107),irrelevant_to_current_scope,,,No current manufacturer-aware exact match; excluded by source section or accessory boundary,high,generic_equipment_supply_or_out_of_scope_basic_set,
1660,27677 FV,Case,KARL STORZ,THORAX.pdf,Document p. 17 (PDF page 25),irrelevant_to_current_scope,,,No current manufacturer-aware exact match; excluded by source section or accessory boundary,high,esophagoscopy_or_diverticuloscopy,
1661,27677 KV,Case,KARL STORZ,THORAX.pdf,Document p. 42;43;94 (PDF page 50;51;102),irrelevant_to_current_scope,,,No current manufacturer-aware exact match; excluded by source section or accessory boundary,high,generic_equipment_supply_or_out_of_scope_basic_set,
1662,11008 E,"Catheter, 5 Fr., without adaptor ● ● ●",KARL STORZ,THORAX.pdf,Document p. 54;101 (PDF page 62;109),new_product_added,PRD-2FBA3476D5,11008E,Exact article number and product identity on relevant KARL STORZ catalog page; no current manufacturer-aware exact match,high,authoritative_exact_relevant_nonduplicate,
1663,28272 C,"Clamping Cylinder, for flexible mounting of 10 mm telescopes",KARL STORZ,THORAX.pdf,Document p. 217;221;225 (PDF page 225;229;233),irrelevant_to_current_scope,,,No current manufacturer-aware exact match; excluded by source section or accessory boundary,high,holding_system,
1664,28272 UF,"Clamping Jaw, for use with all KARL STORZ polymer",KARL STORZ,THORAX.pdf,Document p. 217;221 (PDF page 225;229),irrelevant_to_current_scope,,,No current manufacturer-aware exact match; excluded by source section or accessory boundary,high,holding_system,
1665,28272 UU,"Clamping Jaw, for use with instrument,",KARL STORZ,THORAX.pdf,Document p. 217;221 (PDF page 225;229),irrelevant_to_current_scope,,,No current manufacturer-aware exact match; excluded by source section or accessory boundary,high,holding_system,
1666,28272 UG,"Clamping Jaw, metal, for use with all square",KARL STORZ,THORAX.pdf,Document p. 217;221;225 (PDF page 225;229;233),irrelevant_to_current_scope,,,No current manufacturer-aware exact match; excluded by source section or accessory boundary,high,holding_system,
1667,28272 UL,"Clamping Jaw, universal, clamping range 0 to 18 mm,",KARL STORZ,THORAX.pdf,Document p. 217;221 (PDF page 225;229),irrelevant_to_current_scope,,,No current manufacturer-aware exact match; excluded by source section or accessory boundary,high,holding_system,
1668,28272 UK,"Clamping Range, metal, with axial intake, for",KARL STORZ,THORAX.pdf,Document p. 217;221 (PDF page 225;229),irrelevant_to_current_scope,,,No current manufacturer-aware exact match; excluded by source section or accessory boundary,high,holding_system,
1669,27651 AK,"Cleaning Brush, round, flexible, outer",KARL STORZ,THORAX.pdf,Document p. 49;51 (PDF page 57;59),new_product_added,PRD-1F9120ECB0,27651AK,Exact article number and product identity on relevant KARL STORZ catalog page; no current manufacturer-aware exact match,high,authoritative_exact_relevant_nonduplicate,
1670,27651 AL,"Cleaning Brush, round, flexible, outer",KARL STORZ,THORAX.pdf,Document p. 49;51 (PDF page 57;59),new_product_added,PRD-F08EF9B50F,27651AL,Exact article number and product identity on relevant KARL STORZ catalog page; no current manufacturer-aware exact match,high,authoritative_exact_relevant_nonduplicate,
1671,27651 B,"Cleaning Brush, round, flexible, outer diameter 3 mm, for",KARL STORZ,THORAX.pdf,Document p. 42;43;49;51;94;99 (PDF page 50;51;57;59;102;107),new_product_added,PRD-A1B3741E75,27651B,Exact article number and product identity on relevant KARL STORZ catalog page; no current manufacturer-aware exact match,high,authoritative_exact_relevant_nonduplicate,
1672,27651 C,"Cleaning Brush, round, flexible, outer diameter 4 mm, for",KARL STORZ,THORAX.pdf,Document p. 49;51;99 (PDF page 57;59;107),new_product_added,PRD-1296B5E81A,27651C,Exact article number and product identity on relevant KARL STORZ catalog page; no current manufacturer-aware exact match,high,authoritative_exact_relevant_nonduplicate,
1673,8665 L,"Clip Forceps, jaws angled to left, working",KARL STORZ,THORAX.pdf,Document p. 38;131 (PDF page 46;139),irrelevant_to_current_scope,,,No current manufacturer-aware exact match; excluded by source section or accessory boundary,high,esophagoscopy_or_diverticuloscopy,
1674,12067 NL,"Clip Forceps, jaws curved to left, working length",KARL STORZ,THORAX.pdf,Document p. 38;131 (PDF page 46;139),irrelevant_to_current_scope,,,No current manufacturer-aware exact match; excluded by source section or accessory boundary,high,esophagoscopy_or_diverticuloscopy,
1675,8665 R,"Clip Forceps, jaws curved to right, working length 22 cm",KARL STORZ,THORAX.pdf,Document p. 7;131 (PDF page 15;139),irrelevant_to_current_scope,,,No current manufacturer-aware exact match; excluded by source section or accessory boundary,high,mediastinoscopy,
1676,8665 T,"Clip, titanium LT 200, medium, 5 mm, sterile, package of 36 cartridges with 6 clips each",KARL STORZ,THORAX.pdf,Document p. 7;38;131 (PDF page 15;46;139),irrelevant_to_current_scope,,,No current manufacturer-aware exact match; excluded by source section or accessory boundary,high,esophagoscopy_or_diverticuloscopy,
1677,13304 CS,CMOS Video Esopharyngoscope,KARL STORZ,THORAX.pdf,Document p. 17 (PDF page 25),irrelevant_to_current_scope,,,No current manufacturer-aware exact match; excluded by source section or accessory boundary,high,esophagoscopy_or_diverticuloscopy,
1678,13304 C,CMOS Video Esopharyngoscope ESO 17,KARL STORZ,THORAX.pdf,PDF p. 5,irrelevant_to_current_scope,,,No current manufacturer-aware exact match; excluded by source section or accessory boundary,high,generic_equipment_supply_or_out_of_scope_basic_set,
1679,13304 CSK,"CMOS Video Esopharyngoscope KIT,",KARL STORZ,THORAX.pdf,Document p. 17 (PDF page 25),irrelevant_to_current_scope,,,No current manufacturer-aware exact match; excluded by source section or accessory boundary,high,esophagoscopy_or_diverticuloscopy,
1680,13304 CSM,CMOS Video Esopharyngoscope with Monitor,KARL STORZ,THORAX.pdf,Document p. 17 (PDF page 25),irrelevant_to_current_scope,,,No current manufacturer-aware exact match; excluded by source section or accessory boundary,high,esophagoscopy_or_diverticuloscopy,
1681,37270 DB,Coagulating and Dissecting Electrode,KARL STORZ,THORAX.pdf,Document p. SP6;SP28 (PDF page 268;290),irrelevant_to_current_scope,,,No current manufacturer-aware exact match; excluded by source section or accessory boundary,high,spare_index_or_spare_part_only,
1682,37270 DW,Coagulating and Dissecting Electrode,KARL STORZ,THORAX.pdf,Document p. SP6;SP28 (PDF page 268;290),irrelevant_to_current_scope,,,No current manufacturer-aware exact match; excluded by source section or accessory boundary,high,spare_index_or_spare_part_only,
1683,26772 UF,"Coagulating and Dissecting Electrode, L-shaped, insulated, with connector pin for",KARL STORZ,THORAX.pdf,Document p. 10;169;183;SP5;SP28 (PDF page 18;177;191;267;290),irrelevant_to_current_scope,,,No current manufacturer-aware exact match; excluded by source section or accessory boundary,high,surgical_thoracoscopy_or_thoracic_surgery_not_medical_thoracoscopy,
1684,26778 UF,"Coagulating and Dissecting Electrode, L-shaped, insulated, with connector pin for",KARL STORZ,THORAX.pdf,Document p. 10;183;SP5;SP28 (PDF page 18;191;267;290),irrelevant_to_current_scope,,,No current manufacturer-aware exact match; excluded by source section or accessory boundary,high,surgical_thoracoscopy_or_thoracic_surgery_not_medical_thoracoscopy,
1685,37270 SC,"Coagulating and Dissecting Electrode, with",KARL STORZ,THORAX.pdf,Document p. 168;SP6;SP28 (PDF page 176;268;290),irrelevant_to_current_scope,,,No current manufacturer-aware exact match; excluded by source section or accessory boundary,high,surgical_thoracoscopy_or_thoracic_surgery_not_medical_thoracoscopy,
1686,26770 S,Coagulating Electrode,KARL STORZ,THORAX.pdf,Document p. SP5;SP28 (PDF page 267;290),irrelevant_to_current_scope,,,No current manufacturer-aware exact match; excluded by source section or accessory boundary,high,spare_index_or_spare_part_only,
1687,26770 U,Coagulating Suction Tube,KARL STORZ,THORAX.pdf,Document p. SP5;SP28 (PDF page 267;290),irrelevant_to_current_scope,,,No current manufacturer-aware exact match; excluded by source section or accessory boundary,high,spare_index_or_spare_part_only,
1688,40270 LB,"Coagulating Suction Tube, distally angled sheath, with connector pin for bipolar",KARL STORZ,THORAX.pdf,Document p. 9;168;U23;U25;SP6;SP28 (PDF page 17;176;257;259;268;290),irrelevant_to_current_scope,,,No current manufacturer-aware exact match; excluded by source section or accessory boundary,high,surgical_thoracoscopy_or_thoracic_surgery_not_medical_thoracoscopy,
1689,40170 LB,"Coagulating Suction Tube, distally angled sheath, with connector pin for unipolar",KARL STORZ,THORAX.pdf,Document p. 9;168;SP6;SP28 (PDF page 17;176;268;290),irrelevant_to_current_scope,,,No current manufacturer-aware exact match; excluded by source section or accessory boundary,high,surgical_thoracoscopy_or_thoracic_surgery_not_medical_thoracoscopy,
1690,10972 EN,"Coagulating Suction Tube, distally curved, insulated, with connector pin for unipolar",KARL STORZ,THORAX.pdf,Document p. 7;130 (PDF page 15;138),irrelevant_to_current_scope,,,No current manufacturer-aware exact match; excluded by source section or accessory boundary,high,mediastinoscopy,
1691,10972 ENL,"Coagulating Suction Tube, distally curved, insulated, with connector pin for unipolar",KARL STORZ,THORAX.pdf,Document p. 7;130 (PDF page 15;138),irrelevant_to_current_scope,,,No current manufacturer-aware exact match; excluded by source section or accessory boundary,high,mediastinoscopy,
1692,10390 LN,"Coagulating Suction Tube, insulated, with connector",KARL STORZ,THORAX.pdf,Document p. 31;SP4;SP28 (PDF page 39;266;290),irrelevant_to_current_scope,,,No current manufacturer-aware exact match; excluded by source section or accessory boundary,high,esophagoscopy_or_diverticuloscopy,
1693,10970 EN,"Coagulating Suction Tube, insulated, with connector pin for unipolar coagulation,",KARL STORZ,THORAX.pdf,Document p. 7;SP4;SP28 (PDF page 15;266;290),irrelevant_to_current_scope,,,No current manufacturer-aware exact match; excluded by source section or accessory boundary,high,generic_equipment_supply_or_out_of_scope_basic_set,
1694,10970 ENL,"Coagulating Suction Tube, insulated, with connector pin for unipolar coagulation,",KARL STORZ,THORAX.pdf,Document p. 7;SP4;SP28 (PDF page 15;266;290),irrelevant_to_current_scope,,,No current manufacturer-aware exact match; excluded by source section or accessory boundary,high,generic_equipment_supply_or_out_of_scope_basic_set,
1695,11161 KE,"Coagulation Electrode, unipolar, ● ● ● ●",KARL STORZ,THORAX.pdf,Document p. 101 (PDF page 109),new_product_added,PRD-F2DAE07C64,11161KE,Exact article number and product identity on relevant KARL STORZ catalog page; no current manufacturer-aware exact match,high,authoritative_exact_relevant_nonduplicate,
1696,9370 TQ,"Color Ink Jet Printer, with horizontal paper feed, incl.",KARL STORZ,THORAX.pdf,Document p. 114 (PDF page 122),irrelevant_to_current_scope,,,No current manufacturer-aware exact match; excluded by source section or accessory boundary,high,generic_equipment_supply_or_out_of_scope_basic_set,
1697,9371 LA,"Color Laser Printer, including mains cord,",KARL STORZ,THORAX.pdf,Document p. 114 (PDF page 122),irrelevant_to_current_scope,,,No current manufacturer-aware exact match; excluded by source section or accessory boundary,high,generic_equipment_supply_or_out_of_scope_basic_set,
1698,11900 AS,"Connecting Tube, 5925300",KARL STORZ,THORAX.pdf,Document p. SP4;SP11 (PDF page 266;273),existing_family_or_package_variant,PRD-0FBAA7EFB7,11900AE,Connecting-tube component of proposed 11900 AE suction-unit set,moderate,component_of_governed_or_proposed_parent_product,
1699,28172 WA,"Connecting Tube, for POINT SETTER,",KARL STORZ,THORAX.pdf,Document p. 225 (PDF page 233),irrelevant_to_current_scope,,,No current manufacturer-aware exact match; excluded by source section or accessory boundary,high,holding_system,
1700,28172 WB,"Connecting Tube, for POINT SETTER,",KARL STORZ,THORAX.pdf,Document p. 225 (PDF page 233),irrelevant_to_current_scope,,,No current manufacturer-aware exact match; excluded by source section or accessory boundary,high,holding_system,
1701,28172 WC,"Connecting Tube, for POINT SETTER,",KARL STORZ,THORAX.pdf,Document p. 225;SP5;SP39 (PDF page 233;267;301),irrelevant_to_current_scope,,,No current manufacturer-aware exact match; excluded by source section or accessory boundary,high,holding_system,
1702,28172 WN,"Connecting Tube, for POINT SETTER,",KARL STORZ,THORAX.pdf,Document p. 225 (PDF page 233),irrelevant_to_current_scope,,,No current manufacturer-aware exact match; excluded by source section or accessory boundary,high,holding_system,
1703,10384 AL,Cotton Carrier,KARL STORZ,THORAX.pdf,Document p. 2;30;31 (PDF page 10;38;39),irrelevant_to_current_scope,,,No current manufacturer-aware exact match; excluded by source section or accessory boundary,high,esophagoscopy_or_diverticuloscopy,
1704,10384 AX,Cotton Carrier,KARL STORZ,THORAX.pdf,Document p. 31 (PDF page 39),irrelevant_to_current_scope,,,No current manufacturer-aware exact match; excluded by source section or accessory boundary,high,esophagoscopy_or_diverticuloscopy,
1705,10389 B,"Cytology Brush, with ring handle, working length 35 cm",KARL STORZ,THORAX.pdf,Document p. 5 (PDF page 13),irrelevant_to_current_scope,,,No current manufacturer-aware exact match; excluded by source section or accessory boundary,high,generic_equipment_supply_or_out_of_scope_basic_set,
1706,10970 BA,"DCI® HOPKINS® Forward-Oblique Telescope 30°, diameter 4 mm, length 14 cm,",KARL STORZ,THORAX.pdf,Document p. 7;121;123;SP4;SP7 (PDF page 15;129;131;266;269),irrelevant_to_current_scope,,,No current manufacturer-aware exact match; excluded by source section or accessory boundary,high,mediastinoscopy,
1707,40775 LF,"Dissecting Electrode, L-shaped, insulated, with connector pin for unipolar coagulation,",KARL STORZ,THORAX.pdf,Document p. 9;10;169;183;U23;U25;SP6;SP28 (PDF page 17;18;177;191;257;259;268;290),irrelevant_to_current_scope,,,No current manufacturer-aware exact match; excluded by source section or accessory boundary,high,surgical_thoracoscopy_or_thoracic_surgery_not_medical_thoracoscopy,
1708,40500 E,"Dissecting Forceps, S-shaped, distal joint, length 28 cm",KARL STORZ,THORAX.pdf,Document p. 11;197 (PDF page 19;205),irrelevant_to_current_scope,,,No current manufacturer-aware exact match; excluded by source section or accessory boundary,high,surgical_thoracoscopy_or_thoracic_surgery_not_medical_thoracoscopy,
1709,40500 C,"Dissecting Forceps, S-shaped, medial joint, length 28 cm",KARL STORZ,THORAX.pdf,Document p. 11;197 (PDF page 19;205),irrelevant_to_current_scope,,,No current manufacturer-aware exact match; excluded by source section or accessory boundary,high,surgical_thoracoscopy_or_thoracic_surgery_not_medical_thoracoscopy,
1710,40400 E,"Dissecting Forceps, with",KARL STORZ,THORAX.pdf,Document p. 196 (PDF page 204),irrelevant_to_current_scope,,,No current manufacturer-aware exact match; excluded by source section or accessory boundary,high,surgical_thoracoscopy_or_thoracic_surgery_not_medical_thoracoscopy,
1711,40400 F,"Dissecting Forceps, with ratchet, self-opening, S-shaped, medial joint, length 28 cm",KARL STORZ,THORAX.pdf,Document p. 11;196 (PDF page 19;204),irrelevant_to_current_scope,,,No current manufacturer-aware exact match; excluded by source section or accessory boundary,high,surgical_thoracoscopy_or_thoracic_surgery_not_medical_thoracoscopy,
1712,40500 B,"Dissecting Scissors, S-shaped,",KARL STORZ,THORAX.pdf,Document p. 197 (PDF page 205),irrelevant_to_current_scope,,,No current manufacturer-aware exact match; excluded by source section or accessory boundary,high,surgical_thoracoscopy_or_thoracic_surgery_not_medical_thoracoscopy,
1713,40500 D,"Dissecting Scissors, S-shaped,",KARL STORZ,THORAX.pdf,Document p. 197 (PDF page 205),irrelevant_to_current_scope,,,No current manufacturer-aware exact match; excluded by source section or accessory boundary,high,surgical_thoracoscopy_or_thoracic_surgery_not_medical_thoracoscopy,
1714,40501 A,"Dissecting Scissors, S-shaped,",KARL STORZ,THORAX.pdf,Document p. 198 (PDF page 206),irrelevant_to_current_scope,,,No current manufacturer-aware exact match; excluded by source section or accessory boundary,high,surgical_thoracoscopy_or_thoracic_surgery_not_medical_thoracoscopy,
1715,10339 EE,DOESEL-HUZLY Bronchoscope 71,KARL STORZ,THORAX.pdf,Document p. 71;89;SP4;SP18 (PDF page 79;97;266;280),new_product_added,PRD-DA34CBFF14,10339EE,Exact article number and product identity on relevant KARL STORZ catalog page; no current manufacturer-aware exact match,high,authoritative_exact_relevant_nonduplicate,
1716,10339 EEE,DOESEL-HUZLY Bronchoscope 71,KARL STORZ,THORAX.pdf,Document p. 71;89;SP4;SP18 (PDF page 79;97;266;280),new_product_added,PRD-973BDAB586,10339EEE,Exact article number and product identity on relevant KARL STORZ catalog page; no current manufacturer-aware exact match,high,authoritative_exact_relevant_nonduplicate,
1717,10339 G,DOESEL-HUZLY Bronchoscope 71,KARL STORZ,THORAX.pdf,Document p. 71;89;SP4;SP18 (PDF page 79;97;266;280),new_product_added,PRD-DB755221C4,10339G,Exact article number and product identity on relevant KARL STORZ catalog page; no current manufacturer-aware exact match,high,authoritative_exact_relevant_nonduplicate,
1718,10339 F,"DOESEL-HUZLY Bronchoscope, size 2.5,",KARL STORZ,THORAX.pdf,Document p. 71;72;89;SP4;SP18 (PDF page 79;80;97;266;280),new_product_added,PRD-0451E9F3F7,10339F,Exact article number and product identity on relevant KARL STORZ catalog page; no current manufacturer-aware exact match,high,authoritative_exact_relevant_nonduplicate,
1719,10339 D,"DOESEL-HUZLY Bronchoscope, size 3.5,",KARL STORZ,THORAX.pdf,Document p. 71;73;89;SP4;SP18 (PDF page 79;81;97;266;280),new_product_added,PRD-F18D8E0CD8,10339D,Exact article number and product identity on relevant KARL STORZ catalog page; no current manufacturer-aware exact match,high,authoritative_exact_relevant_nonduplicate,
1720,10339 A,"DOESEL-HUZLY Bronchoscope, size 6, length 30 cm",KARL STORZ,THORAX.pdf,Document p. 5;71;72;73;74;75;89;SP4;SP18 (PDF page 13;79;80;81;82;83;97;266;280),new_product_added,PRD-122789E385,10339A,Exact article number and product identity on relevant KARL STORZ catalog page; no current manufacturer-aware exact match,high,authoritative_exact_relevant_nonduplicate,
1721,13252 KU,double action jaws 2.3 mm ● ●,KARL STORZ,THORAX.pdf,Document p. 100 (PDF page 108),new_product_added,PRD-F60DA91352,13252KU,Exact article number and product identity on relevant KARL STORZ catalog page; no current manufacturer-aware exact match,high,authoritative_exact_relevant_nonduplicate,
1722,29005 HFH,Double Pedal Holder,KARL STORZ,THORAX.pdf,Document p. 12 (PDF page 20),irrelevant_to_current_scope,,,No current manufacturer-aware exact match; excluded by source section or accessory boundary,high,generic_equipment_supply_or_out_of_scope_basic_set,
1723,28172 WD,"Drape, for single use, sterile,",KARL STORZ,THORAX.pdf,Document p. 225 (PDF page 233),irrelevant_to_current_scope,,,No current manufacturer-aware exact match; excluded by source section or accessory boundary,high,holding_system,
1724,40700 B,"Electrode, ball tip, malleable, with connector pin",KARL STORZ,THORAX.pdf,Document p. 202;SP6;SP28 (PDF page 210;268;290),irrelevant_to_current_scope,,,No current manufacturer-aware exact match; excluded by source section or accessory boundary,high,surgical_thoracoscopy_or_thoracic_surgery_not_medical_thoracoscopy,
1725,40700 A,"Electrode, knife tip, malleable, with connector pin for unipolar coagulation, length 40 cm",KARL STORZ,THORAX.pdf,Document p. 11;202;SP6;SP28 (PDF page 19;210;268;290),irrelevant_to_current_scope,,,No current manufacturer-aware exact match; excluded by source section or accessory boundary,high,surgical_thoracoscopy_or_thoracic_surgery_not_medical_thoracoscopy,
1726,26003 AE,"ENDOCAMELEON® HOPKINS® Telescope,",KARL STORZ,THORAX.pdf,Document p. 144 (PDF page 152),irrelevant_to_current_scope,,,No current manufacturer-aware exact match; excluded by source section or accessory boundary,high,surgical_thoracoscopy_or_thoracic_surgery_not_medical_thoracoscopy,
1727,28272 ECS,"ENDOCRANETM Arm, including stand",KARL STORZ,THORAX.pdf,Document p. SP5;SP39 (PDF page 267;301),irrelevant_to_current_scope,,,No current manufacturer-aware exact match; excluded by source section or accessory boundary,high,spare_index_or_spare_part_only,
1728,28272 EC,"ENDOCRANETM, piezoregulated Holding Arm LHT 220",KARL STORZ,THORAX.pdf,Document p. ;218;220;SP5;SP39 (PDF page 5;226;228;267;301),irrelevant_to_current_scope,,,No current manufacturer-aware exact match; excluded by source section or accessory boundary,high,holding_system,
1729,12016 F,Esophagoscope Tube,KARL STORZ,THORAX.pdf,Document p. 33;SP4;SP19 (PDF page 41;266;281),irrelevant_to_current_scope,,,No current manufacturer-aware exact match; excluded by source section or accessory boundary,high,esophagoscopy_or_diverticuloscopy,
1730,12016 E,"Esophagoscope Tube, size 11, working",KARL STORZ,THORAX.pdf,Document p. 20;33;SP4;SP19 (PDF page 28;41;266;281),irrelevant_to_current_scope,,,No current manufacturer-aware exact match; excluded by source section or accessory boundary,high,esophagoscopy_or_diverticuloscopy,
1731,12030 A,"Esophagoscope Tube, size 6, length 30 cm",KARL STORZ,THORAX.pdf,Document p. 3;22;23;35;SP5;SP20 (PDF page 11;30;31;43;267;282),irrelevant_to_current_scope,,,No current manufacturer-aware exact match; excluded by source section or accessory boundary,high,esophagoscopy_or_diverticuloscopy,
1732,8590 GF,"Fiber Optic Light Carrier, for distal illumination,",KARL STORZ,THORAX.pdf,Document p. 36;37 (PDF page 44;45),irrelevant_to_current_scope,,,No current manufacturer-aware exact match; excluded by source section or accessory boundary,high,esophagoscopy_or_diverticuloscopy,
1733,12061 B,"Fiber Optic Light Carrier, for use with esophagoscopes, length 30 cm",KARL STORZ,THORAX.pdf,Document p. 2;19;SP5;SP22 (PDF page 10;27;267;284),irrelevant_to_current_scope,,,No current manufacturer-aware exact match; excluded by source section or accessory boundary,high,esophagoscopy_or_diverticuloscopy,
1734,12061 A,"Fiber Optic Light Carrier, for use with esophagoscopes, length 50 cm",KARL STORZ,THORAX.pdf,Document p. 2;19;SP5;SP22 (PDF page 10;27;267;284),irrelevant_to_current_scope,,,No current manufacturer-aware exact match; excluded by source section or accessory boundary,high,esophagoscopy_or_diverticuloscopy,
1735,12061 C,"Fiber Optic Light Carrier, for use with hypopharyngoscopes, length 20 cm",KARL STORZ,THORAX.pdf,Document p. 2;19;SP5;SP22 (PDF page 10;27;267;284),irrelevant_to_current_scope,,,No current manufacturer-aware exact match; excluded by source section or accessory boundary,high,esophagoscopy_or_diverticuloscopy,
1736,49100 L,"Fiber Optic Light Carrier, malleable, 49100 LB",KARL STORZ,THORAX.pdf,Document p. 189;SP2;SP6;SP36 (PDF page 197;264;268;298),irrelevant_to_current_scope,,,No current manufacturer-aware exact match; excluded by source section or accessory boundary,high,surgical_thoracoscopy_or_thoracic_surgery_not_medical_thoracoscopy,
1737,49100 LS,Fiberoptic Light Carrier Extension VATS-RET 189,KARL STORZ,THORAX.pdf,Document p. ;189;SP2;SP6;SP36 (PDF page 5;197;264;268;298),irrelevant_to_current_scope,,,No current manufacturer-aware exact match; excluded by source section or accessory boundary,high,surgical_thoracoscopy_or_thoracic_surgery_not_medical_thoracoscopy,
1738,13250 KN,"flexible, double action jaws 2.3 mm ● ●",KARL STORZ,THORAX.pdf,Document p. 100 (PDF page 108),new_product_added,PRD-C3CFAD5E58,13250KN,Exact article number and product identity on relevant KARL STORZ catalog page; no current manufacturer-aware exact match,high,authoritative_exact_relevant_nonduplicate,
1739,13252 KX,"flexible, double action jaws 2.3 mm ● ●",KARL STORZ,THORAX.pdf,Document p. 100 (PDF page 108),new_product_added,PRD-61AF4EE90B,13252KX,Exact article number and product identity on relevant KARL STORZ catalog page; no current manufacturer-aware exact match,high,authoritative_exact_relevant_nonduplicate,
1740,10338 P,"FLUVOG Adaptor, with sliding glass window plug, sealing cap, notched lens and keyhole",KARL STORZ,THORAX.pdf,Document p. 5;71;SP4;SP18 (PDF page 13;79;266;280),new_product_added,PRD-54ACB4FCF8,10338P,Exact article number and product identity on relevant KARL STORZ catalog page; no current manufacturer-aware exact match,high,authoritative_exact_relevant_nonduplicate,
1741,10023 ABA,For use with HOPKINS® Telescope 10023 ABA and,KARL STORZ,THORAX.pdf,Document p. 73;75;89;SP4;SP7 (PDF page 81;83;97;266;269),new_product_added,PRD-28CA7E5E8C,10023ABA,Exact article number and product identity on relevant KARL STORZ catalog page; no current manufacturer-aware exact match,high,authoritative_exact_relevant_nonduplicate,
1742,10510 B,Forceps Insert,KARL STORZ,THORAX.pdf,Document p. SP4;SP22 (PDF page 266;284),existing_family_or_package_variant,PRD-750BCA0F02,10510N,Forceps-insert component of existing FREITAG Stent Forceps,moderate,component_of_governed_or_proposed_parent_product,
1743,10370 HL,"Forceps, alligator, for hard foreign bodies, double action jaws,",KARL STORZ,THORAX.pdf,Document p. 27 (PDF page 35),irrelevant_to_current_scope,,,No current manufacturer-aware exact match; excluded by source section or accessory boundary,high,esophagoscopy_or_diverticuloscopy,
1744,10366 HL,"Forceps, alligator, for hard foreign bodies, single action jaws,",KARL STORZ,THORAX.pdf,Document p. 26 (PDF page 34),irrelevant_to_current_scope,,,No current manufacturer-aware exact match; excluded by source section or accessory boundary,high,esophagoscopy_or_diverticuloscopy,
1745,10338 U,"Forceps, alligator, spoon-shaped, single action jaws,",KARL STORZ,THORAX.pdf,Document p. 22;72 (PDF page 30;80),new_product_added,PRD-633BBCEEBA,10338U,Exact article number and product identity on relevant KARL STORZ catalog page; no current manufacturer-aware exact match,high,authoritative_exact_relevant_nonduplicate,
1746,40400 C,"Forceps, atraumatic, bayonet-shaped,",KARL STORZ,THORAX.pdf,Document p. 194 (PDF page 202),irrelevant_to_current_scope,,,No current manufacturer-aware exact match; excluded by source section or accessory boundary,high,surgical_thoracoscopy_or_thoracic_surgery_not_medical_thoracoscopy,
1747,40400 A,"Forceps, atraumatic, bayonet-shaped, insulated, length 22 cm",KARL STORZ,THORAX.pdf,Document p. 11;194 (PDF page 19;202),irrelevant_to_current_scope,,,No current manufacturer-aware exact match; excluded by source section or accessory boundary,high,surgical_thoracoscopy_or_thoracic_surgery_not_medical_thoracoscopy,
1748,10338 X,"Forceps, spoon-shaped, for biopsy, single action",KARL STORZ,THORAX.pdf,Document p. 22;72 (PDF page 30;80),new_product_added,PRD-4CDD550305,10338X,Exact article number and product identity on relevant KARL STORZ catalog page; no current manufacturer-aware exact match,high,authoritative_exact_relevant_nonduplicate,
1749,40400 D,"Forceps, with multiple teeth, bayonet",KARL STORZ,THORAX.pdf,Document p. 194 (PDF page 202),irrelevant_to_current_scope,,,No current manufacturer-aware exact match; excluded by source section or accessory boundary,high,surgical_thoracoscopy_or_thoracic_surgery_not_medical_thoracoscopy,
1750,40400 B,"Forceps, with multiple teeth, bayonet-shaped, insulated, length 22 cm",KARL STORZ,THORAX.pdf,Document p. 11;194 (PDF page 19;202),irrelevant_to_current_scope,,,No current manufacturer-aware exact match; excluded by source section or accessory boundary,high,surgical_thoracoscopy_or_thoracic_surgery_not_medical_thoracoscopy,
1751,10386 AL,"Foreign Body Basket, with ring",KARL STORZ,THORAX.pdf,Document p. 32 (PDF page 40),irrelevant_to_current_scope,,,No current manufacturer-aware exact match; excluded by source section or accessory boundary,high,esophagoscopy_or_diverticuloscopy,
1752,40110 A,"GIUDICELLI/FUENTES/OTTOMANI Rib Spreader, self-retaining, blade depth 40 mm,",KARL STORZ,THORAX.pdf,Document p. 11;191 (PDF page 19;199),irrelevant_to_current_scope,,,No current manufacturer-aware exact match; excluded by source section or accessory boundary,high,surgical_thoracoscopy_or_thoracic_surgery_not_medical_thoracoscopy,
1753,40110 B,"GIUDICELLI/FUENTES/OTTOMANI Rib Spreader, self-retaining, blade depth 60 mm,",KARL STORZ,THORAX.pdf,Document p. 11;191 (PDF page 19;199),irrelevant_to_current_scope,,,No current manufacturer-aware exact match; excluded by source section or accessory boundary,high,surgical_thoracoscopy_or_thoracic_surgery_not_medical_thoracoscopy,
1754,10338 M,Glass Window Plug,KARL STORZ,THORAX.pdf,Document p. 71 (PDF page 79),new_product_added,PRD-F454186BF6,10338M,Exact article number and product identity on relevant KARL STORZ catalog page; no current manufacturer-aware exact match,high,authoritative_exact_relevant_nonduplicate,
1755,37270 GC,GORDTS and CAMPO Coagulating Suction Tube 168,KARL STORZ,THORAX.pdf,Document p. 168;SP6;SP28 (PDF page 176;268;290),irrelevant_to_current_scope,,,No current manufacturer-aware exact match; excluded by source section or accessory boundary,high,surgical_thoracoscopy_or_thoracic_surgery_not_medical_thoracoscopy,
1756,11003 MB,"Grasping Forceps,",KARL STORZ,THORAX.pdf,Document p. 49;50 (PDF page 57;58),new_product_added,PRD-97A222ED41,11003MB,Exact article number and product identity on relevant KARL STORZ catalog page; no current manufacturer-aware exact match,high,authoritative_exact_relevant_nonduplicate,
1757,13252 KS,"Grasping Forceps,",KARL STORZ,THORAX.pdf,Document p. 52 (PDF page 60),new_product_added,PRD-DC2AEF06F9,13252KS,Exact article number and product identity on relevant KARL STORZ catalog page; no current manufacturer-aware exact match,high,authoritative_exact_relevant_nonduplicate,
1758,11002 KZ,"Grasping Forceps, 1.8 mm ● ● ● ●",KARL STORZ,THORAX.pdf,Document p. 52;100 (PDF page 60;108),new_product_added,PRD-5E530E651B,11002KZ,Exact article number and product identity on relevant KARL STORZ catalog page; no current manufacturer-aware exact match,high,authoritative_exact_relevant_nonduplicate,
1759,11002 KT,"Grasping Forceps, alligator 1.8 mm ● ● ● ●",KARL STORZ,THORAX.pdf,Document p. 52;100 (PDF page 60;108),new_product_added,PRD-F14FD13B3E,11002KT,Exact article number and product identity on relevant KARL STORZ catalog page; no current manufacturer-aware exact match,high,authoritative_exact_relevant_nonduplicate,
1760,11002 KX,"Grasping Forceps, alligator 1.8 mm ● ● ● ●",KARL STORZ,THORAX.pdf,Document p. 52;100 (PDF page 60;108),new_product_added,PRD-4297AD020B,11002KX,Exact article number and product identity on relevant KARL STORZ catalog page; no current manufacturer-aware exact match,high,authoritative_exact_relevant_nonduplicate,
1761,11002 KS,"Grasping Forceps, alligator jaws, flexible, double",KARL STORZ,THORAX.pdf,Document p. 49;50;99 (PDF page 57;58;107),new_product_added,PRD-F1A98A53E9,11002KS,Exact article number and product identity on relevant KARL STORZ catalog page; no current manufacturer-aware exact match,high,authoritative_exact_relevant_nonduplicate,
1762,11002 KU,"Grasping Forceps, spoon- 1.8 mm ● ● ● ●",KARL STORZ,THORAX.pdf,Document p. 52;100 (PDF page 60;108),new_product_added,PRD-847AFDF500,11002KU,Exact article number and product identity on relevant KARL STORZ catalog page; no current manufacturer-aware exact match,high,authoritative_exact_relevant_nonduplicate,
1763,40400 K,"Grasping Forceps, with ratchet, self-opening, fenestrated jaws, curved, medial joint,",KARL STORZ,THORAX.pdf,Document p. 11;195 (PDF page 19;203),irrelevant_to_current_scope,,,No current manufacturer-aware exact match; excluded by source section or accessory boundary,high,surgical_thoracoscopy_or_thoracic_surgery_not_medical_thoracoscopy,
1764,40400 G,"Grasping Forceps, with ratchet, self-opening, fenestrated jaws, S-shaped,",KARL STORZ,THORAX.pdf,Document p. 10;182;195 (PDF page 18;190;203),irrelevant_to_current_scope,,,No current manufacturer-aware exact match; excluded by source section or accessory boundary,high,surgical_thoracoscopy_or_thoracic_surgery_not_medical_thoracoscopy,
1765,40400 H,"Grasping Forceps, with ratchet, self-opening, fenestrated jaws, S-shaped, medial joint,",KARL STORZ,THORAX.pdf,Document p. 11;195 (PDF page 19;203),irrelevant_to_current_scope,,,No current manufacturer-aware exact match; excluded by source section or accessory boundary,high,surgical_thoracoscopy_or_thoracic_surgery_not_medical_thoracoscopy,
1766,10020 ATA,"grasping peanuts and soft foreign bodies, with",KARL STORZ,THORAX.pdf,Document p. 22;24;35;72;73;76;89;SP4;SP7 (PDF page 30;32;43;80;81;84;97;266;269),new_product_added,PRD-FDE3543771,10020ATA,Exact article number and product identity on relevant KARL STORZ catalog page; no current manufacturer-aware exact match,high,authoritative_exact_relevant_nonduplicate,
1767,10338 S,"Guide Piece, for suction catheter, short, bronchoscope for children and infants",KARL STORZ,THORAX.pdf,Document p. 5;71;72;SP4;SP18 (PDF page 13;79;80;266;280),new_product_added,PRD-10327C6D62,10338S,Exact article number and product identity on relevant KARL STORZ catalog page; no current manufacturer-aware exact match,high,authoritative_exact_relevant_nonduplicate,
1768,13266 H,"Handle, for Brush 11007 BS ● ● ● - - - ● ●",KARL STORZ,THORAX.pdf,Document p. 53;101 (PDF page 61;109),new_product_added,PRD-7B8E07DF5F,13266H,Exact article number and product identity on relevant KARL STORZ catalog page; no current manufacturer-aware exact match,high,authoritative_exact_relevant_nonduplicate,
1769,10374 HF,"hard foreign bodies, with spring-action handle",KARL STORZ,THORAX.pdf,Document p. 25;35;77;89 (PDF page 33;43;85;97),new_product_added,PRD-DF8AFD026D,10374HF,Exact article number and product identity on relevant KARL STORZ catalog page; no current manufacturer-aware exact match,high,authoritative_exact_relevant_nonduplicate,
1770,26034 AA,HOPKINS Straight Forward Telescope 0°,KARL STORZ,THORAX.pdf,Document p. SP5;SP8 (PDF page 267;270),new_product_added,PRD-35AFD5B538,26034AA,Exact article number and product identity on relevant KARL STORZ catalog page; no current manufacturer-aware exact match,high,authoritative_exact_relevant_nonduplicate,
1771,10018 AA,HOPKINS Straight Forward Telescope 0° 73,KARL STORZ,THORAX.pdf,Document p. 22;35;72;73;SP4;SP7 (PDF page 30;43;80;81;266;269),new_product_added,PRD-0288AF3C36,10018AA,Exact article number and product identity on relevant KARL STORZ catalog page; no current manufacturer-aware exact match,high,authoritative_exact_relevant_nonduplicate,
1772,26046 BA,"HOPKINSr II Forward-Oblique Telescope 30°, enlarged view, diameter 5 mm,",KARL STORZ,THORAX.pdf,Document p. 10;140;178;SP5;SP7 (PDF page 18;148;186;267;269),irrelevant_to_current_scope,,,No current manufacturer-aware exact match; excluded by source section or accessory boundary,high,surgical_thoracoscopy_or_thoracic_surgery_not_medical_thoracoscopy,
1773,10018 BA,HOPKINS® Forward-Oblique Telescope 30°,KARL STORZ,THORAX.pdf,Document p. SP4;SP7 (PDF page 266;269),new_product_added,PRD-C52FF9A31A,10018BA,Exact article number and product identity on relevant KARL STORZ catalog page; no current manufacturer-aware exact match,high,authoritative_exact_relevant_nonduplicate,
1774,10020 BA,HOPKINS® Forward-Oblique Telescope 30°,KARL STORZ,THORAX.pdf,Document p. SP4;SP7 (PDF page 266;269),new_product_added,PRD-18877E1C7E,10020BA,Exact article number and product identity on relevant KARL STORZ catalog page; no current manufacturer-aware exact match,high,authoritative_exact_relevant_nonduplicate,
1775,10328 BA,HOPKINS® Forward-Oblique Telescope 30°,KARL STORZ,THORAX.pdf,Document p. 87;SP4;SP7 (PDF page 95;266;269),new_product_added,PRD-AD4AAF21E4,10328BA,Exact article number and product identity on relevant KARL STORZ catalog page; no current manufacturer-aware exact match,high,authoritative_exact_relevant_nonduplicate,
1776,10320 BP,HOPKINS® Forward-Oblique Telescope 30° 103,KARL STORZ,THORAX.pdf,Document p. 103;SP4;SP7 (PDF page 111;266;269),new_product_added,PRD-50465694B0,10320BP,Exact article number and product identity on relevant KARL STORZ catalog page; no current manufacturer-aware exact match,high,authoritative_exact_relevant_nonduplicate,
1777,10324 BA,"HOPKINS® II Forward-Oblique Telescope 30°,",KARL STORZ,THORAX.pdf,Document p. 73;SP4;SP7 (PDF page 81;266;269),new_product_added,PRD-4F0040C995,10324BA,Exact article number and product identity on relevant KARL STORZ catalog page; no current manufacturer-aware exact match,high,authoritative_exact_relevant_nonduplicate,
1778,26046 BUA,"HOPKINS® II Forward-Oblique Telescope 30°, enlarged view",KARL STORZ,THORAX.pdf,Document p. SP5;SP7 (PDF page 267;269),irrelevant_to_current_scope,,,No current manufacturer-aware exact match; excluded by source section or accessory boundary,high,spare_index_or_spare_part_only,
1779,26003 BA,"HOPKINS® II Forward-Oblique Telescope 30°, enlarged view 141, 192",KARL STORZ,THORAX.pdf,Document p. 141;192;SP5;SP7 (PDF page 149;200;267;269),irrelevant_to_current_scope,,,No current manufacturer-aware exact match; excluded by source section or accessory boundary,high,surgical_thoracoscopy_or_thoracic_surgery_not_medical_thoracoscopy,
1780,10017 AA,HOPKINS® II Straight Forward Telescope 0° 72,KARL STORZ,THORAX.pdf,Document p. 72;SP4;SP7 (PDF page 80;266;269),new_product_added,PRD-D2350C1510,10017AA,Exact article number and product identity on relevant KARL STORZ catalog page; no current manufacturer-aware exact match,high,authoritative_exact_relevant_nonduplicate,
1781,26046 AA,"HOPKINS® II Straight Forward Telescope 0°, enlarged view 140",KARL STORZ,THORAX.pdf,Document p. 140;SP5;SP7 (PDF page 148;267;269),irrelevant_to_current_scope,,,No current manufacturer-aware exact match; excluded by source section or accessory boundary,high,surgical_thoracoscopy_or_thoracic_surgery_not_medical_thoracoscopy,
1782,26003 AA,"HOPKINS® II Straight Forward Telescope 0°, enlarged view, diameter 10 mm,",KARL STORZ,THORAX.pdf,Document p. 11;141;192;SP5;SP7 (PDF page 19;149;200;267;269),irrelevant_to_current_scope,,,No current manufacturer-aware exact match; excluded by source section or accessory boundary,high,surgical_thoracoscopy_or_thoracic_surgery_not_medical_thoracoscopy,
1783,8575 AA,HOPKINS® II Straight Forward Telescope 10°,KARL STORZ,THORAX.pdf,Document p. SP6;SP7 (PDF page 268;269),irrelevant_to_current_scope,,,No current manufacturer-aware exact match; excluded by source section or accessory boundary,high,spare_index_or_spare_part_only,
1784,26003 FA,"HOPKINS® II Telescope 45°, enlarged view 141",KARL STORZ,THORAX.pdf,Document p. 141;SP5;SP7 (PDF page 149;267;269),irrelevant_to_current_scope,,,No current manufacturer-aware exact match; excluded by source section or accessory boundary,high,surgical_thoracoscopy_or_thoracic_surgery_not_medical_thoracoscopy,
1785,26046 FA,"HOPKINS® II Telescope 45°, enlarged view, diameter 5 mm, length 29 cm, autoclavable,",KARL STORZ,THORAX.pdf,Document p. 9;140;SP5;SP7 (PDF page 17;148;267;269),irrelevant_to_current_scope,,,No current manufacturer-aware exact match; excluded by source section or accessory boundary,high,surgical_thoracoscopy_or_thoracic_surgery_not_medical_thoracoscopy,
1786,10320 DP,HOPKINS® Lateral Telescope 90° 103,KARL STORZ,THORAX.pdf,Document p. 103;SP4;SP7 (PDF page 111;266;269),new_product_added,PRD-640AEAA318,10320DP,Exact article number and product identity on relevant KARL STORZ catalog page; no current manufacturer-aware exact match,high,authoritative_exact_relevant_nonduplicate,
1787,10320 E,HOPKINS® Retrospective Telescope 120°,KARL STORZ,THORAX.pdf,Document p. SP4;SP7 (PDF page 266;269),new_product_added,PRD-6A8C156F24,10320E,Exact article number and product identity on relevant KARL STORZ catalog page; no current manufacturer-aware exact match,high,authoritative_exact_relevant_nonduplicate,
1788,12067 VA,HOPKINS® Straight Forward Telescope 0°,KARL STORZ,THORAX.pdf,Document p. SP5;SP7 (PDF page 267;269),irrelevant_to_current_scope,,,No current manufacturer-aware exact match; excluded by source section or accessory boundary,high,spare_index_or_spare_part_only,
1789,26034 AUA,HOPKINS® Straight Forward Telescope 0°,KARL STORZ,THORAX.pdf,Document p. SP5;SP8 (PDF page 267;270),new_product_added,PRD-3DCAE65A42,26034AUA,Exact article number and product identity on relevant KARL STORZ catalog page; no current manufacturer-aware exact match,high,authoritative_exact_relevant_nonduplicate,
1790,26037 ADA,HOPKINS® Straight Forward Telescope 0°,KARL STORZ,THORAX.pdf,Document p. SP5;SP8 (PDF page 267;270),new_product_added,PRD-2D19D12C17,26037ADA,Exact article number and product identity on relevant KARL STORZ catalog page; no current manufacturer-aware exact match,high,authoritative_exact_relevant_nonduplicate,
1791,26038 AA,HOPKINS® Straight Forward Telescope 0°,KARL STORZ,THORAX.pdf,Document p. SP5;SP8 (PDF page 267;270),new_product_added,PRD-6A282D51B1,26038AA,Exact article number and product identity on relevant KARL STORZ catalog page; no current manufacturer-aware exact match,high,authoritative_exact_relevant_nonduplicate,
1792,26038 AUA,HOPKINS® Straight Forward Telescope 0°,KARL STORZ,THORAX.pdf,Document p. SP5;SP8 (PDF page 267;270),new_product_added,PRD-882FE3DD4D,26038AUA,Exact article number and product identity on relevant KARL STORZ catalog page; no current manufacturer-aware exact match,high,authoritative_exact_relevant_nonduplicate,
1793,10320 AP,HOPKINS® Straight Forward Telescope 0° 103,KARL STORZ,THORAX.pdf,Document p. 103;SP4;SP7 (PDF page 111;266;269),new_product_added,PRD-0C25554A9F,10320AP,Exact article number and product identity on relevant KARL STORZ catalog page; no current manufacturer-aware exact match,high,authoritative_exact_relevant_nonduplicate,
1794,10324 AA,"HOPKINS® Straight Forward Telescope 0°, diameter 2.9 mm, length 36 cm, autoclavable,",KARL STORZ,THORAX.pdf,Document p. 2;3;5;22;23;34;35;72;73;74;89;SP4;SP7 (PDF page 10;11;13;30;31;42;43;80;81;82;97;266;269),new_product_added,PRD-7DBD613DD6,10324AA,Exact article number and product identity on relevant KARL STORZ catalog page; no current manufacturer-aware exact match,high,authoritative_exact_relevant_nonduplicate,
1795,12015 AA,"HOPKINS® Straight Forward Telescope 0°, diameter 5.5 mm, length 53 cm, autoclavable,",KARL STORZ,THORAX.pdf,Document p. 2;20;21;33;34;SP4;SP7 (PDF page 10;28;29;41;42;266;269),irrelevant_to_current_scope,,,No current manufacturer-aware exact match; excluded by source section or accessory boundary,high,esophagoscopy_or_diverticuloscopy,
1796,10338 K,"Injection Cannula, for positive pressure",KARL STORZ,THORAX.pdf,Document p. 71;72 (PDF page 79;80),new_product_added,PRD-2AD6ABE818,10338K,Exact article number and product identity on relevant KARL STORZ catalog page; no current manufacturer-aware exact match,high,authoritative_exact_relevant_nonduplicate,
1797,10995 B,"Inner Cannula, blunt tip, 10995 B",KARL STORZ,THORAX.pdf,Document p. SP4;SP25 (PDF page 266;287),existing_family_or_package_variant,PRD-A88AEE6442,10995,Inner-cannula component of existing thoracic-drainage application cannula,moderate,component_of_governed_or_proposed_parent_product,
1798,12062 A,"Insertable Suction Tube, for use with",KARL STORZ,THORAX.pdf,Document p. 19 (PDF page 27),irrelevant_to_current_scope,,,No current manufacturer-aware exact match; excluded by source section or accessory boundary,high,esophagoscopy_or_diverticuloscopy,
1799,12062 C,"Insertable Suction Tube, for use with",KARL STORZ,THORAX.pdf,Document p. 19 (PDF page 27),irrelevant_to_current_scope,,,No current manufacturer-aware exact match; excluded by source section or accessory boundary,high,esophagoscopy_or_diverticuloscopy,
1800,27656 B,"Instrument Oil, 50 ml, silicone-free - - - - - - ● ●",KARL STORZ,THORAX.pdf,Document p. 42;43;51;94 (PDF page 50;51;59;102),new_product_added,PRD-08F33F770D,27656B,Exact article number and product identity on relevant KARL STORZ catalog page; no current manufacturer-aware exact match,high,authoritative_exact_relevant_nonduplicate,
1801,10071 Y,Instrument set for neonates for endoscopic treatment,KARL STORZ,THORAX.pdf,Document p. 72 (PDF page 80),needs_owner_review,,10071Y,exact_identity_but_pediatric_airway_surgery_scope_not_established,needs_review,pediatric_airway_surgery_scope_not_established,"Exact catalog identity is supported, but pediatric airway surgery is outside the established interventional-pulmonology preference-card scope; owner review is required before canonical addition."
1802,11301 CD,"Irrigation Adaptor, for suction valve ● ● ● ● ● ●",KARL STORZ,THORAX.pdf,Document p. 54;102;SP4;SP12 (PDF page 62;110;266;274),new_product_added,PRD-0D742CC1FD,11301CD,Exact article number and product identity on relevant KARL STORZ catalog page; no current manufacturer-aware exact match,high,authoritative_exact_relevant_nonduplicate,
1803,13991 SS,"Irrigation Tube, for working channel",KARL STORZ,THORAX.pdf,Document p. 42;43;51;94;SP5;SP10 (PDF page 50;51;59;102;267;272),new_product_added,PRD-3123E8EF81,13991SS,Exact article number and product identity on relevant KARL STORZ catalog page; no current manufacturer-aware exact match,high,authoritative_exact_relevant_nonduplicate,
1804,13252 KZ,jaws 2.3 mm ● ●,KARL STORZ,THORAX.pdf,Document p. 100 (PDF page 108),new_product_added,PRD-0DE090D545,13252KZ,Exact article number and product identity on relevant KARL STORZ catalog page; no current manufacturer-aware exact match,high,authoritative_exact_relevant_nonduplicate,
1805,26596 T,"Knot Tier, for extracorporeal knotting, size 5 mm, length 36 cm",KARL STORZ,THORAX.pdf,Document p. 11;203 (PDF page 19;211),irrelevant_to_current_scope,,,No current manufacturer-aware exact match; excluded by source section or accessory boundary,high,surgical_thoracoscopy_or_thoracic_surgery_not_medical_thoracoscopy,
1806,26596 SK,"KOECKERLING Knot Tier,",KARL STORZ,THORAX.pdf,Document p. 171 (PDF page 179),irrelevant_to_current_scope,,,No current manufacturer-aware exact match; excluded by source section or accessory boundary,high,surgical_thoracoscopy_or_thoracic_surgery_not_medical_thoracoscopy,
1807,26173 KC,KOH Macro Needle Holder 176,KARL STORZ,THORAX.pdf,Document p. 176;SP5;SP30 (PDF page 184;267;292),irrelevant_to_current_scope,,,No current manufacturer-aware exact match; excluded by source section or accessory boundary,high,surgical_thoracoscopy_or_thoracic_surgery_not_medical_thoracoscopy,
1808,26173 KAF,"KOH Macro Needle Holder, with tungsten carbide",KARL STORZ,THORAX.pdf,Document p. 176 (PDF page 184),irrelevant_to_current_scope,,,No current manufacturer-aware exact match; excluded by source section or accessory boundary,high,surgical_thoracoscopy_or_thoracic_surgery_not_medical_thoracoscopy,
1809,26173 KL,"KOH Macro Needle Holder, with tungsten carbide",KARL STORZ,THORAX.pdf,Document p. 176;SP5;SP30 (PDF page 184;267;292),irrelevant_to_current_scope,,,No current manufacturer-aware exact match; excluded by source section or accessory boundary,high,surgical_thoracoscopy_or_thoracic_surgery_not_medical_thoracoscopy,
1810,8575 K,"Laryngoscope Holder and Chest Support, GÖTTINGEN model 36, 37",KARL STORZ,THORAX.pdf,Document p. 36;37;SP6;SP9 (PDF page 44;45;268;271),irrelevant_to_current_scope,,,No current manufacturer-aware exact match; excluded by source section or accessory boundary,high,esophagoscopy_or_diverticuloscopy,
1811,8575 KA,"Laryngoscope Holder, GÖTTINGEN model,",KARL STORZ,THORAX.pdf,Document p. SP6;SP9 (PDF page 268;271),irrelevant_to_current_scope,,,No current manufacturer-aware exact match; excluded by source section or accessory boundary,high,spare_index_or_spare_part_only,
1812,11301 CA,"Leaflet Valve, for single use, ● ● ● ● ● ●",KARL STORZ,THORAX.pdf,Document p. 54;102;SP4;SP12 (PDF page 62;110;266;274),new_product_added,PRD-8068102C32,11301CA,Exact article number and product identity on relevant KARL STORZ catalog page; no current manufacturer-aware exact match,high,authoritative_exact_relevant_nonduplicate,
1813,13242 XL,"Leakage Tester, with bulb and ● ● ● ● ● ●",KARL STORZ,THORAX.pdf,Document p. 17;49;50;99;SP10 (PDF page 25;57;58;107;272),new_product_added,PRD-100C06955D,13242XL,Exact article number and product identity on relevant KARL STORZ catalog page; no current manufacturer-aware exact match,high,authoritative_exact_relevant_nonduplicate,
1814,10971 MVS,"LERUT DCI® Video Mediastinoscope,",KARL STORZ,THORAX.pdf,Document p. 123 (PDF page 131),irrelevant_to_current_scope,,,No current manufacturer-aware exact match; excluded by source section or accessory boundary,high,mediastinoscopy,
1815,10971 MV,"LERUT DCI® Video Mediastinoscope, length 15 cm",KARL STORZ,THORAX.pdf,Document p. 7;123 (PDF page 15;131),irrelevant_to_current_scope,,,No current manufacturer-aware exact match; excluded by source section or accessory boundary,high,mediastinoscopy,
1816,49100 BS,"Lever, spare part 49100 BS",KARL STORZ,THORAX.pdf,Document p. 189;SP2;SP6;SP36 (PDF page 197;264;268;298),irrelevant_to_current_scope,,,No current manufacturer-aware exact match; excluded by source section or accessory boundary,high,surgical_thoracoscopy_or_thoracic_surgery_not_medical_thoracoscopy,
1817,10972 SP,"LINDER/HÜRTGEN Distending DCI® Video Mediastinoscope, length 20 cm",KARL STORZ,THORAX.pdf,Document p. 7;121 (PDF page 15;129),irrelevant_to_current_scope,,,No current manufacturer-aware exact match; excluded by source section or accessory boundary,high,mediastinoscopy,
1818,26120 L,"Localization Cannula, LUER-Lock,",KARL STORZ,THORAX.pdf,Document p. U6 (PDF page 240),irrelevant_to_current_scope,,,No current manufacturer-aware exact match; excluded by source section or accessory boundary,high,general_surgery_platform_cable_or_accessory,
1819,40600 D,"Lung Spatula, S-shaped, length 27 cm",KARL STORZ,THORAX.pdf,Document p. 11;199 (PDF page 19;207),irrelevant_to_current_scope,,,No current manufacturer-aware exact match; excluded by source section or accessory boundary,high,surgical_thoracoscopy_or_thoracic_surgery_not_medical_thoracoscopy,
1820,10970 M,"MAASSEN Sponge and Dissecting Forceps,",KARL STORZ,THORAX.pdf,Document p. 127 (PDF page 135),irrelevant_to_current_scope,,,No current manufacturer-aware exact match; excluded by source section or accessory boundary,high,mediastinoscopy,
1821,30173 FPL,"Macro Needle Holder, dismantling, with tungsten carbide inserts, ergonomic pistol-grip",KARL STORZ,THORAX.pdf,Document p. 9;175 (PDF page 17;183),irrelevant_to_current_scope,,,No current manufacturer-aware exact match; excluded by source section or accessory boundary,high,surgical_thoracoscopy_or_thoracic_surgery_not_medical_thoracoscopy,
1822,10971 GO,"MediaFITTM Biopsy Forceps, dismantling, oval jaws, size 8 x 16 mm, length 21 cm",KARL STORZ,THORAX.pdf,Document p. 7;126 (PDF page 15;134),irrelevant_to_current_scope,,,No current manufacturer-aware exact match; excluded by source section or accessory boundary,high,mediastinoscopy,
1823,10971 GR,"MediaFITTM Biopsy Forceps, dismantling, spoon-shaped jaws, jaw diameter 5 mm,",KARL STORZ,THORAX.pdf,Document p. 7;126 (PDF page 15;134),irrelevant_to_current_scope,,,No current manufacturer-aware exact match; excluded by source section or accessory boundary,high,mediastinoscopy,
1824,10971 ML,"MediaFITTM MAASSEN Sponge and Dissecting Forceps, dismantling, size 5 mm,",KARL STORZ,THORAX.pdf,Document p. 7 (PDF page 15),irrelevant_to_current_scope,,,No current manufacturer-aware exact match; excluded by source section or accessory boundary,high,generic_equipment_supply_or_out_of_scope_basic_set,
1825,30173 A,"Metal Outer Sheath, with LUER-Lock connector",KARL STORZ,THORAX.pdf,Document p. 173 (PDF page 181),irrelevant_to_current_scope,,,No current manufacturer-aware exact match; excluded by source section or accessory boundary,high,surgical_thoracoscopy_or_thoracic_surgery_not_medical_thoracoscopy,
1826,29005 LAP,Mobile Equipment Cart,KARL STORZ,THORAX.pdf,Document p. 12;114 (PDF page 20;122),irrelevant_to_current_scope,,,No current manufacturer-aware exact match; excluded by source section or accessory boundary,high,generic_equipment_supply_or_out_of_scope_basic_set,
1827,29005 SZ,"Monitor Swivel Arm, height and side adjustable,",KARL STORZ,THORAX.pdf,Document p. 114 (PDF page 122),irrelevant_to_current_scope,,,No current manufacturer-aware exact match; excluded by source section or accessory boundary,high,generic_equipment_supply_or_out_of_scope_basic_set,
1828,8402 ZX,"Monitor, for CMOS endoscopes",KARL STORZ,THORAX.pdf,Document p. 16;17 (PDF page 24;25),irrelevant_to_current_scope,,,No current manufacturer-aware exact match; excluded by source section or accessory boundary,high,esophagoscopy_or_diverticuloscopy,
1829,49100 VK,"Moveable Blade, freely adjustable,",KARL STORZ,THORAX.pdf,Document p. SP2;SP6;SP36 (PDF page 264;268;298),irrelevant_to_current_scope,,,No current manufacturer-aware exact match; excluded by source section or accessory boundary,high,spare_index_or_spare_part_only,
1830,49100 VL,"Moveable Blade, freely adjustable,",KARL STORZ,THORAX.pdf,Document p. SP2;SP6;SP36 (PDF page 264;268;298),irrelevant_to_current_scope,,,No current manufacturer-aware exact match; excluded by source section or accessory boundary,high,spare_index_or_spare_part_only,
1831,49100 VM,"Moveable Blade, freely adjustable,",KARL STORZ,THORAX.pdf,Document p. SP2;SP6;SP36 (PDF page 264;268;298),irrelevant_to_current_scope,,,No current manufacturer-aware exact match; excluded by source section or accessory boundary,high,spare_index_or_spare_part_only,
1832,10030 AA,"n 10030 AA Miniature Straight Forward Telescope 0°, semirigid,",KARL STORZ,THORAX.pdf,Document p. 25;35;77;89;SP4;SP7 (PDF page 33;43;85;97;266;269),new_product_added,PRD-260B91DDD4,10030AA,Exact article number and product identity on relevant KARL STORZ catalog page; no current manufacturer-aware exact match,high,authoritative_exact_relevant_nonduplicate,
1833,40600 E,"Needle Holder, S-shaped, with ratchet, length 27 cm",KARL STORZ,THORAX.pdf,Document p. 11;203 (PDF page 19;211),irrelevant_to_current_scope,,,No current manufacturer-aware exact match; excluded by source section or accessory boundary,high,surgical_thoracoscopy_or_thoracic_surgery_not_medical_thoracoscopy,
1834,27806 UR,"Neutral Electrode Connecting Cable, for Neutral -112",KARL STORZ,THORAX.pdf,Document p. U26 (PDF page 260),irrelevant_to_current_scope,,,No current manufacturer-aware exact match; excluded by source section or accessory boundary,high,general_surgery_platform_cable_or_accessory,
1835,27806 US,"Neutral Electrode Connecting Cable, for Neutral -112",KARL STORZ,THORAX.pdf,Document p. U26 (PDF page 260),irrelevant_to_current_scope,,,No current manufacturer-aware exact match; excluded by source section or accessory boundary,high,general_surgery_platform_cable_or_accessory,
1836,860021 E,"Neutral Electrode, made of conductive silicone, with",KARL STORZ,THORAX.pdf,Document p. U25;U26 (PDF page 259;260),irrelevant_to_current_scope,,,No current manufacturer-aware exact match; excluded by source section or accessory boundary,high,general_surgery_platform_cable_or_accessory,
1837,10377 CF,"Optical Forceps, 2x 2 teeth, for grasping",KARL STORZ,THORAX.pdf,Document p. 24;35;76;89 (PDF page 32;43;84;97),new_product_added,PRD-BC55573969,10377CF,Exact article number and product identity on relevant KARL STORZ catalog page; no current manufacturer-aware exact match,high,authoritative_exact_relevant_nonduplicate,
1838,10379 CF,"Optical Forceps, 2x 2 teeth, for grasping",KARL STORZ,THORAX.pdf,Document p. 75;89 (PDF page 83;97),new_product_added,PRD-119A0435F9,10379CF,Exact article number and product identity on relevant KARL STORZ catalog page; no current manufacturer-aware exact match,high,authoritative_exact_relevant_nonduplicate,
1839,10378 CF,"Optical Forceps, 2x 2 teeth, for grasping coins and flat foreign bodies, with spring-action",KARL STORZ,THORAX.pdf,Document p. 5;23;34;35;74;89 (PDF page 13;31;42;43;82;97),new_product_added,PRD-A4662B76B1,10378CF,Exact article number and product identity on relevant KARL STORZ catalog page; no current manufacturer-aware exact match,high,authoritative_exact_relevant_nonduplicate,
1840,10378 HF,"Optical Forceps, alligator jaws, for grasping hard foreign bodies, with spring-action handle,",KARL STORZ,THORAX.pdf,Document p. 2;3;5;23;34;35;74;89 (PDF page 10;11;13;31;42;43;82;97),new_product_added,PRD-4A5B11D28E,10378HF,Exact article number and product identity on relevant KARL STORZ catalog page; no current manufacturer-aware exact match,high,authoritative_exact_relevant_nonduplicate,
1841,10379 HF,"Optical Forceps, alligator, for grasping hard",KARL STORZ,THORAX.pdf,Document p. 75;89 (PDF page 83;97),new_product_added,PRD-6BA107A313,10379HF,Exact article number and product identity on relevant KARL STORZ catalog page; no current manufacturer-aware exact match,high,authoritative_exact_relevant_nonduplicate,
1842,10377 HF,"Optical Forceps, alligator, for grasping hard foreign",KARL STORZ,THORAX.pdf,Document p. 24;35;76;89 (PDF page 32;43;84;97),new_product_added,PRD-151E4308A8,10377HF,Exact article number and product identity on relevant KARL STORZ catalog page; no current manufacturer-aware exact match,high,authoritative_exact_relevant_nonduplicate,
1843,12016 M,"Optical Forceps, alligator, large jaws, for hard foreign bodies",KARL STORZ,THORAX.pdf,Document p. 2;21;33;34 (PDF page 10;29;41;42),irrelevant_to_current_scope,,,No current manufacturer-aware exact match; excluded by source section or accessory boundary,high,esophagoscopy_or_diverticuloscopy,
1844,10377 L,"Optical Forceps, spoon-shaped, for biopsy",KARL STORZ,THORAX.pdf,Document p. 24;35;76;89 (PDF page 32;43;84;97),new_product_added,PRD-6C0EBFAA26,10377L,Exact article number and product identity on relevant KARL STORZ catalog page; no current manufacturer-aware exact match,high,authoritative_exact_relevant_nonduplicate,
1845,10378 L,"Optical Forceps, spoon-shaped, for biopsy",KARL STORZ,THORAX.pdf,Document p. 2;23;34;35;74;89 (PDF page 10;31;42;43;82;97),new_product_added,PRD-F0DFCE18B4,10378L,Exact article number and product identity on relevant KARL STORZ catalog page; no current manufacturer-aware exact match,high,authoritative_exact_relevant_nonduplicate,
1846,10379 L,"Optical Forceps, spoon-shaped, for biopsy",KARL STORZ,THORAX.pdf,Document p. 75;89 (PDF page 83;97),new_product_added,PRD-F8615190BF,10379L,Exact article number and product identity on relevant KARL STORZ catalog page; no current manufacturer-aware exact match,high,authoritative_exact_relevant_nonduplicate,
1847,10378 M,"Optical Forceps, spoon-shaped, oval, for",KARL STORZ,THORAX.pdf,Document p. 23;35;74;89 (PDF page 31;43;82;97),new_product_added,PRD-A3461153FD,10378M,Exact article number and product identity on relevant KARL STORZ catalog page; no current manufacturer-aware exact match,high,authoritative_exact_relevant_nonduplicate,
1848,12016 L,"Optical Forceps, spoon-shaped, round, for biopsy",KARL STORZ,THORAX.pdf,Document p. 2;21;33;34 (PDF page 10;29;41;42),irrelevant_to_current_scope,,,No current manufacturer-aware exact match; excluded by source section or accessory boundary,high,esophagoscopy_or_diverticuloscopy,
1849,10378 U,"Optical Forceps, universal, for biopsy and",KARL STORZ,THORAX.pdf,Document p. 23;34;35;74;89 (PDF page 31;42;43;82;97),new_product_added,PRD-5197B3D03C,10378U,Exact article number and product identity on relevant KARL STORZ catalog page; no current manufacturer-aware exact match,high,authoritative_exact_relevant_nonduplicate,
1850,10377 U,"Optical Forceps, universal, for biopsy and foreign",KARL STORZ,THORAX.pdf,Document p. 24;35;76;89 (PDF page 32;43;84;97),new_product_added,PRD-86EE2BCB83,10377U,Exact article number and product identity on relevant KARL STORZ catalog page; no current manufacturer-aware exact match,high,authoritative_exact_relevant_nonduplicate,
1851,12016 N,"Optical Forceps, universal, for biopsy,",KARL STORZ,THORAX.pdf,Document p. 21;33;34 (PDF page 29;41;42),irrelevant_to_current_scope,,,No current manufacturer-aware exact match; excluded by source section or accessory boundary,high,esophagoscopy_or_diverticuloscopy,
1852,10379 KF,"Optical Forceps, with KILLIAN bean jaws,",KARL STORZ,THORAX.pdf,Document p. 75;89 (PDF page 83;97),new_product_added,PRD-76CC84AF2F,10379KF,Exact article number and product identity on relevant KARL STORZ catalog page; no current manufacturer-aware exact match,high,authoritative_exact_relevant_nonduplicate,
1853,10377 KF,"Optical Forceps, with KILLIAN bean jaws, for",KARL STORZ,THORAX.pdf,Document p. 24;35;76;89 (PDF page 32;43;84;97),new_product_added,PRD-57D2C172FD,10377KF,Exact article number and product identity on relevant KARL STORZ catalog page; no current manufacturer-aware exact match,high,authoritative_exact_relevant_nonduplicate,
1854,10378 KF,"Optical Forceps, with KILLIAN bean jaws, for grasping peanuts and soft foreign bodies, with",KARL STORZ,THORAX.pdf,Document p. 3;5;23;34;35;74;89 (PDF page 11;13;31;42;43;82;97),new_product_added,PRD-6EA39A2B3B,10378KF,Exact article number and product identity on relevant KARL STORZ catalog page; no current manufacturer-aware exact match,high,authoritative_exact_relevant_nonduplicate,
1855,12016 K,"Optical Peanut Forceps, for large chunks of",KARL STORZ,THORAX.pdf,Document p. 21;33;34 (PDF page 29;41;42),irrelevant_to_current_scope,,,No current manufacturer-aware exact match; excluded by source section or accessory boundary,high,esophagoscopy_or_diverticuloscopy,
1856,10378 S,Optical Scissors,KARL STORZ,THORAX.pdf,Document p. 23;34;35;74;89 (PDF page 31;42;43;82;97),new_product_added,PRD-9F5BAD2641,10378S,Exact article number and product identity on relevant KARL STORZ catalog page; no current manufacturer-aware exact match,high,authoritative_exact_relevant_nonduplicate,
1857,10995 A,"Outer Cannula, with",KARL STORZ,THORAX.pdf,Document p. SP4;SP25 (PDF page 266;287),existing_family_or_package_variant,PRD-A88AEE6442,10995,Outer-cannula component of existing thoracic-drainage application cannula,moderate,component_of_governed_or_proposed_parent_product,
1858,10510 AA,Outer Sheath,KARL STORZ,THORAX.pdf,Document p. SP4;SP22 (PDF page 266;284),existing_family_or_package_variant,PRD-750BCA0F02,10510N,Outer-sheath component of existing FREITAG Stent Forceps,moderate,component_of_governed_or_proposed_parent_product,
1859,11007 S,"Outer Tube, outer diameter 1.7 mm,",KARL STORZ,THORAX.pdf,Document p. 53;101 (PDF page 61;109),new_product_added,PRD-9EECE0EDB1,11007S,Exact article number and product identity on relevant KARL STORZ catalog page; no current manufacturer-aware exact match,high,authoritative_exact_relevant_nonduplicate,
1860,40175 LT,"Palpation Probe and Knot Tier, distally angled sheath",KARL STORZ,THORAX.pdf,Document p. 9;171 (PDF page 17;179),irrelevant_to_current_scope,,,No current manufacturer-aware exact match; excluded by source section or accessory boundary,high,surgical_thoracoscopy_or_thoracic_surgery_not_medical_thoracoscopy,
1861,26175 T,"Palpation Probe, with cm-markings,",KARL STORZ,THORAX.pdf,Document p. 171 (PDF page 179),irrelevant_to_current_scope,,,No current manufacturer-aware exact match; excluded by source section or accessory boundary,high,surgical_thoracoscopy_or_thoracic_surgery_not_medical_thoracoscopy,
1862,9526 SF,"Pedestal 19"", 24"" and 26"" monitors",KARL STORZ,THORAX.pdf,Document p. 110 (PDF page 118),irrelevant_to_current_scope,,,No current manufacturer-aware exact match; excluded by source section or accessory boundary,high,generic_equipment_supply_or_out_of_scope_basic_set,
1863,121306 P,"Photo Battery, Lithium 3 V, CR 123 A",KARL STORZ,THORAX.pdf,Document p. 55 (PDF page 63),irrelevant_to_current_scope,,,No current manufacturer-aware exact match; excluded by source section or accessory boundary,high,generic_equipment_supply_or_out_of_scope_basic_set,
1864,9370 TP,"Photo Ink Jet Printer Paper, for use with",KARL STORZ,THORAX.pdf,Document p. 114 (PDF page 122),irrelevant_to_current_scope,,,No current manufacturer-aware exact match; excluded by source section or accessory boundary,high,generic_equipment_supply_or_out_of_scope_basic_set,
1865,39402 A,"Plastic Container, for gas or plasma",KARL STORZ,THORAX.pdf,Document p. 98 (PDF page 106),new_product_added,PRD-085F7B7BAF,39402A,Exact article number and product identity on relevant KARL STORZ catalog page; no current manufacturer-aware exact match,high,authoritative_exact_relevant_nonduplicate,
1866,28172 WS,"POINT SETTER, pneumatic holding system with OR table adaptor",KARL STORZ,THORAX.pdf,Document p. 224 (PDF page 232),irrelevant_to_current_scope,,,No current manufacturer-aware exact match; excluded by source section or accessory boundary,high,holding_system,
1867,40491 TKU,"Powder Blower, with rubber bulb, distally angled sheath,",KARL STORZ,THORAX.pdf,Document p. 165;SP6;SP26 (PDF page 173;268;288),irrelevant_to_current_scope,,,No current manufacturer-aware exact match; excluded by source section or accessory boundary,high,vats_powder_blower_no_talc_or_medical_thoracoscopy_linkage,
1868,40491 TK,"Powder Blower, with rubber bulb, straight sheath,",KARL STORZ,THORAX.pdf,Document p. 165;SP6;SP26 (PDF page 173;268;288),irrelevant_to_current_scope,,,No current manufacturer-aware exact match; excluded by source section or accessory boundary,high,vats_powder_blower_no_talc_or_medical_thoracoscopy_linkage,
1869,40492 TK,"Powder Blower, with rubber bulb, straight sheath,",KARL STORZ,THORAX.pdf,Document p. 165;SP6;SP26 (PDF page 173;268;288),irrelevant_to_current_scope,,,No current manufacturer-aware exact match; excluded by source section or accessory boundary,high,vats_powder_blower_no_talc_or_medical_thoracoscopy_linkage,
1870,9419 PS,Power Supply,KARL STORZ,THORAX.pdf,Document p. 110 (PDF page 118),irrelevant_to_current_scope,,,No current manufacturer-aware exact match; excluded by source section or accessory boundary,high,generic_equipment_supply_or_out_of_scope_basic_set,
1871,11025 E,"Pressure Compensation Cap, for ventilation",KARL STORZ,THORAX.pdf,Document p. 17;49;50;99;SP4;SP12 (PDF page 25;57;58;107;266;274),new_product_added,PRD-48897E4C88,11025E,Exact article number and product identity on relevant KARL STORZ catalog page; no current manufacturer-aware exact match,high,authoritative_exact_relevant_nonduplicate,
1872,11025 XE,"Pressure Compensation Cap, for ventilation during gas",KARL STORZ,THORAX.pdf,Document p. 42;43;50;94;SP4;SP10 (PDF page 50;51;58;102;266;272),new_product_added,PRD-9DA24897A2,11025XE,Exact article number and product identity on relevant KARL STORZ catalog page; no current manufacturer-aware exact match,high,authoritative_exact_relevant_nonduplicate,
1873,29005 PH,"Pump Holder, for attaching suction pump UNIMAT® 30",KARL STORZ,THORAX.pdf,Document p. 57;SP5;SP13;SP14 (PDF page 65;267;275;276),irrelevant_to_current_scope,,,No current manufacturer-aware exact match; excluded by source section or accessory boundary,high,generic_equipment_supply_or_out_of_scope_basic_set,
1874,10510 CA,Pusher,KARL STORZ,THORAX.pdf,Document p. SP4;SP22 (PDF page 266;284),existing_family_or_package_variant,PRD-750BCA0F02,10510N,Pusher component of existing FREITAG Stent Forceps,moderate,component_of_governed_or_proposed_parent_product,
1875,49100 BR,"Retractor Frame, 25 x 22 cm, including 49100 VK/VM/VL",KARL STORZ,THORAX.pdf,Document p. SP2;SP6;SP36 (PDF page 264;268;298),irrelevant_to_current_scope,,,No current manufacturer-aware exact match; excluded by source section or accessory boundary,high,spare_index_or_spare_part_only,
1876,40600 B,"Retractor, distal end curved, with 3 teeth, length 27 cm",KARL STORZ,THORAX.pdf,Document p. 11;199 (PDF page 19;207),irrelevant_to_current_scope,,,No current manufacturer-aware exact match; excluded by source section or accessory boundary,high,surgical_thoracoscopy_or_thoracic_surgery_not_medical_thoracoscopy,
1877,40111 A,"Retractor, S-shaped,",KARL STORZ,THORAX.pdf,Document p. 199 (PDF page 207),irrelevant_to_current_scope,,,No current manufacturer-aware exact match; excluded by source section or accessory boundary,high,surgical_thoracoscopy_or_thoracic_surgery_not_medical_thoracoscopy,
1878,40600 A,"Retractor, S-shaped, with 3 teeth, length 27 cm",KARL STORZ,THORAX.pdf,Document p. 11;199 (PDF page 19;207),irrelevant_to_current_scope,,,No current manufacturer-aware exact match; excluded by source section or accessory boundary,high,surgical_thoracoscopy_or_thoracic_surgery_not_medical_thoracoscopy,
1879,10990 B,"Rider, as stop screw 10990 A",KARL STORZ,THORAX.pdf,Document p. SP4;SP25 (PDF page 266;287),existing_family_or_package_variant,PRD-61EE4D5DE6,10990,Rider component of existing RAMEL Pleurabiopsy Needle set,moderate,component_of_governed_or_proposed_parent_product,
1880,12060 AX,"ROBERTS-JESBERG Esophagoscope,",KARL STORZ,THORAX.pdf,Document p. 18;34 (PDF page 26;42),irrelevant_to_current_scope,,,No current manufacturer-aware exact match; excluded by source section or accessory boundary,high,esophagoscopy_or_diverticuloscopy,
1881,12060 B,"ROBERTS-JESBERG Esophagoscope, oval, size 12 x 16, length 30 cm",KARL STORZ,THORAX.pdf,Document p. 2;18;34 (PDF page 10;26;42),irrelevant_to_current_scope,,,No current manufacturer-aware exact match; excluded by source section or accessory boundary,high,esophagoscopy_or_diverticuloscopy,
1882,12060 A,"ROBERTS-JESBERG Esophagoscope, oval, size 12 x 16, length 50 cm",KARL STORZ,THORAX.pdf,Document p. 2;18;21;34 (PDF page 10;26;29;42),irrelevant_to_current_scope,,,No current manufacturer-aware exact match; excluded by source section or accessory boundary,high,esophagoscopy_or_diverticuloscopy,
1883,12060 S,"ROBERTS-JESBERG Hypopharyngoscope, oval, size 10 x 14, length 20 cm",KARL STORZ,THORAX.pdf,Document p. 2;18;34 (PDF page 10;26;42),irrelevant_to_current_scope,,,No current manufacturer-aware exact match; excluded by source section or accessory boundary,high,esophagoscopy_or_diverticuloscopy,
1884,48210 LK,RoBi® Outer Sheath with KELLY Dissecting Forceps 163,KARL STORZ,THORAX.pdf,Document p. 163;SP6;SP31 (PDF page 171;268;293),irrelevant_to_current_scope,,,No current manufacturer-aware exact match; excluded by source section or accessory boundary,high,surgical_thoracoscopy_or_thoracic_surgery_not_medical_thoracoscopy,
1885,48210 LM,RoBi® Outer Sheath with Scissors 163,KARL STORZ,THORAX.pdf,Document p. 163;SP6;SP31 (PDF page 171;268;293),irrelevant_to_current_scope,,,No current manufacturer-aware exact match; excluded by source section or accessory boundary,high,surgical_thoracoscopy_or_thoracic_surgery_not_medical_thoracoscopy,
1886,48210 LU,RoBi® Outer Sheath with Scissors 163,KARL STORZ,THORAX.pdf,Document p. 163;SP6;SP31 (PDF page 171;268;293),irrelevant_to_current_scope,,,No current manufacturer-aware exact match; excluded by source section or accessory boundary,high,surgical_thoracoscopy_or_thoracic_surgery_not_medical_thoracoscopy,
1887,48210 MT,RoBi® Outer Sheath with Scissors 163,KARL STORZ,THORAX.pdf,Document p. 163;SP6;SP31 (PDF page 171;268;293),irrelevant_to_current_scope,,,No current manufacturer-aware exact match; excluded by source section or accessory boundary,high,surgical_thoracoscopy_or_thoracic_surgery_not_medical_thoracoscopy,
1888,40924 B,Rubber Bulb,KARL STORZ,THORAX.pdf,Document p. SP6;SP9;SP26 (PDF page 268;271;288),irrelevant_to_current_scope,,,No current manufacturer-aware exact match; excluded by source section or accessory boundary,high,spare_index_or_spare_part_only,
1889,13991 DA,"Rubber Leaflet Valve, 11900 VA 11900 AS",KARL STORZ,THORAX.pdf,Document p. SP5;SP11 (PDF page 267;273),existing_family_or_package_variant,PRD-0FBAA7EFB7,11900AE,Rubber-leaflet-valve component of proposed 11900 AE suction-unit set,moderate,component_of_governed_or_proposed_parent_product,
1890,10338 N,"Rubber Telescope Guide, for use with telescopes and optical forceps",KARL STORZ,THORAX.pdf,Document p. 3;22;71;73;SP4;SP18 (PDF page 11;30;79;81;266;280),new_product_added,PRD-26107A995B,10338N,Exact article number and product identity on relevant KARL STORZ catalog page; no current manufacturer-aware exact match,high,authoritative_exact_relevant_nonduplicate,
1891,40924 S,Rubber Tube,KARL STORZ,THORAX.pdf,Document p. SP6;SP9;SP26 (PDF page 268;271;288),irrelevant_to_current_scope,,,No current manufacturer-aware exact match; excluded by source section or accessory boundary,high,spare_index_or_spare_part_only,
1892,10382 AM,"Same, curved",KARL STORZ,THORAX.pdf,Document p. 30;31 (PDF page 38;39),irrelevant_to_current_scope,,,No current manufacturer-aware exact match; excluded by source section or accessory boundary,high,esophagoscopy_or_diverticuloscopy,
1893,10381 BL,"Same, diameter 2 mm",KARL STORZ,THORAX.pdf,Document p. 31 (PDF page 39),irrelevant_to_current_scope,,,No current manufacturer-aware exact match; excluded by source section or accessory boundary,high,esophagoscopy_or_diverticuloscopy,
1894,10366 KL,"Same, for peanuts and soft foreign bodies",KARL STORZ,THORAX.pdf,Document p. 26 (PDF page 34),irrelevant_to_current_scope,,,No current manufacturer-aware exact match; excluded by source section or accessory boundary,high,esophagoscopy_or_diverticuloscopy,
1895,10370 KL,"Same, for peanuts and soft foreign bodies",KARL STORZ,THORAX.pdf,Document p. 27 (PDF page 35),irrelevant_to_current_scope,,,No current manufacturer-aware exact match; excluded by source section or accessory boundary,high,esophagoscopy_or_diverticuloscopy,
1896,12061 AU,"Same, for use with esophagoscopes,",KARL STORZ,THORAX.pdf,Document p. 19 (PDF page 27),irrelevant_to_current_scope,,,No current manufacturer-aware exact match; excluded by source section or accessory boundary,high,esophagoscopy_or_diverticuloscopy,
1897,12061 AV,"Same, for use with esophagoscopes,",KARL STORZ,THORAX.pdf,Document p. 19 (PDF page 27),irrelevant_to_current_scope,,,No current manufacturer-aware exact match; excluded by source section or accessory boundary,high,esophagoscopy_or_diverticuloscopy,
1898,12062 AX,"Same, for use with esophagoscopes,",KARL STORZ,THORAX.pdf,Document p. 19 (PDF page 27),irrelevant_to_current_scope,,,No current manufacturer-aware exact match; excluded by source section or accessory boundary,high,esophagoscopy_or_diverticuloscopy,
1899,12062 B,"Same, for use with esophagoscopes,",KARL STORZ,THORAX.pdf,Document p. 19 (PDF page 27),irrelevant_to_current_scope,,,No current manufacturer-aware exact match; excluded by source section or accessory boundary,high,esophagoscopy_or_diverticuloscopy,
1900,26173 KAL,"Same, jaws curved to left",KARL STORZ,THORAX.pdf,Document p. 176 (PDF page 184),irrelevant_to_current_scope,,,No current manufacturer-aware exact match; excluded by source section or accessory boundary,high,surgical_thoracoscopy_or_thoracic_surgery_not_medical_thoracoscopy,
1901,12067 NR,"Same, jaws curved to right",KARL STORZ,THORAX.pdf,Document p. 38;131 (PDF page 46;139),irrelevant_to_current_scope,,,No current manufacturer-aware exact match; excluded by source section or accessory boundary,high,esophagoscopy_or_diverticuloscopy,
1902,26120 JL,"Same, length 13 cm",KARL STORZ,THORAX.pdf,Document p. U6 (PDF page 240),irrelevant_to_current_scope,,,No current manufacturer-aware exact match; excluded by source section or accessory boundary,high,general_surgery_platform_cable_or_accessory,
1903,10970 GOL,"Same, length 30 cm",KARL STORZ,THORAX.pdf,Document p. 128 (PDF page 136),irrelevant_to_current_scope,,,No current manufacturer-aware exact match; excluded by source section or accessory boundary,high,mediastinoscopy,
1904,10970 GPL,"Same, length 30 cm",KARL STORZ,THORAX.pdf,Document p. 128 (PDF page 136),irrelevant_to_current_scope,,,No current manufacturer-aware exact match; excluded by source section or accessory boundary,high,mediastinoscopy,
1905,10970 GRL,"Same, length 30 cm",KARL STORZ,THORAX.pdf,Document p. 128 (PDF page 136),irrelevant_to_current_scope,,,No current manufacturer-aware exact match; excluded by source section or accessory boundary,high,mediastinoscopy,
1906,10970 ML,"Same, length 30 cm",KARL STORZ,THORAX.pdf,Document p. 127 (PDF page 135),irrelevant_to_current_scope,,,No current manufacturer-aware exact match; excluded by source section or accessory boundary,high,mediastinoscopy,
1907,26120 JK,"Same, length 7 cm",KARL STORZ,THORAX.pdf,Document p. U6 (PDF page 240),irrelevant_to_current_scope,,,No current manufacturer-aware exact match; excluded by source section or accessory boundary,high,general_surgery_platform_cable_or_accessory,
1908,11900 BN,"Same, NTSC, for use with TELECAM SL II SCB 20 2130 11",KARL STORZ,THORAX.pdf,Document p. 43;SP4;SP10 (PDF page 51;266;272),new_product_added,PRD-30FA38490D,11900BN,Exact article number and product identity on relevant KARL STORZ catalog page; no current manufacturer-aware exact match,high,authoritative_exact_relevant_nonduplicate,
1909,10370 JL,"Same, pointed, serrated, for coins and flat foreign bodies",KARL STORZ,THORAX.pdf,Document p. 27 (PDF page 35),irrelevant_to_current_scope,,,No current manufacturer-aware exact match; excluded by source section or accessory boundary,high,esophagoscopy_or_diverticuloscopy,
1910,26173 KAR,"Same, ratchet position left,",KARL STORZ,THORAX.pdf,Document p. 176 (PDF page 184),irrelevant_to_current_scope,,,No current manufacturer-aware exact match; excluded by source section or accessory boundary,high,surgical_thoracoscopy_or_thoracic_surgery_not_medical_thoracoscopy,
1911,10366 LL,"Same, spoon-shaped, round, for biopsy",KARL STORZ,THORAX.pdf,Document p. 26 (PDF page 34),irrelevant_to_current_scope,,,No current manufacturer-aware exact match; excluded by source section or accessory boundary,high,esophagoscopy_or_diverticuloscopy,
1912,10370 LL,"Same, spoon-shaped, round, for biopsy",KARL STORZ,THORAX.pdf,Document p. 27 (PDF page 35),irrelevant_to_current_scope,,,No current manufacturer-aware exact match; excluded by source section or accessory boundary,high,esophagoscopy_or_diverticuloscopy,
1913,10366 UL,"Same, universal, for biopsy and foreign bodies",KARL STORZ,THORAX.pdf,Document p. 26 (PDF page 34),irrelevant_to_current_scope,,,No current manufacturer-aware exact match; excluded by source section or accessory boundary,high,esophagoscopy_or_diverticuloscopy,
1914,10383 AL,"Same, with cut-off hole",KARL STORZ,THORAX.pdf,Document p. 30;31 (PDF page 38;39),irrelevant_to_current_scope,,,No current manufacturer-aware exact match; excluded by source section or accessory boundary,high,esophagoscopy_or_diverticuloscopy,
1915,49100 B,SCHÖLLHORN Standard Retractor 189,KARL STORZ,THORAX.pdf,Document p. 189;SP2;SP6;SP36 (PDF page 197;264;268;298),irrelevant_to_current_scope,,,No current manufacturer-aware exact match; excluded by source section or accessory boundary,high,surgical_thoracoscopy_or_thoracic_surgery_not_medical_thoracoscopy,
1916,10366 SL,"Scissors, straight, for trituration of bone",KARL STORZ,THORAX.pdf,Document p. 26 (PDF page 34),irrelevant_to_current_scope,,,No current manufacturer-aware exact match; excluded by source section or accessory boundary,high,esophagoscopy_or_diverticuloscopy,
1917,12016 EW,"Sealing Cap, with window and",KARL STORZ,THORAX.pdf,Document p. 20;SP4;SP19 (PDF page 28;266;281),irrelevant_to_current_scope,,,No current manufacturer-aware exact match; excluded by source section or accessory boundary,high,esophagoscopy_or_diverticuloscopy,
1918,12016 C,"Sheath Insert, with working channel and",KARL STORZ,THORAX.pdf,Document p. 20 (PDF page 28),irrelevant_to_current_scope,,,No current manufacturer-aware exact match; excluded by source section or accessory boundary,high,esophagoscopy_or_diverticuloscopy,
1919,10970 PS,"Silicone Tubing, with LUER-Lock adaptor, for connecting Aspiration Cannula 10970 P/PL",KARL STORZ,THORAX.pdf,Document p. 7;130 (PDF page 15;138),irrelevant_to_current_scope,,,No current manufacturer-aware exact match; excluded by source section or accessory boundary,high,mediastinoscopy,
1920,40600 C,"Sling Passer, length 25 cm",KARL STORZ,THORAX.pdf,Document p. 11;203 (PDF page 19;211),irrelevant_to_current_scope,,,No current manufacturer-aware exact match; excluded by source section or accessory boundary,high,surgical_thoracoscopy_or_thoracic_surgery_not_medical_thoracoscopy,
1921,28172 HG,"Socket, to clamp to the OR table",KARL STORZ,THORAX.pdf,Document p. SP5;SP39 (PDF page 267;301),irrelevant_to_current_scope,,,No current manufacturer-aware exact match; excluded by source section or accessory boundary,high,spare_index_or_spare_part_only,
1922,10318 L,SP 11 10390 BN SP 24 10995 B SP 21,KARL STORZ,THORAX.pdf,Document p. 58;SP4;SP15 (PDF page 66;266;277),existing_family_or_package_variant,PRD-6707AC67D1,10318B,Fiber Optic Light Carrier component of existing 10318 B/C/D Universal Bronchoscopes,moderate,component_of_governed_or_proposed_parent_product,
1923,10337 TA,SP 13 10523 SP 13 11900 AE SP 7,KARL STORZ,THORAX.pdf,Document p. SP4;SP17 (PDF page 266;279),existing_family_or_package_variant,PRD-2110EC2BCF,10337T,Sheath component of existing GRONINGEN Optical Intubation Tracheoscope,moderate,component_of_governed_or_proposed_parent_product,
1924,10337 TB,SP 13 10524 SP 13 11900 AN SP 6,KARL STORZ,THORAX.pdf,Document p. SP4;SP17 (PDF page 266;279),existing_family_or_package_variant,PRD-2110EC2BCF,10337T,Distance-ring component of existing GRONINGEN Optical Intubation Tracheoscope,moderate,component_of_governed_or_proposed_parent_product,
1925,10339 AL,SP 14 10532 SP 13 11900 BN SP 6,KARL STORZ,THORAX.pdf,Document p. 71;73;89;SP4;SP18 (PDF page 79;81;97;266;280),new_product_added,PRD-DB022C1FE8,10339AL,Exact article number and product identity on relevant KARL STORZ catalog page; no current manufacturer-aware exact match,high,authoritative_exact_relevant_nonduplicate,
1926,10339 B,SP 14 10533 SP 13 11900 BP SP 6,KARL STORZ,THORAX.pdf,Document p. 71;89;SP4;SP18 (PDF page 79;97;266;280),new_product_added,PRD-46ADECAA71,10339B,Exact article number and product identity on relevant KARL STORZ catalog page; no current manufacturer-aware exact match,high,authoritative_exact_relevant_nonduplicate,
1927,10339 BB,SP 14 10534 SP 13 11900 VA SP 7,KARL STORZ,THORAX.pdf,Document p. 5;71;89;SP4;SP18 (PDF page 13;79;97;266;280),new_product_added,PRD-36FE8EF239,10339BB,Exact article number and product identity on relevant KARL STORZ catalog page; no current manufacturer-aware exact match,high,authoritative_exact_relevant_nonduplicate,
1928,10339 BL,SP 14 10535 SP 13 12015 AA SP 3,KARL STORZ,THORAX.pdf,Document p. 71;89;SP4;SP18 (PDF page 79;97;266;280),new_product_added,PRD-0741F72026,10339BL,Exact article number and product identity on relevant KARL STORZ catalog page; no current manufacturer-aware exact match,high,authoritative_exact_relevant_nonduplicate,
1929,10339 C,SP 14 10536 SP 13 12016 E SP 15,KARL STORZ,THORAX.pdf,Document p. 5;71;89;SP4;SP18 (PDF page 13;79;97;266;280),new_product_added,PRD-462ABA77A6,10339C,Exact article number and product identity on relevant KARL STORZ catalog page; no current manufacturer-aware exact match,high,authoritative_exact_relevant_nonduplicate,
1930,10339 CC,SP 14 10540 SP 13 12016 EF SP 15 3-11,KARL STORZ,THORAX.pdf,Document p. 71;73;76;77;89;SP4;SP18 (PDF page 79;81;84;85;97;266;280),new_product_added,PRD-14681ACB38,10339CC,Exact article number and product identity on relevant KARL STORZ catalog page; no current manufacturer-aware exact match,high,authoritative_exact_relevant_nonduplicate,
1931,10339 CD,SP 14 10542 SP 13 12016 EH SP 15,KARL STORZ,THORAX.pdf,Document p. 5;71;89;SP4;SP18 (PDF page 13;79;97;266;280),new_product_added,PRD-206C68F0E3,10339CD,Exact article number and product identity on relevant KARL STORZ catalog page; no current manufacturer-aware exact match,high,authoritative_exact_relevant_nonduplicate,
1932,10339 E,SP 14 10546 SP 13 12016 F SP 15,KARL STORZ,THORAX.pdf,Document p. 71;72;89;SP4;SP18 (PDF page 79;80;97;266;280),new_product_added,PRD-DA4769A595,10339E,Exact article number and product identity on relevant KARL STORZ catalog page; no current manufacturer-aware exact match,high,authoritative_exact_relevant_nonduplicate,
1933,12016 FF,SP 15 20330301-1 SP 41 26046 FA SP 3,KARL STORZ,THORAX.pdf,Document p. SP5;SP19 (PDF page 267;281),irrelevant_to_current_scope,,,No current manufacturer-aware exact match; excluded by source section or accessory boundary,high,spare_index_or_spare_part_only,
1934,12016 FM,SP 15 20330320-1 SP 41 26072 BA SP 3,KARL STORZ,THORAX.pdf,Document p. SP5;SP19 (PDF page 267;281),irrelevant_to_current_scope,,,No current manufacturer-aware exact match; excluded by source section or accessory boundary,high,spare_index_or_spare_part_only,
1935,12030 AL,SP 16 20330341 SP 41 26072 TK SP 22,KARL STORZ,THORAX.pdf,Document p. SP5;SP20 (PDF page 267;282),irrelevant_to_current_scope,,,No current manufacturer-aware exact match; excluded by source section or accessory boundary,high,spare_index_or_spare_part_only,
1936,12030 C,"SP 16 20330393 SP 41 26173 BT SP 23, SP 26",KARL STORZ,THORAX.pdf,Document p. 3;22;35;SP5;SP20 (PDF page 11;30;43;267;282),irrelevant_to_current_scope,,,No current manufacturer-aware exact match; excluded by source section or accessory boundary,high,esophagoscopy_or_diverticuloscopy,
1937,12030 F,SP 16 20400021 SP 37 26173 KC SP 26,KARL STORZ,THORAX.pdf,Document p. 22;24;35;SP5;SP20 (PDF page 30;32;43;267;282),irrelevant_to_current_scope,,,No current manufacturer-aware exact match; excluded by source section or accessory boundary,high,esophagoscopy_or_diverticuloscopy,
1938,12061 AX,SP 18 20400028 SP 37 26310087 SP 44,KARL STORZ,THORAX.pdf,Document p. 19;SP5;SP22 (PDF page 27;267;284),irrelevant_to_current_scope,,,No current manufacturer-aware exact match; excluded by source section or accessory boundary,high,esophagoscopy_or_diverticuloscopy,
1939,12061 F,SP 18 20400143 SP 37 26331020-1 SP 38,KARL STORZ,THORAX.pdf,Document p. SP5;SP22 (PDF page 267;284),irrelevant_to_current_scope,,,No current manufacturer-aware exact match; excluded by source section or accessory boundary,high,spare_index_or_spare_part_only,
1940,12061 G,SP 18 20520501 SP 47 26430508-1 SP 37,KARL STORZ,THORAX.pdf,Document p. SP5;SP22 (PDF page 267;284),irrelevant_to_current_scope,,,No current manufacturer-aware exact match; excluded by source section or accessory boundary,high,spare_index_or_spare_part_only,
1941,12061 H,SP 18 20520520 SP 47 26430520-1 SP 37,KARL STORZ,THORAX.pdf,Document p. SP5;SP22 (PDF page 267;284),irrelevant_to_current_scope,,,No current manufacturer-aware exact match; excluded by source section or accessory boundary,high,spare_index_or_spare_part_only,
1942,12061 K,SP 18 20522501 SP 45 26520031 SP 48,KARL STORZ,THORAX.pdf,Document p. SP5;SP22 (PDF page 267;284),irrelevant_to_current_scope,,,No current manufacturer-aware exact match; excluded by source section or accessory boundary,high,spare_index_or_spare_part_only,
1943,30526 Q,SP 18 40493 T SP 22 5910910 SP 23,KARL STORZ,THORAX.pdf,Document p. SP6;SP22 (PDF page 268;284),irrelevant_to_current_scope,,,No current manufacturer-aware exact match; excluded by source section or accessory boundary,high,spare_index_or_spare_part_only,
1944,40491 T,SP 22 536 MK SP 7,KARL STORZ,THORAX.pdf,Document p. SP6;SP26 (PDF page 268;288),irrelevant_to_current_scope,,,No current manufacturer-aware exact match; excluded by source section or accessory boundary,high,spare_index_or_spare_part_only,
1945,37260 LH,"SP 23 43210 LU SP 27 6377091 SP 4, SP 15, SP 22",KARL STORZ,THORAX.pdf,Document p. 166;167;200;201;U9;U11;U13;SP6;SP27 (PDF page 174;175;208;209;243;245;247;268;289),irrelevant_to_current_scope,,,No current manufacturer-aware exact match; excluded by source section or accessory boundary,high,surgical_thoracoscopy_or_thoracic_surgery_not_medical_thoracoscopy,
1946,37270 DL,"SP 24 43210 MA SP 27 6860290 SP 9, SP 10",KARL STORZ,THORAX.pdf,Document p. SP6;SP28 (PDF page 268;290),irrelevant_to_current_scope,,,No current manufacturer-aware exact match; excluded by source section or accessory boundary,high,spare_index_or_spare_part_only,
1947,32340 PT,"SP 25 40924 B SP 5, SP 22 6127490 SP 4, SP 11, SP 12",KARL STORZ,THORAX.pdf,Document p. 170;SP6;SP29 (PDF page 178;268;291),irrelevant_to_current_scope,,,No current manufacturer-aware exact match; excluded by source section or accessory boundary,high,surgical_thoracoscopy_or_thoracic_surgery_not_medical_thoracoscopy,
1948,32540 PT,"SP 25 43210 DU SP 27 SP 12, SP 29, SP 30",KARL STORZ,THORAX.pdf,Document p. 170;SP6;SP29 (PDF page 178;268;291),irrelevant_to_current_scope,,,No current manufacturer-aware exact match; excluded by source section or accessory boundary,high,surgical_thoracoscopy_or_thoracic_surgery_not_medical_thoracoscopy,
1949,33510 PT,"SP 25 43210 LR SP 27 6353591 SP 23, SP 26",KARL STORZ,THORAX.pdf,Document p. SP6;SP29 (PDF page 268;291),irrelevant_to_current_scope,,,No current manufacturer-aware exact match; excluded by source section or accessory boundary,high,spare_index_or_spare_part_only,
1950,10020 CA,SP 3 10382 AE SP 19 10970 BA SP 3,KARL STORZ,THORAX.pdf,Document p. SP4;SP7 (PDF page 266;269),new_product_added,PRD-5DA5177DA9,10020CA,Exact article number and product identity on relevant KARL STORZ catalog page; no current manufacturer-aware exact match,high,authoritative_exact_relevant_nonduplicate,
1951,10023 CBA,SP 3 10382 AL SP 19 10970 EN SP 24,KARL STORZ,THORAX.pdf,Document p. SP4;SP7 (PDF page 266;269),new_product_added,PRD-B2FEAC3ABE,10023CBA,Exact article number and product identity on relevant KARL STORZ catalog page; no current manufacturer-aware exact match,high,authoritative_exact_relevant_nonduplicate,
1952,10324 CA,SP 3 10510 CA SP 18 11025 XE SP 6,KARL STORZ,THORAX.pdf,Document p. SP4;SP7 (PDF page 266;269),new_product_added,PRD-21B1E658B7,10324CA,Exact article number and product identity on relevant KARL STORZ catalog page; no current manufacturer-aware exact match,high,authoritative_exact_relevant_nonduplicate,
1953,10328 CA,SP 3 10521 SP 13 11301 CD SP 8,KARL STORZ,THORAX.pdf,Document p. SP4;SP7 (PDF page 266;269),new_product_added,PRD-7DAB3292D5,10328CA,Exact article number and product identity on relevant KARL STORZ catalog page; no current manufacturer-aware exact match,high,authoritative_exact_relevant_nonduplicate,
1954,40160 E,"SP 30 495 G SP 2, SP 3, SP 4, SP 8, 8575 KB SP 5",KARL STORZ,THORAX.pdf,Document p. SP6;SP34 (PDF page 268;296),irrelevant_to_current_scope,,,No current manufacturer-aware exact match; excluded by source section or accessory boundary,high,spare_index_or_spare_part_only,
1955,40103 A,SP 30 7322990 SP 15,KARL STORZ,THORAX.pdf,Document p. 146;193;SP6;SP34 (PDF page 154;201;268;296),irrelevant_to_current_scope,,,No current manufacturer-aware exact match; excluded by source section or accessory boundary,high,surgical_thoracoscopy_or_thoracic_surgery_not_medical_thoracoscopy,
1956,40103 C,SP 30 7416090 SP 30,KARL STORZ,THORAX.pdf,Document p. 146;193;SP6;SP34 (PDF page 154;201;268;296),irrelevant_to_current_scope,,,No current manufacturer-aware exact match; excluded by source section or accessory boundary,high,surgical_thoracoscopy_or_thoracic_surgery_not_medical_thoracoscopy,
1957,40103 CL,SP 30 7616690 SP 31,KARL STORZ,THORAX.pdf,Document p. SP6;SP34 (PDF page 268;296),irrelevant_to_current_scope,,,No current manufacturer-aware exact match; excluded by source section or accessory boundary,high,spare_index_or_spare_part_only,
1958,40103 EL,"SP 30 7720590 SP 4, SP 29",KARL STORZ,THORAX.pdf,Document p. 148;SP6;SP34 (PDF page 156;268;296),irrelevant_to_current_scope,,,No current manufacturer-aware exact match; excluded by source section or accessory boundary,high,surgical_thoracoscopy_or_thoracic_surgery_not_medical_thoracoscopy,
1959,40103 F,"SP 30 7909890 SP 18, SP 28",KARL STORZ,THORAX.pdf,Document p. SP6;SP34 (PDF page 268;296),irrelevant_to_current_scope,,,No current manufacturer-aware exact match; excluded by source section or accessory boundary,high,spare_index_or_spare_part_only,
1960,40107 A,"SP 30 7944790 SP 18, SP 28",KARL STORZ,THORAX.pdf,Document p. 146;SP6;SP34 (PDF page 154;268;296),irrelevant_to_current_scope,,,No current manufacturer-aware exact match; excluded by source section or accessory boundary,high,surgical_thoracoscopy_or_thoracic_surgery_not_medical_thoracoscopy,
1961,40107 C,SP 30 812410 SP 21,KARL STORZ,THORAX.pdf,Document p. 146;SP6;SP34 (PDF page 154;268;296),irrelevant_to_current_scope,,,No current manufacturer-aware exact match; excluded by source section or accessory boundary,high,surgical_thoracoscopy_or_thoracic_surgery_not_medical_thoracoscopy,
1962,40108 A,SP 30 8458190 SP 29,KARL STORZ,THORAX.pdf,Document p. SP6;SP34 (PDF page 268;296),irrelevant_to_current_scope,,,No current manufacturer-aware exact match; excluded by source section or accessory boundary,high,spare_index_or_spare_part_only,
1963,40108 C,SP 30 8575 AA SP 3,KARL STORZ,THORAX.pdf,Document p. SP6;SP34 (PDF page 268;296),irrelevant_to_current_scope,,,No current manufacturer-aware exact match; excluded by source section or accessory boundary,high,spare_index_or_spare_part_only,
1964,40160 A,SP 30 8575 K SP 5,KARL STORZ,THORAX.pdf,Document p. 146;SP6;SP34 (PDF page 154;268;296),irrelevant_to_current_scope,,,No current manufacturer-aware exact match; excluded by source section or accessory boundary,high,surgical_thoracoscopy_or_thoracic_surgery_not_medical_thoracoscopy,
1965,40160 C,"SP 30 SP 11, SP 15, SP 18, SP 32 8575 KA SP 5",KARL STORZ,THORAX.pdf,Document p. 146;SP6;SP34 (PDF page 154;268;296),irrelevant_to_current_scope,,,No current manufacturer-aware exact match; excluded by source section or accessory boundary,high,surgical_thoracoscopy_or_thoracic_surgery_not_medical_thoracoscopy,
1966,13242 XA,SP 6 20522520 SP 45 26520035 SP 48,KARL STORZ,THORAX.pdf,Document p. SP5;SP10 (PDF page 267;272),irrelevant_to_current_scope,,,No current manufacturer-aware exact match; excluded by source section or accessory boundary,high,spare_index_or_spare_part_only,
1967,13990 SFN,SP 6 20522520-010 SP 46 26520037 SP 48,KARL STORZ,THORAX.pdf,Document p. 42;43;51;94;SP5;SP10 (PDF page 50;51;59;102;267;272),irrelevant_to_current_scope,,,No current manufacturer-aware exact match; excluded by source section or accessory boundary,high,generic_equipment_supply_or_out_of_scope_basic_set,
1968,13242 LX,"SP 6, SP 8 20522501C010 SP 46 26520034 SP 48",KARL STORZ,THORAX.pdf,Document p. 42;43;50;94;SP5;SP10;SP12 (PDF page 50;51;58;102;267;272;274),new_product_added,PRD-672F05E9EA,13242LX,Exact article number and product identity on relevant KARL STORZ catalog page; no current manufacturer-aware exact match,high,authoritative_exact_relevant_nonduplicate,
1969,10970 K,"Sponge and Dissecting Forceps,",KARL STORZ,THORAX.pdf,Document p. 127 (PDF page 135),irrelevant_to_current_scope,,,No current manufacturer-aware exact match; excluded by source section or accessory boundary,high,mediastinoscopy,
1970,10970 KR,"Sponge and Dissecting Forceps,",KARL STORZ,THORAX.pdf,Document p. 127 (PDF page 135),irrelevant_to_current_scope,,,No current manufacturer-aware exact match; excluded by source section or accessory boundary,high,mediastinoscopy,
1971,10387 AX,Sponge Holder,KARL STORZ,THORAX.pdf,Document p. SP4;SP24 (PDF page 266;286),needs_owner_review,,10387AX,"Exact article appears on relevant catalog page, but governed role/granularity or primary product evidence is insufficient for automatic intake",needs_review,relevant_exact_but_role_or_granularity_unclear,
1972,33310 PT,Sponge Holder Insert 33310 PT 32340,KARL STORZ,THORAX.pdf,Document p. SP6;SP29 (PDF page 268;291),irrelevant_to_current_scope,,,No current manufacturer-aware exact match; excluded by source section or accessory boundary,high,spare_index_or_spare_part_only,
1973,10387 AL,"Sponge Holder, with spring handle, working length 55 cm",KARL STORZ,THORAX.pdf,Document p. 2;30;31;SP4;SP24 (PDF page 10;38;39;266;286),irrelevant_to_current_scope,,,No current manufacturer-aware exact match; excluded by source section or accessory boundary,high,esophagoscopy_or_diverticuloscopy,
1974,28272 ECW,Spring Balance,KARL STORZ,THORAX.pdf,Document p. SP5;SP39 (PDF page 267;301),irrelevant_to_current_scope,,,No current manufacturer-aware exact match; excluded by source section or accessory boundary,high,spare_index_or_spare_part_only,
1975,37113 A,"Suction and Irrigation Handle, pistol",KARL STORZ,THORAX.pdf,Document p. 167;201;U16 (PDF page 175;209;250),irrelevant_to_current_scope,,,No current manufacturer-aware exact match; excluded by source section or accessory boundary,high,surgical_thoracoscopy_or_thoracic_surgery_not_medical_thoracoscopy,
1976,37112 A,"Suction and Irrigation Handle, straight,",KARL STORZ,THORAX.pdf,Document p. 167;201;U16 (PDF page 175;209;250),irrelevant_to_current_scope,,,No current manufacturer-aware exact match; excluded by source section or accessory boundary,high,surgical_thoracoscopy_or_thoracic_surgery_not_medical_thoracoscopy,
1977,40800 AA,Suction and Irrigation Tube,KARL STORZ,THORAX.pdf,Document p. SP6;SP27 (PDF page 268;289),irrelevant_to_current_scope,,,No current manufacturer-aware exact match; excluded by source section or accessory boundary,high,spare_index_or_spare_part_only,
1978,40560 LH,"Suction and Irrigation Tube, with lateral holes, distally angled sheath, size 10 mm,",KARL STORZ,THORAX.pdf,Document p. 9;166;167;200;201;SP6;SP27 (PDF page 17;174;175;208;209;268;289),irrelevant_to_current_scope,,,No current manufacturer-aware exact match; excluded by source section or accessory boundary,high,surgical_thoracoscopy_or_thoracic_surgery_not_medical_thoracoscopy,
1979,40360 LH,"Suction and Irrigation Tube, with lateral holes, distally angled sheath, size 5 mm,",KARL STORZ,THORAX.pdf,Document p. 9;11;166;167;200;201;SP6;SP27 (PDF page 17;19;174;175;208;209;268;289),irrelevant_to_current_scope,,,No current manufacturer-aware exact match; excluded by source section or accessory boundary,high,surgical_thoracoscopy_or_thoracic_surgery_not_medical_thoracoscopy,
1980,11900 AZ,Suction Cylinder,KARL STORZ,THORAX.pdf,Document p. SP4;SP11 (PDF page 266;273),existing_family_or_package_variant,PRD-0FBAA7EFB7,11900AE,Suction-cylinder component of proposed 11900 AE suction-unit set,moderate,component_of_governed_or_proposed_parent_product,
1981,10382 AL,Suction Tube,KARL STORZ,THORAX.pdf,Document p. SP4;SP23 (PDF page 266;285),needs_owner_review,,10382AL,"Exact article appears on relevant catalog page, but governed role/granularity or primary product evidence is insufficient for automatic intake",needs_review,relevant_exact_but_role_or_granularity_unclear,
1982,40800 A,Suction Tube,KARL STORZ,THORAX.pdf,Document p. SP6;SP27 (PDF page 268;289),irrelevant_to_current_scope,,,No current manufacturer-aware exact match; excluded by source section or accessory boundary,high,spare_index_or_spare_part_only,
1983,10380 AL,"Suction Tube, diameter 4 mm",KARL STORZ,THORAX.pdf,Document p. 31 (PDF page 39),irrelevant_to_current_scope,,,No current manufacturer-aware exact match; excluded by source section or accessory boundary,high,esophagoscopy_or_diverticuloscopy,
1984,10380 AM,"Suction Tube, diameter 4 mm",KARL STORZ,THORAX.pdf,Document p. 31 (PDF page 39),irrelevant_to_current_scope,,,No current manufacturer-aware exact match; excluded by source section or accessory boundary,high,esophagoscopy_or_diverticuloscopy,
1985,10380 AX,"Suction Tube, diameter 4 mm",KARL STORZ,THORAX.pdf,Document p. 31 (PDF page 39),irrelevant_to_current_scope,,,No current manufacturer-aware exact match; excluded by source section or accessory boundary,high,esophagoscopy_or_diverticuloscopy,
1986,12067 M,"Suction Tube, to remove vapor, flat, size 6 x 3 mm",KARL STORZ,THORAX.pdf,Document p. 36;37 (PDF page 44;45),irrelevant_to_current_scope,,,No current manufacturer-aware exact match; excluded by source section or accessory boundary,high,esophagoscopy_or_diverticuloscopy,
1987,8590 ML,"Suction Tube, to remove vapor, for LASER treatment,",KARL STORZ,THORAX.pdf,Document p. 36 (PDF page 44),irrelevant_to_current_scope,,,No current manufacturer-aware exact match; excluded by source section or accessory boundary,high,esophagoscopy_or_diverticuloscopy,
1988,10383 AM,"Suction Tube, with cut-off hole, diameter 3 mm",KARL STORZ,THORAX.pdf,Document p. 31 (PDF page 39),irrelevant_to_current_scope,,,No current manufacturer-aware exact match; excluded by source section or accessory boundary,high,esophagoscopy_or_diverticuloscopy,
1989,10381 AM,"Suction Tube, with rubber tip, straight, diameter 4 mm",KARL STORZ,THORAX.pdf,Document p. 31 (PDF page 39),irrelevant_to_current_scope,,,No current manufacturer-aware exact match; excluded by source section or accessory boundary,high,esophagoscopy_or_diverticuloscopy,
1990,10381 AL,"Suction Tube, with rubber tip, straight, diameter 4 mm, working length 55 cm",KARL STORZ,THORAX.pdf,Document p. 2;30;31;SP4;SP23 (PDF page 10;38;39;266;285),irrelevant_to_current_scope,,,No current manufacturer-aware exact match; excluded by source section or accessory boundary,high,esophagoscopy_or_diverticuloscopy,
1991,11900 AE,"Suction Unit, set for Video Bronchoscopes 11900 AP/AN",KARL STORZ,THORAX.pdf,Document p. 6;42;43;44;94;SP4;SP11 (PDF page 14;50;51;52;102;266;273),new_product_added,PRD-0FBAA7EFB7,11900AE,Exact article number and product identity on relevant KARL STORZ catalog page; no current manufacturer-aware exact match,high,authoritative_exact_relevant_nonduplicate,
1992,11900 AV,Suction Valve,KARL STORZ,THORAX.pdf,Document p. SP4;SP11 (PDF page 266;273),existing_family_or_package_variant,PRD-0FBAA7EFB7,11900AE,Suction-valve component of proposed 11900 AE suction-unit set,moderate,component_of_governed_or_proposed_parent_product,
1993,11301 CE,"Suction Valve, for single use, ● ● ● ● ● ●",KARL STORZ,THORAX.pdf,Document p. 54;102;SP4;SP12 (PDF page 62;110;266;274),new_product_added,PRD-77147A44EF,11301CE,Exact article number and product identity on relevant KARL STORZ catalog page; no current manufacturer-aware exact match,high,authoritative_exact_relevant_nonduplicate,
1994,11301 CB,"Suction Valve, reusable ● ● ● ● ● ●",KARL STORZ,THORAX.pdf,Document p. 54;102;SP4;SP12 (PDF page 62;110;266;274),new_product_added,PRD-00C2BB78A4,11301CB,Exact article number and product identity on relevant KARL STORZ catalog page; no current manufacturer-aware exact match,high,authoritative_exact_relevant_nonduplicate,
1995,8575 KB,"Support Rod, movable, with metal ring,",KARL STORZ,THORAX.pdf,Document p. SP6;SP9 (PDF page 268;271),irrelevant_to_current_scope,,,No current manufacturer-aware exact match; excluded by source section or accessory boundary,high,spare_index_or_spare_part_only,
1996,12067 A,"Support Rod, movable, with metal ring, diameter 9 cm,",KARL STORZ,THORAX.pdf,Document p. 36 (PDF page 44),irrelevant_to_current_scope,,,No current manufacturer-aware exact match; excluded by source section or accessory boundary,high,esophagoscopy_or_diverticuloscopy,
1997,12067 B,"Support Rod, movable, with metal ring, diameter 9 cm,",KARL STORZ,THORAX.pdf,Document p. 37 (PDF page 45),irrelevant_to_current_scope,,,No current manufacturer-aware exact match; excluded by source section or accessory boundary,high,esophagoscopy_or_diverticuloscopy,
1998,10338 LCD,"Telescope Bridge, for fixed position between",KARL STORZ,THORAX.pdf,Document p. 22;72;73 (PDF page 30;80;81),new_product_added,PRD-6DCD8B4626,10338LCD,Exact article number and product identity on relevant KARL STORZ catalog page; no current manufacturer-aware exact match,high,authoritative_exact_relevant_nonduplicate,
1999,10338 RK,"Telescope Bridge, for fixed position between",KARL STORZ,THORAX.pdf,Document p. 73 (PDF page 81),new_product_added,PRD-64D83CE808,10338RK,Exact article number and product identity on relevant KARL STORZ catalog page; no current manufacturer-aware exact match,high,authoritative_exact_relevant_nonduplicate,
2000,10338 RL,"Telescope Bridge, for fixed position between",KARL STORZ,THORAX.pdf,Document p. 73 (PDF page 81),new_product_added,PRD-D2C1E4B75F,10338RL,Exact article number and product identity on relevant KARL STORZ catalog page; no current manufacturer-aware exact match,high,authoritative_exact_relevant_nonduplicate,
2001,12016 X,"Telescope Guide, for use with 50 cm",KARL STORZ,THORAX.pdf,Document p. 21;34 (PDF page 29;42),irrelevant_to_current_scope,,,No current manufacturer-aware exact match; excluded by source section or accessory boundary,high,esophagoscopy_or_diverticuloscopy,
2002,29005 AK,Tray 20020050,KARL STORZ,THORAX.pdf,Document p. SP5;SP40 (PDF page 267;302),irrelevant_to_current_scope,,,No current manufacturer-aware exact match; excluded by source section or accessory boundary,high,spare_index_or_spare_part_only,
2003,10990 D,"Trocar only, with pyramidal tip",KARL STORZ,THORAX.pdf,Document p. SP4;SP25 (PDF page 266;287),existing_family_or_package_variant,PRD-61EE4D5DE6,10990,Trocar component of existing RAMEL Pleurabiopsy Needle set,moderate,component_of_governed_or_proposed_parent_product,
2004,40103 AB,"Trocar, with blunt tip, size 11 mm, working length 4 cm",KARL STORZ,THORAX.pdf,Document p. 11;146;193 (PDF page 19;154;201),irrelevant_to_current_scope,,,No current manufacturer-aware exact match; excluded by source section or accessory boundary,high,surgical_thoracoscopy_or_thoracic_surgery_not_medical_thoracoscopy,
2005,40103 CD,"Trocar, with blunt tip, size 11 mm, working length 6 cm",KARL STORZ,THORAX.pdf,Document p. 11;146;193 (PDF page 19;154;201),irrelevant_to_current_scope,,,No current manufacturer-aware exact match; excluded by source section or accessory boundary,high,surgical_thoracoscopy_or_thoracic_surgery_not_medical_thoracoscopy,
2006,40160 CD,"Trocar, with blunt tip, size 6 mm, working length 6 cm",KARL STORZ,THORAX.pdf,Document p. 9;146 (PDF page 17;154),irrelevant_to_current_scope,,,No current manufacturer-aware exact match; excluded by source section or accessory boundary,high,surgical_thoracoscopy_or_thoracic_surgery_not_medical_thoracoscopy,
2007,40500 A,Tubular Dissecting Scissors 198,KARL STORZ,THORAX.pdf,Document p. 198;SP6;SP36 (PDF page 206;268;298),irrelevant_to_current_scope,,,No current manufacturer-aware exact match; excluded by source section or accessory boundary,high,surgical_thoracoscopy_or_thoracic_surgery_not_medical_thoracoscopy,
2008,26002 M,"Unipolar High Frequency Cord, with 4 mm plug",KARL STORZ,THORAX.pdf,Document p. U28 (PDF page 262),irrelevant_to_current_scope,,,No current manufacturer-aware exact match; excluded by source section or accessory boundary,high,general_surgery_platform_cable_or_accessory,
2009,26004 M,"Unipolar High Frequency Cord, with 4 mm plug",KARL STORZ,THORAX.pdf,Document p. U28 (PDF page 262),irrelevant_to_current_scope,,,No current manufacturer-aware exact match; excluded by source section or accessory boundary,high,general_surgery_platform_cable_or_accessory,
2010,26005 M,"Unipolar High Frequency Cord, with 5 mm plug",KARL STORZ,THORAX.pdf,Document p. 12;U23;U25;U28 (PDF page 20;257;259;262),irrelevant_to_current_scope,,,No current manufacturer-aware exact match; excluded by source section or accessory boundary,high,general_surgery_platform_cable_or_accessory,
2011,26006 M,"Unipolar High Frequency Cord, with 8 mm plug for",KARL STORZ,THORAX.pdf,Document p. U28 (PDF page 262),irrelevant_to_current_scope,,,No current manufacturer-aware exact match; excluded by source section or accessory boundary,high,general_surgery_platform_cable_or_accessory,
2012,49100 LB,"Universal Fixation Device, for",KARL STORZ,THORAX.pdf,Document p. SP2;SP6;SP36 (PDF page 264;268;298),irrelevant_to_current_scope,,,No current manufacturer-aware exact match; excluded by source section or accessory boundary,high,spare_index_or_spare_part_only,
2013,11900 VA,Valve Adaptor,KARL STORZ,THORAX.pdf,Document p. SP4;SP11 (PDF page 266;273),existing_family_or_package_variant,PRD-0FBAA7EFB7,11900AE,Valve-adaptor component of proposed 11900 AE suction-unit set,moderate,component_of_governed_or_proposed_parent_product,
2014,11900 AP,"Video Bronchoscope for Autofluorescence and White Light Diagnosis, color system",KARL STORZ,THORAX.pdf,Document p. ;6;42;44;50;51;52;53;94;SP4;SP10 (PDF page 5;14;50;52;58;59;60;61;102;266;272),new_product_added,PRD-0714EF8A7B,11900AP,Exact article number and product identity on relevant KARL STORZ catalog page; no current manufacturer-aware exact match,high,authoritative_exact_relevant_nonduplicate,
2015,11900 AN,"Video Bronchoscope for Autofluorescence and White Light Diagnosis, NTSC 42, 94",KARL STORZ,THORAX.pdf,Document p. ;6;42;94;SP4;SP10 (PDF page 5;14;50;102;266;272),new_product_added,PRD-A8E0AB361B,11900AN,Exact article number and product identity on relevant KARL STORZ catalog page; no current manufacturer-aware exact match,high,authoritative_exact_relevant_nonduplicate,
2016,11900 BP,"Video Bronchoscope, PAL, including mounted Suction Unit 11900 AE,",KARL STORZ,THORAX.pdf,Document p. 43;44;SP4;SP10 (PDF page 51;52;266;272),new_product_added,PRD-61ABF81DC5,11900BP,Exact article number and product identity on relevant KARL STORZ catalog page; no current manufacturer-aware exact match,high,authoritative_exact_relevant_nonduplicate,
2017,15006 B,“ULTRA STOP” Antifog Solution BRO-ACC 86,KARL STORZ,THORAX.pdf,Document p. ;86 (PDF page 5;94),new_product_added,PRD-51C8A4796F,15006B,Exact article number and product identity on relevant KARL STORZ catalog page; no current manufacturer-aware exact match,high,authoritative_exact_relevant_nonduplicate,
2018,15006 C,“ULTRA STOP” Antifog Solution BRO-ACC 86,KARL STORZ,THORAX.pdf,Document p. ;86 (PDF page 5;94),new_product_added,PRD-A0055C636E,15006C,Exact article number and product identity on relevant KARL STORZ catalog page; no current manufacturer-aware exact match,high,authoritative_exact_relevant_nonduplicate,
2019,15006 D,“ULTRA STOP” Antifog Solution BRO-ACC 86,KARL STORZ,THORAX.pdf,Document p. ;86 (PDF page 5;94),new_product_added,PRD-A82615F351,15006D,Exact article number and product identity on relevant KARL STORZ catalog page; no current manufacturer-aware exact match,high,authoritative_exact_relevant_nonduplicate,
2020,Not stated in source,Shiley Tracheostomy Tubes and Airways Resources,Medtronic,tracheostomy-tubes-accessories-reimbursement-coding-guide.pdf,PDF p. 1,existing_family_or_package_variant,,,family_or_resource_row_without_exact_orderable_identifier,moderate,family_or_resource_row_without_exact_orderable_identifier,
2021,EPK-i8020c,INSPIRA Video Processor,PENTAX Medical,Video Processor INSPIRA_ Multi connectable ● PENTAX Medical.pdf,INSPIRA official product-page PDF index 5 / printed p. 5/7 exact model EPK-i8020c,new_product_added,PRD-8C4710647F,EPK-i8020c,authoritative_exact_identity,high,new_product_added,"SRC088 supports exact model identity; SRC077 separately supports EB-J10 bronchoscopy-family association with the INSPIRA platform. New manufacturer candidate MFR-0A34B2B677 (stableId('MFR', 'PENTAX Medical'))."
2022,VIO 3,VIO 3 Electrosurgical Unit,Erbe Elektromedizin,Vio 3.pdf,"Document p. Not separately numbered / see PDF index (PDF page Vio 3.pdf:1,3,4,7,8,10)",existing_alias_or_format_variant,PRD-0A93A5E8C4,10160-000,existing_alias_or_format_variant,high,existing_alias_or_format_variant,Input uses product/model name VIO 3 rather than exact order number 10160-000; current canonical product is exact.
2023,TT81670,Y-Shaped Self-Expanding Tracheal Stent,Micro-Tech Endoscopy,Y-Stent-Brochure-2022.pdf,"Specifications table, brochure p. 2",existing_exact,PRD-1A0C09927F,TT81670,existing_exact,high,existing_exact,
2024,TT81680,Y-Shaped Self-Expanding Tracheal Stent,Micro-Tech Endoscopy,Y-Stent-Brochure-2022.pdf,"Specifications table, brochure p. 2",existing_exact,PRD-0D187D741A,TT81680,existing_exact,high,existing_exact,
2025,TT81690,Y-Shaped Self-Expanding Tracheal Stent,Micro-Tech Endoscopy,Y-Stent-Brochure-2022.pdf,"Specifications table, brochure p. 2",existing_exact,PRD-5D09EFABDD,TT81690,existing_exact,high,existing_exact,
2026,TT81700,Y-Shaped Self-Expanding Tracheal Stent,Micro-Tech Endoscopy,Y-Stent-Brochure-2022.pdf,"Specifications table, brochure p. 2",existing_exact,PRD-61B1C43B5C,TT81700,existing_exact,high,existing_exact,
2027,TT81710,Y-Shaped Self-Expanding Tracheal Stent,Micro-Tech Endoscopy,Y-Stent-Brochure-2022.pdf,"Specifications table, brochure p. 2",existing_exact,PRD-71D6D8E081,TT81710,existing_exact,high,existing_exact,
2028,TT81720,Y-Shaped Self-Expanding Tracheal Stent,Micro-Tech Endoscopy,Y-Stent-Brochure-2022.pdf,"Specifications table, brochure p. 2",existing_exact,PRD-F5CEB7234A,TT81720,existing_exact,high,existing_exact,
2029,TT81730,Y-Shaped Self-Expanding Tracheal Stent,Micro-Tech Endoscopy,Y-Stent-Brochure-2022.pdf,"Specifications table, brochure p. 2",existing_exact,PRD-89BCEE2895,TT81730,existing_exact,high,existing_exact,
2030,TT81740,Y-Shaped Self-Expanding Tracheal Stent,Micro-Tech Endoscopy,Y-Stent-Brochure-2022.pdf,"Specifications table, brochure p. 2",existing_exact,PRD-6124E1A326,TT81740,existing_exact,high,existing_exact,
2031,TT81750,Y-Shaped Self-Expanding Tracheal Stent,Micro-Tech Endoscopy,Y-Stent-Brochure-2022.pdf,"Specifications table, brochure p. 2",existing_exact,PRD-21832A5DCA,TT81750,existing_exact,high,existing_exact,
2032,TT81760,Y-Shaped Self-Expanding Tracheal Stent,Micro-Tech Endoscopy,Y-Stent-Brochure-2022.pdf,"Specifications table, brochure p. 2",existing_exact,PRD-6D8A97CC06,TT81760,existing_exact,high,existing_exact,
2033,TT81770,Y-Shaped Self-Expanding Tracheal Stent,Micro-Tech Endoscopy,Y-Stent-Brochure-2022.pdf,"Specifications table, brochure p. 2",existing_exact,PRD-ACA2322DB2,TT81770,existing_exact,high,existing_exact,
2034,TT81780,Y-Shaped Self-Expanding Tracheal Stent,Micro-Tech Endoscopy,Y-Stent-Brochure-2022.pdf,"Specifications table, brochure p. 2",existing_exact,PRD-AAFEA61B28,TT81780,existing_exact,high,existing_exact,
2035,TT81790,Y-Shaped Self-Expanding Tracheal Stent,Micro-Tech Endoscopy,Y-Stent-Brochure-2022.pdf,"Specifications table, brochure p. 2",existing_exact,PRD-F9EB14C69E,TT81790,existing_exact,high,existing_exact,
2036,TT81800,Y-Shaped Self-Expanding Tracheal Stent,Micro-Tech Endoscopy,Y-Stent-Brochure-2022.pdf,"Specifications table, brochure p. 2",existing_exact,PRD-98610CE8EB,TT81800,existing_exact,high,existing_exact,
2037,TT81810,Y-Shaped Self-Expanding Tracheal Stent,Micro-Tech Endoscopy,Y-Stent-Brochure-2022.pdf,"Specifications table, brochure p. 2",existing_exact,PRD-D5A436E755,TT81810,existing_exact,high,existing_exact,
2038,TT81820,Y-Shaped Self-Expanding Tracheal Stent,Micro-Tech Endoscopy,Y-Stent-Brochure-2022.pdf,"Specifications table, brochure p. 2",existing_exact,PRD-0FC4F02CEE,TT81820,existing_exact,high,existing_exact,
2039,TT81830,Y-Shaped Self-Expanding Tracheal Stent,Micro-Tech Endoscopy,Y-Stent-Brochure-2022.pdf,"Specifications table, brochure p. 2",existing_exact,PRD-900AA8F053,TT81830,existing_exact,high,existing_exact,
2040,TT81840,Y-Shaped Self-Expanding Tracheal Stent,Micro-Tech Endoscopy,Y-Stent-Brochure-2022.pdf,"Specifications table, brochure p. 2",existing_exact,PRD-B07610EC95,TT81840,existing_exact,high,existing_exact,
2041,TT81850,Y-Shaped Self-Expanding Tracheal Stent,Micro-Tech Endoscopy,Y-Stent-Brochure-2022.pdf,"Specifications table, brochure p. 2",existing_exact,PRD-D29CE0D10F,TT81850,existing_exact,high,existing_exact,
2042,TT81670,Y-Shaped Tracheal Stent,Micro-Tech Endoscopy / Thoracent,Y-Stent-Brochure-2022.pdf,"Specifications table, brochure p. 2",duplicate_source_row,PRD-1A0C09927F,TT81670,duplicate_source_row,high,duplicate_source_row,Repeated canonical identity or family already represented by another assigned input row.
2043,TT81680,Y-Shaped Tracheal Stent,Micro-Tech Endoscopy / Thoracent,Y-Stent-Brochure-2022.pdf,"Specifications table, brochure p. 2",duplicate_source_row,PRD-0D187D741A,TT81680,duplicate_source_row,high,duplicate_source_row,Repeated canonical identity or family already represented by another assigned input row.
2044,TT81690,Y-Shaped Tracheal Stent,Micro-Tech Endoscopy / Thoracent,Y-Stent-Brochure-2022.pdf,"Specifications table, brochure p. 2",duplicate_source_row,PRD-5D09EFABDD,TT81690,duplicate_source_row,high,duplicate_source_row,Repeated canonical identity or family already represented by another assigned input row.
2045,TT81700,Y-Shaped Tracheal Stent,Micro-Tech Endoscopy / Thoracent,Y-Stent-Brochure-2022.pdf,"Specifications table, brochure p. 2",duplicate_source_row,PRD-61B1C43B5C,TT81700,duplicate_source_row,high,duplicate_source_row,Repeated canonical identity or family already represented by another assigned input row.
2046,TT81710,Y-Shaped Tracheal Stent,Micro-Tech Endoscopy / Thoracent,Y-Stent-Brochure-2022.pdf,"Specifications table, brochure p. 2",duplicate_source_row,PRD-71D6D8E081,TT81710,duplicate_source_row,high,duplicate_source_row,Repeated canonical identity or family already represented by another assigned input row.
2047,TT81720,Y-Shaped Tracheal Stent,Micro-Tech Endoscopy / Thoracent,Y-Stent-Brochure-2022.pdf,"Specifications table, brochure p. 2",duplicate_source_row,PRD-F5CEB7234A,TT81720,duplicate_source_row,high,duplicate_source_row,Repeated canonical identity or family already represented by another assigned input row.
2048,TT81730,Y-Shaped Tracheal Stent,Micro-Tech Endoscopy / Thoracent,Y-Stent-Brochure-2022.pdf,"Specifications table, brochure p. 2",duplicate_source_row,PRD-89BCEE2895,TT81730,duplicate_source_row,high,duplicate_source_row,Repeated canonical identity or family already represented by another assigned input row.
2049,TT81740,Y-Shaped Tracheal Stent,Micro-Tech Endoscopy / Thoracent,Y-Stent-Brochure-2022.pdf,"Specifications table, brochure p. 2",duplicate_source_row,PRD-6124E1A326,TT81740,duplicate_source_row,high,duplicate_source_row,Repeated canonical identity or family already represented by another assigned input row.
2050,TT81750,Y-Shaped Tracheal Stent,Micro-Tech Endoscopy / Thoracent,Y-Stent-Brochure-2022.pdf,"Specifications table, brochure p. 2",duplicate_source_row,PRD-21832A5DCA,TT81750,duplicate_source_row,high,duplicate_source_row,Repeated canonical identity or family already represented by another assigned input row.
2051,TT81760,Y-Shaped Tracheal Stent,Micro-Tech Endoscopy / Thoracent,Y-Stent-Brochure-2022.pdf,"Specifications table, brochure p. 2",duplicate_source_row,PRD-6D8A97CC06,TT81760,duplicate_source_row,high,duplicate_source_row,Repeated canonical identity or family already represented by another assigned input row.
2052,TT81770,Y-Shaped Tracheal Stent,Micro-Tech Endoscopy / Thoracent,Y-Stent-Brochure-2022.pdf,"Specifications table, brochure p. 2",duplicate_source_row,PRD-ACA2322DB2,TT81770,duplicate_source_row,high,duplicate_source_row,Repeated canonical identity or family already represented by another assigned input row.
2053,TT81780,Y-Shaped Tracheal Stent,Micro-Tech Endoscopy / Thoracent,Y-Stent-Brochure-2022.pdf,"Specifications table, brochure p. 2",duplicate_source_row,PRD-AAFEA61B28,TT81780,duplicate_source_row,high,duplicate_source_row,Repeated canonical identity or family already represented by another assigned input row.
2054,TT81790,Y-Shaped Tracheal Stent,Micro-Tech Endoscopy / Thoracent,Y-Stent-Brochure-2022.pdf,"Specifications table, brochure p. 2",duplicate_source_row,PRD-F9EB14C69E,TT81790,duplicate_source_row,high,duplicate_source_row,Repeated canonical identity or family already represented by another assigned input row.
2055,TT81800,Y-Shaped Tracheal Stent,Micro-Tech Endoscopy / Thoracent,Y-Stent-Brochure-2022.pdf,"Specifications table, brochure p. 2",duplicate_source_row,PRD-98610CE8EB,TT81800,duplicate_source_row,high,duplicate_source_row,Repeated canonical identity or family already represented by another assigned input row.
2056,TT81810,Y-Shaped Tracheal Stent,Micro-Tech Endoscopy / Thoracent,Y-Stent-Brochure-2022.pdf,"Specifications table, brochure p. 2",duplicate_source_row,PRD-D5A436E755,TT81810,duplicate_source_row,high,duplicate_source_row,Repeated canonical identity or family already represented by another assigned input row.
2057,TT81820,Y-Shaped Tracheal Stent,Micro-Tech Endoscopy / Thoracent,Y-Stent-Brochure-2022.pdf,"Specifications table, brochure p. 2",duplicate_source_row,PRD-0FC4F02CEE,TT81820,duplicate_source_row,high,duplicate_source_row,Repeated canonical identity or family already represented by another assigned input row.
2058,TT81830,Y-Shaped Tracheal Stent,Micro-Tech Endoscopy / Thoracent,Y-Stent-Brochure-2022.pdf,"Specifications table, brochure p. 2",duplicate_source_row,PRD-900AA8F053,TT81830,duplicate_source_row,high,duplicate_source_row,Repeated canonical identity or family already represented by another assigned input row.
2059,TT81840,Y-Shaped Tracheal Stent,Micro-Tech Endoscopy / Thoracent,Y-Stent-Brochure-2022.pdf,"Specifications table, brochure p. 2",duplicate_source_row,PRD-B07610EC95,TT81840,duplicate_source_row,high,duplicate_source_row,Repeated canonical identity or family already represented by another assigned input row.
2060,TT81850,Y-Shaped Tracheal Stent,Micro-Tech Endoscopy / Thoracent,Y-Stent-Brochure-2022.pdf,"Specifications table, brochure p. 2",duplicate_source_row,PRD-D29CE0D10F,TT81850,duplicate_source_row,high,duplicate_source_row,Repeated canonical identity or family already represented by another assigned input row.
