product_id,source_id,source_location,claim_type,verification_status,notes
PRD-00C13A59AA,SRC021,p. 10,Exact catalog entry,Verified - manufacturer catalog; current U.S. status pending,
PRD-00FC2A29AC,SRC001,pp. 12-13,Catalog/SKU evidence,Verified - manufacturer catalog,
PRD-011BE58B2D,SRC030,p. 86,Exact catalog entry,Verified - legacy U.S. manufacturer catalog; current status pending,
PRD-014290DBD6,SRC001,pp. 12-13,Catalog/SKU evidence,Verified - manufacturer catalog,
PRD-019030A1C7,SRC030,p. 92,Exact catalog entry,Verified - legacy U.S. manufacturer catalog; current status pending,
PRD-01F519887A,SRC021,pp. 44-48,Exact catalog entry,Verified - manufacturer catalog; current U.S. status pending,
PRD-0221D4FEAA,SRC021,pp. 44-48,Exact catalog entry,Verified - manufacturer catalog; current U.S. status pending,
PRD-023092D446,SRC021,pp. 53-55,Exact catalog entry,Verified - manufacturer catalog; current U.S. status pending,
PRD-02641F9166,SRC030,p. 88,Exact catalog entry,Verified - legacy U.S. manufacturer catalog; current status pending,
PRD-027269F110,SRC021,p. 13,Exact catalog entry,Verified - manufacturer catalog; current U.S. status pending,
PRD-028E85E656,SRC001,p. 29,Catalog/SKU evidence,Verified - manufacturer catalog,
PRD-02AD30BCD3,SRC007,Therapeutic bronchoscopy,Candidate seed,Candidate - user seed; primary source required,
PRD-02BE5F7D32,SRC027,p. 8,Exact catalog entry,Verified - manufacturer catalog,
PRD-02DC164D77,SRC007,Perc trach and WLL,Candidate seed,Candidate - user seed; primary source required,
PRD-039120780F,SRC012,Respiratory 14.14 (PDF p. 129),Catalog/SKU evidence,Verified - manufacturer catalog,
PRD-03B374F7B8,SRC006,Product list 2025!bonastent,Candidate seed,Candidate - user seed; primary source required,
PRD-0410844D48,SRC008,CSV row 18,Candidate seed,Candidate - user seed; primary source required,
PRD-0410844D48,SRC020,Fuhrman Pleural Drainage page,Catalog/SKU evidence,Verified product/SKU identity - exact configuration pending,Manufacturer page supports product/SKU identity; exact configuration remains to be verified.
PRD-042A57F191,SRC030,p. 91,Exact catalog entry,Verified - legacy U.S. manufacturer catalog; current status pending,
PRD-042B406005,SRC001,p. 24,Catalog/SKU evidence,Verified - manufacturer catalog,
PRD-045F1D520E,SRC013,Y-shaped tracheal stent specifications (PDF p. 13),Catalog/SKU evidence,Verified exact catalog entry - global/older source,Exact catalog/SKU evidence from an older global manufacturer catalog; U.S. status unverified.
PRD-047902FA9C,SRC022,p. 2.02,Exact catalog entry,Verified - manufacturer catalog; current market status pending,
PRD-04E1CAF545,SRC007,Perc trach and WLL,Candidate seed,Candidate - user seed; primary source required,
PRD-04F9EBA54C,SRC027,p. 7,Exact catalog entry,Verified - manufacturer catalog,
PRD-050EDDE140,SRC030,p. 93,Exact catalog entry,Verified - legacy U.S. manufacturer catalog; current status pending,
PRD-05670F1B5F,SRC007,Therapeutic bronchoscopy!4,Candidate seed,Candidate - user seed; primary source required,
PRD-05670F1B5F,SRC018,"Cryoprobes for ERBECRYO 2, catalog p. 5",Catalog/SKU evidence,Verified exact catalog entry - non-U.S. source,Exact catalog/SKU evidence from a non-U.S. manufacturer catalog.
PRD-0577F2977F,SRC021,p. 23,Exact catalog entry,Verified - manufacturer catalog; current U.S. status pending,
PRD-05780FEDD7,SRC003,pp. 13-14,Catalog/SKU evidence,Verified - manufacturer catalog,
PRD-05780FEDD7,SRC004,p. 4,Cross-check,Verified - manufacturer catalog,Older manufacturer brochure.
PRD-05780FEDD7,SRC015,"Ordering information, pp. 2-3",Catalog/SKU evidence,Verified - current manufacturer page capture,Exact ordering table and product specifications shown on manufacturer page capture.
PRD-0581A0B7D2,SRC006,Product list 2025!bonastent,Candidate seed,Candidate - user seed; primary source required,
PRD-058B06F45B,SRC021,p. 20,Exact catalog entry,Verified - manufacturer catalog; current U.S. status pending,
PRD-063913C3C0,SRC013,Tracheal stent specifications (PDF p. 12),Catalog/SKU evidence,Verified exact catalog entry - global/older source,Exact catalog/SKU evidence from an older global manufacturer catalog; U.S. status unverified.
PRD-06811F5515,SRC030,p. 92,Exact catalog entry,Verified - legacy U.S. manufacturer catalog; current status pending,
PRD-06D2F10782,SRC030,pp. 66-70,Exact catalog entry,Verified - legacy U.S. manufacturer catalog; current status pending,
PRD-070884900C,SRC020,Multipurpose Plastic Tubing Adapter page,Catalog/SKU evidence,Verified product/SKU identity - exact configuration pending,Manufacturer page supports product/SKU identity; exact configuration remains to be verified.
PRD-071D7736C1,SRC001,pp. 12-13,Catalog/SKU evidence,Verified - manufacturer catalog,
PRD-071DA49031,SRC003,pp. 13-14,Catalog/SKU evidence,Verified - manufacturer catalog,
PRD-071DA49031,SRC004,p. 4,Cross-check,Verified - manufacturer catalog,Older manufacturer brochure.
PRD-071DA49031,SRC015,"Ordering information, pp. 2-3",Catalog/SKU evidence,Verified - current manufacturer page capture,Exact ordering table and product specifications shown on manufacturer page capture.
PRD-0790420A76,SRC012,Respiratory 14.05 (PDF p. 118),Catalog/SKU evidence,Verified - manufacturer catalog,
PRD-0790420A76,SRC029,p. 1,Exact catalog entry,Verified - manufacturer catalog and flyer,
PRD-07EA3DD76E,SRC001,p. 30,Catalog/SKU evidence,Verified - manufacturer catalog,
PRD-087FFD6337,SRC030,pp. 66-70,Exact catalog entry,Verified - legacy U.S. manufacturer catalog; current status pending,
PRD-08C3139357,SRC001,pp. 12-13,Catalog/SKU evidence,Verified - manufacturer catalog,
PRD-09192221FE,SRC001,p. 25,Catalog/SKU evidence,Verified - manufacturer catalog,
PRD-095515E20C,SRC021,p. 10,Exact catalog entry,Verified - manufacturer catalog; current U.S. status pending,
PRD-09AF1B1AE5,SRC019,"APC pressure reducers and gas accessories, catalog pp. 10-11",Catalog/SKU evidence,Verified exact catalog entry - non-U.S. source,Exact catalog/SKU evidence from a non-U.S. manufacturer catalog.
PRD-0A2A8CB33F,SRC007,Therapeutic bronchoscopy,Candidate seed,Candidate - user seed; primary source required,
PRD-0A2A8CB33F,SRC012,Respiratory 14.11 (PDF p. 124),Catalog/SKU evidence,Verified - manufacturer catalog,
PRD-0A2ABE77F9,SRC030,p. 92,Exact catalog entry,Verified - legacy U.S. manufacturer catalog; current status pending,
PRD-0A72BF7A79,SRC007,Therapeutic bronchoscopy,Candidate seed,Candidate - user seed; primary source required,
PRD-0A9806F6F2,SRC017,"Bipolar cables, catalog p. 11",Catalog/SKU evidence,Verified exact catalog entry - non-U.S. source,Exact catalog/SKU evidence from a non-U.S. manufacturer catalog.
PRD-0ADECF7C68,SRC017,"Bipolar cables, catalog p. 9",Catalog/SKU evidence,Verified exact catalog entry - non-U.S. source,Exact catalog/SKU evidence from a non-U.S. manufacturer catalog.
PRD-0B65831FF3,SRC001,pp. 12-13,Catalog/SKU evidence,Verified - manufacturer catalog,
PRD-0BA1BB5296,SRC021,p. 13,Exact catalog entry,Verified - manufacturer catalog; current U.S. status pending,
PRD-0BAE92E0E1,SRC007,Flexible bronchoscopy platforms!17,Candidate seed,Candidate - user seed; primary source required,
PRD-0BCFAC0926,SRC021,p. 26,Exact catalog entry,Verified - manufacturer catalog; current U.S. status pending,
PRD-0C13E4001B,SRC021,p. 25,Exact catalog entry,Verified - manufacturer catalog; current U.S. status pending,
PRD-0C3327D71D,SRC006,Product list 2025!bonastent,Candidate seed,Candidate - user seed; primary source required,
PRD-0C7A44B87D,SRC017,"Bipolar cables, catalog p. 10",Catalog/SKU evidence,Verified exact catalog entry - non-U.S. source,Exact catalog/SKU evidence from a non-U.S. manufacturer catalog.
PRD-0C821995AC,SRC018,"Accessories for ERBECRYO 2, catalog p. 7",Catalog/SKU evidence,Verified exact catalog entry - non-U.S. source,Exact catalog/SKU evidence from a non-U.S. manufacturer catalog.
PRD-0CD8E49B3D,SRC001,p. 19,Catalog/SKU evidence,Verified - manufacturer catalog,
PRD-0D187D741A,SRC016,"Specifications table, brochure p. 2",Catalog/SKU evidence,Verified - manufacturer/distributor brochure,
PRD-0D2C2802C8,SRC001,pp. 12-13,Catalog/SKU evidence,Verified - manufacturer catalog,
PRD-0D6E4DB711,SRC012,Respiratory 14.09 (PDF p. 122),Catalog/SKU evidence,Verified - manufacturer catalog,
PRD-0E088FC681,SRC027,p. 15,Exact catalog entry,Verified - manufacturer catalog and IFU,
PRD-0E6A5953F1,SRC021,p. 52,Exact catalog entry,Verified - manufacturer catalog; current U.S. status pending,
PRD-0EA2B293A4,SRC030,pp. 66-70,Exact catalog entry,Verified - legacy U.S. manufacturer catalog; current status pending,
PRD-0EA65ED2D3,SRC030,p. 144,Exact catalog entry,Verified - legacy U.S. manufacturer catalog; current status pending,
PRD-0EF1C15F6B,SRC006,Product list 2025!Sheet5,Candidate seed,Candidate - user seed; primary source required,
PRD-0EF1C15F6B,SRC027,p. 5,Exact catalog entry,Verified - manufacturer catalog,
PRD-0F20768341,SRC021,p. 6,Exact catalog entry,Verified - manufacturer catalog; current U.S. status pending,
PRD-0F30F277C1,SRC021,p. 5,Exact catalog entry,Verified - manufacturer catalog; current U.S. status pending,
PRD-0F34939AF6,SRC030,p. 86,Exact catalog entry,Verified - legacy U.S. manufacturer catalog; current status pending,
PRD-0F561988AB,SRC017,"Return-electrode cables, catalog p. 13",Catalog/SKU evidence,Verified exact catalog entry - non-U.S. source,Exact catalog/SKU evidence from a non-U.S. manufacturer catalog.
PRD-0FC4F02CEE,SRC016,"Specifications table, brochure p. 2",Catalog/SKU evidence,Verified - manufacturer/distributor brochure,
PRD-0FD6CC7A8E,SRC030,pp. 70-73,Exact catalog entry,Verified - legacy U.S. manufacturer catalog; current status pending,
PRD-0FECB0AD06,SRC030,p. 91,Exact catalog entry,Verified - legacy U.S. manufacturer catalog; current status pending,
PRD-102569C82C,SRC001,pp. 12-13,Catalog/SKU evidence,Verified - manufacturer catalog,
PRD-104DF655AD,SRC022,p. 7.05,Exact catalog entry,Verified - manufacturer catalog; current market status pending,
PRD-1058B185EB,SRC021,p. 11,Exact catalog entry,Verified - manufacturer catalog; current U.S. status pending,
PRD-1062EA74E3,SRC017,"Bipolar cables, catalog p. 11",Catalog/SKU evidence,Verified exact catalog entry - non-U.S. source,Exact catalog/SKU evidence from a non-U.S. manufacturer catalog.
PRD-108394A19E,SRC030,p. 91,Exact catalog entry,Verified - legacy U.S. manufacturer catalog; current status pending,
PRD-10959CEA29,SRC027,p. 15,Exact catalog entry,Verified - manufacturer catalog and IFU,
PRD-10B24D66DD,SRC030,p. 72,Exact catalog entry,Verified - legacy U.S. manufacturer catalog; current status pending,
PRD-112FA15A7C,SRC013,Tracheal stent specifications (PDF p. 12),Catalog/SKU evidence,Verified exact catalog entry - global/older source,Exact catalog/SKU evidence from an older global manufacturer catalog; U.S. status unverified.
PRD-11ADF871FE,SRC030,p. 91,Exact catalog entry,Verified - legacy U.S. manufacturer catalog; current status pending,
PRD-1215DE841C,SRC001,p. 25,Catalog/SKU evidence,Verified - manufacturer catalog,
PRD-12231F4168,SRC008,CSV row 23,Candidate seed,Candidate - user seed; primary source required,
PRD-12231F4168,SRC020,Wayne Pneumothorax Trocar page,Catalog/SKU evidence,Verified product/SKU identity - exact configuration pending,Manufacturer page supports product/SKU identity; exact configuration remains to be verified.
PRD-1239820D80,SRC003,p. 7,Catalog/SKU evidence,Verified - manufacturer catalog,
PRD-123BAC018B,SRC021,p. 19,Exact catalog entry,Verified - manufacturer catalog; current U.S. status pending,
PRD-125BCF3BDD,SRC021,p. 16,Exact catalog entry,Verified - manufacturer catalog; current U.S. status pending,
PRD-1266378787,SRC022,p. 2.13,Exact catalog entry,Verified - manufacturer catalog; current market status pending,
PRD-128B8E1F80,SRC001,pp. 12-13,Catalog/SKU evidence,Verified - manufacturer catalog,
PRD-1292C69B1E,SRC007,Flexible bronchoscopy platforms!15,Candidate seed,Candidate - user seed; primary source required,
PRD-1292C69B1E,SRC012,Respiratory 14.04 (PDF p. 117),Catalog/SKU evidence,Verified - manufacturer catalog,
PRD-129E6C270A,SRC030,p. 92,Exact catalog entry,Verified - legacy U.S. manufacturer catalog; current status pending,
PRD-12CFCE9A6C,SRC022,p. 2.05,Exact catalog entry,Verified - manufacturer catalog; current market status pending,
PRD-1339050168,SRC001,pp. 12-13,Catalog/SKU evidence,Verified - manufacturer catalog,
PRD-136C288332,SRC022,p. 2.16,Exact catalog entry,Verified - manufacturer catalog; current market status pending,
PRD-138ECF4319,SRC006,Product list 2025!bonastent,Candidate seed,Candidate - user seed; primary source required,
PRD-13CE349B91,SRC026,p. 6,Exact catalog entry,Verified - U.S. manufacturer brochure,
PRD-13EE4FE542,SRC006,Product list 2025!bonastent,Candidate seed,Candidate - user seed; primary source required,
PRD-1411E60176,SRC030,p. 91,Exact catalog entry,Verified - legacy U.S. manufacturer catalog; current status pending,
PRD-1425225614,SRC017,"Ignition test adapters, catalog p. 18",Catalog/SKU evidence,Verified exact catalog entry - non-U.S. source,Also listed in ERBE connecting cables and adapters catalog.
PRD-1425225614,SRC019,"APC ignition test adapters, catalog p. 8",Catalog/SKU evidence,Verified exact catalog entry - non-U.S. source,Exact catalog/SKU evidence from a non-U.S. manufacturer catalog.
PRD-1469E79896,SRC027,p. 13,Exact catalog entry,Verified - manufacturer catalog,
PRD-148F8BC5BA,SRC006,Product list 2025!Sheet6,Candidate seed,Candidate - user seed; primary source required,
PRD-14D0927E5A,SRC021,p. 22,Exact catalog entry,Verified - manufacturer catalog; current U.S. status pending,
PRD-14ED7EA20B,SRC017,"Monopolar cables, catalog p. 5",Catalog/SKU evidence,Verified exact catalog entry - non-U.S. source,Exact catalog/SKU evidence from a non-U.S. manufacturer catalog.
PRD-150ECDCD05,SRC022,p. 7.08,Exact catalog entry,Verified - manufacturer catalog; current market status pending,
PRD-152A0BFA3B,SRC003,p. 8,Catalog/SKU evidence,Verified - manufacturer catalog,
PRD-15E6B259A7,SRC001,pp. 12-13,Catalog/SKU evidence,Verified - manufacturer catalog,
PRD-167A020826,SRC021,p. 22,Exact catalog entry,Verified - manufacturer catalog; current U.S. status pending,
PRD-16A5369871,SRC007,Perc trach and WLL,Candidate seed,Candidate - user seed; primary source required,
PRD-16C811C696,SRC030,p. 143,Exact catalog entry,Verified - legacy U.S. manufacturer catalog; current status pending,
PRD-1708F37D2C,SRC019,"APCapplicator, catalog pp. 7-8",Catalog/SKU evidence,Verified exact catalog entry - non-U.S. source,Exact catalog/SKU evidence from a non-U.S. manufacturer catalog.
PRD-17C3809F8C,SRC030,p. 87,Exact catalog entry,Verified - legacy U.S. manufacturer catalog; current status pending,
PRD-17DB23EBC0,SRC030,p. 93,Exact catalog entry,Verified - legacy U.S. manufacturer catalog; current status pending,
PRD-17F5A03227,SRC027,p. 13,Exact catalog entry,Verified - manufacturer catalog,
PRD-1840ABC86D,SRC022,p. 7.10,Exact catalog entry,Verified - manufacturer catalog; current market status pending,
PRD-184B3719A2,SRC007,pleural seed,Candidate seed,Candidate - user seed; primary source required,
PRD-188391A3A6,SRC027,p. 13,Exact catalog entry,Verified - manufacturer catalog,
PRD-1894515971,SRC001,p. 28,Catalog/SKU evidence,Verified - manufacturer catalog,
PRD-189E7EF27A,SRC003,p. 12,Catalog/SKU evidence,Verified - manufacturer catalog,
PRD-18D62EB4E8,SRC021,p. 6,Exact catalog entry,Verified - manufacturer catalog; current U.S. status pending,
PRD-18F33007D6,SRC021,p. 15,Exact catalog entry,Verified - manufacturer catalog; current U.S. status pending,
PRD-1905FD9828,SRC030,p. 72,Exact catalog entry,Verified - legacy U.S. manufacturer catalog; current status pending,
PRD-190EC613D0,SRC030,p. 89,Exact catalog entry,Verified - legacy U.S. manufacturer catalog; current status pending,
PRD-19AC7F0794,SRC024,p. 2,Exact catalog entry,Verified - current manufacturer brochure,
PRD-19BAA6E1D6,SRC019,"FiAPC plus probes, catalog p. 4",Catalog/SKU evidence,Verified exact catalog entry - non-U.S. source,Exact catalog/SKU evidence from a non-U.S. manufacturer catalog.
PRD-19D03D9B14,SRC017,"Bipolar cables, catalog p. 11",Catalog/SKU evidence,Verified exact catalog entry - non-U.S. source,Exact catalog/SKU evidence from a non-U.S. manufacturer catalog.
PRD-1A0C09927F,SRC016,"Specifications table, brochure p. 2",Catalog/SKU evidence,Verified - manufacturer/distributor brochure,
PRD-1A152615A0,SRC006,Product list 2025!Sheet8,Candidate seed,Candidate - user seed; primary source required,
PRD-1B9BB00FC8,SRC022,p. 7.04,Exact catalog entry,Verified - manufacturer catalog; current market status pending,
PRD-1BCD8D38BC,SRC012,Respiratory 14.08 (PDF p. 121),Catalog/SKU evidence,Verified - manufacturer catalog,
PRD-1BD0F9BD70,SRC019,"APC pressure reducers and gas accessories, catalog pp. 10-11",Catalog/SKU evidence,Verified exact catalog entry - non-U.S. source,Exact catalog/SKU evidence from a non-U.S. manufacturer catalog.
PRD-1C368932FF,SRC001,pp. 12-13,Catalog/SKU evidence,Verified - manufacturer catalog,
PRD-1C70287572,SRC030,p. 75,Exact catalog entry,Verified - legacy U.S. manufacturer catalog; current status pending,
PRD-1C81CBF06E,SRC021,p. 12,Exact catalog entry,Verified - manufacturer catalog; current U.S. status pending,
PRD-1CA81E960D,SRC030,p. 88,Exact catalog entry,Verified - legacy U.S. manufacturer catalog; current status pending,
PRD-1CBA97E863,SRC008,CSV row 17,Candidate seed,Candidate - user seed; primary source required,
PRD-1CCEDCCC76,SRC020,Simple Pneumothorax Aspiration Accessory Set page,Catalog/SKU evidence,Verified product/SKU identity - exact configuration pending,Manufacturer page supports product/SKU identity; exact configuration remains to be verified.
PRD-1CFFD3C377,SRC030,p. 91,Exact catalog entry,Verified - legacy U.S. manufacturer catalog; current status pending,
PRD-1D568615A4,SRC027,p. 11,Exact catalog entry,Verified - manufacturer catalog,
PRD-1D78A1B240,SRC003,p. 14,Catalog/SKU evidence,Verified - manufacturer catalog,
PRD-1D78A1B240,SRC004,p. 4,Cross-check,Verified - manufacturer catalog,Older manufacturer brochure.
PRD-1D78A1B240,SRC015,"Ordering information, pp. 3-4",Catalog/SKU evidence,Verified - current manufacturer page capture,Exact ordering table and product specifications shown on manufacturer page capture.
PRD-1DCE96086D,SRC021,p. 15,Exact catalog entry,Verified - manufacturer catalog; current U.S. status pending,
PRD-1DDAD96A7B,SRC017,"Bipolar cables, catalog p. 8",Catalog/SKU evidence,Verified exact catalog entry - non-U.S. source,Exact catalog/SKU evidence from a non-U.S. manufacturer catalog.
PRD-1E339ED4FF,SRC030,p. 88,Exact catalog entry,Verified - legacy U.S. manufacturer catalog; current status pending,
PRD-1E5D7D510F,SRC030,p. 91,Exact catalog entry,Verified - legacy U.S. manufacturer catalog; current status pending,
PRD-1E613C92C3,SRC030,p. 88,Exact catalog entry,Verified - legacy U.S. manufacturer catalog; current status pending,
PRD-1E9BA85FC4,SRC022,p. 2.16,Exact catalog entry,Verified - manufacturer catalog; current market status pending,
PRD-1EC996BD63,SRC027,pp. 9-10,Exact catalog entry,Verified - manufacturer catalog,
PRD-1EEDD71C53,SRC030,pp. 66-70,Exact catalog entry,Verified - legacy U.S. manufacturer catalog; current status pending,
PRD-1F48992C6C,SRC008,CSV row 3,Candidate seed,Candidate - user seed; primary source required,
PRD-1F54DB1DE4,SRC021,p. 3,Exact catalog entry,Verified - manufacturer catalog; current U.S. status pending,
PRD-1F69D6AD05,SRC030,p. 144,Exact catalog entry,Verified - legacy U.S. manufacturer catalog; current status pending,
PRD-1F9597C1B1,SRC001,pp. 12-13,Catalog/SKU evidence,Verified - manufacturer catalog,
PRD-1FE403B84C,SRC021,pp. 44-48,Exact catalog entry,Verified - manufacturer catalog; current U.S. status pending,
PRD-2058BA100A,SRC021,pp. 44-48,Exact catalog entry,Verified - manufacturer catalog; current U.S. status pending,
PRD-207F57235E,SRC019,"APC pressure reducers and gas accessories, catalog pp. 10-11",Catalog/SKU evidence,Verified exact catalog entry - non-U.S. source,Exact catalog/SKU evidence from a non-U.S. manufacturer catalog.
PRD-20CB4910F8,SRC007,Perc trach and WLL,Candidate seed,Candidate - user seed; primary source required,
PRD-2103064DB9,SRC022,p. 2.16,Exact catalog entry,Verified - manufacturer catalog; current market status pending,
PRD-2110EC2BCF,SRC030,p. 70,Exact catalog entry,Verified - legacy U.S. manufacturer catalog; current status pending,
PRD-212BC58910,SRC030,p. 93,Exact catalog entry,Verified - legacy U.S. manufacturer catalog; current status pending,
PRD-212CEA70A3,SRC012,Respiratory 14.12 (PDF p. 125),Catalog/SKU evidence,Verified - manufacturer catalog,
PRD-2158C0F6D1,SRC030,p. 77,Exact catalog entry,Verified - legacy U.S. manufacturer catalog; current status pending,
PRD-217AB10438,SRC003,p. 6,Catalog/SKU evidence,Verified - manufacturer catalog,
PRD-21832A5DCA,SRC016,"Specifications table, brochure p. 2",Catalog/SKU evidence,Verified - manufacturer/distributor brochure,
PRD-21F6CB5BAC,SRC019,"FiAPC plus probes, catalog p. 4",Catalog/SKU evidence,Verified exact catalog entry - non-U.S. source,Exact catalog/SKU evidence from a non-U.S. manufacturer catalog.
PRD-2218769436,SRC019,"APCapplicator, catalog pp. 7-8",Catalog/SKU evidence,Verified exact catalog entry - non-U.S. source,Exact catalog/SKU evidence from a non-U.S. manufacturer catalog.
PRD-225513EE42,SRC022,p. 2.16,Exact catalog entry,Verified - manufacturer catalog; current market status pending,
PRD-2274F20402,SRC030,p. 72,Exact catalog entry,Verified - legacy U.S. manufacturer catalog; current status pending,
PRD-22A349ADEC,SRC008,CSV row 35,Candidate seed,Candidate - user seed; primary source required,
PRD-22A349ADEC,SRC026,p. 6,Exact catalog entry,Verified - U.S. manufacturer brochure,
PRD-2302DA77DA,SRC003,p. 3,Catalog/SKU evidence,Verified - manufacturer catalog,
PRD-231DEF421E,SRC001,pp. 12-13,Catalog/SKU evidence,Verified - manufacturer catalog,
PRD-235F9C6FBD,SRC003,p. 14,Catalog/SKU evidence,Verified - manufacturer catalog,
PRD-235F9C6FBD,SRC004,p. 4,Cross-check,Verified - manufacturer catalog,Older manufacturer brochure.
PRD-235F9C6FBD,SRC015,"Ordering information, pp. 3-4",Catalog/SKU evidence,Verified - current manufacturer page capture,Exact ordering table and product specifications shown on manufacturer page capture.
PRD-237B24FE49,SRC003,pp. 13-14,Catalog/SKU evidence,Verified - manufacturer catalog,
PRD-237B24FE49,SRC004,p. 4,Cross-check,Verified - manufacturer catalog,Older manufacturer brochure.
PRD-237B24FE49,SRC015,"Ordering information, pp. 2-3",Catalog/SKU evidence,Verified - current manufacturer page capture,Exact ordering table and product specifications shown on manufacturer page capture.
PRD-23D7DAB53A,SRC001,pp. 12-13,Catalog/SKU evidence,Verified - manufacturer catalog,
PRD-23E592FF23,SRC006,Product list 2025!Sheet5,Candidate seed,Candidate - user seed; primary source required,
PRD-23E592FF23,SRC027,p. 5,Exact catalog entry,Verified - manufacturer catalog,
PRD-241DE5F6DF,SRC017,"Monopolar cables, catalog p. 5",Catalog/SKU evidence,Verified exact catalog entry - non-U.S. source,Exact catalog/SKU evidence from a non-U.S. manufacturer catalog.
PRD-241E54356E,SRC001,pp. 12-13,Catalog/SKU evidence,Verified - manufacturer catalog,
PRD-246C3ADE5E,SRC001,pp. 12-13,Catalog/SKU evidence,Verified - manufacturer catalog,
PRD-247C9B978C,SRC030,p. 144,Exact catalog entry,Verified - legacy U.S. manufacturer catalog; current status pending,
PRD-24AE19F5D2,SRC021,pp. 53-55,Exact catalog entry,Verified - manufacturer catalog; current U.S. status pending,
PRD-24BB958E53,SRC001,pp. 12-13,Catalog/SKU evidence,Verified - manufacturer catalog,
PRD-24DF8E0987,SRC017,"Monopolar cables, catalog p. 6",Catalog/SKU evidence,Verified exact catalog entry - non-U.S. source,Exact catalog/SKU evidence from a non-U.S. manufacturer catalog.
PRD-251B275384,SRC003,p. 7,Catalog/SKU evidence,Verified - manufacturer catalog,
PRD-2522C4A9A6,SRC030,p. 91,Exact catalog entry,Verified - legacy U.S. manufacturer catalog; current status pending,
PRD-2538CEF181,SRC001,p. 28,Catalog/SKU evidence,Verified - manufacturer catalog,
PRD-25415AA480,SRC012,Respiratory 14.06 (PDF p. 119),Catalog/SKU evidence,Verified - manufacturer catalog,
PRD-25415AA480,SRC029,p. 1,Exact catalog entry,Verified - manufacturer flyer; current U.S. status pending,
PRD-25D4F080A3,SRC021,p. 18,Exact catalog entry,Verified - manufacturer catalog; current U.S. status pending,
PRD-2616E505ED,SRC021,p. 5,Exact catalog entry,Verified - manufacturer catalog; current U.S. status pending,
PRD-26349CF364,SRC001,pp. 12-13,Catalog/SKU evidence,Verified - manufacturer catalog,
PRD-2644647C19,SRC030,p. 91,Exact catalog entry,Verified - legacy U.S. manufacturer catalog; current status pending,
PRD-2644946D4C,SRC013,Tracheal stent specifications (PDF p. 12),Catalog/SKU evidence,Verified exact catalog entry - global/older source,Exact catalog/SKU evidence from an older global manufacturer catalog; U.S. status unverified.
PRD-2663A0A0F5,SRC007,Perc trach and WLL,Candidate seed,Candidate - user seed; primary source required,
PRD-2677F0C69F,SRC012,Respiratory 14.13 (PDF p. 127),Catalog/SKU evidence,Verified - manufacturer catalog,
PRD-26A160D11E,SRC001,pp. 12-13,Catalog/SKU evidence,Verified - manufacturer catalog,
PRD-27460DB568,SRC017,"Monopolar adapters, catalog p. 15",Catalog/SKU evidence,Verified exact catalog entry - non-U.S. source,Exact catalog/SKU evidence from a non-U.S. manufacturer catalog.
PRD-27506A7423,SRC007,Flexible bronchoscopy platforms!12,Candidate seed,Candidate - user seed; primary source required,
PRD-277D52B6BC,SRC030,p. 91,Exact catalog entry,Verified - legacy U.S. manufacturer catalog; current status pending,
PRD-27B1BEE50C,SRC003,p. 14,Catalog/SKU evidence,Verified - manufacturer catalog,
PRD-27B1BEE50C,SRC004,p. 4,Cross-check,Verified - manufacturer catalog,Older manufacturer brochure.
PRD-27B1BEE50C,SRC015,"Ordering information, pp. 3-4",Catalog/SKU evidence,Verified - current manufacturer page capture,Exact ordering table and product specifications shown on manufacturer page capture.
PRD-27BD1F9DB6,SRC017,"Monopolar cables, catalog p. 4",Catalog/SKU evidence,Verified exact catalog entry - non-U.S. source,Exact catalog/SKU evidence from a non-U.S. manufacturer catalog.
PRD-27BE0EC96A,SRC017,"Return-electrode cables, catalog p. 13",Catalog/SKU evidence,Verified exact catalog entry - non-U.S. source,Exact catalog/SKU evidence from a non-U.S. manufacturer catalog.
PRD-27BF9F087E,SRC003,p. 6,Catalog/SKU evidence,Verified - manufacturer catalog,
PRD-27CF357590,SRC008,CSV row 15,Candidate seed,Candidate - user seed; primary source required,
PRD-28C10C5EE9,SRC030,p. 75,Exact catalog entry,Verified - legacy U.S. manufacturer catalog; current status pending,
PRD-293EEBCDF0,SRC019,"APC pressure reducers and gas accessories, catalog pp. 10-11",Catalog/SKU evidence,Verified exact catalog entry - non-U.S. source,Exact catalog/SKU evidence from a non-U.S. manufacturer catalog.
PRD-2952D06A3F,SRC001,p. 28,Catalog/SKU evidence,Verified - manufacturer catalog,
PRD-29DCCCAF2B,SRC001,pp. 12-13,Catalog/SKU evidence,Verified - manufacturer catalog,
PRD-29E6B2C2D0,SRC006,Product list 2025!Sheet5,Candidate seed,Candidate - user seed; primary source required,
PRD-29E6B2C2D0,SRC027,p. 5,Exact catalog entry,Verified - manufacturer catalog,
PRD-2A67871443,SRC006,Product list 2025!Sheet5,Candidate seed,Candidate - user seed; primary source required,
PRD-2A67871443,SRC027,p. 5,Exact catalog entry,Verified - manufacturer catalog,
PRD-2A8E02EC0E,SRC001,p. 29,Catalog/SKU evidence,Verified - manufacturer catalog,
PRD-2ACB51E58C,SRC021,pp. 44-48,Exact catalog entry,Verified - manufacturer catalog; current U.S. status pending,
PRD-2B5132F8C5,SRC003,p. 12,Catalog/SKU evidence,Verified - manufacturer catalog,
PRD-2B8AACAB67,SRC029,p. 2,Exact catalog entry,Verified - manufacturer flyer; current U.S. status pending,
PRD-2BC12F8AEF,SRC030,p. 74,Exact catalog entry,Verified - legacy U.S. manufacturer catalog; current status pending,
PRD-2BD5C6261D,SRC021,pp. 53-55,Exact catalog entry,Verified - manufacturer catalog; current U.S. status pending,
PRD-2C2F29762E,SRC022,p. 7.04,Exact catalog entry,Verified - manufacturer catalog; current market status pending,
PRD-2C4537F4D4,SRC012,Respiratory 14.03 (PDF p. 116),Catalog/SKU evidence,Verified - manufacturer catalog,
PRD-2C4537F4D4,SRC029,p. 1,Exact catalog entry,Verified - manufacturer flyer; current U.S. status pending,
PRD-2C648B78A4,SRC026,p. 6,Exact catalog entry,Verified - U.S. manufacturer brochure,
PRD-2C8EBB26DF,SRC001,pp. 12-13,Catalog/SKU evidence,Verified - manufacturer catalog,
PRD-2CCE54EDFD,SRC003,p. 14,Catalog/SKU evidence,Verified - manufacturer catalog,
PRD-2CCE54EDFD,SRC004,p. 4,Cross-check,Verified - manufacturer catalog,Older manufacturer brochure.
PRD-2CCE54EDFD,SRC015,"Ordering information, pp. 3-4",Catalog/SKU evidence,Verified - current manufacturer page capture,Exact ordering table and product specifications shown on manufacturer page capture.
PRD-2CE58D8A14,SRC008,CSV row 16,Candidate seed,Candidate - user seed; primary source required,
PRD-2CEB73CB15,SRC006,Product list 2025!bonastent,Candidate seed,Candidate - user seed; primary source required,
PRD-2D0C9B936A,SRC024,p. 2,Exact catalog entry,Verified - current manufacturer brochure,
PRD-2D588804C5,SRC006,Product list 2025!Sheet6,Candidate seed,Candidate - user seed; primary source required,
PRD-2DA93F54B9,SRC024,p. 2,Exact catalog entry,Verified - current manufacturer brochure,
PRD-2DACCAD2B4,SRC030,p. 73,Exact catalog entry,Verified - legacy U.S. manufacturer catalog; current status pending,
PRD-2DBF0805A2,SRC021,p. 18,Exact catalog entry,Verified - manufacturer catalog; current U.S. status pending,
PRD-2E03B33575,SRC006,Product list 2025!Sheet5,Candidate seed,Candidate - user seed; primary source required,
PRD-2E03B33575,SRC027,p. 5,Exact catalog entry,Verified - manufacturer catalog,
PRD-2E043ED827,SRC029,p. 1,Exact catalog entry,Verified - manufacturer flyer; current U.S. status pending,
PRD-2E1A3E4B68,SRC001,pp. 12-13,Catalog/SKU evidence,Verified - manufacturer catalog,
PRD-2E6996BA6A,SRC026,p. 6,Exact catalog entry,Verified - U.S. manufacturer brochure,
PRD-2EAA2EFE2C,SRC012,Respiratory 14.16 (PDF p. 131),Catalog/SKU evidence,Verified - manufacturer catalog,
PRD-2EB4F34219,SRC021,pp. 15-17,Exact catalog entry,Verified - manufacturer catalog; current U.S. status pending,
PRD-2EB7F5EEC1,SRC021,p. 10,Exact catalog entry,Verified - manufacturer catalog; current U.S. status pending,
PRD-2EBBDD96EC,SRC012,Respiratory 14.08 (PDF p. 121),Catalog/SKU evidence,Verified - manufacturer catalog,
PRD-2EE09F18D7,SRC027,p. 7,Exact catalog entry,Verified - manufacturer catalog,
PRD-2F1A67DE53,SRC030,p. 92,Exact catalog entry,Verified - legacy U.S. manufacturer catalog; current status pending,
PRD-2F3F39DBA3,SRC003,p. 7,Catalog/SKU evidence,Verified - manufacturer catalog,
PRD-2F7DDD739E,SRC003,p. 11,Catalog/SKU evidence,Verified - manufacturer catalog,
PRD-2FACCCFC02,SRC030,p. 89,Exact catalog entry,Verified - legacy U.S. manufacturer catalog; current status pending,
PRD-2FBD344316,SRC021,pp. 44-48,Exact catalog entry,Verified - manufacturer catalog; current U.S. status pending,
PRD-2FFEEB98B2,SRC002,pp. 2-5,Catalog/SKU evidence,Verified - manufacturer catalog,
PRD-3097FD9A2E,SRC018,"Accessories for ERBECRYO 2, catalog p. 7",Catalog/SKU evidence,Verified exact catalog entry - non-U.S. source,Exact catalog/SKU evidence from a non-U.S. manufacturer catalog.
PRD-31DA7C7FF7,SRC008,CSV row 25,Candidate seed,Candidate - user seed; primary source required,
PRD-32203FFD61,SRC001,pp. 12-13,Catalog/SKU evidence,Verified - manufacturer catalog,
PRD-3236D0CEDC,SRC021,pp. 49-51,Exact catalog entry,Verified - manufacturer catalog; current U.S. status pending,
PRD-3296D18171,SRC003,pp. 13-14,Catalog/SKU evidence,Verified - manufacturer catalog,
PRD-3296D18171,SRC004,p. 4,Cross-check,Verified - manufacturer catalog,Older manufacturer brochure.
PRD-3296D18171,SRC015,"Ordering information, pp. 2-3",Catalog/SKU evidence,Verified - current manufacturer page capture,Exact ordering table and product specifications shown on manufacturer page capture.
PRD-32BD35D821,SRC001,p. 14,Catalog/SKU evidence,Verified - manufacturer catalog,
PRD-33120D5BE2,SRC030,pp. 68-69,Exact catalog entry,Verified - legacy U.S. manufacturer catalog; current status pending,
PRD-3353BDD6CD,SRC017,"Bipolar cables, catalog p. 9",Catalog/SKU evidence,Verified exact catalog entry - non-U.S. source,Exact catalog/SKU evidence from a non-U.S. manufacturer catalog.
PRD-33C62E2093,SRC030,p. 91,Exact catalog entry,Verified - legacy U.S. manufacturer catalog; current status pending,
PRD-3402724B0E,SRC003,pp. 13-14,Catalog/SKU evidence,Verified - manufacturer catalog,
PRD-3402724B0E,SRC004,p. 4,Cross-check,Verified - manufacturer catalog,Older manufacturer brochure.
PRD-3402724B0E,SRC015,"Ordering information, pp. 2-3",Catalog/SKU evidence,Verified - current manufacturer page capture,Exact ordering table and product specifications shown on manufacturer page capture.
PRD-34234ED158,SRC007,Therapeutic bronchoscopy,Candidate seed,Candidate - user seed; primary source required,
PRD-34234ED158,SRC012,Respiratory 14.11 (PDF p. 124),Catalog/SKU evidence,Verified - manufacturer catalog,
PRD-34598AB94A,SRC006,Product list 2025!bonastent,Candidate seed,Candidate - user seed; primary source required,
PRD-34895D701B,SRC012,Respiratory 14.12 (PDF p. 125),Catalog/SKU evidence,Verified - manufacturer catalog,
PRD-34BAA70074,SRC029,p. 2,Exact catalog entry,Verified - manufacturer flyer; current U.S. status pending,
PRD-354ECD3DC4,SRC030,p. 86,Exact catalog entry,Verified - legacy U.S. manufacturer catalog; current status pending,
PRD-35D1C951DD,SRC001,pp. 12-13,Catalog/SKU evidence,Verified - manufacturer catalog,
PRD-35EC8EE328,SRC003,p. 12,Catalog/SKU evidence,Verified - manufacturer catalog,
PRD-365451442E,SRC012,Respiratory 14.10 (PDF p. 123),Catalog/SKU evidence,Verified - manufacturer catalog,
PRD-369E8F396B,SRC013,Tracheal stent specifications (PDF p. 12),Catalog/SKU evidence,Verified exact catalog entry - global/older source,Exact catalog/SKU evidence from an older global manufacturer catalog; U.S. status unverified.
PRD-36CD5DBC39,SRC027,pp. 9-10,Exact catalog entry,Verified - manufacturer catalog,
PRD-36D0F6CBA0,SRC008,CSV row 14,Candidate seed,Candidate - user seed; primary source required,
PRD-36F32A458B,SRC021,pp. 15-17,Exact catalog entry,Verified - manufacturer catalog; current U.S. status pending,
PRD-377440703A,SRC030,p. 144,Exact catalog entry,Verified - legacy U.S. manufacturer catalog; current status pending,
PRD-388B36D2E2,SRC021,p. 13,Exact catalog entry,Verified - manufacturer catalog; current U.S. status pending,
PRD-38F9E96675,SRC030,p. 88,Exact catalog entry,Verified - legacy U.S. manufacturer catalog; current status pending,
PRD-394135E376,SRC001,pp. 12-13,Catalog/SKU evidence,Verified - manufacturer catalog,
PRD-39EB1A695C,SRC001,pp. 12-13,Catalog/SKU evidence,Verified - manufacturer catalog,
PRD-3A183102CF,SRC019,"FiAPC probes, catalog pp. 5-6",Catalog/SKU evidence,Verified exact catalog entry - non-U.S. source,Exact catalog/SKU evidence from a non-U.S. manufacturer catalog.
PRD-3A27A7B76D,SRC008,CSV row 4,Candidate seed,Candidate - user seed; primary source required,
PRD-3A4F408F18,SRC021,p. 20,Exact catalog entry,Verified - manufacturer catalog; current U.S. status pending,
PRD-3A6898898E,SRC013,Tracheal stent specifications (PDF p. 12),Catalog/SKU evidence,Verified exact catalog entry - global/older source,Exact catalog/SKU evidence from an older global manufacturer catalog; U.S. status unverified.
PRD-3A7C0C418C,SRC025,pp. 2-3,System intended use and compatibility,Verified - manufacturer IFU,IFU supports tunneled long-term pleural drainage system identity and approved access methods.
PRD-3A7C0C418C,SRC027,p. 14,Exact catalog entry,Verified - manufacturer catalog and IFU,
PRD-3AAC1114C7,SRC030,pp. 66-70,Exact catalog entry,Verified - legacy U.S. manufacturer catalog; current status pending,
PRD-3BEF064A41,SRC001,p. 19,Catalog/SKU evidence,Verified - manufacturer catalog,
PRD-3C2043D9ED,SRC027,p. 7,Exact catalog entry,Verified - manufacturer catalog,
PRD-3C6D28844E,SRC013,Tracheal stent specifications (PDF p. 12),Catalog/SKU evidence,Verified exact catalog entry - global/older source,Exact catalog/SKU evidence from an older global manufacturer catalog; U.S. status unverified.
PRD-3C756110F0,SRC021,p. 10,Exact catalog entry,Verified - manufacturer catalog; current U.S. status pending,
PRD-3CAAB4D79C,SRC019,"APC pressure reducers and gas accessories, catalog pp. 10-11",Catalog/SKU evidence,Verified exact catalog entry - non-U.S. source,Exact catalog/SKU evidence from a non-U.S. manufacturer catalog.
PRD-3CF45A4BFF,SRC030,pp. 66-70,Exact catalog entry,Verified - legacy U.S. manufacturer catalog; current status pending,
PRD-3D26E84017,SRC012,Respiratory 14.02 (PDF p. 115),Catalog/SKU evidence,Verified - manufacturer catalog,
PRD-3D383F0834,SRC001,pp. 12-13,Catalog/SKU evidence,Verified - manufacturer catalog,
PRD-3D8AEACE11,SRC003,pp. 13-14,Catalog/SKU evidence,Verified - manufacturer catalog,
PRD-3D8AEACE11,SRC004,p. 4,Cross-check,Verified - manufacturer catalog,Older manufacturer brochure.
PRD-3D8AEACE11,SRC015,"Ordering information, pp. 2-3",Catalog/SKU evidence,Verified - current manufacturer page capture,Exact ordering table and product specifications shown on manufacturer page capture.
PRD-3D91F04C91,SRC030,pp. 70-73,Exact catalog entry,Verified - legacy U.S. manufacturer catalog; current status pending,
PRD-3ED9411F2F,SRC003,p. 11,Catalog/SKU evidence,Verified - manufacturer catalog,
PRD-3EDAA08D62,SRC008,CSV row 2,Candidate seed,Candidate - user seed; primary source required,
PRD-3F51C7D66F,SRC024,p. 2,Exact catalog entry,Verified - current manufacturer brochure,
PRD-3FE0E7E391,SRC021,p. 26,Exact catalog entry,Verified - manufacturer catalog; current U.S. status pending,
PRD-3FF143180F,SRC001,pp. 12-13,Catalog/SKU evidence,Verified - manufacturer catalog,
PRD-400BEF3640,SRC030,p. 91,Exact catalog entry,Verified - legacy U.S. manufacturer catalog; current status pending,
PRD-408A683593,SRC001,pp. 12-13,Catalog/SKU evidence,Verified - manufacturer catalog,
PRD-40B834E981,SRC021,pp. 49-51,Exact catalog entry,Verified - manufacturer catalog; current U.S. status pending,
PRD-40F16EE5D5,SRC007,Therapeutic bronchoscopy,Candidate seed,Candidate - user seed; primary source required,
PRD-40F9EDE43C,SRC017,"Bipolar adapters, catalog p. 17",Catalog/SKU evidence,Verified exact catalog entry - non-U.S. source,Exact catalog/SKU evidence from a non-U.S. manufacturer catalog.
PRD-412ADCED34,SRC026,p. 6,Exact catalog entry,Verified - U.S. manufacturer brochure,
PRD-415D12A635,SRC017,"Return-electrode cables, catalog p. 14",Catalog/SKU evidence,Verified exact catalog entry - non-U.S. source,Exact catalog/SKU evidence from a non-U.S. manufacturer catalog.
PRD-41BA4FDFE6,SRC007,pleural seed,Candidate seed,Candidate - user seed; primary source required,
PRD-41BA4FDFE6,SRC008,CSV row 32,Candidate seed,Candidate - user seed; primary source required,
PRD-41BE0FC18C,SRC027,p. 7,Exact catalog entry,Verified - manufacturer catalog,
PRD-41F9791461,SRC021,p. 20,Exact catalog entry,Verified - manufacturer catalog; current U.S. status pending,
PRD-426476A0AB,SRC012,Respiratory 14.15 (PDF p. 130),Catalog/SKU evidence,Verified - manufacturer catalog,
PRD-427A070734,SRC030,p. 144,Exact catalog entry,Verified - legacy U.S. manufacturer catalog; current status pending,
PRD-42804464C2,SRC001,pp. 12-13,Catalog/SKU evidence,Verified - manufacturer catalog,
PRD-4298F66678,SRC021,p. 25,Exact catalog entry,Verified - manufacturer catalog; current U.S. status pending,
PRD-4361785147,SRC027,pp. 9-10,Exact catalog entry,Verified - manufacturer catalog,
PRD-438D71C59C,SRC006,Product list 2025!Sheet5,Candidate seed,Candidate - user seed; primary source required,
PRD-438D71C59C,SRC027,p. 5,Exact catalog entry,Verified - manufacturer catalog,
PRD-4423366610,SRC007,pleural seed,Candidate seed,Candidate - user seed; primary source required,
PRD-44704ED825,SRC003,pp. 13-14,Catalog/SKU evidence,Verified - manufacturer catalog,
PRD-44704ED825,SRC004,p. 4,Cross-check,Verified - manufacturer catalog,Older manufacturer brochure.
PRD-44704ED825,SRC015,"Ordering information, pp. 2-3",Catalog/SKU evidence,Verified - current manufacturer page capture,Exact ordering table and product specifications shown on manufacturer page capture.
PRD-44839F0522,SRC001,pp. 12-13,Catalog/SKU evidence,Verified - manufacturer catalog,
PRD-448C184685,SRC023,p. 3,Exact catalog entry,Verified - manufacturer brochure; current market status pending,
PRD-44A6CBF184,SRC001,pp. 12-13,Catalog/SKU evidence,Verified - manufacturer catalog,
PRD-456C006CCE,SRC017,"Irrigation adapters, catalog p. 19",Catalog/SKU evidence,Verified exact catalog entry - non-U.S. source,Exact catalog/SKU evidence from a non-U.S. manufacturer catalog.
PRD-457AC85266,SRC001,pp. 12-13,Catalog/SKU evidence,Verified - manufacturer catalog,
PRD-460DB62059,SRC025,pp. 2-3,System intended use and compatibility,Verified - manufacturer IFU,IFU supports tunneled long-term pleural drainage system identity and approved access methods.
PRD-460DB62059,SRC027,p. 14,Exact catalog entry,Verified - manufacturer catalog and IFU,
PRD-470EA6C7BA,SRC006,Product list 2025!bonastent,Candidate seed,Candidate - user seed; primary source required,
PRD-4724EA02A3,SRC013,Tracheal stent specifications (PDF p. 12),Catalog/SKU evidence,Verified exact catalog entry - global/older source,Exact catalog/SKU evidence from an older global manufacturer catalog; U.S. status unverified.
PRD-473C35E94F,SRC021,p. 18,Exact catalog entry,Verified - manufacturer catalog; current U.S. status pending,
PRD-481074A513,SRC030,p. 91,Exact catalog entry,Verified - legacy U.S. manufacturer catalog; current status pending,
PRD-486F6703A9,SRC017,"Bipolar cables, catalog p. 10",Catalog/SKU evidence,Verified exact catalog entry - non-U.S. source,Exact catalog/SKU evidence from a non-U.S. manufacturer catalog.
PRD-4896D3D636,SRC017,"Bipolar cables, catalog p. 10",Catalog/SKU evidence,Verified exact catalog entry - non-U.S. source,Exact catalog/SKU evidence from a non-U.S. manufacturer catalog.
PRD-48AEE784DD,SRC022,p. 6.04,Exact catalog entry,Verified - manufacturer catalog; current market status pending,
PRD-48CBAB53FF,SRC001,pp. 12-13,Catalog/SKU evidence,Verified - manufacturer catalog,
PRD-48EEBAD727,SRC001,pp. 12-13,Catalog/SKU evidence,Verified - manufacturer catalog,
PRD-492FC6BE35,SRC001,p. 24,Catalog/SKU evidence,Verified - manufacturer catalog,
PRD-49A7F962D0,SRC007,pleural seed,Candidate seed,Candidate - user seed; primary source required,
PRD-4A023D6489,SRC030,p. 86,Exact catalog entry,Verified - legacy U.S. manufacturer catalog; current status pending,
PRD-4A04124FF2,SRC007,Flexible bronchoscopy platforms!2,Candidate seed,Candidate - user seed; primary source required,
PRD-4A329E27C5,SRC021,p. 5,Exact catalog entry,Verified - manufacturer catalog; current U.S. status pending,
PRD-4A3F2CCBBF,SRC006,Product list 2025!thoracent,Candidate seed,Candidate - user seed; primary source required,
PRD-4A98F07FC6,SRC030,p. 73,Exact catalog entry,Verified - legacy U.S. manufacturer catalog; current status pending,
PRD-4AECEED0C8,SRC006,Product list 2025!bonastent,Candidate seed,Candidate - user seed; primary source required,
PRD-4B4F1501DE,SRC003,p. 14,Catalog/SKU evidence,Verified - manufacturer catalog,
PRD-4B4F1501DE,SRC004,p. 4,Cross-check,Verified - manufacturer catalog,Older manufacturer brochure.
PRD-4B4F1501DE,SRC015,"Ordering information, pp. 3-4",Catalog/SKU evidence,Verified - current manufacturer page capture,Exact ordering table and product specifications shown on manufacturer page capture.
PRD-4BB84F196B,SRC021,pp. 44-48,Exact catalog entry,Verified - manufacturer catalog; current U.S. status pending,
PRD-4BD7E911C3,SRC021,p. 5,Exact catalog entry,Verified - manufacturer catalog; current U.S. status pending,
PRD-4C3147DF15,SRC022,p. 2.13,Exact catalog entry,Verified - manufacturer catalog; current market status pending,
PRD-4C745881F9,SRC012,Respiratory 14.04 (PDF p. 117),Catalog/SKU evidence,Verified - manufacturer catalog,
PRD-4D06DCE96B,SRC017,"Return-electrode cables, catalog p. 14",Catalog/SKU evidence,Verified exact catalog entry - non-U.S. source,Exact catalog/SKU evidence from a non-U.S. manufacturer catalog.
PRD-4D5E28D425,SRC001,pp. 12-13,Catalog/SKU evidence,Verified - manufacturer catalog,
PRD-4DBE64B0DA,SRC021,p. 22,Exact catalog entry,Verified - manufacturer catalog; current U.S. status pending,
PRD-4E186C03D4,SRC003,p. 14,Catalog/SKU evidence,Verified - manufacturer catalog,
PRD-4E186C03D4,SRC004,p. 4,Cross-check,Verified - manufacturer catalog,Older manufacturer brochure.
PRD-4E186C03D4,SRC015,"Ordering information, pp. 3-4",Catalog/SKU evidence,Verified - current manufacturer page capture,Exact ordering table and product specifications shown on manufacturer page capture.
PRD-4E59B4CEB3,SRC021,p. 5,Exact catalog entry,Verified - manufacturer catalog; current U.S. status pending,
PRD-4E9069C30F,SRC003,p. 9,Catalog/SKU evidence,Verified - manufacturer catalog,
PRD-4E9412A49F,SRC019,"FiAPC plus probes, catalog p. 4",Catalog/SKU evidence,Verified exact catalog entry - non-U.S. source,Exact catalog/SKU evidence from a non-U.S. manufacturer catalog.
PRD-4F06212417,SRC021,p. 22,Exact catalog entry,Verified - manufacturer catalog; current U.S. status pending,
PRD-4F64240AD0,SRC021,pp. 49-51,Exact catalog entry,Verified - manufacturer catalog; current U.S. status pending,
PRD-4F9AA3907F,SRC003,p. 14,Catalog/SKU evidence,Verified - manufacturer catalog,
PRD-4F9AA3907F,SRC004,p. 4,Cross-check,Verified - manufacturer catalog,Older manufacturer brochure.
PRD-4F9AA3907F,SRC015,"Ordering information, pp. 3-4",Catalog/SKU evidence,Verified - current manufacturer page capture,Exact ordering table and product specifications shown on manufacturer page capture.
PRD-5070336E33,SRC006,Product list 2025!Sheet7,Candidate seed,Candidate - user seed; primary source required,
PRD-509226DE95,SRC007,Perc trach and WLL,Candidate seed,Candidate - user seed; primary source required,
PRD-50AAFE240E,SRC021,p. 19,Exact catalog entry,Verified - manufacturer catalog; current U.S. status pending,
PRD-50DCC12BE8,SRC030,p. 72,Exact catalog entry,Verified - legacy U.S. manufacturer catalog; current status pending,
PRD-50F36C0CF9,SRC001,pp. 12-13,Catalog/SKU evidence,Verified - manufacturer catalog,
PRD-513E7E5BCD,SRC027,p. 8,Exact catalog entry,Verified - manufacturer catalog,
PRD-523148A737,SRC021,p. 10,Exact catalog entry,Verified - manufacturer catalog; current U.S. status pending,
PRD-5255AADD2C,SRC006,Product list 2025!bonastent,Candidate seed,Candidate - user seed; primary source required,
PRD-526F08F11A,SRC030,p. 75,Exact catalog entry,Verified - legacy U.S. manufacturer catalog; current status pending,
PRD-529E58AC8C,SRC021,pp. 53-55,Exact catalog entry,Verified - manufacturer catalog; current U.S. status pending,
PRD-52C5BEC3A1,SRC007,Perc trach and WLL,Candidate seed,Candidate - user seed; primary source required,
PRD-534A17E0C9,SRC027,p. 7,Exact catalog entry,Verified - manufacturer catalog,
PRD-535FE6B186,SRC017,"Bipolar cables, catalog p. 9",Catalog/SKU evidence,Verified exact catalog entry - non-U.S. source,Exact catalog/SKU evidence from a non-U.S. manufacturer catalog.
PRD-53805EF31F,SRC021,p. 26,Exact catalog entry,Verified - manufacturer catalog; current U.S. status pending,
PRD-53FF14A0C3,SRC021,p. 16,Exact catalog entry,Verified - manufacturer catalog; current U.S. status pending,
PRD-5402A5D241,SRC001,p. 25,Catalog/SKU evidence,Verified - manufacturer catalog,
PRD-543E5F36B7,SRC021,p. 14,Exact catalog entry,Verified - manufacturer catalog; current U.S. status pending,
PRD-5445BFA070,SRC019,"FiAPC probes, catalog pp. 5-6",Catalog/SKU evidence,Verified exact catalog entry - non-U.S. source,Exact catalog/SKU evidence from a non-U.S. manufacturer catalog.
PRD-54CEDAAE5B,SRC021,pp. 6-7,Exact catalog entry,Verified - manufacturer catalog; current U.S. status pending,
PRD-55094F0EC3,SRC001,p. 25,Catalog/SKU evidence,Verified - manufacturer catalog,
PRD-55D98AAFB1,SRC017,"Bipolar cables, catalog p. 12",Catalog/SKU evidence,Verified exact catalog entry - non-U.S. source,Exact catalog/SKU evidence from a non-U.S. manufacturer catalog.
PRD-55E5D08ADC,SRC019,"APC pressure reducers and gas accessories, catalog pp. 10-11",Catalog/SKU evidence,Verified exact catalog entry - non-U.S. source,Exact catalog/SKU evidence from a non-U.S. manufacturer catalog.
PRD-55F29BC1F9,SRC027,p. 5,Exact catalog entry,Verified - manufacturer catalog,
PRD-56932BDE51,SRC006,Product list 2025!bonastent,Candidate seed,Candidate - user seed; primary source required,
PRD-56DF49383B,SRC027,p. 15,Exact catalog entry,Verified - manufacturer catalog and IFU,
PRD-574BC79D2B,SRC017,"Bipolar adapters, catalog p. 16",Catalog/SKU evidence,Verified exact catalog entry - non-U.S. source,Exact catalog/SKU evidence from a non-U.S. manufacturer catalog.
PRD-5788C21B1E,SRC012,Respiratory 14.07 (PDF p. 120),Catalog/SKU evidence,Verified - manufacturer catalog,
PRD-5798E6CA9D,SRC003,p. 14,Catalog/SKU evidence,Verified - manufacturer catalog,
PRD-5798E6CA9D,SRC004,p. 4,Cross-check,Verified - manufacturer catalog,Older manufacturer brochure.
PRD-5798E6CA9D,SRC015,"Ordering information, pp. 3-4",Catalog/SKU evidence,Verified - current manufacturer page capture,Exact ordering table and product specifications shown on manufacturer page capture.
PRD-57A313D4DB,SRC017,"Bipolar cables, catalog p. 8",Catalog/SKU evidence,Verified exact catalog entry - non-U.S. source,Exact catalog/SKU evidence from a non-U.S. manufacturer catalog.
PRD-57C0ED84C2,SRC030,p. 75,Exact catalog entry,Verified - legacy U.S. manufacturer catalog; current status pending,
PRD-57CB9C3B69,SRC001,pp. 12-13,Catalog/SKU evidence,Verified - manufacturer catalog,
PRD-57D0D10F0F,SRC027,p. 5,Exact catalog entry,Verified - manufacturer catalog,
PRD-57EB842692,SRC001,p. 25,Catalog/SKU evidence,Verified - manufacturer catalog,
PRD-5831011F6E,SRC012,Respiratory 14.04 (PDF p. 117),Catalog/SKU evidence,Verified - manufacturer catalog,
PRD-58CFB02C8E,SRC021,pp. 53-55,Exact catalog entry,Verified - manufacturer catalog; current U.S. status pending,
PRD-58DB5E4909,SRC006,Product list 2025!Sheet5,Candidate seed,Candidate - user seed; primary source required,
PRD-58DB5E4909,SRC027,p. 5,Exact catalog entry,Verified - manufacturer catalog,
PRD-58DE7D49C4,SRC012,Respiratory 14.03 (PDF p. 116),Catalog/SKU evidence,Verified - manufacturer catalog,
PRD-5902F1C231,SRC030,p. 92,Exact catalog entry,Verified - legacy U.S. manufacturer catalog; current status pending,
PRD-592787DB28,SRC022,p. 7.07,Exact catalog entry,Verified - manufacturer catalog; current market status pending,
PRD-5941DF2464,SRC021,p. 5,Exact catalog entry,Verified - manufacturer catalog; current U.S. status pending,
PRD-5955133BB7,SRC001,pp. 12-13,Catalog/SKU evidence,Verified - manufacturer catalog,
PRD-598FB0AD5D,SRC021,p. 15,Exact catalog entry,Verified - manufacturer catalog; current U.S. status pending,
PRD-59D2DF4F88,SRC021,p. 10,Exact catalog entry,Verified - manufacturer catalog; current U.S. status pending,
PRD-5A28AF1C52,SRC001,p. 30,Catalog/SKU evidence,Verified - manufacturer catalog,
PRD-5A3334BDDC,SRC001,p. 28,Catalog/SKU evidence,Verified - manufacturer catalog,
PRD-5A54E4A232,SRC001,pp. 12-13,Catalog/SKU evidence,Verified - manufacturer catalog,
PRD-5A822E57C6,SRC003,p. 14,Catalog/SKU evidence,Verified - manufacturer catalog,
PRD-5A822E57C6,SRC004,p. 4,Cross-check,Verified - manufacturer catalog,Older manufacturer brochure.
PRD-5A822E57C6,SRC015,"Ordering information, pp. 3-4",Catalog/SKU evidence,Verified - current manufacturer page capture,Exact ordering table and product specifications shown on manufacturer page capture.
PRD-5A90A3DABC,SRC001,pp. 12-13,Catalog/SKU evidence,Verified - manufacturer catalog,
PRD-5AB3F8988B,SRC019,"FiAPC plus probes, catalog p. 4",Catalog/SKU evidence,Verified exact catalog entry - non-U.S. source,Exact catalog/SKU evidence from a non-U.S. manufacturer catalog.
PRD-5ACC570E45,SRC001,pp. 12-13,Catalog/SKU evidence,Verified - manufacturer catalog,
PRD-5AD92B5438,SRC001,pp. 12-13,Catalog/SKU evidence,Verified - manufacturer catalog,
PRD-5AEEF62066,SRC018,"Gas bottle adapter table, catalog pp. 4, 7",Catalog/SKU evidence,Verified exact catalog entry - non-U.S. source,Exact catalog/SKU evidence from a non-U.S. manufacturer catalog.
PRD-5B0D81C458,SRC021,p. 5,Exact catalog entry,Verified - manufacturer catalog; current U.S. status pending,
PRD-5B271EC93B,SRC021,pp. 44-48,Exact catalog entry,Verified - manufacturer catalog; current U.S. status pending,
PRD-5BA5F9BD46,SRC001,p. 25,Catalog/SKU evidence,Verified - manufacturer catalog,
PRD-5BDAA5E440,SRC001,p. 24,Catalog/SKU evidence,Verified - manufacturer catalog,
PRD-5C35FB169D,SRC021,pp. 15-17,Exact catalog entry,Verified - manufacturer catalog; current U.S. status pending,
PRD-5C40D8FE80,SRC021,p. 15,Exact catalog entry,Verified - manufacturer catalog; current U.S. status pending,
PRD-5C46BC7DA9,SRC006,Product list 2025!Sheet7,Candidate seed,Candidate - user seed; primary source required,
PRD-5C99BF6AB0,SRC027,p. 15,Exact catalog entry,Verified - manufacturer catalog and IFU,
PRD-5CBD1FD1E3,SRC003,p. 3,Catalog/SKU evidence,Verified - manufacturer catalog,
PRD-5CC8131FDE,SRC024,p. 2,Exact catalog entry,Verified - current manufacturer brochure,
PRD-5CCBBDD4CF,SRC030,pp. 70-73,Exact catalog entry,Verified - legacy U.S. manufacturer catalog; current status pending,
PRD-5CD03F0708,SRC021,p. 5,Exact catalog entry,Verified - manufacturer catalog; current U.S. status pending,
PRD-5CD3FA131B,SRC017,"Bipolar cables, catalog p. 12",Catalog/SKU evidence,Verified exact catalog entry - non-U.S. source,Exact catalog/SKU evidence from a non-U.S. manufacturer catalog.
PRD-5CF4A24299,SRC012,Respiratory 14.12 (PDF p. 125),Catalog/SKU evidence,Verified - manufacturer catalog,
PRD-5D09EFABDD,SRC016,"Specifications table, brochure p. 2",Catalog/SKU evidence,Verified - manufacturer/distributor brochure,
PRD-5D0F775ADC,SRC030,p. 66,Exact catalog entry,Verified - legacy U.S. manufacturer catalog; current status pending,
PRD-5D118F7388,SRC021,p. 14,Exact catalog entry,Verified - manufacturer catalog; current U.S. status pending,
PRD-5DFC2E8E8B,SRC018,"Accessories for ERBECRYO 2, catalog p. 6",Catalog/SKU evidence,Verified exact catalog entry - non-U.S. source,Exact catalog/SKU evidence from a non-U.S. manufacturer catalog.
PRD-5E2713887A,SRC021,p. 44,Exact catalog entry,Verified - manufacturer catalog; current U.S. status pending,
PRD-5E4F566AA2,SRC001,p. 24,Catalog/SKU evidence,Verified - manufacturer catalog,
PRD-5E6845A633,SRC021,p. 10,Exact catalog entry,Verified - manufacturer catalog; current U.S. status pending,
PRD-5EF986AAB1,SRC012,Respiratory 14.15 (PDF p. 130),Catalog/SKU evidence,Verified - manufacturer catalog,
PRD-5F801B5A8E,SRC003,p. 13,Catalog/SKU evidence,Verified - manufacturer catalog,
PRD-5FA4880E82,SRC021,p. 43,Exact catalog entry,Verified - manufacturer catalog; current U.S. status pending,
PRD-602AA2F147,SRC003,p. 13,Catalog/SKU evidence,Verified - manufacturer catalog,
PRD-60785178C9,SRC027,p. 13,Exact catalog entry,Verified - manufacturer catalog,
PRD-609D197124,SRC006,Product list 2025!thoracent,Candidate seed,Candidate - user seed; primary source required,
PRD-60C171D0E6,SRC026,p. 6,Exact catalog entry,Verified - U.S. manufacturer brochure,
PRD-60ED7DF50E,SRC030,p. 86,Exact catalog entry,Verified - legacy U.S. manufacturer catalog; current status pending,
PRD-6124E1A326,SRC016,"Specifications table, brochure p. 2",Catalog/SKU evidence,Verified - manufacturer/distributor brochure,
PRD-615CDFB8AB,SRC030,p. 74,Exact catalog entry,Verified - legacy U.S. manufacturer catalog; current status pending,
PRD-61915862CE,SRC003,p. 12,Catalog/SKU evidence,Verified - manufacturer catalog,
PRD-61B1C43B5C,SRC016,"Specifications table, brochure p. 2",Catalog/SKU evidence,Verified - manufacturer/distributor brochure,
PRD-61EE4D5DE6,SRC030,p. 145,Exact catalog entry,Verified - legacy U.S. manufacturer catalog; current status pending,
PRD-6274807854,SRC030,pp. 70-73,Exact catalog entry,Verified - legacy U.S. manufacturer catalog; current status pending,
PRD-62E4A72F9D,SRC006,Product list 2025!Sheet7,Candidate seed,Candidate - user seed; primary source required,
PRD-62FB291C50,SRC006,Product list 2025!thoracent,Candidate seed,Candidate - user seed; primary source required,
PRD-631CFE65BD,SRC001,p. 28,Catalog/SKU evidence,Verified - manufacturer catalog,
PRD-633391A337,SRC003,pp. 13-14,Catalog/SKU evidence,Verified - manufacturer catalog,
PRD-633391A337,SRC004,p. 4,Cross-check,Verified - manufacturer catalog,Older manufacturer brochure.
PRD-633391A337,SRC015,"Ordering information, pp. 2-3",Catalog/SKU evidence,Verified - current manufacturer page capture,Exact ordering table and product specifications shown on manufacturer page capture.
PRD-635895FDEF,SRC003,p. 14,Catalog/SKU evidence,Verified - manufacturer catalog,
PRD-635895FDEF,SRC004,p. 4,Cross-check,Verified - manufacturer catalog,Older manufacturer brochure.
PRD-635895FDEF,SRC015,"Ordering information, pp. 3-4",Catalog/SKU evidence,Verified - current manufacturer page capture,Exact ordering table and product specifications shown on manufacturer page capture.
PRD-635FE10D65,SRC021,pp. 53-55,Exact catalog entry,Verified - manufacturer catalog; current U.S. status pending,
PRD-63E9945A0A,SRC019,"FiAPC probes, catalog p. 6",Catalog/SKU evidence,Verified exact catalog entry - non-U.S. source,Exact catalog/SKU evidence from a non-U.S. manufacturer catalog.
PRD-63EDA47A7D,SRC003,pp. 13-14,Catalog/SKU evidence,Verified - manufacturer catalog,
PRD-63EDA47A7D,SRC004,p. 4,Cross-check,Verified - manufacturer catalog,Older manufacturer brochure.
PRD-63EDA47A7D,SRC015,"Ordering information, pp. 2-3",Catalog/SKU evidence,Verified - current manufacturer page capture,Exact ordering table and product specifications shown on manufacturer page capture.
PRD-6407CF16C1,SRC027,p. 7,Exact catalog entry,Verified - manufacturer catalog,
PRD-64481A5C4F,SRC007,Perc trach and WLL,Candidate seed,Candidate - user seed; primary source required,
PRD-6488B1F637,SRC006,Product list 2025!Sheet5,Candidate seed,Candidate - user seed; primary source required,
PRD-6488B1F637,SRC027,p. 5,Exact catalog entry,Verified - manufacturer catalog,
PRD-64B1BB919D,SRC001,pp. 12-13,Catalog/SKU evidence,Verified - manufacturer catalog,
PRD-6556097624,SRC027,p. 5,Exact catalog entry,Verified - manufacturer catalog,
PRD-65629D3931,SRC027,p. 7,Exact catalog entry,Verified - manufacturer catalog,
PRD-65A15D079A,SRC001,pp. 12-13,Catalog/SKU evidence,Verified - manufacturer catalog,
PRD-66110A69CE,SRC001,p. 29,Catalog/SKU evidence,Verified - manufacturer catalog,
PRD-663E85AB45,SRC021,p. 23,Exact catalog entry,Verified - manufacturer catalog; current U.S. status pending,
PRD-664CA0CB26,SRC012,Respiratory 14.10 (PDF p. 123),Catalog/SKU evidence,Verified - manufacturer catalog,
PRD-66935DEE7B,SRC001,pp. 12-13,Catalog/SKU evidence,Verified - manufacturer catalog,
PRD-66A04F5119,SRC001,p. 29,Catalog/SKU evidence,Verified - manufacturer catalog,
PRD-6707AC67D1,SRC030,p. 66,Exact catalog entry,Verified - legacy U.S. manufacturer catalog; current status pending,
PRD-67D1D03D3F,SRC021,pp. 49-51,Exact catalog entry,Verified - manufacturer catalog; current U.S. status pending,
PRD-6826FE4C0E,SRC007,Perc trach and WLL,Candidate seed,Candidate - user seed; primary source required,
PRD-68E4686E4B,SRC021,pp. 49-51,Exact catalog entry,Verified - manufacturer catalog; current U.S. status pending,
PRD-694417C2F5,SRC030,p. 89,Exact catalog entry,Verified - legacy U.S. manufacturer catalog; current status pending,
PRD-695162DE9E,SRC021,p. 11,Exact catalog entry,Verified - manufacturer catalog; current U.S. status pending,
PRD-695BD279A8,SRC017,"Bipolar cables, catalog p. 10",Catalog/SKU evidence,Verified exact catalog entry - non-U.S. source,Exact catalog/SKU evidence from a non-U.S. manufacturer catalog.
PRD-698A0D25B4,SRC027,pp. 9-10,Exact catalog entry,Verified - manufacturer catalog,
PRD-698F9E72B0,SRC030,p. 87,Exact catalog entry,Verified - legacy U.S. manufacturer catalog; current status pending,
PRD-69C70153C3,SRC007,Perc trach and WLL,Candidate seed,Candidate - user seed; primary source required,
PRD-69CC9C6D05,SRC001,pp. 12-13,Catalog/SKU evidence,Verified - manufacturer catalog,
PRD-69DB2A28A9,SRC007,Therapeutic bronchoscopy,Candidate seed,Candidate - user seed; primary source required,
PRD-69DB2A28A9,SRC012,Respiratory 14.11 (PDF p. 124),Catalog/SKU evidence,Verified - manufacturer catalog,
PRD-6A26802196,SRC027,pp. 9-10,Exact catalog entry,Verified - manufacturer catalog,
PRD-6A53041E10,SRC001,p. 14,Catalog/SKU evidence,Verified - manufacturer catalog,
PRD-6A7E037C55,SRC025,pp. 2-3,System intended use and compatibility,Verified - manufacturer IFU,IFU supports tunneled long-term pleural drainage system identity and approved access methods.
PRD-6A7E037C55,SRC027,p. 14,Exact catalog entry,Verified - manufacturer catalog and IFU,
PRD-6A9E4504F4,SRC001,pp. 12-13,Catalog/SKU evidence,Verified - manufacturer catalog,
PRD-6AAA7898E9,SRC007,Perc trach and WLL,Candidate seed,Candidate - user seed; primary source required,
PRD-6AE3D5D976,SRC001,pp. 12-13,Catalog/SKU evidence,Verified - manufacturer catalog,
PRD-6B09435B5B,SRC021,p. 21,Exact catalog entry,Verified - manufacturer catalog; current U.S. status pending,
PRD-6B67179C61,SRC022,p. 7.07,Exact catalog entry,Verified - manufacturer catalog; current market status pending,
PRD-6B70F708B5,SRC012,Respiratory 14.14 (PDF p. 129),Catalog/SKU evidence,Verified - manufacturer catalog,
PRD-6B7E932D54,SRC026,p. 6,Exact catalog entry,Verified - U.S. manufacturer brochure,
PRD-6BC32547CD,SRC017,"Bipolar adapters, catalog p. 17",Catalog/SKU evidence,Verified exact catalog entry - non-U.S. source,Exact catalog/SKU evidence from a non-U.S. manufacturer catalog.
PRD-6BC9B48573,SRC006,Product list 2025!bonastent,Candidate seed,Candidate - user seed; primary source required,
PRD-6BE691A444,SRC001,pp. 12-13,Catalog/SKU evidence,Verified - manufacturer catalog,
PRD-6BF80B6E0D,SRC021,pp. 44-48,Exact catalog entry,Verified - manufacturer catalog; current U.S. status pending,
PRD-6C1DE73547,SRC007,Therapeutic bronchoscopy,Candidate seed,Candidate - user seed; primary source required,
PRD-6C2199C862,SRC018,"Cryoprobes for ERBECRYO 2, catalog p. 5",Catalog/SKU evidence,Verified exact catalog entry - non-U.S. source,Exact catalog/SKU evidence from a non-U.S. manufacturer catalog.
PRD-6C43A37366,SRC007,Therapeutic bronchoscopy,Candidate seed,Candidate - user seed; primary source required,
PRD-6C99AA9B16,SRC021,p. 25,Exact catalog entry,Verified - manufacturer catalog; current U.S. status pending,
PRD-6C9FB1DC9F,SRC008,CSV row 7,Candidate seed,Candidate - user seed; primary source required,
PRD-6CB8BD3445,SRC021,pp. 53-55,Exact catalog entry,Verified - manufacturer catalog; current U.S. status pending,
PRD-6CCE68D268,SRC030,p. 88,Exact catalog entry,Verified - legacy U.S. manufacturer catalog; current status pending,
PRD-6CF2953F5E,SRC023,p. 2,Exact catalog entry,Verified - manufacturer brochure; current market status pending,
PRD-6D1BDDE146,SRC008,CSV row 34,Candidate seed,Candidate - user seed; primary source required,
PRD-6D1BDDE146,SRC025,pp. 2-3,System intended use and compatibility,Verified - manufacturer IFU,IFU supports tunneled long-term pleural drainage system identity and approved access methods.
PRD-6D1BDDE146,SRC027,p. 14,Exact catalog entry,Verified - manufacturer catalog and IFU,
PRD-6D2D08656C,SRC021,pp. 53-55,Exact catalog entry,Verified - manufacturer catalog; current U.S. status pending,
PRD-6D6815FAE1,SRC001,p. 24,Catalog/SKU evidence,Verified - manufacturer catalog,
PRD-6D6BE53B9B,SRC012,Respiratory 14.11 (PDF p. 124),Catalog/SKU evidence,Verified - manufacturer catalog,
PRD-6D6EEB24B8,SRC022,p. 2.04,Exact catalog entry,Verified - manufacturer catalog; current market status pending,
PRD-6D7A0E9DA8,SRC029,p. 1,Exact catalog entry,Verified - manufacturer catalog and flyer,
PRD-6D8A97CC06,SRC016,"Specifications table, brochure p. 2",Catalog/SKU evidence,Verified - manufacturer/distributor brochure,
PRD-6D9A7A7E79,SRC012,Respiratory 14.08 (PDF p. 121),Catalog/SKU evidence,Verified - manufacturer catalog,
PRD-6DAF9E3AA4,SRC008,CSV row 11,Candidate seed,Candidate - user seed; primary source required,
PRD-6DB8E6BC3D,SRC006,Product list 2025!bonastent,Candidate seed,Candidate - user seed; primary source required,
PRD-6DBE766019,SRC007,pleural seed,Candidate seed,Candidate - user seed; primary source required,
PRD-6DF43B832B,SRC017,"Bipolar adapters, catalog p. 17",Catalog/SKU evidence,Verified exact catalog entry - non-U.S. source,Exact catalog/SKU evidence from a non-U.S. manufacturer catalog.
PRD-6E2197DFEE,SRC026,p. 6,Exact catalog entry,Verified - U.S. manufacturer brochure,
PRD-6E580584DD,SRC021,pp. 44-48,Exact catalog entry,Verified - manufacturer catalog; current U.S. status pending,
PRD-6EA4535CE1,SRC022,p. 2.13,Exact catalog entry,Verified - manufacturer catalog; current market status pending,
PRD-6ED2313A9C,SRC003,p. 14,Catalog/SKU evidence,Verified - manufacturer catalog,
PRD-6ED2313A9C,SRC004,p. 4,Cross-check,Verified - manufacturer catalog,Older manufacturer brochure.
PRD-6ED2313A9C,SRC015,"Ordering information, pp. 3-4",Catalog/SKU evidence,Verified - current manufacturer page capture,Exact ordering table and product specifications shown on manufacturer page capture.
PRD-6EE929E70C,SRC007,Therapeutic bronchoscopy,Candidate seed,Candidate - user seed; primary source required,
PRD-6EFB8B3386,SRC006,Product list 2025!bonastent,Candidate seed,Candidate - user seed; primary source required,
PRD-6F32150552,SRC020,Catheter Aspiration Set page,Catalog/SKU evidence,Verified product/SKU identity - exact configuration pending,Manufacturer page supports product/SKU identity; exact configuration remains to be verified.
PRD-6F4B58CFF2,SRC017,"Bipolar cables, catalog p. 9",Catalog/SKU evidence,Verified exact catalog entry - non-U.S. source,Exact catalog/SKU evidence from a non-U.S. manufacturer catalog.
PRD-6F74CF87DF,SRC006,Product list 2025!bonastent,Candidate seed,Candidate - user seed; primary source required,
PRD-6F8A951376,SRC026,p. 6,Exact catalog entry,Verified - U.S. manufacturer brochure,
PRD-6FF6668D03,SRC029,p. 1,Exact catalog entry,Verified - manufacturer catalog and flyer,
PRD-704850C991,SRC001,pp. 12-13,Catalog/SKU evidence,Verified - manufacturer catalog,
PRD-704E468EF5,SRC017,"Bipolar adapters, catalog p. 16",Catalog/SKU evidence,Verified exact catalog entry - non-U.S. source,Exact catalog/SKU evidence from a non-U.S. manufacturer catalog.
PRD-7051E83D62,SRC006,Product list 2025!Sheet7,Candidate seed,Candidate - user seed; primary source required,
PRD-705623F89A,SRC012,Respiratory 14.15 (PDF p. 130),Catalog/SKU evidence,Verified - manufacturer catalog,
PRD-7058C81A50,SRC021,p. 18,Exact catalog entry,Verified - manufacturer catalog; current U.S. status pending,
PRD-707B8A1974,SRC012,Respiratory 14.05 (PDF p. 118),Catalog/SKU evidence,Verified - manufacturer catalog,
PRD-707B8A1974,SRC029,p. 1,Exact catalog entry,Verified - manufacturer flyer; current U.S. status pending,
PRD-709ED0842B,SRC007,Perc trach and WLL,Candidate seed,Candidate - user seed; primary source required,
PRD-70A8B88A8D,SRC013,Tracheal stent specifications (PDF p. 12),Catalog/SKU evidence,Verified exact catalog entry - global/older source,Exact catalog/SKU evidence from an older global manufacturer catalog; U.S. status unverified.
PRD-70B22ED90D,SRC001,p. 14,Catalog/SKU evidence,Verified - manufacturer catalog,
PRD-70B4B5EA83,SRC007,pleural seed,Candidate seed,Candidate - user seed; primary source required,
PRD-716AA24BEF,SRC021,p. 25,Exact catalog entry,Verified - manufacturer catalog; current U.S. status pending,
PRD-71B93D1EA0,SRC027,p. 7,Exact catalog entry,Verified - manufacturer catalog,
PRD-71D13E3955,SRC007,Therapeutic bronchoscopy,Candidate seed,Candidate - user seed; primary source required,
PRD-71D13E3955,SRC030,pp. 68-69,Exact catalog entry,Verified - legacy U.S. manufacturer catalog; current status pending,
PRD-71D6D8E081,SRC016,"Specifications table, brochure p. 2",Catalog/SKU evidence,Verified - manufacturer/distributor brochure,
PRD-71FB94BD46,SRC017,"Return-electrode cables, catalog p. 13",Catalog/SKU evidence,Verified exact catalog entry - non-U.S. source,Exact catalog/SKU evidence from a non-U.S. manufacturer catalog.
PRD-72889F9CE3,SRC003,p. 6,Catalog/SKU evidence,Verified - manufacturer catalog,
PRD-733F2370BA,SRC006,Product list 2025!bonastent,Candidate seed,Candidate - user seed; primary source required,
PRD-7359DC8555,SRC001,pp. 12-13,Catalog/SKU evidence,Verified - manufacturer catalog,
PRD-737BCEA43F,SRC007,Therapeutic bronchoscopy,Candidate seed,Candidate - user seed; primary source required,
PRD-7389E0BD35,SRC006,Product list 2025!Sheet5,Candidate seed,Candidate - user seed; primary source required,
PRD-7389E0BD35,SRC027,p. 5,Exact catalog entry,Verified - manufacturer catalog,
PRD-73BBBA8747,SRC003,p. 3,Catalog/SKU evidence,Verified - manufacturer catalog,
PRD-750BCA0F02,SRC030,p. 78,Exact catalog entry,Verified - legacy U.S. manufacturer catalog; current status pending,
PRD-7518A5B1E1,SRC020,Pneumothorax Set and Tray page,Catalog/SKU evidence,Verified product/SKU identity - exact configuration pending,Manufacturer page supports product/SKU identity; exact configuration remains to be verified.
PRD-75434A8582,SRC021,p. 25,Exact catalog entry,Verified - manufacturer catalog; current U.S. status pending,
PRD-7563085A90,SRC021,p. 21,Exact catalog entry,Verified - manufacturer catalog; current U.S. status pending,
PRD-7578C8D45A,SRC026,p. 6,Exact catalog entry,Verified - U.S. manufacturer brochure,
PRD-758E53CAAF,SRC030,pp. 66-70,Exact catalog entry,Verified - legacy U.S. manufacturer catalog; current status pending,
PRD-759CE9B00A,SRC021,pp. 53-55,Exact catalog entry,Verified - manufacturer catalog; current U.S. status pending,
PRD-75E555BC77,SRC022,p. 6.04,Exact catalog entry,Verified - manufacturer catalog; current market status pending,
PRD-762DCA1D6D,SRC030,p. 143,Exact catalog entry,Verified - legacy U.S. manufacturer catalog; current status pending,
PRD-7677972FA0,SRC001,p. 24,Catalog/SKU evidence,Verified - manufacturer catalog,
PRD-768CEEE32B,SRC030,pp. 66-70,Exact catalog entry,Verified - legacy U.S. manufacturer catalog; current status pending,
PRD-76C2832C18,SRC021,p. 5,Exact catalog entry,Verified - manufacturer catalog; current U.S. status pending,
PRD-77145058F8,SRC012,Respiratory 14.06 (PDF p. 119),Catalog/SKU evidence,Verified - manufacturer catalog,
PRD-771F462726,SRC027,pp. 9-10,Exact catalog entry,Verified - manufacturer catalog,
PRD-77C1FEFC4F,SRC027,p. 15,Exact catalog entry,Verified - manufacturer catalog and IFU,
PRD-77DCFC650E,SRC017,"Bipolar cables, catalog p. 9",Catalog/SKU evidence,Verified exact catalog entry - non-U.S. source,Exact catalog/SKU evidence from a non-U.S. manufacturer catalog.
PRD-78096620FF,SRC019,"APC pressure reducers and gas accessories, catalog pp. 10-11",Catalog/SKU evidence,Verified exact catalog entry - non-U.S. source,Exact catalog/SKU evidence from a non-U.S. manufacturer catalog.
PRD-78354BF30F,SRC006,Product list 2025!bonastent,Candidate seed,Candidate - user seed; primary source required,
PRD-788469337A,SRC007,Perc trach and WLL,Candidate seed,Candidate - user seed; primary source required,
PRD-78D84A6D45,SRC007,Perc trach and WLL,Candidate seed,Candidate - user seed; primary source required,
PRD-78DC6578D9,SRC007,pleural seed,Candidate seed,Candidate - user seed; primary source required,
PRD-78DC6578D9,SRC008,CSV row 31,Candidate seed,Candidate - user seed; primary source required,
PRD-79B8CF6846,SRC017,"Bipolar cables, catalog p. 10",Catalog/SKU evidence,Verified exact catalog entry - non-U.S. source,Exact catalog/SKU evidence from a non-U.S. manufacturer catalog.
PRD-79E356AFDC,SRC030,p. 87,Exact catalog entry,Verified - legacy U.S. manufacturer catalog; current status pending,
PRD-7A1E356519,SRC001,p. 14,Catalog/SKU evidence,Verified - manufacturer catalog,
PRD-7A4AE2E955,SRC013,Tracheal stent specifications (PDF p. 12),Catalog/SKU evidence,Verified exact catalog entry - global/older source,Exact catalog/SKU evidence from an older global manufacturer catalog; U.S. status unverified.
PRD-7A53694B65,SRC017,"Irrigation adapters, catalog p. 19",Catalog/SKU evidence,Verified exact catalog entry - non-U.S. source,Exact catalog/SKU evidence from a non-U.S. manufacturer catalog.
PRD-7A57FE10A2,SRC030,p. 88,Exact catalog entry,Verified - legacy U.S. manufacturer catalog; current status pending,
PRD-7AA19EC9FD,SRC006,Product list 2025!bonastent,Candidate seed,Candidate - user seed; primary source required,
PRD-7ACC124BE1,SRC006,Product list 2025!bonastent,Candidate seed,Candidate - user seed; primary source required,
PRD-7B30A285F1,SRC001,p. 29,Catalog/SKU evidence,Verified - manufacturer catalog,
PRD-7B69AB81B4,SRC021,p. 16,Exact catalog entry,Verified - manufacturer catalog; current U.S. status pending,
PRD-7BC31438E7,SRC030,p. 86,Exact catalog entry,Verified - legacy U.S. manufacturer catalog; current status pending,
PRD-7C4A3CE094,SRC001,pp. 12-13,Catalog/SKU evidence,Verified - manufacturer catalog,
PRD-7C4B36F5CB,SRC001,pp. 12-13,Catalog/SKU evidence,Verified - manufacturer catalog,
PRD-7C8F860816,SRC012,Respiratory 14.12 (PDF p. 125),Catalog/SKU evidence,Verified - manufacturer catalog,
PRD-7C94BF3D70,SRC001,pp. 12-13,Catalog/SKU evidence,Verified - manufacturer catalog,
PRD-7CAB35AC24,SRC027,p. 13,Exact catalog entry,Verified - manufacturer catalog,
PRD-7CDBD7C74A,SRC021,p. 12,Exact catalog entry,Verified - manufacturer catalog; current U.S. status pending,
PRD-7DC3645CFA,SRC007,Therapeutic bronchoscopy!3,Candidate seed,Candidate - user seed; primary source required,
PRD-7DC3645CFA,SRC018,"Cryoprobes for ERBECRYO 2, catalog p. 5",Catalog/SKU evidence,Verified exact catalog entry - non-U.S. source,Exact catalog/SKU evidence from a non-U.S. manufacturer catalog.
PRD-7E17F5F17E,SRC008,CSV row 30,Candidate seed,Candidate - user seed; primary source required,
PRD-7E601C1D9F,SRC012,Respiratory 14.06 (PDF p. 119),Catalog/SKU evidence,Verified - manufacturer catalog,
PRD-7E7BC96506,SRC021,pp. 49-51,Exact catalog entry,Verified - manufacturer catalog; current U.S. status pending,
PRD-7E9D9CEC94,SRC021,p. 14,Exact catalog entry,Verified - manufacturer catalog; current U.S. status pending,
PRD-7EAB3D4582,SRC021,p. 24,Exact catalog entry,Verified - manufacturer catalog; current U.S. status pending,
PRD-7ED371400F,SRC027,pp. 9-10,Exact catalog entry,Verified - manufacturer catalog,
PRD-7EE559B95F,SRC006,Product list 2025!bonastent,Candidate seed,Candidate - user seed; primary source required,
PRD-7F94CAD8E8,SRC021,p. 20,Exact catalog entry,Verified - manufacturer catalog; current U.S. status pending,
PRD-7F97F4EC47,SRC027,p. 12,Exact catalog entry,Verified - manufacturer catalog,
PRD-804529441A,SRC007,Perc trach and WLL,Candidate seed,Candidate - user seed; primary source required,
PRD-806A35FA67,SRC007,pleural seed,Candidate seed,Candidate - user seed; primary source required,
PRD-8106E78F85,SRC022,p. 2.13,Exact catalog entry,Verified - manufacturer catalog; current market status pending,
PRD-81325BA145,SRC006,Product list 2025!bonastent,Candidate seed,Candidate - user seed; primary source required,
PRD-81331808E3,SRC003,p. 7,Catalog/SKU evidence,Verified - manufacturer catalog,
PRD-81D89E1E76,SRC001,pp. 12-13,Catalog/SKU evidence,Verified - manufacturer catalog,
PRD-81DDCD50B9,SRC030,p. 91,Exact catalog entry,Verified - legacy U.S. manufacturer catalog; current status pending,
PRD-81E1C78F57,SRC001,pp. 12-13,Catalog/SKU evidence,Verified - manufacturer catalog,
PRD-825B745D18,SRC030,p. 91,Exact catalog entry,Verified - legacy U.S. manufacturer catalog; current status pending,
PRD-8287E5FFEF,SRC021,pp. 49-51,Exact catalog entry,Verified - manufacturer catalog; current U.S. status pending,
PRD-82C2B15804,SRC027,p. 15,Exact catalog entry,Verified - manufacturer catalog and IFU,
PRD-82CCE45D12,SRC006,Product list 2025!Sheet6,Candidate seed,Candidate - user seed; primary source required,
PRD-83292E8BA3,SRC001,pp. 12-13,Catalog/SKU evidence,Verified - manufacturer catalog,
PRD-8337850C95,SRC021,p. 22,Exact catalog entry,Verified - manufacturer catalog; current U.S. status pending,
PRD-83ADF2581C,SRC019,"APC pressure reducers and gas accessories, catalog pp. 10-11",Catalog/SKU evidence,Verified exact catalog entry - non-U.S. source,Exact catalog/SKU evidence from a non-U.S. manufacturer catalog.
PRD-83DE1D08C4,SRC021,p. 18,Exact catalog entry,Verified - manufacturer catalog; current U.S. status pending,
PRD-843BE1E573,SRC030,p. 88,Exact catalog entry,Verified - legacy U.S. manufacturer catalog; current status pending,
PRD-8446D3EB4E,SRC007,Perc trach and WLL,Candidate seed,Candidate - user seed; primary source required,
PRD-848FD7C902,SRC020,Cook Emergency Pneumothorax page,Catalog/SKU evidence,Verified product/SKU identity - exact configuration pending,Manufacturer page supports product/SKU identity; exact configuration remains to be verified.
PRD-849E1FCCA5,SRC007,Perc trach and WLL,Candidate seed,Candidate - user seed; primary source required,
PRD-84F7ABC615,SRC013,J-shaped tracheal stent specifications (PDF p. 13),Catalog/SKU evidence,Verified exact catalog entry - global/older source,Exact catalog/SKU evidence from an older global manufacturer catalog; U.S. status unverified.
PRD-8509EF4D1E,SRC021,pp. 49-51,Exact catalog entry,Verified - manufacturer catalog; current U.S. status pending,
PRD-85248E91BA,SRC023,p. 2,Exact catalog entry,Verified - manufacturer brochure; current market status pending,
PRD-8532C675A6,SRC001,pp. 12-13,Catalog/SKU evidence,Verified - manufacturer catalog,
PRD-85E1F8359A,SRC001,p. 28,Catalog/SKU evidence,Verified - manufacturer catalog,
PRD-86009D6403,SRC027,p. 5,Exact catalog entry,Verified - manufacturer catalog,
PRD-861D4EA14A,SRC001,pp. 12-13,Catalog/SKU evidence,Verified - manufacturer catalog,
PRD-86388D0916,SRC024,p. 2,Exact catalog entry,Verified - current manufacturer brochure,
PRD-863ABAE464,SRC001,pp. 12-13,Catalog/SKU evidence,Verified - manufacturer catalog,
PRD-87011FE827,SRC001,pp. 12-13,Catalog/SKU evidence,Verified - manufacturer catalog,
PRD-8776B50EA8,SRC008,CSV row 5,Candidate seed,Candidate - user seed; primary source required,
PRD-87B6764F8B,SRC003,p. 14,Catalog/SKU evidence,Verified - manufacturer catalog,
PRD-87B6764F8B,SRC004,p. 4,Cross-check,Verified - manufacturer catalog,Older manufacturer brochure.
PRD-87B6764F8B,SRC015,"Ordering information, pp. 3-4",Catalog/SKU evidence,Verified - current manufacturer page capture,Exact ordering table and product specifications shown on manufacturer page capture.
PRD-87E491F131,SRC013,Y-shaped tracheal stent specifications (PDF p. 13),Catalog/SKU evidence,Verified exact catalog entry - global/older source,Exact catalog/SKU evidence from an older global manufacturer catalog; U.S. status unverified.
PRD-87F3E56C0D,SRC030,p. 91,Exact catalog entry,Verified - legacy U.S. manufacturer catalog; current status pending,
PRD-88100A4D7B,SRC027,p. 5,Exact catalog entry,Verified - manufacturer catalog,
PRD-882E06A5A9,SRC012,Respiratory 14.01 (PDF p. 114),Catalog/SKU evidence,Verified - manufacturer catalog,
PRD-88D778F3A4,SRC017,"Bipolar cables, catalog p. 9",Catalog/SKU evidence,Verified exact catalog entry - non-U.S. source,Exact catalog/SKU evidence from a non-U.S. manufacturer catalog.
PRD-88DA368B9C,SRC029,p. 1,Exact catalog entry,Verified - manufacturer flyer; current U.S. status pending,
PRD-8905E9BA40,SRC017,"Return-electrode cables, catalog p. 14",Catalog/SKU evidence,Verified exact catalog entry - non-U.S. source,Exact catalog/SKU evidence from a non-U.S. manufacturer catalog.
PRD-891A7CBCBC,SRC021,p. 23,Exact catalog entry,Verified - manufacturer catalog; current U.S. status pending,
PRD-89259B5C28,SRC001,p. 25,Catalog/SKU evidence,Verified - manufacturer catalog,
PRD-89BCEE2895,SRC016,"Specifications table, brochure p. 2",Catalog/SKU evidence,Verified - manufacturer/distributor brochure,
PRD-8A08163BA1,SRC003,p. 12,Catalog/SKU evidence,Verified - manufacturer catalog,
PRD-8A19FB9627,SRC030,p. 92,Exact catalog entry,Verified - legacy U.S. manufacturer catalog; current status pending,
PRD-8A6658D379,SRC013,Tracheal stent specifications (PDF p. 12),Catalog/SKU evidence,Verified exact catalog entry - global/older source,Exact catalog/SKU evidence from an older global manufacturer catalog; U.S. status unverified.
PRD-8B87F7D42B,SRC027,p. 7,Exact catalog entry,Verified - manufacturer catalog,
PRD-8C4F3E180E,SRC001,pp. 12-13,Catalog/SKU evidence,Verified - manufacturer catalog,
PRD-8C5BA93DCA,SRC019,"APCapplicator, catalog pp. 7-8",Catalog/SKU evidence,Verified exact catalog entry - non-U.S. source,Exact catalog/SKU evidence from a non-U.S. manufacturer catalog.
PRD-8C6A6B2ACE,SRC007,pleural seed,Candidate seed,Candidate - user seed; primary source required,
PRD-8C6C29BE46,SRC007,pleural seed,Candidate seed,Candidate - user seed; primary source required,
PRD-8C6C29BE46,SRC008,CSV row 22,Candidate seed,Candidate - user seed; primary source required,
PRD-8C6C29BE46,SRC020,Wayne Pneumothorax Seldinger page,Catalog/SKU evidence,Verified product/SKU identity - exact configuration pending,Manufacturer page supports product/SKU identity; exact configuration remains to be verified.
PRD-8C9CE98C9B,SRC006,Product list 2025!bonastent,Candidate seed,Candidate - user seed; primary source required,
PRD-8CDDDC5158,SRC001,p. 28,Catalog/SKU evidence,Verified - manufacturer catalog,
PRD-8D0C9F35DB,SRC030,pp. 68-69,Exact catalog entry,Verified - legacy U.S. manufacturer catalog; current status pending,
PRD-8D82B325C6,SRC026,p. 6,Exact catalog entry,Verified - U.S. manufacturer brochure,
PRD-8DDD9F07C0,SRC003,p. 6,Catalog/SKU evidence,Verified - manufacturer catalog,
PRD-8E2214C53F,SRC006,Product list 2025!Sheet5,Candidate seed,Candidate - user seed; primary source required,
PRD-8E2214C53F,SRC027,p. 5,Exact catalog entry,Verified - manufacturer catalog,
PRD-8E8D4D1565,SRC007,pleural seed,Candidate seed,Candidate - user seed; primary source required,
PRD-8EE9A09E05,SRC007,Perc trach and WLL,Candidate seed,Candidate - user seed; primary source required,
PRD-900AA8F053,SRC016,"Specifications table, brochure p. 2",Catalog/SKU evidence,Verified - manufacturer/distributor brochure,
PRD-901A1A1C5C,SRC021,pp. 53-55,Exact catalog entry,Verified - manufacturer catalog; current U.S. status pending,
PRD-904D5B29E4,SRC003,p. 14,Catalog/SKU evidence,Verified - manufacturer catalog,
PRD-904D5B29E4,SRC004,p. 4,Cross-check,Verified - manufacturer catalog,Older manufacturer brochure.
PRD-904D5B29E4,SRC015,"Ordering information, pp. 3-4",Catalog/SKU evidence,Verified - current manufacturer page capture,Exact ordering table and product specifications shown on manufacturer page capture.
PRD-908A7EB205,SRC006,Product list 2025!bonastent,Candidate seed,Candidate - user seed; primary source required,
PRD-90A0B83AA5,SRC030,p. 87,Exact catalog entry,Verified - legacy U.S. manufacturer catalog; current status pending,
PRD-90D21D9281,SRC008,CSV row 8,Candidate seed,Candidate - user seed; primary source required,
PRD-90F9A0A0BC,SRC007,Perc trach and WLL,Candidate seed,Candidate - user seed; primary source required,
PRD-913352C891,SRC018,"Accessories for ERBECRYO 2, catalog p. 6",Catalog/SKU evidence,Verified exact catalog entry - non-U.S. source,Exact catalog/SKU evidence from a non-U.S. manufacturer catalog.
PRD-9188CC0F47,SRC030,p. 75,Exact catalog entry,Verified - legacy U.S. manufacturer catalog; current status pending,
PRD-91BFC52CEC,SRC021,p. 17,Exact catalog entry,Verified - manufacturer catalog; current U.S. status pending,
PRD-91C738FE6C,SRC007,Perc trach and WLL,Candidate seed,Candidate - user seed; primary source required,
PRD-91F4E30038,SRC003,pp. 13-14,Catalog/SKU evidence,Verified - manufacturer catalog,
PRD-91F4E30038,SRC004,p. 4,Cross-check,Verified - manufacturer catalog,Older manufacturer brochure.
PRD-91F4E30038,SRC015,"Ordering information, pp. 2-3",Catalog/SKU evidence,Verified - current manufacturer page capture,Exact ordering table and product specifications shown on manufacturer page capture.
PRD-921CB1B912,SRC030,p. 91,Exact catalog entry,Verified - legacy U.S. manufacturer catalog; current status pending,
PRD-924AFC41F8,SRC021,p. 10,Exact catalog entry,Verified - manufacturer catalog; current U.S. status pending,
PRD-9349B7D1F6,SRC017,"Irrigation adapters, catalog p. 19",Catalog/SKU evidence,Verified exact catalog entry - non-U.S. source,Exact catalog/SKU evidence from a non-U.S. manufacturer catalog.
PRD-934DA56D92,SRC030,p. 75,Exact catalog entry,Verified - legacy U.S. manufacturer catalog; current status pending,
PRD-9371C2567D,SRC007,pleural seed,Candidate seed,Candidate - user seed; primary source required,
PRD-937DC338A9,SRC027,pp. 9-10,Exact catalog entry,Verified - manufacturer catalog,
PRD-93A3E7F825,SRC017,"Bipolar cables, catalog p. 10",Catalog/SKU evidence,Verified exact catalog entry - non-U.S. source,Exact catalog/SKU evidence from a non-U.S. manufacturer catalog.
PRD-93C248AE98,SRC001,p. 25,Catalog/SKU evidence,Verified - manufacturer catalog,
PRD-941D1C2633,SRC027,p. 7,Exact catalog entry,Verified - manufacturer catalog,
PRD-9428EBB5CF,SRC020,Thal-Quick Chest Tube Adapter page,Catalog/SKU evidence,Verified product/SKU identity - exact configuration pending,Manufacturer page supports product/SKU identity; exact configuration remains to be verified.
PRD-946F2F821B,SRC001,pp. 12-13,Catalog/SKU evidence,Verified - manufacturer catalog,
PRD-948F3069B3,SRC003,pp. 13-14,Catalog/SKU evidence,Verified - manufacturer catalog,
PRD-948F3069B3,SRC004,p. 4,Cross-check,Verified - manufacturer catalog,Older manufacturer brochure.
PRD-948F3069B3,SRC015,"Ordering information, pp. 2-3",Catalog/SKU evidence,Verified - current manufacturer page capture,Exact ordering table and product specifications shown on manufacturer page capture.
PRD-94C76DB87E,SRC001,pp. 12-13,Catalog/SKU evidence,Verified - manufacturer catalog,
PRD-94E33ED243,SRC003,p. 12,Catalog/SKU evidence,Verified - manufacturer catalog,
PRD-952A7B928E,SRC001,p. 30,Catalog/SKU evidence,Verified - manufacturer catalog,
PRD-95ADE8F814,SRC017,"Monopolar cables, catalog p. 4",Catalog/SKU evidence,Verified exact catalog entry - non-U.S. source,Exact catalog/SKU evidence from a non-U.S. manufacturer catalog.
PRD-95C0E7E548,SRC006,Product list 2025!bonastent,Candidate seed,Candidate - user seed; primary source required,
PRD-963930CE88,SRC006,Product list 2025!bonastent,Candidate seed,Candidate - user seed; primary source required,
PRD-96993E6593,SRC021,p. 12,Exact catalog entry,Verified - manufacturer catalog; current U.S. status pending,
PRD-972FD7E1D0,SRC007,Flexible bronchoscopy platforms!10,Candidate seed,Candidate - user seed; primary source required,
PRD-97B68B1ECE,SRC021,p. 18,Exact catalog entry,Verified - manufacturer catalog; current U.S. status pending,
PRD-9844E2B578,SRC003,p. 10,Catalog/SKU evidence,Verified - manufacturer catalog,
PRD-985ACD0324,SRC021,p. 5,Exact catalog entry,Verified - manufacturer catalog; current U.S. status pending,
PRD-98610CE8EB,SRC016,"Specifications table, brochure p. 2",Catalog/SKU evidence,Verified - manufacturer/distributor brochure,
PRD-993274DBA5,SRC021,p. 18,Exact catalog entry,Verified - manufacturer catalog; current U.S. status pending,
PRD-993D8701CA,SRC008,CSV row 21,Candidate seed,Candidate - user seed; primary source required,
PRD-99494D8DD0,SRC019,"FiAPC probes, catalog pp. 5-6",Catalog/SKU evidence,Verified exact catalog entry - non-U.S. source,Exact catalog/SKU evidence from a non-U.S. manufacturer catalog.
PRD-99532BAC7D,SRC027,p. 5,Exact catalog entry,Verified - manufacturer catalog,
PRD-99BC8714FF,SRC030,p. 93,Exact catalog entry,Verified - legacy U.S. manufacturer catalog; current status pending,
PRD-99F825C44F,SRC007,Therapeutic bronchoscopy,Candidate seed,Candidate - user seed; primary source required,
PRD-99F825C44F,SRC030,p. 67,Exact catalog entry,Verified - legacy U.S. manufacturer catalog; current status pending,
PRD-9A5C5FEF7D,SRC030,p. 89,Exact catalog entry,Verified - legacy U.S. manufacturer catalog; current status pending,
PRD-9AB8A5ECAC,SRC027,p. 12,Exact catalog entry,Verified - manufacturer catalog,
PRD-9AE343BC8D,SRC018,"Gas bottle adapter table, catalog pp. 4, 7",Catalog/SKU evidence,Verified exact catalog entry - non-U.S. source,Exact catalog/SKU evidence from a non-U.S. manufacturer catalog.
PRD-9B0EE44246,SRC021,p. 11,Exact catalog entry,Verified - manufacturer catalog; current U.S. status pending,
PRD-9BAC333008,SRC006,Product list 2025!bonastent,Candidate seed,Candidate - user seed; primary source required,
PRD-9BBDA8D7D6,SRC006,Product list 2025!bonastent,Candidate seed,Candidate - user seed; primary source required,
PRD-9BD2C36817,SRC030,p. 91,Exact catalog entry,Verified - legacy U.S. manufacturer catalog; current status pending,
PRD-9C1CF84490,SRC021,p. 18,Exact catalog entry,Verified - manufacturer catalog; current U.S. status pending,
PRD-9C399CB432,SRC027,p. 7,Exact catalog entry,Verified - manufacturer catalog,
PRD-9C53328A79,SRC006,Product list 2025!bonastent,Candidate seed,Candidate - user seed; primary source required,
PRD-9C5FCF73E5,SRC021,pp. 53-55,Exact catalog entry,Verified - manufacturer catalog; current U.S. status pending,
PRD-9C633556C2,SRC012,Respiratory 14.13 (PDF p. 126),Catalog/SKU evidence,Verified - manufacturer catalog,
PRD-9C6ECA3162,SRC001,p. 24,Catalog/SKU evidence,Verified - manufacturer catalog,
PRD-9CAAE08C97,SRC017,"Bipolar cables, catalog p. 12",Catalog/SKU evidence,Verified exact catalog entry - non-U.S. source,Exact catalog/SKU evidence from a non-U.S. manufacturer catalog.
PRD-9CCC6DB32E,SRC021,pp. 49-51,Exact catalog entry,Verified - manufacturer catalog; current U.S. status pending,
PRD-9CE203EA1C,SRC006,Product list 2025!Sheet7,Candidate seed,Candidate - user seed; primary source required,
PRD-9CE6425CE0,SRC001,pp. 12-13,Catalog/SKU evidence,Verified - manufacturer catalog,
PRD-9CE6992373,SRC012,Respiratory 14.12 (PDF p. 125),Catalog/SKU evidence,Verified - manufacturer catalog,
PRD-9CFCC838A3,SRC007,Flexible bronchoscopy platforms!13,Candidate seed,Candidate - user seed; primary source required,
PRD-9CFCC838A3,SRC012,Respiratory 14.01 (PDF p. 114),Catalog/SKU evidence,Verified - manufacturer catalog,
PRD-9D5C45AA6F,SRC027,pp. 9-10,Exact catalog entry,Verified - manufacturer catalog,
PRD-9DA3B7C48B,SRC019,"APC pressure reducers and gas accessories, catalog pp. 10-11",Catalog/SKU evidence,Verified exact catalog entry - non-U.S. source,Exact catalog/SKU evidence from a non-U.S. manufacturer catalog.
PRD-9DCC51E06A,SRC006,Product list 2025!bonastent,Candidate seed,Candidate - user seed; primary source required,
PRD-9DCC5EC86C,SRC017,"Bipolar cables, catalog p. 9",Catalog/SKU evidence,Verified exact catalog entry - non-U.S. source,Exact catalog/SKU evidence from a non-U.S. manufacturer catalog.
PRD-9E6034F109,SRC003,p. 12,Catalog/SKU evidence,Verified - manufacturer catalog,
PRD-9E7BDDB1CC,SRC030,p. 75,Exact catalog entry,Verified - legacy U.S. manufacturer catalog; current status pending,
PRD-9EB174FBB0,SRC001,p. 24,Catalog/SKU evidence,Verified - manufacturer catalog,
PRD-9F5884AD09,SRC008,CSV row 12,Candidate seed,Candidate - user seed; primary source required,
PRD-9FDA372767,SRC001,pp. 12-13,Catalog/SKU evidence,Verified - manufacturer catalog,
PRD-9FFD95C095,SRC026,p. 6,Exact catalog entry,Verified - U.S. manufacturer brochure,
PRD-A0214EBAC0,SRC021,p. 17,Exact catalog entry,Verified - manufacturer catalog; current U.S. status pending,
PRD-A034F04BF1,SRC007,Perc trach and WLL,Candidate seed,Candidate - user seed; primary source required,
PRD-A0DF0074DB,SRC006,Product list 2025!bonastent,Candidate seed,Candidate - user seed; primary source required,
PRD-A12A620A18,SRC021,pp. 49-51,Exact catalog entry,Verified - manufacturer catalog; current U.S. status pending,
PRD-A1B7FC0BD4,SRC021,pp. 44-48,Exact catalog entry,Verified - manufacturer catalog; current U.S. status pending,
PRD-A1BB9D424D,SRC017,"Monopolar cables, catalog p. 5",Catalog/SKU evidence,Verified exact catalog entry - non-U.S. source,Exact catalog/SKU evidence from a non-U.S. manufacturer catalog.
PRD-A24DAA76C6,SRC017,"Bipolar cables, catalog p. 8",Catalog/SKU evidence,Verified exact catalog entry - non-U.S. source,Exact catalog/SKU evidence from a non-U.S. manufacturer catalog.
PRD-A2C49C9352,SRC007,Therapeutic bronchoscopy!2,Candidate seed,Candidate - user seed; primary source required,
PRD-A2C49C9352,SRC018,"Cryoprobes for ERBECRYO 2, catalog p. 5",Catalog/SKU evidence,Verified exact catalog entry - non-U.S. source,Exact catalog/SKU evidence from a non-U.S. manufacturer catalog.
PRD-A2F4A953C4,SRC021,p. 5,Exact catalog entry,Verified - manufacturer catalog; current U.S. status pending,
PRD-A2FCA81CFA,SRC030,p. 93,Exact catalog entry,Verified - legacy U.S. manufacturer catalog; current status pending,
PRD-A3EBA86219,SRC021,pp. 15-17,Exact catalog entry,Verified - manufacturer catalog; current U.S. status pending,
PRD-A412BD40C1,SRC001,pp. 12-13,Catalog/SKU evidence,Verified - manufacturer catalog,
PRD-A457429809,SRC012,Respiratory 14.06 (PDF p. 119),Catalog/SKU evidence,Verified - manufacturer catalog,
PRD-A4575632E4,SRC007,pleural seed,Candidate seed,Candidate - user seed; primary source required,
PRD-A4793529B7,SRC001,p. 24,Catalog/SKU evidence,Verified - manufacturer catalog,
PRD-A47AD72FD5,SRC007,Perc trach and WLL,Candidate seed,Candidate - user seed; primary source required,
PRD-A48A455A5E,SRC019,"FiAPC probes, catalog pp. 5-6",Catalog/SKU evidence,Verified exact catalog entry - non-U.S. source,Exact catalog/SKU evidence from a non-U.S. manufacturer catalog.
PRD-A504350406,SRC030,pp. 66-70,Exact catalog entry,Verified - legacy U.S. manufacturer catalog; current status pending,
PRD-A5971F1DE3,SRC013,Tracheal stent specifications (PDF p. 12),Catalog/SKU evidence,Verified exact catalog entry - global/older source,Exact catalog/SKU evidence from an older global manufacturer catalog; U.S. status unverified.
PRD-A5D3D731DC,SRC003,pp. 13-14,Catalog/SKU evidence,Verified - manufacturer catalog,
PRD-A5D3D731DC,SRC004,p. 4,Cross-check,Verified - manufacturer catalog,Older manufacturer brochure.
PRD-A5D3D731DC,SRC015,"Ordering information, pp. 2-3",Catalog/SKU evidence,Verified - current manufacturer page capture,Exact ordering table and product specifications shown on manufacturer page capture.
PRD-A5DD232514,SRC006,Product list 2025!Sheet7,Candidate seed,Candidate - user seed; primary source required,
PRD-A5F6B25BCB,SRC027,p. 15,Exact catalog entry,Verified - manufacturer catalog and IFU,
PRD-A64069C0A0,SRC013,Tracheal stent specifications (PDF p. 12),Catalog/SKU evidence,Verified exact catalog entry - global/older source,Exact catalog/SKU evidence from an older global manufacturer catalog; U.S. status unverified.
PRD-A6CF0E2BA4,SRC007,Flexible bronchoscopy platforms!7,Candidate seed,Candidate - user seed; primary source required,
PRD-A7209784C9,SRC007,pleural seed,Candidate seed,Candidate - user seed; primary source required,
PRD-A72E811F09,SRC008,CSV row 29,Candidate seed,Candidate - user seed; primary source required,
PRD-A7A7DF79BA,SRC001,p. 29,Catalog/SKU evidence,Verified - manufacturer catalog,
PRD-A83C7ADE90,SRC003,p. 6,Catalog/SKU evidence,Verified - manufacturer catalog,
PRD-A83D0CAAC1,SRC019,"APCapplicator, catalog pp. 7-8",Catalog/SKU evidence,Verified exact catalog entry - non-U.S. source,Exact catalog/SKU evidence from a non-U.S. manufacturer catalog.
PRD-A85A76CB3E,SRC007,Therapeutic bronchoscopy,Candidate seed,Candidate - user seed; primary source required,
PRD-A85A76CB3E,SRC012,Respiratory 14.11 (PDF p. 124),Catalog/SKU evidence,Verified - manufacturer catalog,
PRD-A88AEE6442,SRC030,p. 145,Exact catalog entry,Verified - legacy U.S. manufacturer catalog; current status pending,
PRD-A8A5497344,SRC021,pp. 53-55,Exact catalog entry,Verified - manufacturer catalog; current U.S. status pending,
PRD-A8B69D1E0B,SRC021,pp. 49-51,Exact catalog entry,Verified - manufacturer catalog; current U.S. status pending,
PRD-A8D6EE3E6F,SRC027,p. 5,Exact catalog entry,Verified - manufacturer catalog,
PRD-A8F80E7C94,SRC026,p. 6,Exact catalog entry,Verified - U.S. manufacturer brochure,
PRD-A9183C4F8F,SRC030,p. 72,Exact catalog entry,Verified - legacy U.S. manufacturer catalog; current status pending,
PRD-A93BE6938D,SRC018,"Gas bottle adapter table, catalog pp. 4, 7",Catalog/SKU evidence,Verified exact catalog entry - non-U.S. source,Exact catalog/SKU evidence from a non-U.S. manufacturer catalog.
PRD-A9C2F393B9,SRC001,pp. 12-13,Catalog/SKU evidence,Verified - manufacturer catalog,
PRD-AACBA3F0AD,SRC022,p. 6.02,Exact catalog entry,Verified - manufacturer catalog; current market status pending,
PRD-AAD09EDB4C,SRC007,Perc trach and WLL,Candidate seed,Candidate - user seed; primary source required,
PRD-AAFEA61B28,SRC016,"Specifications table, brochure p. 2",Catalog/SKU evidence,Verified - manufacturer/distributor brochure,
PRD-ABB6EC1153,SRC030,p. 87,Exact catalog entry,Verified - legacy U.S. manufacturer catalog; current status pending,
PRD-AC1E0D8CCC,SRC030,p. 88,Exact catalog entry,Verified - legacy U.S. manufacturer catalog; current status pending,
PRD-AC566D2949,SRC001,pp. 12-13,Catalog/SKU evidence,Verified - manufacturer catalog,
PRD-AC9799F503,SRC003,p. 14,Catalog/SKU evidence,Verified - manufacturer catalog,
PRD-AC9799F503,SRC004,p. 4,Cross-check,Verified - manufacturer catalog,Older manufacturer brochure.
PRD-AC9799F503,SRC015,"Ordering information, pp. 3-4",Catalog/SKU evidence,Verified - current manufacturer page capture,Exact ordering table and product specifications shown on manufacturer page capture.
PRD-AC9CC6E8A4,SRC021,pp. 6-7,Exact catalog entry,Verified - manufacturer catalog; current U.S. status pending,
PRD-ACA2322DB2,SRC016,"Specifications table, brochure p. 2",Catalog/SKU evidence,Verified - manufacturer/distributor brochure,
PRD-ACB6E2620B,SRC001,pp. 12-13,Catalog/SKU evidence,Verified - manufacturer catalog,
PRD-ACF77D4FD4,SRC001,pp. 12-13,Catalog/SKU evidence,Verified - manufacturer catalog,
PRD-AD1CD2C1B2,SRC021,pp. 49-51,Exact catalog entry,Verified - manufacturer catalog; current U.S. status pending,
PRD-AD22EAA0EC,SRC007,Flexible bronchoscopy platforms!3,Candidate seed,Candidate - user seed; primary source required,
PRD-AD22EAA0EC,SRC029,p. 1,Exact catalog entry,Verified - manufacturer catalog and flyer,
PRD-AD5DB57EBC,SRC021,pp. 44-48,Exact catalog entry,Verified - manufacturer catalog; current U.S. status pending,
PRD-ADAEAEFCA8,SRC007,pleural seed,Candidate seed,Candidate - user seed; primary source required,
PRD-AE3B2BA40B,SRC021,p. 25,Exact catalog entry,Verified - manufacturer catalog; current U.S. status pending,
PRD-AE9BC99FAA,SRC007,Flexible bronchoscopy platforms!5,Candidate seed,Candidate - user seed; primary source required,
PRD-AEB8017EDB,SRC021,p. 18,Exact catalog entry,Verified - manufacturer catalog; current U.S. status pending,
PRD-AEEAFB2957,SRC006,Product list 2025!thoracent,Candidate seed,Candidate - user seed; primary source required,
PRD-AF3652245F,SRC021,p. 25,Exact catalog entry,Verified - manufacturer catalog; current U.S. status pending,
PRD-AF70FFC15E,SRC003,pp. 13-14,Catalog/SKU evidence,Verified - manufacturer catalog,
PRD-AF70FFC15E,SRC004,p. 4,Cross-check,Verified - manufacturer catalog,Older manufacturer brochure.
PRD-AF70FFC15E,SRC015,"Ordering information, pp. 2-3",Catalog/SKU evidence,Verified - current manufacturer page capture,Exact ordering table and product specifications shown on manufacturer page capture.
PRD-AF93E56FE5,SRC030,pp. 66-70,Exact catalog entry,Verified - legacy U.S. manufacturer catalog; current status pending,
PRD-B05D337994,SRC030,pp. 66-70,Exact catalog entry,Verified - legacy U.S. manufacturer catalog; current status pending,
PRD-B07610EC95,SRC016,"Specifications table, brochure p. 2",Catalog/SKU evidence,Verified - manufacturer/distributor brochure,
PRD-B077E82907,SRC021,p. 10,Exact catalog entry,Verified - manufacturer catalog; current U.S. status pending,
PRD-B091070F8D,SRC012,Respiratory 14.04 (PDF p. 117),Catalog/SKU evidence,Verified - manufacturer catalog,
PRD-B1203FF71F,SRC003,p. 9,Catalog/SKU evidence,Verified - manufacturer catalog,
PRD-B1E837841F,SRC027,p. 15,Exact catalog entry,Verified - manufacturer catalog,
PRD-B20E716435,SRC013,Tracheal stent specifications (PDF p. 12),Catalog/SKU evidence,Verified exact catalog entry - global/older source,Exact catalog/SKU evidence from an older global manufacturer catalog; U.S. status unverified.
PRD-B21BCEFB54,SRC019,"APC pressure reducers and gas accessories, catalog pp. 10-11",Catalog/SKU evidence,Verified exact catalog entry - non-U.S. source,Exact catalog/SKU evidence from a non-U.S. manufacturer catalog.
PRD-B226B5873B,SRC001,pp. 12-13,Catalog/SKU evidence,Verified - manufacturer catalog,
PRD-B2AC1ECC92,SRC030,p. 91,Exact catalog entry,Verified - legacy U.S. manufacturer catalog; current status pending,
PRD-B2B0419598,SRC007,pleural seed,Candidate seed,Candidate - user seed; primary source required,
PRD-B2C431C0F9,SRC007,Flexible bronchoscopy platforms!16,Candidate seed,Candidate - user seed; primary source required,
PRD-B2C431C0F9,SRC012,Respiratory 14.04 (PDF p. 117),Catalog/SKU evidence,Verified - manufacturer catalog,
PRD-B3B30BCEE7,SRC002,p. 4,Catalog/SKU evidence,Verified - manufacturer catalog,
PRD-B4AC755EAE,SRC001,pp. 12-13,Catalog/SKU evidence,Verified - manufacturer catalog,
PRD-B4CA5FDE98,SRC030,p. 87,Exact catalog entry,Verified - legacy U.S. manufacturer catalog; current status pending,
PRD-B4E0EB9EFB,SRC021,pp. 44-48,Exact catalog entry,Verified - manufacturer catalog; current U.S. status pending,
PRD-B4FCC0198A,SRC021,p. 16,Exact catalog entry,Verified - manufacturer catalog; current U.S. status pending,
PRD-B53F0F16C8,SRC003,pp. 13-14,Catalog/SKU evidence,Verified - manufacturer catalog,
PRD-B53F0F16C8,SRC004,p. 4,Cross-check,Verified - manufacturer catalog,Older manufacturer brochure.
PRD-B53F0F16C8,SRC015,"Ordering information, pp. 2-3",Catalog/SKU evidence,Verified - current manufacturer page capture,Exact ordering table and product specifications shown on manufacturer page capture.
PRD-B540AFF326,SRC030,p. 72,Exact catalog entry,Verified - legacy U.S. manufacturer catalog; current status pending,
PRD-B54B621217,SRC006,Product list 2025!thoracent,Candidate seed,Candidate - user seed; primary source required,
PRD-B5644A6608,SRC001,p. 24,Catalog/SKU evidence,Verified - manufacturer catalog,
PRD-B5A96A4F81,SRC001,pp. 12-13,Catalog/SKU evidence,Verified - manufacturer catalog,
PRD-B5E107E3AE,SRC001,p. 19,Catalog/SKU evidence,Verified - manufacturer catalog,
PRD-B5FC89830C,SRC022,p. 4.02,Exact catalog entry,Verified - manufacturer catalog; current market status pending,
PRD-B68845E997,SRC018,"Accessories for ERBECRYO 2, catalog p. 6",Catalog/SKU evidence,Verified exact catalog entry - non-U.S. source,Exact catalog/SKU evidence from a non-U.S. manufacturer catalog.
PRD-B68F5C38B4,SRC007,Therapeutic bronchoscopy,Candidate seed,Candidate - user seed; primary source required,
PRD-B6A919EF32,SRC021,pp. 44-48,Exact catalog entry,Verified - manufacturer catalog; current U.S. status pending,
PRD-B6BECFE095,SRC030,p. 91,Exact catalog entry,Verified - legacy U.S. manufacturer catalog; current status pending,
PRD-B728AA11AB,SRC030,p. 91,Exact catalog entry,Verified - legacy U.S. manufacturer catalog; current status pending,
PRD-B76CB39194,SRC007,pleural seed,Candidate seed,Candidate - user seed; primary source required,
PRD-B79F76C6D6,SRC019,"APC pressure reducers and gas accessories, catalog pp. 10-11",Catalog/SKU evidence,Verified exact catalog entry - non-U.S. source,Exact catalog/SKU evidence from a non-U.S. manufacturer catalog.
PRD-B865D0FAF0,SRC013,Tracheal stent specifications (PDF p. 12),Catalog/SKU evidence,Verified exact catalog entry - global/older source,Exact catalog/SKU evidence from an older global manufacturer catalog; U.S. status unverified.
PRD-B8971B556C,SRC003,p. 14,Catalog/SKU evidence,Verified - manufacturer catalog,
PRD-B8971B556C,SRC004,p. 4,Cross-check,Verified - manufacturer catalog,Older manufacturer brochure.
PRD-B8971B556C,SRC015,"Ordering information, pp. 3-4",Catalog/SKU evidence,Verified - current manufacturer page capture,Exact ordering table and product specifications shown on manufacturer page capture.
PRD-B8BB774CB6,SRC003,p. 12,Catalog/SKU evidence,Verified - manufacturer catalog,
PRD-B8D6260C23,SRC027,p. 11,Exact catalog entry,Verified - manufacturer catalog,
PRD-B9381E6DD2,SRC007,pleural seed,Candidate seed,Candidate - user seed; primary source required,
PRD-B94F3A417B,SRC021,p. 52,Exact catalog entry,Verified - manufacturer catalog; current U.S. status pending,
PRD-B98EADB33D,SRC001,p. 30,Catalog/SKU evidence,Verified - manufacturer catalog,
PRD-B99F53FBC5,SRC030,pp. 68-69,Exact catalog entry,Verified - legacy U.S. manufacturer catalog; current status pending,
PRD-B9B15302A7,SRC007,Therapeutic bronchoscopy,Candidate seed,Candidate - user seed; primary source required,
PRD-B9B15302A7,SRC012,Respiratory 14.11 (PDF p. 124),Catalog/SKU evidence,Verified - manufacturer catalog,
PRD-B9B63919B0,SRC021,p. 5,Exact catalog entry,Verified - manufacturer catalog; current U.S. status pending,
PRD-B9CF43923C,SRC012,Respiratory 14.08 (PDF p. 121),Catalog/SKU evidence,Verified - manufacturer catalog,
PRD-BA02119C36,SRC006,Product list 2025!thoracent,Candidate seed,Candidate - user seed; primary source required,
PRD-BA677F5907,SRC006,Product list 2025!Sheet5,Candidate seed,Candidate - user seed; primary source required,
PRD-BA677F5907,SRC027,p. 5,Exact catalog entry,Verified - manufacturer catalog,
PRD-BA7CBE6482,SRC021,pp. 49-51,Exact catalog entry,Verified - manufacturer catalog; current U.S. status pending,
PRD-BA86F45760,SRC021,pp. 44-48,Exact catalog entry,Verified - manufacturer catalog; current U.S. status pending,
PRD-BAC7605565,SRC006,Product list 2025!Sheet5,Candidate seed,Candidate - user seed; primary source required,
PRD-BAC7605565,SRC027,p. 5,Exact catalog entry,Verified - manufacturer catalog,
PRD-BACF8FDE9B,SRC026,p. 6,Exact catalog entry,Verified - U.S. manufacturer brochure,
PRD-BADEC639F4,SRC001,p. 25,Catalog/SKU evidence,Verified - manufacturer catalog,
PRD-BB11C206A4,SRC030,p. 77,Exact catalog entry,Verified - legacy U.S. manufacturer catalog; current status pending,
PRD-BB33BD7BE9,SRC001,p. 25,Catalog/SKU evidence,Verified - manufacturer catalog,
PRD-BB4B62BE1F,SRC003,pp. 13-14,Catalog/SKU evidence,Verified - manufacturer catalog,
PRD-BB4B62BE1F,SRC004,p. 4,Cross-check,Verified - manufacturer catalog,Older manufacturer brochure.
PRD-BB4B62BE1F,SRC015,"Ordering information, pp. 2-3",Catalog/SKU evidence,Verified - current manufacturer page capture,Exact ordering table and product specifications shown on manufacturer page capture.
PRD-BB5D8FBEA3,SRC030,p. 89,Exact catalog entry,Verified - legacy U.S. manufacturer catalog; current status pending,
PRD-BB9A5CC0AE,SRC030,pp. 70-73,Exact catalog entry,Verified - legacy U.S. manufacturer catalog; current status pending,
PRD-BBBE3C6465,SRC006,Product list 2025!bonastent,Candidate seed,Candidate - user seed; primary source required,
PRD-BBCDFBC541,SRC017,"Monopolar cables, catalog p. 4",Catalog/SKU evidence,Verified exact catalog entry - non-U.S. source,Exact catalog/SKU evidence from a non-U.S. manufacturer catalog.
PRD-BBEB73374B,SRC013,Y-shaped tracheal stent specifications (PDF p. 13),Catalog/SKU evidence,Verified exact catalog entry - global/older source,Exact catalog/SKU evidence from an older global manufacturer catalog; U.S. status unverified.
PRD-BC16136731,SRC030,p. 70,Exact catalog entry,Verified - legacy U.S. manufacturer catalog; current status pending,
PRD-BC936E9D71,SRC012,Respiratory 14.12 (PDF p. 125),Catalog/SKU evidence,Verified - manufacturer catalog,
PRD-BCC4474447,SRC007,Perc trach and WLL,Candidate seed,Candidate - user seed; primary source required,
PRD-BCD783DD13,SRC017,"Bipolar cables, catalog p. 8",Catalog/SKU evidence,Verified exact catalog entry - non-U.S. source,Exact catalog/SKU evidence from a non-U.S. manufacturer catalog.
PRD-BCF7612DDB,SRC001,p. 25,Catalog/SKU evidence,Verified - manufacturer catalog,
PRD-BD2D495AB7,SRC027,pp. 9-10,Exact catalog entry,Verified - manufacturer catalog,
PRD-BD9FC1E209,SRC006,Product list 2025!Sheet5,Candidate seed,Candidate - user seed; primary source required,
PRD-BD9FC1E209,SRC027,p. 5,Exact catalog entry,Verified - manufacturer catalog,
PRD-BDA5B2EF14,SRC020,Thal-Quick Chest Tube page,Catalog/SKU evidence,Verified product/SKU identity - exact configuration pending,Manufacturer page supports product/SKU identity; exact configuration remains to be verified.
PRD-BDC093DB61,SRC003,p. 12,Catalog/SKU evidence,Verified - manufacturer catalog,
PRD-BDE6A1058E,SRC006,Product list 2025!Sheet5,Candidate seed,Candidate - user seed; primary source required,
PRD-BDE6A1058E,SRC027,p. 5,Exact catalog entry,Verified - manufacturer catalog,
PRD-BE0B6A0B53,SRC001,pp. 12-13,Catalog/SKU evidence,Verified - manufacturer catalog,
PRD-BE121B185B,SRC001,pp. 12-13,Catalog/SKU evidence,Verified - manufacturer catalog,
PRD-BEB189750B,SRC012,Respiratory 14.13 (PDF p. 128),Catalog/SKU evidence,Verified - manufacturer catalog,
PRD-BEE0D63766,SRC008,CSV row 28,Candidate seed,Candidate - user seed; primary source required,
PRD-BF2B39F2F3,SRC007,Flexible bronchoscopy platforms!11,Candidate seed,Candidate - user seed; primary source required,
PRD-BF2EC6AB5E,SRC003,p. 6,Catalog/SKU evidence,Verified - manufacturer catalog,
PRD-BF31F89558,SRC013,Y-shaped tracheal stent specifications (PDF p. 13),Catalog/SKU evidence,Verified exact catalog entry - global/older source,Exact catalog/SKU evidence from an older global manufacturer catalog; U.S. status unverified.
PRD-BFAC46626D,SRC021,p. 18,Exact catalog entry,Verified - manufacturer catalog; current U.S. status pending,
PRD-BFE5B739F0,SRC027,p. 7,Exact catalog entry,Verified - manufacturer catalog,
PRD-C00C2E4E80,SRC030,p. 91,Exact catalog entry,Verified - legacy U.S. manufacturer catalog; current status pending,
PRD-C01DCF9726,SRC021,p. 25,Exact catalog entry,Verified - manufacturer catalog; current U.S. status pending,
PRD-C094F5AF07,SRC002,p. 5,Catalog/SKU evidence,Verified - manufacturer catalog,
PRD-C0C6302286,SRC030,p. 75,Exact catalog entry,Verified - legacy U.S. manufacturer catalog; current status pending,
PRD-C0FA666A98,SRC008,CSV row 20,Candidate seed,Candidate - user seed; primary source required,
PRD-C12AB8BEA4,SRC007,Therapeutic bronchoscopy,Candidate seed,Candidate - user seed; primary source required,
PRD-C1653676C1,SRC003,pp. 13-14,Catalog/SKU evidence,Verified - manufacturer catalog,
PRD-C1653676C1,SRC004,p. 4,Cross-check,Verified - manufacturer catalog,Older manufacturer brochure.
PRD-C1653676C1,SRC015,"Ordering information, pp. 2-3",Catalog/SKU evidence,Verified - current manufacturer page capture,Exact ordering table and product specifications shown on manufacturer page capture.
PRD-C1F90B7445,SRC021,pp. 49-51,Exact catalog entry,Verified - manufacturer catalog; current U.S. status pending,
PRD-C2115BE6BB,SRC027,p. 8,Exact catalog entry,Verified - manufacturer catalog,
PRD-C2875D269C,SRC003,p. 5,Catalog/SKU evidence,Verified - manufacturer catalog,
PRD-C2875D269C,SRC005,p. 5,Cross-check,Verified - manufacturer catalog,
PRD-C2C49B88CC,SRC007,pleural seed,Candidate seed,Candidate - user seed; primary source required,
PRD-C2C49B88CC,SRC008,CSV row 26,Candidate seed,Candidate - user seed; primary source required,
PRD-C2CB78AC4C,SRC012,Respiratory 14.13 (PDF p. 126),Catalog/SKU evidence,Verified - manufacturer catalog,
PRD-C32CFEC594,SRC021,p. 19,Exact catalog entry,Verified - manufacturer catalog; current U.S. status pending,
PRD-C37147C7D7,SRC006,Product list 2025!Sheet5,Candidate seed,Candidate - user seed; primary source required,
PRD-C37147C7D7,SRC027,p. 5,Exact catalog entry,Verified - manufacturer catalog,
PRD-C3FA589A20,SRC013,Tracheal stent specifications (PDF p. 12),Catalog/SKU evidence,Verified exact catalog entry - global/older source,Exact catalog/SKU evidence from an older global manufacturer catalog; U.S. status unverified.
PRD-C3FB38433F,SRC018,"Gas bottle adapter table, catalog pp. 4, 7",Catalog/SKU evidence,Verified exact catalog entry - non-U.S. source,Exact catalog/SKU evidence from a non-U.S. manufacturer catalog.
PRD-C3FDFF59E0,SRC019,"FiAPC probes, catalog pp. 5-6",Catalog/SKU evidence,Verified exact catalog entry - non-U.S. source,Exact catalog/SKU evidence from a non-U.S. manufacturer catalog.
PRD-C41140BA51,SRC023,p. 2,Exact catalog entry,Verified - manufacturer brochure; current market status pending,
PRD-C4480F30D2,SRC001,p. 24,Catalog/SKU evidence,Verified - manufacturer catalog,
PRD-C47EB33229,SRC017,"Bipolar cables, catalog p. 8",Catalog/SKU evidence,Verified exact catalog entry - non-U.S. source,Exact catalog/SKU evidence from a non-U.S. manufacturer catalog.
PRD-C48BF25736,SRC030,p. 89,Exact catalog entry,Verified - legacy U.S. manufacturer catalog; current status pending,
PRD-C492434340,SRC019,"FiAPC probes, catalog pp. 5-6",Catalog/SKU evidence,Verified exact catalog entry - non-U.S. source,Exact catalog/SKU evidence from a non-U.S. manufacturer catalog.
PRD-C4C8CC5CF5,SRC007,Perc trach and WLL,Candidate seed,Candidate - user seed; primary source required,
PRD-C4EB1DBADB,SRC001,pp. 12-13,Catalog/SKU evidence,Verified - manufacturer catalog,
PRD-C649B4B9C5,SRC030,p. 87,Exact catalog entry,Verified - legacy U.S. manufacturer catalog; current status pending,
PRD-C64D0F8310,SRC030,p. 91,Exact catalog entry,Verified - legacy U.S. manufacturer catalog; current status pending,
PRD-C65DDE0FEC,SRC006,Product list 2025!Sheet5,Candidate seed,Candidate - user seed; primary source required,
PRD-C65DDE0FEC,SRC027,p. 5,Exact catalog entry,Verified - manufacturer catalog,
PRD-C684D9ADCF,SRC018,"Accessories for ERBECRYO 2, catalog p. 7",Catalog/SKU evidence,Verified exact catalog entry - non-U.S. source,Exact catalog/SKU evidence from a non-U.S. manufacturer catalog.
PRD-C6BE641E4E,SRC026,p. 6,Exact catalog entry,Verified - U.S. manufacturer brochure,
PRD-C6E7ED547F,SRC001,p. 29,Catalog/SKU evidence,Verified - manufacturer catalog,
PRD-C717487CFD,SRC021,p. 25,Exact catalog entry,Verified - manufacturer catalog; current U.S. status pending,
PRD-C737E93B1B,SRC030,p. 93,Exact catalog entry,Verified - legacy U.S. manufacturer catalog; current status pending,
PRD-C73E87B7EE,SRC008,CSV row 6,Candidate seed,Candidate - user seed; primary source required,
PRD-C7B4627CB2,SRC001,pp. 12-13,Catalog/SKU evidence,Verified - manufacturer catalog,
PRD-C7E66C10DC,SRC013,Tracheal stent specifications (PDF p. 12),Catalog/SKU evidence,Verified exact catalog entry - global/older source,Exact catalog/SKU evidence from an older global manufacturer catalog; U.S. status unverified.
PRD-C7EB76131F,SRC007,Perc trach and WLL,Candidate seed,Candidate - user seed; primary source required,
PRD-C88B1CD284,SRC012,Respiratory 14.13 (PDF p. 128),Catalog/SKU evidence,Verified - manufacturer catalog,
PRD-C9704EAA93,SRC013,Y-shaped tracheal stent specifications (PDF p. 13),Catalog/SKU evidence,Verified exact catalog entry - global/older source,Exact catalog/SKU evidence from an older global manufacturer catalog; U.S. status unverified.
PRD-CA32599DA2,SRC030,p. 70,Exact catalog entry,Verified - legacy U.S. manufacturer catalog; current status pending,
PRD-CB09A823A5,SRC029,p. 1,Exact catalog entry,Verified - manufacturer flyer; current U.S. status pending,
PRD-CB102A8291,SRC021,p. 5,Exact catalog entry,Verified - manufacturer catalog; current U.S. status pending,
PRD-CB1622624D,SRC029,p. 1,Exact catalog entry,Verified - manufacturer flyer; current U.S. status pending,
PRD-CB29EF7937,SRC001,p. 14,Catalog/SKU evidence,Verified - manufacturer catalog,
PRD-CB585AE377,SRC017,"Monopolar cables, catalog p. 6",Catalog/SKU evidence,Verified exact catalog entry - non-U.S. source,Exact catalog/SKU evidence from a non-U.S. manufacturer catalog.
PRD-CB5FB20E4F,SRC021,p. 16,Exact catalog entry,Verified - manufacturer catalog; current U.S. status pending,
PRD-CB9242F78E,SRC021,p. 23,Exact catalog entry,Verified - manufacturer catalog; current U.S. status pending,
PRD-CBA9A6E9B4,SRC003,pp. 13-14,Catalog/SKU evidence,Verified - manufacturer catalog,
PRD-CBA9A6E9B4,SRC004,p. 4,Cross-check,Verified - manufacturer catalog,Older manufacturer brochure.
PRD-CBA9A6E9B4,SRC015,"Ordering information, pp. 2-3",Catalog/SKU evidence,Verified - current manufacturer page capture,Exact ordering table and product specifications shown on manufacturer page capture.
PRD-CBD72081E8,SRC006,Product list 2025!bonastent,Candidate seed,Candidate - user seed; primary source required,
PRD-CC378D0981,SRC006,Product list 2025!Sheet7,Candidate seed,Candidate - user seed; primary source required,
PRD-CC458478A5,SRC022,p. 6.04,Exact catalog entry,Verified - manufacturer catalog; current market status pending,
PRD-CC55BDA6C8,SRC027,p. 15,Exact catalog entry,Verified - manufacturer catalog and IFU,
PRD-CC88761929,SRC030,p. 91,Exact catalog entry,Verified - legacy U.S. manufacturer catalog; current status pending,
PRD-CCDCC41B7E,SRC030,p. 144,Exact catalog entry,Verified - legacy U.S. manufacturer catalog; current status pending,
PRD-CD315440D5,SRC013,Y-shaped tracheal stent specifications (PDF p. 13),Catalog/SKU evidence,Verified exact catalog entry - global/older source,Exact catalog/SKU evidence from an older global manufacturer catalog; U.S. status unverified.
PRD-CDCBBB4171,SRC017,"Return-electrode cables, catalog p. 13",Catalog/SKU evidence,Verified exact catalog entry - non-U.S. source,Exact catalog/SKU evidence from a non-U.S. manufacturer catalog.
PRD-CE081B3A72,SRC021,p. 25,Exact catalog entry,Verified - manufacturer catalog; current U.S. status pending,
PRD-CE23D2A34E,SRC021,p. 4,Exact catalog entry,Verified - manufacturer catalog; current U.S. status pending,
PRD-CEED2FDA83,SRC007,Flexible bronchoscopy platforms!6,Candidate seed,Candidate - user seed; primary source required,
PRD-CEFAA61748,SRC001,pp. 12-13,Catalog/SKU evidence,Verified - manufacturer catalog,
PRD-CF1E28501A,SRC027,p. 11,Exact catalog entry,Verified - manufacturer catalog,
PRD-D03502FFB4,SRC018,"Accessories for ERBECRYO 2, catalog p. 7",Catalog/SKU evidence,Verified exact catalog entry - non-U.S. source,Exact catalog/SKU evidence from a non-U.S. manufacturer catalog.
PRD-D063F090C6,SRC017,"Monopolar cables, catalog p. 5",Catalog/SKU evidence,Verified exact catalog entry - non-U.S. source,Exact catalog/SKU evidence from a non-U.S. manufacturer catalog.
PRD-D07AD62770,SRC030,p. 88,Exact catalog entry,Verified - legacy U.S. manufacturer catalog; current status pending,
PRD-D09AAAFB72,SRC027,p. 5,Exact catalog entry,Verified - manufacturer catalog,
PRD-D0E745FF62,SRC030,pp. 66-70,Exact catalog entry,Verified - legacy U.S. manufacturer catalog; current status pending,
PRD-D14312CC6A,SRC030,p. 143,Exact catalog entry,Verified - legacy U.S. manufacturer catalog; current status pending,
PRD-D18E672989,SRC021,p. 10,Exact catalog entry,Verified - manufacturer catalog; current U.S. status pending,
PRD-D194D5A02B,SRC017,"Return-electrode cables, catalog p. 13",Catalog/SKU evidence,Verified exact catalog entry - non-U.S. source,Exact catalog/SKU evidence from a non-U.S. manufacturer catalog.
PRD-D1DCE936D2,SRC007,pleural seed,Candidate seed,Candidate - user seed; primary source required,
PRD-D1E3BFD9D3,SRC003,p. 14,Catalog/SKU evidence,Verified - manufacturer catalog,
PRD-D1E3BFD9D3,SRC004,p. 4,Cross-check,Verified - manufacturer catalog,Older manufacturer brochure.
PRD-D1E3BFD9D3,SRC015,"Ordering information, pp. 3-4",Catalog/SKU evidence,Verified - current manufacturer page capture,Exact ordering table and product specifications shown on manufacturer page capture.
PRD-D217637957,SRC021,p. 23,Exact catalog entry,Verified - manufacturer catalog; current U.S. status pending,
PRD-D273A067EA,SRC030,p. 66,Exact catalog entry,Verified - legacy U.S. manufacturer catalog; current status pending,
PRD-D29CE0D10F,SRC016,"Specifications table, brochure p. 2",Catalog/SKU evidence,Verified - manufacturer/distributor brochure,
PRD-D2C6029A70,SRC006,Product list 2025!bonastent,Candidate seed,Candidate - user seed; primary source required,
PRD-D2F1921685,SRC021,pp. 49-51,Exact catalog entry,Verified - manufacturer catalog; current U.S. status pending,
PRD-D3E1DD19D2,SRC026,p. 6,Exact catalog entry,Verified - U.S. manufacturer brochure,
PRD-D41DE241C1,SRC017,"Monopolar cables, catalog p. 5",Catalog/SKU evidence,Verified exact catalog entry - non-U.S. source,Exact catalog/SKU evidence from a non-U.S. manufacturer catalog.
PRD-D4228B0E6F,SRC012,Respiratory 14.06 (PDF p. 119),Catalog/SKU evidence,Verified - manufacturer catalog,
PRD-D44D27C76E,SRC006,Product list 2025!thoracent,Candidate seed,Candidate - user seed; primary source required,
PRD-D454A9C046,SRC019,"APC pressure reducers and gas accessories, catalog pp. 10-11",Catalog/SKU evidence,Verified exact catalog entry - non-U.S. source,Exact catalog/SKU evidence from a non-U.S. manufacturer catalog.
PRD-D49EB30A21,SRC012,Respiratory 14.17 (PDF p. 132),Catalog/SKU evidence,Verified - manufacturer catalog,
PRD-D532D5406F,SRC006,Product list 2025!thoracent,Candidate seed,Candidate - user seed; primary source required,
PRD-D54D46A95B,SRC018,"Gas bottle adapter table, catalog pp. 4, 7",Catalog/SKU evidence,Verified exact catalog entry - non-U.S. source,Exact catalog/SKU evidence from a non-U.S. manufacturer catalog.
PRD-D58A0A54AA,SRC021,p. 12,Exact catalog entry,Verified - manufacturer catalog; current U.S. status pending,
PRD-D5A436E755,SRC016,"Specifications table, brochure p. 2",Catalog/SKU evidence,Verified - manufacturer/distributor brochure,
PRD-D5A6823E45,SRC012,Respiratory 14.13 (PDF p. 127),Catalog/SKU evidence,Verified - manufacturer catalog,
PRD-D5CBD6E254,SRC001,p. 25,Catalog/SKU evidence,Verified - manufacturer catalog,
PRD-D630438171,SRC012,Respiratory 14.13 (PDF p. 127),Catalog/SKU evidence,Verified - manufacturer catalog,
PRD-D630FEC072,SRC001,p. 14,Catalog/SKU evidence,Verified - manufacturer catalog,
PRD-D6F54A6D11,SRC007,Flexible bronchoscopy platforms!4,Candidate seed,Candidate - user seed; primary source required,
PRD-D723C6FF62,SRC017,"Bipolar adapters, catalog p. 16",Catalog/SKU evidence,Verified exact catalog entry - non-U.S. source,Exact catalog/SKU evidence from a non-U.S. manufacturer catalog.
PRD-D736275364,SRC021,p. 19,Exact catalog entry,Verified - manufacturer catalog; current U.S. status pending,
PRD-D76BFAD4AA,SRC001,pp. 12-13,Catalog/SKU evidence,Verified - manufacturer catalog,
PRD-D76C39F2B7,SRC019,"APCapplicator, catalog pp. 7-8",Catalog/SKU evidence,Verified exact catalog entry - non-U.S. source,Exact catalog/SKU evidence from a non-U.S. manufacturer catalog.
PRD-D771E6D06A,SRC012,Respiratory 14.16 (PDF p. 131),Catalog/SKU evidence,Verified - manufacturer catalog,
PRD-D77666DBD4,SRC007,pleural seed,Candidate seed,Candidate - user seed; primary source required,
PRD-D7A7620198,SRC030,p. 75,Exact catalog entry,Verified - legacy U.S. manufacturer catalog; current status pending,
PRD-D7F9A3A5D0,SRC019,"APCapplicator, catalog pp. 7-8",Catalog/SKU evidence,Verified exact catalog entry - non-U.S. source,Exact catalog/SKU evidence from a non-U.S. manufacturer catalog.
PRD-D81F566A09,SRC001,p. 25,Catalog/SKU evidence,Verified - manufacturer catalog,
PRD-D826F63F9A,SRC003,p. 4,Catalog/SKU evidence,Verified - manufacturer catalog,
PRD-D85D52F0CD,SRC017,"Monopolar cables, catalog p. 4",Catalog/SKU evidence,Verified exact catalog entry - non-U.S. source,Exact catalog/SKU evidence from a non-U.S. manufacturer catalog.
PRD-D92BDB1551,SRC013,J-shaped tracheal stent specifications (PDF p. 13),Catalog/SKU evidence,Verified exact catalog entry - global/older source,Exact catalog/SKU evidence from an older global manufacturer catalog; U.S. status unverified.
PRD-D968D7AB8E,SRC006,Product list 2025!bonastent,Candidate seed,Candidate - user seed; primary source required,
PRD-D99A37C035,SRC021,pp. 44-48,Exact catalog entry,Verified - manufacturer catalog; current U.S. status pending,
PRD-D9A63C6C45,SRC019,"APCapplicator, catalog pp. 7-8",Catalog/SKU evidence,Verified exact catalog entry - non-U.S. source,Exact catalog/SKU evidence from a non-U.S. manufacturer catalog.
PRD-DA286027ED,SRC018,"Accessories for ERBECRYO 2, catalog p. 6",Catalog/SKU evidence,Verified exact catalog entry - non-U.S. source,Exact catalog/SKU evidence from a non-U.S. manufacturer catalog.
PRD-DA3218ED45,SRC017,"Monopolar cables, catalog p. 4",Catalog/SKU evidence,Verified exact catalog entry - non-U.S. source,Exact catalog/SKU evidence from a non-U.S. manufacturer catalog.
PRD-DA396EF06D,SRC017,"Bipolar adapters, catalog p. 17",Catalog/SKU evidence,Verified exact catalog entry - non-U.S. source,Exact catalog/SKU evidence from a non-U.S. manufacturer catalog.
PRD-DA69A8016A,SRC001,pp. 12-13,Catalog/SKU evidence,Verified - manufacturer catalog,
PRD-DA836B059E,SRC027,p. 7,Exact catalog entry,Verified - manufacturer catalog,
PRD-DAA7B0A0DF,SRC027,p. 11,Exact catalog entry,Verified - manufacturer catalog,
PRD-DADAA6184C,SRC030,p. 77,Exact catalog entry,Verified - legacy U.S. manufacturer catalog; current status pending,
PRD-DB10C3EACC,SRC027,p. 5,Exact catalog entry,Verified - manufacturer catalog,
PRD-DB7366704E,SRC030,p. 86,Exact catalog entry,Verified - legacy U.S. manufacturer catalog; current status pending,
PRD-DBCBF4AF27,SRC001,pp. 12-13,Catalog/SKU evidence,Verified - manufacturer catalog,
PRD-DC7D6310BB,SRC019,"APCapplicator, catalog pp. 7-8",Catalog/SKU evidence,Verified exact catalog entry - non-U.S. source,Exact catalog/SKU evidence from a non-U.S. manufacturer catalog.
PRD-DC7E693F2A,SRC001,pp. 12-13,Catalog/SKU evidence,Verified - manufacturer catalog,
PRD-DCA951086F,SRC017,"Ignition test adapters, catalog p. 18",Catalog/SKU evidence,Verified exact catalog entry - non-U.S. source,Also listed in ERBE connecting cables and adapters catalog.
PRD-DCA951086F,SRC019,"APC ignition test adapters, catalog p. 8",Catalog/SKU evidence,Verified exact catalog entry - non-U.S. source,Exact catalog/SKU evidence from a non-U.S. manufacturer catalog.
PRD-DCD7CC99AF,SRC021,p. 12,Exact catalog entry,Verified - manufacturer catalog; current U.S. status pending,
PRD-DCD9FB53E5,SRC003,p. 14,Catalog/SKU evidence,Verified - manufacturer catalog,
PRD-DCD9FB53E5,SRC004,p. 4,Cross-check,Verified - manufacturer catalog,Older manufacturer brochure.
PRD-DCD9FB53E5,SRC015,"Ordering information, pp. 3-4",Catalog/SKU evidence,Verified - current manufacturer page capture,Exact ordering table and product specifications shown on manufacturer page capture.
PRD-DD4AFE7DE4,SRC008,CSV row 10,Candidate seed,Candidate - user seed; primary source required,
PRD-DD8657352D,SRC012,Respiratory 14.17 (PDF p. 132),Catalog/SKU evidence,Verified - manufacturer catalog,
PRD-DE28F9BAFD,SRC021,p. 17,Exact catalog entry,Verified - manufacturer catalog; current U.S. status pending,
PRD-DE4182B356,SRC019,"FiAPC probes, catalog pp. 5-6",Catalog/SKU evidence,Verified exact catalog entry - non-U.S. source,Exact catalog/SKU evidence from a non-U.S. manufacturer catalog.
PRD-DF0AB82B2D,SRC006,Product list 2025!Sheet6,Candidate seed,Candidate - user seed; primary source required,
PRD-DF1BEBD0C9,SRC012,Respiratory 14.10 (PDF p. 123),Catalog/SKU evidence,Verified - manufacturer catalog,
PRD-DF1D438D54,SRC003,p. 4,Catalog/SKU evidence,Verified - manufacturer catalog,
PRD-DF239FD803,SRC030,p. 86,Exact catalog entry,Verified - legacy U.S. manufacturer catalog; current status pending,
PRD-DF30B54282,SRC003,p. 3,Catalog/SKU evidence,Verified - manufacturer catalog,
PRD-DF5BFBB99D,SRC029,p. 1,Exact catalog entry,Verified - manufacturer flyer; current U.S. status pending,
PRD-DF6218682C,SRC006,Product list 2025!bonastent,Candidate seed,Candidate - user seed; primary source required,
PRD-DF791E6D1F,SRC030,p. 91,Exact catalog entry,Verified - legacy U.S. manufacturer catalog; current status pending,
PRD-DF989CBDCB,SRC030,p. 92,Exact catalog entry,Verified - legacy U.S. manufacturer catalog; current status pending,
PRD-DFBA1DB7E3,SRC021,p. 21,Exact catalog entry,Verified - manufacturer catalog; current U.S. status pending,
PRD-DFDC63935D,SRC021,p. 26,Exact catalog entry,Verified - manufacturer catalog; current U.S. status pending,
PRD-DFFE75EB48,SRC021,pp. 49-51,Exact catalog entry,Verified - manufacturer catalog; current U.S. status pending,
PRD-E00759020E,SRC001,p. 14,Catalog/SKU evidence,Verified - manufacturer catalog,
PRD-E02F46CDAD,SRC030,p. 73,Exact catalog entry,Verified - legacy U.S. manufacturer catalog; current status pending,
PRD-E0331EA66D,SRC001,p. 25,Catalog/SKU evidence,Verified - manufacturer catalog,
PRD-E03ACFD7C6,SRC001,pp. 12-13,Catalog/SKU evidence,Verified - manufacturer catalog,
PRD-E04326B8E4,SRC002,p. 4,Catalog/SKU evidence,Verified - manufacturer catalog,
PRD-E04E24D3CD,SRC001,pp. 12-13,Catalog/SKU evidence,Verified - manufacturer catalog,
PRD-E05104FF37,SRC001,p. 25,Catalog/SKU evidence,Verified - manufacturer catalog,
PRD-E060DC2383,SRC017,"Return-electrode cables, catalog p. 14",Catalog/SKU evidence,Verified exact catalog entry - non-U.S. source,Exact catalog/SKU evidence from a non-U.S. manufacturer catalog.
PRD-E07985974F,SRC001,pp. 12-13,Catalog/SKU evidence,Verified - manufacturer catalog,
PRD-E088452873,SRC007,Perc trach and WLL,Candidate seed,Candidate - user seed; primary source required,
PRD-E09A4CA6E0,SRC030,p. 91,Exact catalog entry,Verified - legacy U.S. manufacturer catalog; current status pending,
PRD-E0A45CB3A7,SRC013,Tracheal stent specifications (PDF p. 12),Catalog/SKU evidence,Verified exact catalog entry - global/older source,Exact catalog/SKU evidence from an older global manufacturer catalog; U.S. status unverified.
PRD-E0E5A0320D,SRC017,"Bipolar cables, catalog p. 11",Catalog/SKU evidence,Verified exact catalog entry - non-U.S. source,Exact catalog/SKU evidence from a non-U.S. manufacturer catalog.
PRD-E13F890A8D,SRC001,pp. 12-13,Catalog/SKU evidence,Verified - manufacturer catalog,
PRD-E1B889E869,SRC027,pp. 9-10,Exact catalog entry,Verified - manufacturer catalog,
PRD-E1E020F3BF,SRC012,Respiratory 14.17 (PDF p. 132),Catalog/SKU evidence,Verified - manufacturer catalog,
PRD-E27A6FA17A,SRC017,"Bipolar cables, catalog p. 8",Catalog/SKU evidence,Verified exact catalog entry - non-U.S. source,Exact catalog/SKU evidence from a non-U.S. manufacturer catalog.
PRD-E2A3EFD37E,SRC007,pleural seed,Candidate seed,Candidate - user seed; primary source required,
PRD-E2EB4E573F,SRC012,Respiratory 14.05 (PDF p. 118),Catalog/SKU evidence,Verified - manufacturer catalog,
PRD-E2EB4E573F,SRC029,p. 1,Exact catalog entry,Verified - manufacturer catalog and flyer,
PRD-E353F2E250,SRC021,p. 5,Exact catalog entry,Verified - manufacturer catalog; current U.S. status pending,
PRD-E37704D087,SRC001,p. 15,Catalog/SKU evidence,Verified - manufacturer catalog,
PRD-E393622AEC,SRC012,Respiratory 14.10 (PDF p. 123),Catalog/SKU evidence,Verified - manufacturer catalog,
PRD-E4277B23A8,SRC021,p. 16,Exact catalog entry,Verified - manufacturer catalog; current U.S. status pending,
PRD-E46E521D1C,SRC027,pp. 9-10,Exact catalog entry,Verified - manufacturer catalog,
PRD-E4B27EE86A,SRC030,p. 91,Exact catalog entry,Verified - legacy U.S. manufacturer catalog; current status pending,
PRD-E4FE22C28D,SRC017,"Bipolar adapters, catalog p. 16",Catalog/SKU evidence,Verified exact catalog entry - non-U.S. source,Exact catalog/SKU evidence from a non-U.S. manufacturer catalog.
PRD-E56FC05269,SRC030,p. 72,Exact catalog entry,Verified - legacy U.S. manufacturer catalog; current status pending,
PRD-E5D003B78D,SRC017,"Monopolar adapters, catalog p. 15",Catalog/SKU evidence,Verified exact catalog entry - non-U.S. source,Exact catalog/SKU evidence from a non-U.S. manufacturer catalog.
PRD-E6A1370266,SRC030,p. 67,Exact catalog entry,Verified - legacy U.S. manufacturer catalog; current status pending,
PRD-E6B6E0ACC5,SRC021,p. 18,Exact catalog entry,Verified - manufacturer catalog; current U.S. status pending,
PRD-E6ED309802,SRC003,p. 4,Catalog/SKU evidence,Verified - manufacturer catalog,
PRD-E7724A6977,SRC012,Respiratory 14.04 (PDF p. 117),Catalog/SKU evidence,Verified - manufacturer catalog,
PRD-E7724A6977,SRC029,p. 1,GuideSheath kit component compatibility,Verified - manufacturer flyer,Peripheral Bronchoscopy Solutions flyer.
PRD-E7FAE36160,SRC012,Respiratory 14.01 (PDF p. 114),Catalog/SKU evidence,Verified - manufacturer catalog,
PRD-E803315936,SRC003,p. 8,Catalog/SKU evidence,Verified - manufacturer catalog,
PRD-E907C0EB2E,SRC007,Flexible bronchoscopy platforms!9,Candidate seed,Candidate - user seed; primary source required,
PRD-E91AF4A4B3,SRC017,"Monopolar cables, catalog p. 5",Catalog/SKU evidence,Verified exact catalog entry - non-U.S. source,Exact catalog/SKU evidence from a non-U.S. manufacturer catalog.
PRD-E91BAEC04F,SRC001,pp. 12-13,Catalog/SKU evidence,Verified - manufacturer catalog,
PRD-E94BC99DC8,SRC017,"Bipolar cables, catalog p. 11",Catalog/SKU evidence,Verified exact catalog entry - non-U.S. source,Exact catalog/SKU evidence from a non-U.S. manufacturer catalog.
PRD-E96FD33203,SRC007,Perc trach and WLL,Candidate seed,Candidate - user seed; primary source required,
PRD-E9AD59995F,SRC001,p. 14,Catalog/SKU evidence,Verified - manufacturer catalog,
PRD-EA133128FD,SRC001,p. 28,Catalog/SKU evidence,Verified - manufacturer catalog,
PRD-EA1D57AC9A,SRC012,Respiratory 14.12 (PDF p. 125),Catalog/SKU evidence,Verified - manufacturer catalog,
PRD-EA6F3E44C1,SRC007,Perc trach and WLL,Candidate seed,Candidate - user seed; primary source required,
PRD-EAED780757,SRC030,p. 144,Exact catalog entry,Verified - legacy U.S. manufacturer catalog; current status pending,
PRD-EB01698273,SRC030,p. 73,Exact catalog entry,Verified - legacy U.S. manufacturer catalog; current status pending,
PRD-EB0DE6C03A,SRC003,pp. 13-14,Catalog/SKU evidence,Verified - manufacturer catalog,
PRD-EB0DE6C03A,SRC004,p. 4,Cross-check,Verified - manufacturer catalog,Older manufacturer brochure.
PRD-EB0DE6C03A,SRC015,"Ordering information, pp. 2-3",Catalog/SKU evidence,Verified - current manufacturer page capture,Exact ordering table and product specifications shown on manufacturer page capture.
PRD-EB1A3E8F85,SRC012,Respiratory 14.08-14.10 (PDF pp. 121-123),Catalog/SKU evidence,Verified - manufacturer catalog,
PRD-EB27F8D657,SRC007,pleural seed,Candidate seed,Candidate - user seed; primary source required,
PRD-EB513BCB63,SRC003,p. 4,Catalog/SKU evidence,Verified - manufacturer catalog,
PRD-EC1BF76FBC,SRC006,Product list 2025!Sheet5,Candidate seed,Candidate - user seed; primary source required,
PRD-EC1BF76FBC,SRC027,p. 5,Exact catalog entry,Verified - manufacturer catalog,
PRD-EC45CB0F5D,SRC030,pp. 70-73,Exact catalog entry,Verified - legacy U.S. manufacturer catalog; current status pending,
PRD-EC55EE1E59,SRC001,pp. 12-13,Catalog/SKU evidence,Verified - manufacturer catalog,
PRD-EC8645595D,SRC017,"Return-electrode cables, catalog p. 13",Catalog/SKU evidence,Verified exact catalog entry - non-U.S. source,Exact catalog/SKU evidence from a non-U.S. manufacturer catalog.
PRD-EC8FB40FB0,SRC019,"APC applicator/adapters, catalog p. 8",Catalog/SKU evidence,Verified exact catalog entry - non-U.S. source,Exact catalog/SKU evidence from a non-U.S. manufacturer catalog.
PRD-ECDF9A7AFB,SRC027,p. 5,Exact catalog entry,Verified - manufacturer catalog,
PRD-ED212D7E3C,SRC021,pp. 49-51,Exact catalog entry,Verified - manufacturer catalog; current U.S. status pending,
PRD-ED3B1867AC,SRC027,p. 5,Exact catalog entry,Verified - manufacturer catalog,
PRD-ED3D613CD2,SRC003,p. 14,Catalog/SKU evidence,Verified - manufacturer catalog,
PRD-ED3D613CD2,SRC004,p. 4,Cross-check,Verified - manufacturer catalog,Older manufacturer brochure.
PRD-ED3D613CD2,SRC015,"Ordering information, pp. 3-4",Catalog/SKU evidence,Verified - current manufacturer page capture,Exact ordering table and product specifications shown on manufacturer page capture.
PRD-ED5A6147B6,SRC021,p. 5,Exact catalog entry,Verified - manufacturer catalog; current U.S. status pending,
PRD-ED98C24F0E,SRC021,p. 25,Exact catalog entry,Verified - manufacturer catalog; current U.S. status pending,
PRD-EE226986CB,SRC017,"Monopolar adapters, catalog p. 15",Catalog/SKU evidence,Verified exact catalog entry - non-U.S. source,Exact catalog/SKU evidence from a non-U.S. manufacturer catalog.
PRD-EEA17CA0DB,SRC021,p. 52,Exact catalog entry,Verified - manufacturer catalog; current U.S. status pending,
PRD-EF6C5DE6CC,SRC007,Flexible bronchoscopy platforms!14,Candidate seed,Candidate - user seed; primary source required,
PRD-EF6C5DE6CC,SRC012,Respiratory 14.01 (PDF p. 115),Catalog/SKU evidence,Verified - manufacturer catalog,
PRD-EF96863018,SRC006,Product list 2025!bonastent,Candidate seed,Candidate - user seed; primary source required,
PRD-EFB3CF2E71,SRC006,Product list 2025!bonastent,Candidate seed,Candidate - user seed; primary source required,
PRD-F008B12AC0,SRC007,pleural seed,Candidate seed,Candidate - user seed; primary source required,
PRD-F00EF2568E,SRC030,p. 77,Exact catalog entry,Verified - legacy U.S. manufacturer catalog; current status pending,
PRD-F010140B5E,SRC001,pp. 12-13,Catalog/SKU evidence,Verified - manufacturer catalog,
PRD-F0279D2028,SRC001,pp. 12-13,Catalog/SKU evidence,Verified - manufacturer catalog,
PRD-F12AF814EE,SRC030,p. 91,Exact catalog entry,Verified - legacy U.S. manufacturer catalog; current status pending,
PRD-F146CD24CF,SRC007,Therapeutic bronchoscopy,Candidate seed,Candidate - user seed; primary source required,
PRD-F146CD24CF,SRC030,p. 67,Exact catalog entry,Verified - legacy U.S. manufacturer catalog; current status pending,
PRD-F14EF79E1A,SRC030,pp. 66-70,Exact catalog entry,Verified - legacy U.S. manufacturer catalog; current status pending,
PRD-F1632F4CEC,SRC018,"Gas bottle adapter table, catalog pp. 4, 7",Catalog/SKU evidence,Verified exact catalog entry - non-U.S. source,Exact catalog/SKU evidence from a non-U.S. manufacturer catalog.
PRD-F1712066B6,SRC030,p. 143,Exact catalog entry,Verified - legacy U.S. manufacturer catalog; current status pending,
PRD-F1D5F37924,SRC007,Therapeutic bronchoscopy,Candidate seed,Candidate - user seed; primary source required,
PRD-F1DC24ED97,SRC021,p. 20,Exact catalog entry,Verified - manufacturer catalog; current U.S. status pending,
PRD-F2007DBCC0,SRC003,p. 3,Catalog/SKU evidence,Verified - manufacturer catalog,
PRD-F227995333,SRC027,p. 7,Exact catalog entry,Verified - manufacturer catalog,
PRD-F2C87C4908,SRC007,Flexible bronchoscopy platforms!8,Candidate seed,Candidate - user seed; primary source required,
PRD-F2F9633FBF,SRC001,pp. 12-13,Catalog/SKU evidence,Verified - manufacturer catalog,
PRD-F32CE903FF,SRC027,p. 7,Exact catalog entry,Verified - manufacturer catalog,
PRD-F3307DB1D4,SRC024,p. 2,Exact catalog entry,Verified - current manufacturer brochure,
PRD-F351B4D76F,SRC008,CSV row 24,Candidate seed,Candidate - user seed; primary source required,
PRD-F376B6A68F,SRC022,p. 2.04,Exact catalog entry,Verified - manufacturer catalog; current market status pending,
PRD-F3BBB75E29,SRC026,p. 6,Exact catalog entry,Verified - U.S. manufacturer brochure,
PRD-F408B46806,SRC003,p. 8,Catalog/SKU evidence,Verified - manufacturer catalog,
PRD-F40F385751,SRC021,p. 21,Exact catalog entry,Verified - manufacturer catalog; current U.S. status pending,
PRD-F43B951B75,SRC006,Product list 2025!thoracent,Candidate seed,Candidate - user seed; primary source required,
PRD-F4B03B6DFA,SRC001,p. 25,Catalog/SKU evidence,Verified - manufacturer catalog,
PRD-F4B4C5FC4D,SRC030,p. 91,Exact catalog entry,Verified - legacy U.S. manufacturer catalog; current status pending,
PRD-F510911B2C,SRC022,p. 7.02,Exact catalog entry,Verified - manufacturer catalog; current market status pending,
PRD-F527A8F44E,SRC001,pp. 12-13,Catalog/SKU evidence,Verified - manufacturer catalog,
PRD-F54BF5D38E,SRC001,pp. 12-13,Catalog/SKU evidence,Verified - manufacturer catalog,
PRD-F54D35983D,SRC025,pp. 2-3,System intended use and compatibility,Verified - manufacturer IFU,IFU supports tunneled long-term pleural drainage system identity and approved access methods.
PRD-F54D35983D,SRC027,p. 14,Exact catalog entry,Verified - manufacturer catalog and IFU,
PRD-F5AE18C06E,SRC007,pleural seed,Candidate seed,Candidate - user seed; primary source required,
PRD-F5CEB7234A,SRC016,"Specifications table, brochure p. 2",Catalog/SKU evidence,Verified - manufacturer/distributor brochure,
PRD-F63C06E063,SRC001,pp. 12-13,Catalog/SKU evidence,Verified - manufacturer catalog,
PRD-F6BB76BECF,SRC021,pp. 53-55,Exact catalog entry,Verified - manufacturer catalog; current U.S. status pending,
PRD-F765071278,SRC001,p. 19,Catalog/SKU evidence,Verified - manufacturer catalog,
PRD-F7968862EF,SRC021,p. 14,Exact catalog entry,Verified - manufacturer catalog; current U.S. status pending,
PRD-F7981773F7,SRC013,Tracheal stent specifications (PDF p. 12),Catalog/SKU evidence,Verified exact catalog entry - global/older source,Exact catalog/SKU evidence from an older global manufacturer catalog; U.S. status unverified.
PRD-F7FFFFA87F,SRC008,CSV row 19,Candidate seed,Candidate - user seed; primary source required,
PRD-F80927CE1B,SRC007,Perc trach and WLL,Candidate seed,Candidate - user seed; primary source required,
PRD-F82300D570,SRC024,p. 2,Exact catalog entry,Verified - current manufacturer brochure,
PRD-F8B8727229,SRC008,CSV row 9,Candidate seed,Candidate - user seed; primary source required,
PRD-F96AA87958,SRC026,p. 6,Exact catalog entry,Verified - U.S. manufacturer brochure,
PRD-F96DCD2AC6,SRC030,pp. 68-69,Exact catalog entry,Verified - legacy U.S. manufacturer catalog; current status pending,
PRD-F980B28A34,SRC006,Product list 2025!bonastent,Candidate seed,Candidate - user seed; primary source required,
PRD-F9A98419EA,SRC030,p. 74,Exact catalog entry,Verified - legacy U.S. manufacturer catalog; current status pending,
PRD-F9C809D277,SRC017,"Monopolar cables, catalog p. 4",Catalog/SKU evidence,Verified exact catalog entry - non-U.S. source,Exact catalog/SKU evidence from a non-U.S. manufacturer catalog.
PRD-F9EB14C69E,SRC016,"Specifications table, brochure p. 2",Catalog/SKU evidence,Verified - manufacturer/distributor brochure,
PRD-FA325AD5F8,SRC001,pp. 12-13,Catalog/SKU evidence,Verified - manufacturer catalog,
PRD-FA59BE320F,SRC006,Product list 2025!Sheet5,Candidate seed,Candidate - user seed; primary source required,
PRD-FA59BE320F,SRC027,p. 5,Exact catalog entry,Verified - manufacturer catalog,
PRD-FB1867A930,SRC021,p. 25,Exact catalog entry,Verified - manufacturer catalog; current U.S. status pending,
PRD-FB2A9A64D9,SRC027,p. 12,Exact catalog entry,Verified - manufacturer catalog,
PRD-FBE99854E1,SRC006,Product list 2025!bonastent,Candidate seed,Candidate - user seed; primary source required,
PRD-FCAC63DE74,SRC001,pp. 12-13,Catalog/SKU evidence,Verified - manufacturer catalog,
PRD-FCD805E954,SRC021,p. 26,Exact catalog entry,Verified - manufacturer catalog; current U.S. status pending,
PRD-FCEC968C4E,SRC008,CSV row 27,Candidate seed,Candidate - user seed; primary source required,
PRD-FD2FA688FB,SRC001,pp. 12-13,Catalog/SKU evidence,Verified - manufacturer catalog,
PRD-FD34401E04,SRC020,Vinyl Connecting Tube page,Catalog/SKU evidence,Verified product/SKU identity - exact configuration pending,Manufacturer page supports product/SKU identity; exact configuration remains to be verified.
PRD-FD3915EF93,SRC008,CSV row 13,Candidate seed,Candidate - user seed; primary source required,
PRD-FDC723362C,SRC007,Therapeutic bronchoscopy,Candidate seed,Candidate - user seed; primary source required,
PRD-FE028163EB,SRC007,pleural seed,Candidate seed,Candidate - user seed; primary source required,
PRD-FE1DBA6966,SRC022,p. 2.04,Exact catalog entry,Verified - manufacturer catalog; current market status pending,
PRD-FE67FEA4F0,SRC030,p. 146,Exact catalog entry,Verified - legacy U.S. manufacturer catalog; current status pending,
PRD-FE7880EF7E,SRC001,pp. 12-13,Catalog/SKU evidence,Verified - manufacturer catalog,
PRD-FEA0F47B62,SRC021,p. 19,Exact catalog entry,Verified - manufacturer catalog; current U.S. status pending,
PRD-FEAA795BDD,SRC008,CSV row 33,Candidate seed,Candidate - user seed; primary source required,
PRD-FEAA795BDD,SRC025,pp. 2-3,System intended use and compatibility,Verified - manufacturer IFU,IFU supports tunneled long-term pleural drainage system identity and approved access methods.
PRD-FEAA795BDD,SRC027,p. 14,Exact catalog entry,Verified - manufacturer catalog and IFU,
PRD-FF130FCDC6,SRC030,p. 89,Exact catalog entry,Verified - legacy U.S. manufacturer catalog; current status pending,
PRD-FF384E6481,SRC021,p. 21,Exact catalog entry,Verified - manufacturer catalog; current U.S. status pending,
PRD-FF9CE26B43,SRC021,p. 5,Exact catalog entry,Verified - manufacturer catalog; current U.S. status pending,
PRD-FFA21E88CC,SRC007,Perc trach and WLL,Candidate seed,Candidate - user seed; primary source required,
