product_id,manufacturer_id,manufacturer,distributor,brand_family,product_name,catalog_number,global_part_number,reference_part_number,alternate_ids,gtin,primary_category,subcategory,product_kind,reuse_status,sterile_status,implantable,material,coverage,placement_method,size_display,diameter_mm,length_mm,french_size,gauge,working_length_cm,min_working_channel_mm,delivery_system_od_mm,package_uom,adult_peds,description,compatibility_text,verification_status,live_dropdown_status,primary_source_id,primary_source_location,source_as_of,availability_note,notes,spec_json
PRD-E907C0EB2E,MFR-C84E13E4FD,Ambu,,aScope,aScope 4 Broncho Large,478101000,,,,,Bronchoscopy platform,,Candidate,,,,,,,,,,,,,,,,,Seed states 5.8/2.8 mm.,,Candidate - user seed; primary source required,Hidden until verified,SRC007,Flexible bronchoscopy platforms!9,,,,{}
PRD-F2C87C4908,MFR-C84E13E4FD,Ambu,,aScope,aScope 4 Broncho Regular,477101000,,,,,Bronchoscopy platform,,Candidate,,,,,,,,,,,,,,,,,Seed states 5.0/2.2 mm.,,Candidate - user seed; primary source required,Hidden until verified,SRC007,Flexible bronchoscopy platforms!8,,,,{}
PRD-A6CF0E2BA4,MFR-C84E13E4FD,Ambu,,aScope,aScope 4 Broncho Slim,476101000,,,,,Bronchoscopy platform,,Candidate,,,,,,,,,,,,,,,,,Seed states 3.8/1.2 mm and minimum DLT 35 Fr.,,Candidate - user seed; primary source required,Hidden until verified,SRC007,Flexible bronchoscopy platforms!7,,,,{}
PRD-41BA4FDFE6,MFR-E3F284CAE2,BD,,,"PleurX Drainage Kit 1,000 mL",50-7510,,,,,Pleural procedures,IPC Drainage Accessory,Candidate,,,,,,,,,,,,,,,,Adult,"1,000 mL bottle",,Candidate - user seed; primary source required,Hidden until verified,SRC007,pleural seed,,Prime Vendor: Yes; ECAT: Yes (unverified compiled claims),,{}
PRD-B2B0419598,MFR-E3F284CAE2,BD,,,PleurX Drainage Kit 500 mL,50-7500B,,,,,Pleural procedures,,Candidate,,,,,,,,,,,,,,,,,500 mL bottle,,Candidate - user seed; primary source required,Hidden until verified,SRC007,pleural seed,,,,{}
PRD-78DC6578D9,MFR-E3F284CAE2,BD,,,PleurX Pleural Catheter Kit,50-7000B,,,,,Pleural procedures,Indwelling Pleural Catheter,Candidate,,,,,,,,,,,,,,,,Adult,PleurX catheter kit,,Candidate - user seed; primary source required,Hidden until verified,SRC007,pleural seed,,Prime Vendor: Yes; ECAT: Yes (unverified compiled claims),,{}
PRD-E2A3EFD37E,MFR-E3F284CAE2,BD,,,PleurX Pleural Catheter Starter Kit,50-7700,,,,,Pleural procedures,,Candidate,,,,,,,,,,,,,,,,,"Includes four 1,000 mL bottles",,Candidate - user seed; primary source required,Hidden until verified,SRC007,pleural seed,,,,{}
PRD-4423366610,MFR-E3F284CAE2,BD,,,PleurX Procedure Pack,50-7290A,,,,,Pleural procedures,,Candidate,,,,,,,,,,,,,,,,,Procedure pack,,Candidate - user seed; primary source required,Hidden until verified,SRC007,pleural seed,,,,{}
PRD-B9381E6DD2,MFR-E3F284CAE2,BD,,,Safe-T-Centesis Pigtail Drainage Kit,PIG1260K,,,,,Pleural procedures,,Candidate,,,,,,,,,,,,,,,,,"6 Fr, 18G",,Candidate - user seed; primary source required,Hidden until verified,SRC007,pleural seed,,,,{}
PRD-D77666DBD4,MFR-E3F284CAE2,BD,,,Safe-T-Centesis Pigtail Drainage Kit,PIG1280K,,,,,Pleural procedures,,Candidate,,,,,,,,,,,,,,,,,"8 Fr, 16G",,Candidate - user seed; primary source required,Hidden until verified,SRC007,pleural seed,,,,{}
PRD-9371C2567D,MFR-E3F284CAE2,BD,,,Safe-T-Centesis PLUS Tray,PIG1260TSP,,,,,Pleural procedures,,Candidate,,,,,,,,,,,,,,,,,6 Fr PLUS tray,,Candidate - user seed; primary source required,Hidden until verified,SRC007,pleural seed,,,,{}
PRD-C2C49B88CC,MFR-E3F284CAE2,BD,,,Safe-T-Centesis PLUS Tray,PIG1280TSP,,,,,Pleural procedures,Thoracentesis Catheter,Candidate,,,,,,,,,,,,,,,,Adult,8 Fr PLUS tray,,Candidate - user seed; primary source required,Hidden until verified,SRC007,pleural seed,,Prime Vendor: Yes; ECAT: Yes (unverified compiled claims),,{}
PRD-31DA7C7FF7,MFR-E3F284CAE2,BD,,,Safe‑T‑Centesis Catheter Tray – 6 Fr,PIG1260T,,,,,Pleural procedures,Thoracentesis Catheter,Candidate,,,,,,,,,,,,,,,,Both,"Blunt obturator, self‑sealing",,Candidate - user seed; primary source required,Hidden until verified,SRC008,CSV row 25,,Prime Vendor: Yes; ECAT: Yes (unverified compiled claims),,{}
PRD-EB513BCB63,MFR-42F5245630,Boston Scientific,,Acquire Pulmonary,Acquire Pulmonary EBUS Fine Needle Biopsy Device,M00552350,,,,08714729986225,Sampling,EBUS FNB needle,Disposable,Single-use,Sterile,,,,,,,,,22G,,2.0,,Each,,Olympus-scope-compatible pulmonary EBUS FNB device.,,Verified - manufacturer catalog,Prototype visible - reverify before production,SRC003,p. 4,2022,,,"{""sheath_od_mm"":1.4}"
PRD-D826F63F9A,MFR-42F5245630,Boston Scientific,,Acquire Pulmonary,Acquire Pulmonary EBUS Fine Needle Biopsy Device,M00552351,,,,08714729986232,Sampling,EBUS FNB needle,Disposable,Single-use,Sterile,,,,,,,,,22G,,2.0,,Box 5,,Olympus-scope-compatible pulmonary EBUS FNB device.,,Verified - manufacturer catalog,Prototype visible - reverify before production,SRC003,p. 4,2022,,,"{""sheath_od_mm"":1.4}"
PRD-DF1D438D54,MFR-42F5245630,Boston Scientific,,Acquire Pulmonary,Acquire Pulmonary EBUS Fine Needle Biopsy Device,M00552400,,,,08714729986249,Sampling,EBUS FNB needle,Disposable,Single-use,Sterile,,,,,,,,,25G,,2.0,,Each,,Olympus-scope-compatible pulmonary EBUS FNB device.,,Verified - manufacturer catalog,Prototype visible - reverify before production,SRC003,p. 4,2022,,,"{""sheath_od_mm"":1.4}"
PRD-E6ED309802,MFR-42F5245630,Boston Scientific,,Acquire Pulmonary,Acquire Pulmonary EBUS Fine Needle Biopsy Device,M00552401,,,,08714729986256,Sampling,EBUS FNB needle,Disposable,Single-use,Sterile,,,,,,,,,25G,,2.0,,Box 5,,Olympus-scope-compatible pulmonary EBUS FNB device.,,Verified - manufacturer catalog,Prototype visible - reverify before production,SRC003,p. 4,2022,,,"{""sheath_od_mm"":1.4}"
PRD-35EC8EE328,MFR-42F5245630,Boston Scientific,,Alliance II,Alliance II Inflation Handle,M00550620,,,,08714729283881,Airway dilation,Inflation device,Reusable equipment,Reusable,,,,,,,,,,,,,,Each,,,,Verified - manufacturer catalog,Prototype visible - reverify before production,SRC003,p. 12,2022,,,{}
PRD-8A08163BA1,MFR-42F5245630,Boston Scientific,,Alliance II,Alliance II Single-Use Syringe/Gauge Assembly,M00550601,,,,08714729129332,Airway dilation,Inflation accessory,Disposable,Single-use,,,,,,,,,,,,,,Box 5,,,,Verified - manufacturer catalog,Prototype visible - reverify before production,SRC003,p. 12,2022,,,{}
PRD-5F801B5A8E,MFR-42F5245630,Boston Scientific,,Amplatz Super Stiff,Amplatz Super Stiff Guidewire,M00550090,,,,08714729301929,Guidewire,Guidewire,Disposable,Single-use,Sterile,,,,,"0.038 in x 260 mm, straight tip",,260,,,,,,Each,,,,Verified - manufacturer catalog,Prototype visible - reverify before production,SRC003,p. 13,2022,,,"{""od_in"":0.038,""tip_style"":""Straight""}"
PRD-2F3F39DBA3,MFR-42F5245630,Boston Scientific,,Cellebrity,Cellebrity Single-Use Cytology Brush,M00516001,,,,08714729138983,Sampling,Cytology brush,Disposable,Single-use,Sterile,,,,,,,,,,140,2.0,,Box 10,,,,Verified - manufacturer catalog,Prototype visible - reverify before production,SRC003,p. 7,2022,,,"{""bristle_od_mm"":1.0}"
PRD-81331808E3,MFR-42F5245630,Boston Scientific,,Cellebrity,Cellebrity Single-Use Cytology Brush,M00516011,,,,08714729138990,Sampling,Cytology brush,Disposable,Single-use,Sterile,,,,,,,,,,140,2.0,,Box 10,,,,Verified - manufacturer catalog,Prototype visible - reverify before production,SRC003,p. 7,2022,,,"{""bristle_od_mm"":1.5}"
PRD-1239820D80,MFR-42F5245630,Boston Scientific,,Cellebrity,Cellebrity Single-Use Cytology Brush,M00516071,,,,08714729139089,Sampling,Cytology brush,Disposable,Single-use,Sterile,,,,,,,,,,100,2.0,,Box 10,,,,Verified - manufacturer catalog,Prototype visible - reverify before production,SRC003,p. 7,2022,,,"{""bristle_od_mm"":1.9}"
PRD-251B275384,MFR-42F5245630,Boston Scientific,,Cellebrity,Cellebrity Single-Use Cytology Brush,M00516151,,,,08714729014003,Sampling,Cytology brush,Disposable,Single-use,Sterile,,,,,,,,,,150,2.0,,Box 10,,,,Verified - manufacturer catalog,Prototype visible - reverify before production,SRC003,p. 7,2022,,,"{""bristle_od_mm"":1.9}"
PRD-C2875D269C,MFR-42F5245630,Boston Scientific,,CoreDx,CoreDx Pulmonary Mini-Forceps,M00515220,,,,08714729971054,Sampling,EBUS mini-forceps,Disposable,Single-use,Sterile,,,,,,,,,,130,1.2,,Each,,Pulmonary mini-forceps for intranodal histologic sampling.,"Catalog states compatibility with Olympus, Pentax, and Fuji EBUS scopes and 1.2 mm-channel super-slim bronchoscopes.",Verified - manufacturer catalog,Prototype visible - reverify before production,SRC003,p. 5,2022,,,"{""shaft_od_mm"":0.96,""jaw_opening_mm"":4.3}"
PRD-94E33ED243,MFR-42F5245630,Boston Scientific,,CRE,CRE Single-Use Pulmonary Balloon Dilatation Catheter,M00550300,,,,08714729456186,Airway dilation,Balloon dilator,Disposable catheter,Single-use,Sterile,,,,,,12,,,,110,,,Each,,12 mm at 3 atm; 13.5 @ 4.5 atm; 15 @ 8 atm.,0.035 in guidewire compatible; compatible with Alliance II or CRE SteriFlate inflation devices.,Verified - manufacturer catalog,Prototype visible - reverify before production,SRC003,p. 12,2022,,,"{""diameter_at_3_atm_mm"":12,""intermediate_diameter_pressure"":""13.5 @ 4.5 atm"",""max_diameter_pressure"":""15 @ 8 atm"",""balloon_length_cm"":5.5,""guidewire_in"":0.035}"
PRD-B8BB774CB6,MFR-42F5245630,Boston Scientific,,CRE,CRE Single-Use Pulmonary Balloon Dilatation Catheter,M00550310,,,,08714729456193,Airway dilation,Balloon dilator,Disposable catheter,Single-use,Sterile,,,,,,15,,,,110,,,Each,,15 mm at 3 atm; 16.5 @ 4.5 atm; 18 @ 7 atm.,0.035 in guidewire compatible; compatible with Alliance II or CRE SteriFlate inflation devices.,Verified - manufacturer catalog,Prototype visible - reverify before production,SRC003,p. 12,2022,,,"{""diameter_at_3_atm_mm"":15,""intermediate_diameter_pressure"":""16.5 @ 4.5 atm"",""max_diameter_pressure"":""18 @ 7 atm"",""balloon_length_cm"":5.5,""guidewire_in"":0.035}"
PRD-BDC093DB61,MFR-42F5245630,Boston Scientific,,CRE,CRE Single-Use Pulmonary Balloon Dilatation Catheter,M00550320,,,,08714729456209,Airway dilation,Balloon dilator,Disposable catheter,Single-use,Sterile,,,,,,18,,,,110,,,Each,,18 mm at 3 atm; 19 @ 4.5 atm; 20 @ 6 atm.,0.035 in guidewire compatible; compatible with Alliance II or CRE SteriFlate inflation devices.,Verified - manufacturer catalog,Prototype visible - reverify before production,SRC003,p. 12,2022,,,"{""diameter_at_3_atm_mm"":18,""intermediate_diameter_pressure"":""19 @ 4.5 atm"",""max_diameter_pressure"":""20 @ 6 atm"",""balloon_length_cm"":5.5,""guidewire_in"":0.035}"
PRD-9E6034F109,MFR-42F5245630,Boston Scientific,,CRE,CRE Single-Use Pulmonary Balloon Dilatation Catheter,M00550330,,,,08714729456216,Airway dilation,Balloon dilator,Disposable catheter,Single-use,Sterile,,,,,,8,,,,110,,,Each,,8 mm at 3 atm; 9 @ 5.5 atm; 10 @ 9 atm.,0.035 in guidewire compatible; compatible with Alliance II or CRE SteriFlate inflation devices.,Verified - manufacturer catalog,Prototype visible - reverify before production,SRC003,p. 12,2022,,,"{""diameter_at_3_atm_mm"":8,""intermediate_diameter_pressure"":""9 @ 5.5 atm"",""max_diameter_pressure"":""10 @ 9 atm"",""balloon_length_cm"":3.0,""guidewire_in"":0.035}"
PRD-2B5132F8C5,MFR-42F5245630,Boston Scientific,,CRE,CRE Single-Use Pulmonary Balloon Dilatation Catheter,M00550340,,,,08714729456223,Airway dilation,Balloon dilator,Disposable catheter,Single-use,Sterile,,,,,,10,,,,110,,,Each,,10 mm at 3 atm; 11 @ 5 atm; 12 @ 8 atm.,0.035 in guidewire compatible; compatible with Alliance II or CRE SteriFlate inflation devices.,Verified - manufacturer catalog,Prototype visible - reverify before production,SRC003,p. 12,2022,,,"{""diameter_at_3_atm_mm"":10,""intermediate_diameter_pressure"":""11 @ 5 atm"",""max_diameter_pressure"":""12 @ 8 atm"",""balloon_length_cm"":3.0,""guidewire_in"":0.035}"
PRD-189E7EF27A,MFR-42F5245630,Boston Scientific,,CRE,CRE Single-Use Pulmonary Balloon Dilatation Catheter,M00550350,,,,08714729456230,Airway dilation,Balloon dilator,Disposable catheter,Single-use,Sterile,,,,,,12,,,,110,,,Each,,12 mm at 3 atm; 13.5 @ 4.5 atm; 15 @ 8 atm.,0.035 in guidewire compatible; compatible with Alliance II or CRE SteriFlate inflation devices.,Verified - manufacturer catalog,Prototype visible - reverify before production,SRC003,p. 12,2022,,,"{""diameter_at_3_atm_mm"":12,""intermediate_diameter_pressure"":""13.5 @ 4.5 atm"",""max_diameter_pressure"":""15 @ 8 atm"",""balloon_length_cm"":3.0,""guidewire_in"":0.035}"
PRD-61915862CE,MFR-42F5245630,Boston Scientific,,CRE SteriFlate,CRE SteriFlate Disposable Inflation Device,M00550630,,,,00856877002506,Airway dilation,Inflation device,Disposable,Single-use,,,,,,,,,,,,,,Each,,,,Verified - manufacturer catalog,Prototype visible - reverify before production,SRC003,p. 12,2022,,,{}
PRD-27506A7423,MFR-42F5245630,Boston Scientific,,EXALT,EXALT Model B Large,M00542751,,,,,Bronchoscopy platform,,Candidate,,,,,,,,,,,,,,,,,"Seed states 5.8 mm OD, 2.6 mm channel.",,Candidate - user seed; primary source required,Hidden until verified,SRC007,Flexible bronchoscopy platforms!12,,,,{}
PRD-BF2B39F2F3,MFR-42F5245630,Boston Scientific,,EXALT,EXALT Model B Regular,M00542731,,,,,Bronchoscopy platform,,Candidate,,,,,,,,,,,,,,,,,"Seed states 5.0 mm OD, 2.0 mm channel.",,Candidate - user seed; primary source required,Hidden until verified,SRC007,Flexible bronchoscopy platforms!11,,,,{}
PRD-972FD7E1D0,MFR-42F5245630,Boston Scientific,,EXALT,EXALT Model B Slim,M00542711,,,,,Bronchoscopy platform,,Candidate,,,,,,,,,,,,,,,,,"Seed states 3.8 mm OD, 1.0 mm channel, DLT 35 Fr.",,Candidate - user seed; primary source required,Hidden until verified,SRC007,Flexible bronchoscopy platforms!10,,,,{}
PRD-E803315936,MFR-42F5245630,Boston Scientific,,eXcelon,eXcelon Single-Use Transbronchial Aspiration Needle,M00564101,,,,08714729456452,Sampling,Conventional TBNA needle,Disposable,Single-use,Sterile,,,,,,,,,19G,130,1.8,,Box 5,,,,Verified - manufacturer catalog,Prototype visible - reverify before production,SRC003,p. 8,2022,,,"{""needle_length_mm"":15,""sheath_od_mm"":1.8}"
PRD-152A0BFA3B,MFR-42F5245630,Boston Scientific,,eXcelon,eXcelon Single-Use Transbronchial Aspiration Needle,M00564111,,,,08714729456469,Sampling,Conventional TBNA needle,Disposable,Single-use,Sterile,,,,,,,,,20G,130,1.8,,Box 5,,,,Verified - manufacturer catalog,Prototype visible - reverify before production,SRC003,p. 8,2022,,,"{""needle_length_mm"":15,""sheath_od_mm"":1.8}"
PRD-F408B46806,MFR-42F5245630,Boston Scientific,,eXcelon,eXcelon Single-Use Transbronchial Aspiration Needle,M00564121,,,,08714729456476,Sampling,Conventional TBNA needle,Disposable,Single-use,Sterile,,,,,,,,,21G,130,1.8,,Box 5,,,,Verified - manufacturer catalog,Prototype visible - reverify before production,SRC003,p. 8,2022,,,"{""needle_length_mm"":15,""sheath_od_mm"":1.8}"
PRD-2302DA77DA,MFR-42F5245630,Boston Scientific,,Expect Pulmonary,Expect Pulmonary EBUS-TBNA Needle,M00558220,,,,08714729861409,Sampling,EBUS FNA needle,Disposable,Single-use,Sterile,,,,,,,,,22G,,2.0,,Each,,Olympus-scope-compatible EBUS-TBNA needle.,Olympus EBUS scopes; verify exact model and adapter in current IFU.,Verified - manufacturer catalog,Prototype visible - reverify before production,SRC003,p. 3,2022,,,"{""sheath_od_mm"":1.6}"
PRD-73BBBA8747,MFR-42F5245630,Boston Scientific,,Expect Pulmonary,Expect Pulmonary EBUS-TBNA Needle,M00558221,,,,08714729861430,Sampling,EBUS FNA needle,Disposable,Single-use,Sterile,,,,,,,,,22G,,2.0,,Box 5,,Olympus-scope-compatible EBUS-TBNA needle.,Olympus EBUS scopes; verify exact model and adapter in current IFU.,Verified - manufacturer catalog,Prototype visible - reverify before production,SRC003,p. 3,2022,,,"{""sheath_od_mm"":1.6}"
PRD-DF30B54282,MFR-42F5245630,Boston Scientific,,Expect Pulmonary,Expect Pulmonary EBUS-TBNA Needle,M00558250,,,,08714729861416,Sampling,EBUS FNA needle,Disposable,Single-use,Sterile,,,,,,,,,25G,,2.0,,Each,,Olympus-scope-compatible EBUS-TBNA needle.,Olympus EBUS scopes; verify exact model and adapter in current IFU.,Verified - manufacturer catalog,Prototype visible - reverify before production,SRC003,p. 3,2022,,,"{""sheath_od_mm"":1.4}"
PRD-5CBD1FD1E3,MFR-42F5245630,Boston Scientific,,Expect Pulmonary,Expect Pulmonary EBUS-TBNA Needle,M00558251,,,,08714729861447,Sampling,EBUS FNA needle,Disposable,Single-use,Sterile,,,,,,,,,25G,,2.0,,Box 5,,Olympus-scope-compatible EBUS-TBNA needle.,Olympus EBUS scopes; verify exact model and adapter in current IFU.,Verified - manufacturer catalog,Prototype visible - reverify before production,SRC003,p. 3,2022,,,"{""sheath_od_mm"":1.4}"
PRD-F2007DBCC0,MFR-42F5245630,Boston Scientific,,Expect Pulmonary,Expect Pulmonary Needle Adapter - Olympus Scope Compatible,M00558731,,,,08714729893189,Sampling accessory,EBUS needle adapter,Disposable accessory,Single-use,,,,,,,,,,,,,,Box 10,,Needle adapter for Olympus-scope-compatible Expect/Acquire pulmonary needles.,,Verified - manufacturer catalog,Prototype visible - reverify before production,SRC003,p. 3,2022,,,{}
PRD-602AA2F147,MFR-42F5245630,Boston Scientific,,Jagwire,Jagwire Single-Use Pulmonary Guidewire,M00515171,,,,08714729455813,Guidewire,Pulmonary guidewire,Disposable,Single-use,Sterile,,,,,0.035 in x 180 cm,,,,,180,,,Box 2,,,,Verified - manufacturer catalog,Prototype visible - reverify before production,SRC003,p. 13,2022,,,"{""od_in"":0.035}"
PRD-3ED9411F2F,MFR-42F5245630,Boston Scientific,,Pulmonary Compliance BronchKit,Pulmonary Compliance BronchKit Premium,CBK-882-20,,,,,Reprocessing,Bronchoscope pre-cleaning/transport kit,Disposable kit,Single-use,,,,,,,,,,,,,,Kit,,Standard components plus gown and suction tubing.,,Verified - manufacturer catalog,Prototype visible - reverify before production,SRC003,p. 11,2022,,,{}
PRD-2F7DDD739E,MFR-42F5245630,Boston Scientific,,Pulmonary Compliance BronchKit,Pulmonary Compliance BronchKit Standard,CBK-881-20,,,,,Reprocessing,Bronchoscope pre-cleaning/transport kit,Disposable kit,Single-use,,,,,,,,,,,,,,Kit,,"Includes transport pad, gauze, bedside cleaning kit, biohazard label, cleaning brush, and 20 mL syringe.",,Verified - manufacturer catalog,Prototype visible - reverify before production,SRC003,p. 11,2022,,,{}
PRD-8DDD9F07C0,MFR-42F5245630,Boston Scientific,,Radial Jaw 4,Radial Jaw 4 Single-Use Pulmonary Biopsy Forceps,M00515181,,,,08714729792864,Sampling,Biopsy forceps,Disposable,Single-use,Sterile,,,,,,,,,,100,2.0,,Box 5,,Standard capacity,,Verified - manufacturer catalog,Prototype visible - reverify before production,SRC003,p. 6,2022,,,"{""jaw_od_mm"":1.8,""jaw_differentiator"":""Standard capacity""}"
PRD-72889F9CE3,MFR-42F5245630,Boston Scientific,,Radial Jaw 4,Radial Jaw 4 Single-Use Pulmonary Biopsy Forceps,M00515182,,,,08714729799337,Sampling,Biopsy forceps,Disposable,Single-use,Sterile,,,,,,,,,,100,2.0,,Box 20,,Standard capacity,,Verified - manufacturer catalog,Prototype visible - reverify before production,SRC003,p. 6,2022,,,"{""jaw_od_mm"":1.8,""jaw_differentiator"":""Standard capacity""}"
PRD-BF2EC6AB5E,MFR-42F5245630,Boston Scientific,,Radial Jaw 4,Radial Jaw 4 Single-Use Pulmonary Biopsy Forceps,M00515191,,,,08714729792871,Sampling,Biopsy forceps,Disposable,Single-use,Sterile,,,,,,,,,,100,2.0,,Box 5,,Standard capacity with needle,,Verified - manufacturer catalog,Prototype visible - reverify before production,SRC003,p. 6,2022,,,"{""jaw_od_mm"":1.8,""jaw_differentiator"":""Standard capacity with needle""}"
PRD-27BF9F087E,MFR-42F5245630,Boston Scientific,,Radial Jaw 4,Radial Jaw 4 Single-Use Pulmonary Biopsy Forceps,M00515192,,,,08714729818083,Sampling,Biopsy forceps,Disposable,Single-use,Sterile,,,,,,,,,,100,2.0,,Box 20,,Standard capacity with needle,,Verified - manufacturer catalog,Prototype visible - reverify before production,SRC003,p. 6,2022,,,"{""jaw_od_mm"":1.8,""jaw_differentiator"":""Standard capacity with needle""}"
PRD-A83C7ADE90,MFR-42F5245630,Boston Scientific,,Radial Jaw 4,Radial Jaw 4 Single-Use Pulmonary Biopsy Forceps,M00515201,,,,08714729793281,Sampling,Biopsy forceps,Disposable,Single-use,Sterile,,,,,,,,,,100,2.8,,Box 5,,Large capacity,,Verified - manufacturer catalog,Prototype visible - reverify before production,SRC003,p. 6,2022,,,"{""jaw_od_mm"":2.2,""jaw_differentiator"":""Large capacity""}"
PRD-217AB10438,MFR-42F5245630,Boston Scientific,,Radial Jaw 4,Radial Jaw 4 Single-Use Pulmonary Biopsy Forceps,M00515202,,,,08714729818076,Sampling,Biopsy forceps,Disposable,Single-use,Sterile,,,,,,,,,,100,2.8,,Box 20,,Large capacity,,Verified - manufacturer catalog,Prototype visible - reverify before production,SRC003,p. 6,2022,,,"{""jaw_od_mm"":2.2,""jaw_differentiator"":""Large capacity""}"
PRD-9844E2B578,MFR-42F5245630,Boston Scientific,,Rescue,Rescue Pulmonary Grasping Forceps,M00515101,,,,26948318968828,Retrieval,Flexible grasping forceps,Disposable,Single-use,Sterile,,,,,,,,,,120,2.0,,Box 5,,,,Verified - manufacturer catalog,Prototype visible - reverify before production,SRC003,p. 10,2022,,,"{""insertion_portion_od_mm"":1.8,""jaw_opening_width_mm"":4.5}"
PRD-44704ED825,MFR-42F5245630,Boston Scientific,,Ultraflex,Ultraflex Partially Covered Tracheobronchial Stent System,M00576520,,,,08714729842323,Airway stent,Partially covered SEMS,Implant,Single-use,Sterile,Yes,Nitinol with silicone covering,Partially covered,Over-the-wire via flexible or rigid bronchoscopy,8 mm x 40 mm,8,40,,,,,7,Each,,,Catalog lists 0.035 in Jagwire guidewire; verify current IFU.,Verified - current manufacturer page capture,Prototype visible - reverify before production,SRC015,"Ordering information, pp. 2-3",2025-06-26,Manufacturer product page captured 2025-06-26; reverify current commercial availability and IFU before production use.,,"{""cover_length_mm"":25,""tip_max_od_mm"":4.1}"
PRD-63EDA47A7D,MFR-42F5245630,Boston Scientific,,Ultraflex,Ultraflex Partially Covered Tracheobronchial Stent System,M00576530,,,,08714729842330,Airway stent,Partially covered SEMS,Implant,Single-use,Sterile,Yes,Nitinol with silicone covering,Partially covered,Over-the-wire via flexible or rigid bronchoscopy,10 mm x 30 mm,10,30,,,,,7,Each,,,Catalog lists 0.035 in Jagwire guidewire; verify current IFU.,Verified - current manufacturer page capture,Prototype visible - reverify before production,SRC015,"Ordering information, pp. 2-3",2025-06-26,Manufacturer product page captured 2025-06-26; reverify current commercial availability and IFU before production use.,,"{""cover_length_mm"":15,""tip_max_od_mm"":4.1}"
PRD-237B24FE49,MFR-42F5245630,Boston Scientific,,Ultraflex,Ultraflex Partially Covered Tracheobronchial Stent System,M00576540,,,,08714729842347,Airway stent,Partially covered SEMS,Implant,Single-use,Sterile,Yes,Nitinol with silicone covering,Partially covered,Over-the-wire via flexible or rigid bronchoscopy,10 mm x 40 mm,10,40,,,,,7,Each,,,Catalog lists 0.035 in Jagwire guidewire; verify current IFU.,Verified - current manufacturer page capture,Prototype visible - reverify before production,SRC015,"Ordering information, pp. 2-3",2025-06-26,Manufacturer product page captured 2025-06-26; reverify current commercial availability and IFU before production use.,,"{""cover_length_mm"":25,""tip_max_od_mm"":4.1}"
PRD-633391A337,MFR-42F5245630,Boston Scientific,,Ultraflex,Ultraflex Partially Covered Tracheobronchial Stent System,M00576550,,,,08714729842354,Airway stent,Partially covered SEMS,Implant,Single-use,Sterile,Yes,Nitinol with silicone covering,Partially covered,Over-the-wire via flexible or rigid bronchoscopy,12 mm x 30 mm,12,30,,,,,7,Each,,,Catalog lists 0.035 in Jagwire guidewire; verify current IFU.,Verified - current manufacturer page capture,Prototype visible - reverify before production,SRC015,"Ordering information, pp. 2-3",2025-06-26,Manufacturer product page captured 2025-06-26; reverify current commercial availability and IFU before production use.,,"{""cover_length_mm"":15,""tip_max_od_mm"":4.1}"
PRD-05780FEDD7,MFR-42F5245630,Boston Scientific,,Ultraflex,Ultraflex Partially Covered Tracheobronchial Stent System,M00576560,,,,08714729842361,Airway stent,Partially covered SEMS,Implant,Single-use,Sterile,Yes,Nitinol with silicone covering,Partially covered,Over-the-wire via flexible or rigid bronchoscopy,12 mm x 40 mm,12,40,,,,,7,Each,,,Catalog lists 0.035 in Jagwire guidewire; verify current IFU.,Verified - current manufacturer page capture,Prototype visible - reverify before production,SRC015,"Ordering information, pp. 2-3",2025-06-26,Manufacturer product page captured 2025-06-26; reverify current commercial availability and IFU before production use.,,"{""cover_length_mm"":25,""tip_max_od_mm"":4.1}"
PRD-EB0DE6C03A,MFR-42F5245630,Boston Scientific,,Ultraflex,Ultraflex Partially Covered Tracheobronchial Stent System,M00576570,,,,08714729842378,Airway stent,Partially covered SEMS,Implant,Single-use,Sterile,Yes,Nitinol with silicone covering,Partially covered,Over-the-wire via flexible or rigid bronchoscopy,14 mm x 30 mm,14,30,,,,,9,Each,,,Catalog lists 0.035 in Jagwire guidewire; verify current IFU.,Verified - current manufacturer page capture,Prototype visible - reverify before production,SRC015,"Ordering information, pp. 2-3",2025-06-26,Manufacturer product page captured 2025-06-26; reverify current commercial availability and IFU before production use.,,"{""cover_length_mm"":15,""tip_max_od_mm"":4.1}"
PRD-071DA49031,MFR-42F5245630,Boston Scientific,,Ultraflex,Ultraflex Partially Covered Tracheobronchial Stent System,M00576580,,,,08714729842385,Airway stent,Partially covered SEMS,Implant,Single-use,Sterile,Yes,Nitinol with silicone covering,Partially covered,Over-the-wire via flexible or rigid bronchoscopy,14 mm x 40 mm,14,40,,,,,9,Each,,,Catalog lists 0.035 in Jagwire guidewire; verify current IFU.,Verified - current manufacturer page capture,Prototype visible - reverify before production,SRC015,"Ordering information, pp. 2-3",2025-06-26,Manufacturer product page captured 2025-06-26; reverify current commercial availability and IFU before production use.,,"{""cover_length_mm"":25,""tip_max_od_mm"":4.1}"
PRD-3D8AEACE11,MFR-42F5245630,Boston Scientific,,Ultraflex,Ultraflex Partially Covered Tracheobronchial Stent System,M00576590,,,,08714729842392,Airway stent,Partially covered SEMS,Implant,Single-use,Sterile,Yes,Nitinol with silicone covering,Partially covered,Over-the-wire via flexible or rigid bronchoscopy,14 mm x 60 mm,14,60,,,,,9,Each,,,Catalog lists 0.035 in Jagwire guidewire; verify current IFU.,Verified - current manufacturer page capture,Prototype visible - reverify before production,SRC015,"Ordering information, pp. 2-3",2025-06-26,Manufacturer product page captured 2025-06-26; reverify current commercial availability and IFU before production use.,,"{""cover_length_mm"":45,""tip_max_od_mm"":4.1}"
PRD-3296D18171,MFR-42F5245630,Boston Scientific,,Ultraflex,Ultraflex Partially Covered Tracheobronchial Stent System,M00576600,,,,08714729842408,Airway stent,Partially covered SEMS,Implant,Single-use,Sterile,Yes,Nitinol with silicone covering,Partially covered,Over-the-wire via flexible or rigid bronchoscopy,14 mm x 80 mm,14,80,,,,,9,Each,,,Catalog lists 0.035 in Jagwire guidewire; verify current IFU.,Verified - current manufacturer page capture,Prototype visible - reverify before production,SRC015,"Ordering information, pp. 2-3",2025-06-26,Manufacturer product page captured 2025-06-26; reverify current commercial availability and IFU before production use.,,"{""cover_length_mm"":65,""tip_max_od_mm"":4.1}"
PRD-3402724B0E,MFR-42F5245630,Boston Scientific,,Ultraflex,Ultraflex Partially Covered Tracheobronchial Stent System,M00576610,,,,08714729842415,Airway stent,Partially covered SEMS,Implant,Single-use,Sterile,Yes,Nitinol with silicone covering,Partially covered,Over-the-wire via flexible or rigid bronchoscopy,16 mm x 40 mm,16,40,,,,,9,Each,,,Catalog lists 0.035 in Jagwire guidewire; verify current IFU.,Verified - current manufacturer page capture,Prototype visible - reverify before production,SRC015,"Ordering information, pp. 2-3",2025-06-26,Manufacturer product page captured 2025-06-26; reverify current commercial availability and IFU before production use.,,"{""cover_length_mm"":25,""tip_max_od_mm"":5.3}"
PRD-91F4E30038,MFR-42F5245630,Boston Scientific,,Ultraflex,Ultraflex Partially Covered Tracheobronchial Stent System,M00576620,,,,08714729842422,Airway stent,Partially covered SEMS,Implant,Single-use,Sterile,Yes,Nitinol with silicone covering,Partially covered,Over-the-wire via flexible or rigid bronchoscopy,16 mm x 60 mm,16,60,,,,,9,Each,,,Catalog lists 0.035 in Jagwire guidewire; verify current IFU.,Verified - current manufacturer page capture,Prototype visible - reverify before production,SRC015,"Ordering information, pp. 2-3",2025-06-26,Manufacturer product page captured 2025-06-26; reverify current commercial availability and IFU before production use.,,"{""cover_length_mm"":45,""tip_max_od_mm"":5.3}"
PRD-BB4B62BE1F,MFR-42F5245630,Boston Scientific,,Ultraflex,Ultraflex Partially Covered Tracheobronchial Stent System,M00576630,,,,08714729842439,Airway stent,Partially covered SEMS,Implant,Single-use,Sterile,Yes,Nitinol with silicone covering,Partially covered,Over-the-wire via flexible or rigid bronchoscopy,16 mm x 80 mm,16,80,,,,,9,Each,,,Catalog lists 0.035 in Jagwire guidewire; verify current IFU.,Verified - current manufacturer page capture,Prototype visible - reverify before production,SRC015,"Ordering information, pp. 2-3",2025-06-26,Manufacturer product page captured 2025-06-26; reverify current commercial availability and IFU before production use.,,"{""cover_length_mm"":65,""tip_max_od_mm"":5.3}"
PRD-B53F0F16C8,MFR-42F5245630,Boston Scientific,,Ultraflex,Ultraflex Partially Covered Tracheobronchial Stent System,M00576640,,,,08714729842446,Airway stent,Partially covered SEMS,Implant,Single-use,Sterile,Yes,Nitinol with silicone covering,Partially covered,Over-the-wire via flexible or rigid bronchoscopy,18 mm x 40 mm,18,40,,,,,11,Each,,,Catalog lists 0.035 in Jagwire guidewire; verify current IFU.,Verified - current manufacturer page capture,Prototype visible - reverify before production,SRC015,"Ordering information, pp. 2-3",2025-06-26,Manufacturer product page captured 2025-06-26; reverify current commercial availability and IFU before production use.,,"{""cover_length_mm"":25,""tip_max_od_mm"":5.3}"
PRD-CBA9A6E9B4,MFR-42F5245630,Boston Scientific,,Ultraflex,Ultraflex Partially Covered Tracheobronchial Stent System,M00576650,,,,08714729842453,Airway stent,Partially covered SEMS,Implant,Single-use,Sterile,Yes,Nitinol with silicone covering,Partially covered,Over-the-wire via flexible or rigid bronchoscopy,18 mm x 60 mm,18,60,,,,,11,Each,,,Catalog lists 0.035 in Jagwire guidewire; verify current IFU.,Verified - current manufacturer page capture,Prototype visible - reverify before production,SRC015,"Ordering information, pp. 2-3",2025-06-26,Manufacturer product page captured 2025-06-26; reverify current commercial availability and IFU before production use.,,"{""cover_length_mm"":45,""tip_max_od_mm"":5.3}"
PRD-A5D3D731DC,MFR-42F5245630,Boston Scientific,,Ultraflex,Ultraflex Partially Covered Tracheobronchial Stent System,M00576660,,,,08714729842460,Airway stent,Partially covered SEMS,Implant,Single-use,Sterile,Yes,Nitinol with silicone covering,Partially covered,Over-the-wire via flexible or rigid bronchoscopy,18 mm x 80 mm,18,80,,,,,11,Each,,,Catalog lists 0.035 in Jagwire guidewire; verify current IFU.,Verified - current manufacturer page capture,Prototype visible - reverify before production,SRC015,"Ordering information, pp. 2-3",2025-06-26,Manufacturer product page captured 2025-06-26; reverify current commercial availability and IFU before production use.,,"{""cover_length_mm"":65,""tip_max_od_mm"":5.3}"
PRD-AF70FFC15E,MFR-42F5245630,Boston Scientific,,Ultraflex,Ultraflex Partially Covered Tracheobronchial Stent System,M00576670,,,,08714729842477,Airway stent,Partially covered SEMS,Implant,Single-use,Sterile,Yes,Nitinol with silicone covering,Partially covered,Over-the-wire via flexible or rigid bronchoscopy,20 mm x 40 mm,20,40,,,,,11,Each,,,Catalog lists 0.035 in Jagwire guidewire; verify current IFU.,Verified - current manufacturer page capture,Prototype visible - reverify before production,SRC015,"Ordering information, pp. 2-3",2025-06-26,Manufacturer product page captured 2025-06-26; reverify current commercial availability and IFU before production use.,,"{""cover_length_mm"":25,""tip_max_od_mm"":5.3}"
PRD-C1653676C1,MFR-42F5245630,Boston Scientific,,Ultraflex,Ultraflex Partially Covered Tracheobronchial Stent System,M00576680,,,,08714729842484,Airway stent,Partially covered SEMS,Implant,Single-use,Sterile,Yes,Nitinol with silicone covering,Partially covered,Over-the-wire via flexible or rigid bronchoscopy,20 mm x 60 mm,20,60,,,,,11,Each,,,Catalog lists 0.035 in Jagwire guidewire; verify current IFU.,Verified - current manufacturer page capture,Prototype visible - reverify before production,SRC015,"Ordering information, pp. 2-3",2025-06-26,Manufacturer product page captured 2025-06-26; reverify current commercial availability and IFU before production use.,,"{""cover_length_mm"":45,""tip_max_od_mm"":5.3}"
PRD-948F3069B3,MFR-42F5245630,Boston Scientific,,Ultraflex,Ultraflex Partially Covered Tracheobronchial Stent System,M00576690,,,,08714729842491,Airway stent,Partially covered SEMS,Implant,Single-use,Sterile,Yes,Nitinol with silicone covering,Partially covered,Over-the-wire via flexible or rigid bronchoscopy,20 mm x 80 mm,20,80,,,,,11,Each,,,Catalog lists 0.035 in Jagwire guidewire; verify current IFU.,Verified - current manufacturer page capture,Prototype visible - reverify before production,SRC015,"Ordering information, pp. 2-3",2025-06-26,Manufacturer product page captured 2025-06-26; reverify current commercial availability and IFU before production use.,,"{""cover_length_mm"":65,""tip_max_od_mm"":5.3}"
PRD-4F9AA3907F,MFR-42F5245630,Boston Scientific,,Ultraflex,Ultraflex Uncovered Tracheobronchial Stent System,M00576300,,,,08714729837688,Airway stent,Uncovered SEMS,Implant,Single-use,Sterile,Yes,Nitinol,Uncovered,Over-the-wire; distal release,10 mm x 30 mm,10,30,,,,,7,Each,,,,Verified - current manufacturer page capture,Prototype visible - reverify before production,SRC015,"Ordering information, pp. 3-4",2025-06-26,Manufacturer product page captured 2025-06-26; reverify current commercial availability and IFU before production use.,,"{""tip_max_od_mm"":4.1,""release_direction"":""Distal""}"
PRD-4E186C03D4,MFR-42F5245630,Boston Scientific,,Ultraflex,Ultraflex Uncovered Tracheobronchial Stent System,M00576310,,,,08714729837695,Airway stent,Uncovered SEMS,Implant,Single-use,Sterile,Yes,Nitinol,Uncovered,Over-the-wire; distal release,12 mm x 30 mm,12,30,,,,,7,Each,,,,Verified - current manufacturer page capture,Prototype visible - reverify before production,SRC015,"Ordering information, pp. 3-4",2025-06-26,Manufacturer product page captured 2025-06-26; reverify current commercial availability and IFU before production use.,,"{""tip_max_od_mm"":4.1,""release_direction"":""Distal""}"
PRD-2CCE54EDFD,MFR-42F5245630,Boston Scientific,,Ultraflex,Ultraflex Uncovered Tracheobronchial Stent System,M00576320,,,,08714729837701,Airway stent,Uncovered SEMS,Implant,Single-use,Sterile,Yes,Nitinol,Uncovered,Over-the-wire; distal release,14 mm x 30 mm,14,30,,,,,9,Each,,,,Verified - current manufacturer page capture,Prototype visible - reverify before production,SRC015,"Ordering information, pp. 3-4",2025-06-26,Manufacturer product page captured 2025-06-26; reverify current commercial availability and IFU before production use.,,"{""tip_max_od_mm"":4.1,""release_direction"":""Distal""}"
PRD-4B4F1501DE,MFR-42F5245630,Boston Scientific,,Ultraflex,Ultraflex Uncovered Tracheobronchial Stent System,M00576330,,,,08714729837718,Airway stent,Uncovered SEMS,Implant,Single-use,Sterile,Yes,Nitinol,Uncovered,Over-the-wire; distal release,16 mm x 40 mm,16,40,,,,,9,Each,,,,Verified - current manufacturer page capture,Prototype visible - reverify before production,SRC015,"Ordering information, pp. 3-4",2025-06-26,Manufacturer product page captured 2025-06-26; reverify current commercial availability and IFU before production use.,,"{""tip_max_od_mm"":5.3,""release_direction"":""Distal""}"
PRD-1D78A1B240,MFR-42F5245630,Boston Scientific,,Ultraflex,Ultraflex Uncovered Tracheobronchial Stent System,M00576340,,,,08714729837725,Airway stent,Uncovered SEMS,Implant,Single-use,Sterile,Yes,Nitinol,Uncovered,Over-the-wire; distal release,16 mm x 60 mm,16,60,,,,,9,Each,,,,Verified - current manufacturer page capture,Prototype visible - reverify before production,SRC015,"Ordering information, pp. 3-4",2025-06-26,Manufacturer product page captured 2025-06-26; reverify current commercial availability and IFU before production use.,,"{""tip_max_od_mm"":5.3,""release_direction"":""Distal""}"
PRD-ED3D613CD2,MFR-42F5245630,Boston Scientific,,Ultraflex,Ultraflex Uncovered Tracheobronchial Stent System,M00576350,,,,08714729837732,Airway stent,Uncovered SEMS,Implant,Single-use,Sterile,Yes,Nitinol,Uncovered,Over-the-wire; distal release,18 mm x 40 mm,18,40,,,,,11,Each,,,,Verified - current manufacturer page capture,Prototype visible - reverify before production,SRC015,"Ordering information, pp. 3-4",2025-06-26,Manufacturer product page captured 2025-06-26; reverify current commercial availability and IFU before production use.,,"{""tip_max_od_mm"":5.3,""release_direction"":""Distal""}"
PRD-B8971B556C,MFR-42F5245630,Boston Scientific,,Ultraflex,Ultraflex Uncovered Tracheobronchial Stent System,M00576360,,,,08714729837749,Airway stent,Uncovered SEMS,Implant,Single-use,Sterile,Yes,Nitinol,Uncovered,Over-the-wire; distal release,18 mm x 60 mm,18,60,,,,,11,Each,,,,Verified - current manufacturer page capture,Prototype visible - reverify before production,SRC015,"Ordering information, pp. 3-4",2025-06-26,Manufacturer product page captured 2025-06-26; reverify current commercial availability and IFU before production use.,,"{""tip_max_od_mm"":5.3,""release_direction"":""Distal""}"
PRD-235F9C6FBD,MFR-42F5245630,Boston Scientific,,Ultraflex,Ultraflex Uncovered Tracheobronchial Stent System,M00576370,,,,08714729837756,Airway stent,Uncovered SEMS,Implant,Single-use,Sterile,Yes,Nitinol,Uncovered,Over-the-wire; distal release,20 mm x 40 mm,20,40,,,,,11,Each,,,,Verified - current manufacturer page capture,Prototype visible - reverify before production,SRC015,"Ordering information, pp. 3-4",2025-06-26,Manufacturer product page captured 2025-06-26; reverify current commercial availability and IFU before production use.,,"{""tip_max_od_mm"":5.3,""release_direction"":""Distal""}"
PRD-27B1BEE50C,MFR-42F5245630,Boston Scientific,,Ultraflex,Ultraflex Uncovered Tracheobronchial Stent System,M00576380,,,,08714729837763,Airway stent,Uncovered SEMS,Implant,Single-use,Sterile,Yes,Nitinol,Uncovered,Over-the-wire; distal release,20 mm x 60 mm,20,60,,,,,11,Each,,,,Verified - current manufacturer page capture,Prototype visible - reverify before production,SRC015,"Ordering information, pp. 3-4",2025-06-26,Manufacturer product page captured 2025-06-26; reverify current commercial availability and IFU before production use.,,"{""tip_max_od_mm"":5.3,""release_direction"":""Distal""}"
PRD-5A822E57C6,MFR-42F5245630,Boston Scientific,,Ultraflex,Ultraflex Uncovered Tracheobronchial Stent System,M00576410,,,,08714729837770,Airway stent,Uncovered SEMS,Implant,Single-use,Sterile,Yes,Nitinol,Uncovered,Over-the-wire; proximal release,8 mm x 20 mm,8,20,,,,,7,Each,,,,Verified - current manufacturer page capture,Prototype visible - reverify before production,SRC015,"Ordering information, pp. 3-4",2025-06-26,Manufacturer product page captured 2025-06-26; reverify current commercial availability and IFU before production use.,,"{""tip_max_od_mm"":4.1,""release_direction"":""Proximal""}"
PRD-5798E6CA9D,MFR-42F5245630,Boston Scientific,,Ultraflex,Ultraflex Uncovered Tracheobronchial Stent System,M00576420,,,,08714729837787,Airway stent,Uncovered SEMS,Implant,Single-use,Sterile,Yes,Nitinol,Uncovered,Over-the-wire; proximal release,8 mm x 40 mm,8,40,,,,,7,Each,,,,Verified - current manufacturer page capture,Prototype visible - reverify before production,SRC015,"Ordering information, pp. 3-4",2025-06-26,Manufacturer product page captured 2025-06-26; reverify current commercial availability and IFU before production use.,,"{""tip_max_od_mm"":4.1,""release_direction"":""Proximal""}"
PRD-6ED2313A9C,MFR-42F5245630,Boston Scientific,,Ultraflex,Ultraflex Uncovered Tracheobronchial Stent System,M00576430,,,,08714729837794,Airway stent,Uncovered SEMS,Implant,Single-use,Sterile,Yes,Nitinol,Uncovered,Over-the-wire; proximal release,10 mm x 20 mm,10,20,,,,,7,Each,,,,Verified - current manufacturer page capture,Prototype visible - reverify before production,SRC015,"Ordering information, pp. 3-4",2025-06-26,Manufacturer product page captured 2025-06-26; reverify current commercial availability and IFU before production use.,,"{""tip_max_od_mm"":4.1,""release_direction"":""Proximal""}"
PRD-904D5B29E4,MFR-42F5245630,Boston Scientific,,Ultraflex,Ultraflex Uncovered Tracheobronchial Stent System,M00576440,,,,08714729837800,Airway stent,Uncovered SEMS,Implant,Single-use,Sterile,Yes,Nitinol,Uncovered,Over-the-wire; proximal release,10 mm x 40 mm,10,40,,,,,7,Each,,,,Verified - current manufacturer page capture,Prototype visible - reverify before production,SRC015,"Ordering information, pp. 3-4",2025-06-26,Manufacturer product page captured 2025-06-26; reverify current commercial availability and IFU before production use.,,"{""tip_max_od_mm"":4.1,""release_direction"":""Proximal""}"
PRD-DCD9FB53E5,MFR-42F5245630,Boston Scientific,,Ultraflex,Ultraflex Uncovered Tracheobronchial Stent System,M00576450,,,,08714729837817,Airway stent,Uncovered SEMS,Implant,Single-use,Sterile,Yes,Nitinol,Uncovered,Over-the-wire; proximal release,12 mm x 20 mm,12,20,,,,,7,Each,,,,Verified - current manufacturer page capture,Prototype visible - reverify before production,SRC015,"Ordering information, pp. 3-4",2025-06-26,Manufacturer product page captured 2025-06-26; reverify current commercial availability and IFU before production use.,,"{""tip_max_od_mm"":4.1,""release_direction"":""Proximal""}"
PRD-635895FDEF,MFR-42F5245630,Boston Scientific,,Ultraflex,Ultraflex Uncovered Tracheobronchial Stent System,M00576460,,,,08714729837824,Airway stent,Uncovered SEMS,Implant,Single-use,Sterile,Yes,Nitinol,Uncovered,Over-the-wire; proximal release,12 mm x 40 mm,12,40,,,,,7,Each,,,,Verified - current manufacturer page capture,Prototype visible - reverify before production,SRC015,"Ordering information, pp. 3-4",2025-06-26,Manufacturer product page captured 2025-06-26; reverify current commercial availability and IFU before production use.,,"{""tip_max_od_mm"":4.1,""release_direction"":""Proximal""}"
PRD-AC9799F503,MFR-42F5245630,Boston Scientific,,Ultraflex,Ultraflex Uncovered Tracheobronchial Stent System,M00576470,,,,08714729837831,Airway stent,Uncovered SEMS,Implant,Single-use,Sterile,Yes,Nitinol,Uncovered,Over-the-wire; proximal release,14 mm x 20 mm,14,20,,,,,9,Each,,,,Verified - current manufacturer page capture,Prototype visible - reverify before production,SRC015,"Ordering information, pp. 3-4",2025-06-26,Manufacturer product page captured 2025-06-26; reverify current commercial availability and IFU before production use.,,"{""tip_max_od_mm"":4.1,""release_direction"":""Proximal""}"
PRD-87B6764F8B,MFR-42F5245630,Boston Scientific,,Ultraflex,Ultraflex Uncovered Tracheobronchial Stent System,M00576480,,,,08714729837848,Airway stent,Uncovered SEMS,Implant,Single-use,Sterile,Yes,Nitinol,Uncovered,Over-the-wire; proximal release,14 mm x 40 mm,14,40,,,,,9,Each,,,,Verified - current manufacturer page capture,Prototype visible - reverify before production,SRC015,"Ordering information, pp. 3-4",2025-06-26,Manufacturer product page captured 2025-06-26; reverify current commercial availability and IFU before production use.,,"{""tip_max_od_mm"":4.1,""release_direction"":""Proximal""}"
PRD-D1E3BFD9D3,MFR-42F5245630,Boston Scientific,,Ultraflex,Ultraflex Uncovered Tracheobronchial Stent System,M00576490,,,,08714729837855,Airway stent,Uncovered SEMS,Implant,Single-use,Sterile,Yes,Nitinol,Uncovered,Over-the-wire; proximal release,14 mm x 60 mm,14,60,,,,,9,Each,,,,Verified - current manufacturer page capture,Prototype visible - reverify before production,SRC015,"Ordering information, pp. 3-4",2025-06-26,Manufacturer product page captured 2025-06-26; reverify current commercial availability and IFU before production use.,,"{""tip_max_od_mm"":4.1,""release_direction"":""Proximal""}"
PRD-B1203FF71F,MFR-42F5245630,Boston Scientific,,Zero Tip,Zero Tip Single-Use Airway Retrieval Basket,M00513200,,,,08714729414995,Retrieval,Airway retrieval basket,Disposable,Single-use,Sterile,,,,,,,,,,120,,,Each,,,,Verified - manufacturer catalog,Prototype visible - reverify before production,SRC003,p. 9,2022,,,"{""sheath_od_mm"":0.8,""working_opening_mm"":12,""basket_sheath_material"":""Polyimide/PTFE""}"
PRD-4E9069C30F,MFR-42F5245630,Boston Scientific,,Zero Tip,Zero Tip Single-Use Airway Retrieval Basket,M00513210,,,,08714729415008,Retrieval,Airway retrieval basket,Disposable,Single-use,Sterile,,,,,,,,,,120,,,Each,,,,Verified - manufacturer catalog,Prototype visible - reverify before production,SRC003,p. 9,2022,,,"{""sheath_od_mm"":1.0,""working_opening_mm"":16,""basket_sheath_material"":""Polyimide/PTFE""}"
PRD-F8B8727229,MFR-90D85DB52E,Cardinal Health,,,"Argyle PVC Thoracic Catheter – Right‑Angle, 28 Fr × 20 in",8888571042,,,,,Pleural procedures,Surgical Chest Tube,Candidate,,,,,,,,,,,,,,,,Adult,Right‑angle tip,,Candidate - user seed; primary source required,Hidden until verified,SRC008,CSV row 9,,Prime Vendor: Yes; ECAT: Yes (unverified compiled claims),,{}
PRD-3EDAA08D62,MFR-90D85DB52E,Cardinal Health,,,"Argyle PVC Thoracic Catheter – Straight, 16 Fr × 20 in",8888570515,,,,,Pleural procedures,Surgical Chest Tube,Candidate,,,,,,,,,,,,,,,,Both,"PVC, radiopaque stripe, 6 side-eyes",,Candidate - user seed; primary source required,Hidden until verified,SRC008,CSV row 2,,Prime Vendor: Yes; ECAT: Yes (unverified compiled claims),,{}
PRD-1F48992C6C,MFR-90D85DB52E,Cardinal Health,,,"Argyle PVC Thoracic Catheter – Straight, 20 Fr × 20 in",8888570523,,,,,Pleural procedures,Surgical Chest Tube,Candidate,,,,,,,,,,,,,,,,Both,"PVC, radiopaque stripe",,Candidate - user seed; primary source required,Hidden until verified,SRC008,CSV row 3,,Prime Vendor: Yes; ECAT: Yes (unverified compiled claims),,{}
PRD-3A27A7B76D,MFR-90D85DB52E,Cardinal Health,,,"Argyle PVC Thoracic Catheter – Straight, 24 Fr × 20 in",8888570531,,,,,Pleural procedures,Surgical Chest Tube,Candidate,,,,,,,,,,,,,,,,Both,PVC,,Candidate - user seed; primary source required,Hidden until verified,SRC008,CSV row 4,,Prime Vendor: Yes; ECAT: Yes (unverified compiled claims),,{}
PRD-8776B50EA8,MFR-90D85DB52E,Cardinal Health,,,"Argyle PVC Thoracic Catheter – Straight, 28 Fr × 20 in",8888570549,,,,,Pleural procedures,Surgical Chest Tube,Candidate,,,,,,,,,,,,,,,,Both,PVC,,Candidate - user seed; primary source required,Hidden until verified,SRC008,CSV row 5,,Prime Vendor: Yes; ECAT: Yes (unverified compiled claims),,{}
PRD-C73E87B7EE,MFR-90D85DB52E,Cardinal Health,,,"Argyle PVC Thoracic Catheter – Straight, 32 Fr × 20 in",8888570556,,,,,Pleural procedures,Surgical Chest Tube,Candidate,,,,,,,,,,,,,,,,Both,PVC,,Candidate - user seed; primary source required,Hidden until verified,SRC008,CSV row 6,,Prime Vendor: Yes; ECAT: Yes (unverified compiled claims),,{}
PRD-6C9FB1DC9F,MFR-90D85DB52E,Cardinal Health,,,"Argyle PVC Thoracic Catheter – Straight, 36 Fr × 20 in",8888570564,,,,,Pleural procedures,Surgical Chest Tube,Candidate,,,,,,,,,,,,,,,,Both,PVC,,Candidate - user seed; primary source required,Hidden until verified,SRC008,CSV row 7,,Prime Vendor: Yes; ECAT: Yes (unverified compiled claims),,{}
PRD-90D21D9281,MFR-90D85DB52E,Cardinal Health,,,"Argyle PVC Thoracic Catheter – Straight, 40 Fr × 20 in",8888570572,,,,,Pleural procedures,Surgical Chest Tube,Candidate,,,,,,,,,,,,,,,,Adult,PVC,,Candidate - user seed; primary source required,Hidden until verified,SRC008,CSV row 8,,Prime Vendor: Yes; ECAT: Yes (unverified compiled claims),,{}
PRD-6DAF9E3AA4,MFR-90D85DB52E,Cardinal Health,,,Argyle Trocar Catheter – 28 Fr,8888561068,,,,,Pleural procedures,Surgical Chest Tube (Trocar),Candidate,,,,,,,,,,,,,,,,Adult,Numerical depth marks,,Candidate - user seed; primary source required,Hidden until verified,SRC008,CSV row 11,,Prime Vendor: Yes; ECAT: Yes (unverified compiled claims),,{}
PRD-9F5884AD09,MFR-90D85DB52E,Cardinal Health,,,Argyle Trocar Catheter – 32 Fr,8888561076,,,,,Pleural procedures,Surgical Chest Tube (Trocar),Candidate,,,,,,,,,,,,,,,,Adult,Right‑angle trocar,,Candidate - user seed; primary source required,Hidden until verified,SRC008,CSV row 12,,Prime Vendor: Yes; ECAT: Yes (unverified compiled claims),,{}
PRD-DD4AFE7DE4,MFR-90D85DB52E,Cardinal Health,,,Argyle Trocar Catheter – 8 Fr × 9 in (sharp tip),8888560805,,,,,Pleural procedures,Small‑Bore Chest Tube (Trocar),Candidate,,,,,,,,,,,,,,,,Peds/Adult,Aluminum trocar,,Candidate - user seed; primary source required,Hidden until verified,SRC008,CSV row 10,,Prime Vendor: Yes; ECAT: Yes (unverified compiled claims),,{}
PRD-0BAE92E0E1,MFR-90D85DB52E,Cardinal Health,,Sterile,"Sterile Mucus/Specimen Trap, 40 cc",C30200A,,,,,Specimen management,,Candidate,,,,,,,,,,,,,,,,,Seed describes 40 cc graded respiratory specimen trap.,,Candidate - user seed; primary source required,Hidden until verified,SRC007,Flexible bronchoscopy platforms!17,,,,{}
PRD-6AAA7898E9,MFR-2760A3270C,Cook Medical,,,Blue Rhino G2-Multi Percutaneous Tracheostomy Tray,G57703,G57703,,,,Percutaneous tracheostomy,,Candidate kit,,,,,,,,,,,,,,,,,"Alternate C-PTISY-100-HC-G-NA; loading dilators 7.5, 8.5, 9.0 mm",,Candidate - user seed; primary source required,Hidden until verified,SRC007,Perc trach and WLL,,,,{}
PRD-8446D3EB4E,MFR-2760A3270C,Cook Medical,,,Blue Rhino G2-Multi Percutaneous Tracheostomy Tray,G57704,G57704,,,,Percutaneous tracheostomy,,Candidate kit,,,,,,,,,,,,,,,,,"Alternate C-PTISY-100-UNS-HC-G-NA; loading dilators 6.5, 7.0, 7.5, 8.0 mm",,Candidate - user seed; primary source required,Hidden until verified,SRC007,Perc trach and WLL,,,,{}
PRD-C4C8CC5CF5,MFR-2760A3270C,Cook Medical,,,Blue Rhino G2-Multi Percutaneous Tracheostomy Tray,G57706,G57706,,,,Percutaneous tracheostomy,,Candidate kit,,,,,,,,,,,,,,,,,"Alternate C-PTISY-100-UNL-HC-G-NA; loading dilators 8.5, 9.0, 10.0 mm",,Candidate - user seed; primary source required,Hidden until verified,SRC007,Perc trach and WLL,,,,{}
PRD-993D8701CA,MFR-2760A3270C,Cook Medical,,,Fuhrman Pleural Drainage Set – 10.2 Fr,G55716,G55716,,,,Pleural procedures,Small‑Bore Chest Drain,Candidate,,,,,,,,,,,,,,,,Adult,"Pigtail, 15 cm",,Candidate - user seed; primary source required,Hidden until verified,SRC008,CSV row 21,,Prime Vendor: Yes; ECAT: Yes (unverified compiled claims),,{}
PRD-F7FFFFA87F,MFR-2760A3270C,Cook Medical,,,Fuhrman Pleural Drainage Set – 6 Fr,G55714,G55714,,,,Pleural procedures,Small‑Bore Chest Drain,Candidate,,,,,,,,,,,,,,,,Peds,"Pigtail, 15 cm",,Candidate - user seed; primary source required,Hidden until verified,SRC008,CSV row 19,,Prime Vendor: Yes; ECAT: Yes (unverified compiled claims),,{}
PRD-C0FA666A98,MFR-2760A3270C,Cook Medical,,,Fuhrman Pleural Drainage Set – 8.5 Fr,G55723,G55723,,,,Pleural procedures,Small‑Bore Chest Drain,Candidate,,,,,,,,,,,,,,,,Both,"Pigtail, 15 cm",,Candidate - user seed; primary source required,Hidden until verified,SRC008,CSV row 20,,Prime Vendor: Yes; ECAT: Yes (unverified compiled claims),,{}
PRD-F008B12AC0,MFR-2760A3270C,Cook Medical,,,Thal-Quick Chest Tube Tray,G04226,G04226,,,,Pleural procedures,,Candidate,,,,,,,,,,,,,,,,,28 Fr; alternate C-TQTSY-2800,,Candidate - user seed; primary source required,Hidden until verified,SRC007,pleural seed,,,,{}
PRD-70B4B5EA83,MFR-2760A3270C,Cook Medical,,,Thal-Quick Chest Tube Tray,G05461,G05461,,,,Pleural procedures,,Candidate,,,,,,,,,,,,,,,,,18 Fr; alternate C-TQTSY-1800,,Candidate - user seed; primary source required,Hidden until verified,SRC007,pleural seed,,,,{}
PRD-6DBE766019,MFR-2760A3270C,Cook Medical,,,Thal-Quick Chest Tube Tray,G05462,G05462,,,,Pleural procedures,,Candidate,,,,,,,,,,,,,,,,,16 Fr; alternate C-TQTSY-1600,,Candidate - user seed; primary source required,Hidden until verified,SRC007,pleural seed,,,,{}
PRD-FE028163EB,MFR-2760A3270C,Cook Medical,,,Thal-Quick Chest Tube Tray,G05463,G05463,,,,Pleural procedures,,Candidate,,,,,,,,,,,,,,,,,20 Fr; alternate C-TQTSY-2000,,Candidate - user seed; primary source required,Hidden until verified,SRC007,pleural seed,,,,{}
PRD-49A7F962D0,MFR-2760A3270C,Cook Medical,,,Thal-Quick Chest Tube Tray,G07242,G07242,,,,Pleural procedures,,Candidate,,,,,,,,,,,,,,,,,32 Fr; alternate C-TQTSY-3200,,Candidate - user seed; primary source required,Hidden until verified,SRC007,pleural seed,,,,{}
PRD-F351B4D76F,MFR-2760A3270C,Cook Medical,,,Thal‑Quick Chest Tube Set – Double Lumen 24 Fr × 40 cm,G36224,G36224,,,,Pleural procedures,Percutaneous Chest Tube,Candidate,,,,,,,,,,,,,,,,Adult,Percutaneous kit,,Candidate - user seed; primary source required,Hidden until verified,SRC008,CSV row 24,,Prime Vendor: Yes; ECAT: Yes (unverified compiled claims),,{}
PRD-6CF2953F5E,MFR-2760A3270C,Cook Medical,,Arndt,Arndt Endobronchial Blocker Set,G44109,G44109,C-AEBS-5.0-50-SPH-AS,C-AEBS-5.0-50-SPH-AS,,Airway isolation,Endobronchial blocker,Single-use set,Single use,Sterile,No,,,Bronchoscopically guided through single-lumen endotracheal tube,5 Fr; ETT ≥ 4.5 mm; bronchoscope OD ≤ 2.8 mm,,,5,,,,,Each,Adult,Arndt Endobronchial Blocker Set; low-pressure high-volume spherical balloon; included suction adapter.,Use with ETT internal diameter at least 4.5 mm and bronchoscope outer diameter no greater than 2.8 mm.,Verified - manufacturer brochure; current market status pending,Hidden - current U.S. status unverified,SRC023,p. 2,2014-07,Americas customer service listed; current SKU availability must be confirmed.,Average balloon inflation volume 0.5–2 mL; spherical balloon.,"{""average_balloon_inflation_volume"": ""0.5–2 mL"", ""balloon_configuration"": ""spherical"", ""blocker_fr"": 5.0, ""maximum_bronchoscope_od_mm"": 2.8, ""minimum_ett_id_mm"": 4.5, ""reference_part_number"": ""C-AEBS-5.0-50-SPH-AS""}"
PRD-C41140BA51,MFR-2760A3270C,Cook Medical,,Arndt,Arndt Endobronchial Blocker Set,G44114,G44114,C-AEBS-7.0-65-SPH-AS,C-AEBS-7.0-65-SPH-AS,,Airway isolation,Endobronchial blocker,Single-use set,Single use,Sterile,No,,,Bronchoscopically guided through single-lumen endotracheal tube,7 Fr; ETT ≥ 6 mm; bronchoscope OD ≤ 3.6 mm,,,7,,,,,Each,Adult,Arndt Endobronchial Blocker Set; low-pressure high-volume spherical balloon; included suction adapter.,Use with ETT internal diameter at least 6 mm and bronchoscope outer diameter no greater than 3.6 mm.,Verified - manufacturer brochure; current market status pending,Hidden - current U.S. status unverified,SRC023,p. 2,2014-07,Americas customer service listed; current SKU availability must be confirmed.,Average balloon inflation volume 2–6 mL; spherical balloon.,"{""average_balloon_inflation_volume"": ""2–6 mL"", ""balloon_configuration"": ""spherical"", ""blocker_fr"": 7.0, ""maximum_bronchoscope_od_mm"": 3.6, ""minimum_ett_id_mm"": 6.0, ""reference_part_number"": ""C-AEBS-7.0-65-SPH-AS""}"
PRD-85248E91BA,MFR-2760A3270C,Cook Medical,,Arndt,Arndt Endobronchial Blocker Set,G44120,G44120,C-AEBS-9.0-78-SPH-AS,C-AEBS-9.0-78-SPH-AS,,Airway isolation,Endobronchial blocker,Single-use set,Single use,Sterile,No,,,Bronchoscopically guided through single-lumen endotracheal tube,9 Fr; ETT ≥ 7.5 mm; bronchoscope OD ≤ 4.2 mm,,,9,,,,,Each,Adult,Arndt Endobronchial Blocker Set; low-pressure high-volume spherical balloon; included suction adapter.,Use with ETT internal diameter at least 7.5 mm and bronchoscope outer diameter no greater than 4.2 mm.,Verified - manufacturer brochure; current market status pending,Hidden - current U.S. status unverified,SRC023,p. 2,2014-07,Americas customer service listed; current SKU availability must be confirmed.,Average balloon inflation volume 4–8 mL; spherical balloon.,"{""average_balloon_inflation_volume"": ""4–8 mL"", ""balloon_configuration"": ""spherical"", ""blocker_fr"": 9.0, ""maximum_bronchoscope_od_mm"": 4.2, ""minimum_ett_id_mm"": 7.5, ""reference_part_number"": ""C-AEBS-9.0-78-SPH-AS""}"
PRD-448C184685,MFR-2760A3270C,Cook Medical,,Cohen,Cohen Endobronchial Blocker Set,G44122,G44122,C-AEBTS-9.0-65-SPH-AS,C-AEBTS-9.0-65-SPH-AS,,Airway isolation,Endobronchial blocker,Single-use set,Single use,Sterile,No,,,Bronchoscopically guided through single-lumen endotracheal tube,9 Fr; ETT ≥ 7 mm; bronchoscope OD ≤ 4.2 mm,,,9,,,,,Each,Adult,Cohen Endobronchial Blocker Set; low-pressure high-volume spherical balloon; included suction adapter.,Use with ETT internal diameter at least 7 mm and bronchoscope outer diameter no greater than 4.2 mm.,Verified - manufacturer brochure; current market status pending,Hidden - current U.S. status unverified,SRC023,p. 3,2014-07,Americas customer service listed; current SKU availability must be confirmed.,Average balloon inflation volume 6–9 mL; spherical balloon.,"{""average_balloon_inflation_volume"": ""6–9 mL"", ""balloon_configuration"": ""spherical"", ""blocker_fr"": 9.0, ""maximum_bronchoscope_od_mm"": 4.2, ""minimum_ett_id_mm"": 7.0, ""reference_part_number"": ""C-AEBTS-9.0-65-SPH-AS""}"
PRD-6F32150552,MFR-2760A3270C,Cook Medical,Cook Medical,Cook Pleural Drainage,Catheter Aspiration Set for Simple Pneumothorax,G05296,G05296,,,,Pleural procedures,Pneumothorax catheter/aspiration set,Disposable kit,Single-use,Sterile,,,,Seldinger,,,,,,,,,Each,Adult,Seldinger catheter aspiration set for simple pneumothorax.,"Exact size, component list, and compatible catheter configuration require the current Cook order table/IFU.",Verified product/SKU identity - exact configuration pending,Hidden - exact configuration table required,SRC020,Catheter Aspiration Set page,,Manufacturer page supports the product/SKU identity; the uploaded source does not provide a complete configuration table.,Hidden until exact order-table configuration is verified.,{}
PRD-848FD7C902,MFR-2760A3270C,Cook Medical,Cook Medical,Cook Pleural Drainage,Cook Emergency Pneumothorax Set,G13722,G13722,,,,Pleural procedures,Pneumothorax catheter/aspiration set,Disposable kit,Single-use,Sterile,,,,Emergency/direct-stick,,,,,,,,,Each,Adult,Emergency pneumothorax set with Cook Chest Drain Valve for temporary management.,"Exact size, component list, and compatible catheter configuration require the current Cook order table/IFU.",Verified product/SKU identity - exact configuration pending,Hidden - exact configuration table required,SRC020,Cook Emergency Pneumothorax page,,Manufacturer page supports the product/SKU identity; the uploaded source does not provide a complete configuration table.,Hidden until exact order-table configuration is verified.,{}
PRD-0410844D48,MFR-2760A3270C,Cook Medical,Cook Medical,Cook Pleural Drainage,Fuhrman Pleural/Pneumopericardial Drainage Set and Tray,G55713,G55713,,,,Pleural procedures,Small-bore pleural drainage set,Disposable kit,Single-use,Sterile,,,,Seldinger,,,,,,,,,,Peds,Seldinger pigtail pleural drainage set; product family is available in 5-12 Fr configurations.,Exact included components and size configuration require the current Cook order table/IFU.,Verified product/SKU identity - exact configuration pending,Hidden - exact configuration table required,SRC020,Fuhrman Pleural Drainage page,,Manufacturer page supports the product/SKU identity; the uploaded source does not provide a complete configuration table.,Existing seed dimensions are retained as candidate specifications and must be rechecked.,{}
PRD-070884900C,MFR-2760A3270C,Cook Medical,Cook Medical,Cook Pleural Drainage,Multipurpose Plastic Tubing Adapter,G05302,G05302,,,,Pleural procedures,Pleural drainage accessory,Disposable accessory,Single-use,Sterile,,,,,,,,,,,,,Each,Adult,Male Luer-lock to universal-taper tubing adapter.,"Exact size, component list, and compatible catheter configuration require the current Cook order table/IFU.",Verified product/SKU identity - exact configuration pending,Hidden - exact configuration table required,SRC020,Multipurpose Plastic Tubing Adapter page,,Manufacturer page supports the product/SKU identity; the uploaded source does not provide a complete configuration table.,Hidden until exact order-table configuration is verified.,{}
PRD-7518A5B1E1,MFR-2760A3270C,Cook Medical,Cook Medical,Cook Pleural Drainage,Pneumothorax Set and Tray,G03301,G03301,,,,Pleural procedures,Pneumothorax catheter/aspiration set,Disposable kit,Single-use,Sterile,,,,Trocar,,,,,,,,,Each,Adult,"Straight catheter pneumothorax set/tray with connecting tube, stopcock, and Cook Chest Drain Valve.","Exact size, component list, and compatible catheter configuration require the current Cook order table/IFU.",Verified product/SKU identity - exact configuration pending,Hidden - exact configuration table required,SRC020,Pneumothorax Set and Tray page,,Manufacturer page supports the product/SKU identity; the uploaded source does not provide a complete configuration table.,Hidden until exact order-table configuration is verified.,{}
PRD-1CCEDCCC76,MFR-2760A3270C,Cook Medical,Cook Medical,Cook Pleural Drainage,Simple Pneumothorax Aspiration Accessory Set,G05297,G05297,,,,Pleural procedures,Pleural drainage accessory,Disposable accessory,Single-use,Sterile,,,,,,,,,,,,,Each,Adult,Accessory set with Cook Chest Drain Valve for persistent pneumothorax after aspiration.,"Exact size, component list, and compatible catheter configuration require the current Cook order table/IFU.",Verified product/SKU identity - exact configuration pending,Hidden - exact configuration table required,SRC020,Simple Pneumothorax Aspiration Accessory Set page,,Manufacturer page supports the product/SKU identity; the uploaded source does not provide a complete configuration table.,Hidden until exact order-table configuration is verified.,{}
PRD-9428EBB5CF,MFR-2760A3270C,Cook Medical,Cook Medical,Cook Pleural Drainage,Thal-Quick Chest Tube Adapter,G07467,G07467,,,,Pleural procedures,Pleural drainage accessory,Disposable accessory,Single-use,Sterile,,,,,,,,,,,,,Each,Adult,Adapter providing a separate sampling or infusion port within compatible Thal-Quick chest tubes.,"Exact size, component list, and compatible catheter configuration require the current Cook order table/IFU.",Verified product/SKU identity - exact configuration pending,Hidden - exact configuration table required,SRC020,Thal-Quick Chest Tube Adapter page,,Manufacturer page supports the product/SKU identity; the uploaded source does not provide a complete configuration table.,Hidden until exact order-table configuration is verified.,{}
PRD-BDA5B2EF14,MFR-2760A3270C,Cook Medical,Cook Medical,Cook Pleural Drainage,Thal-Quick Chest Tube Set and Tray,G06786,G06786,,,,Pleural procedures,Small-bore pleural drainage set,Disposable kit,Single-use,Sterile,,,,Seldinger,,,,,,,,,Each,Adult,Seldinger chest-tube set/tray for pleural fluid drainage.,"Exact size, component list, and compatible catheter configuration require the current Cook order table/IFU.",Verified product/SKU identity - exact configuration pending,Hidden - exact configuration table required,SRC020,Thal-Quick Chest Tube page,,Manufacturer page supports the product/SKU identity; the uploaded source does not provide a complete configuration table.,Hidden until exact order-table configuration is verified.,{}
PRD-FD34401E04,MFR-2760A3270C,Cook Medical,Cook Medical,Cook Pleural Drainage,Vinyl Connecting Tube,G02898,G02898,,,,Pleural procedures,Pleural drainage accessory,Disposable accessory,Single-use,Sterile,,,,,,,,,,,,,Each,Adult,Connecting tube for external drainage catheter to drainage pouch.,"Exact size, component list, and compatible catheter configuration require the current Cook order table/IFU.",Verified product/SKU identity - exact configuration pending,Hidden - exact configuration table required,SRC020,Vinyl Connecting Tube page,,Manufacturer page supports the product/SKU identity; the uploaded source does not provide a complete configuration table.,Hidden until exact order-table configuration is verified.,{}
PRD-8C6C29BE46,MFR-2760A3270C,Cook Medical,Cook Medical,Cook Pleural Drainage,Wayne Pneumothorax Catheter Set and Tray – Seldinger,G56535,G56535,,,,Pleural procedures,Pneumothorax catheter set,Disposable kit,Single-use,Sterile,,,,Seldinger,,,,,,,,,,Adult,Seldinger pneumothorax catheter set/tray with Cook Chest Drain Valve and radiopaque pigtail catheter.,Exact included components and size configuration require the current Cook order table/IFU.,Verified product/SKU identity - exact configuration pending,Hidden - exact configuration table required,SRC020,Wayne Pneumothorax Seldinger page,,Manufacturer page supports the product/SKU identity; the uploaded source does not provide a complete configuration table.,Existing seed dimensions are retained as candidate specifications and must be rechecked.,{}
PRD-12231F4168,MFR-2760A3270C,Cook Medical,Cook Medical,Cook Pleural Drainage,Wayne Pneumothorax Catheter Set – Trocar,G56532,G56532,,,,Pleural procedures,Pneumothorax catheter set,Disposable kit,Single-use,Sterile,,,,Trocar/direct-stick,,,,,,,,,,Adult,Direct-stick/trocar Wayne pneumothorax catheter set with Cook Chest Drain Valve.,Exact included components and size configuration require the current Cook order table/IFU.,Verified product/SKU identity - exact configuration pending,Hidden - exact configuration table required,SRC020,Wayne Pneumothorax Trocar page,,Manufacturer page supports the product/SKU identity; the uploaded source does not provide a complete configuration table.,Existing seed dimensions are retained as candidate specifications and must be rechecked.,{}
PRD-F82300D570,MFR-2760A3270C,Cook Medical,,EchoTip Ultra / ProCore,EchoTip Endobronchial HD Ultrasound Needle,G24061,G24061,ECHO-HD-25-EBUS-P,ECHO-HD-25-EBUS-P,,EBUS sampling,EBUS ultrasound needle,Single-use needle,Single use,Sterile,No,,,,25G; 0–5 cm extension; 4.1 Fr sheath,,,4.1,25,,2,,Each,Adult,Endobronchial HD ultrasound needle with beveled stylet tip.,Attaches to Pentax EBUS scope with Luer metal hub; minimum accessory channel 2.0 mm.,Verified - current manufacturer brochure,Prototype visible - reverify before production,SRC024,p. 2,2026-01,Manufacturer states some products may not be available in all markets.,Includes 5 mL and 10 mL vacuum locking syringes. Brochure covers EchoTip Ultra and ProCore; exact family assignment should be verified in current IFU.,"{""needle_extension_cm"": ""0-5"", ""needle_gauge"": 25, ""reference_part_number"": ""ECHO-HD-25-EBUS-P"", ""scope_connection"": ""Pentax EBUS scope with Luer metal hub"", ""sheath_fr"": 4.1, ""stylet_tip"": ""beveled""}"
PRD-F3307DB1D4,MFR-2760A3270C,Cook Medical,,EchoTip Ultra / ProCore,EchoTip Endobronchial HD Ultrasound Needle,G24062,G24062,ECHO-HD-25-EBUS-O,ECHO-HD-25-EBUS-O,,EBUS sampling,EBUS ultrasound needle,Single-use needle,Single use,Sterile,No,,,,25G; 0–5 cm extension; 4.1 Fr sheath,,,4.1,25,,2,,Each,Adult,Endobronchial HD ultrasound needle with beveled stylet tip.,Attaches to Olympus EBUS scope with non-Luer metal hub; minimum accessory channel 2.0 mm.,Verified - current manufacturer brochure,Prototype visible - reverify before production,SRC024,p. 2,2026-01,Manufacturer states some products may not be available in all markets.,Includes 5 mL and 10 mL vacuum locking syringes. Brochure covers EchoTip Ultra and ProCore; exact family assignment should be verified in current IFU.,"{""needle_extension_cm"": ""0-5"", ""needle_gauge"": 25, ""reference_part_number"": ""ECHO-HD-25-EBUS-O"", ""scope_connection"": ""Olympus EBUS scope with non-Luer metal hub"", ""sheath_fr"": 4.1, ""stylet_tip"": ""beveled""}"
PRD-2D0C9B936A,MFR-2760A3270C,Cook Medical,,EchoTip Ultra / ProCore,EchoTip Endobronchial HD Ultrasound Needle,G34279,G34279,ECHO-HD-22-EBUS-P-C,ECHO-HD-22-EBUS-P-C,,EBUS sampling,EBUS ultrasound needle,Single-use needle,Single use,Sterile,No,,,,22G; 0–5 cm extension; 4.1 Fr sheath,,,4.1,22,,2,,Each,Adult,Endobronchial HD ultrasound needle with recessed ball tip stylet tip.,Attaches to Pentax EBUS scope with Luer metal hub; minimum accessory channel 2.0 mm.,Verified - current manufacturer brochure,Prototype visible - reverify before production,SRC024,p. 2,2026-01,Manufacturer states some products may not be available in all markets.,Includes 5 mL and 10 mL vacuum locking syringes. Brochure covers EchoTip Ultra and ProCore; exact family assignment should be verified in current IFU.,"{""needle_extension_cm"": ""0-5"", ""needle_gauge"": 22, ""reference_part_number"": ""ECHO-HD-22-EBUS-P-C"", ""scope_connection"": ""Pentax EBUS scope with Luer metal hub"", ""sheath_fr"": 4.1, ""stylet_tip"": ""recessed ball tip""}"
PRD-3F51C7D66F,MFR-2760A3270C,Cook Medical,,EchoTip Ultra / ProCore,EchoTip Endobronchial HD Ultrasound Needle,G34280,G34280,ECHO-HD-25-EBUS-P-C,ECHO-HD-25-EBUS-P-C,,EBUS sampling,EBUS ultrasound needle,Single-use needle,Single use,Sterile,No,,,,25G; 0–5 cm extension; 4.1 Fr sheath,,,4.1,25,,2,,Each,Adult,Endobronchial HD ultrasound needle with beveled stylet tip.,Attaches to Pentax EBUS scope with Luer metal hub; minimum accessory channel 2.0 mm.,Verified - current manufacturer brochure,Prototype visible - reverify before production,SRC024,p. 2,2026-01,Manufacturer states some products may not be available in all markets.,Includes 5 mL and 10 mL vacuum locking syringes. Brochure covers EchoTip Ultra and ProCore; exact family assignment should be verified in current IFU.,"{""needle_extension_cm"": ""0-5"", ""needle_gauge"": 25, ""reference_part_number"": ""ECHO-HD-25-EBUS-P-C"", ""scope_connection"": ""Pentax EBUS scope with Luer metal hub"", ""sheath_fr"": 4.1, ""stylet_tip"": ""beveled""}"
PRD-5CC8131FDE,MFR-2760A3270C,Cook Medical,,EchoTip Ultra / ProCore,EchoTip Endobronchial HD Ultrasound Needle,G34281,G34281,ECHO-HD-22-EBUS-O-C,ECHO-HD-22-EBUS-O-C,,EBUS sampling,EBUS ultrasound needle,Single-use needle,Single use,Sterile,No,,,,22G; 0–5 cm extension; 4.1 Fr sheath,,,4.1,22,,2,,Each,Adult,Endobronchial HD ultrasound needle with recessed ball tip stylet tip.,Attaches to Olympus EBUS scope with non-Luer metal hub; minimum accessory channel 2.0 mm.,Verified - current manufacturer brochure,Prototype visible - reverify before production,SRC024,p. 2,2026-01,Manufacturer states some products may not be available in all markets.,Includes 5 mL and 10 mL vacuum locking syringes. Brochure covers EchoTip Ultra and ProCore; exact family assignment should be verified in current IFU.,"{""needle_extension_cm"": ""0-5"", ""needle_gauge"": 22, ""reference_part_number"": ""ECHO-HD-22-EBUS-O-C"", ""scope_connection"": ""Olympus EBUS scope with non-Luer metal hub"", ""sheath_fr"": 4.1, ""stylet_tip"": ""recessed ball tip""}"
PRD-2DA93F54B9,MFR-2760A3270C,Cook Medical,,EchoTip Ultra / ProCore,EchoTip Endobronchial HD Ultrasound Needle,G34282,G34282,ECHO-HD-25-EBUS-O-C,ECHO-HD-25-EBUS-O-C,,EBUS sampling,EBUS ultrasound needle,Single-use needle,Single use,Sterile,No,,,,25G; 0–5 cm extension; 4.1 Fr sheath,,,4.1,25,,2,,Each,Adult,Endobronchial HD ultrasound needle with beveled stylet tip.,Attaches to Olympus EBUS scope with non-Luer metal hub; minimum accessory channel 2.0 mm.,Verified - current manufacturer brochure,Prototype visible - reverify before production,SRC024,p. 2,2026-01,Manufacturer states some products may not be available in all markets.,Includes 5 mL and 10 mL vacuum locking syringes. Brochure covers EchoTip Ultra and ProCore; exact family assignment should be verified in current IFU.,"{""needle_extension_cm"": ""0-5"", ""needle_gauge"": 25, ""reference_part_number"": ""ECHO-HD-25-EBUS-O-C"", ""scope_connection"": ""Olympus EBUS scope with non-Luer metal hub"", ""sheath_fr"": 4.1, ""stylet_tip"": ""beveled""}"
PRD-86388D0916,MFR-2760A3270C,Cook Medical,,EchoTip Ultra / ProCore,EchoTip Endobronchial HD Ultrasound Needle,G52011,G52011,ECHO-HD-22-EBUS-O,ECHO-HD-22-EBUS-O,,EBUS sampling,EBUS ultrasound needle,Single-use needle,Single use,Sterile,No,,,,22G; 0–5 cm extension; 4.1 Fr sheath,,,4.1,22,,2,,Each,Adult,Endobronchial HD ultrasound needle with beveled stylet tip.,Attaches to Olympus EBUS scope with non-Luer metal hub; minimum accessory channel 2.0 mm.,Verified - current manufacturer brochure,Prototype visible - reverify before production,SRC024,p. 2,2026-01,Manufacturer states some products may not be available in all markets.,Includes 5 mL and 10 mL vacuum locking syringes. Brochure covers EchoTip Ultra and ProCore; exact family assignment should be verified in current IFU.,"{""needle_extension_cm"": ""0-5"", ""needle_gauge"": 22, ""reference_part_number"": ""ECHO-HD-22-EBUS-O"", ""scope_connection"": ""Olympus EBUS scope with non-Luer metal hub"", ""sheath_fr"": 4.1, ""stylet_tip"": ""beveled""}"
PRD-19AC7F0794,MFR-2760A3270C,Cook Medical,,EchoTip Ultra / ProCore,EchoTip Endobronchial HD Ultrasound Needle,G53408,G53408,ECHO-HD-22-EBUS-P,ECHO-HD-22-EBUS-P,,EBUS sampling,EBUS ultrasound needle,Single-use needle,Single use,Sterile,No,,,,22G; 0–5 cm extension; 4.1 Fr sheath,,,4.1,22,,2,,Each,Adult,Endobronchial HD ultrasound needle with beveled stylet tip.,Attaches to Pentax EBUS scope with Luer metal hub; minimum accessory channel 2.0 mm.,Verified - current manufacturer brochure,Prototype visible - reverify before production,SRC024,p. 2,2026-01,Manufacturer states some products may not be available in all markets.,Includes 5 mL and 10 mL vacuum locking syringes. Brochure covers EchoTip Ultra and ProCore; exact family assignment should be verified in current IFU.,"{""needle_extension_cm"": ""0-5"", ""needle_gauge"": 22, ""reference_part_number"": ""ECHO-HD-22-EBUS-P"", ""scope_connection"": ""Pentax EBUS scope with Luer metal hub"", ""sheath_fr"": 4.1, ""stylet_tip"": ""beveled""}"
PRD-40F16EE5D5,MFR-32A7012B17,EFER,,,"Adult universal base, 36 cm",BD2410-3,,,,,Rigid bronchoscopy,,Reusable instrument,Reusable,,,,,,,,,,,,,,,,,,Candidate - user seed; primary source required,Hidden until verified,SRC007,Therapeutic bronchoscopy,,,,{}
PRD-B68F5C38B4,MFR-32A7012B17,EFER,,,Adult ventilating obturator,BB2401-3,,,,,Rigid bronchoscopy,,Reusable instrument,Reusable,,,,,,,,,,,,,,,,,,Candidate - user seed; primary source required,Hidden until verified,SRC007,Therapeutic bronchoscopy,,,,{}
PRD-6C1DE73547,MFR-32A7012B17,EFER,,,"Autoclavable bronchial endoscope, 5.5 mm, 0 degree",BX-5500-FA,,,,,Rigid bronchoscopy,,Reusable instrument,Reusable,,,,,,,,,,,,,,,,,,Candidate - user seed; primary source required,Hidden until verified,SRC007,Therapeutic bronchoscopy,,,,{}
PRD-DC7D6310BB,MFR-5ED32955F4,ERBE,,APCapplicator,"APCapplicator, Malleable, 160 mm, 1 Button",20132-257,,,,,Therapeutic bronchoscopy,APC applicator,Disposable,Single-use,Sterile EO,,,,,Malleable shaft 160 mm,,160,,,,,,Box 5,,Single-use APC applicator with filter and ReMode connecting cable.,Requires a compatible ERBE APC/VIO platform; non-U.S. catalog.,Verified exact catalog entry - non-U.S. source,Hidden - non-U.S. catalog / U.S. status unverified,SRC019,"APCapplicator, catalog pp. 7-8",2025-06,The uploaded manufacturer catalog explicitly states it is not intended for use in the USA.,Exact catalog entry retained as a non-U.S. reference.,"{""shaft_type"":""Malleable"",""shaft_length_mm"":160,""electrode"":null,""buttons"":1,""catalog_quantity"":5,""cable_length_m"":3}"
PRD-A83D0CAAC1,MFR-5ED32955F4,ERBE,,APCapplicator,"APCapplicator, Malleable, 250 mm, 1 Button",20132-256,,,,,Therapeutic bronchoscopy,APC applicator,Disposable,Single-use,Sterile EO,,,,,Malleable shaft 250 mm,,250,,,,,,Box 5,,Single-use APC applicator with filter and ReMode connecting cable.,Requires a compatible ERBE APC/VIO platform; non-U.S. catalog.,Verified exact catalog entry - non-U.S. source,Hidden - non-U.S. catalog / U.S. status unverified,SRC019,"APCapplicator, catalog pp. 7-8",2025-06,The uploaded manufacturer catalog explicitly states it is not intended for use in the USA.,Exact catalog entry retained as a non-U.S. reference.,"{""shaft_type"":""Malleable"",""shaft_length_mm"":250,""electrode"":null,""buttons"":1,""catalog_quantity"":5,""cable_length_m"":3}"
PRD-D7F9A3A5D0,MFR-5ED32955F4,ERBE,,APCapplicator,"APCapplicator, Rigid, 100 mm, Needle Electrode",20132-253,,,,,Therapeutic bronchoscopy,APC applicator,Disposable,Single-use,Sterile EO,,,,,Rigid shaft 100 mm; Needle electrode,,100,,,,,,Box 5,,Single-use APC applicator with filter and ReMode connecting cable.,Requires a compatible ERBE APC/VIO platform; non-U.S. catalog.,Verified exact catalog entry - non-U.S. source,Hidden - non-U.S. catalog / U.S. status unverified,SRC019,"APCapplicator, catalog pp. 7-8",2025-06,The uploaded manufacturer catalog explicitly states it is not intended for use in the USA.,Exact catalog entry retained as a non-U.S. reference.,"{""shaft_type"":""Rigid"",""shaft_length_mm"":100,""electrode"":""Needle"",""buttons"":null,""catalog_quantity"":5,""cable_length_m"":3}"
PRD-1708F37D2C,MFR-5ED32955F4,ERBE,,APCapplicator,"APCapplicator, Rigid, 100 mm, Spatula Electrode",20132-252,,,,,Therapeutic bronchoscopy,APC applicator,Disposable,Single-use,Sterile EO,,,,,Rigid shaft 100 mm; Spatula electrode,,100,,,,,,Box 5,,Single-use APC applicator with filter and ReMode connecting cable.,Requires a compatible ERBE APC/VIO platform; non-U.S. catalog.,Verified exact catalog entry - non-U.S. source,Hidden - non-U.S. catalog / U.S. status unverified,SRC019,"APCapplicator, catalog pp. 7-8",2025-06,The uploaded manufacturer catalog explicitly states it is not intended for use in the USA.,Exact catalog entry retained as a non-U.S. reference.,"{""shaft_type"":""Rigid"",""shaft_length_mm"":100,""electrode"":""Spatula"",""buttons"":null,""catalog_quantity"":5,""cable_length_m"":3}"
PRD-8C5BA93DCA,MFR-5ED32955F4,ERBE,,APCapplicator,"APCapplicator, Rigid, 35 mm, Needle Electrode",20132-251,,,,,Therapeutic bronchoscopy,APC applicator,Disposable,Single-use,Sterile EO,,,,,Rigid shaft 35 mm; Needle electrode,,35,,,,,,Box 5,,Single-use APC applicator with filter and ReMode connecting cable.,Requires a compatible ERBE APC/VIO platform; non-U.S. catalog.,Verified exact catalog entry - non-U.S. source,Hidden - non-U.S. catalog / U.S. status unverified,SRC019,"APCapplicator, catalog pp. 7-8",2025-06,The uploaded manufacturer catalog explicitly states it is not intended for use in the USA.,Exact catalog entry retained as a non-U.S. reference.,"{""shaft_type"":""Rigid"",""shaft_length_mm"":35,""electrode"":""Needle"",""buttons"":null,""catalog_quantity"":5,""cable_length_m"":3}"
PRD-D76C39F2B7,MFR-5ED32955F4,ERBE,,APCapplicator,"APCapplicator, Rigid, 35 mm, Spatula Electrode",20132-250,,,,,Therapeutic bronchoscopy,APC applicator,Disposable,Single-use,Sterile EO,,,,,Rigid shaft 35 mm; Spatula electrode,,35,,,,,,Box 5,,Single-use APC applicator with filter and ReMode connecting cable.,Requires a compatible ERBE APC/VIO platform; non-U.S. catalog.,Verified exact catalog entry - non-U.S. source,Hidden - non-U.S. catalog / U.S. status unverified,SRC019,"APCapplicator, catalog pp. 7-8",2025-06,The uploaded manufacturer catalog explicitly states it is not intended for use in the USA.,Exact catalog entry retained as a non-U.S. reference.,"{""shaft_type"":""Rigid"",""shaft_length_mm"":35,""electrode"":""Spatula"",""buttons"":null,""catalog_quantity"":5,""cable_length_m"":3}"
PRD-D9A63C6C45,MFR-5ED32955F4,ERBE,,APCapplicator,"APCapplicator, Rigid, 350 mm, Needle Electrode",20132-255,,,,,Therapeutic bronchoscopy,APC applicator,Disposable,Single-use,Sterile EO,,,,,Rigid shaft 350 mm; Needle electrode,,350,,,,,,Box 5,,Single-use APC applicator with filter and ReMode connecting cable.,Requires a compatible ERBE APC/VIO platform; non-U.S. catalog.,Verified exact catalog entry - non-U.S. source,Hidden - non-U.S. catalog / U.S. status unverified,SRC019,"APCapplicator, catalog pp. 7-8",2025-06,The uploaded manufacturer catalog explicitly states it is not intended for use in the USA.,Exact catalog entry retained as a non-U.S. reference.,"{""shaft_type"":""Rigid"",""shaft_length_mm"":350,""electrode"":""Needle"",""buttons"":null,""catalog_quantity"":5,""cable_length_m"":3}"
PRD-2218769436,MFR-5ED32955F4,ERBE,,APCapplicator,"APCapplicator, Rigid, 350 mm, Spatula Electrode",20132-254,,,,,Therapeutic bronchoscopy,APC applicator,Disposable,Single-use,Sterile EO,,,,,Rigid shaft 350 mm; Spatula electrode,,350,,,,,,Box 5,,Single-use APC applicator with filter and ReMode connecting cable.,Requires a compatible ERBE APC/VIO platform; non-U.S. catalog.,Verified exact catalog entry - non-U.S. source,Hidden - non-U.S. catalog / U.S. status unverified,SRC019,"APCapplicator, catalog pp. 7-8",2025-06,The uploaded manufacturer catalog explicitly states it is not intended for use in the USA.,Exact catalog entry retained as a non-U.S. reference.,"{""shaft_type"":""Rigid"",""shaft_length_mm"":350,""electrode"":""Spatula"",""buttons"":null,""catalog_quantity"":5,""cable_length_m"":3}"
PRD-EC8FB40FB0,MFR-5ED32955F4,ERBE,,ERBE APC,Adapter for APCapplicator to APC 2 Standard Socket,20132-249,,,,,Therapeutic bronchoscopy,APC adapter,Reusable accessory,Reusable,,,,,,,,,,,,,,Each,,Adapter listed for ERBE APC instruments.,Match exact APC generator/socket and instrument; non-U.S. catalog.,Verified exact catalog entry - non-U.S. source,Hidden - non-U.S. catalog / U.S. status unverified,SRC019,"APC applicator/adapters, catalog p. 8",2025-06,The uploaded manufacturer catalog explicitly states it is not intended for use in the USA.,Exact catalog entry retained as a non-U.S. reference.,"{""target_platform"":""APC 2"",""socket"":""standard APC""}"
PRD-63E9945A0A,MFR-5ED32955F4,ERBE,,ERBE APC,Adapter for FiAPC Probes to APC 2 / APC 300,20132-227,,,,,Therapeutic bronchoscopy,APC adapter,Reusable accessory,Reusable,,,,,,,,,,,,,,Each,,Adapter listed for ERBE APC instruments.,Match exact APC generator/socket and instrument; non-U.S. catalog.,Verified exact catalog entry - non-U.S. source,Hidden - non-U.S. catalog / U.S. status unverified,SRC019,"FiAPC probes, catalog p. 6",2025-06,The uploaded manufacturer catalog explicitly states it is not intended for use in the USA.,Exact catalog entry retained as a non-U.S. reference.,"{""target_platforms"":[""APC 2"",""APC 300""]}"
PRD-1425225614,MFR-5ED32955F4,ERBE,,ERBE APC,"APC Ignition Test Adapter for VIO D/S, ICC, International",20183-071,,,,,Therapeutic bronchoscopy,APC ignition test adapter,Reusable accessory,Reusable,,,,,,connector: NE 2-pin,,,,,,,,Each,,APC ignition test adapter.,Catalog states not compatible with VIO 3/APC 3; non-U.S. catalog.,Verified exact catalog entry - non-U.S. source,Hidden - non-U.S. catalog / U.S. status unverified,SRC019,"APC ignition test adapters, catalog p. 8",2025-06,The uploaded manufacturer catalog explicitly states it is not intended for use in the USA.,Exact catalog entry retained as a non-U.S. reference.,"{""connector"":""NE 2-pin"",""not_compatible_with"":[""VIO 3"",""APC 3""]}"
PRD-DCA951086F,MFR-5ED32955F4,ERBE,,ERBE APC,"APC Ignition Test Adapter for VIO D/S, ICC, Standard",20183-070,,,,,Therapeutic bronchoscopy,APC ignition test adapter,Reusable accessory,Reusable,,,,,,connector: NE 6 mm,,,,,,,,Each,,APC ignition test adapter.,Catalog states not compatible with VIO 3/APC 3; non-U.S. catalog.,Verified exact catalog entry - non-U.S. source,Hidden - non-U.S. catalog / U.S. status unverified,SRC019,"APC ignition test adapters, catalog p. 8",2025-06,The uploaded manufacturer catalog explicitly states it is not intended for use in the USA.,Exact catalog entry retained as a non-U.S. reference.,"{""connector"":""NE 6 mm"",""not_compatible_with"":[""VIO 3"",""APC 3""]}"
PRD-B21BCEFB54,MFR-5ED32955F4,ERBE,,ERBE APC,"Argon Gas Cylinder, 5 L, 200 bar, Filled",20132-004,,,,,Therapeutic bronchoscopy,Argon gas cylinder,Reusable equipment,Reusable,,,,,,,,,,,,,,Each,,Argon gas cylinder listed for ERBE APC systems.,"Country-specific gas connector; match generator, gas standard, biomedical engineering policy, and current IFU.",Verified exact catalog entry - non-U.S. source,Hidden - non-U.S. catalog / U.S. status unverified,SRC019,"APC pressure reducers and gas accessories, catalog pp. 10-11",2025-06,The uploaded manufacturer catalog explicitly states it is not intended for use in the USA.,Exact catalog entry retained as a non-U.S. reference.,"{""volume_l"":5,""filled"":true,""pressure_bar"":200,""argon_purity"":""99.998%"",""connector"":""DIN 477 No. 6"",""height_cm"":60,""diameter_cm"":14,""weight_kg"":10.7}"
PRD-D454A9C046,MFR-5ED32955F4,ERBE,,ERBE APC,"Argon Gas Cylinder, 5 L, Empty, CGA 580",20132-165,,,,,Therapeutic bronchoscopy,Argon gas cylinder,Reusable equipment,Reusable,,,,,,,,,,,,,,Each,,Argon gas cylinder listed for ERBE APC systems.,"Country-specific gas connector; match generator, gas standard, biomedical engineering policy, and current IFU.",Verified exact catalog entry - non-U.S. source,Hidden - non-U.S. catalog / U.S. status unverified,SRC019,"APC pressure reducers and gas accessories, catalog pp. 10-11",2025-06,The uploaded manufacturer catalog explicitly states it is not intended for use in the USA.,Exact catalog entry retained as a non-U.S. reference.,"{""volume_l"":5,""filled"":false,""connector"":""CGA 580"",""height_cm"":60,""diameter_cm"":14,""weight_kg"":8.1}"
PRD-78096620FF,MFR-5ED32955F4,ERBE,,ERBE APC,"Argon Gas Cylinder, 5 L, Empty, DIN 477 No. 6",20132-171,,,,,Therapeutic bronchoscopy,Argon gas cylinder,Reusable equipment,Reusable,,,,,,,,,,,,,,Each,,Argon gas cylinder listed for ERBE APC systems.,"Country-specific gas connector; match generator, gas standard, biomedical engineering policy, and current IFU.",Verified exact catalog entry - non-U.S. source,Hidden - non-U.S. catalog / U.S. status unverified,SRC019,"APC pressure reducers and gas accessories, catalog pp. 10-11",2025-06,The uploaded manufacturer catalog explicitly states it is not intended for use in the USA.,Exact catalog entry retained as a non-U.S. reference.,"{""volume_l"":5,""filled"":false,""connector"":""DIN 477 No. 6"",""height_cm"":60,""diameter_cm"":14,""weight_kg"":8.8}"
PRD-B79F76C6D6,MFR-5ED32955F4,ERBE,,ERBE APC,"Central Gas Supply Connecting Tube for APC, 1 m",20132-085,,,,,Therapeutic bronchoscopy,Gas connecting tube,Reusable accessory,Reusable,,,,,,,,,,,,,,Each,,Gas connecting tube listed for ERBE APC systems.,"Country-specific gas connector; match generator, gas standard, biomedical engineering policy, and current IFU.",Verified exact catalog entry - non-U.S. source,Hidden - non-U.S. catalog / U.S. status unverified,SRC019,"APC pressure reducers and gas accessories, catalog pp. 10-11",2025-06,The uploaded manufacturer catalog explicitly states it is not intended for use in the USA.,Exact catalog entry retained as a non-U.S. reference.,"{""length_m"":1,""compatible_platforms"":[""APC 2"",""APC 3"",""APC 300""]}"
PRD-1BD0F9BD70,MFR-5ED32955F4,ERBE,,ERBE APC,"Pressure Reducer with Sensor for APC 2/APC 3, BS 341 No. 3",20134-003,,,,,Therapeutic bronchoscopy,Pressure reducer,Reusable accessory,Reusable,,,,,,,,,,,,,,Each,,Pressure reducer listed for ERBE APC systems.,"Country-specific gas connector; match generator, gas standard, biomedical engineering policy, and current IFU.",Verified exact catalog entry - non-U.S. source,Hidden - non-U.S. catalog / U.S. status unverified,SRC019,"APC pressure reducers and gas accessories, catalog pp. 10-11",2025-06,The uploaded manufacturer catalog explicitly states it is not intended for use in the USA.,Exact catalog entry retained as a non-U.S. reference.,"{""connector"":""BS 341 No. 3"",""hose_length_m"":0.5,""manual_connection"":true}"
PRD-83ADF2581C,MFR-5ED32955F4,ERBE,,ERBE APC,"Pressure Reducer with Sensor for APC 2/APC 3, CGA 580",20134-002,,,,,Therapeutic bronchoscopy,Pressure reducer,Reusable accessory,Reusable,,,,,,,,,,,,,,Each,,Pressure reducer listed for ERBE APC systems.,"Country-specific gas connector; match generator, gas standard, biomedical engineering policy, and current IFU.",Verified exact catalog entry - non-U.S. source,Hidden - non-U.S. catalog / U.S. status unverified,SRC019,"APC pressure reducers and gas accessories, catalog pp. 10-11",2025-06,The uploaded manufacturer catalog explicitly states it is not intended for use in the USA.,Exact catalog entry retained as a non-U.S. reference.,"{""connector"":""CGA 580"",""hose_length_m"":0.5,""manual_connection"":true}"
PRD-09AF1B1AE5,MFR-5ED32955F4,ERBE,,ERBE APC,"Pressure Reducer with Sensor for APC 2/APC 3, CGA Group",20134-006,,,,,Therapeutic bronchoscopy,Pressure reducer,Reusable accessory,Reusable,,,,,,,,,,,,,,Each,,Pressure reducer listed for ERBE APC systems.,"Country-specific gas connector; match generator, gas standard, biomedical engineering policy, and current IFU.",Verified exact catalog entry - non-U.S. source,Hidden - non-U.S. catalog / U.S. status unverified,SRC019,"APC pressure reducers and gas accessories, catalog pp. 10-11",2025-06,The uploaded manufacturer catalog explicitly states it is not intended for use in the USA.,Exact catalog entry retained as a non-U.S. reference.,"{""connector_group"":""B/CGA 580""}"
PRD-207F57235E,MFR-5ED32955F4,ERBE,,ERBE APC,"Pressure Reducer with Sensor for APC 2/APC 3, DIN 477 No. 10",20134-001,,,,,Therapeutic bronchoscopy,Pressure reducer,Reusable accessory,Reusable,,,,,,,,,,,,,,Each,,Pressure reducer listed for ERBE APC systems.,"Country-specific gas connector; match generator, gas standard, biomedical engineering policy, and current IFU.",Verified exact catalog entry - non-U.S. source,Hidden - non-U.S. catalog / U.S. status unverified,SRC019,"APC pressure reducers and gas accessories, catalog pp. 10-11",2025-06,The uploaded manufacturer catalog explicitly states it is not intended for use in the USA.,Exact catalog entry retained as a non-U.S. reference.,"{""connector"":""DIN 477 No. 10"",""hose_length_m"":0.5,""manual_connection"":true}"
PRD-3CAAB4D79C,MFR-5ED32955F4,ERBE,,ERBE APC,"Pressure Reducer with Sensor for APC 2/APC 3, DIN 477 No. 6",20134-004,,,,,Therapeutic bronchoscopy,Pressure reducer,Reusable accessory,Reusable,,,,,,,,,,,,,,Each,,Pressure reducer listed for ERBE APC systems.,"Country-specific gas connector; match generator, gas standard, biomedical engineering policy, and current IFU.",Verified exact catalog entry - non-U.S. source,Hidden - non-U.S. catalog / U.S. status unverified,SRC019,"APC pressure reducers and gas accessories, catalog pp. 10-11",2025-06,The uploaded manufacturer catalog explicitly states it is not intended for use in the USA.,Exact catalog entry retained as a non-U.S. reference.,"{""connector"":""DIN 477 No. 6"",""hose_length_m"":0.5,""manual_connection"":true}"
PRD-293EEBCDF0,MFR-5ED32955F4,ERBE,,ERBE APC,"Pressure Reducer with Sensor for APC 2/APC 3, ISO 5145 No. 4",20134-007,,,,,Therapeutic bronchoscopy,Pressure reducer,Reusable accessory,Reusable,,,,,,,,,,,,,,Each,,Pressure reducer listed for ERBE APC systems.,"Country-specific gas connector; match generator, gas standard, biomedical engineering policy, and current IFU.",Verified exact catalog entry - non-U.S. source,Hidden - non-U.S. catalog / U.S. status unverified,SRC019,"APC pressure reducers and gas accessories, catalog pp. 10-11",2025-06,The uploaded manufacturer catalog explicitly states it is not intended for use in the USA.,Exact catalog entry retained as a non-U.S. reference.,"{""connector"":""ISO 5145 No. 4"",""hose_length_m"":0.75,""country"":""France"",""manual_connection"":true}"
PRD-55E5D08ADC,MFR-5ED32955F4,ERBE,,ERBE APC,"Pressure Reducer with Sensor for APC 2/APC 3, Japan",20134-005,,,,,Therapeutic bronchoscopy,Pressure reducer,Reusable accessory,Reusable,,,,,,,,,,,,,,Each,,Pressure reducer listed for ERBE APC systems.,"Country-specific gas connector; match generator, gas standard, biomedical engineering policy, and current IFU.",Verified exact catalog entry - non-U.S. source,Hidden - non-U.S. catalog / U.S. status unverified,SRC019,"APC pressure reducers and gas accessories, catalog pp. 10-11",2025-06,The uploaded manufacturer catalog explicitly states it is not intended for use in the USA.,Exact catalog entry retained as a non-U.S. reference.,"{""country"":""Japan""}"
PRD-9DA3B7C48B,MFR-5ED32955F4,ERBE,,ERBE APC,"Pressure Reducer without Sensor for APC 300, ISO 5145 No. 4",20132-078,,,,,Therapeutic bronchoscopy,Pressure reducer,Reusable accessory,Reusable,,,,,,,,,,,,,,Each,,Pressure reducer listed for ERBE APC systems.,"Country-specific gas connector; match generator, gas standard, biomedical engineering policy, and current IFU.",Verified exact catalog entry - non-U.S. source,Hidden - non-U.S. catalog / U.S. status unverified,SRC019,"APC pressure reducers and gas accessories, catalog pp. 10-11",2025-06,The uploaded manufacturer catalog explicitly states it is not intended for use in the USA.,Exact catalog entry retained as a non-U.S. reference.,"{""connector"":""ISO 5145 No. 4"",""hose_length_m"":0.75,""country"":""France"",""sensor"":false,""manual_connection"":true}"
PRD-574BC79D2B,MFR-5ED32955F4,ERBE,,ERBE Electrosurgery,"Bipolar Adapter Cable, Standard to International 2 x 4 mm Socket, 30 cm",20183-066,,,,,Therapeutic bronchoscopy,Bipolar adapter,Reusable accessory,Reusable,,,,,,30 cm; from: Standard; to: International 2 x 4 mm socket,,,,,,,,Each,,"Bipolar Adapter Cable, Standard to International 2 x 4 mm Socket, 30 cm.",Match both generator-side and instrument-side connector standards and the current ERBE IFU; non-U.S. catalog.,Verified exact catalog entry - non-U.S. source,Hidden - non-U.S. catalog / U.S. status unverified,SRC017,"Bipolar adapters, catalog p. 16",2024-05,The uploaded manufacturer catalog explicitly states it is not intended for use in the USA.,Exact catalog entry retained as a non-U.S. reference.,"{""length_cm"":30,""source_connector"":""Standard"",""target_connector"":""International 2 x 4 mm socket""}"
PRD-E4FE22C28D,MFR-5ED32955F4,ERBE,,ERBE Electrosurgery,"Bipolar Adapter, International 22 mm to Standard",20183-053,,,,,Therapeutic bronchoscopy,Bipolar adapter,Reusable accessory,Reusable,,,,,,from: International 22 mm; to: Standard,,,,,,,,Each,,"Bipolar Adapter, International 22 mm to Standard.",Match both generator-side and instrument-side connector standards and the current ERBE IFU; non-U.S. catalog.,Verified exact catalog entry - non-U.S. source,Hidden - non-U.S. catalog / U.S. status unverified,SRC017,"Bipolar adapters, catalog p. 16",2024-05,The uploaded manufacturer catalog explicitly states it is not intended for use in the USA.,Exact catalog entry retained as a non-U.S. reference.,"{""source_connector"":""International 22 mm"",""target_connector"":""Standard""}"
PRD-DA396EF06D,MFR-5ED32955F4,ERBE,,ERBE Electrosurgery,"Bipolar Adapter, MF Socket / MF2 Plug for VIO 300 D",20183-100,,,,,Therapeutic bronchoscopy,Bipolar adapter,Reusable accessory,Reusable,,,,,,connectors: MF socket / MF2 plug; platform: VIO 300 D,,,,,,,,Each,,"Bipolar Adapter, MF Socket / MF2 Plug for VIO 300 D.",Match both generator-side and instrument-side connector standards and the current ERBE IFU; non-U.S. catalog.,Verified exact catalog entry - non-U.S. source,Hidden - non-U.S. catalog / U.S. status unverified,SRC017,"Bipolar adapters, catalog p. 17",2024-05,The uploaded manufacturer catalog explicitly states it is not intended for use in the USA.,Exact catalog entry retained as a non-U.S. reference.,"{""platform"":""VIO 300 D"",""connectors"":""MF socket / MF2 plug""}"
PRD-6BC32547CD,MFR-5ED32955F4,ERBE,,ERBE Electrosurgery,"Bipolar Adapter, MF2/MFU Socket / MF Plug for VIO 3 / VIO 300 D",20183-101,,,,,Therapeutic bronchoscopy,Bipolar adapter,Reusable accessory,Reusable,,,,,,"connectors: MF2/MFU socket / MF plug; platforms: VIO 3, VIO 300 D",,,,,,,,Each,,"Bipolar Adapter, MF2/MFU Socket / MF Plug for VIO 3 / VIO 300 D.",Match both generator-side and instrument-side connector standards and the current ERBE IFU; non-U.S. catalog.,Verified exact catalog entry - non-U.S. source,Hidden - non-U.S. catalog / U.S. status unverified,SRC017,"Bipolar adapters, catalog p. 17",2024-05,The uploaded manufacturer catalog explicitly states it is not intended for use in the USA.,Exact catalog entry retained as a non-U.S. reference.,"{""platforms"":[""VIO 3"",""VIO 300 D""],""connectors"":""MF2/MFU socket / MF plug""}"
PRD-D723C6FF62,MFR-5ED32955F4,ERBE,,ERBE Electrosurgery,"Bipolar Adapter, Standard to Martin/Berchtold/Aesculap",20183-025,,,,,Therapeutic bronchoscopy,Bipolar adapter,Reusable accessory,Reusable,,,,,,"from: Standard; to: Martin, Berchtold, Aesculap",,,,,,,,Each,,"Bipolar Adapter, Standard to Martin/Berchtold/Aesculap.",Match both generator-side and instrument-side connector standards and the current ERBE IFU; non-U.S. catalog.,Verified exact catalog entry - non-U.S. source,Hidden - non-U.S. catalog / U.S. status unverified,SRC017,"Bipolar adapters, catalog p. 16",2024-05,The uploaded manufacturer catalog explicitly states it is not intended for use in the USA.,Exact catalog entry retained as a non-U.S. reference.,"{""source_connector"":""Standard"",""target_connectors"":[""Martin"",""Berchtold"",""Aesculap""]}"
PRD-704E468EF5,MFR-5ED32955F4,ERBE,,ERBE Electrosurgery,"Bipolar Adapter, Valleylab 28 mm to Standard",20183-055,,,,,Therapeutic bronchoscopy,Bipolar adapter,Reusable accessory,Reusable,,,,,,from: Valleylab 28 mm; to: Standard,,,,,,,,Each,,"Bipolar Adapter, Valleylab 28 mm to Standard.",Match both generator-side and instrument-side connector standards and the current ERBE IFU; non-U.S. catalog.,Verified exact catalog entry - non-U.S. source,Hidden - non-U.S. catalog / U.S. status unverified,SRC017,"Bipolar adapters, catalog p. 16",2024-05,The uploaded manufacturer catalog explicitly states it is not intended for use in the USA.,Exact catalog entry retained as a non-U.S. reference.,"{""source_connector"":""Valleylab 28 mm"",""target_connector"":""Standard""}"
PRD-3353BDD6CD,MFR-5ED32955F4,ERBE,,ERBE Electrosurgery,"Bipolar Connecting Cable, 2-Pin 22 mm, Angled, 4.5 m",20196-063,,,,,Therapeutic bronchoscopy,Bipolar cable,Reusable accessory,Reusable,,,,,,4.5 m; generator: 2-pin 22 mm; connector: angled,,,,,,,,Each,,"Bipolar Connecting Cable, 2-Pin 22 mm, Angled, 4.5 m.",Match both generator-side and instrument-side connector standards and the current ERBE IFU; non-U.S. catalog.,Verified exact catalog entry - non-U.S. source,Hidden - non-U.S. catalog / U.S. status unverified,SRC017,"Bipolar cables, catalog p. 9",2024-05,The uploaded manufacturer catalog explicitly states it is not intended for use in the USA.,Exact catalog entry retained as a non-U.S. reference.,"{""length_m"":4.5,""generator_connector"":""2-pin 22 mm"",""connector"":""angled""}"
PRD-93A3E7F825,MFR-5ED32955F4,ERBE,,ERBE Electrosurgery,"Bipolar Connecting Cable, 2-Pin 28 mm, Aesculap, 4.5 m",20196-066,,,,,Therapeutic bronchoscopy,Bipolar cable,Reusable accessory,Reusable,,,,,,4.5 m; generator: 2-pin 28 mm; instrument: Aesculap,,,,,,,,Each,,"Bipolar Connecting Cable, 2-Pin 28 mm, Aesculap, 4.5 m.",Match both generator-side and instrument-side connector standards and the current ERBE IFU; non-U.S. catalog.,Verified exact catalog entry - non-U.S. source,Hidden - non-U.S. catalog / U.S. status unverified,SRC017,"Bipolar cables, catalog p. 10",2024-05,The uploaded manufacturer catalog explicitly states it is not intended for use in the USA.,Exact catalog entry retained as a non-U.S. reference.,"{""length_m"":4.5,""generator_connector"":""2-pin 28 mm"",""instrument"":""Aesculap""}"
PRD-695BD279A8,MFR-5ED32955F4,ERBE,,ERBE Electrosurgery,"Bipolar Connecting Cable, 2-Pin 28 mm, Angled, 4.5 m",20196-064,,,,,Therapeutic bronchoscopy,Bipolar cable,Reusable accessory,Reusable,,,,,,4.5 m; generator: 2-pin 28 mm; connector: angled,,,,,,,,Each,,"Bipolar Connecting Cable, 2-Pin 28 mm, Angled, 4.5 m.",Match both generator-side and instrument-side connector standards and the current ERBE IFU; non-U.S. catalog.,Verified exact catalog entry - non-U.S. source,Hidden - non-U.S. catalog / U.S. status unverified,SRC017,"Bipolar cables, catalog p. 10",2024-05,The uploaded manufacturer catalog explicitly states it is not intended for use in the USA.,Exact catalog entry retained as a non-U.S. reference.,"{""length_m"":4.5,""generator_connector"":""2-pin 28 mm"",""connector"":""angled""}"
PRD-79B8CF6846,MFR-5ED32955F4,ERBE,,ERBE Electrosurgery,"Bipolar Connecting Cable, 2-Pin 28 mm, Fixation Forceps, 4.5 m",20196-067,,,,,Therapeutic bronchoscopy,Bipolar cable,Reusable accessory,Reusable,,,,,,4.5 m; generator: 2-pin 28 mm; instrument: fixation forceps,,,,,,,,Each,,"Bipolar Connecting Cable, 2-Pin 28 mm, Fixation Forceps, 4.5 m.",Match both generator-side and instrument-side connector standards and the current ERBE IFU; non-U.S. catalog.,Verified exact catalog entry - non-U.S. source,Hidden - non-U.S. catalog / U.S. status unverified,SRC017,"Bipolar cables, catalog p. 10",2024-05,The uploaded manufacturer catalog explicitly states it is not intended for use in the USA.,Exact catalog entry retained as a non-U.S. reference.,"{""length_m"":4.5,""generator_connector"":""2-pin 28 mm"",""instrument"":""fixation forceps""}"
PRD-6F4B58CFF2,MFR-5ED32955F4,ERBE,,ERBE Electrosurgery,"Bipolar Connecting Cable, 8/4 mm Forceps, Angled, 4.5 m",20196-062,,,,,Therapeutic bronchoscopy,Bipolar cable,Reusable accessory,Reusable,,,,,,4.5 m; instrument: 8/4 mm angled,,,,,,,,Each,,"Bipolar Connecting Cable, 8/4 mm Forceps, Angled, 4.5 m.",Match both generator-side and instrument-side connector standards and the current ERBE IFU; non-U.S. catalog.,Verified exact catalog entry - non-U.S. source,Hidden - non-U.S. catalog / U.S. status unverified,SRC017,"Bipolar cables, catalog p. 9",2024-05,The uploaded manufacturer catalog explicitly states it is not intended for use in the USA.,Exact catalog entry retained as a non-U.S. reference.,"{""length_m"":4.5,""instrument_connector"":""8/4 mm angled""}"
PRD-88D778F3A4,MFR-5ED32955F4,ERBE,,ERBE Electrosurgery,"Bipolar Connecting Cable, Aesculap, Angled, 4.5 m",20196-065,,,,,Therapeutic bronchoscopy,Bipolar cable,Reusable accessory,Reusable,,,,,,4.5 m; connector: angled; instrument: Aesculap,,,,,,,,Each,,"Bipolar Connecting Cable, Aesculap, Angled, 4.5 m.",Match both generator-side and instrument-side connector standards and the current ERBE IFU; non-U.S. catalog.,Verified exact catalog entry - non-U.S. source,Hidden - non-U.S. catalog / U.S. status unverified,SRC017,"Bipolar cables, catalog p. 9",2024-05,The uploaded manufacturer catalog explicitly states it is not intended for use in the USA.,Exact catalog entry retained as a non-U.S. reference.,"{""length_m"":4.5,""instrument"":""Aesculap"",""connector"":""angled""}"
PRD-9DCC5EC86C,MFR-5ED32955F4,ERBE,,ERBE Electrosurgery,"Bipolar Connecting Cable, International 2-Pin 22 mm, 4 m",20196-053,,,,,Therapeutic bronchoscopy,Bipolar cable,Reusable accessory,Reusable,,,,,,4 m; generator: International 2-pin 22 mm,,,,,,,,Each,,"Bipolar Connecting Cable, International 2-Pin 22 mm, 4 m.",Match both generator-side and instrument-side connector standards and the current ERBE IFU; non-U.S. catalog.,Verified exact catalog entry - non-U.S. source,Hidden - non-U.S. catalog / U.S. status unverified,SRC017,"Bipolar cables, catalog p. 9",2024-05,The uploaded manufacturer catalog explicitly states it is not intended for use in the USA.,Exact catalog entry retained as a non-U.S. reference.,"{""length_m"":4,""generator_connector"":""International 2-pin 22 mm""}"
PRD-0ADECF7C68,MFR-5ED32955F4,ERBE,,ERBE Electrosurgery,"Bipolar Connecting Cable, International 2-Pin 22 mm, 5 m",20196-061,,,,,Therapeutic bronchoscopy,Bipolar cable,Reusable accessory,Reusable,,,,,,5 m; generator: International 2-pin 22 mm,,,,,,,,Each,,"Bipolar Connecting Cable, International 2-Pin 22 mm, 5 m.",Match both generator-side and instrument-side connector standards and the current ERBE IFU; non-U.S. catalog.,Verified exact catalog entry - non-U.S. source,Hidden - non-U.S. catalog / U.S. status unverified,SRC017,"Bipolar cables, catalog p. 9",2024-05,The uploaded manufacturer catalog explicitly states it is not intended for use in the USA.,Exact catalog entry retained as a non-U.S. reference.,"{""length_m"":5,""generator_connector"":""International 2-pin 22 mm""}"
PRD-535FE6B186,MFR-5ED32955F4,ERBE,,ERBE Electrosurgery,"Bipolar Connecting Cable, International, 4 m, for BiSect",20196-107,,,,,Therapeutic bronchoscopy,Bipolar cable,Reusable accessory,Reusable,,,,,,4 m; generator: International; instrument: BiSect,,,,,,,,Each,,"Bipolar Connecting Cable, International, 4 m, for BiSect.",Match both generator-side and instrument-side connector standards and the current ERBE IFU; non-U.S. catalog.,Verified exact catalog entry - non-U.S. source,Hidden - non-U.S. catalog / U.S. status unverified,SRC017,"Bipolar cables, catalog p. 9",2024-05,The uploaded manufacturer catalog explicitly states it is not intended for use in the USA.,Exact catalog entry retained as a non-U.S. reference.,"{""length_m"":4,""generator_connector"":""International"",""instrument"":""BiSect""}"
PRD-19D03D9B14,MFR-5ED32955F4,ERBE,,ERBE Electrosurgery,"Bipolar Connecting Cable, Martin Standard, 4 m",20196-047,,,,,Therapeutic bronchoscopy,Bipolar cable,Reusable accessory,Reusable,,,,,,4 m; generator: Martin Standard,,,,,,,,Each,,"Bipolar Connecting Cable, Martin Standard, 4 m.",Match both generator-side and instrument-side connector standards and the current ERBE IFU; non-U.S. catalog.,Verified exact catalog entry - non-U.S. source,Hidden - non-U.S. catalog / U.S. status unverified,SRC017,"Bipolar cables, catalog p. 11",2024-05,The uploaded manufacturer catalog explicitly states it is not intended for use in the USA.,Exact catalog entry retained as a non-U.S. reference.,"{""length_m"":4,""generator_connector"":""Martin Standard""}"
PRD-0A9806F6F2,MFR-5ED32955F4,ERBE,,ERBE Electrosurgery,"Bipolar Connecting Cable, Martin Standard, 5 m",20196-059,,,,,Therapeutic bronchoscopy,Bipolar cable,Reusable accessory,Reusable,,,,,,5 m; generator: Martin Standard,,,,,,,,Each,,"Bipolar Connecting Cable, Martin Standard, 5 m.",Match both generator-side and instrument-side connector standards and the current ERBE IFU; non-U.S. catalog.,Verified exact catalog entry - non-U.S. source,Hidden - non-U.S. catalog / U.S. status unverified,SRC017,"Bipolar cables, catalog p. 11",2024-05,The uploaded manufacturer catalog explicitly states it is not intended for use in the USA.,Exact catalog entry retained as a non-U.S. reference.,"{""length_m"":5,""generator_connector"":""Martin Standard""}"
PRD-9CAAE08C97,MFR-5ED32955F4,ERBE,,ERBE Electrosurgery,"Bipolar Connecting Cable, Olympus MF-U, 4.5 m",21196-115,,,,,Therapeutic bronchoscopy,Bipolar cable,Reusable accessory,Reusable,,,,,,4.5 m; instrument: Olympus MF-U,,,,,,,,Each,,"Bipolar Connecting Cable, Olympus MF-U, 4.5 m.",Match both generator-side and instrument-side connector standards and the current ERBE IFU; non-U.S. catalog.,Verified exact catalog entry - non-U.S. source,Hidden - non-U.S. catalog / U.S. status unverified,SRC017,"Bipolar cables, catalog p. 12",2024-05,The uploaded manufacturer catalog explicitly states it is not intended for use in the USA.,Exact catalog entry retained as a non-U.S. reference.,"{""length_m"":4.5,""instrument"":""Olympus MF-U""}"
PRD-E94BC99DC8,MFR-5ED32955F4,ERBE,,ERBE Electrosurgery,"Bipolar Connecting Cable, Olympus Resectoscope MF, 4 m",20196-115,,,,,Therapeutic bronchoscopy,Bipolar cable,Reusable accessory,Reusable,,,,,,4 m; instrument: Olympus resectoscope MF,,,,,,,,Each,,"Bipolar Connecting Cable, Olympus Resectoscope MF, 4 m.",Match both generator-side and instrument-side connector standards and the current ERBE IFU; non-U.S. catalog.,Verified exact catalog entry - non-U.S. source,Hidden - non-U.S. catalog / U.S. status unverified,SRC017,"Bipolar cables, catalog p. 11",2024-05,The uploaded manufacturer catalog explicitly states it is not intended for use in the USA.,Exact catalog entry retained as a non-U.S. reference.,"{""length_m"":4,""instrument"":""Olympus resectoscope MF""}"
PRD-C47EB33229,MFR-5ED32955F4,ERBE,,ERBE Electrosurgery,"Bipolar Connecting Cable, Standard, 4 m, 2-Pin Connection",20196-121,,,,,Therapeutic bronchoscopy,Bipolar cable,Reusable accessory,Reusable,,,,,,4 m; generator: VIO/ICC/ACC T-Series Standard; instrument: 2-pin,,,,,,,,Each,,"Bipolar Connecting Cable, Standard, 4 m, 2-Pin Connection.",Match both generator-side and instrument-side connector standards and the current ERBE IFU; non-U.S. catalog.,Verified exact catalog entry - non-U.S. source,Hidden - non-U.S. catalog / U.S. status unverified,SRC017,"Bipolar cables, catalog p. 8",2024-05,The uploaded manufacturer catalog explicitly states it is not intended for use in the USA.,Exact catalog entry retained as a non-U.S. reference.,"{""length_m"":4,""generator_connector"":""VIO/ICC/ACC T-Series Standard"",""instrument_connector"":""2-pin""}"
PRD-1DDAD96A7B,MFR-5ED32955F4,ERBE,,ERBE Electrosurgery,"Bipolar Connecting Cable, Standard, 4 m, for BiSect Scissors",20196-106,,,,,Therapeutic bronchoscopy,Bipolar cable,Reusable accessory,Reusable,,,,,,4 m; generator: VIO/ICC/ACC T-Series Standard; instrument: BiSect bipolar scissors,,,,,,,,Each,,"Bipolar Connecting Cable, Standard, 4 m, for BiSect Scissors.",Match both generator-side and instrument-side connector standards and the current ERBE IFU; non-U.S. catalog.,Verified exact catalog entry - non-U.S. source,Hidden - non-U.S. catalog / U.S. status unverified,SRC017,"Bipolar cables, catalog p. 8",2024-05,The uploaded manufacturer catalog explicitly states it is not intended for use in the USA.,Exact catalog entry retained as a non-U.S. reference.,"{""length_m"":4,""generator_connector"":""VIO/ICC/ACC T-Series Standard"",""instrument"":""BiSect bipolar scissors""}"
PRD-77DCFC650E,MFR-5ED32955F4,ERBE,,ERBE Electrosurgery,"Bipolar Connecting Cable, Standard, 4 m, for da Vinci Instruments",20196-130,,,,,Therapeutic bronchoscopy,Bipolar cable,Reusable accessory,Reusable,,,,,,4 m; generator: VIO/ICC/ACC T-Series Standard; instrument: da Vinci,,,,,,,,Each,,"Bipolar Connecting Cable, Standard, 4 m, for da Vinci Instruments.",Match both generator-side and instrument-side connector standards and the current ERBE IFU; non-U.S. catalog.,Verified exact catalog entry - non-U.S. source,Hidden - non-U.S. catalog / U.S. status unverified,SRC017,"Bipolar cables, catalog p. 9",2024-05,The uploaded manufacturer catalog explicitly states it is not intended for use in the USA.,Exact catalog entry retained as a non-U.S. reference.,"{""length_m"":4,""generator_connector"":""VIO/ICC/ACC T-Series Standard"",""instrument"":""da Vinci""}"
PRD-A24DAA76C6,MFR-5ED32955F4,ERBE,,ERBE Electrosurgery,"Bipolar Connecting Cable, Standard, 4 m, for Fixation Forceps",20196-048,,,,,Therapeutic bronchoscopy,Bipolar cable,Reusable accessory,Reusable,,,,,,4 m; generator: VIO/ICC/ACC T-Series Standard; instrument: ERBE/STORZ fixation forceps,,,,,,,,Each,,"Bipolar Connecting Cable, Standard, 4 m, for Fixation Forceps.",Match both generator-side and instrument-side connector standards and the current ERBE IFU; non-U.S. catalog.,Verified exact catalog entry - non-U.S. source,Hidden - non-U.S. catalog / U.S. status unverified,SRC017,"Bipolar cables, catalog p. 8",2024-05,The uploaded manufacturer catalog explicitly states it is not intended for use in the USA.,Exact catalog entry retained as a non-U.S. reference.,"{""length_m"":4,""generator_connector"":""VIO/ICC/ACC T-Series Standard"",""instrument"":""ERBE/STORZ fixation forceps""}"
PRD-E27A6FA17A,MFR-5ED32955F4,ERBE,,ERBE Electrosurgery,"Bipolar Connecting Cable, Standard, 5 m, for Fixation Forceps",20196-060,,,,,Therapeutic bronchoscopy,Bipolar cable,Reusable accessory,Reusable,,,,,,5 m; generator: VIO/ICC/ACC T-Series Standard; instrument: ERBE/STORZ fixation forceps,,,,,,,,Each,,"Bipolar Connecting Cable, Standard, 5 m, for Fixation Forceps.",Match both generator-side and instrument-side connector standards and the current ERBE IFU; non-U.S. catalog.,Verified exact catalog entry - non-U.S. source,Hidden - non-U.S. catalog / U.S. status unverified,SRC017,"Bipolar cables, catalog p. 8",2024-05,The uploaded manufacturer catalog explicitly states it is not intended for use in the USA.,Exact catalog entry retained as a non-U.S. reference.,"{""length_m"":5,""generator_connector"":""VIO/ICC/ACC T-Series Standard"",""instrument"":""ERBE/STORZ fixation forceps""}"
PRD-1062EA74E3,MFR-5ED32955F4,ERBE,,ERBE Electrosurgery,"Bipolar Connecting Cable, STORZ MF, 4 m",20196-118,,,,,Therapeutic bronchoscopy,Bipolar cable,Reusable accessory,Reusable,,,,,,4 m; instrument: STORZ MF,,,,,,,,Each,,"Bipolar Connecting Cable, STORZ MF, 4 m.",Match both generator-side and instrument-side connector standards and the current ERBE IFU; non-U.S. catalog.,Verified exact catalog entry - non-U.S. source,Hidden - non-U.S. catalog / U.S. status unverified,SRC017,"Bipolar cables, catalog p. 11",2024-05,The uploaded manufacturer catalog explicitly states it is not intended for use in the USA.,Exact catalog entry retained as a non-U.S. reference.,"{""length_m"":4,""instrument"":""STORZ MF""}"
PRD-5CD3FA131B,MFR-5ED32955F4,ERBE,,ERBE Electrosurgery,"Bipolar Connecting Cable, STORZ MF-U, 4.5 m",21196-118,,,,,Therapeutic bronchoscopy,Bipolar cable,Reusable accessory,Reusable,,,,,,4.5 m; instrument: STORZ MF-U,,,,,,,,Each,,"Bipolar Connecting Cable, STORZ MF-U, 4.5 m.",Match both generator-side and instrument-side connector standards and the current ERBE IFU; non-U.S. catalog.,Verified exact catalog entry - non-U.S. source,Hidden - non-U.S. catalog / U.S. status unverified,SRC017,"Bipolar cables, catalog p. 12",2024-05,The uploaded manufacturer catalog explicitly states it is not intended for use in the USA.,Exact catalog entry retained as a non-U.S. reference.,"{""length_m"":4.5,""instrument"":""STORZ MF-U""}"
PRD-4896D3D636,MFR-5ED32955F4,ERBE,,ERBE Electrosurgery,"Bipolar Connecting Cable, Valleylab 2-Pin 28 mm, 4 m, 2-Pin Forceps",20196-127,,,,,Therapeutic bronchoscopy,Bipolar cable,Reusable accessory,Reusable,,,,,,4 m; generator: Valleylab 2-pin 28 mm; instrument: 2-pin forceps,,,,,,,,Each,,"Bipolar Connecting Cable, Valleylab 2-Pin 28 mm, 4 m, 2-Pin Forceps.",Match both generator-side and instrument-side connector standards and the current ERBE IFU; non-U.S. catalog.,Verified exact catalog entry - non-U.S. source,Hidden - non-U.S. catalog / U.S. status unverified,SRC017,"Bipolar cables, catalog p. 10",2024-05,The uploaded manufacturer catalog explicitly states it is not intended for use in the USA.,Exact catalog entry retained as a non-U.S. reference.,"{""length_m"":4,""generator_connector"":""Valleylab 2-pin 28 mm"",""instrument_connector"":""2-pin forceps""}"
PRD-486F6703A9,MFR-5ED32955F4,ERBE,,ERBE Electrosurgery,"Bipolar Connecting Cable, Valleylab 2-Pin 28 mm, 4 m, European Flat Plug",20196-055,,,,,Therapeutic bronchoscopy,Bipolar cable,Reusable accessory,Reusable,,,,,,4 m; generator: Valleylab 2-pin 28 mm; instrument: European flat plug,,,,,,,,Each,,"Bipolar Connecting Cable, Valleylab 2-Pin 28 mm, 4 m, European Flat Plug.",Match both generator-side and instrument-side connector standards and the current ERBE IFU; non-U.S. catalog.,Verified exact catalog entry - non-U.S. source,Hidden - non-U.S. catalog / U.S. status unverified,SRC017,"Bipolar cables, catalog p. 10",2024-05,The uploaded manufacturer catalog explicitly states it is not intended for use in the USA.,Exact catalog entry retained as a non-U.S. reference.,"{""length_m"":4,""generator_connector"":""Valleylab 2-pin 28 mm"",""instrument_connector"":""European flat plug""}"
PRD-0C7A44B87D,MFR-5ED32955F4,ERBE,,ERBE Electrosurgery,"Bipolar Connecting Cable, Valleylab 2-Pin 28 mm, 4 m, for da Vinci",20196-129,,,,,Therapeutic bronchoscopy,Bipolar cable,Reusable accessory,Reusable,,,,,,4 m; generator: Valleylab 2-pin 28 mm; instrument: da Vinci,,,,,,,,Each,,"Bipolar Connecting Cable, Valleylab 2-Pin 28 mm, 4 m, for da Vinci.",Match both generator-side and instrument-side connector standards and the current ERBE IFU; non-U.S. catalog.,Verified exact catalog entry - non-U.S. source,Hidden - non-U.S. catalog / U.S. status unverified,SRC017,"Bipolar cables, catalog p. 10",2024-05,The uploaded manufacturer catalog explicitly states it is not intended for use in the USA.,Exact catalog entry retained as a non-U.S. reference.,"{""length_m"":4,""generator_connector"":""Valleylab 2-pin 28 mm"",""instrument"":""da Vinci""}"
PRD-BCD783DD13,MFR-5ED32955F4,ERBE,,ERBE Electrosurgery,"Bipolar Connecting Cable, VIO/ICC/ACC T-Series Standard, 4 m, European Flat Plug",20196-045,,,,,Therapeutic bronchoscopy,Bipolar cable,Reusable accessory,Reusable,,,,,,4 m; generator: VIO/ICC/ACC T-Series Standard; instrument: European flat plug,,,,,,,,Each,,"Bipolar Connecting Cable, VIO/ICC/ACC T-Series Standard, 4 m, European Flat Plug.",Match both generator-side and instrument-side connector standards and the current ERBE IFU; non-U.S. catalog.,Verified exact catalog entry - non-U.S. source,Hidden - non-U.S. catalog / U.S. status unverified,SRC017,"Bipolar cables, catalog p. 8",2024-05,The uploaded manufacturer catalog explicitly states it is not intended for use in the USA.,Exact catalog entry retained as a non-U.S. reference.,"{""length_m"":4,""generator_connector"":""VIO/ICC/ACC T-Series Standard"",""instrument_connector"":""European flat plug""}"
PRD-57A313D4DB,MFR-5ED32955F4,ERBE,,ERBE Electrosurgery,"Bipolar Connecting Cable, VIO/ICC/ACC T-Series Standard, 5 m, European Flat Plug",20196-057,,,,,Therapeutic bronchoscopy,Bipolar cable,Reusable accessory,Reusable,,,,,,5 m; generator: VIO/ICC/ACC T-Series Standard; instrument: European flat plug,,,,,,,,Each,,"Bipolar Connecting Cable, VIO/ICC/ACC T-Series Standard, 5 m, European Flat Plug.",Match both generator-side and instrument-side connector standards and the current ERBE IFU; non-U.S. catalog.,Verified exact catalog entry - non-U.S. source,Hidden - non-U.S. catalog / U.S. status unverified,SRC017,"Bipolar cables, catalog p. 8",2024-05,The uploaded manufacturer catalog explicitly states it is not intended for use in the USA.,Exact catalog entry retained as a non-U.S. reference.,"{""length_m"":5,""generator_connector"":""VIO/ICC/ACC T-Series Standard"",""instrument_connector"":""European flat plug""}"
PRD-E0E5A0320D,MFR-5ED32955F4,ERBE,,ERBE Electrosurgery,"Bipolar Connecting Cable, WOLF MF, 4 m",20196-119,,,,,Therapeutic bronchoscopy,Bipolar cable,Reusable accessory,Reusable,,,,,,4 m; instrument: WOLF MF,,,,,,,,Each,,"Bipolar Connecting Cable, WOLF MF, 4 m.",Match both generator-side and instrument-side connector standards and the current ERBE IFU; non-U.S. catalog.,Verified exact catalog entry - non-U.S. source,Hidden - non-U.S. catalog / U.S. status unverified,SRC017,"Bipolar cables, catalog p. 11",2024-05,The uploaded manufacturer catalog explicitly states it is not intended for use in the USA.,Exact catalog entry retained as a non-U.S. reference.,"{""length_m"":4,""instrument"":""WOLF MF""}"
PRD-55D98AAFB1,MFR-5ED32955F4,ERBE,,ERBE Electrosurgery,"Bipolar Connecting Cable, WOLF MF-U, 4.5 m",21196-119,,,,,Therapeutic bronchoscopy,Bipolar cable,Reusable accessory,Reusable,,,,,,4.5 m; instrument: WOLF MF-U,,,,,,,,Each,,"Bipolar Connecting Cable, WOLF MF-U, 4.5 m.",Match both generator-side and instrument-side connector standards and the current ERBE IFU; non-U.S. catalog.,Verified exact catalog entry - non-U.S. source,Hidden - non-U.S. catalog / U.S. status unverified,SRC017,"Bipolar cables, catalog p. 12",2024-05,The uploaded manufacturer catalog explicitly states it is not intended for use in the USA.,Exact catalog entry retained as a non-U.S. reference.,"{""length_m"":4.5,""instrument"":""WOLF MF-U""}"
PRD-40F9EDE43C,MFR-5ED32955F4,ERBE,,ERBE Electrosurgery,"Fastening Set for ERBE Adapter 20183-100/101, VIO 300 D",20183-102,,,,,Therapeutic bronchoscopy,Adapter accessory,Reusable accessory,Reusable,,,,,,platform: VIO 300 D,,,,,,,,Each,,"Fastening Set for ERBE Adapter 20183-100/101, VIO 300 D.",Match both generator-side and instrument-side connector standards and the current ERBE IFU; non-U.S. catalog.,Verified exact catalog entry - non-U.S. source,Hidden - non-U.S. catalog / U.S. status unverified,SRC017,"Bipolar adapters, catalog p. 17",2024-05,The uploaded manufacturer catalog explicitly states it is not intended for use in the USA.,Exact catalog entry retained as a non-U.S. reference.,"{""platform"":""VIO 300 D"",""compatible_adapters"":[""20183-100"",""20183-101""]}"
PRD-6DF43B832B,MFR-5ED32955F4,ERBE,,ERBE Electrosurgery,"Fastening Set for ERBE Adapter 20183-101, VIO 3",20183-103,,,,,Therapeutic bronchoscopy,Adapter accessory,Reusable accessory,Reusable,,,,,,platform: VIO 3,,,,,,,,Each,,"Fastening Set for ERBE Adapter 20183-101, VIO 3.",Match both generator-side and instrument-side connector standards and the current ERBE IFU; non-U.S. catalog.,Verified exact catalog entry - non-U.S. source,Hidden - non-U.S. catalog / U.S. status unverified,SRC017,"Bipolar adapters, catalog p. 17",2024-05,The uploaded manufacturer catalog explicitly states it is not intended for use in the USA.,Exact catalog entry retained as a non-U.S. reference.,"{""platform"":""VIO 3"",""compatible_adapter"":""20183-101""}"
PRD-9349B7D1F6,MFR-5ED32955F4,ERBE,,ERBE Electrosurgery,Irrigation Adapter for APC Applicators,20132-095,,,,,Therapeutic bronchoscopy,Irrigation adapter,Reusable accessory,Reusable,,,,,,instrument: APC applicators,,,,,,,,Each,,Irrigation Adapter for APC Applicators.,Match both generator-side and instrument-side connector standards and the current ERBE IFU; non-U.S. catalog.,Verified exact catalog entry - non-U.S. source,Hidden - non-U.S. catalog / U.S. status unverified,SRC017,"Irrigation adapters, catalog p. 19",2024-05,The uploaded manufacturer catalog explicitly states it is not intended for use in the USA.,Exact catalog entry retained as a non-U.S. reference.,"{""instrument"":""APC applicators"",""compatible_cable"":""20132-046""}"
PRD-456C006CCE,MFR-5ED32955F4,ERBE,,ERBE Electrosurgery,Irrigation Adapter for APC Applicators with Handles,20132-087,,,,,Therapeutic bronchoscopy,Irrigation adapter,Reusable accessory,Reusable,,,,,,instrument: APC applicators with handles,,,,,,,,Each,,Irrigation Adapter for APC Applicators with Handles.,Match both generator-side and instrument-side connector standards and the current ERBE IFU; non-U.S. catalog.,Verified exact catalog entry - non-U.S. source,Hidden - non-U.S. catalog / U.S. status unverified,SRC017,"Irrigation adapters, catalog p. 19",2024-05,The uploaded manufacturer catalog explicitly states it is not intended for use in the USA.,Exact catalog entry retained as a non-U.S. reference.,"{""instrument"":""APC applicators with handles""}"
PRD-7A53694B65,MFR-5ED32955F4,ERBE,,ERBE Electrosurgery,"Irrigation Adapter for Flexible APC Probes, Luer Lock",20132-203,,,,,Therapeutic bronchoscopy,Irrigation adapter,Reusable accessory,Reusable,,,,,,connector: Luer lock; instrument: flexible APC probes,,,,,,,,Each,,"Irrigation Adapter for Flexible APC Probes, Luer Lock.",Match both generator-side and instrument-side connector standards and the current ERBE IFU; non-U.S. catalog.,Verified exact catalog entry - non-U.S. source,Hidden - non-U.S. catalog / U.S. status unverified,SRC017,"Irrigation adapters, catalog p. 19",2024-05,The uploaded manufacturer catalog explicitly states it is not intended for use in the USA.,Exact catalog entry retained as a non-U.S. reference.,"{""instrument"":""flexible APC probes"",""connector"":""Luer lock"",""compatible_cable"":""20132-158""}"
PRD-27460DB568,MFR-5ED32955F4,ERBE,,ERBE Electrosurgery,"Monopolar Adapter, Bovie Jack to 2-7 mm Instrument Connector",20183-067,,,,,Therapeutic bronchoscopy,Monopolar adapter,Reusable accessory,Reusable,,,,,,from: Bovie Jack; to: 2-7 mm,,,,,,,,Each,,"Monopolar Adapter, Bovie Jack to 2-7 mm Instrument Connector.",Match both generator-side and instrument-side connector standards and the current ERBE IFU; non-U.S. catalog.,Verified exact catalog entry - non-U.S. source,Hidden - non-U.S. catalog / U.S. status unverified,SRC017,"Monopolar adapters, catalog p. 15",2024-05,The uploaded manufacturer catalog explicitly states it is not intended for use in the USA.,Exact catalog entry retained as a non-U.S. reference.,"{""source_connector"":""Bovie Jack"",""target_connector"":""2-7 mm""}"
PRD-E5D003B78D,MFR-5ED32955F4,ERBE,,ERBE Electrosurgery,"Monopolar Adapter, Standard Socket to International 3-Pin",20183-028,,,,,Therapeutic bronchoscopy,Monopolar adapter,Reusable accessory,Reusable,,,,,,from: Standard socket; to: International 3-pin,,,,,,,,Each,,"Monopolar Adapter, Standard Socket to International 3-Pin.",Match both generator-side and instrument-side connector standards and the current ERBE IFU; non-U.S. catalog.,Verified exact catalog entry - non-U.S. source,Hidden - non-U.S. catalog / U.S. status unverified,SRC017,"Monopolar adapters, catalog p. 15",2024-05,The uploaded manufacturer catalog explicitly states it is not intended for use in the USA.,Exact catalog entry retained as a non-U.S. reference.,"{""source_connector"":""Standard socket"",""target_connector"":""International 3-pin""}"
PRD-EE226986CB,MFR-5ED32955F4,ERBE,,ERBE Electrosurgery,"Monopolar Adapter, Standard Socket to Martin",20183-047,,,,,Therapeutic bronchoscopy,Monopolar adapter,Reusable accessory,Reusable,,,,,,from: Standard socket; to: Martin,,,,,,,,Each,,"Monopolar Adapter, Standard Socket to Martin.",Match both generator-side and instrument-side connector standards and the current ERBE IFU; non-U.S. catalog.,Verified exact catalog entry - non-U.S. source,Hidden - non-U.S. catalog / U.S. status unverified,SRC017,"Monopolar adapters, catalog p. 15",2024-05,The uploaded manufacturer catalog explicitly states it is not intended for use in the USA.,Exact catalog entry retained as a non-U.S. reference.,"{""source_connector"":""Standard socket"",""target_connector"":""Martin""}"
PRD-A1BB9D424D,MFR-5ED32955F4,ERBE,,ERBE Electrosurgery,"Monopolar Connecting Cable, 3-Pin to 4 mm Pin, 4.5 m",20192-134,,,,,Therapeutic bronchoscopy,Monopolar cable,Reusable accessory,Reusable,,,,,,4.5 m; generator: 3-pin; instrument: 4 mm pin; instrument: AutoSuture/MTW,,,,,,,,Each,,"Monopolar Connecting Cable, 3-Pin to 4 mm Pin, 4.5 m.",Match both generator-side and instrument-side connector standards and the current ERBE IFU; non-U.S. catalog.,Verified exact catalog entry - non-U.S. source,Hidden - non-U.S. catalog / U.S. status unverified,SRC017,"Monopolar cables, catalog p. 5",2024-05,The uploaded manufacturer catalog explicitly states it is not intended for use in the USA.,Exact catalog entry retained as a non-U.S. reference.,"{""length_m"":4.5,""generator_connector"":""3-pin"",""instrument_connector"":""4 mm pin"",""instrument"":""AutoSuture/MTW""}"
PRD-14ED7EA20B,MFR-5ED32955F4,ERBE,,ERBE Electrosurgery,"Monopolar Connecting Cable, 3-Pin to 4 mm Socket for Needle/STORZ, 4.5 m",20192-132,,,,,Therapeutic bronchoscopy,Monopolar cable,Reusable accessory,Reusable,,,,,,4.5 m; generator: 3-pin; instrument: 4 mm socket; instrument: needle electrode 20191-152 / STORZ MIS,,,,,,,,Each,,"Monopolar Connecting Cable, 3-Pin to 4 mm Socket for Needle/STORZ, 4.5 m.",Match both generator-side and instrument-side connector standards and the current ERBE IFU; non-U.S. catalog.,Verified exact catalog entry - non-U.S. source,Hidden - non-U.S. catalog / U.S. status unverified,SRC017,"Monopolar cables, catalog p. 5",2024-05,The uploaded manufacturer catalog explicitly states it is not intended for use in the USA.,Exact catalog entry retained as a non-U.S. reference.,"{""length_m"":4.5,""generator_connector"":""3-pin"",""instrument_connector"":""4 mm socket"",""instrument"":""needle electrode 20191-152 / STORZ MIS""}"
PRD-241DE5F6DF,MFR-5ED32955F4,ERBE,,ERBE Electrosurgery,"Monopolar Connecting Cable, 3-Pin to 4 mm Socket, 4.5 m",20192-133,,,,,Therapeutic bronchoscopy,Monopolar cable,Reusable accessory,Reusable,,,,,,4.5 m; generator: 3-pin; instrument: 4 mm socket,,,,,,,,Each,,"Monopolar Connecting Cable, 3-Pin to 4 mm Socket, 4.5 m.",Match both generator-side and instrument-side connector standards and the current ERBE IFU; non-U.S. catalog.,Verified exact catalog entry - non-U.S. source,Hidden - non-U.S. catalog / U.S. status unverified,SRC017,"Monopolar cables, catalog p. 5",2024-05,The uploaded manufacturer catalog explicitly states it is not intended for use in the USA.,Exact catalog entry retained as a non-U.S. reference.,"{""length_m"":4.5,""generator_connector"":""3-pin"",""instrument_connector"":""4 mm socket""}"
PRD-D063F090C6,MFR-5ED32955F4,ERBE,,ERBE Electrosurgery,"Monopolar Connecting Cable, 3-Pin to Olympus 3 mm Socket, 4.5 m",20192-135,,,,,Therapeutic bronchoscopy,Monopolar cable,Reusable accessory,Reusable,,,,,,4.5 m; generator: 3-pin; instrument: 3 mm; instrument: Olympus snares,,,,,,,,Each,,"Monopolar Connecting Cable, 3-Pin to Olympus 3 mm Socket, 4.5 m.",Match both generator-side and instrument-side connector standards and the current ERBE IFU; non-U.S. catalog.,Verified exact catalog entry - non-U.S. source,Hidden - non-U.S. catalog / U.S. status unverified,SRC017,"Monopolar cables, catalog p. 5",2024-05,The uploaded manufacturer catalog explicitly states it is not intended for use in the USA.,Exact catalog entry retained as a non-U.S. reference.,"{""length_m"":4.5,""generator_connector"":""3-pin"",""instrument_connector"":""3 mm"",""instrument"":""Olympus snares""}"
PRD-E91AF4A4B3,MFR-5ED32955F4,ERBE,,ERBE Electrosurgery,"Monopolar Connecting Cable, Bovie Jack 8 mm to 4 mm, 4 m",20192-113,,,,,Therapeutic bronchoscopy,Monopolar cable,Reusable accessory,Reusable,,,,,,4 m; generator: VIO/ICC/ACC International 8 mm Bovie Jack; instrument: 4 mm,,,,,,,,Each,,"Monopolar Connecting Cable, Bovie Jack 8 mm to 4 mm, 4 m.",Match both generator-side and instrument-side connector standards and the current ERBE IFU; non-U.S. catalog.,Verified exact catalog entry - non-U.S. source,Hidden - non-U.S. catalog / U.S. status unverified,SRC017,"Monopolar cables, catalog p. 5",2024-05,The uploaded manufacturer catalog explicitly states it is not intended for use in the USA.,Exact catalog entry retained as a non-U.S. reference.,"{""length_m"":4,""generator_connector"":""VIO/ICC/ACC International 8 mm Bovie Jack"",""instrument_connector"":""4 mm""}"
PRD-D41DE241C1,MFR-5ED32955F4,ERBE,,ERBE Electrosurgery,"Monopolar Connecting Cable, Bovie Jack 8 mm to Olympus 3 mm, 4 m",20192-117,,,,,Therapeutic bronchoscopy,Monopolar cable,Reusable accessory,Reusable,,,,,,4 m; generator: VIO/ICC/ACC International 8 mm Bovie Jack; instrument: 3 mm; instrument: Olympus snares,,,,,,,,Each,,"Monopolar Connecting Cable, Bovie Jack 8 mm to Olympus 3 mm, 4 m.",Match both generator-side and instrument-side connector standards and the current ERBE IFU; non-U.S. catalog.,Verified exact catalog entry - non-U.S. source,Hidden - non-U.S. catalog / U.S. status unverified,SRC017,"Monopolar cables, catalog p. 5",2024-05,The uploaded manufacturer catalog explicitly states it is not intended for use in the USA.,Exact catalog entry retained as a non-U.S. reference.,"{""length_m"":4,""generator_connector"":""VIO/ICC/ACC International 8 mm Bovie Jack"",""instrument_connector"":""3 mm"",""instrument"":""Olympus snares""}"
PRD-24DF8E0987,MFR-5ED32955F4,ERBE,,ERBE Electrosurgery,"Monopolar Connecting Cable, Martin Standard, 4 m, for Pencil/Hook",20192-099,,,,,Therapeutic bronchoscopy,Monopolar cable,Reusable accessory,Reusable,,,,,,4 m; generator: Martin Standard; instrument: electrosurgical pencil 20190-045 / hook 20191-179,,,,,,,,Each,,"Monopolar Connecting Cable, Martin Standard, 4 m, for Pencil/Hook.",Match both generator-side and instrument-side connector standards and the current ERBE IFU; non-U.S. catalog.,Verified exact catalog entry - non-U.S. source,Hidden - non-U.S. catalog / U.S. status unverified,SRC017,"Monopolar cables, catalog p. 6",2024-05,The uploaded manufacturer catalog explicitly states it is not intended for use in the USA.,Exact catalog entry retained as a non-U.S. reference.,"{""length_m"":4,""generator_connector"":""Martin Standard"",""instrument"":""electrosurgical pencil 20190-045 / hook 20191-179""}"
PRD-95ADE8F814,MFR-5ED32955F4,ERBE,,ERBE Electrosurgery,"Monopolar Connecting Cable, Standard, 4 m, 4 mm Socket for Needle/STORZ",20192-101,,,,,Therapeutic bronchoscopy,Monopolar cable,Reusable accessory,Reusable,,,,,,4 m; generator: VIO/ICC/ACC Standard; instrument: 4 mm socket; instrument: needle electrode 20191-152 / STORZ MIS,,,,,,,,Each,,"Monopolar Connecting Cable, Standard, 4 m, 4 mm Socket for Needle/STORZ.",Match both generator-side and instrument-side connector standards and the current ERBE IFU; non-U.S. catalog.,Verified exact catalog entry - non-U.S. source,Hidden - non-U.S. catalog / U.S. status unverified,SRC017,"Monopolar cables, catalog p. 4",2024-05,The uploaded manufacturer catalog explicitly states it is not intended for use in the USA.,Exact catalog entry retained as a non-U.S. reference.,"{""length_m"":4,""generator_connector"":""VIO/ICC/ACC Standard"",""instrument_connector"":""4 mm socket"",""instrument"":""needle electrode 20191-152 / STORZ MIS""}"
PRD-F9C809D277,MFR-5ED32955F4,ERBE,,ERBE Electrosurgery,"Monopolar Connecting Cable, Standard, 4 m, for CUT/COAG 4 mm Instruments",20192-104,,,,,Therapeutic bronchoscopy,Monopolar cable,Reusable accessory,Reusable,,,,,,4 m; generator: VIO/ICC/ACC Standard; instrument: 4 mm,,,,,,,,Each,,"Monopolar Connecting Cable, Standard, 4 m, for CUT/COAG 4 mm Instruments.",Match both generator-side and instrument-side connector standards and the current ERBE IFU; non-U.S. catalog.,Verified exact catalog entry - non-U.S. source,Hidden - non-U.S. catalog / U.S. status unverified,SRC017,"Monopolar cables, catalog p. 4",2024-05,The uploaded manufacturer catalog explicitly states it is not intended for use in the USA.,Exact catalog entry retained as a non-U.S. reference.,"{""length_m"":4,""generator_connector"":""VIO/ICC/ACC Standard"",""instrument_connector"":""4 mm""}"
PRD-DA3218ED45,MFR-5ED32955F4,ERBE,,ERBE Electrosurgery,"Monopolar Connecting Cable, Standard, 4 m, for Olympus 3 mm Snares",20192-119,,,,,Therapeutic bronchoscopy,Monopolar cable,Reusable accessory,Reusable,,,,,,4 m; generator: VIO/ICC/ACC Standard; instrument: 3 mm; instrument: Olympus polypectomy snares,,,,,,,,Each,,"Monopolar Connecting Cable, Standard, 4 m, for Olympus 3 mm Snares.",Match both generator-side and instrument-side connector standards and the current ERBE IFU; non-U.S. catalog.,Verified exact catalog entry - non-U.S. source,Hidden - non-U.S. catalog / U.S. status unverified,SRC017,"Monopolar cables, catalog p. 4",2024-05,The uploaded manufacturer catalog explicitly states it is not intended for use in the USA.,Exact catalog entry retained as a non-U.S. reference.,"{""length_m"":4,""generator_connector"":""VIO/ICC/ACC Standard"",""instrument_connector"":""3 mm"",""instrument"":""Olympus polypectomy snares""}"
PRD-BBCDFBC541,MFR-5ED32955F4,ERBE,,ERBE Electrosurgery,"Monopolar Connecting Cable, Standard, 4 m, for Suction Coagulation Electrode",20192-097,,,,,Therapeutic bronchoscopy,Monopolar cable,Reusable accessory,Reusable,,,,,,4 m; generator: VIO/ICC/ACC Standard; instrument: internal 4 mm pin; instrument: suction coagulation electrode 20191-136,,,,,,,,Each,,"Monopolar Connecting Cable, Standard, 4 m, for Suction Coagulation Electrode.",Match both generator-side and instrument-side connector standards and the current ERBE IFU; non-U.S. catalog.,Verified exact catalog entry - non-U.S. source,Hidden - non-U.S. catalog / U.S. status unverified,SRC017,"Monopolar cables, catalog p. 4",2024-05,The uploaded manufacturer catalog explicitly states it is not intended for use in the USA.,Exact catalog entry retained as a non-U.S. reference.,"{""length_m"":4,""generator_connector"":""VIO/ICC/ACC Standard"",""instrument_connector"":""internal 4 mm pin"",""instrument"":""suction coagulation electrode 20191-136""}"
PRD-CB585AE377,MFR-5ED32955F4,ERBE,,ERBE Electrosurgery,"Monopolar Connecting Cable, VIO/ICC/ACC International, 4 m, for Pencil/Hook",20192-110,,,,,Therapeutic bronchoscopy,Monopolar cable,Reusable accessory,Reusable,,,,,,4 m; generator: VIO/ICC/ACC International; instrument: electrosurgical pencil 20190-045 / hook 20191-179,,,,,,,,Each,,"Monopolar Connecting Cable, VIO/ICC/ACC International, 4 m, for Pencil/Hook.",Match both generator-side and instrument-side connector standards and the current ERBE IFU; non-U.S. catalog.,Verified exact catalog entry - non-U.S. source,Hidden - non-U.S. catalog / U.S. status unverified,SRC017,"Monopolar cables, catalog p. 6",2024-05,The uploaded manufacturer catalog explicitly states it is not intended for use in the USA.,Exact catalog entry retained as a non-U.S. reference.,"{""length_m"":4,""generator_connector"":""VIO/ICC/ACC International"",""instrument"":""electrosurgical pencil 20190-045 / hook 20191-179""}"
PRD-D85D52F0CD,MFR-5ED32955F4,ERBE,,ERBE Electrosurgery,"Monopolar Connecting Cable, VIO/ICC/ACC, Standard, 4 m, for Pencil/Hook",20192-127,,,,,Therapeutic bronchoscopy,Monopolar cable,Reusable accessory,Reusable,,,,,,4 m; generator: VIO/ICC/ACC Standard; instrument: electrosurgical pencil 20190-045 / hook 20191-179,,,,,,,,Each,,"Monopolar Connecting Cable, VIO/ICC/ACC, Standard, 4 m, for Pencil/Hook.",Match both generator-side and instrument-side connector standards and the current ERBE IFU; non-U.S. catalog.,Verified exact catalog entry - non-U.S. source,Hidden - non-U.S. catalog / U.S. status unverified,SRC017,"Monopolar cables, catalog p. 4",2024-05,The uploaded manufacturer catalog explicitly states it is not intended for use in the USA.,Exact catalog entry retained as a non-U.S. reference.,"{""length_m"":4,""generator_connector"":""VIO/ICC/ACC Standard"",""instrument"":""electrosurgical pencil 20190-045 / hook 20191-179""}"
PRD-27BD1F9DB6,MFR-5ED32955F4,ERBE,,ERBE Electrosurgery,"Monopolar Connecting Cable, VIO/ICC/ACC, Standard, 5 m, for Pencil/Hook",20192-094,,,,,Therapeutic bronchoscopy,Monopolar cable,Reusable accessory,Reusable,,,,,,5 m; generator: VIO/ICC/ACC Standard; instrument: electrosurgical pencil 20190-045 / hook 20191-179,,,,,,,,Each,,"Monopolar Connecting Cable, VIO/ICC/ACC, Standard, 5 m, for Pencil/Hook.",Match both generator-side and instrument-side connector standards and the current ERBE IFU; non-U.S. catalog.,Verified exact catalog entry - non-U.S. source,Hidden - non-U.S. catalog / U.S. status unverified,SRC017,"Monopolar cables, catalog p. 4",2024-05,The uploaded manufacturer catalog explicitly states it is not intended for use in the USA.,Exact catalog entry retained as a non-U.S. reference.,"{""length_m"":5,""generator_connector"":""VIO/ICC/ACC Standard"",""instrument"":""electrosurgical pencil 20190-045 / hook 20191-179""}"
PRD-71FB94BD46,MFR-5ED32955F4,ERBE,,ERBE Electrosurgery,"Return-Electrode Connecting Cable, International, 4 m, Silicone",20194-075,,,,,Therapeutic bronchoscopy,Return-electrode cable,Reusable accessory,Reusable,,,,,,4 m; generator: International,,,,,,,,Each,,"Return-Electrode Connecting Cable, International, 4 m, Silicone.",Match both generator-side and instrument-side connector standards and the current ERBE IFU; non-U.S. catalog.,Verified exact catalog entry - non-U.S. source,Hidden - non-U.S. catalog / U.S. status unverified,SRC017,"Return-electrode cables, catalog p. 13",2024-05,The uploaded manufacturer catalog explicitly states it is not intended for use in the USA.,Exact catalog entry retained as a non-U.S. reference.,"{""length_m"":4,""generator_connector"":""International"",""material"":""silicone""}"
PRD-415D12A635,MFR-5ED32955F4,ERBE,,ERBE Electrosurgery,"Return-Electrode Connecting Cable, International, 4 m, Single-Contact Electrode",20194-079,,,,,Therapeutic bronchoscopy,Return-electrode cable,Reusable accessory,Reusable,,,,,,4 m; generator: International,,,,,,,,Each,,"Return-Electrode Connecting Cable, International, 4 m, Single-Contact Electrode.",Match both generator-side and instrument-side connector standards and the current ERBE IFU; non-U.S. catalog.,Verified exact catalog entry - non-U.S. source,Hidden - non-U.S. catalog / U.S. status unverified,SRC017,"Return-electrode cables, catalog p. 14",2024-05,The uploaded manufacturer catalog explicitly states it is not intended for use in the USA.,Exact catalog entry retained as a non-U.S. reference.,"{""length_m"":4,""generator_connector"":""International"",""electrode"":""single contact, non-ERBE""}"
PRD-4D06DCE96B,MFR-5ED32955F4,ERBE,,ERBE Electrosurgery,"Return-Electrode Connecting Cable, International, 4 m, Split-Contact Electrode",20194-080,,,,,Therapeutic bronchoscopy,Return-electrode cable,Reusable accessory,Reusable,,,,,,4 m; generator: International,,,,,,,,Each,,"Return-Electrode Connecting Cable, International, 4 m, Split-Contact Electrode.",Match both generator-side and instrument-side connector standards and the current ERBE IFU; non-U.S. catalog.,Verified exact catalog entry - non-U.S. source,Hidden - non-U.S. catalog / U.S. status unverified,SRC017,"Return-electrode cables, catalog p. 14",2024-05,The uploaded manufacturer catalog explicitly states it is not intended for use in the USA.,Exact catalog entry retained as a non-U.S. reference.,"{""length_m"":4,""generator_connector"":""International"",""electrode"":""split contact, non-ERBE""}"
PRD-27BE0EC96A,MFR-5ED32955F4,ERBE,,ERBE Electrosurgery,"Return-Electrode Connecting Cable, International, 5 m, Silicone",20194-089,,,,,Therapeutic bronchoscopy,Return-electrode cable,Reusable accessory,Reusable,,,,,,5 m; generator: International,,,,,,,,Each,,"Return-Electrode Connecting Cable, International, 5 m, Silicone.",Match both generator-side and instrument-side connector standards and the current ERBE IFU; non-U.S. catalog.,Verified exact catalog entry - non-U.S. source,Hidden - non-U.S. catalog / U.S. status unverified,SRC017,"Return-electrode cables, catalog p. 13",2024-05,The uploaded manufacturer catalog explicitly states it is not intended for use in the USA.,Exact catalog entry retained as a non-U.S. reference.,"{""length_m"":5,""generator_connector"":""International"",""material"":""silicone""}"
PRD-8905E9BA40,MFR-5ED32955F4,ERBE,,ERBE Electrosurgery,"Return-Electrode Connecting Cable, International, 5 m, Single-Contact Electrode",20194-086,,,,,Therapeutic bronchoscopy,Return-electrode cable,Reusable accessory,Reusable,,,,,,5 m; generator: International,,,,,,,,Each,,"Return-Electrode Connecting Cable, International, 5 m, Single-Contact Electrode.",Match both generator-side and instrument-side connector standards and the current ERBE IFU; non-U.S. catalog.,Verified exact catalog entry - non-U.S. source,Hidden - non-U.S. catalog / U.S. status unverified,SRC017,"Return-electrode cables, catalog p. 14",2024-05,The uploaded manufacturer catalog explicitly states it is not intended for use in the USA.,Exact catalog entry retained as a non-U.S. reference.,"{""length_m"":5,""generator_connector"":""International"",""electrode"":""single contact, non-ERBE""}"
PRD-E060DC2383,MFR-5ED32955F4,ERBE,,ERBE Electrosurgery,"Return-Electrode Connecting Cable, International, 5 m, Split-Contact Electrode",20194-087,,,,,Therapeutic bronchoscopy,Return-electrode cable,Reusable accessory,Reusable,,,,,,5 m; generator: International,,,,,,,,Each,,"Return-Electrode Connecting Cable, International, 5 m, Split-Contact Electrode.",Match both generator-side and instrument-side connector standards and the current ERBE IFU; non-U.S. catalog.,Verified exact catalog entry - non-U.S. source,Hidden - non-U.S. catalog / U.S. status unverified,SRC017,"Return-electrode cables, catalog p. 14",2024-05,The uploaded manufacturer catalog explicitly states it is not intended for use in the USA.,Exact catalog entry retained as a non-U.S. reference.,"{""length_m"":5,""generator_connector"":""International"",""electrode"":""split contact, non-ERBE""}"
PRD-CDCBBB4171,MFR-5ED32955F4,ERBE,,ERBE Electrosurgery,"Return-Electrode Connecting Cable, Standard, 4 m, Contact Stud",20194-077,,,,,Therapeutic bronchoscopy,Return-electrode cable,Reusable accessory,Reusable,,,,,,4 m; generator: Standard,,,,,,,,Each,,"Return-Electrode Connecting Cable, Standard, 4 m, Contact Stud.",Match both generator-side and instrument-side connector standards and the current ERBE IFU; non-U.S. catalog.,Verified exact catalog entry - non-U.S. source,Hidden - non-U.S. catalog / U.S. status unverified,SRC017,"Return-electrode cables, catalog p. 13",2024-05,The uploaded manufacturer catalog explicitly states it is not intended for use in the USA.,Exact catalog entry retained as a non-U.S. reference.,"{""length_m"":4,""generator_connector"":""Standard"",""electrode_connector"":""contact stud""}"
PRD-0F561988AB,MFR-5ED32955F4,ERBE,,ERBE Electrosurgery,"Return-Electrode Connecting Cable, Standard, 4 m, Silicone",20194-070,,,,,Therapeutic bronchoscopy,Return-electrode cable,Reusable accessory,Reusable,,,,,,4 m; generator: Standard,,,,,,,,Each,,"Return-Electrode Connecting Cable, Standard, 4 m, Silicone.",Match both generator-side and instrument-side connector standards and the current ERBE IFU; non-U.S. catalog.,Verified exact catalog entry - non-U.S. source,Hidden - non-U.S. catalog / U.S. status unverified,SRC017,"Return-electrode cables, catalog p. 13",2024-05,The uploaded manufacturer catalog explicitly states it is not intended for use in the USA.,Exact catalog entry retained as a non-U.S. reference.,"{""length_m"":4,""generator_connector"":""Standard"",""material"":""silicone""}"
PRD-D194D5A02B,MFR-5ED32955F4,ERBE,,ERBE Electrosurgery,"Return-Electrode Connecting Cable, Standard, 5 m, Contact Stud",20194-078,,,,,Therapeutic bronchoscopy,Return-electrode cable,Reusable accessory,Reusable,,,,,,5 m; generator: Standard,,,,,,,,Each,,"Return-Electrode Connecting Cable, Standard, 5 m, Contact Stud.",Match both generator-side and instrument-side connector standards and the current ERBE IFU; non-U.S. catalog.,Verified exact catalog entry - non-U.S. source,Hidden - non-U.S. catalog / U.S. status unverified,SRC017,"Return-electrode cables, catalog p. 13",2024-05,The uploaded manufacturer catalog explicitly states it is not intended for use in the USA.,Exact catalog entry retained as a non-U.S. reference.,"{""length_m"":5,""generator_connector"":""Standard"",""electrode_connector"":""contact stud""}"
PRD-EC8645595D,MFR-5ED32955F4,ERBE,,ERBE Electrosurgery,"Return-Electrode Connecting Cable, Standard, 5 m, Silicone",20194-088,,,,,Therapeutic bronchoscopy,Return-electrode cable,Reusable accessory,Reusable,,,,,,5 m; generator: Standard,,,,,,,,Each,,"Return-Electrode Connecting Cable, Standard, 5 m, Silicone.",Match both generator-side and instrument-side connector standards and the current ERBE IFU; non-U.S. catalog.,Verified exact catalog entry - non-U.S. source,Hidden - non-U.S. catalog / U.S. status unverified,SRC017,"Return-electrode cables, catalog p. 13",2024-05,The uploaded manufacturer catalog explicitly states it is not intended for use in the USA.,Exact catalog entry retained as a non-U.S. reference.,"{""length_m"":5,""generator_connector"":""Standard"",""material"":""silicone""}"
PRD-9AE343BC8D,MFR-5ED32955F4,ERBE,,ERBECRYO 2,CO2 Gas Bottle Adapter E,20410-003,,,,,Therapeutic bronchoscopy,CO2 gas bottle adapter,Reusable accessory,Reusable,,,,,,,,,,,,,,Each,,CO2 gas bottle adapter listed for ERBE cryosurgery systems.,"Match exact ERBE cryosurgery platform, gas standard, and country-specific engineering requirements.",Verified exact catalog entry - non-U.S. source,Hidden - non-U.S. catalog / U.S. status unverified,SRC018,"Gas bottle adapter table, catalog pp. 4, 7",2023-10,The uploaded manufacturer catalog explicitly states it is not intended for use in the USA.,Exact catalog entry retained as a non-U.S. reference.,"{""code_letter"":""E"",""thread"":""W 21.8 x 1/14 / W 21.7 x 1/14 / 0.860 x 14 TPI""}"
PRD-D54D46A95B,MFR-5ED32955F4,ERBE,,ERBECRYO 2,CO2 Gas Bottle Adapter F,20402-060,,,,,Therapeutic bronchoscopy,CO2 gas bottle adapter,Reusable accessory,Reusable,,,,,,,,,,,,,,Each,,CO2 gas bottle adapter listed for ERBE cryosurgery systems.,"Match exact ERBE cryosurgery platform, gas standard, and country-specific engineering requirements.",Verified exact catalog entry - non-U.S. source,Hidden - non-U.S. catalog / U.S. status unverified,SRC018,"Gas bottle adapter table, catalog pp. 4, 7",2023-10,The uploaded manufacturer catalog explicitly states it is not intended for use in the USA.,Exact catalog entry retained as a non-U.S. reference.,"{""code_letter"":""F"",""thread"":""0.830-14 NGO""}"
PRD-F1632F4CEC,MFR-5ED32955F4,ERBE,,ERBECRYO 2,CO2 Gas Bottle Adapter G,20410-016,,,,,Therapeutic bronchoscopy,CO2 gas bottle adapter,Reusable accessory,Reusable,,,,,,,,,,,,,,Each,,CO2 gas bottle adapter listed for ERBE cryosurgery systems.,"Match exact ERBE cryosurgery platform, gas standard, and country-specific engineering requirements.",Verified exact catalog entry - non-U.S. source,Hidden - non-U.S. catalog / U.S. status unverified,SRC018,"Gas bottle adapter table, catalog pp. 4, 7",2023-10,The uploaded manufacturer catalog explicitly states it is not intended for use in the USA.,Exact catalog entry retained as a non-U.S. reference.,"{""code_letter"":""G"",""thread"":""G 3/4""}"
PRD-A93BE6938D,MFR-5ED32955F4,ERBE,,ERBECRYO 2,"CO2 Gas Bottle Adapter H, Pin Index",20410-011,,,,,Therapeutic bronchoscopy,CO2 gas bottle adapter,Reusable accessory,Reusable,,,,,,,,,,,,,,Each,,CO2 gas bottle adapter listed for ERBE cryosurgery systems.,"Match exact ERBE cryosurgery platform, gas standard, and country-specific engineering requirements.",Verified exact catalog entry - non-U.S. source,Hidden - non-U.S. catalog / U.S. status unverified,SRC018,"Gas bottle adapter table, catalog pp. 4, 7",2023-10,The uploaded manufacturer catalog explicitly states it is not intended for use in the USA.,Exact catalog entry retained as a non-U.S. reference.,"{""code_letter"":""H"",""thread"":""Pin Index""}"
PRD-5AEEF62066,MFR-5ED32955F4,ERBE,,ERBECRYO 2,CO2 Gas Bottle Adapter I,20402-061,,,,,Therapeutic bronchoscopy,CO2 gas bottle adapter,Reusable accessory,Reusable,,,,,,,,,,,,,,Each,,CO2 gas bottle adapter listed for ERBE cryosurgery systems.,"Match exact ERBE cryosurgery platform, gas standard, and country-specific engineering requirements.",Verified exact catalog entry - non-U.S. source,Hidden - non-U.S. catalog / U.S. status unverified,SRC018,"Gas bottle adapter table, catalog pp. 4, 7",2023-10,The uploaded manufacturer catalog explicitly states it is not intended for use in the USA.,Exact catalog entry retained as a non-U.S. reference.,"{""code_letter"":""I"",""thread"":""W 27 x 2 mm""}"
PRD-C3FB38433F,MFR-5ED32955F4,ERBE,,ERBECRYO 2,CO2 Switching Valve for Two Gas Cylinder Adapters,20402-052,,,,,Therapeutic bronchoscopy,Gas switching valve,Reusable accessory,Reusable,,,,,,,,,,,,,,Each,,Gas switching valve listed for ERBE cryosurgery systems.,"Match exact ERBE cryosurgery platform, gas standard, and country-specific engineering requirements.",Verified exact catalog entry - non-U.S. source,Hidden - non-U.S. catalog / U.S. status unverified,SRC018,"Gas bottle adapter table, catalog pp. 4, 7",2023-10,The uploaded manufacturer catalog explicitly states it is not intended for use in the USA.,Exact catalog entry retained as a non-U.S. reference.,{}
PRD-B68845E997,MFR-5ED32955F4,ERBE,,ERBECRYO 2,ERBECRYO 2 Cart,20402-300,,,,,Therapeutic bronchoscopy,Equipment cart,Reusable equipment,Reusable,,,,,,,,,,,,,,Each,,Equipment cart listed for ERBE cryosurgery systems.,"Match exact ERBE cryosurgery platform, gas standard, and country-specific engineering requirements.",Verified exact catalog entry - non-U.S. source,Hidden - non-U.S. catalog / U.S. status unverified,SRC018,"Accessories for ERBECRYO 2, catalog p. 6",2023-10,The uploaded manufacturer catalog explicitly states it is not intended for use in the USA.,Exact catalog entry retained as a non-U.S. reference.,{}
PRD-C684D9ADCF,MFR-5ED32955F4,ERBE,,ERBECRYO 2,"ERBECRYO 2 Exhaust Gas Hose, 10 m",20402-008,,,,,Therapeutic bronchoscopy,Exhaust gas hose,Reusable accessory,Reusable,,,,,,,,,,,,,,Each,,Exhaust gas hose listed for ERBE cryosurgery systems.,"Match exact ERBE cryosurgery platform, gas standard, and country-specific engineering requirements.",Verified exact catalog entry - non-U.S. source,Hidden - non-U.S. catalog / U.S. status unverified,SRC018,"Accessories for ERBECRYO 2, catalog p. 7",2023-10,The uploaded manufacturer catalog explicitly states it is not intended for use in the USA.,Exact catalog entry retained as a non-U.S. reference.,"{""length_m"":10,""inner_diameter_mm"":13,""outer_diameter_mm"":18}"
PRD-0C821995AC,MFR-5ED32955F4,ERBE,,ERBECRYO 2,"ERBECRYO 2 Exhaust Gas Hose, 5 m",20402-007,,,,,Therapeutic bronchoscopy,Exhaust gas hose,Reusable accessory,Reusable,,,,,,,,,,,,,,Each,,Exhaust gas hose listed for ERBE cryosurgery systems.,"Match exact ERBE cryosurgery platform, gas standard, and country-specific engineering requirements.",Verified exact catalog entry - non-U.S. source,Hidden - non-U.S. catalog / U.S. status unverified,SRC018,"Accessories for ERBECRYO 2, catalog p. 7",2023-10,The uploaded manufacturer catalog explicitly states it is not intended for use in the USA.,Exact catalog entry retained as a non-U.S. reference.,"{""length_m"":5,""inner_diameter_mm"":13,""outer_diameter_mm"":18}"
PRD-5DFC2E8E8B,MFR-5ED32955F4,ERBE,,ERBECRYO 2,"ERBECRYO 2 Footswitch Extension Cable, 0.4 m",20402-202,,,,,Therapeutic bronchoscopy,Footswitch extension cable,Reusable accessory,Reusable,,,,,,,,,,,,,,Each,,Footswitch extension cable listed for ERBE cryosurgery systems.,"Match exact ERBE cryosurgery platform, gas standard, and country-specific engineering requirements.",Verified exact catalog entry - non-U.S. source,Hidden - non-U.S. catalog / U.S. status unverified,SRC018,"Accessories for ERBECRYO 2, catalog p. 6",2023-10,The uploaded manufacturer catalog explicitly states it is not intended for use in the USA.,Exact catalog entry retained as a non-U.S. reference.,"{""length_m"":0.4}"
PRD-6C2199C862,MFR-5ED32955F4,ERBE,,ERBECRYO 2,Flexible Cryoprobe 1.1 mm with 757 mm Oversheath,20402-402,,,,,Therapeutic bronchoscopy,Flexible cryoprobe,Disposable,Single-use,Sterile EO,,,,,1.1 mm x 115 cm; 2.6 mm x 75.7 cm oversheath,1.1,,,,115.0,,,Box 5,,Single-use flexible cryoprobe listed for the ERBECRYO 2 system.,Requires compatible ERBECRYO 2 platform; exact channel and application compatibility must be checked in the current IFU.,Verified exact catalog entry - non-U.S. source,Hidden - non-U.S. catalog / U.S. status unverified,SRC018,"Cryoprobes for ERBECRYO 2, catalog p. 5",2023-10,The uploaded manufacturer catalog explicitly states it is not intended for use in the USA.,Exact catalog entry retained as a non-U.S. reference; do not expose in a U.S. production dropdown without current clearance verification.,"{""probe_od_mm"":1.1,""probe_length_mm"":1150,""oversheath_od_mm"":2.6,""oversheath_length_mm"":757,""catalog_quantity"":5}"
PRD-A2C49C9352,MFR-5ED32955F4,ERBE,,ERBECRYO 2,Flexible Cryoprobe 1.1 mm with 817 mm Oversheath,20402-401,,,,,Therapeutic bronchoscopy,Flexible cryoprobe,Disposable,Single-use,Sterile EO,,,,,1.1 mm x 115 cm; 2.6 mm x 81.7 cm oversheath,1.1,,,,115.0,,,Box 5,,Single-use flexible cryoprobe listed for the ERBECRYO 2 system.,Requires compatible ERBECRYO 2 platform; exact channel and application compatibility must be checked in the current IFU.,Verified exact catalog entry - non-U.S. source,Hidden - non-U.S. catalog / U.S. status unverified,SRC018,"Cryoprobes for ERBECRYO 2, catalog p. 5",2023-10,The uploaded manufacturer catalog explicitly states it is not intended for use in the USA.,Exact catalog entry retained as a non-U.S. reference; do not expose in a U.S. production dropdown without current clearance verification.,"{""probe_od_mm"":1.1,""probe_length_mm"":1150,""oversheath_od_mm"":2.6,""oversheath_length_mm"":817,""catalog_quantity"":5}"
PRD-7DC3645CFA,MFR-5ED32955F4,ERBE,,ERBECRYO 2,Flexible Cryoprobe 1.7 mm,20402-410,,,,,Therapeutic bronchoscopy,Flexible cryoprobe,Disposable,Single-use,Sterile EO,,,,,1.7 mm x 115 cm,1.7,,,,115.0,,,Box 5,,Single-use flexible cryoprobe listed for the ERBECRYO 2 system.,Requires compatible ERBECRYO 2 platform; exact channel and application compatibility must be checked in the current IFU.,Verified exact catalog entry - non-U.S. source,Hidden - non-U.S. catalog / U.S. status unverified,SRC018,"Cryoprobes for ERBECRYO 2, catalog p. 5",2023-10,The uploaded manufacturer catalog explicitly states it is not intended for use in the USA.,Exact catalog entry retained as a non-U.S. reference; do not expose in a U.S. production dropdown without current clearance verification.,"{""probe_od_mm"":1.7,""probe_length_mm"":1150,""oversheath_od_mm"":null,""oversheath_length_mm"":null,""catalog_quantity"":5}"
PRD-05670F1B5F,MFR-5ED32955F4,ERBE,,ERBECRYO 2,Flexible Cryoprobe 2.4 mm,20402-411,,,,,Therapeutic bronchoscopy,Flexible cryoprobe,Disposable,Single-use,Sterile EO,,,,,2.4 mm x 115 cm,2.4,,,,115.0,,,Box 5,,Single-use flexible cryoprobe listed for the ERBECRYO 2 system.,Requires compatible ERBECRYO 2 platform; exact channel and application compatibility must be checked in the current IFU.,Verified exact catalog entry - non-U.S. source,Hidden - non-U.S. catalog / U.S. status unverified,SRC018,"Cryoprobes for ERBECRYO 2, catalog p. 5",2023-10,The uploaded manufacturer catalog explicitly states it is not intended for use in the USA.,Exact catalog entry retained as a non-U.S. reference; do not expose in a U.S. production dropdown without current clearance verification.,"{""probe_od_mm"":2.4,""probe_length_mm"":1150,""oversheath_od_mm"":null,""oversheath_length_mm"":null,""catalog_quantity"":5}"
PRD-D03502FFB4,MFR-5ED32955F4,ERBE,,ERBECRYO 2,"Gas Hose for ERBECRYO / ERBECRYO 2, 0.7 m",20448-000,,,,,Therapeutic bronchoscopy,Gas hose,Reusable accessory,Reusable,,,,,,,,,,,,,,Each,,Gas hose listed for ERBE cryosurgery systems.,"Match exact ERBE cryosurgery platform, gas standard, and country-specific engineering requirements.",Verified exact catalog entry - non-U.S. source,Hidden - non-U.S. catalog / U.S. status unverified,SRC018,"Accessories for ERBECRYO 2, catalog p. 7",2023-10,The uploaded manufacturer catalog explicitly states it is not intended for use in the USA.,Exact catalog entry retained as a non-U.S. reference.,"{""length_m"":0.7}"
PRD-3097FD9A2E,MFR-5ED32955F4,ERBE,,ERBECRYO 2,"Gas Hose for ERBECRYO / ERBECRYO 2, 1 m",20410-004,,,,,Therapeutic bronchoscopy,Gas hose,Reusable accessory,Reusable,,,,,,,,,,,,,,Each,,Gas hose listed for ERBE cryosurgery systems.,"Match exact ERBE cryosurgery platform, gas standard, and country-specific engineering requirements.",Verified exact catalog entry - non-U.S. source,Hidden - non-U.S. catalog / U.S. status unverified,SRC018,"Accessories for ERBECRYO 2, catalog p. 7",2023-10,The uploaded manufacturer catalog explicitly states it is not intended for use in the USA.,Exact catalog entry retained as a non-U.S. reference.,"{""length_m"":1}"
PRD-DA286027ED,MFR-5ED32955F4,ERBE,,ERBECRYO 2,One-Pedal Foot Switch for ERBECRYO 2,20402-200,,,,,Therapeutic bronchoscopy,Foot switch,Reusable equipment,Reusable,,,,,,,,,,,,,,Each,,Foot switch listed for ERBE cryosurgery systems.,"Match exact ERBE cryosurgery platform, gas standard, and country-specific engineering requirements.",Verified exact catalog entry - non-U.S. source,Hidden - non-U.S. catalog / U.S. status unverified,SRC018,"Accessories for ERBECRYO 2, catalog p. 6",2023-10,The uploaded manufacturer catalog explicitly states it is not intended for use in the USA.,Exact catalog entry retained as a non-U.S. reference.,"{""compatible_platforms"":[""ERBECRYO 2"",""AP & IP X8""]}"
PRD-913352C891,MFR-5ED32955F4,ERBE,,ERBECRYO 2,Wire Basket for ERBECRYO 2 Cart,20180-010,,,,,Therapeutic bronchoscopy,Cart accessory,Reusable accessory,Reusable,,,,,,,,,,,,,,Each,,Cart accessory listed for ERBE cryosurgery systems.,"Match exact ERBE cryosurgery platform, gas standard, and country-specific engineering requirements.",Verified exact catalog entry - non-U.S. source,Hidden - non-U.S. catalog / U.S. status unverified,SRC018,"Accessories for ERBECRYO 2, catalog p. 6",2023-10,The uploaded manufacturer catalog explicitly states it is not intended for use in the USA.,Exact catalog entry retained as a non-U.S. reference.,"{""dimensions_mm"":""339 x 100/155 x 205""}"
PRD-A48A455A5E,MFR-5ED32955F4,ERBE,,FiAPC,FiAPC Probe 1500 A,20132-220,,,,,Therapeutic bronchoscopy,Flexible APC probe,Disposable,Single-use,Sterile EO,,,,,1.5 mm x 1.5 m; Axial beam,1.5,,,,150.0,,,Box 10,,Single-use flexible FiAPC probe with instrument recognition and integrated filter.,Requires a compatible ERBE APC/VIO platform; catalog is non-U.S. and current U.S. status is unverified.,Verified exact catalog entry - non-U.S. source,Hidden - non-U.S. catalog / U.S. status unverified,SRC019,"FiAPC probes, catalog pp. 5-6",2025-06,The uploaded manufacturer catalog explicitly states it is not intended for use in the USA.,e.g. for bronchoscopy,"{""probe_od_mm"":1.5,""length_m"":1.5,""beam_form"":""Axial"",""integrated_filter"":true,""instrument_recognition"":true,""catalog_quantity"":10}"
PRD-5445BFA070,MFR-5ED32955F4,ERBE,,FiAPC,FiAPC Probe 2200 A,20132-221,,,,,Therapeutic bronchoscopy,Flexible APC probe,Disposable,Single-use,Sterile EO,,,,,2.3 mm x 2.2 m; Axial beam,2.3,,,,220.00000000000003,,,Box 10,,Single-use flexible FiAPC probe with instrument recognition and integrated filter.,Requires a compatible ERBE APC/VIO platform; catalog is non-U.S. and current U.S. status is unverified.,Verified exact catalog entry - non-U.S. source,Hidden - non-U.S. catalog / U.S. status unverified,SRC019,"FiAPC probes, catalog pp. 5-6",2025-06,The uploaded manufacturer catalog explicitly states it is not intended for use in the USA.,,"{""probe_od_mm"":2.3,""length_m"":2.2,""beam_form"":""Axial"",""integrated_filter"":true,""instrument_recognition"":true,""catalog_quantity"":10}"
PRD-C3FDFF59E0,MFR-5ED32955F4,ERBE,,FiAPC,FiAPC Probe 2200 A,20132-222,,,,,Therapeutic bronchoscopy,Flexible APC probe,Disposable,Single-use,Sterile EO,,,,,3.2 mm x 2.2 m; Axial beam,3.2,,,,220.00000000000003,,,Box 10,,Single-use flexible FiAPC probe with instrument recognition and integrated filter.,Requires a compatible ERBE APC/VIO platform; catalog is non-U.S. and current U.S. status is unverified.,Verified exact catalog entry - non-U.S. source,Hidden - non-U.S. catalog / U.S. status unverified,SRC019,"FiAPC probes, catalog pp. 5-6",2025-06,The uploaded manufacturer catalog explicitly states it is not intended for use in the USA.,,"{""probe_od_mm"":3.2,""length_m"":2.2,""beam_form"":""Axial"",""integrated_filter"":true,""instrument_recognition"":true,""catalog_quantity"":10}"
PRD-C492434340,MFR-5ED32955F4,ERBE,,FiAPC,FiAPC Probe 2200 C,20132-225,,,,,Therapeutic bronchoscopy,Flexible APC probe,Disposable,Single-use,Sterile EO,,,,,2.3 mm x 2.2 m; Circumferential beam,2.3,,,,220.00000000000003,,,Box 10,,Single-use flexible FiAPC probe with instrument recognition and integrated filter.,Requires a compatible ERBE APC/VIO platform; catalog is non-U.S. and current U.S. status is unverified.,Verified exact catalog entry - non-U.S. source,Hidden - non-U.S. catalog / U.S. status unverified,SRC019,"FiAPC probes, catalog pp. 5-6",2025-06,The uploaded manufacturer catalog explicitly states it is not intended for use in the USA.,,"{""probe_od_mm"":2.3,""length_m"":2.2,""beam_form"":""Circumferential"",""integrated_filter"":true,""instrument_recognition"":true,""catalog_quantity"":10}"
PRD-DE4182B356,MFR-5ED32955F4,ERBE,,FiAPC,FiAPC Probe 2200 SC,20132-224,,,,,Therapeutic bronchoscopy,Flexible APC probe,Disposable,Single-use,Sterile EO,,,,,2.3 mm x 2.2 m; Side-fire conical beam,2.3,,,,220.00000000000003,,,Box 10,,Single-use flexible FiAPC probe with instrument recognition and integrated filter.,Requires a compatible ERBE APC/VIO platform; catalog is non-U.S. and current U.S. status is unverified.,Verified exact catalog entry - non-U.S. source,Hidden - non-U.S. catalog / U.S. status unverified,SRC019,"FiAPC probes, catalog pp. 5-6",2025-06,The uploaded manufacturer catalog explicitly states it is not intended for use in the USA.,,"{""probe_od_mm"":2.3,""length_m"":2.2,""beam_form"":""Side-fire conical"",""integrated_filter"":true,""instrument_recognition"":true,""catalog_quantity"":10}"
PRD-3A183102CF,MFR-5ED32955F4,ERBE,,FiAPC,FiAPC Probe 3000 A,20132-223,,,,,Therapeutic bronchoscopy,Flexible APC probe,Disposable,Single-use,Sterile EO,,,,,2.3 mm x 3 m; Axial beam,2.3,,,,300.0,,,Box 10,,Single-use flexible FiAPC probe with instrument recognition and integrated filter.,Requires a compatible ERBE APC/VIO platform; catalog is non-U.S. and current U.S. status is unverified.,Verified exact catalog entry - non-U.S. source,Hidden - non-U.S. catalog / U.S. status unverified,SRC019,"FiAPC probes, catalog pp. 5-6",2025-06,The uploaded manufacturer catalog explicitly states it is not intended for use in the USA.,,"{""probe_od_mm"":2.3,""length_m"":3.0,""beam_form"":""Axial"",""integrated_filter"":true,""instrument_recognition"":true,""catalog_quantity"":10}"
PRD-99494D8DD0,MFR-5ED32955F4,ERBE,,FiAPC,FiAPC Probe 3000 A,20132-226,,,,,Therapeutic bronchoscopy,Flexible APC probe,Disposable,Single-use,Sterile EO,,,,,1.5 mm x 3 m; Axial beam,1.5,,,,300.0,,,Box 10,,Single-use flexible FiAPC probe with instrument recognition and integrated filter.,Requires a compatible ERBE APC/VIO platform; catalog is non-U.S. and current U.S. status is unverified.,Verified exact catalog entry - non-U.S. source,Hidden - non-U.S. catalog / U.S. status unverified,SRC019,"FiAPC probes, catalog pp. 5-6",2025-06,The uploaded manufacturer catalog explicitly states it is not intended for use in the USA.,e.g. for double-balloon enteroscopy,"{""probe_od_mm"":1.5,""length_m"":3.0,""beam_form"":""Axial"",""integrated_filter"":true,""instrument_recognition"":true,""catalog_quantity"":10}"
PRD-21F6CB5BAC,MFR-5ED32955F4,ERBE,,FiAPC plus,FiAPC plus Probe 2200 A with Filter,20132-321,,,,,Therapeutic bronchoscopy,Flexible APC probe,Disposable,Single-use,Sterile EO,,,,,2.3 mm x 2.2 m; Axial beam,2.3,,,,220.00000000000003,,,Box 10,,Single-use FiAPC plus probe with instrument recognition and integrated filter.,Requires a compatible ERBE APC/VIO platform; catalog is non-U.S. and current U.S. status is unverified.,Verified exact catalog entry - non-U.S. source,Hidden - non-U.S. catalog / U.S. status unverified,SRC019,"FiAPC plus probes, catalog p. 4",2025-06,The uploaded manufacturer catalog explicitly states it is not intended for use in the USA.,Exact catalog entry retained as a non-U.S. reference.,"{""probe_od_mm"":2.3,""length_m"":2.2,""beam_form"":""Axial"",""integrated_filter"":true,""instrument_recognition"":true,""catalog_quantity"":10}"
PRD-5AB3F8988B,MFR-5ED32955F4,ERBE,,FiAPC plus,FiAPC plus Probe 2200 C with Filter,20132-325,,,,,Therapeutic bronchoscopy,Flexible APC probe,Disposable,Single-use,Sterile EO,,,,,2.3 mm x 2.2 m; Circumferential beam,2.3,,,,220.00000000000003,,,Box 10,,Single-use FiAPC plus probe with instrument recognition and integrated filter.,Requires a compatible ERBE APC/VIO platform; catalog is non-U.S. and current U.S. status is unverified.,Verified exact catalog entry - non-U.S. source,Hidden - non-U.S. catalog / U.S. status unverified,SRC019,"FiAPC plus probes, catalog p. 4",2025-06,The uploaded manufacturer catalog explicitly states it is not intended for use in the USA.,Exact catalog entry retained as a non-U.S. reference.,"{""probe_od_mm"":2.3,""length_m"":2.2,""beam_form"":""Circumferential"",""integrated_filter"":true,""instrument_recognition"":true,""catalog_quantity"":10}"
PRD-4E9412A49F,MFR-5ED32955F4,ERBE,,FiAPC plus,FiAPC plus Probe 2200 SC with Filter,20132-324,,,,,Therapeutic bronchoscopy,Flexible APC probe,Disposable,Single-use,Sterile EO,,,,,2.3 mm x 2.2 m; Side-fire conical beam,2.3,,,,220.00000000000003,,,Box 10,,Single-use FiAPC plus probe with instrument recognition and integrated filter.,Requires a compatible ERBE APC/VIO platform; catalog is non-U.S. and current U.S. status is unverified.,Verified exact catalog entry - non-U.S. source,Hidden - non-U.S. catalog / U.S. status unverified,SRC019,"FiAPC plus probes, catalog p. 4",2025-06,The uploaded manufacturer catalog explicitly states it is not intended for use in the USA.,Exact catalog entry retained as a non-U.S. reference.,"{""probe_od_mm"":2.3,""length_m"":2.2,""beam_form"":""Side-fire conical"",""integrated_filter"":true,""instrument_recognition"":true,""catalog_quantity"":10}"
PRD-19BAA6E1D6,MFR-5ED32955F4,ERBE,,FiAPC plus,FiAPC plus Probe 3000 A with Filter,20132-323,,,,,Therapeutic bronchoscopy,Flexible APC probe,Disposable,Single-use,Sterile EO,,,,,2.3 mm x 3 m; Axial beam,2.3,,,,300.0,,,Box 10,,Single-use FiAPC plus probe with instrument recognition and integrated filter.,Requires a compatible ERBE APC/VIO platform; catalog is non-U.S. and current U.S. status is unverified.,Verified exact catalog entry - non-U.S. source,Hidden - non-U.S. catalog / U.S. status unverified,SRC019,"FiAPC plus probes, catalog p. 4",2025-06,The uploaded manufacturer catalog explicitly states it is not intended for use in the USA.,Exact catalog entry retained as a non-U.S. reference.,"{""probe_od_mm"":2.3,""length_m"":3.0,""beam_form"":""Axial"",""integrated_filter"":true,""instrument_recognition"":true,""catalog_quantity"":10}"
PRD-36D0F6CBA0,MFR-BC7F6D9790,Ethicon,,,"Blake Silicone Drain – Flat 10 mm, full‑fluted w/ trocar",2215,,,,,Pleural procedures,Post‑op Surgical Drain,Candidate,,,,,,,,,,,,,,,,Adult,Includes 3/16″ trocar,,Candidate - user seed; primary source required,Hidden until verified,SRC008,CSV row 14,,Prime Vendor: Yes; ECAT: Yes (unverified compiled claims),,{}
PRD-FD3915EF93,MFR-BC7F6D9790,Ethicon,,,"Blake Silicone Drain – Flat 7 mm, ¾‑fluted",2210,,,,,Pleural procedures,Post‑op Surgical Drain,Candidate,,,,,,,,,,,,,,,,Both,"Silicone, multi‑channel",,Candidate - user seed; primary source required,Hidden until verified,SRC008,CSV row 13,,Prime Vendor: Yes; ECAT: Yes (unverified compiled claims),,{}
PRD-27CF357590,MFR-BC7F6D9790,Ethicon,,,Blake Silicone Drain – Hubless Round 10 Fr,2226,,,,,Pleural procedures,Post‑op Surgical Drain,Candidate,,,,,,,,,,,,,,,,Both,"Round, hubless",,Candidate - user seed; primary source required,Hidden until verified,SRC008,CSV row 15,,Prime Vendor: Yes; ECAT: Yes (unverified compiled claims),,{}
PRD-2CE58D8A14,MFR-BC7F6D9790,Ethicon,,,Blake Silicone Drain – Round 10 Fr w/ 1⁄8″ trocar,2227,,,,,Pleural procedures,Post‑op Surgical Drain,Candidate,,,,,,,,,,,,,,,,Peds/Adult,Trocar‑assisted,,Candidate - user seed; primary source required,Hidden until verified,SRC008,CSV row 16,,Prime Vendor: Yes; ECAT: Yes (unverified compiled claims),,{}
PRD-1CBA97E863,MFR-BC7F6D9790,Ethicon,,,Blake Silicone Drain – Round 19 Fr,2230,,,,,Pleural procedures,Post‑op Surgical Drain,Candidate,,,,,,,,,,,,,,,,Adult,Round hubless,,Candidate - user seed; primary source required,Hidden until verified,SRC008,CSV row 17,,Prime Vendor: Yes; ECAT: Yes (unverified compiled claims),,{}
PRD-9E7BDDB1CC,MFR-12BAB1E48C,Karl Storz,,KARL STORZ THORAX,Adapter for 5 Fr Suction Catheter,10479F,,,10479 F,,Endoscopy platform,Rigid suction catheter accessory,Accessory,Reusable,Reprocessed,No,,,,,,,,,,,,Each,Adult,Adapter for 5 Fr Suction Catheter,,Verified - legacy U.S. manufacturer catalog; current status pending,Hidden - current U.S. status unverified,SRC030,p. 75,2011-02,"Legacy 2011 U.S. catalog; current U.S. availability, labeling, and service support must be confirmed.",Not production-visible until current status is reverified.,{}
PRD-57C0ED84C2,MFR-12BAB1E48C,Karl Storz,,KARL STORZ THORAX,Adapter for 6 Fr Suction Catheter,10479C,,,10479 C,,Endoscopy platform,Rigid suction catheter accessory,Accessory,Reusable,Reprocessed,No,,,,,,,,,,,,Each,Adult,Adapter for 6 Fr Suction Catheter,,Verified - legacy U.S. manufacturer catalog; current status pending,Hidden - current U.S. status unverified,SRC030,p. 75,2011-02,"Legacy 2011 U.S. catalog; current U.S. availability, labeling, and service support must be confirmed.",Not production-visible until current status is reverified.,{}
PRD-526F08F11A,MFR-12BAB1E48C,Karl Storz,,KARL STORZ THORAX,Adapter for 7 Fr Suction Catheter,10479B,,,10479 B,,Endoscopy platform,Rigid suction catheter accessory,Accessory,Reusable,Reprocessed,No,,,,,,,,,,,,Each,Adult,Adapter for 7 Fr Suction Catheter,,Verified - legacy U.S. manufacturer catalog; current status pending,Hidden - current U.S. status unverified,SRC030,p. 75,2011-02,"Legacy 2011 U.S. catalog; current U.S. availability, labeling, and service support must be confirmed.",Not production-visible until current status is reverified.,{}
PRD-3CF45A4BFF,MFR-12BAB1E48C,Karl Storz,,KARL STORZ THORAX,Adjustable Magnifier,10338TRA,,,10338 TRA,,Rigid bronchoscopy,Rigid bronchoscope accessory,Accessory,Reusable,Reprocessed,No,,,,,,,,,,,,Each,Adult,Adjustable Magnifier,Use with the specific KARL STORZ rigid bronchoscope/tracheoscope family listed in the legacy catalog.,Verified - legacy U.S. manufacturer catalog; current status pending,Hidden - current U.S. status unverified,SRC030,pp. 66-70,2011-02,"Legacy 2011 U.S. catalog; current U.S. availability, labeling, and service support must be confirmed.",Not production-visible until current status is reverified.,{}
PRD-698F9E72B0,MFR-12BAB1E48C,Karl Storz,,KARL STORZ THORAX,Alligator Forceps,10370H,,,10370 H,,Rigid bronchoscopy,Rigid bronchoscopy forceps/scissors,Reusable instrument,Reusable,Reprocessed,No,,,,OD 2.5 mm; working length 50 cm,2.5,,,,50,,,Each,Adult,Alligator Forceps,Select shaft diameter and working length for bronchoscope lumen.,Verified - legacy U.S. manufacturer catalog; current status pending,Hidden - current U.S. status unverified,SRC030,p. 87,2011-02,"Legacy 2011 U.S. catalog; current U.S. availability, labeling, and service support must be confirmed.",Not production-visible until current status is reverified.,{}
PRD-38F9E96675,MFR-12BAB1E48C,Karl Storz,,KARL STORZ THORAX,Alligator Forceps,10371H,,,10371 H,,Rigid bronchoscopy,Rigid bronchoscopy forceps/scissors,Reusable instrument,Reusable,Reprocessed,No,,,,OD 2.0 mm; working length 35 cm,2,,,,35,,,Each,Adult,Alligator Forceps,Select shaft diameter and working length for bronchoscope lumen.,Verified - legacy U.S. manufacturer catalog; current status pending,Hidden - current U.S. status unverified,SRC030,p. 88,2011-02,"Legacy 2011 U.S. catalog; current U.S. availability, labeling, and service support must be confirmed.",Not production-visible until current status is reverified.,{}
PRD-6CCE68D268,MFR-12BAB1E48C,Karl Storz,,KARL STORZ THORAX,Alligator Forceps,10371HL,,,10371 HL,,Rigid bronchoscopy,Rigid bronchoscopy forceps/scissors,Reusable instrument,Reusable,Reprocessed,No,,,,OD 2.0 mm; working length 45 cm,2,,,,45,,,Each,Adult,Alligator Forceps,Select shaft diameter and working length for bronchoscope lumen.,Verified - legacy U.S. manufacturer catalog; current status pending,Hidden - current U.S. status unverified,SRC030,p. 88,2011-02,"Legacy 2011 U.S. catalog; current U.S. availability, labeling, and service support must be confirmed.",Not production-visible until current status is reverified.,{}
PRD-BB5D8FBEA3,MFR-12BAB1E48C,Karl Storz,,KARL STORZ THORAX,Alligator Forceps,10372H,,,10372 H,,Rigid bronchoscopy,Rigid bronchoscopy forceps/scissors,Reusable instrument,Reusable,Reprocessed,No,,,,OD 1.5 mm; working length 25 cm,1.5,,,,25,,,Each,Adult,Alligator Forceps,Select shaft diameter and working length for bronchoscope lumen.,Verified - legacy U.S. manufacturer catalog; current status pending,Hidden - current U.S. status unverified,SRC030,p. 89,2011-02,"Legacy 2011 U.S. catalog; current U.S. availability, labeling, and service support must be confirmed.",Not production-visible until current status is reverified.,{}
PRD-9A5C5FEF7D,MFR-12BAB1E48C,Karl Storz,,KARL STORZ THORAX,Alligator Forceps,10372HL,,,10372 HL,,Rigid bronchoscopy,Rigid bronchoscopy forceps/scissors,Reusable instrument,Reusable,Reprocessed,No,,,,OD 1.5 mm; working length 35 cm,1.5,,,,35,,,Each,Adult,Alligator Forceps,Select shaft diameter and working length for bronchoscope lumen.,Verified - legacy U.S. manufacturer catalog; current status pending,Hidden - current U.S. status unverified,SRC030,p. 89,2011-02,"Legacy 2011 U.S. catalog; current U.S. availability, labeling, and service support must be confirmed.",Not production-visible until current status is reverified.,{}
PRD-60ED7DF50E,MFR-12BAB1E48C,Karl Storz,,KARL STORZ THORAX,Alligator Forceps for Hard Foreign Bodies,10366H,,,10366 H,,Rigid bronchoscopy,Rigid bronchoscopy forceps/scissors,Reusable instrument,Reusable,Reprocessed,No,,,,OD 2.5 mm; working length 50 cm,2.5,,,,50,,,Each,Adult,Alligator Forceps for Hard Foreign Bodies,Select shaft diameter and working length for bronchoscope lumen.,Verified - legacy U.S. manufacturer catalog; current status pending,Hidden - current U.S. status unverified,SRC030,p. 86,2011-02,"Legacy 2011 U.S. catalog; current U.S. availability, labeling, and service support must be confirmed.",Not production-visible until current status is reverified.,{}
PRD-7BC31438E7,MFR-12BAB1E48C,Karl Storz,,KARL STORZ THORAX,Alligator Forceps for Hard Foreign Bodies,10367H,,,10367 H,,Rigid bronchoscopy,Rigid bronchoscopy forceps/scissors,Reusable instrument,Reusable,Reprocessed,No,,,,OD 2.5 mm; working length 35 cm,2.5,,,,35,,,Each,Adult,Alligator Forceps for Hard Foreign Bodies,Select shaft diameter and working length for bronchoscope lumen.,Verified - legacy U.S. manufacturer catalog; current status pending,Hidden - current U.S. status unverified,SRC030,p. 86,2011-02,"Legacy 2011 U.S. catalog; current U.S. availability, labeling, and service support must be confirmed.",Not production-visible until current status is reverified.,{}
PRD-2F1A67DE53,MFR-12BAB1E48C,Karl Storz,,KARL STORZ THORAX,Angled Aspiration Biopsy Needle 1.6 mm x 47 cm,10438,,,10438,,Rigid bronchoscopy,Bronchoscopy aspiration/irrigation accessory,Reusable instrument,Reusable,Reprocessed,No,,,,,,,,,,,,Each,Adult,Angled Aspiration Biopsy Needle 1.6 mm x 47 cm,,Verified - legacy U.S. manufacturer catalog; current status pending,Hidden - current U.S. status unverified,SRC030,p. 92,2011-02,"Legacy 2011 U.S. catalog; current U.S. availability, labeling, and service support must be confirmed.",Not production-visible until current status is reverified.,{}
PRD-A88AEE6442,MFR-12BAB1E48C,Karl Storz,,KARL STORZ THORAX,Application Cannula for Thoracic Drainage,10995,,,10995,,Endoscopy platform,Thoracic drainage cannula,Reusable instrument,Reusable,Reprocessed,No,,,,Outer cannula OD 2.1 mm x 15 cm; inner cannula 1.5 mm x 16.5 cm,,,,,,,,Each,Adult,Application Cannula for Thoracic Drainage,,Verified - legacy U.S. manufacturer catalog; current status pending,Hidden - current U.S. status unverified,SRC030,p. 145,2011-02,"Legacy 2011 U.S. catalog; current U.S. availability, labeling, and service support must be confirmed.",Not production-visible until current status is reverified.,{}
PRD-019030A1C7,MFR-12BAB1E48C,Karl Storz,,KARL STORZ THORAX,Aspirator for Collecting Secretions with Cut-Off Hole,10432N,,,10432 N,,Rigid bronchoscopy,Bronchoscopy aspiration/irrigation accessory,Reusable instrument,Reusable,Reprocessed,No,,,,,,,,,,,,Each,Adult,Aspirator for Collecting Secretions with Cut-Off Hole,,Verified - legacy U.S. manufacturer catalog; current status pending,Hidden - current U.S. status unverified,SRC030,p. 92,2011-02,"Legacy 2011 U.S. catalog; current U.S. availability, labeling, and service support must be confirmed.",Not production-visible until current status is reverified.,{}
PRD-0A2ABE77F9,MFR-12BAB1E48C,Karl Storz,,KARL STORZ THORAX,Aspirator for Collecting Secretions without Cut-Off Hole,10432T,,,10432 T,,Rigid bronchoscopy,Bronchoscopy aspiration/irrigation accessory,Reusable instrument,Reusable,Reprocessed,No,,,,,,,,,,,,Each,Adult,Aspirator for Collecting Secretions without Cut-Off Hole,,Verified - legacy U.S. manufacturer catalog; current status pending,Hidden - current U.S. status unverified,SRC030,p. 92,2011-02,"Legacy 2011 U.S. catalog; current U.S. availability, labeling, and service support must be confirmed.",Not production-visible until current status is reverified.,{}
PRD-427A070734,MFR-12BAB1E48C,Karl Storz,,KARL STORZ THORAX,"Autoclavable Plastic Cannula, Pack of 5",30120X,,,30120 X,,Medical thoracoscopy,Thoracoscopy trocar,Reusable instrument,Reusable,Reprocessed,No,,,,Size 6 mm; working length 8.5 cm,,,,,,,,Each,Adult,"Autoclavable Plastic Cannula, Pack of 5",,Verified - legacy U.S. manufacturer catalog; current status pending,Hidden - current U.S. status unverified,SRC030,p. 144,2011-02,"Legacy 2011 U.S. catalog; current U.S. availability, labeling, and service support must be confirmed.",Not production-visible until current status is reverified.,{}
PRD-17DB23EBC0,MFR-12BAB1E48C,Karl Storz,,KARL STORZ THORAX,"Bronchial Atomizer, 40 cm",10452B,,,10452 B,,Rigid bronchoscopy,Rigid bronchoscopy accessory,Reusable instrument,Reusable,Reprocessed,No,,,,,,,,,,,,Each,Adult,"Bronchial Atomizer, 40 cm",,Verified - legacy U.S. manufacturer catalog; current status pending,Hidden - current U.S. status unverified,SRC030,p. 93,2011-02,"Legacy 2011 U.S. catalog; current U.S. availability, labeling, and service support must be confirmed.",Not production-visible until current status is reverified.,{}
PRD-99BC8714FF,MFR-12BAB1E48C,Karl Storz,,KARL STORZ THORAX,"Bronchial Atomizer, 50 cm",10452A,,,10452 A,,Rigid bronchoscopy,Rigid bronchoscopy accessory,Reusable instrument,Reusable,Reprocessed,No,,,,,,,,,,,,Each,Adult,"Bronchial Atomizer, 50 cm",,Verified - legacy U.S. manufacturer catalog; current status pending,Hidden - current U.S. status unverified,SRC030,p. 93,2011-02,"Legacy 2011 U.S. catalog; current U.S. availability, labeling, and service support must be confirmed.",Not production-visible until current status is reverified.,{}
PRD-042A57F191,MFR-12BAB1E48C,Karl Storz,,KARL STORZ THORAX,Coagulation Suction Tube,10390AN,,,10390 AN,,Endoscopy platform,Rigid suction catheter,Reusable instrument,Reusable,Reprocessed,No,,,,OD 4 mm; working length 50 cm,4,,,,50,,,Each,Adult,Coagulation Suction Tube,,Verified - legacy U.S. manufacturer catalog; current status pending,Hidden - current U.S. status unverified,SRC030,p. 91,2011-02,"Legacy 2011 U.S. catalog; current U.S. availability, labeling, and service support must be confirmed.",Not production-visible until current status is reverified.,{}
PRD-825B745D18,MFR-12BAB1E48C,Karl Storz,,KARL STORZ THORAX,Coagulation Suction Tube,10390BN,,,10390 BN,,Endoscopy platform,Rigid suction catheter,Reusable instrument,Reusable,Reprocessed,No,,,,OD 3 mm; working length 35 cm,3,,,,35,,,Each,Adult,Coagulation Suction Tube,,Verified - legacy U.S. manufacturer catalog; current status pending,Hidden - current U.S. status unverified,SRC030,p. 91,2011-02,"Legacy 2011 U.S. catalog; current U.S. availability, labeling, and service support must be confirmed.",Not production-visible until current status is reverified.,{}
PRD-1E5D7D510F,MFR-12BAB1E48C,Karl Storz,,KARL STORZ THORAX,Cotton Applicator 35 cm,10384B,,,10384 B,,Rigid bronchoscopy,Rigid bronchoscopy accessory,Reusable instrument,Reusable,Reprocessed,No,,,,,,,,,,,,Each,Adult,Cotton Applicator 35 cm,,Verified - legacy U.S. manufacturer catalog; current status pending,Hidden - current U.S. status unverified,SRC030,p. 91,2011-02,"Legacy 2011 U.S. catalog; current U.S. availability, labeling, and service support must be confirmed.",Not production-visible until current status is reverified.,{}
PRD-11ADF871FE,MFR-12BAB1E48C,Karl Storz,,KARL STORZ THORAX,Cotton Applicator 50 cm,10384A,,,10384 A,,Rigid bronchoscopy,Rigid bronchoscopy accessory,Reusable instrument,Reusable,Reprocessed,No,,,,,,,,,,,,Each,Adult,Cotton Applicator 50 cm,,Verified - legacy U.S. manufacturer catalog; current status pending,Hidden - current U.S. status unverified,SRC030,p. 91,2011-02,"Legacy 2011 U.S. catalog; current U.S. availability, labeling, and service support must be confirmed.",Not production-visible until current status is reverified.,{}
PRD-2BC12F8AEF,MFR-12BAB1E48C,Karl Storz,,KARL STORZ THORAX,Deflecting Device,10357,,,10357,,Rigid bronchoscopy,Steerable rigid bronchoscopy instrument,Reusable instrument,Reusable,Reprocessed,No,,,,Working length 43 cm,,,,,,,,Each,Adult,Deflecting Device,Use with 10357 deflecting device and compatible 10318 bronchoscope/telescope.,Verified - legacy U.S. manufacturer catalog; current status pending,Hidden - current U.S. status unverified,SRC030,p. 74,2011-02,"Legacy 2011 U.S. catalog; current U.S. availability, labeling, and service support must be confirmed.",Not production-visible until current status is reverified.,{}
PRD-EAED780757,MFR-12BAB1E48C,Karl Storz,,KARL STORZ THORAX,Flexible Cannula with Silicone Leaflet Valve,30120NL,,,30120 NL,,Medical thoracoscopy,Thoracoscopy trocar,Reusable instrument,Reusable,Reprocessed,No,,,,Size 6 mm; working length 8.5 cm,,,,,,,,Each,Adult,Flexible Cannula with Silicone Leaflet Valve,,Verified - legacy U.S. manufacturer catalog; current status pending,Hidden - current U.S. status unverified,SRC030,p. 144,2011-02,"Legacy 2011 U.S. catalog; current U.S. availability, labeling, and service support must be confirmed.",Not production-visible until current status is reverified.,{}
PRD-0EA65ED2D3,MFR-12BAB1E48C,Karl Storz,,KARL STORZ THORAX,"Flexible Cannula, No Valve",40120NL,,,40120 NL,,Medical thoracoscopy,Thoracoscopy trocar,Reusable instrument,Reusable,Reprocessed,No,,,,Size 6 mm; working length 8.5 cm,,,,,,,,Each,Adult,"Flexible Cannula, No Valve",,Verified - legacy U.S. manufacturer catalog; current status pending,Hidden - current U.S. status unverified,SRC030,p. 144,2011-02,"Legacy 2011 U.S. catalog; current U.S. availability, labeling, and service support must be confirmed.",Not production-visible until current status is reverified.,{}
PRD-F9A98419EA,MFR-12BAB1E48C,Karl Storz,,KARL STORZ THORAX,Flexible Small Biopsy Forceps,10358B,,,10358 B,,Rigid bronchoscopy,Steerable rigid bronchoscopy instrument,Reusable instrument,Reusable,Reprocessed,No,,,,Working length 65 cm,,,,,,,,Each,Adult,Flexible Small Biopsy Forceps,Use with 10357 deflecting device and compatible 10318 bronchoscope/telescope.,Verified - legacy U.S. manufacturer catalog; current status pending,Hidden - current U.S. status unverified,SRC030,p. 74,2011-02,"Legacy 2011 U.S. catalog; current U.S. availability, labeling, and service support must be confirmed.",Not production-visible until current status is reverified.,{}
PRD-615CDFB8AB,MFR-12BAB1E48C,Karl Storz,,KARL STORZ THORAX,Flexible Spoon Biopsy Forceps,10358A,,,10358 A,,Rigid bronchoscopy,Steerable rigid bronchoscopy instrument,Reusable instrument,Reusable,Reprocessed,No,,,,Working length 60 cm,,,,,,,,Each,Adult,Flexible Spoon Biopsy Forceps,Use with 10357 deflecting device and compatible 10318 bronchoscope/telescope.,Verified - legacy U.S. manufacturer catalog; current status pending,Hidden - current U.S. status unverified,SRC030,p. 74,2011-02,"Legacy 2011 U.S. catalog; current U.S. availability, labeling, and service support must be confirmed.",Not production-visible until current status is reverified.,{}
PRD-377440703A,MFR-12BAB1E48C,Karl Storz,,KARL STORZ THORAX,Flexible Trocar with Blunt Tip and Valve,30120NOL,,,30120 NOL,,Medical thoracoscopy,Thoracoscopy trocar,Reusable instrument,Reusable,Reprocessed,No,,,,Size 6 mm; working length 8.5 cm,,,,,,,,Each,Adult,Flexible Trocar with Blunt Tip and Valve,,Verified - legacy U.S. manufacturer catalog; current status pending,Hidden - current U.S. status unverified,SRC030,p. 144,2011-02,"Legacy 2011 U.S. catalog; current U.S. availability, labeling, and service support must be confirmed.",Not production-visible until current status is reverified.,{}
PRD-247C9B978C,MFR-12BAB1E48C,Karl Storz,,KARL STORZ THORAX,"Flexible Trocar with Blunt Tip, No Valve",40120NAL,,,40120 NAL,,Medical thoracoscopy,Thoracoscopy trocar,Reusable instrument,Reusable,Reprocessed,No,,,,Size 6 mm; working length 8.5 cm,,,,,,,,Each,Adult,"Flexible Trocar with Blunt Tip, No Valve",,Verified - legacy U.S. manufacturer catalog; current status pending,Hidden - current U.S. status unverified,SRC030,p. 144,2011-02,"Legacy 2011 U.S. catalog; current U.S. availability, labeling, and service support must be confirmed.",Not production-visible until current status is reverified.,{}
PRD-AF93E56FE5,MFR-12BAB1E48C,Karl Storz,,KARL STORZ THORAX,FLUVOG Adapter,10314P,,,10314 P,,Rigid bronchoscopy,Rigid bronchoscope accessory,Accessory,Reusable,Reprocessed,No,,,,,,,,,,,,Each,Adult,FLUVOG Adapter,Use with the specific KARL STORZ rigid bronchoscope/tracheoscope family listed in the legacy catalog.,Verified - legacy U.S. manufacturer catalog; current status pending,Hidden - current U.S. status unverified,SRC030,pp. 66-70,2011-02,"Legacy 2011 U.S. catalog; current U.S. availability, labeling, and service support must be confirmed.",Not production-visible until current status is reverified.,{}
PRD-758E53CAAF,MFR-12BAB1E48C,Karl Storz,,KARL STORZ THORAX,FLUVOG Adapter,10315P,,,10315 P,,Rigid bronchoscopy,Rigid bronchoscope accessory,Accessory,Reusable,Reprocessed,No,,,,,,,,,,,,Each,Adult,FLUVOG Adapter,Use with the specific KARL STORZ rigid bronchoscope/tracheoscope family listed in the legacy catalog.,Verified - legacy U.S. manufacturer catalog; current status pending,Hidden - current U.S. status unverified,SRC030,pp. 66-70,2011-02,"Legacy 2011 U.S. catalog; current U.S. availability, labeling, and service support must be confirmed.",Not production-visible until current status is reverified.,{}
PRD-4A023D6489,MFR-12BAB1E48C,Karl Storz,,KARL STORZ THORAX,Forceps for Peanuts/Soft Foreign Bodies,10366K,,,10366 K,,Rigid bronchoscopy,Rigid bronchoscopy forceps/scissors,Reusable instrument,Reusable,Reprocessed,No,,,,OD 2.5 mm; working length 50 cm,2.5,,,,50,,,Each,Adult,Forceps for Peanuts/Soft Foreign Bodies,Select shaft diameter and working length for bronchoscope lumen.,Verified - legacy U.S. manufacturer catalog; current status pending,Hidden - current U.S. status unverified,SRC030,p. 86,2011-02,"Legacy 2011 U.S. catalog; current U.S. availability, labeling, and service support must be confirmed.",Not production-visible until current status is reverified.,{}
PRD-354ECD3DC4,MFR-12BAB1E48C,Karl Storz,,KARL STORZ THORAX,Forceps for Peanuts/Soft Foreign Bodies,10367K,,,10367 K,,Rigid bronchoscopy,Rigid bronchoscopy forceps/scissors,Reusable instrument,Reusable,Reprocessed,No,,,,OD 2.5 mm; working length 35 cm,2.5,,,,35,,,Each,Adult,Forceps for Peanuts/Soft Foreign Bodies,Select shaft diameter and working length for bronchoscope lumen.,Verified - legacy U.S. manufacturer catalog; current status pending,Hidden - current U.S. status unverified,SRC030,p. 86,2011-02,"Legacy 2011 U.S. catalog; current U.S. availability, labeling, and service support must be confirmed.",Not production-visible until current status is reverified.,{}
PRD-90A0B83AA5,MFR-12BAB1E48C,Karl Storz,,KARL STORZ THORAX,Forceps for Peanuts/Soft Foreign Bodies,10370K,,,10370 K,,Rigid bronchoscopy,Rigid bronchoscopy forceps/scissors,Reusable instrument,Reusable,Reprocessed,No,,,,OD 2.5 mm; working length 50 cm,2.5,,,,50,,,Each,Adult,Forceps for Peanuts/Soft Foreign Bodies,Select shaft diameter and working length for bronchoscope lumen.,Verified - legacy U.S. manufacturer catalog; current status pending,Hidden - current U.S. status unverified,SRC030,p. 87,2011-02,"Legacy 2011 U.S. catalog; current U.S. availability, labeling, and service support must be confirmed.",Not production-visible until current status is reverified.,{}
PRD-1E613C92C3,MFR-12BAB1E48C,Karl Storz,,KARL STORZ THORAX,Forceps for Peanuts/Soft Foreign Bodies,10371K,,,10371 K,,Rigid bronchoscopy,Rigid bronchoscopy forceps/scissors,Reusable instrument,Reusable,Reprocessed,No,,,,OD 2.0 mm; working length 35 cm,2,,,,35,,,Each,Adult,Forceps for Peanuts/Soft Foreign Bodies,Select shaft diameter and working length for bronchoscope lumen.,Verified - legacy U.S. manufacturer catalog; current status pending,Hidden - current U.S. status unverified,SRC030,p. 88,2011-02,"Legacy 2011 U.S. catalog; current U.S. availability, labeling, and service support must be confirmed.",Not production-visible until current status is reverified.,{}
PRD-D07AD62770,MFR-12BAB1E48C,Karl Storz,,KARL STORZ THORAX,Forceps for Peanuts/Soft Foreign Bodies,10371KL,,,10371 KL,,Rigid bronchoscopy,Rigid bronchoscopy forceps/scissors,Reusable instrument,Reusable,Reprocessed,No,,,,OD 2.0 mm; working length 45 cm,2,,,,45,,,Each,Adult,Forceps for Peanuts/Soft Foreign Bodies,Select shaft diameter and working length for bronchoscope lumen.,Verified - legacy U.S. manufacturer catalog; current status pending,Hidden - current U.S. status unverified,SRC030,p. 88,2011-02,"Legacy 2011 U.S. catalog; current U.S. availability, labeling, and service support must be confirmed.",Not production-visible until current status is reverified.,{}
PRD-FF130FCDC6,MFR-12BAB1E48C,Karl Storz,,KARL STORZ THORAX,Forceps for Peanuts/Soft Foreign Bodies,10372K,,,10372 K,,Rigid bronchoscopy,Rigid bronchoscopy forceps/scissors,Reusable instrument,Reusable,Reprocessed,No,,,,OD 1.5 mm; working length 25 cm,1.5,,,,25,,,Each,Adult,Forceps for Peanuts/Soft Foreign Bodies,Select shaft diameter and working length for bronchoscope lumen.,Verified - legacy U.S. manufacturer catalog; current status pending,Hidden - current U.S. status unverified,SRC030,p. 89,2011-02,"Legacy 2011 U.S. catalog; current U.S. availability, labeling, and service support must be confirmed.",Not production-visible until current status is reverified.,{}
PRD-190EC613D0,MFR-12BAB1E48C,Karl Storz,,KARL STORZ THORAX,Forceps for Peanuts/Soft Foreign Bodies,10372KL,,,10372 KL,,Rigid bronchoscopy,Rigid bronchoscopy forceps/scissors,Reusable instrument,Reusable,Reprocessed,No,,,,OD 1.5 mm; working length 35 cm,1.5,,,,35,,,Each,Adult,Forceps for Peanuts/Soft Foreign Bodies,Select shaft diameter and working length for bronchoscope lumen.,Verified - legacy U.S. manufacturer catalog; current status pending,Hidden - current U.S. status unverified,SRC030,p. 89,2011-02,"Legacy 2011 U.S. catalog; current U.S. availability, labeling, and service support must be confirmed.",Not production-visible until current status is reverified.,{}
PRD-212BC58910,MFR-12BAB1E48C,Karl Storz,,KARL STORZ THORAX,"Foreign Body Basket, 35 cm",10386B,,,10386 B,,Rigid bronchoscopy,Rigid bronchoscopy accessory,Reusable instrument,Reusable,Reprocessed,No,,,,,,,,,,,,Each,Adult,"Foreign Body Basket, 35 cm",,Verified - legacy U.S. manufacturer catalog; current status pending,Hidden - current U.S. status unverified,SRC030,p. 93,2011-02,"Legacy 2011 U.S. catalog; current U.S. availability, labeling, and service support must be confirmed.",Not production-visible until current status is reverified.,{}
PRD-A2FCA81CFA,MFR-12BAB1E48C,Karl Storz,,KARL STORZ THORAX,"Foreign Body Basket, 50 cm",10386A,,,10386 A,,Rigid bronchoscopy,Rigid bronchoscopy accessory,Reusable instrument,Reusable,Reprocessed,No,,,,,,,,,,,,Each,Adult,"Foreign Body Basket, 50 cm",,Verified - legacy U.S. manufacturer catalog; current status pending,Hidden - current U.S. status unverified,SRC030,p. 93,2011-02,"Legacy 2011 U.S. catalog; current U.S. availability, labeling, and service support must be confirmed.",Not production-visible until current status is reverified.,{}
PRD-750BCA0F02,MFR-12BAB1E48C,Karl Storz,,KARL STORZ THORAX,FREITAG Stent Forceps,10510N,,,10510 N,,Endoscopy platform,Bifurcated airway stent forceps,Reusable instrument,Reusable,Reprocessed,No,,,,,,,,,,,,Each,Adult,FREITAG Stent Forceps,For placement of dynamic/bifurcated airway stents; verify stent-specific IFU.,Verified - legacy U.S. manufacturer catalog; current status pending,Hidden - current U.S. status unverified,SRC030,p. 78,2011-02,"Legacy 2011 U.S. catalog; current U.S. availability, labeling, and service support must be confirmed.",Not production-visible until current status is reverified.,{}
PRD-71D13E3955,MFR-12BAB1E48C,Karl Storz,,KARL STORZ THORAX,Full Lumen Operating Bronchoscope,10318FL,,,10318 FL,,Rigid bronchoscopy,Full-lumen rigid bronchoscope/tracheoscope,Reusable instrument,Reusable,Reprocessed,No,,,,Size 12 mm; length 43 cm,12,,,,43,,,Each,Adult,Full Lumen Operating Bronchoscope,Use with Prismatic Light Deflector 10101 FA and matching stent applicator/instruments.,Verified - legacy U.S. manufacturer catalog; current status pending,Hidden - current U.S. status unverified,SRC030,pp. 68-69,2011-02,"Legacy 2011 U.S. catalog; current U.S. availability, labeling, and service support must be confirmed.",Not production-visible until current status is reverified.,{}
PRD-B99F53FBC5,MFR-12BAB1E48C,Karl Storz,,KARL STORZ THORAX,Full Lumen Operating Bronchoscope for Stent Application,10318ER,,,10318 ER,,Rigid bronchoscopy,Full-lumen rigid bronchoscope/tracheoscope,Reusable instrument,Reusable,Reprocessed,No,,,,Size 11 mm; length 43 cm,11,,,,43,,,Each,Adult,Full Lumen Operating Bronchoscope for Stent Application,Use with Prismatic Light Deflector 10101 FA and matching stent applicator/instruments.,Verified - legacy U.S. manufacturer catalog; current status pending,Hidden - current U.S. status unverified,SRC030,pp. 68-69,2011-02,"Legacy 2011 U.S. catalog; current U.S. availability, labeling, and service support must be confirmed.",Not production-visible until current status is reverified.,{}
PRD-33120D5BE2,MFR-12BAB1E48C,Karl Storz,,KARL STORZ THORAX,Full Lumen Operating Bronchoscope for Stent Application,10318GL,,,10318 GL,,Rigid bronchoscopy,Full-lumen rigid bronchoscope/tracheoscope,Reusable instrument,Reusable,Reprocessed,No,,,,Size 14 mm; length 43 cm,14,,,,43,,,Each,Adult,Full Lumen Operating Bronchoscope for Stent Application,Use with Prismatic Light Deflector 10101 FA and matching stent applicator/instruments.,Verified - legacy U.S. manufacturer catalog; current status pending,Hidden - current U.S. status unverified,SRC030,pp. 68-69,2011-02,"Legacy 2011 U.S. catalog; current U.S. availability, labeling, and service support must be confirmed.",Not production-visible until current status is reverified.,{}
PRD-F96DCD2AC6,MFR-12BAB1E48C,Karl Storz,,KARL STORZ THORAX,Full Lumen Operating Tracheoscope,10318F,,,10318 F,,Rigid bronchoscopy,Full-lumen rigid bronchoscope/tracheoscope,Reusable instrument,Reusable,Reprocessed,No,,,,Size 12 mm; length 33 cm,12,,,,33,,,Each,Adult,Full Lumen Operating Tracheoscope,Use with Prismatic Light Deflector 10101 FA and matching stent applicator/instruments.,Verified - legacy U.S. manufacturer catalog; current status pending,Hidden - current U.S. status unverified,SRC030,pp. 68-69,2011-02,"Legacy 2011 U.S. catalog; current U.S. availability, labeling, and service support must be confirmed.",Not production-visible until current status is reverified.,{}
PRD-8D0C9F35DB,MFR-12BAB1E48C,Karl Storz,,KARL STORZ THORAX,Full Lumen Operating Tracheoscope,10318G,,,10318 G,,Rigid bronchoscopy,Full-lumen rigid bronchoscope/tracheoscope,Reusable instrument,Reusable,Reprocessed,No,,,,Size 14 mm; length 33 cm,14,,,,33,,,Each,Adult,Full Lumen Operating Tracheoscope,Use with Prismatic Light Deflector 10101 FA and matching stent applicator/instruments.,Verified - legacy U.S. manufacturer catalog; current status pending,Hidden - current U.S. status unverified,SRC030,pp. 68-69,2011-02,"Legacy 2011 U.S. catalog; current U.S. availability, labeling, and service support must be confirmed.",Not production-visible until current status is reverified.,{}
PRD-B05D337994,MFR-12BAB1E48C,Karl Storz,,KARL STORZ THORAX,Glass Window Plug,10314BM,,,10314 BM,,Rigid bronchoscopy,Rigid bronchoscope accessory,Accessory,Reusable,Reprocessed,No,,,,,,,,,,,,Each,Adult,Glass Window Plug,Use with the specific KARL STORZ rigid bronchoscope/tracheoscope family listed in the legacy catalog.,Verified - legacy U.S. manufacturer catalog; current status pending,Hidden - current U.S. status unverified,SRC030,pp. 66-70,2011-02,"Legacy 2011 U.S. catalog; current U.S. availability, labeling, and service support must be confirmed.",Not production-visible until current status is reverified.,{}
PRD-A504350406,MFR-12BAB1E48C,Karl Storz,,KARL STORZ THORAX,Glass Window Plug,10315M,,,10315 M,,Rigid bronchoscopy,Rigid bronchoscope accessory,Accessory,Reusable,Reprocessed,No,,,,,,,,,,,,Each,Adult,Glass Window Plug,Use with the specific KARL STORZ rigid bronchoscope/tracheoscope family listed in the legacy catalog.,Verified - legacy U.S. manufacturer catalog; current status pending,Hidden - current U.S. status unverified,SRC030,pp. 66-70,2011-02,"Legacy 2011 U.S. catalog; current U.S. availability, labeling, and service support must be confirmed.",Not production-visible until current status is reverified.,{}
PRD-C737E93B1B,MFR-12BAB1E48C,Karl Storz,,KARL STORZ THORAX,Graduated Container,10455A,,,10455 A,,Rigid bronchoscopy,Rigid bronchoscopy accessory,Reusable instrument,Reusable,Reprocessed,No,,,,,,,,,,,,Each,Adult,Graduated Container,,Verified - legacy U.S. manufacturer catalog; current status pending,Hidden - current U.S. status unverified,SRC030,p. 93,2011-02,"Legacy 2011 U.S. catalog; current U.S. availability, labeling, and service support must be confirmed.",Not production-visible until current status is reverified.,{}
PRD-BC16136731,MFR-12BAB1E48C,Karl Storz,,KARL STORZ THORAX,GRONINGEN Optical Dilation Tracheoscope,10337R,,,10337 R,,Rigid bronchoscopy,Rigid tracheoscope,Reusable instrument,Reusable,Reprocessed,No,,,,OD 12 mm; length 30 cm,12,,,,30,,,Each,Adult,GRONINGEN Optical Dilation Tracheoscope,Use with HOPKINS II telescopes 10005 AA/BA and compatible ventilation adapter.,Verified - legacy U.S. manufacturer catalog; current status pending,Hidden - current U.S. status unverified,SRC030,p. 70,2011-02,"Legacy 2011 U.S. catalog; current U.S. availability, labeling, and service support must be confirmed.",Not production-visible until current status is reverified.,{}
PRD-CA32599DA2,MFR-12BAB1E48C,Karl Storz,,KARL STORZ THORAX,GRONINGEN Optical Dilation Tracheoscope,10337S,,,10337 S,,Rigid bronchoscopy,Rigid tracheoscope,Reusable instrument,Reusable,Reprocessed,No,,,,OD 8 mm; length 30 cm,8,,,,30,,,Each,Adult,GRONINGEN Optical Dilation Tracheoscope,Use with HOPKINS II telescopes 10005 AA/BA and compatible ventilation adapter.,Verified - legacy U.S. manufacturer catalog; current status pending,Hidden - current U.S. status unverified,SRC030,p. 70,2011-02,"Legacy 2011 U.S. catalog; current U.S. availability, labeling, and service support must be confirmed.",Not production-visible until current status is reverified.,{}
PRD-2110EC2BCF,MFR-12BAB1E48C,Karl Storz,,KARL STORZ THORAX,GRONINGEN Optical Intubation Tracheoscope,10337T,,,10337 T,,Rigid bronchoscopy,Rigid tracheoscope,Reusable instrument,Reusable,Reprocessed,No,,,,OD 5.5 mm; length 30 cm,5.5,,,,30,,,Each,Adult,GRONINGEN Optical Intubation Tracheoscope,Use with HOPKINS II telescopes 10005 AA/BA and compatible ventilation adapter.,Verified - legacy U.S. manufacturer catalog; current status pending,Hidden - current U.S. status unverified,SRC030,p. 70,2011-02,"Legacy 2011 U.S. catalog; current U.S. availability, labeling, and service support must be confirmed.",Not production-visible until current status is reverified.,{}
PRD-0FD6CC7A8E,MFR-12BAB1E48C,Karl Storz,,KARL STORZ THORAX,HOPKINS Forward-Oblique Telescope,10320BA,,,10320 BA,,Rigid bronchoscopy,Rigid bronchoscopy telescope,Reusable instrument,Reusable,Reprocessed,No,,,,30°; OD 5.5 mm; length 50 cm,5.5,,,,50,,,Each,Adult,HOPKINS Forward-Oblique Telescope,"Match bronchoscope size, telescope guide, and optical forceps.",Verified - legacy U.S. manufacturer catalog; current status pending,Hidden - current U.S. status unverified,SRC030,pp. 70-73,2011-02,"Legacy 2011 U.S. catalog; current U.S. availability, labeling, and service support must be confirmed.",Not production-visible until current status is reverified.,"{""direction_of_view_deg"": 30, ""outer_diameter_mm"": 5.5, ""working_length_mm"": 500}"
PRD-5CCBBDD4CF,MFR-12BAB1E48C,Karl Storz,,KARL STORZ THORAX,HOPKINS II Forward-Oblique Telescope,10005BA,,,10005 BA,,Rigid bronchoscopy,Rigid bronchoscopy telescope,Reusable instrument,Reusable,Reprocessed,No,,,,30°; OD 4 mm; length 30 cm,4,,,,30,,,Each,Adult,HOPKINS II Forward-Oblique Telescope,"Match bronchoscope size, telescope guide, and optical forceps.",Verified - legacy U.S. manufacturer catalog; current status pending,Hidden - current U.S. status unverified,SRC030,pp. 70-73,2011-02,"Legacy 2011 U.S. catalog; current U.S. availability, labeling, and service support must be confirmed.",Not production-visible until current status is reverified.,"{""direction_of_view_deg"": 30, ""outer_diameter_mm"": 4, ""working_length_mm"": 300}"
PRD-3D91F04C91,MFR-12BAB1E48C,Karl Storz,,KARL STORZ THORAX,HOPKINS II Straight Forward Telescope,10005AA,,,10005 AA,,Rigid bronchoscopy,Rigid bronchoscopy telescope,Reusable instrument,Reusable,Reprocessed,No,,,,0°; OD 4 mm; length 30 cm,4,,,,30,,,Each,Adult,HOPKINS II Straight Forward Telescope,"Match bronchoscope size, telescope guide, and optical forceps.",Verified - legacy U.S. manufacturer catalog; current status pending,Hidden - current U.S. status unverified,SRC030,pp. 70-73,2011-02,"Legacy 2011 U.S. catalog; current U.S. availability, labeling, and service support must be confirmed.",Not production-visible until current status is reverified.,"{""direction_of_view_deg"": 0, ""outer_diameter_mm"": 4, ""working_length_mm"": 300}"
PRD-F1712066B6,MFR-12BAB1E48C,Karl Storz,,KARL STORZ THORAX,HOPKINS II Thoracoscopy Telescope,26072BA,,,26072 BA,,Medical thoracoscopy,Thoracoscopy telescope,Reusable instrument,Reusable,Reprocessed,No,,,,30°; OD 4 mm; length 29 cm,4,,,,29,,,Each,Adult,HOPKINS II Thoracoscopy Telescope,,Verified - legacy U.S. manufacturer catalog; current status pending,Hidden - current U.S. status unverified,SRC030,p. 143,2011-02,"Legacy 2011 U.S. catalog; current U.S. availability, labeling, and service support must be confirmed.",Not production-visible until current status is reverified.,{}
PRD-BB9A5CC0AE,MFR-12BAB1E48C,Karl Storz,,KARL STORZ THORAX,HOPKINS Lateral Telescope,10320DA,,,10320 DA,,Rigid bronchoscopy,Rigid bronchoscopy telescope,Reusable instrument,Reusable,Reprocessed,No,,,,90°; OD 5.5 mm; length 50 cm,5.5,,,,50,,,Each,Adult,HOPKINS Lateral Telescope,"Match bronchoscope size, telescope guide, and optical forceps.",Verified - legacy U.S. manufacturer catalog; current status pending,Hidden - current U.S. status unverified,SRC030,pp. 70-73,2011-02,"Legacy 2011 U.S. catalog; current U.S. availability, labeling, and service support must be confirmed.",Not production-visible until current status is reverified.,"{""direction_of_view_deg"": 90, ""outer_diameter_mm"": 5.5, ""working_length_mm"": 500}"
PRD-EC45CB0F5D,MFR-12BAB1E48C,Karl Storz,,KARL STORZ THORAX,HOPKINS Straight Forward Telescope,10320AA,,,10320 AA,,Rigid bronchoscopy,Rigid bronchoscopy telescope,Reusable instrument,Reusable,Reprocessed,No,,,,0°; OD 5.5 mm; length 50 cm,5.5,,,,50,,,Each,Adult,HOPKINS Straight Forward Telescope,"Match bronchoscope size, telescope guide, and optical forceps.",Verified - legacy U.S. manufacturer catalog; current status pending,Hidden - current U.S. status unverified,SRC030,pp. 70-73,2011-02,"Legacy 2011 U.S. catalog; current U.S. availability, labeling, and service support must be confirmed.",Not production-visible until current status is reverified.,"{""direction_of_view_deg"": 0, ""outer_diameter_mm"": 5.5, ""working_length_mm"": 500}"
PRD-6274807854,MFR-12BAB1E48C,Karl Storz,,KARL STORZ THORAX,HOPKINS Straight Forward Telescope,10328AA,,,10328 AA,,Rigid bronchoscopy,Rigid bronchoscopy telescope,Reusable instrument,Reusable,Reprocessed,No,,,,0°; OD 4.5 mm; length 50 cm,4.5,,,,50,,,Each,Adult,HOPKINS Straight Forward Telescope,"Match bronchoscope size, telescope guide, and optical forceps.",Verified - legacy U.S. manufacturer catalog; current status pending,Hidden - current U.S. status unverified,SRC030,pp. 70-73,2011-02,"Legacy 2011 U.S. catalog; current U.S. availability, labeling, and service support must be confirmed.",Not production-visible until current status is reverified.,"{""direction_of_view_deg"": 0, ""outer_diameter_mm"": 4.5, ""working_length_mm"": 500}"
PRD-5902F1C231,MFR-12BAB1E48C,Karl Storz,,KARL STORZ THORAX,HUZLY Aspirator and Bronchus Irrigator,10434,,,10434,,Rigid bronchoscopy,Bronchoscopy aspiration/irrigation accessory,Reusable instrument,Reusable,Reprocessed,No,,,,,,,,,,,,Each,Adult,HUZLY Aspirator and Bronchus Irrigator,,Verified - legacy U.S. manufacturer catalog; current status pending,Hidden - current U.S. status unverified,SRC030,p. 92,2011-02,"Legacy 2011 U.S. catalog; current U.S. availability, labeling, and service support must be confirmed.",Not production-visible until current status is reverified.,{}
PRD-06811F5515,MFR-12BAB1E48C,Karl Storz,,KARL STORZ THORAX,HUZLY Suction Tube 3 mm x 35 cm,10434B,,,10434 B,,Rigid bronchoscopy,Bronchoscopy aspiration/irrigation accessory,Reusable instrument,Reusable,Reprocessed,No,,,,,,,,,,,,Each,Adult,HUZLY Suction Tube 3 mm x 35 cm,,Verified - legacy U.S. manufacturer catalog; current status pending,Hidden - current U.S. status unverified,SRC030,p. 92,2011-02,"Legacy 2011 U.S. catalog; current U.S. availability, labeling, and service support must be confirmed.",Not production-visible until current status is reverified.,{}
PRD-8A19FB9627,MFR-12BAB1E48C,Karl Storz,,KARL STORZ THORAX,HUZLY Suction Tube 4 mm x 50 cm,10434A,,,10434 A,,Rigid bronchoscopy,Bronchoscopy aspiration/irrigation accessory,Reusable instrument,Reusable,Reprocessed,No,,,,,,,,,,,,Each,Adult,HUZLY Suction Tube 4 mm x 50 cm,,Verified - legacy U.S. manufacturer catalog; current status pending,Hidden - current U.S. status unverified,SRC030,p. 92,2011-02,"Legacy 2011 U.S. catalog; current U.S. availability, labeling, and service support must be confirmed.",Not production-visible until current status is reverified.,{}
PRD-1EEDD71C53,MFR-12BAB1E48C,Karl Storz,,KARL STORZ THORAX,Instrument Guide for Suction Catheter,10318S,,,10318 S,,Rigid bronchoscopy,Rigid bronchoscope accessory,Accessory,Reusable,Reprocessed,No,,,,,,,,,,,,Each,Adult,Instrument Guide for Suction Catheter,Use with the specific KARL STORZ rigid bronchoscope/tracheoscope family listed in the legacy catalog.,Verified - legacy U.S. manufacturer catalog; current status pending,Hidden - current U.S. status unverified,SRC030,pp. 66-70,2011-02,"Legacy 2011 U.S. catalog; current U.S. availability, labeling, and service support must be confirmed.",Not production-visible until current status is reverified.,{}
PRD-050EDDE140,MFR-12BAB1E48C,Karl Storz,,KARL STORZ THORAX,Laryngeal Atomizer,10454,,,10454,,Rigid bronchoscopy,Rigid bronchoscopy accessory,Reusable instrument,Reusable,Reprocessed,No,,,,,,,,,,,,Each,Adult,Laryngeal Atomizer,,Verified - legacy U.S. manufacturer catalog; current status pending,Hidden - current U.S. status unverified,SRC030,p. 93,2011-02,"Legacy 2011 U.S. catalog; current U.S. availability, labeling, and service support must be confirmed.",Not production-visible until current status is reverified.,{}
PRD-768CEEE32B,MFR-12BAB1E48C,Karl Storz,,KARL STORZ THORAX,Long Respirator Adapter,10924DL,,,10924 DL,,Rigid bronchoscopy,Rigid bronchoscope accessory,Accessory,Reusable,Reprocessed,No,,,,,,,,,,,,Each,Adult,Long Respirator Adapter,Use with the specific KARL STORZ rigid bronchoscope/tracheoscope family listed in the legacy catalog.,Verified - legacy U.S. manufacturer catalog; current status pending,Hidden - current U.S. status unverified,SRC030,pp. 66-70,2011-02,"Legacy 2011 U.S. catalog; current U.S. availability, labeling, and service support must be confirmed.",Not production-visible until current status is reverified.,{}
PRD-ABB6EC1153,MFR-12BAB1E48C,Karl Storz,,KARL STORZ THORAX,Malleable Round Spoon Biopsy Forceps,10370M,,,10370 M,,Rigid bronchoscopy,Rigid bronchoscopy forceps/scissors,Reusable instrument,Reusable,Reprocessed,No,,,,OD 2.5 mm; working length 50 cm,2.5,,,,50,,,Each,Adult,Malleable Round Spoon Biopsy Forceps,Select shaft diameter and working length for bronchoscope lumen.,Verified - legacy U.S. manufacturer catalog; current status pending,Hidden - current U.S. status unverified,SRC030,p. 87,2011-02,"Legacy 2011 U.S. catalog; current U.S. availability, labeling, and service support must be confirmed.",Not production-visible until current status is reverified.,{}
PRD-4A98F07FC6,MFR-12BAB1E48C,Karl Storz,,KARL STORZ THORAX,Optical Alligator Forceps,10352H,,,10352 H,,Rigid bronchoscopy,Optical rigid bronchoscopy forceps,Reusable instrument,Reusable,Reprocessed,No,,,,,,,,,,,,Each,Adult,Optical Alligator Forceps,10350 family for 5.5 mm HOPKINS telescopes and larger scopes; 10352 family for 4.5 mm telescope and 6.5-8.5 scopes.,Verified - legacy U.S. manufacturer catalog; current status pending,Hidden - current U.S. status unverified,SRC030,p. 73,2011-02,"Legacy 2011 U.S. catalog; current U.S. availability, labeling, and service support must be confirmed.",Not production-visible until current status is reverified.,{}
PRD-1905FD9828,MFR-12BAB1E48C,Karl Storz,,KARL STORZ THORAX,Optical Alligator Forceps for Hard Foreign Bodies,10350HF,,,10350 HF,,Rigid bronchoscopy,Optical rigid bronchoscopy forceps,Reusable instrument,Reusable,Reprocessed,No,,,,,,,,,,,,Each,Adult,Optical Alligator Forceps for Hard Foreign Bodies,10350 family for 5.5 mm HOPKINS telescopes and larger scopes; 10352 family for 4.5 mm telescope and 6.5-8.5 scopes.,Verified - legacy U.S. manufacturer catalog; current status pending,Hidden - current U.S. status unverified,SRC030,p. 72,2011-02,"Legacy 2011 U.S. catalog; current U.S. availability, labeling, and service support must be confirmed.",Not production-visible until current status is reverified.,{}
PRD-16C811C696,MFR-12BAB1E48C,Karl Storz,,KARL STORZ THORAX,Optical Biopsy Forceps,26072A,,,26072 A,,Medical thoracoscopy,Pleural biopsy forceps,Reusable instrument,Reusable,Reprocessed,No,,,,,,,,,,,,Each,Adult,Optical Biopsy Forceps,Use with HOPKINS II telescope 26072 BA.,Verified - legacy U.S. manufacturer catalog; current status pending,Hidden - current U.S. status unverified,SRC030,p. 143,2011-02,"Legacy 2011 U.S. catalog; current U.S. availability, labeling, and service support must be confirmed.",Not production-visible until current status is reverified.,{}
PRD-A9183C4F8F,MFR-12BAB1E48C,Karl Storz,,KARL STORZ THORAX,Optical Forceps for Peanuts/Soft Foreign Bodies,10350KF,,,10350 KF,,Rigid bronchoscopy,Optical rigid bronchoscopy forceps,Reusable instrument,Reusable,Reprocessed,No,,,,,,,,,,,,Each,Adult,Optical Forceps for Peanuts/Soft Foreign Bodies,10350 family for 5.5 mm HOPKINS telescopes and larger scopes; 10352 family for 4.5 mm telescope and 6.5-8.5 scopes.,Verified - legacy U.S. manufacturer catalog; current status pending,Hidden - current U.S. status unverified,SRC030,p. 72,2011-02,"Legacy 2011 U.S. catalog; current U.S. availability, labeling, and service support must be confirmed.",Not production-visible until current status is reverified.,{}
PRD-2274F20402,MFR-12BAB1E48C,Karl Storz,,KARL STORZ THORAX,Optical Large Blunt Serrated Foreign Body Forceps,10350MS,,,10350 MS,,Rigid bronchoscopy,Optical rigid bronchoscopy forceps,Reusable instrument,Reusable,Reprocessed,No,,,,,,,,,,,,Each,Adult,Optical Large Blunt Serrated Foreign Body Forceps,10350 family for 5.5 mm HOPKINS telescopes and larger scopes; 10352 family for 4.5 mm telescope and 6.5-8.5 scopes.,Verified - legacy U.S. manufacturer catalog; current status pending,Hidden - current U.S. status unverified,SRC030,p. 72,2011-02,"Legacy 2011 U.S. catalog; current U.S. availability, labeling, and service support must be confirmed.",Not production-visible until current status is reverified.,{}
PRD-10B24D66DD,MFR-12BAB1E48C,Karl Storz,,KARL STORZ THORAX,Optical Large Sharp Tissue Forceps,10350M,,,10350 M,,Rigid bronchoscopy,Optical rigid bronchoscopy forceps,Reusable instrument,Reusable,Reprocessed,No,,,,,,,,,,,,Each,Adult,Optical Large Sharp Tissue Forceps,10350 family for 5.5 mm HOPKINS telescopes and larger scopes; 10352 family for 4.5 mm telescope and 6.5-8.5 scopes.,Verified - legacy U.S. manufacturer catalog; current status pending,Hidden - current U.S. status unverified,SRC030,p. 72,2011-02,"Legacy 2011 U.S. catalog; current U.S. availability, labeling, and service support must be confirmed.",Not production-visible until current status is reverified.,{}
PRD-D14312CC6A,MFR-12BAB1E48C,Karl Storz,,KARL STORZ THORAX,Optical Powder Blower,26072TK,,,26072 TK,,Endoscopy platform,Talc poudrage applicator,Reusable instrument,Reusable,Reprocessed,No,,,,,,,,,,,,Each,Adult,Optical Powder Blower,Use with HOPKINS II telescope 26072 BA; verify talc product and institutional protocol.,Verified - legacy U.S. manufacturer catalog; current status pending,Hidden - current U.S. status unverified,SRC030,p. 143,2011-02,"Legacy 2011 U.S. catalog; current U.S. availability, labeling, and service support must be confirmed.",Not production-visible until current status is reverified.,{}
PRD-EB01698273,MFR-12BAB1E48C,Karl Storz,,KARL STORZ THORAX,Optical Soft-Foreign-Body Forceps,10352KF,,,10352 KF,,Rigid bronchoscopy,Optical rigid bronchoscopy forceps,Reusable instrument,Reusable,Reprocessed,No,,,,,,,,,,,,Each,Adult,Optical Soft-Foreign-Body Forceps,10350 family for 5.5 mm HOPKINS telescopes and larger scopes; 10352 family for 4.5 mm telescope and 6.5-8.5 scopes.,Verified - legacy U.S. manufacturer catalog; current status pending,Hidden - current U.S. status unverified,SRC030,p. 73,2011-02,"Legacy 2011 U.S. catalog; current U.S. availability, labeling, and service support must be confirmed.",Not production-visible until current status is reverified.,{}
PRD-50DCC12BE8,MFR-12BAB1E48C,Karl Storz,,KARL STORZ THORAX,Optical Spoon Biopsy Forceps,10350L,,,10350 L,,Rigid bronchoscopy,Optical rigid bronchoscopy forceps,Reusable instrument,Reusable,Reprocessed,No,,,,,,,,,,,,Each,Adult,Optical Spoon Biopsy Forceps,10350 family for 5.5 mm HOPKINS telescopes and larger scopes; 10352 family for 4.5 mm telescope and 6.5-8.5 scopes.,Verified - legacy U.S. manufacturer catalog; current status pending,Hidden - current U.S. status unverified,SRC030,p. 72,2011-02,"Legacy 2011 U.S. catalog; current U.S. availability, labeling, and service support must be confirmed.",Not production-visible until current status is reverified.,{}
PRD-2DACCAD2B4,MFR-12BAB1E48C,Karl Storz,,KARL STORZ THORAX,Optical Spoon Biopsy Forceps,10352L,,,10352 L,,Rigid bronchoscopy,Optical rigid bronchoscopy forceps,Reusable instrument,Reusable,Reprocessed,No,,,,,,,,,,,,Each,Adult,Optical Spoon Biopsy Forceps,10350 family for 5.5 mm HOPKINS telescopes and larger scopes; 10352 family for 4.5 mm telescope and 6.5-8.5 scopes.,Verified - legacy U.S. manufacturer catalog; current status pending,Hidden - current U.S. status unverified,SRC030,p. 73,2011-02,"Legacy 2011 U.S. catalog; current U.S. availability, labeling, and service support must be confirmed.",Not production-visible until current status is reverified.,{}
PRD-B540AFF326,MFR-12BAB1E48C,Karl Storz,,KARL STORZ THORAX,Optical Stent Repositioning/Removal Forceps,10350ST,,,10350 ST,,Rigid bronchoscopy,Optical rigid bronchoscopy forceps,Reusable instrument,Reusable,Reprocessed,No,,,,,,,,,,,,Each,Adult,Optical Stent Repositioning/Removal Forceps,10350 family for 5.5 mm HOPKINS telescopes and larger scopes; 10352 family for 4.5 mm telescope and 6.5-8.5 scopes.,Verified - legacy U.S. manufacturer catalog; current status pending,Hidden - current U.S. status unverified,SRC030,p. 72,2011-02,"Legacy 2011 U.S. catalog; current U.S. availability, labeling, and service support must be confirmed.",Not production-visible until current status is reverified.,{}
PRD-762DCA1D6D,MFR-12BAB1E48C,Karl Storz,,KARL STORZ THORAX,Optical Suction Tube,26072SU,,,26072 SU,,Medical thoracoscopy,Thoracoscopy suction instrument,Reusable instrument,Reusable,Reprocessed,No,,,,,,,,,,,,Each,Adult,Optical Suction Tube,Use with HOPKINS II telescope 26072 BA.,Verified - legacy U.S. manufacturer catalog; current status pending,Hidden - current U.S. status unverified,SRC030,p. 143,2011-02,"Legacy 2011 U.S. catalog; current U.S. availability, labeling, and service support must be confirmed.",Not production-visible until current status is reverified.,{}
PRD-E56FC05269,MFR-12BAB1E48C,Karl Storz,,KARL STORZ THORAX,Optical Universal Forceps,10350U,,,10350 U,,Rigid bronchoscopy,Optical rigid bronchoscopy forceps,Reusable instrument,Reusable,Reprocessed,No,,,,,,,,,,,,Each,Adult,Optical Universal Forceps,10350 family for 5.5 mm HOPKINS telescopes and larger scopes; 10352 family for 4.5 mm telescope and 6.5-8.5 scopes.,Verified - legacy U.S. manufacturer catalog; current status pending,Hidden - current U.S. status unverified,SRC030,p. 72,2011-02,"Legacy 2011 U.S. catalog; current U.S. availability, labeling, and service support must be confirmed.",Not production-visible until current status is reverified.,{}
PRD-E02F46CDAD,MFR-12BAB1E48C,Karl Storz,,KARL STORZ THORAX,Optical Universal Forceps,10352U,,,10352 U,,Rigid bronchoscopy,Optical rigid bronchoscopy forceps,Reusable instrument,Reusable,Reprocessed,No,,,,,,,,,,,,Each,Adult,Optical Universal Forceps,10350 family for 5.5 mm HOPKINS telescopes and larger scopes; 10352 family for 4.5 mm telescope and 6.5-8.5 scopes.,Verified - legacy U.S. manufacturer catalog; current status pending,Hidden - current U.S. status unverified,SRC030,p. 73,2011-02,"Legacy 2011 U.S. catalog; current U.S. availability, labeling, and service support must be confirmed.",Not production-visible until current status is reverified.,{}
PRD-17C3809F8C,MFR-12BAB1E48C,Karl Storz,,KARL STORZ THORAX,Oval Fenestrated Biopsy Forceps,10370P,,,10370 P,,Rigid bronchoscopy,Rigid bronchoscopy forceps/scissors,Reusable instrument,Reusable,Reprocessed,No,,,,OD 2.5 mm; working length 50 cm,2.5,,,,50,,,Each,Adult,Oval Fenestrated Biopsy Forceps,Select shaft diameter and working length for bronchoscope lumen.,Verified - legacy U.S. manufacturer catalog; current status pending,Hidden - current U.S. status unverified,SRC030,p. 87,2011-02,"Legacy 2011 U.S. catalog; current U.S. availability, labeling, and service support must be confirmed.",Not production-visible until current status is reverified.,{}
PRD-843BE1E573,MFR-12BAB1E48C,Karl Storz,,KARL STORZ THORAX,Oval Fenestrated Biopsy Forceps,10371P,,,10371 P,,Rigid bronchoscopy,Rigid bronchoscopy forceps/scissors,Reusable instrument,Reusable,Reprocessed,No,,,,OD 2.0 mm; working length 35 cm,2,,,,35,,,Each,Adult,Oval Fenestrated Biopsy Forceps,Select shaft diameter and working length for bronchoscope lumen.,Verified - legacy U.S. manufacturer catalog; current status pending,Hidden - current U.S. status unverified,SRC030,p. 88,2011-02,"Legacy 2011 U.S. catalog; current U.S. availability, labeling, and service support must be confirmed.",Not production-visible until current status is reverified.,{}
PRD-694417C2F5,MFR-12BAB1E48C,Karl Storz,,KARL STORZ THORAX,Pointed Serrated Forceps,10372JL,,,10372 JL,,Rigid bronchoscopy,Rigid bronchoscopy forceps/scissors,Reusable instrument,Reusable,Reprocessed,No,,,,OD 1.5 mm; working length 35 cm,1.5,,,,35,,,Each,Adult,Pointed Serrated Forceps,Select shaft diameter and working length for bronchoscope lumen.,Verified - legacy U.S. manufacturer catalog; current status pending,Hidden - current U.S. status unverified,SRC030,p. 89,2011-02,"Legacy 2011 U.S. catalog; current U.S. availability, labeling, and service support must be confirmed.",Not production-visible until current status is reverified.,{}
PRD-B4CA5FDE98,MFR-12BAB1E48C,Karl Storz,,KARL STORZ THORAX,Pointed Serrated Forceps for Coins/Flat Bodies,10370J,,,10370 J,,Rigid bronchoscopy,Rigid bronchoscopy forceps/scissors,Reusable instrument,Reusable,Reprocessed,No,,,,OD 2.5 mm; working length 50 cm,2.5,,,,50,,,Each,Adult,Pointed Serrated Forceps for Coins/Flat Bodies,Select shaft diameter and working length for bronchoscope lumen.,Verified - legacy U.S. manufacturer catalog; current status pending,Hidden - current U.S. status unverified,SRC030,p. 87,2011-02,"Legacy 2011 U.S. catalog; current U.S. availability, labeling, and service support must be confirmed.",Not production-visible until current status is reverified.,{}
PRD-AC1E0D8CCC,MFR-12BAB1E48C,Karl Storz,,KARL STORZ THORAX,Pointed Serrated Forceps for Coins/Flat Bodies,10371J,,,10371 J,,Rigid bronchoscopy,Rigid bronchoscopy forceps/scissors,Reusable instrument,Reusable,Reprocessed,No,,,,OD 2.0 mm; working length 35 cm,2,,,,35,,,Each,Adult,Pointed Serrated Forceps for Coins/Flat Bodies,Select shaft diameter and working length for bronchoscope lumen.,Verified - legacy U.S. manufacturer catalog; current status pending,Hidden - current U.S. status unverified,SRC030,p. 88,2011-02,"Legacy 2011 U.S. catalog; current U.S. availability, labeling, and service support must be confirmed.",Not production-visible until current status is reverified.,{}
PRD-06D2F10782,MFR-12BAB1E48C,Karl Storz,,KARL STORZ THORAX,Positive-Pressure Ventilation Injection Cannula,10318K,,,10318 K,,Rigid bronchoscopy,Rigid bronchoscope accessory,Accessory,Reusable,Reprocessed,No,,,,,,,,,,,,Each,Adult,Positive-Pressure Ventilation Injection Cannula,Use with the specific KARL STORZ rigid bronchoscope/tracheoscope family listed in the legacy catalog.,Verified - legacy U.S. manufacturer catalog; current status pending,Hidden - current U.S. status unverified,SRC030,pp. 66-70,2011-02,"Legacy 2011 U.S. catalog; current U.S. availability, labeling, and service support must be confirmed.",Not production-visible until current status is reverified.,{}
PRD-0EA2B293A4,MFR-12BAB1E48C,Karl Storz,,KARL STORZ THORAX,Prismatic Light Deflector,10101FA,,,10101 FA,,Rigid bronchoscopy,Rigid bronchoscope accessory,Accessory,Reusable,Reprocessed,No,,,,,,,,,,,,Each,Adult,Prismatic Light Deflector,Use with the specific KARL STORZ rigid bronchoscope/tracheoscope family listed in the legacy catalog.,Verified - legacy U.S. manufacturer catalog; current status pending,Hidden - current U.S. status unverified,SRC030,pp. 66-70,2011-02,"Legacy 2011 U.S. catalog; current U.S. availability, labeling, and service support must be confirmed.",Not production-visible until current status is reverified.,{}
PRD-934DA56D92,MFR-12BAB1E48C,Karl Storz,,KARL STORZ THORAX,Puncture Needle for Histology,10435A,,,10435 A,,Rigid bronchoscopy,Rigid bronchoscopy biopsy needle,Reusable instrument,Reusable,Reprocessed,No,,,,OD 1.4 mm; working length 48 cm,1.4,,,,48,,,Each,Adult,Puncture Needle for Histology,Use through instrument guide 10329 A.,Verified - legacy U.S. manufacturer catalog; current status pending,Hidden - current U.S. status unverified,SRC030,p. 75,2011-02,"Legacy 2011 U.S. catalog; current U.S. availability, labeling, and service support must be confirmed.",Not production-visible until current status is reverified.,{}
PRD-61EE4D5DE6,MFR-12BAB1E48C,Karl Storz,,KARL STORZ THORAX,RAMEL Pleurabiopsy Needle,10990,,,10990,,Medical thoracoscopy,Pleural biopsy needle,Reusable instrument,Reusable,Reprocessed,No,,,,Cannula size 3 mm; working length 6.5 cm,,,,,,,,Each,Adult,RAMEL Pleurabiopsy Needle,,Verified - legacy U.S. manufacturer catalog; current status pending,Hidden - current U.S. status unverified,SRC030,p. 145,2011-02,"Legacy 2011 U.S. catalog; current U.S. availability, labeling, and service support must be confirmed.",Not production-visible until current status is reverified.,{}
PRD-F14EF79E1A,MFR-12BAB1E48C,Karl Storz,,KARL STORZ THORAX,Respirator Adapter,10924D,,,10924 D,,Rigid bronchoscopy,Rigid bronchoscope accessory,Accessory,Reusable,Reprocessed,No,,,,,,,,,,,,Each,Adult,Respirator Adapter,Use with the specific KARL STORZ rigid bronchoscope/tracheoscope family listed in the legacy catalog.,Verified - legacy U.S. manufacturer catalog; current status pending,Hidden - current U.S. status unverified,SRC030,pp. 66-70,2011-02,"Legacy 2011 U.S. catalog; current U.S. availability, labeling, and service support must be confirmed.",Not production-visible until current status is reverified.,{}
PRD-D0E745FF62,MFR-12BAB1E48C,Karl Storz,,KARL STORZ THORAX,Respirator Adapter for GRONINGEN Tracheoscope,10316LR,,,10316 LR,,Rigid bronchoscopy,Rigid bronchoscope accessory,Accessory,Reusable,Reprocessed,No,,,,,,,,,,,,Each,Adult,Respirator Adapter for GRONINGEN Tracheoscope,Use with the specific KARL STORZ rigid bronchoscope/tracheoscope family listed in the legacy catalog.,Verified - legacy U.S. manufacturer catalog; current status pending,Hidden - current U.S. status unverified,SRC030,pp. 66-70,2011-02,"Legacy 2011 U.S. catalog; current U.S. availability, labeling, and service support must be confirmed.",Not production-visible until current status is reverified.,{}
PRD-1C70287572,MFR-12BAB1E48C,Karl Storz,,KARL STORZ THORAX,Rigid Instrument Guide with Anti-Fog System,10329A,,,10329 A,,Rigid bronchoscopy,Rigid bronchoscope accessory,Reusable instrument,Reusable,Reprocessed,No,,,,,,,,,,,,Each,Adult,Rigid Instrument Guide with Anti-Fog System,For 10320 AA telescope and 10318 B-D bronchoscopes.,Verified - legacy U.S. manufacturer catalog; current status pending,Hidden - current U.S. status unverified,SRC030,p. 75,2011-02,"Legacy 2011 U.S. catalog; current U.S. availability, labeling, and service support must be confirmed.",Not production-visible until current status is reverified.,{}
PRD-0F34939AF6,MFR-12BAB1E48C,Karl Storz,,KARL STORZ THORAX,Round Spoon Biopsy Forceps,10366L,,,10366 L,,Rigid bronchoscopy,Rigid bronchoscopy forceps/scissors,Reusable instrument,Reusable,Reprocessed,No,,,,OD 2.5 mm; working length 50 cm,2.5,,,,50,,,Each,Adult,Round Spoon Biopsy Forceps,Select shaft diameter and working length for bronchoscope lumen.,Verified - legacy U.S. manufacturer catalog; current status pending,Hidden - current U.S. status unverified,SRC030,p. 86,2011-02,"Legacy 2011 U.S. catalog; current U.S. availability, labeling, and service support must be confirmed.",Not production-visible until current status is reverified.,{}
PRD-DB7366704E,MFR-12BAB1E48C,Karl Storz,,KARL STORZ THORAX,Round Spoon Biopsy Forceps,10367L,,,10367 L,,Rigid bronchoscopy,Rigid bronchoscopy forceps/scissors,Reusable instrument,Reusable,Reprocessed,No,,,,OD 2.5 mm; working length 35 cm,2.5,,,,35,,,Each,Adult,Round Spoon Biopsy Forceps,Select shaft diameter and working length for bronchoscope lumen.,Verified - legacy U.S. manufacturer catalog; current status pending,Hidden - current U.S. status unverified,SRC030,p. 86,2011-02,"Legacy 2011 U.S. catalog; current U.S. availability, labeling, and service support must be confirmed.",Not production-visible until current status is reverified.,{}
PRD-C649B4B9C5,MFR-12BAB1E48C,Karl Storz,,KARL STORZ THORAX,Round Spoon Biopsy Forceps,10370L,,,10370 L,,Rigid bronchoscopy,Rigid bronchoscopy forceps/scissors,Reusable instrument,Reusable,Reprocessed,No,,,,OD 2.5 mm; working length 50 cm,2.5,,,,50,,,Each,Adult,Round Spoon Biopsy Forceps,Select shaft diameter and working length for bronchoscope lumen.,Verified - legacy U.S. manufacturer catalog; current status pending,Hidden - current U.S. status unverified,SRC030,p. 87,2011-02,"Legacy 2011 U.S. catalog; current U.S. availability, labeling, and service support must be confirmed.",Not production-visible until current status is reverified.,{}
PRD-02641F9166,MFR-12BAB1E48C,Karl Storz,,KARL STORZ THORAX,Round Spoon Biopsy Forceps,10371L,,,10371 L,,Rigid bronchoscopy,Rigid bronchoscopy forceps/scissors,Reusable instrument,Reusable,Reprocessed,No,,,,OD 2.0 mm; working length 35 cm,2,,,,35,,,Each,Adult,Round Spoon Biopsy Forceps,Select shaft diameter and working length for bronchoscope lumen.,Verified - legacy U.S. manufacturer catalog; current status pending,Hidden - current U.S. status unverified,SRC030,p. 88,2011-02,"Legacy 2011 U.S. catalog; current U.S. availability, labeling, and service support must be confirmed.",Not production-visible until current status is reverified.,{}
PRD-7A57FE10A2,MFR-12BAB1E48C,Karl Storz,,KARL STORZ THORAX,Round Spoon Biopsy Forceps,10371LL,,,10371 LL,,Rigid bronchoscopy,Rigid bronchoscopy forceps/scissors,Reusable instrument,Reusable,Reprocessed,No,,,,OD 2.0 mm; working length 45 cm,2,,,,45,,,Each,Adult,Round Spoon Biopsy Forceps,Select shaft diameter and working length for bronchoscope lumen.,Verified - legacy U.S. manufacturer catalog; current status pending,Hidden - current U.S. status unverified,SRC030,p. 88,2011-02,"Legacy 2011 U.S. catalog; current U.S. availability, labeling, and service support must be confirmed.",Not production-visible until current status is reverified.,{}
PRD-C48BF25736,MFR-12BAB1E48C,Karl Storz,,KARL STORZ THORAX,Round Spoon Biopsy Forceps,10372LL,,,10372 LL,,Rigid bronchoscopy,Rigid bronchoscopy forceps/scissors,Reusable instrument,Reusable,Reprocessed,No,,,,OD 1.5 mm; working length 35 cm,1.5,,,,35,,,Each,Adult,Round Spoon Biopsy Forceps,Select shaft diameter and working length for bronchoscope lumen.,Verified - legacy U.S. manufacturer catalog; current status pending,Hidden - current U.S. status unverified,SRC030,p. 89,2011-02,"Legacy 2011 U.S. catalog; current U.S. availability, labeling, and service support must be confirmed.",Not production-visible until current status is reverified.,{}
PRD-3AAC1114C7,MFR-12BAB1E48C,Karl Storz,,KARL STORZ THORAX,Rubber Telescope Guide,10314BN,,,10314 BN,,Rigid bronchoscopy,Rigid bronchoscope accessory,Accessory,Reusable,Reprocessed,No,,,,,,,,,,,,Each,Adult,Rubber Telescope Guide,Use with the specific KARL STORZ rigid bronchoscope/tracheoscope family listed in the legacy catalog.,Verified - legacy U.S. manufacturer catalog; current status pending,Hidden - current U.S. status unverified,SRC030,pp. 66-70,2011-02,"Legacy 2011 U.S. catalog; current U.S. availability, labeling, and service support must be confirmed.",Not production-visible until current status is reverified.,{}
PRD-087FFD6337,MFR-12BAB1E48C,Karl Storz,,KARL STORZ THORAX,Rubber Telescope Guide,10315N,,,10315 N,,Rigid bronchoscopy,Rigid bronchoscope accessory,Accessory,Reusable,Reprocessed,No,,,,,,,,,,,,Each,Adult,Rubber Telescope Guide,Use with the specific KARL STORZ rigid bronchoscope/tracheoscope family listed in the legacy catalog.,Verified - legacy U.S. manufacturer catalog; current status pending,Hidden - current U.S. status unverified,SRC030,pp. 66-70,2011-02,"Legacy 2011 U.S. catalog; current U.S. availability, labeling, and service support must be confirmed.",Not production-visible until current status is reverified.,{}
PRD-129E6C270A,MFR-12BAB1E48C,Karl Storz,,KARL STORZ THORAX,"Single-Use Plastic Collection Device, Pack of 100",10432ED,,,10432 ED,,Rigid bronchoscopy,Bronchoscopy aspiration/irrigation accessory,Reusable instrument,Reusable,Reprocessed,No,,,,,,,,,,,,Each,Adult,"Single-Use Plastic Collection Device, Pack of 100",,Verified - legacy U.S. manufacturer catalog; current status pending,Hidden - current U.S. status unverified,SRC030,p. 92,2011-02,"Legacy 2011 U.S. catalog; current U.S. availability, labeling, and service support must be confirmed.",Not production-visible until current status is reverified.,{}
PRD-921CB1B912,MFR-12BAB1E48C,Karl Storz,,KARL STORZ THORAX,Sponge Holder 35 cm,10385B,,,10385 B,,Rigid bronchoscopy,Rigid bronchoscopy accessory,Reusable instrument,Reusable,Reprocessed,No,,,,,,,,,,,,Each,Adult,Sponge Holder 35 cm,,Verified - legacy U.S. manufacturer catalog; current status pending,Hidden - current U.S. status unverified,SRC030,p. 91,2011-02,"Legacy 2011 U.S. catalog; current U.S. availability, labeling, and service support must be confirmed.",Not production-visible until current status is reverified.,{}
PRD-108394A19E,MFR-12BAB1E48C,Karl Storz,,KARL STORZ THORAX,Sponge Holder 50 cm,10385A,,,10385 A,,Rigid bronchoscopy,Rigid bronchoscopy accessory,Reusable instrument,Reusable,Reprocessed,No,,,,,,,,,,,,Each,Adult,Sponge Holder 50 cm,,Verified - legacy U.S. manufacturer catalog; current status pending,Hidden - current U.S. status unverified,SRC030,p. 91,2011-02,"Legacy 2011 U.S. catalog; current U.S. availability, labeling, and service support must be confirmed.",Not production-visible until current status is reverified.,{}
PRD-481074A513,MFR-12BAB1E48C,Karl Storz,,KARL STORZ THORAX,Sponge Holder for Sterile Smears,10388A,,,10388 A,,Rigid bronchoscopy,Rigid bronchoscopy accessory,Reusable instrument,Reusable,Reprocessed,No,,,,,,,,,,,,Each,Adult,Sponge Holder for Sterile Smears,,Verified - legacy U.S. manufacturer catalog; current status pending,Hidden - current U.S. status unverified,SRC030,p. 91,2011-02,"Legacy 2011 U.S. catalog; current U.S. availability, labeling, and service support must be confirmed.",Not production-visible until current status is reverified.,{}
PRD-81DDCD50B9,MFR-12BAB1E48C,Karl Storz,,KARL STORZ THORAX,Spring-Handle Sponge Holder 35 cm,10387B,,,10387 B,,Rigid bronchoscopy,Rigid bronchoscopy accessory,Reusable instrument,Reusable,Reprocessed,No,,,,,,,,,,,,Each,Adult,Spring-Handle Sponge Holder 35 cm,,Verified - legacy U.S. manufacturer catalog; current status pending,Hidden - current U.S. status unverified,SRC030,p. 91,2011-02,"Legacy 2011 U.S. catalog; current U.S. availability, labeling, and service support must be confirmed.",Not production-visible until current status is reverified.,{}
PRD-DF791E6D1F,MFR-12BAB1E48C,Karl Storz,,KARL STORZ THORAX,Spring-Handle Sponge Holder 50 cm,10387A,,,10387 A,,Rigid bronchoscopy,Rigid bronchoscopy accessory,Reusable instrument,Reusable,Reprocessed,No,,,,,,,,,,,,Each,Adult,Spring-Handle Sponge Holder 50 cm,,Verified - legacy U.S. manufacturer catalog; current status pending,Hidden - current U.S. status unverified,SRC030,p. 91,2011-02,"Legacy 2011 U.S. catalog; current U.S. availability, labeling, and service support must be confirmed.",Not production-visible until current status is reverified.,{}
PRD-DF989CBDCB,MFR-12BAB1E48C,Karl Storz,,KARL STORZ THORAX,Straight Aspiration Biopsy Needle 1.6 mm x 47 cm,10436,,,10436,,Rigid bronchoscopy,Bronchoscopy aspiration/irrigation accessory,Reusable instrument,Reusable,Reprocessed,No,,,,,,,,,,,,Each,Adult,Straight Aspiration Biopsy Needle 1.6 mm x 47 cm,,Verified - legacy U.S. manufacturer catalog; current status pending,Hidden - current U.S. status unverified,SRC030,p. 92,2011-02,"Legacy 2011 U.S. catalog; current U.S. availability, labeling, and service support must be confirmed.",Not production-visible until current status is reverified.,{}
PRD-DF239FD803,MFR-12BAB1E48C,Karl Storz,,KARL STORZ THORAX,Straight Scissors,10366S,,,10366 S,,Rigid bronchoscopy,Rigid bronchoscopy forceps/scissors,Reusable instrument,Reusable,Reprocessed,No,,,,OD 2.5 mm; working length 50 cm,2.5,,,,50,,,Each,Adult,Straight Scissors,Select shaft diameter and working length for bronchoscope lumen.,Verified - legacy U.S. manufacturer catalog; current status pending,Hidden - current U.S. status unverified,SRC030,p. 86,2011-02,"Legacy 2011 U.S. catalog; current U.S. availability, labeling, and service support must be confirmed.",Not production-visible until current status is reverified.,{}
PRD-28C10C5EE9,MFR-12BAB1E48C,Karl Storz,,KARL STORZ THORAX,Suction Catheter 5 Fr with Adapter,10468D,,,10468 D,,Endoscopy platform,Rigid suction catheter,Reusable instrument,Reusable,Reprocessed,No,,,,5 Fr; adapter 10479 F,,,,,,,,Each,Adult,Suction Catheter 5 Fr with Adapter,Use with adapter 10479 F and compatible instrument guide.,Verified - legacy U.S. manufacturer catalog; current status pending,Hidden - current U.S. status unverified,SRC030,p. 75,2011-02,"Legacy 2011 U.S. catalog; current U.S. availability, labeling, and service support must be confirmed.",Not production-visible until current status is reverified.,{}
PRD-D7A7620198,MFR-12BAB1E48C,Karl Storz,,KARL STORZ THORAX,"Suction Catheter 5 Fr, Pack of 6",10478D,,,10478 D,,Endoscopy platform,Rigid suction catheter accessory,Accessory,Reusable,Reprocessed,No,,,,,,,,,,,,Each,Adult,"Suction Catheter 5 Fr, Pack of 6",,Verified - legacy U.S. manufacturer catalog; current status pending,Hidden - current U.S. status unverified,SRC030,p. 75,2011-02,"Legacy 2011 U.S. catalog; current U.S. availability, labeling, and service support must be confirmed.",Not production-visible until current status is reverified.,{}
PRD-C0C6302286,MFR-12BAB1E48C,Karl Storz,,KARL STORZ THORAX,Suction Catheter 6 Fr with Adapter,10468C,,,10468 C,,Endoscopy platform,Rigid suction catheter,Reusable instrument,Reusable,Reprocessed,No,,,,6 Fr; adapter 10479 C,,,,,,,,Each,Adult,Suction Catheter 6 Fr with Adapter,Use with adapter 10479 C and compatible instrument guide.,Verified - legacy U.S. manufacturer catalog; current status pending,Hidden - current U.S. status unverified,SRC030,p. 75,2011-02,"Legacy 2011 U.S. catalog; current U.S. availability, labeling, and service support must be confirmed.",Not production-visible until current status is reverified.,{}
PRD-9188CC0F47,MFR-12BAB1E48C,Karl Storz,,KARL STORZ THORAX,Suction Catheter 7 Fr with Adapter,10468B,,,10468 B,,Endoscopy platform,Rigid suction catheter,Reusable instrument,Reusable,Reprocessed,No,,,,7 Fr; adapter 10479 B,,,,,,,,Each,Adult,Suction Catheter 7 Fr with Adapter,Use with adapter 10479 B and compatible instrument guide.,Verified - legacy U.S. manufacturer catalog; current status pending,Hidden - current U.S. status unverified,SRC030,p. 75,2011-02,"Legacy 2011 U.S. catalog; current U.S. availability, labeling, and service support must be confirmed.",Not production-visible until current status is reverified.,{}
PRD-277D52B6BC,MFR-12BAB1E48C,Karl Storz,,KARL STORZ THORAX,Suction Tube,10380A,,,10380 A,,Endoscopy platform,Rigid suction catheter,Reusable instrument,Reusable,Reprocessed,No,,,,OD 4 mm; working length 50 cm,4,,,,50,,,Each,Adult,Suction Tube,,Verified - legacy U.S. manufacturer catalog; current status pending,Hidden - current U.S. status unverified,SRC030,p. 91,2011-02,"Legacy 2011 U.S. catalog; current U.S. availability, labeling, and service support must be confirmed.",Not production-visible until current status is reverified.,{}
PRD-1CFFD3C377,MFR-12BAB1E48C,Karl Storz,,KARL STORZ THORAX,Suction Tube,10380AK,,,10380 AK,,Endoscopy platform,Rigid suction catheter,Reusable instrument,Reusable,Reprocessed,No,,,,OD 4 mm; working length 35 cm,4,,,,35,,,Each,Adult,Suction Tube,,Verified - legacy U.S. manufacturer catalog; current status pending,Hidden - current U.S. status unverified,SRC030,p. 91,2011-02,"Legacy 2011 U.S. catalog; current U.S. availability, labeling, and service support must be confirmed.",Not production-visible until current status is reverified.,{}
PRD-1411E60176,MFR-12BAB1E48C,Karl Storz,,KARL STORZ THORAX,Suction Tube,10380B,,,10380 B,,Endoscopy platform,Rigid suction catheter,Reusable instrument,Reusable,Reprocessed,No,,,,OD 3 mm; working length 35 cm,3,,,,35,,,Each,Adult,Suction Tube,,Verified - legacy U.S. manufacturer catalog; current status pending,Hidden - current U.S. status unverified,SRC030,p. 91,2011-02,"Legacy 2011 U.S. catalog; current U.S. availability, labeling, and service support must be confirmed.",Not production-visible until current status is reverified.,{}
PRD-E09A4CA6E0,MFR-12BAB1E48C,Karl Storz,,KARL STORZ THORAX,Suction Tube,10380C,,,10380 C,,Endoscopy platform,Rigid suction catheter,Reusable instrument,Reusable,Reprocessed,No,,,,OD 2 mm; working length 25 cm,2,,,,25,,,Each,Adult,Suction Tube,,Verified - legacy U.S. manufacturer catalog; current status pending,Hidden - current U.S. status unverified,SRC030,p. 91,2011-02,"Legacy 2011 U.S. catalog; current U.S. availability, labeling, and service support must be confirmed.",Not production-visible until current status is reverified.,{}
PRD-9BD2C36817,MFR-12BAB1E48C,Karl Storz,,KARL STORZ THORAX,Suction Tube,10380CB,,,10380 CB,,Endoscopy platform,Rigid suction catheter,Reusable instrument,Reusable,Reprocessed,No,,,,OD 2 mm; working length 35 cm,2,,,,35,,,Each,Adult,Suction Tube,,Verified - legacy U.S. manufacturer catalog; current status pending,Hidden - current U.S. status unverified,SRC030,p. 91,2011-02,"Legacy 2011 U.S. catalog; current U.S. availability, labeling, and service support must be confirmed.",Not production-visible until current status is reverified.,{}
PRD-33C62E2093,MFR-12BAB1E48C,Karl Storz,,KARL STORZ THORAX,Suction Tube,10380D,,,10380 D,,Endoscopy platform,Rigid suction catheter,Reusable instrument,Reusable,Reprocessed,No,,,,OD 2.5 mm; working length 50 cm,2.5,,,,50,,,Each,Adult,Suction Tube,,Verified - legacy U.S. manufacturer catalog; current status pending,Hidden - current U.S. status unverified,SRC030,p. 91,2011-02,"Legacy 2011 U.S. catalog; current U.S. availability, labeling, and service support must be confirmed.",Not production-visible until current status is reverified.,{}
PRD-C00C2E4E80,MFR-12BAB1E48C,Karl Storz,,KARL STORZ THORAX,Suction Tube,10380H,,,10380 H,,Endoscopy platform,Rigid suction catheter,Reusable instrument,Reusable,Reprocessed,No,,,,OD 5 mm; working length 50 cm,5,,,,50,,,Each,Adult,Suction Tube,,Verified - legacy U.S. manufacturer catalog; current status pending,Hidden - current U.S. status unverified,SRC030,p. 91,2011-02,"Legacy 2011 U.S. catalog; current U.S. availability, labeling, and service support must be confirmed.",Not production-visible until current status is reverified.,{}
PRD-2522C4A9A6,MFR-12BAB1E48C,Karl Storz,,KARL STORZ THORAX,Suction Tube with Cut-Off Hole,10383A,,,10383 A,,Endoscopy platform,Rigid suction catheter,Reusable instrument,Reusable,Reprocessed,No,,,,OD 4 mm; working length 50 cm,4,,,,50,,,Each,Adult,Suction Tube with Cut-Off Hole,,Verified - legacy U.S. manufacturer catalog; current status pending,Hidden - current U.S. status unverified,SRC030,p. 91,2011-02,"Legacy 2011 U.S. catalog; current U.S. availability, labeling, and service support must be confirmed.",Not production-visible until current status is reverified.,{}
PRD-0FECB0AD06,MFR-12BAB1E48C,Karl Storz,,KARL STORZ THORAX,Suction Tube with Cut-Off Hole,10383B,,,10383 B,,Endoscopy platform,Rigid suction catheter,Reusable instrument,Reusable,Reprocessed,No,,,,OD 3 mm; working length 35 cm,3,,,,35,,,Each,Adult,Suction Tube with Cut-Off Hole,,Verified - legacy U.S. manufacturer catalog; current status pending,Hidden - current U.S. status unverified,SRC030,p. 91,2011-02,"Legacy 2011 U.S. catalog; current U.S. availability, labeling, and service support must be confirmed.",Not production-visible until current status is reverified.,{}
PRD-E4B27EE86A,MFR-12BAB1E48C,Karl Storz,,KARL STORZ THORAX,Suction Tube with Cut-Off Hole,10383BL,,,10383 BL,,Endoscopy platform,Rigid suction catheter,Reusable instrument,Reusable,Reprocessed,No,,,,OD 5.5 mm; working length 35 cm,5.5,,,,35,,,Each,Adult,Suction Tube with Cut-Off Hole,,Verified - legacy U.S. manufacturer catalog; current status pending,Hidden - current U.S. status unverified,SRC030,p. 91,2011-02,"Legacy 2011 U.S. catalog; current U.S. availability, labeling, and service support must be confirmed.",Not production-visible until current status is reverified.,{}
PRD-87F3E56C0D,MFR-12BAB1E48C,Karl Storz,,KARL STORZ THORAX,Suction Tube with Cut-Off Hole,10383C,,,10383 C,,Endoscopy platform,Rigid suction catheter,Reusable instrument,Reusable,Reprocessed,No,,,,OD 2 mm; working length 25 cm,2,,,,25,,,Each,Adult,Suction Tube with Cut-Off Hole,,Verified - legacy U.S. manufacturer catalog; current status pending,Hidden - current U.S. status unverified,SRC030,p. 91,2011-02,"Legacy 2011 U.S. catalog; current U.S. availability, labeling, and service support must be confirmed.",Not production-visible until current status is reverified.,{}
PRD-F4B4C5FC4D,MFR-12BAB1E48C,Karl Storz,,KARL STORZ THORAX,Suction Tube with Cut-Off Hole,10383CC,,,10383 CC,,Endoscopy platform,Rigid suction catheter,Reusable instrument,Reusable,Reprocessed,No,,,,OD 1 mm; working length 25 cm,1,,,,25,,,Each,Adult,Suction Tube with Cut-Off Hole,,Verified - legacy U.S. manufacturer catalog; current status pending,Hidden - current U.S. status unverified,SRC030,p. 91,2011-02,"Legacy 2011 U.S. catalog; current U.S. availability, labeling, and service support must be confirmed.",Not production-visible until current status is reverified.,{}
PRD-B6BECFE095,MFR-12BAB1E48C,Karl Storz,,KARL STORZ THORAX,Suction Tube with Cut-Off Hole,10383D,,,10383 D,,Endoscopy platform,Rigid suction catheter,Reusable instrument,Reusable,Reprocessed,No,,,,OD 3 mm; working length 25 cm,3,,,,25,,,Each,Adult,Suction Tube with Cut-Off Hole,,Verified - legacy U.S. manufacturer catalog; current status pending,Hidden - current U.S. status unverified,SRC030,p. 91,2011-02,"Legacy 2011 U.S. catalog; current U.S. availability, labeling, and service support must be confirmed.",Not production-visible until current status is reverified.,{}
PRD-CC88761929,MFR-12BAB1E48C,Karl Storz,,KARL STORZ THORAX,Suction Tube with Cut-Off Hole,10383DD,,,10383 DD,,Endoscopy platform,Rigid suction catheter,Reusable instrument,Reusable,Reprocessed,No,,,,OD 2 mm; working length 30 cm,2,,,,30,,,Each,Adult,Suction Tube with Cut-Off Hole,,Verified - legacy U.S. manufacturer catalog; current status pending,Hidden - current U.S. status unverified,SRC030,p. 91,2011-02,"Legacy 2011 U.S. catalog; current U.S. availability, labeling, and service support must be confirmed.",Not production-visible until current status is reverified.,{}
PRD-400BEF3640,MFR-12BAB1E48C,Karl Storz,,KARL STORZ THORAX,Suction Tube with Cut-Off Hole,10383E,,,10383 E,,Endoscopy platform,Rigid suction catheter,Reusable instrument,Reusable,Reprocessed,No,,,,OD 4 mm; working length 25 cm,4,,,,25,,,Each,Adult,Suction Tube with Cut-Off Hole,,Verified - legacy U.S. manufacturer catalog; current status pending,Hidden - current U.S. status unverified,SRC030,p. 91,2011-02,"Legacy 2011 U.S. catalog; current U.S. availability, labeling, and service support must be confirmed.",Not production-visible until current status is reverified.,{}
PRD-F12AF814EE,MFR-12BAB1E48C,Karl Storz,,KARL STORZ THORAX,Suction Tube with Cut-Off Hole,10383F,,,10383 F,,Endoscopy platform,Rigid suction catheter,Reusable instrument,Reusable,Reprocessed,No,,,,OD 3 mm; working length 30 cm,3,,,,30,,,Each,Adult,Suction Tube with Cut-Off Hole,,Verified - legacy U.S. manufacturer catalog; current status pending,Hidden - current U.S. status unverified,SRC030,p. 91,2011-02,"Legacy 2011 U.S. catalog; current U.S. availability, labeling, and service support must be confirmed.",Not production-visible until current status is reverified.,{}
PRD-B2AC1ECC92,MFR-12BAB1E48C,Karl Storz,,KARL STORZ THORAX,"Suction Tube with Rubber Tip, Curved",10382A,,,10382 A,,Endoscopy platform,Rigid suction catheter,Reusable instrument,Reusable,Reprocessed,No,,,,OD 4 mm; working length 50 cm,4,,,,50,,,Each,Adult,"Suction Tube with Rubber Tip, Curved",,Verified - legacy U.S. manufacturer catalog; current status pending,Hidden - current U.S. status unverified,SRC030,p. 91,2011-02,"Legacy 2011 U.S. catalog; current U.S. availability, labeling, and service support must be confirmed.",Not production-visible until current status is reverified.,{}
PRD-B728AA11AB,MFR-12BAB1E48C,Karl Storz,,KARL STORZ THORAX,"Suction Tube with Rubber Tip, Curved",10382B,,,10382 B,,Endoscopy platform,Rigid suction catheter,Reusable instrument,Reusable,Reprocessed,No,,,,OD 2 mm; working length 35 cm,2,,,,35,,,Each,Adult,"Suction Tube with Rubber Tip, Curved",,Verified - legacy U.S. manufacturer catalog; current status pending,Hidden - current U.S. status unverified,SRC030,p. 91,2011-02,"Legacy 2011 U.S. catalog; current U.S. availability, labeling, and service support must be confirmed.",Not production-visible until current status is reverified.,{}
PRD-2644647C19,MFR-12BAB1E48C,Karl Storz,,KARL STORZ THORAX,"Suction Tube with Rubber Tip, Straight",10381A,,,10381 A,,Endoscopy platform,Rigid suction catheter,Reusable instrument,Reusable,Reprocessed,No,,,,OD 4 mm; working length 50 cm,4,,,,50,,,Each,Adult,"Suction Tube with Rubber Tip, Straight",,Verified - legacy U.S. manufacturer catalog; current status pending,Hidden - current U.S. status unverified,SRC030,p. 91,2011-02,"Legacy 2011 U.S. catalog; current U.S. availability, labeling, and service support must be confirmed.",Not production-visible until current status is reverified.,{}
PRD-C64D0F8310,MFR-12BAB1E48C,Karl Storz,,KARL STORZ THORAX,"Suction Tube with Rubber Tip, Straight",10381B,,,10381 B,,Endoscopy platform,Rigid suction catheter,Reusable instrument,Reusable,Reprocessed,No,,,,OD 2 mm; working length 35 cm,2,,,,35,,,Each,Adult,"Suction Tube with Rubber Tip, Straight",,Verified - legacy U.S. manufacturer catalog; current status pending,Hidden - current U.S. status unverified,SRC030,p. 91,2011-02,"Legacy 2011 U.S. catalog; current U.S. availability, labeling, and service support must be confirmed.",Not production-visible until current status is reverified.,{}
PRD-BB11C206A4,MFR-12BAB1E48C,Karl Storz,,KARL STORZ THORAX,"TONN Stent Applicator 14-18 mm, max 10 cm",10520,,,10520,,Endoscopy platform,Silicone stent applicator,Reusable instrument,Reusable,Reprocessed,No,,,,,,,,,,,,Each,Adult,"TONN Stent Applicator 14-18 mm, max 10 cm",For 10318 GL size 14 mm full-lumen tracheoscope.,Verified - legacy U.S. manufacturer catalog; current status pending,Hidden - current U.S. status unverified,SRC030,p. 77,2011-02,"Legacy 2011 U.S. catalog; current U.S. availability, labeling, and service support must be confirmed.",Not production-visible until current status is reverified.,{}
PRD-2158C0F6D1,MFR-12BAB1E48C,Karl Storz,,KARL STORZ THORAX,"TONN Stent Applicator 14-18 mm, max 16 cm",10530,,,10530,,Endoscopy platform,Silicone stent applicator,Reusable instrument,Reusable,Reprocessed,No,,,,,,,,,,,,Each,Adult,"TONN Stent Applicator 14-18 mm, max 16 cm",For 10318 GL size 14 mm full-lumen tracheoscope.,Verified - legacy U.S. manufacturer catalog; current status pending,Hidden - current U.S. status unverified,SRC030,p. 77,2011-02,"Legacy 2011 U.S. catalog; current U.S. availability, labeling, and service support must be confirmed.",Not production-visible until current status is reverified.,{}
PRD-F00EF2568E,MFR-12BAB1E48C,Karl Storz,,KARL STORZ THORAX,"TONN Stent Applicator 8-13 mm, max 10 cm",10540,,,10540,,Endoscopy platform,Silicone stent applicator,Reusable instrument,Reusable,Reprocessed,No,,,,,,,,,,,,Each,Adult,"TONN Stent Applicator 8-13 mm, max 10 cm",For 10318 ER size 11 mm full-lumen bronchoscope.,Verified - legacy U.S. manufacturer catalog; current status pending,Hidden - current U.S. status unverified,SRC030,p. 77,2011-02,"Legacy 2011 U.S. catalog; current U.S. availability, labeling, and service support must be confirmed.",Not production-visible until current status is reverified.,{}
PRD-DADAA6184C,MFR-12BAB1E48C,Karl Storz,,KARL STORZ THORAX,"TONN Stent Applicator 9-12 mm, max 6 cm",10550,,,10550,,Endoscopy platform,Silicone stent applicator,Reusable instrument,Reusable,Reprocessed,No,,,,,,,,,,,,Each,Adult,"TONN Stent Applicator 9-12 mm, max 6 cm",For 10318 DP size 6.5 mm bronchoscope tube.,Verified - legacy U.S. manufacturer catalog; current status pending,Hidden - current U.S. status unverified,SRC030,p. 77,2011-02,"Legacy 2011 U.S. catalog; current U.S. availability, labeling, and service support must be confirmed.",Not production-visible until current status is reverified.,{}
PRD-CCDCC41B7E,MFR-12BAB1E48C,Karl Storz,,KARL STORZ THORAX,"Trocar Only, Blunt Tip",30120NO,,,30120 NO,,Medical thoracoscopy,Thoracoscopy trocar,Reusable instrument,Reusable,Reprocessed,No,,,,Size 6 mm; working length 8.5 cm,,,,,,,,Each,Adult,"Trocar Only, Blunt Tip",,Verified - legacy U.S. manufacturer catalog; current status pending,Hidden - current U.S. status unverified,SRC030,p. 144,2011-02,"Legacy 2011 U.S. catalog; current U.S. availability, labeling, and service support must be confirmed.",Not production-visible until current status is reverified.,{}
PRD-1F69D6AD05,MFR-12BAB1E48C,Karl Storz,,KARL STORZ THORAX,"Trocar Only, No Valve",40120A,,,40120 A,,Medical thoracoscopy,Thoracoscopy trocar,Reusable instrument,Reusable,Reprocessed,No,,,,Size 6 mm; working length 8.5 cm,,,,,,,,Each,Adult,"Trocar Only, No Valve",,Verified - legacy U.S. manufacturer catalog; current status pending,Hidden - current U.S. status unverified,SRC030,p. 144,2011-02,"Legacy 2011 U.S. catalog; current U.S. availability, labeling, and service support must be confirmed.",Not production-visible until current status is reverified.,{}
PRD-F146CD24CF,MFR-12BAB1E48C,Karl Storz,,KARL STORZ THORAX,"Universal Bronchoscope Tube, Proximal Illumination, Size 6.5",10318DP,,,10318 DP,,Rigid bronchoscopy,Rigid bronchoscope barrel,Reusable instrument,Reusable,Reprocessed,No,,,,Size 6.5; length 43 cm,,,,,43,,,Each,Adult,"Universal Bronchoscope Tube, Proximal Illumination, Size 6.5",Use with Prismatic Light Deflector 10101 FA and compatible telescope/accessories.,Verified - legacy U.S. manufacturer catalog; current status pending,Hidden - current U.S. status unverified,SRC030,p. 67,2011-02,"Legacy 2011 U.S. catalog; current U.S. availability, labeling, and service support must be confirmed.",Not production-visible until current status is reverified.,{}
PRD-99F825C44F,MFR-12BAB1E48C,Karl Storz,,KARL STORZ THORAX,"Universal Bronchoscope Tube, Proximal Illumination, Size 7.5",10318CP,,,10318 CP,,Rigid bronchoscopy,Rigid bronchoscope barrel,Reusable instrument,Reusable,Reprocessed,No,,,,Size 7.5; length 43 cm,,,,,43,,,Each,Adult,"Universal Bronchoscope Tube, Proximal Illumination, Size 7.5",Use with Prismatic Light Deflector 10101 FA and compatible telescope/accessories.,Verified - legacy U.S. manufacturer catalog; current status pending,Hidden - current U.S. status unverified,SRC030,p. 67,2011-02,"Legacy 2011 U.S. catalog; current U.S. availability, labeling, and service support must be confirmed.",Not production-visible until current status is reverified.,{}
PRD-E6A1370266,MFR-12BAB1E48C,Karl Storz,,KARL STORZ THORAX,"Universal Bronchoscope Tube, Proximal Illumination, Size 8.5",10318BP,,,10318 BP,,Rigid bronchoscopy,Rigid bronchoscope barrel,Reusable instrument,Reusable,Reprocessed,No,,,,Size 8.5; length 43 cm,,,,,43,,,Each,Adult,"Universal Bronchoscope Tube, Proximal Illumination, Size 8.5",Use with Prismatic Light Deflector 10101 FA and compatible telescope/accessories.,Verified - legacy U.S. manufacturer catalog; current status pending,Hidden - current U.S. status unverified,SRC030,p. 67,2011-02,"Legacy 2011 U.S. catalog; current U.S. availability, labeling, and service support must be confirmed.",Not production-visible until current status is reverified.,{}
PRD-5D0F775ADC,MFR-12BAB1E48C,Karl Storz,,KARL STORZ THORAX,"Universal Bronchoscope, Distal Illumination, Size 6.5",10318D,,,10318 D,,Rigid bronchoscopy,Rigid bronchoscope barrel,Reusable instrument,Reusable,Reprocessed,No,,,,Size 6.5; length 43 cm,,,,,43,,,Each,Adult,"Universal Bronchoscope, Distal Illumination, Size 6.5",Use with fiber optic light carrier 10318 L and compatible HOPKINS telescope/accessories.,Verified - legacy U.S. manufacturer catalog; current status pending,Hidden - current U.S. status unverified,SRC030,p. 66,2011-02,"Legacy 2011 U.S. catalog; current U.S. availability, labeling, and service support must be confirmed.",Not production-visible until current status is reverified.,{}
PRD-D273A067EA,MFR-12BAB1E48C,Karl Storz,,KARL STORZ THORAX,"Universal Bronchoscope, Distal Illumination, Size 7.5",10318C,,,10318 C,,Rigid bronchoscopy,Rigid bronchoscope barrel,Reusable instrument,Reusable,Reprocessed,No,,,,Size 7.5; length 43 cm,,,,,43,,,Each,Adult,"Universal Bronchoscope, Distal Illumination, Size 7.5",Use with fiber optic light carrier 10318 L and compatible HOPKINS telescope/accessories.,Verified - legacy U.S. manufacturer catalog; current status pending,Hidden - current U.S. status unverified,SRC030,p. 66,2011-02,"Legacy 2011 U.S. catalog; current U.S. availability, labeling, and service support must be confirmed.",Not production-visible until current status is reverified.,{}
PRD-6707AC67D1,MFR-12BAB1E48C,Karl Storz,,KARL STORZ THORAX,"Universal Bronchoscope, Distal Illumination, Size 8.5",10318B,,,10318 B,,Rigid bronchoscopy,Rigid bronchoscope barrel,Reusable instrument,Reusable,Reprocessed,No,,,,Size 8.5; length 43 cm,,,,,43,,,Each,Adult,"Universal Bronchoscope, Distal Illumination, Size 8.5",Use with fiber optic light carrier 10318 L and compatible HOPKINS telescope/accessories.,Verified - legacy U.S. manufacturer catalog; current status pending,Hidden - current U.S. status unverified,SRC030,p. 66,2011-02,"Legacy 2011 U.S. catalog; current U.S. availability, labeling, and service support must be confirmed.",Not production-visible until current status is reverified.,{}
PRD-011BE58B2D,MFR-12BAB1E48C,Karl Storz,,KARL STORZ THORAX,Universal Forceps,10366U,,,10366 U,,Rigid bronchoscopy,Rigid bronchoscopy forceps/scissors,Reusable instrument,Reusable,Reprocessed,No,,,,OD 2.5 mm; working length 50 cm,2.5,,,,50,,,Each,Adult,Universal Forceps,Select shaft diameter and working length for bronchoscope lumen.,Verified - legacy U.S. manufacturer catalog; current status pending,Hidden - current U.S. status unverified,SRC030,p. 86,2011-02,"Legacy 2011 U.S. catalog; current U.S. availability, labeling, and service support must be confirmed.",Not production-visible until current status is reverified.,{}
PRD-79E356AFDC,MFR-12BAB1E48C,Karl Storz,,KARL STORZ THORAX,Universal Forceps,10370U,,,10370 U,,Rigid bronchoscopy,Rigid bronchoscopy forceps/scissors,Reusable instrument,Reusable,Reprocessed,No,,,,OD 2.5 mm; working length 50 cm,2.5,,,,50,,,Each,Adult,Universal Forceps,Select shaft diameter and working length for bronchoscope lumen.,Verified - legacy U.S. manufacturer catalog; current status pending,Hidden - current U.S. status unverified,SRC030,p. 87,2011-02,"Legacy 2011 U.S. catalog; current U.S. availability, labeling, and service support must be confirmed.",Not production-visible until current status is reverified.,{}
PRD-1CA81E960D,MFR-12BAB1E48C,Karl Storz,,KARL STORZ THORAX,Universal Forceps,10371U,,,10371 U,,Rigid bronchoscopy,Rigid bronchoscopy forceps/scissors,Reusable instrument,Reusable,Reprocessed,No,,,,OD 2.0 mm; working length 35 cm,2,,,,35,,,Each,Adult,Universal Forceps,Select shaft diameter and working length for bronchoscope lumen.,Verified - legacy U.S. manufacturer catalog; current status pending,Hidden - current U.S. status unverified,SRC030,p. 88,2011-02,"Legacy 2011 U.S. catalog; current U.S. availability, labeling, and service support must be confirmed.",Not production-visible until current status is reverified.,{}
PRD-1E339ED4FF,MFR-12BAB1E48C,Karl Storz,,KARL STORZ THORAX,Universal Forceps,10371UL,,,10371 UL,,Rigid bronchoscopy,Rigid bronchoscopy forceps/scissors,Reusable instrument,Reusable,Reprocessed,No,,,,OD 2.0 mm; working length 45 cm,2,,,,45,,,Each,Adult,Universal Forceps,Select shaft diameter and working length for bronchoscope lumen.,Verified - legacy U.S. manufacturer catalog; current status pending,Hidden - current U.S. status unverified,SRC030,p. 88,2011-02,"Legacy 2011 U.S. catalog; current U.S. availability, labeling, and service support must be confirmed.",Not production-visible until current status is reverified.,{}
PRD-2FACCCFC02,MFR-12BAB1E48C,Karl Storz,,KARL STORZ THORAX,Universal Forceps,10372UL,,,10372 UL,,Rigid bronchoscopy,Rigid bronchoscopy forceps/scissors,Reusable instrument,Reusable,Reprocessed,No,,,,OD 1.5 mm; working length 35 cm,1.5,,,,35,,,Each,Adult,Universal Forceps,Select shaft diameter and working length for bronchoscope lumen.,Verified - legacy U.S. manufacturer catalog; current status pending,Hidden - current U.S. status unverified,SRC030,p. 89,2011-02,"Legacy 2011 U.S. catalog; current U.S. availability, labeling, and service support must be confirmed.",Not production-visible until current status is reverified.,{}
PRD-FE67FEA4F0,MFR-12BAB1E48C,Karl Storz,,KARL STORZ THORAX,VERESS Pneumoperitoneum Needle,26120J,,,26120 J,,Medical thoracoscopy,Thoracoscopy access needle,Reusable instrument,Reusable,Reprocessed,No,,,,OD 2.1 mm; length 10 cm,2.1,,,,10,,,Each,Adult,VERESS Pneumoperitoneum Needle,,Verified - legacy U.S. manufacturer catalog; current status pending,Hidden - current U.S. status unverified,SRC030,p. 146,2011-02,"Legacy 2011 U.S. catalog; current U.S. availability, labeling, and service support must be confirmed.",Not production-visible until current status is reverified.,{}
PRD-F1D5F37924,MFR-12BAB1E48C,Karl Storz,,Rigid bronchoscopy,Universal Rigid Bronchoscope Size 8.5,10318BK,,,,,Rigid bronchoscopy,Rigid bronchoscope barrel,Reusable instrument,Reusable,,,,,,Size 8.5; ID 10.5 mm; 43 cm,,,,,43,,,,,,,Candidate - user seed; primary source required,Hidden until verified,SRC007,Therapeutic bronchoscopy,,,,"{""id_mm"":10.5}"
PRD-F80927CE1B,MFR-68565E2FD2,Medtronic,,Shiley DLT,Shiley Left Double-Lumen Endobronchial Tube,125035,,,,,Airway isolation,,Endobronchial tube,,,,,,,35 Fr,,,35,,,,,,,,,Candidate - user seed; primary source required,Hidden until verified,SRC007,Perc trach and WLL,,,,{}
PRD-AAD09EDB4C,MFR-68565E2FD2,Medtronic,,Shiley DLT,Shiley Left Double-Lumen Endobronchial Tube,125037,,,,,Airway isolation,,Endobronchial tube,,,,,,,37 Fr,,,37,,,,,,,,,Candidate - user seed; primary source required,Hidden until verified,SRC007,Perc trach and WLL,,,,{}
PRD-A47AD72FD5,MFR-68565E2FD2,Medtronic,,Shiley DLT,Shiley Left Double-Lumen Endobronchial Tube,125039,,,,,Airway isolation,,Endobronchial tube,,,,,,,39 Fr,,,39,,,,,,,,,Candidate - user seed; primary source required,Hidden until verified,SRC007,Perc trach and WLL,,,,{}
PRD-52C5BEC3A1,MFR-68565E2FD2,Medtronic,,Shiley DLT,Shiley Left Double-Lumen Endobronchial Tube,125041,,,,,Airway isolation,,Endobronchial tube,,,,,,,41 Fr,,,41,,,,,,,,,Candidate - user seed; primary source required,Hidden until verified,SRC007,Perc trach and WLL,,,,{}
PRD-69C70153C3,MFR-68565E2FD2,Medtronic,,Shiley DLT,Shiley Right Double-Lumen Endobronchial Tube,126035,,,,,Airway isolation,,Endobronchial tube,,,,,,,35 Fr,,,35,,,,,,,,,Candidate - user seed; primary source required,Hidden until verified,SRC007,Perc trach and WLL,,,,{}
PRD-78D84A6D45,MFR-68565E2FD2,Medtronic,,Shiley DLT,Shiley Right Double-Lumen Endobronchial Tube,126037,,,,,Airway isolation,,Endobronchial tube,,,,,,,37 Fr,,,37,,,,,,,,,Candidate - user seed; primary source required,Hidden until verified,SRC007,Perc trach and WLL,,,,{}
PRD-BCC4474447,MFR-68565E2FD2,Medtronic,,Shiley DLT,Shiley Right Double-Lumen Endobronchial Tube,126039,,,,,Airway isolation,,Endobronchial tube,,,,,,,39 Fr,,,39,,,,,,,,,Candidate - user seed; primary source required,Hidden until verified,SRC007,Perc trach and WLL,,,,{}
PRD-E96FD33203,MFR-68565E2FD2,Medtronic,,Shiley DLT,Shiley Right Double-Lumen Endobronchial Tube,126041,,,,,Airway isolation,,Endobronchial tube,,,,,,,41 Fr,,,41,,,,,,,,,Candidate - user seed; primary source required,Hidden until verified,SRC007,Perc trach and WLL,,,,{}
PRD-04E1CAF545,MFR-68565E2FD2,Medtronic,,Shiley Flexible,Shiley Flexible Adult Cuffless Tracheostomy Tube,10UN10H,,,,,Tracheostomy,,Tracheostomy tube,,,,,,,Nominal size 10,,,,,,,,,,,,Candidate - user seed; primary source required,Hidden until verified,SRC007,Perc trach and WLL,,,,{}
PRD-90F9A0A0BC,MFR-68565E2FD2,Medtronic,,Shiley Flexible,Shiley Flexible Adult Cuffless Tracheostomy Tube,6UN75H,,,,,Tracheostomy,,Tracheostomy tube,,,,,,,Nominal size 6,,,,,,,,,,,,Candidate - user seed; primary source required,Hidden until verified,SRC007,Perc trach and WLL,,,,{}
PRD-788469337A,MFR-68565E2FD2,Medtronic,,Shiley Flexible,Shiley Flexible Adult Cuffless Tracheostomy Tube,7UN80H,,,,,Tracheostomy,,Tracheostomy tube,,,,,,,Nominal size 7,,,,,,,,,,,,Candidate - user seed; primary source required,Hidden until verified,SRC007,Perc trach and WLL,,,,{}
PRD-509226DE95,MFR-68565E2FD2,Medtronic,,Shiley Flexible,Shiley Flexible Adult Cuffless Tracheostomy Tube,8UN85H,,,,,Tracheostomy,,Tracheostomy tube,,,,,,,Nominal size 8,,,,,,,,,,,,Candidate - user seed; primary source required,Hidden until verified,SRC007,Perc trach and WLL,,,,{}
PRD-91C738FE6C,MFR-68565E2FD2,Medtronic,,Shiley Flexible,Shiley Flexible Adult Cuffless Tracheostomy Tube,9UN90H,,,,,Tracheostomy,,Tracheostomy tube,,,,,,,Nominal size 9,,,,,,,,,,,,Candidate - user seed; primary source required,Hidden until verified,SRC007,Perc trach and WLL,,,,{}
PRD-6826FE4C0E,MFR-68565E2FD2,Medtronic,,Shiley Flexible,Shiley Flexible Adult Tracheostomy Tube with TaperGuard Cuff,10CN10H,,,,,Tracheostomy,,Tracheostomy tube,,,,,,,Nominal size 10,,,,,,,,,,,,Candidate - user seed; primary source required,Hidden until verified,SRC007,Perc trach and WLL,,,,{}
PRD-E088452873,MFR-68565E2FD2,Medtronic,,Shiley Flexible,Shiley Flexible Adult Tracheostomy Tube with TaperGuard Cuff,6CN75H,,,,,Tracheostomy,,Tracheostomy tube,,,,,,,Nominal size 6,,,,,,,,,,,,Candidate - user seed; primary source required,Hidden until verified,SRC007,Perc trach and WLL,,,,{}
PRD-849E1FCCA5,MFR-68565E2FD2,Medtronic,,Shiley Flexible,Shiley Flexible Adult Tracheostomy Tube with TaperGuard Cuff,7CN80H,,,,,Tracheostomy,,Tracheostomy tube,,,,,,,Nominal size 7,,,,,,,,,,,,Candidate - user seed; primary source required,Hidden until verified,SRC007,Perc trach and WLL,,,,{}
PRD-A034F04BF1,MFR-68565E2FD2,Medtronic,,Shiley Flexible,Shiley Flexible Adult Tracheostomy Tube with TaperGuard Cuff,8CN85H,,,,,Tracheostomy,,Tracheostomy tube,,,,,,,Nominal size 8,,,,,,,,,,,,Candidate - user seed; primary source required,Hidden until verified,SRC007,Perc trach and WLL,,,,{}
PRD-804529441A,MFR-68565E2FD2,Medtronic,,Shiley Flexible,Shiley Flexible Adult Tracheostomy Tube with TaperGuard Cuff,9CN90H,,,,,Tracheostomy,,Tracheostomy tube,,,,,,,Nominal size 9,,,,,,,,,,,,Candidate - user seed; primary source required,Hidden until verified,SRC007,Perc trach and WLL,,,,{}
PRD-2663A0A0F5,MFR-68565E2FD2,Medtronic,,Shiley Flexible Evac,Shiley Flexible Evac Tracheostomy Tube,10CN10ED,,,,,Tracheostomy,,Tracheostomy tube,,,,,,,Nominal size 10,,,,,,,,,,,,Candidate - user seed; primary source required,Hidden until verified,SRC007,Perc trach and WLL,,,,{}
PRD-16A5369871,MFR-68565E2FD2,Medtronic,,Shiley Flexible Evac,Shiley Flexible Evac Tracheostomy Tube,6CN75ED,,,,,Tracheostomy,,Tracheostomy tube,,,,,,,Nominal size 6,,,,,,,,,,,,Candidate - user seed; primary source required,Hidden until verified,SRC007,Perc trach and WLL,,,,{}
PRD-709ED0842B,MFR-68565E2FD2,Medtronic,,Shiley Flexible Evac,Shiley Flexible Evac Tracheostomy Tube,7CN80ED,,,,,Tracheostomy,,Tracheostomy tube,,,,,,,Nominal size 7,,,,,,,,,,,,Candidate - user seed; primary source required,Hidden until verified,SRC007,Perc trach and WLL,,,,{}
PRD-8EE9A09E05,MFR-68565E2FD2,Medtronic,,Shiley Flexible Evac,Shiley Flexible Evac Tracheostomy Tube,8CN85ED,,,,,Tracheostomy,,Tracheostomy tube,,,,,,,Nominal size 8,,,,,,,,,,,,Candidate - user seed; primary source required,Hidden until verified,SRC007,Perc trach and WLL,,,,{}
PRD-02DC164D77,MFR-68565E2FD2,Medtronic,,Shiley Flexible Evac,Shiley Flexible Evac Tracheostomy Tube,9CN90ED,,,,,Tracheostomy,,Tracheostomy tube,,,,,,,Nominal size 9,,,,,,,,,,,,Candidate - user seed; primary source required,Hidden until verified,SRC007,Perc trach and WLL,,,,{}
PRD-BEE0D63766,MFR-80D24820DF,Merit Medical,,,"TAPS Set – 6 Fr × 12 cm, pigtail",TAPS-6F-12PLT,,,,,Pleural procedures,Thoracentesis Catheter,Candidate,,,,,,,,,,,,,,,,Both,"Pigtail, fixed luer",,Candidate - user seed; primary source required,Hidden until verified,SRC008,CSV row 28,,Prime Vendor: Yes; ECAT: Yes (unverified compiled claims),,{}
PRD-FCEC968C4E,MFR-80D24820DF,Merit Medical,,,TAPS Thoracentesis & Paracentesis Set – 5 Fr × 7 cm,TAPS-5F-7LT,,,,,Pleural procedures,Thoracentesis Catheter,Candidate,,,,,,,,,,,,,,,,Peds/Adult,Valved One‑Step catheter,,Candidate - user seed; primary source required,Hidden until verified,SRC008,CSV row 27,,Prime Vendor: Yes; ECAT: Yes (unverified compiled claims),,{}
PRD-806A35FA67,MFR-80D24820DF,Merit Medical,,,TAPS Thoracentesis and Paracentesis Set,TAPS-5F-10LT,,,,,Pleural procedures,,Candidate,,,,,,,,,,,,,,,,,"5 Fr x 10 cm, straight, fixed",,Candidate - user seed; primary source required,Hidden until verified,SRC007,pleural seed,,,,{}
PRD-8E8D4D1565,MFR-80D24820DF,Merit Medical,,,TAPS Thoracentesis and Paracentesis Set,TAPS-6F-10LT,,,,,Pleural procedures,,Candidate,,,,,,,,,,,,,,,,,"6 Fr x 10 cm, straight, fixed",,Candidate - user seed; primary source required,Hidden until verified,SRC007,pleural seed,,,,{}
PRD-F5AE18C06E,MFR-80D24820DF,Merit Medical,,,TAPS Thoracentesis and Paracentesis Set,TAPS-8F-10LT,,,,,Pleural procedures,,Candidate,,,,,,,,,,,,,,,,,8 Fr x 10 cm,,Candidate - user seed; primary source required,Hidden until verified,SRC007,pleural seed,,,,{}
PRD-A4575632E4,MFR-80D24820DF,Merit Medical,,,TAPS Thoracentesis and Paracentesis Set,TAPS-8F-7LT,,,,,Pleural procedures,,Candidate,,,,,,,,,,,,,,,,,8 Fr x 7 cm,,Candidate - user seed; primary source required,Hidden until verified,SRC007,pleural seed,,,,{}
PRD-184B3719A2,MFR-80D24820DF,Merit Medical,,,Thoracentesis and Paracentesis Set Family,APS-100,,,,,Pleural procedures,,Candidate,,,,,,,,,,,,,,,,,Thoracentesis/paracentesis set family,,Candidate - user seed; primary source required,Hidden until verified,SRC007,pleural seed,,,,{}
PRD-BA677F5907,MFR-80D24820DF,Merit Medical,,AERO,AERO Fully Covered Tracheobronchial Stent,90129-201,,,,,Airway stent,Covered SEMS,Implant with delivery system,Single use,Sterile,Yes,Laser-cut nitinol with covering,Fully covered,Over-the-wire tracheobronchial stent deployment,18 mm x 40 mm; 22 Fr delivery system,18,40,22,,61,,,1 unit,Adult,Fully covered tracheobronchial stent with anti-migration struts.,"Delivery system 22 Fr, working length 61 cm; verify bronchoscope/rigid barrel and guidewire compatibility.",Verified - manufacturer catalog,Prototype visible - reverify before production,SRC027,p. 5,2024-04,"Current catalog record; verify current IFU, UDI, and hospital formulary.","For 10, 12, and 14 mm sizes, catalog notes reduced working diameter behind stent pod.","{""delivery_working_diameter_fr"": 22, ""delivery_working_length_cm"": 61, ""stent_diameter_mm"": 18, ""stent_length_mm"": 40}"
PRD-6488B1F637,MFR-80D24820DF,Merit Medical,,AERO,AERO Fully Covered Tracheobronchial Stent,90129-202,,,,,Airway stent,Covered SEMS,Implant with delivery system,Single use,Sterile,Yes,Laser-cut nitinol with covering,Fully covered,Over-the-wire tracheobronchial stent deployment,18 mm x 60 mm; 22 Fr delivery system,18,60,22,,59,,,1 unit,Adult,Fully covered tracheobronchial stent with anti-migration struts.,"Delivery system 22 Fr, working length 59 cm; verify bronchoscope/rigid barrel and guidewire compatibility.",Verified - manufacturer catalog,Prototype visible - reverify before production,SRC027,p. 5,2024-04,"Current catalog record; verify current IFU, UDI, and hospital formulary.","For 10, 12, and 14 mm sizes, catalog notes reduced working diameter behind stent pod.","{""delivery_working_diameter_fr"": 22, ""delivery_working_length_cm"": 59, ""stent_diameter_mm"": 18, ""stent_length_mm"": 60}"
PRD-23E592FF23,MFR-80D24820DF,Merit Medical,,AERO,AERO Fully Covered Tracheobronchial Stent,90129-203,,,,,Airway stent,Covered SEMS,Implant with delivery system,Single use,Sterile,Yes,Laser-cut nitinol with covering,Fully covered,Over-the-wire tracheobronchial stent deployment,18 mm x 80 mm; 22 Fr delivery system,18,80,22,,56,,,1 unit,Adult,Fully covered tracheobronchial stent with anti-migration struts.,"Delivery system 22 Fr, working length 56 cm; verify bronchoscope/rigid barrel and guidewire compatibility.",Verified - manufacturer catalog,Prototype visible - reverify before production,SRC027,p. 5,2024-04,"Current catalog record; verify current IFU, UDI, and hospital formulary.","For 10, 12, and 14 mm sizes, catalog notes reduced working diameter behind stent pod.","{""delivery_working_diameter_fr"": 22, ""delivery_working_length_cm"": 56, ""stent_diameter_mm"": 18, ""stent_length_mm"": 80}"
PRD-58DB5E4909,MFR-80D24820DF,Merit Medical,,AERO,AERO Fully Covered Tracheobronchial Stent,90129-204,,,,,Airway stent,Covered SEMS,Implant with delivery system,Single use,Sterile,Yes,Laser-cut nitinol with covering,Fully covered,Over-the-wire tracheobronchial stent deployment,16 mm x 40 mm; 22 Fr delivery system,16,40,22,,61,,,1 unit,Adult,Fully covered tracheobronchial stent with anti-migration struts.,"Delivery system 22 Fr, working length 61 cm; verify bronchoscope/rigid barrel and guidewire compatibility.",Verified - manufacturer catalog,Prototype visible - reverify before production,SRC027,p. 5,2024-04,"Current catalog record; verify current IFU, UDI, and hospital formulary.","For 10, 12, and 14 mm sizes, catalog notes reduced working diameter behind stent pod.","{""delivery_working_diameter_fr"": 22, ""delivery_working_length_cm"": 61, ""stent_diameter_mm"": 16, ""stent_length_mm"": 40}"
PRD-2A67871443,MFR-80D24820DF,Merit Medical,,AERO,AERO Fully Covered Tracheobronchial Stent,90129-205,,,,,Airway stent,Covered SEMS,Implant with delivery system,Single use,Sterile,Yes,Laser-cut nitinol with covering,Fully covered,Over-the-wire tracheobronchial stent deployment,16 mm x 60 mm; 22 Fr delivery system,16,60,22,,59,,,1 unit,Adult,Fully covered tracheobronchial stent with anti-migration struts.,"Delivery system 22 Fr, working length 59 cm; verify bronchoscope/rigid barrel and guidewire compatibility.",Verified - manufacturer catalog,Prototype visible - reverify before production,SRC027,p. 5,2024-04,"Current catalog record; verify current IFU, UDI, and hospital formulary.","For 10, 12, and 14 mm sizes, catalog notes reduced working diameter behind stent pod.","{""delivery_working_diameter_fr"": 22, ""delivery_working_length_cm"": 59, ""stent_diameter_mm"": 16, ""stent_length_mm"": 60}"
PRD-8E2214C53F,MFR-80D24820DF,Merit Medical,,AERO,AERO Fully Covered Tracheobronchial Stent,90129-206,,,,,Airway stent,Covered SEMS,Implant with delivery system,Single use,Sterile,Yes,Laser-cut nitinol with covering,Fully covered,Over-the-wire tracheobronchial stent deployment,16 mm x 80 mm; 22 Fr delivery system,16,80,22,,56,,,1 unit,Adult,Fully covered tracheobronchial stent with anti-migration struts.,"Delivery system 22 Fr, working length 56 cm; verify bronchoscope/rigid barrel and guidewire compatibility.",Verified - manufacturer catalog,Prototype visible - reverify before production,SRC027,p. 5,2024-04,"Current catalog record; verify current IFU, UDI, and hospital formulary.","For 10, 12, and 14 mm sizes, catalog notes reduced working diameter behind stent pod.","{""delivery_working_diameter_fr"": 22, ""delivery_working_length_cm"": 56, ""stent_diameter_mm"": 16, ""stent_length_mm"": 80}"
PRD-C65DDE0FEC,MFR-80D24820DF,Merit Medical,,AERO,AERO Fully Covered Tracheobronchial Stent,90129-207,,,,,Airway stent,Covered SEMS,Implant with delivery system,Single use,Sterile,Yes,Laser-cut nitinol with covering,Fully covered,Over-the-wire tracheobronchial stent deployment,10 mm x 20 mm; 16 Fr delivery system,10,20,16,,70,,,1 unit,Adult,Fully covered tracheobronchial stent with anti-migration struts.,"Delivery system 16 Fr, working length 70 cm; verify bronchoscope/rigid barrel and guidewire compatibility.",Verified - manufacturer catalog,Prototype visible - reverify before production,SRC027,p. 5,2024-04,"Current catalog record; verify current IFU, UDI, and hospital formulary.","For 10, 12, and 14 mm sizes, catalog notes reduced working diameter behind stent pod.","{""delivery_working_diameter_fr"": 16, ""delivery_working_length_cm"": 70, ""stent_diameter_mm"": 10, ""stent_length_mm"": 20}"
PRD-EC1BF76FBC,MFR-80D24820DF,Merit Medical,,AERO,AERO Fully Covered Tracheobronchial Stent,90129-208,,,,,Airway stent,Covered SEMS,Implant with delivery system,Single use,Sterile,Yes,Laser-cut nitinol with covering,Fully covered,Over-the-wire tracheobronchial stent deployment,10 mm x 30 mm; 16 Fr delivery system,10,30,16,,70,,,1 unit,Adult,Fully covered tracheobronchial stent with anti-migration struts.,"Delivery system 16 Fr, working length 70 cm; verify bronchoscope/rigid barrel and guidewire compatibility.",Verified - manufacturer catalog,Prototype visible - reverify before production,SRC027,p. 5,2024-04,"Current catalog record; verify current IFU, UDI, and hospital formulary.","For 10, 12, and 14 mm sizes, catalog notes reduced working diameter behind stent pod.","{""delivery_working_diameter_fr"": 16, ""delivery_working_length_cm"": 70, ""stent_diameter_mm"": 10, ""stent_length_mm"": 30}"
PRD-2E03B33575,MFR-80D24820DF,Merit Medical,,AERO,AERO Fully Covered Tracheobronchial Stent,90129-209,,,,,Airway stent,Covered SEMS,Implant with delivery system,Single use,Sterile,Yes,Laser-cut nitinol with covering,Fully covered,Over-the-wire tracheobronchial stent deployment,10 mm x 40 mm; 16 Fr delivery system,10,40,16,,70,,,1 unit,Adult,Fully covered tracheobronchial stent with anti-migration struts.,"Delivery system 16 Fr, working length 70 cm; verify bronchoscope/rigid barrel and guidewire compatibility.",Verified - manufacturer catalog,Prototype visible - reverify before production,SRC027,p. 5,2024-04,"Current catalog record; verify current IFU, UDI, and hospital formulary.","For 10, 12, and 14 mm sizes, catalog notes reduced working diameter behind stent pod.","{""delivery_working_diameter_fr"": 16, ""delivery_working_length_cm"": 70, ""stent_diameter_mm"": 10, ""stent_length_mm"": 40}"
PRD-29E6B2C2D0,MFR-80D24820DF,Merit Medical,,AERO,AERO Fully Covered Tracheobronchial Stent,90129-210,,,,,Airway stent,Covered SEMS,Implant with delivery system,Single use,Sterile,Yes,Laser-cut nitinol with covering,Fully covered,Over-the-wire tracheobronchial stent deployment,12 mm x 20 mm; 16 Fr delivery system,12,20,16,,70,,,1 unit,Adult,Fully covered tracheobronchial stent with anti-migration struts.,"Delivery system 16 Fr, working length 70 cm; verify bronchoscope/rigid barrel and guidewire compatibility.",Verified - manufacturer catalog,Prototype visible - reverify before production,SRC027,p. 5,2024-04,"Current catalog record; verify current IFU, UDI, and hospital formulary.","For 10, 12, and 14 mm sizes, catalog notes reduced working diameter behind stent pod.","{""delivery_working_diameter_fr"": 16, ""delivery_working_length_cm"": 70, ""stent_diameter_mm"": 12, ""stent_length_mm"": 20}"
PRD-BD9FC1E209,MFR-80D24820DF,Merit Medical,,AERO,AERO Fully Covered Tracheobronchial Stent,90129-211,,,,,Airway stent,Covered SEMS,Implant with delivery system,Single use,Sterile,Yes,Laser-cut nitinol with covering,Fully covered,Over-the-wire tracheobronchial stent deployment,12 mm x 30 mm; 16 Fr delivery system,12,30,16,,70,,,1 unit,Adult,Fully covered tracheobronchial stent with anti-migration struts.,"Delivery system 16 Fr, working length 70 cm; verify bronchoscope/rigid barrel and guidewire compatibility.",Verified - manufacturer catalog,Prototype visible - reverify before production,SRC027,p. 5,2024-04,"Current catalog record; verify current IFU, UDI, and hospital formulary.","For 10, 12, and 14 mm sizes, catalog notes reduced working diameter behind stent pod.","{""delivery_working_diameter_fr"": 16, ""delivery_working_length_cm"": 70, ""stent_diameter_mm"": 12, ""stent_length_mm"": 30}"
PRD-C37147C7D7,MFR-80D24820DF,Merit Medical,,AERO,AERO Fully Covered Tracheobronchial Stent,90129-212,,,,,Airway stent,Covered SEMS,Implant with delivery system,Single use,Sterile,Yes,Laser-cut nitinol with covering,Fully covered,Over-the-wire tracheobronchial stent deployment,12 mm x 40 mm; 16 Fr delivery system,12,40,16,,70,,,1 unit,Adult,Fully covered tracheobronchial stent with anti-migration struts.,"Delivery system 16 Fr, working length 70 cm; verify bronchoscope/rigid barrel and guidewire compatibility.",Verified - manufacturer catalog,Prototype visible - reverify before production,SRC027,p. 5,2024-04,"Current catalog record; verify current IFU, UDI, and hospital formulary.","For 10, 12, and 14 mm sizes, catalog notes reduced working diameter behind stent pod.","{""delivery_working_diameter_fr"": 16, ""delivery_working_length_cm"": 70, ""stent_diameter_mm"": 12, ""stent_length_mm"": 40}"
PRD-0EF1C15F6B,MFR-80D24820DF,Merit Medical,,AERO,AERO Fully Covered Tracheobronchial Stent,90129-213,,,,,Airway stent,Covered SEMS,Implant with delivery system,Single use,Sterile,Yes,Laser-cut nitinol with covering,Fully covered,Over-the-wire tracheobronchial stent deployment,14 mm x 20 mm; 16 Fr delivery system,14,20,16,,70,,,1 unit,Adult,Fully covered tracheobronchial stent with anti-migration struts.,"Delivery system 16 Fr, working length 70 cm; verify bronchoscope/rigid barrel and guidewire compatibility.",Verified - manufacturer catalog,Prototype visible - reverify before production,SRC027,p. 5,2024-04,"Current catalog record; verify current IFU, UDI, and hospital formulary.","For 10, 12, and 14 mm sizes, catalog notes reduced working diameter behind stent pod.","{""delivery_working_diameter_fr"": 16, ""delivery_working_length_cm"": 70, ""stent_diameter_mm"": 14, ""stent_length_mm"": 20}"
PRD-FA59BE320F,MFR-80D24820DF,Merit Medical,,AERO,AERO Fully Covered Tracheobronchial Stent,90129-214,,,,,Airway stent,Covered SEMS,Implant with delivery system,Single use,Sterile,Yes,Laser-cut nitinol with covering,Fully covered,Over-the-wire tracheobronchial stent deployment,14 mm x 30 mm; 16 Fr delivery system,14,30,16,,70,,,1 unit,Adult,Fully covered tracheobronchial stent with anti-migration struts.,"Delivery system 16 Fr, working length 70 cm; verify bronchoscope/rigid barrel and guidewire compatibility.",Verified - manufacturer catalog,Prototype visible - reverify before production,SRC027,p. 5,2024-04,"Current catalog record; verify current IFU, UDI, and hospital formulary.","For 10, 12, and 14 mm sizes, catalog notes reduced working diameter behind stent pod.","{""delivery_working_diameter_fr"": 16, ""delivery_working_length_cm"": 70, ""stent_diameter_mm"": 14, ""stent_length_mm"": 30}"
PRD-BDE6A1058E,MFR-80D24820DF,Merit Medical,,AERO,AERO Fully Covered Tracheobronchial Stent,90129-215,,,,,Airway stent,Covered SEMS,Implant with delivery system,Single use,Sterile,Yes,Laser-cut nitinol with covering,Fully covered,Over-the-wire tracheobronchial stent deployment,14 mm x 40 mm; 16 Fr delivery system,14,40,16,,70,,,1 unit,Adult,Fully covered tracheobronchial stent with anti-migration struts.,"Delivery system 16 Fr, working length 70 cm; verify bronchoscope/rigid barrel and guidewire compatibility.",Verified - manufacturer catalog,Prototype visible - reverify before production,SRC027,p. 5,2024-04,"Current catalog record; verify current IFU, UDI, and hospital formulary.","For 10, 12, and 14 mm sizes, catalog notes reduced working diameter behind stent pod.","{""delivery_working_diameter_fr"": 16, ""delivery_working_length_cm"": 70, ""stent_diameter_mm"": 14, ""stent_length_mm"": 40}"
PRD-438D71C59C,MFR-80D24820DF,Merit Medical,,AERO,AERO Fully Covered Tracheobronchial Stent,90129-216,,,,,Airway stent,Covered SEMS,Implant with delivery system,Single use,Sterile,Yes,Laser-cut nitinol with covering,Fully covered,Over-the-wire tracheobronchial stent deployment,20 mm x 40 mm; 22 Fr delivery system,20,40,22,,61,,,1 unit,Adult,Fully covered tracheobronchial stent with anti-migration struts.,"Delivery system 22 Fr, working length 61 cm; verify bronchoscope/rigid barrel and guidewire compatibility.",Verified - manufacturer catalog,Prototype visible - reverify before production,SRC027,p. 5,2024-04,"Current catalog record; verify current IFU, UDI, and hospital formulary.","For 10, 12, and 14 mm sizes, catalog notes reduced working diameter behind stent pod.","{""delivery_working_diameter_fr"": 22, ""delivery_working_length_cm"": 61, ""stent_diameter_mm"": 20, ""stent_length_mm"": 40}"
PRD-7389E0BD35,MFR-80D24820DF,Merit Medical,,AERO,AERO Fully Covered Tracheobronchial Stent,90129-217,,,,,Airway stent,Covered SEMS,Implant with delivery system,Single use,Sterile,Yes,Laser-cut nitinol with covering,Fully covered,Over-the-wire tracheobronchial stent deployment,20 mm x 60 mm; 22 Fr delivery system,20,60,22,,59,,,1 unit,Adult,Fully covered tracheobronchial stent with anti-migration struts.,"Delivery system 22 Fr, working length 59 cm; verify bronchoscope/rigid barrel and guidewire compatibility.",Verified - manufacturer catalog,Prototype visible - reverify before production,SRC027,p. 5,2024-04,"Current catalog record; verify current IFU, UDI, and hospital formulary.","For 10, 12, and 14 mm sizes, catalog notes reduced working diameter behind stent pod.","{""delivery_working_diameter_fr"": 22, ""delivery_working_length_cm"": 59, ""stent_diameter_mm"": 20, ""stent_length_mm"": 60}"
PRD-BAC7605565,MFR-80D24820DF,Merit Medical,,AERO,AERO Fully Covered Tracheobronchial Stent,90129-218,,,,,Airway stent,Covered SEMS,Implant with delivery system,Single use,Sterile,Yes,Laser-cut nitinol with covering,Fully covered,Over-the-wire tracheobronchial stent deployment,20 mm x 80 mm; 22 Fr delivery system,20,80,22,,56,,,1 unit,Adult,Fully covered tracheobronchial stent with anti-migration struts.,"Delivery system 22 Fr, working length 56 cm; verify bronchoscope/rigid barrel and guidewire compatibility.",Verified - manufacturer catalog,Prototype visible - reverify before production,SRC027,p. 5,2024-04,"Current catalog record; verify current IFU, UDI, and hospital formulary.","For 10, 12, and 14 mm sizes, catalog notes reduced working diameter behind stent pod.","{""delivery_working_diameter_fr"": 22, ""delivery_working_length_cm"": 56, ""stent_diameter_mm"": 20, ""stent_length_mm"": 80}"
PRD-BFE5B739F0,MFR-80D24820DF,Merit Medical,,AERO DV,AERO DV Direct Visualization Tracheobronchial Stent,90129-301,,,,,Airway stent,Covered SEMS,Implant with direct-visualization delivery system,Single use,Sterile,Yes,Nitinol with covering,Fully covered,Direct visualization,18 mm x 40 mm; 30 Fr delivery system,18,40,30,,39,,,1 unit,Adult,Direct visualization tracheobronchial stent system.,Delivery system 30 Fr; working length 39 cm; verify rigid bronchoscope compatibility.,Verified - manufacturer catalog,Prototype visible - reverify before production,SRC027,p. 7,2024-04,"Verify current IFU, UDI, and commercial availability.",,"{""delivery_method"": ""direct visualization"", ""delivery_working_diameter_fr"": 30, ""delivery_working_length_cm"": 39, ""stent_diameter_mm"": 18, ""stent_length_mm"": 40}"
PRD-8B87F7D42B,MFR-80D24820DF,Merit Medical,,AERO DV,AERO DV Direct Visualization Tracheobronchial Stent,90129-302,,,,,Airway stent,Covered SEMS,Implant with direct-visualization delivery system,Single use,Sterile,Yes,Nitinol with covering,Fully covered,Direct visualization,18 mm x 60 mm; 30 Fr delivery system,18,60,30,,39,,,1 unit,Adult,Direct visualization tracheobronchial stent system.,Delivery system 30 Fr; working length 39 cm; verify rigid bronchoscope compatibility.,Verified - manufacturer catalog,Prototype visible - reverify before production,SRC027,p. 7,2024-04,"Verify current IFU, UDI, and commercial availability.",,"{""delivery_method"": ""direct visualization"", ""delivery_working_diameter_fr"": 30, ""delivery_working_length_cm"": 39, ""stent_diameter_mm"": 18, ""stent_length_mm"": 60}"
PRD-2EE09F18D7,MFR-80D24820DF,Merit Medical,,AERO DV,AERO DV Direct Visualization Tracheobronchial Stent,90129-303,,,,,Airway stent,Covered SEMS,Implant with direct-visualization delivery system,Single use,Sterile,Yes,Nitinol with covering,Fully covered,Direct visualization,18 mm x 80 mm; 30 Fr delivery system,18,80,30,,39,,,1 unit,Adult,Direct visualization tracheobronchial stent system.,Delivery system 30 Fr; working length 39 cm; verify rigid bronchoscope compatibility.,Verified - manufacturer catalog,Prototype visible - reverify before production,SRC027,p. 7,2024-04,"Verify current IFU, UDI, and commercial availability.",,"{""delivery_method"": ""direct visualization"", ""delivery_working_diameter_fr"": 30, ""delivery_working_length_cm"": 39, ""stent_diameter_mm"": 18, ""stent_length_mm"": 80}"
PRD-65629D3931,MFR-80D24820DF,Merit Medical,,AERO DV,AERO DV Direct Visualization Tracheobronchial Stent,90129-304,,,,,Airway stent,Covered SEMS,Implant with direct-visualization delivery system,Single use,Sterile,Yes,Nitinol with covering,Fully covered,Direct visualization,16 mm x 40 mm; 30 Fr delivery system,16,40,30,,39,,,1 unit,Adult,Direct visualization tracheobronchial stent system.,Delivery system 30 Fr; working length 39 cm; verify rigid bronchoscope compatibility.,Verified - manufacturer catalog,Prototype visible - reverify before production,SRC027,p. 7,2024-04,"Verify current IFU, UDI, and commercial availability.",,"{""delivery_method"": ""direct visualization"", ""delivery_working_diameter_fr"": 30, ""delivery_working_length_cm"": 39, ""stent_diameter_mm"": 16, ""stent_length_mm"": 40}"
PRD-3C2043D9ED,MFR-80D24820DF,Merit Medical,,AERO DV,AERO DV Direct Visualization Tracheobronchial Stent,90129-305,,,,,Airway stent,Covered SEMS,Implant with direct-visualization delivery system,Single use,Sterile,Yes,Nitinol with covering,Fully covered,Direct visualization,16 mm x 60 mm; 30 Fr delivery system,16,60,30,,39,,,1 unit,Adult,Direct visualization tracheobronchial stent system.,Delivery system 30 Fr; working length 39 cm; verify rigid bronchoscope compatibility.,Verified - manufacturer catalog,Prototype visible - reverify before production,SRC027,p. 7,2024-04,"Verify current IFU, UDI, and commercial availability.",,"{""delivery_method"": ""direct visualization"", ""delivery_working_diameter_fr"": 30, ""delivery_working_length_cm"": 39, ""stent_diameter_mm"": 16, ""stent_length_mm"": 60}"
PRD-6407CF16C1,MFR-80D24820DF,Merit Medical,,AERO DV,AERO DV Direct Visualization Tracheobronchial Stent,90129-306,,,,,Airway stent,Covered SEMS,Implant with direct-visualization delivery system,Single use,Sterile,Yes,Nitinol with covering,Fully covered,Direct visualization,16 mm x 80 mm; 30 Fr delivery system,16,80,30,,39,,,1 unit,Adult,Direct visualization tracheobronchial stent system.,Delivery system 30 Fr; working length 39 cm; verify rigid bronchoscope compatibility.,Verified - manufacturer catalog,Prototype visible - reverify before production,SRC027,p. 7,2024-04,"Verify current IFU, UDI, and commercial availability.",,"{""delivery_method"": ""direct visualization"", ""delivery_working_diameter_fr"": 30, ""delivery_working_length_cm"": 39, ""stent_diameter_mm"": 16, ""stent_length_mm"": 80}"
PRD-04F9EBA54C,MFR-80D24820DF,Merit Medical,,AERO DV,AERO DV Direct Visualization Tracheobronchial Stent,90129-310,,,,,Airway stent,Covered SEMS,Implant with direct-visualization delivery system,Single use,Sterile,Yes,Nitinol with covering,Fully covered,Direct visualization,12 mm x 20 mm; 28 Fr delivery system,12,20,28,,41,,,1 unit,Adult,Direct visualization tracheobronchial stent system.,Delivery system 28 Fr; working length 41 cm; verify rigid bronchoscope compatibility.,Verified - manufacturer catalog,Prototype visible - reverify before production,SRC027,p. 7,2024-04,"Verify current IFU, UDI, and commercial availability.",,"{""delivery_method"": ""direct visualization"", ""delivery_working_diameter_fr"": 28, ""delivery_working_length_cm"": 41, ""stent_diameter_mm"": 12, ""stent_length_mm"": 20}"
PRD-71B93D1EA0,MFR-80D24820DF,Merit Medical,,AERO DV,AERO DV Direct Visualization Tracheobronchial Stent,90129-311,,,,,Airway stent,Covered SEMS,Implant with direct-visualization delivery system,Single use,Sterile,Yes,Nitinol with covering,Fully covered,Direct visualization,12 mm x 30 mm; 28 Fr delivery system,12,30,28,,40,,,1 unit,Adult,Direct visualization tracheobronchial stent system.,Delivery system 28 Fr; working length 40 cm; verify rigid bronchoscope compatibility.,Verified - manufacturer catalog,Prototype visible - reverify before production,SRC027,p. 7,2024-04,"Verify current IFU, UDI, and commercial availability.",,"{""delivery_method"": ""direct visualization"", ""delivery_working_diameter_fr"": 28, ""delivery_working_length_cm"": 40, ""stent_diameter_mm"": 12, ""stent_length_mm"": 30}"
PRD-534A17E0C9,MFR-80D24820DF,Merit Medical,,AERO DV,AERO DV Direct Visualization Tracheobronchial Stent,90129-312,,,,,Airway stent,Covered SEMS,Implant with direct-visualization delivery system,Single use,Sterile,Yes,Nitinol with covering,Fully covered,Direct visualization,12 mm x 40 mm; 28 Fr delivery system,12,40,28,,39,,,1 unit,Adult,Direct visualization tracheobronchial stent system.,Delivery system 28 Fr; working length 39 cm; verify rigid bronchoscope compatibility.,Verified - manufacturer catalog,Prototype visible - reverify before production,SRC027,p. 7,2024-04,"Verify current IFU, UDI, and commercial availability.",,"{""delivery_method"": ""direct visualization"", ""delivery_working_diameter_fr"": 28, ""delivery_working_length_cm"": 39, ""stent_diameter_mm"": 12, ""stent_length_mm"": 40}"
PRD-F32CE903FF,MFR-80D24820DF,Merit Medical,,AERO DV,AERO DV Direct Visualization Tracheobronchial Stent,90129-313,,,,,Airway stent,Covered SEMS,Implant with direct-visualization delivery system,Single use,Sterile,Yes,Nitinol with covering,Fully covered,Direct visualization,14 mm x 20 mm; 28 Fr delivery system,14,20,28,,41,,,1 unit,Adult,Direct visualization tracheobronchial stent system.,Delivery system 28 Fr; working length 41 cm; verify rigid bronchoscope compatibility.,Verified - manufacturer catalog,Prototype visible - reverify before production,SRC027,p. 7,2024-04,"Verify current IFU, UDI, and commercial availability.",,"{""delivery_method"": ""direct visualization"", ""delivery_working_diameter_fr"": 28, ""delivery_working_length_cm"": 41, ""stent_diameter_mm"": 14, ""stent_length_mm"": 20}"
PRD-41BE0FC18C,MFR-80D24820DF,Merit Medical,,AERO DV,AERO DV Direct Visualization Tracheobronchial Stent,90129-314,,,,,Airway stent,Covered SEMS,Implant with direct-visualization delivery system,Single use,Sterile,Yes,Nitinol with covering,Fully covered,Direct visualization,14 mm x 30 mm; 28 Fr delivery system,14,30,28,,40,,,1 unit,Adult,Direct visualization tracheobronchial stent system.,Delivery system 28 Fr; working length 40 cm; verify rigid bronchoscope compatibility.,Verified - manufacturer catalog,Prototype visible - reverify before production,SRC027,p. 7,2024-04,"Verify current IFU, UDI, and commercial availability.",,"{""delivery_method"": ""direct visualization"", ""delivery_working_diameter_fr"": 28, ""delivery_working_length_cm"": 40, ""stent_diameter_mm"": 14, ""stent_length_mm"": 30}"
PRD-9C399CB432,MFR-80D24820DF,Merit Medical,,AERO DV,AERO DV Direct Visualization Tracheobronchial Stent,90129-315,,,,,Airway stent,Covered SEMS,Implant with direct-visualization delivery system,Single use,Sterile,Yes,Nitinol with covering,Fully covered,Direct visualization,14 mm x 40 mm; 28 Fr delivery system,14,40,28,,39,,,1 unit,Adult,Direct visualization tracheobronchial stent system.,Delivery system 28 Fr; working length 39 cm; verify rigid bronchoscope compatibility.,Verified - manufacturer catalog,Prototype visible - reverify before production,SRC027,p. 7,2024-04,"Verify current IFU, UDI, and commercial availability.",,"{""delivery_method"": ""direct visualization"", ""delivery_working_diameter_fr"": 28, ""delivery_working_length_cm"": 39, ""stent_diameter_mm"": 14, ""stent_length_mm"": 40}"
PRD-941D1C2633,MFR-80D24820DF,Merit Medical,,AERO DV,AERO DV Direct Visualization Tracheobronchial Stent,90129-316,,,,,Airway stent,Covered SEMS,Implant with direct-visualization delivery system,Single use,Sterile,Yes,Nitinol with covering,Fully covered,Direct visualization,20 mm x 40 mm; 30 Fr delivery system,20,40,30,,39,,,1 unit,Adult,Direct visualization tracheobronchial stent system.,Delivery system 30 Fr; working length 39 cm; verify rigid bronchoscope compatibility.,Verified - manufacturer catalog,Prototype visible - reverify before production,SRC027,p. 7,2024-04,"Verify current IFU, UDI, and commercial availability.",,"{""delivery_method"": ""direct visualization"", ""delivery_working_diameter_fr"": 30, ""delivery_working_length_cm"": 39, ""stent_diameter_mm"": 20, ""stent_length_mm"": 40}"
PRD-F227995333,MFR-80D24820DF,Merit Medical,,AERO DV,AERO DV Direct Visualization Tracheobronchial Stent,90129-317,,,,,Airway stent,Covered SEMS,Implant with direct-visualization delivery system,Single use,Sterile,Yes,Nitinol with covering,Fully covered,Direct visualization,20 mm x 60 mm; 30 Fr delivery system,20,60,30,,39,,,1 unit,Adult,Direct visualization tracheobronchial stent system.,Delivery system 30 Fr; working length 39 cm; verify rigid bronchoscope compatibility.,Verified - manufacturer catalog,Prototype visible - reverify before production,SRC027,p. 7,2024-04,"Verify current IFU, UDI, and commercial availability.",,"{""delivery_method"": ""direct visualization"", ""delivery_working_diameter_fr"": 30, ""delivery_working_length_cm"": 39, ""stent_diameter_mm"": 20, ""stent_length_mm"": 60}"
PRD-DA836B059E,MFR-80D24820DF,Merit Medical,,AERO DV,AERO DV Direct Visualization Tracheobronchial Stent,90129-318,,,,,Airway stent,Covered SEMS,Implant with direct-visualization delivery system,Single use,Sterile,Yes,Nitinol with covering,Fully covered,Direct visualization,20 mm x 80 mm; 30 Fr delivery system,20,80,30,,39,,,1 unit,Adult,Direct visualization tracheobronchial stent system.,Delivery system 30 Fr; working length 39 cm; verify rigid bronchoscope compatibility.,Verified - manufacturer catalog,Prototype visible - reverify before production,SRC027,p. 7,2024-04,"Verify current IFU, UDI, and commercial availability.",,"{""delivery_method"": ""direct visualization"", ""delivery_working_diameter_fr"": 30, ""delivery_working_length_cm"": 39, ""stent_diameter_mm"": 20, ""stent_length_mm"": 80}"
PRD-86009D6403,MFR-80D24820DF,Merit Medical,,AEROmini,AEROmini Fully Covered Tracheobronchial Stent,AERO1010,,,,,Airway stent,Covered SEMS,Implant with delivery system,Single use,Sterile,Yes,Nitinol with covering,Fully covered,Over-the-wire,10 mm x 10 mm; 12.5 Fr; OTW,10,10,12.5,,70,,,1 unit,Adult,Small-diameter fully covered airway stent.,"OTW delivery, 12.5 Fr, working length 70 cm.",Verified - manufacturer catalog,Prototype visible - reverify before production,SRC027,p. 5,2024-04,"Verify current IFU, UDI, and commercial availability.",,"{""delivery_method"": ""OTW"", ""delivery_working_diameter_fr"": 12.5, ""delivery_working_length_cm"": 70, ""stent_diameter_mm"": 10, ""stent_length_mm"": 10}"
PRD-D09AAAFB72,MFR-80D24820DF,Merit Medical,,AEROmini,AEROmini Fully Covered Tracheobronchial Stent,AERO1015,,,,,Airway stent,Covered SEMS,Implant with delivery system,Single use,Sterile,Yes,Nitinol with covering,Fully covered,Over-the-wire,10 mm x 15 mm; 12.5 Fr; OTW,10,15,12.5,,70,,,1 unit,Adult,Small-diameter fully covered airway stent.,"OTW delivery, 12.5 Fr, working length 70 cm.",Verified - manufacturer catalog,Prototype visible - reverify before production,SRC027,p. 5,2024-04,"Verify current IFU, UDI, and commercial availability.",,"{""delivery_method"": ""OTW"", ""delivery_working_diameter_fr"": 12.5, ""delivery_working_length_cm"": 70, ""stent_diameter_mm"": 10, ""stent_length_mm"": 15}"
PRD-6556097624,MFR-80D24820DF,Merit Medical,,AEROmini,AEROmini Fully Covered Tracheobronchial Stent,AERO1210,,,,,Airway stent,Covered SEMS,Implant with delivery system,Single use,Sterile,Yes,Nitinol with covering,Fully covered,Over-the-wire,12 mm x 10 mm; 16 Fr; OTW,12,10,16,,70,,,1 unit,Adult,Small-diameter fully covered airway stent.,"OTW delivery, 16 Fr, working length 70 cm.",Verified - manufacturer catalog,Prototype visible - reverify before production,SRC027,p. 5,2024-04,"Verify current IFU, UDI, and commercial availability.",,"{""delivery_method"": ""OTW"", ""delivery_working_diameter_fr"": 16, ""delivery_working_length_cm"": 70, ""stent_diameter_mm"": 12, ""stent_length_mm"": 10}"
PRD-99532BAC7D,MFR-80D24820DF,Merit Medical,,AEROmini,AEROmini Fully Covered Tracheobronchial Stent,AERO1215,,,,,Airway stent,Covered SEMS,Implant with delivery system,Single use,Sterile,Yes,Nitinol with covering,Fully covered,Over-the-wire,12 mm x 15 mm; 16 Fr; OTW,12,15,16,,70,,,1 unit,Adult,Small-diameter fully covered airway stent.,"OTW delivery, 16 Fr, working length 70 cm.",Verified - manufacturer catalog,Prototype visible - reverify before production,SRC027,p. 5,2024-04,"Verify current IFU, UDI, and commercial availability.",,"{""delivery_method"": ""OTW"", ""delivery_working_diameter_fr"": 16, ""delivery_working_length_cm"": 70, ""stent_diameter_mm"": 12, ""stent_length_mm"": 15}"
PRD-A8D6EE3E6F,MFR-80D24820DF,Merit Medical,,AEROmini,AEROmini Fully Covered Tracheobronchial Stent,AERO1410,,,,,Airway stent,Covered SEMS,Implant with delivery system,Single use,Sterile,Yes,Nitinol with covering,Fully covered,Over-the-wire,14 mm x 10 mm; 16 Fr; OTW,14,10,16,,70,,,1 unit,Adult,Small-diameter fully covered airway stent.,"OTW delivery, 16 Fr, working length 70 cm.",Verified - manufacturer catalog,Prototype visible - reverify before production,SRC027,p. 5,2024-04,"Verify current IFU, UDI, and commercial availability.",,"{""delivery_method"": ""OTW"", ""delivery_working_diameter_fr"": 16, ""delivery_working_length_cm"": 70, ""stent_diameter_mm"": 14, ""stent_length_mm"": 10}"
PRD-ECDF9A7AFB,MFR-80D24820DF,Merit Medical,,AEROmini,AEROmini Fully Covered Tracheobronchial Stent,AERO1415,,,,,Airway stent,Covered SEMS,Implant with delivery system,Single use,Sterile,Yes,Nitinol with covering,Fully covered,Over-the-wire,14 mm x 15 mm; 16 Fr; OTW,14,15,16,,70,,,1 unit,Adult,Small-diameter fully covered airway stent.,"OTW delivery, 16 Fr, working length 70 cm.",Verified - manufacturer catalog,Prototype visible - reverify before production,SRC027,p. 5,2024-04,"Verify current IFU, UDI, and commercial availability.",,"{""delivery_method"": ""OTW"", ""delivery_working_diameter_fr"": 16, ""delivery_working_length_cm"": 70, ""stent_diameter_mm"": 14, ""stent_length_mm"": 15}"
PRD-88100A4D7B,MFR-80D24820DF,Merit Medical,,AEROmini,AEROmini Fully Covered Tracheobronchial Stent,AERO610,,,,,Airway stent,Covered SEMS,Implant with delivery system,Single use,Sterile,Yes,Nitinol with covering,Fully covered,Through-the-scope,6 mm x 10 mm; 7.9 Fr; TTS,6,10,7.9,,110,,,1 unit,Adult,Small-diameter fully covered airway stent.,"TTS delivery, 7.9 Fr, working length 110 cm.",Verified - manufacturer catalog,Prototype visible - reverify before production,SRC027,p. 5,2024-04,"Verify current IFU, UDI, and commercial availability.",,"{""delivery_method"": ""TTS"", ""delivery_working_diameter_fr"": 7.9, ""delivery_working_length_cm"": 110, ""stent_diameter_mm"": 6, ""stent_length_mm"": 10}"
PRD-DB10C3EACC,MFR-80D24820DF,Merit Medical,,AEROmini,AEROmini Fully Covered Tracheobronchial Stent,AERO615,,,,,Airway stent,Covered SEMS,Implant with delivery system,Single use,Sterile,Yes,Nitinol with covering,Fully covered,Through-the-scope,6 mm x 15 mm; 7.9 Fr; TTS,6,15,7.9,,110,,,1 unit,Adult,Small-diameter fully covered airway stent.,"TTS delivery, 7.9 Fr, working length 110 cm.",Verified - manufacturer catalog,Prototype visible - reverify before production,SRC027,p. 5,2024-04,"Verify current IFU, UDI, and commercial availability.",,"{""delivery_method"": ""TTS"", ""delivery_working_diameter_fr"": 7.9, ""delivery_working_length_cm"": 110, ""stent_diameter_mm"": 6, ""stent_length_mm"": 15}"
PRD-57D0D10F0F,MFR-80D24820DF,Merit Medical,,AEROmini,AEROmini Fully Covered Tracheobronchial Stent,AERO810,,,,,Airway stent,Covered SEMS,Implant with delivery system,Single use,Sterile,Yes,Nitinol with covering,Fully covered,Over-the-wire,8 mm x 10 mm; 12.5 Fr; OTW,8,10,12.5,,70,,,1 unit,Adult,Small-diameter fully covered airway stent.,"OTW delivery, 12.5 Fr, working length 70 cm.",Verified - manufacturer catalog,Prototype visible - reverify before production,SRC027,p. 5,2024-04,"Verify current IFU, UDI, and commercial availability.",,"{""delivery_method"": ""OTW"", ""delivery_working_diameter_fr"": 12.5, ""delivery_working_length_cm"": 70, ""stent_diameter_mm"": 8, ""stent_length_mm"": 10}"
PRD-ED3B1867AC,MFR-80D24820DF,Merit Medical,,AEROmini,AEROmini Fully Covered Tracheobronchial Stent,AERO815,,,,,Airway stent,Covered SEMS,Implant with delivery system,Single use,Sterile,Yes,Nitinol with covering,Fully covered,Over-the-wire,8 mm x 15 mm; 12.5 Fr; OTW,8,15,12.5,,70,,,1 unit,Adult,Small-diameter fully covered airway stent.,"OTW delivery, 12.5 Fr, working length 70 cm.",Verified - manufacturer catalog,Prototype visible - reverify before production,SRC027,p. 5,2024-04,"Verify current IFU, UDI, and commercial availability.",,"{""delivery_method"": ""OTW"", ""delivery_working_diameter_fr"": 12.5, ""delivery_working_length_cm"": 70, ""stent_diameter_mm"": 8, ""stent_length_mm"": 15}"
PRD-55F29BC1F9,MFR-80D24820DF,Merit Medical,,AEROmini,AEROmini Fully Covered Tracheobronchial Stent,AERO820,,,,,Airway stent,Covered SEMS,Implant with delivery system,Single use,Sterile,Yes,Nitinol with covering,Fully covered,Over-the-wire,8 mm x 20 mm; 12.5 Fr; OTW,8,20,12.5,,70,,,1 unit,Adult,Small-diameter fully covered airway stent.,"OTW delivery, 12.5 Fr, working length 70 cm.",Verified - manufacturer catalog,Prototype visible - reverify before production,SRC027,p. 5,2024-04,"Verify current IFU, UDI, and commercial availability.",,"{""delivery_method"": ""OTW"", ""delivery_working_diameter_fr"": 12.5, ""delivery_working_length_cm"": 70, ""stent_diameter_mm"": 8, ""stent_length_mm"": 20}"
PRD-513E7E5BCD,MFR-80D24820DF,Merit Medical,,AEROSIZER,AEROSIZER Airway Sizing Device,90129-501,,,,,Airway stenting,Stent sizing device,Single-use sizing device,Single use,Sterile,No,,,,0.035 in; 90 cm,,,,,90,,,1 unit,Adult,Endoscopic airway sizing device with diameter sizing arms and 1 cm markings.,Verify bronchoscope working channel and intended stent system.,Verified - manufacturer catalog,Prototype visible - reverify before production,SRC027,p. 8,2024-04,,,"{""diameter_in"": 0.035, ""working_length_cm"": 90}"
PRD-77C1FEFC4F,MFR-80D24820DF,Merit Medical,,Aspira,Aspira 1000 mL Drainage Bag,4992301,,,,,Pleural procedures,IPC drainage supply,Single-use accessory,Single use,Sterile,No,,,,,,,,,,,,5 units,Adult,Aspira pleural drainage system accessory.,Use only with approved Aspira system connections per current IFU.,Verified - manufacturer catalog and IFU,Prototype visible - reverify before production,SRC027,p. 15,2024-04,,,{}
PRD-CC55BDA6C8,MFR-80D24820DF,Merit Medical,,Aspira,Aspira Drainage Bottle and Dressing Kit,ASP-10,,,,,Pleural procedures,IPC drainage supply,Single-use accessory,Single use,Sterile,No,,,,,,,,,,,,10 units,Adult,Aspira pleural drainage system accessory.,Use only with approved Aspira system connections per current IFU.,Verified - manufacturer catalog and IFU,Prototype visible - reverify before production,SRC027,p. 15,2024-04,,,{}
PRD-A5F6B25BCB,MFR-80D24820DF,Merit Medical,,Aspira,Aspira Drainage Bottle and Dressing Kit,ASP-4,,,,,Pleural procedures,IPC drainage supply,Single-use accessory,Single use,Sterile,No,,,,,,,,,,,,4 units,Adult,Aspira pleural drainage system accessory.,Use only with approved Aspira system connections per current IFU.,Verified - manufacturer catalog and IFU,Prototype visible - reverify before production,SRC027,p. 15,2024-04,,,{}
PRD-82C2B15804,MFR-80D24820DF,Merit Medical,,Aspira,Aspira Dressing Kit,4991503,,,,,Pleural procedures,IPC dressing kit,Single-use accessory,Single use,Sterile,No,,,,,,,,,,,,5 units,Adult,Aspira pleural drainage system accessory.,Use only with approved Aspira system connections per current IFU.,Verified - manufacturer catalog and IFU,Prototype visible - reverify before production,SRC027,p. 15,2024-04,,,{}
PRD-10959CEA29,MFR-80D24820DF,Merit Medical,,Aspira,Aspira Luer Adapter,4992305,,,,,Pleural procedures,IPC management accessory,Single-use accessory,Single use,Sterile,No,,,,,,,,,,,,5 units,Adult,Aspira pleural drainage system accessory.,Use only with approved Aspira system connections per current IFU.,Verified - manufacturer catalog and IFU,Prototype visible - reverify before production,SRC027,p. 15,2024-04,,,{}
PRD-FEAA795BDD,MFR-80D24820DF,Merit Medical,,Aspira,Aspira Pleural Drainage Catheter Insertion Tray Only,4992506,,,,,Pleural procedures,IPC insertion kit,Tunneled catheter kit,Single use,Sterile,Yes,Silicone catheter with integral cuff and valve,,Tunneled long-term pleural catheter placement,,,,,,,,,1 system,Adult,Aspira tunneled pleural drainage catheter system.,"Use with approved Aspira drainage bags, bottle kits, Luer adapter, or universal tubing adapter.",Verified - manufacturer catalog and IFU,Prototype visible - reverify before production,SRC027,p. 14,2024-04,Verify current UDI and exact package contents before production.,Insertion tray only,"{""contents"": ""Insertion tray only"", ""system"": ""Aspira""}"
PRD-6A7E037C55,MFR-80D24820DF,Merit Medical,,Aspira,Aspira Pleural Drainage System with 20 Bag Kits,4992508,,,,,Pleural procedures,IPC insertion kit,Tunneled catheter kit,Single use,Sterile,Yes,Silicone catheter with integral cuff and valve,,Tunneled long-term pleural catheter placement,,,,,,,,,1 system,Adult,Aspira tunneled pleural drainage catheter system.,"Use with approved Aspira drainage bags, bottle kits, Luer adapter, or universal tubing adapter.",Verified - manufacturer catalog and IFU,Prototype visible - reverify before production,SRC027,p. 14,2024-04,Verify current UDI and exact package contents before production.,Insertion tray + 20 bag kits/dressings,"{""contents"": ""Insertion tray + 20 bag kits/dressings"", ""system"": ""Aspira""}"
PRD-460DB62059,MFR-80D24820DF,Merit Medical,,Aspira,Aspira Pleural Drainage System with 4 Bottle Kits,4992504,,,,,Pleural procedures,IPC insertion kit,Tunneled catheter kit,Single use,Sterile,Yes,Silicone catheter with integral cuff and valve,,Tunneled long-term pleural catheter placement,,,,,,,,,1 system,Adult,Aspira tunneled pleural drainage catheter system.,"Use with approved Aspira drainage bags, bottle kits, Luer adapter, or universal tubing adapter.",Verified - manufacturer catalog and IFU,Prototype visible - reverify before production,SRC027,p. 14,2024-04,Verify current UDI and exact package contents before production.,Insertion tray + 4 bottle dressing kits,"{""contents"": ""Insertion tray + 4 bottle dressing kits"", ""system"": ""Aspira""}"
PRD-3A7C0C418C,MFR-80D24820DF,Merit Medical,,Aspira,Aspira Pleural Drainage System with 4 Bottle Kits and 20 Vouchers,4992524,,,,,Pleural procedures,IPC insertion kit,Tunneled catheter kit,Single use,Sterile,Yes,Silicone catheter with integral cuff and valve,,Tunneled long-term pleural catheter placement,,,,,,,,,1 system,Adult,Aspira tunneled pleural drainage catheter system.,"Use with approved Aspira drainage bags, bottle kits, Luer adapter, or universal tubing adapter.",Verified - manufacturer catalog and IFU,Prototype visible - reverify before production,SRC027,p. 14,2024-04,Verify current UDI and exact package contents before production.,Insertion tray + 4 bottle kits + 20 vouchers,"{""contents"": ""Insertion tray + 4 bottle kits + 20 vouchers"", ""system"": ""Aspira""}"
PRD-6D1BDDE146,MFR-80D24820DF,Merit Medical,,Aspira,Aspira Pleural Drainage System with 5 Bag Kits,4992509,,,,,Pleural procedures,IPC insertion kit,Tunneled catheter kit,Single use,Sterile,Yes,Silicone catheter with integral cuff and valve,,Tunneled long-term pleural catheter placement,,,,,,,,,1 system,Adult,Aspira tunneled pleural drainage catheter system.,"Use with approved Aspira drainage bags, bottle kits, Luer adapter, or universal tubing adapter.",Verified - manufacturer catalog and IFU,Prototype visible - reverify before production,SRC027,p. 14,2024-04,Verify current UDI and exact package contents before production.,Insertion tray + 5 bag kits/dressings,"{""contents"": ""Insertion tray + 5 bag kits/dressings"", ""system"": ""Aspira""}"
PRD-F54D35983D,MFR-80D24820DF,Merit Medical,,Aspira,Aspira Pleural Drainage System with 5 Bag Kits and 20 Vouchers,4992507,,,,,Pleural procedures,IPC insertion kit,Tunneled catheter kit,Single use,Sterile,Yes,Silicone catheter with integral cuff and valve,,Tunneled long-term pleural catheter placement,,,,,,,,,1 system,Adult,Aspira tunneled pleural drainage catheter system.,"Use with approved Aspira drainage bags, bottle kits, Luer adapter, or universal tubing adapter.",Verified - manufacturer catalog and IFU,Prototype visible - reverify before production,SRC027,p. 14,2024-04,Verify current UDI and exact package contents before production.,Insertion tray + 5 bag kits/dressings + 20 vouchers,"{""contents"": ""Insertion tray + 5 bag kits/dressings + 20 vouchers"", ""system"": ""Aspira""}"
PRD-56DF49383B,MFR-80D24820DF,Merit Medical,,Aspira,Aspira Pulmonary Accessories Kit,K20T-00033,,,,,Pleural procedures,IPC management accessory,Single-use accessory,Single use,Sterile,No,,,,,,,,,,,,6 units,Adult,Aspira pleural drainage system accessory.,Use only with approved Aspira system connections per current IFU.,Verified - manufacturer catalog and IFU,Prototype visible - reverify before production,SRC027,p. 15,2024-04,,,{}
PRD-0E088FC681,MFR-80D24820DF,Merit Medical,,Aspira,Aspira Universal Tubing Adapter,4992307,,,,,Pleural procedures,IPC management accessory,Single-use accessory,Single use,Sterile,No,,,,,,,,,,,,5 units,Adult,Aspira pleural drainage system accessory.,Use only with approved Aspira system connections per current IFU.,Verified - manufacturer catalog and IFU,Prototype visible - reverify before production,SRC027,p. 15,2024-04,,,{}
PRD-5C99BF6AB0,MFR-80D24820DF,Merit Medical,,Aspira,Aspira Valved Repair Kit,4992306,,,,,Pleural procedures,IPC management accessory,Single-use accessory,Single use,Sterile,No,,,,,,,,,,,,5 units,Adult,Aspira pleural drainage system accessory.,Use only with approved Aspira system connections per current IFU.,Verified - manufacturer catalog and IFU,Prototype visible - reverify before production,SRC027,p. 15,2024-04,,,{}
PRD-9AB8A5ECAC,MFR-80D24820DF,Merit Medical,,BAL Convenience Kit,BAL Anti-Reflux Tubing,K08-03014,,,,,Bronchoscopy sampling,BAL accessory,Single-use kit,Single use,Sterile,No,,,,,,,,,,,,20 per box,Adult,Anti-reflux tubing,Verify bronchoscope suction port and specimen container connections.,Verified - manufacturer catalog,Prototype visible - reverify before production,SRC027,p. 12,2024-04,,,{}
PRD-FB2A9A64D9,MFR-80D24820DF,Merit Medical,,BAL Convenience Kit,BAL Convenience Kit - Luer Lock,BRC-BAL-INT-FL,,,,,Bronchoscopy sampling,BAL accessory,Single-use kit,Single use,Sterile,No,,,,,,,,,,,,6 per box,Adult,Luer lock anti-reflux tubing,Verify bronchoscope suction port and specimen container connections.,Verified - manufacturer catalog,Prototype visible - reverify before production,SRC027,p. 12,2024-04,,,{}
PRD-7F97F4EC47,MFR-80D24820DF,Merit Medical,,BAL Convenience Kit,BAL Convenience Kit - Slip Tip,BRC-BAL-INT-SL,,,,,Bronchoscopy sampling,BAL accessory,Single-use kit,Single use,Sterile,No,,,,,,,,,,,,6 per box,Adult,Slip-tip anti-reflux tubing,Verify bronchoscope suction port and specimen container connections.,Verified - manufacturer catalog,Prototype visible - reverify before production,SRC027,p. 12,2024-04,,,{}
PRD-B8D6260C23,MFR-80D24820DF,Merit Medical,,BasixCompak,BasixCompak Analog Inflation Device,EN-AL6012,,,,,Airway dilation,Inflation device,Inflation device,Reusable,,No,,,,12 atm; 60 mL,,,,,,,,5 per box,Adult,Balloon inflation device for endoscopic dilation.,Match pressure rating and connector to selected balloon catheter.,Verified - manufacturer catalog,Prototype visible - reverify before production,SRC027,p. 11,2024-04,,,"{""max_pressure"": ""12 atm"", ""syringe_volume"": ""60 mL""}"
PRD-1D568615A4,MFR-80D24820DF,Merit Medical,,BasixCompak,BasixCompak Analog Inflation Device,ENDO-AN2030,,,,,Airway dilation,Inflation device,Inflation device,Reusable,,No,,,,30 atm; 20 mL,,,,,,,,1 unit,Adult,Balloon inflation device for endoscopic dilation.,Match pressure rating and connector to selected balloon catheter.,Verified - manufacturer catalog,Prototype visible - reverify before production,SRC027,p. 11,2024-04,,,"{""max_pressure"": ""30 atm"", ""syringe_volume"": ""20 mL""}"
PRD-CF1E28501A,MFR-80D24820DF,Merit Medical,,BasixCompak,BasixCompak Analog Inflation Device,ENDO-AN6012,,,,,Airway dilation,Inflation device,Inflation device,Reusable,,No,,,,12 atm; 60 mL,,,,,,,,1 unit,Adult,Balloon inflation device for endoscopic dilation.,Match pressure rating and connector to selected balloon catheter.,Verified - manufacturer catalog,Prototype visible - reverify before production,SRC027,p. 11,2024-04,,,"{""max_pressure"": ""12 atm"", ""syringe_volume"": ""60 mL""}"
PRD-DAA7B0A0DF,MFR-80D24820DF,Merit Medical,,BasixCompak,BasixCompak Digital Inflation Device,ENDO-DI2030,,,,,Airway dilation,Inflation device,Inflation device,Reusable,,No,,,,30 atm; 20 mL,,,,,,,,1 unit,Adult,Balloon inflation device for endoscopic dilation.,Match pressure rating and connector to selected balloon catheter.,Verified - manufacturer catalog,Prototype visible - reverify before production,SRC027,p. 11,2024-04,,,"{""max_pressure"": ""30 atm"", ""syringe_volume"": ""20 mL""}"
PRD-771F462726,MFR-80D24820DF,Merit Medical,,Elation,Elation Pulmonary Balloon Dilator,P10L20,,,,,Airway dilation,Pulmonary balloon dilator,Multi-stage dilation balloon,Single use,Sterile,No,,,Wire-guided balloon dilation,10/11/12 mm; balloon length 2 cm,,,,,,,,1 unit,Adult,Three-stage pulmonary balloon dilator.,Compatible with inflation device and guidewire specified in current IFU.,Verified - manufacturer catalog,Prototype visible - reverify before production,SRC027,pp. 9-10,2024-04,,,"{""balloon_length"": ""2 cm"", ""balloon_stages"": ""10/11/12 mm""}"
PRD-E1B889E869,MFR-80D24820DF,Merit Medical,,Elation,Elation Pulmonary Balloon Dilator,P10L30,,,,,Airway dilation,Pulmonary balloon dilator,Multi-stage dilation balloon,Single use,Sterile,No,,,Wire-guided balloon dilation,10/11/12 mm; balloon length 3 cm,,,,,,,,1 unit,Adult,Three-stage pulmonary balloon dilator.,Compatible with inflation device and guidewire specified in current IFU.,Verified - manufacturer catalog,Prototype visible - reverify before production,SRC027,pp. 9-10,2024-04,,,"{""balloon_length"": ""3 cm"", ""balloon_stages"": ""10/11/12 mm""}"
PRD-BD2D495AB7,MFR-80D24820DF,Merit Medical,,Elation,Elation Pulmonary Balloon Dilator,P12L20,,,,,Airway dilation,Pulmonary balloon dilator,Multi-stage dilation balloon,Single use,Sterile,No,,,Wire-guided balloon dilation,12/13.5/15 mm; balloon length 2 cm,,,,,,,,1 unit,Adult,Three-stage pulmonary balloon dilator.,Compatible with inflation device and guidewire specified in current IFU.,Verified - manufacturer catalog,Prototype visible - reverify before production,SRC027,pp. 9-10,2024-04,,,"{""balloon_length"": ""2 cm"", ""balloon_stages"": ""12/13.5/15 mm""}"
PRD-4361785147,MFR-80D24820DF,Merit Medical,,Elation,Elation Pulmonary Balloon Dilator,P12L30,,,,,Airway dilation,Pulmonary balloon dilator,Multi-stage dilation balloon,Single use,Sterile,No,,,Wire-guided balloon dilation,12/13.5/15 mm; balloon length 3 cm,,,,,,,,1 unit,Adult,Three-stage pulmonary balloon dilator.,Compatible with inflation device and guidewire specified in current IFU.,Verified - manufacturer catalog,Prototype visible - reverify before production,SRC027,pp. 9-10,2024-04,,,"{""balloon_length"": ""3 cm"", ""balloon_stages"": ""12/13.5/15 mm""}"
PRD-7ED371400F,MFR-80D24820DF,Merit Medical,,Elation,Elation Pulmonary Balloon Dilator,P12L55,,,,,Airway dilation,Pulmonary balloon dilator,Multi-stage dilation balloon,Single use,Sterile,No,,,Wire-guided balloon dilation,12/13.5/15 mm; balloon length 5.5 cm,,,,,,,,1 unit,Adult,Three-stage pulmonary balloon dilator.,Compatible with inflation device and guidewire specified in current IFU.,Verified - manufacturer catalog,Prototype visible - reverify before production,SRC027,pp. 9-10,2024-04,,,"{""balloon_length"": ""5.5 cm"", ""balloon_stages"": ""12/13.5/15 mm""}"
PRD-937DC338A9,MFR-80D24820DF,Merit Medical,,Elation,Elation Pulmonary Balloon Dilator,P15L55,,,,,Airway dilation,Pulmonary balloon dilator,Multi-stage dilation balloon,Single use,Sterile,No,,,Wire-guided balloon dilation,15/16.5/18 mm; balloon length 5.5 cm,,,,,,,,1 unit,Adult,Three-stage pulmonary balloon dilator.,Compatible with inflation device and guidewire specified in current IFU.,Verified - manufacturer catalog,Prototype visible - reverify before production,SRC027,pp. 9-10,2024-04,,,"{""balloon_length"": ""5.5 cm"", ""balloon_stages"": ""15/16.5/18 mm""}"
PRD-36CD5DBC39,MFR-80D24820DF,Merit Medical,,Elation,Elation Pulmonary Balloon Dilator,P18L55,,,,,Airway dilation,Pulmonary balloon dilator,Multi-stage dilation balloon,Single use,Sterile,No,,,Wire-guided balloon dilation,18/19/20 mm; balloon length 5.5 cm,,,,,,,,1 unit,Adult,Three-stage pulmonary balloon dilator.,Compatible with inflation device and guidewire specified in current IFU.,Verified - manufacturer catalog,Prototype visible - reverify before production,SRC027,pp. 9-10,2024-04,,,"{""balloon_length"": ""5.5 cm"", ""balloon_stages"": ""18/19/20 mm""}"
PRD-698A0D25B4,MFR-80D24820DF,Merit Medical,,Elation,Elation Pulmonary Balloon Dilator,P4L15,,,,,Airway dilation,Pulmonary balloon dilator,Multi-stage dilation balloon,Single use,Sterile,No,,,Wire-guided balloon dilation,4/5/6 mm; balloon length 1.5 cm,,,,,,,,1 unit,Adult,Three-stage pulmonary balloon dilator.,Compatible with inflation device and guidewire specified in current IFU.,Verified - manufacturer catalog,Prototype visible - reverify before production,SRC027,pp. 9-10,2024-04,,,"{""balloon_length"": ""1.5 cm"", ""balloon_stages"": ""4/5/6 mm""}"
PRD-9D5C45AA6F,MFR-80D24820DF,Merit Medical,,Elation,Elation Pulmonary Balloon Dilator,P6L20,,,,,Airway dilation,Pulmonary balloon dilator,Multi-stage dilation balloon,Single use,Sterile,No,,,Wire-guided balloon dilation,6/7/8 mm; balloon length 2 cm,,,,,,,,1 unit,Adult,Three-stage pulmonary balloon dilator.,Compatible with inflation device and guidewire specified in current IFU.,Verified - manufacturer catalog,Prototype visible - reverify before production,SRC027,pp. 9-10,2024-04,,,"{""balloon_length"": ""2 cm"", ""balloon_stages"": ""6/7/8 mm""}"
PRD-1EC996BD63,MFR-80D24820DF,Merit Medical,,Elation,Elation Pulmonary Balloon Dilator,P6L30,,,,,Airway dilation,Pulmonary balloon dilator,Multi-stage dilation balloon,Single use,Sterile,No,,,Wire-guided balloon dilation,6/7/8 mm; balloon length 3 cm,,,,,,,,1 unit,Adult,Three-stage pulmonary balloon dilator.,Compatible with inflation device and guidewire specified in current IFU.,Verified - manufacturer catalog,Prototype visible - reverify before production,SRC027,pp. 9-10,2024-04,,,"{""balloon_length"": ""3 cm"", ""balloon_stages"": ""6/7/8 mm""}"
PRD-E46E521D1C,MFR-80D24820DF,Merit Medical,,Elation,Elation Pulmonary Balloon Dilator,P8L20,,,,,Airway dilation,Pulmonary balloon dilator,Multi-stage dilation balloon,Single use,Sterile,No,,,Wire-guided balloon dilation,8/9/10 mm; balloon length 2 cm,,,,,,,,1 unit,Adult,Three-stage pulmonary balloon dilator.,Compatible with inflation device and guidewire specified in current IFU.,Verified - manufacturer catalog,Prototype visible - reverify before production,SRC027,pp. 9-10,2024-04,,,"{""balloon_length"": ""2 cm"", ""balloon_stages"": ""8/9/10 mm""}"
PRD-6A26802196,MFR-80D24820DF,Merit Medical,,Elation,Elation Pulmonary Balloon Dilator,P8L30,,,,,Airway dilation,Pulmonary balloon dilator,Multi-stage dilation balloon,Single use,Sterile,No,,,Wire-guided balloon dilation,8/9/10 mm; balloon length 3 cm,,,,,,,,1 unit,Adult,Three-stage pulmonary balloon dilator.,Compatible with inflation device and guidewire specified in current IFU.,Verified - manufacturer catalog,Prototype visible - reverify before production,SRC027,pp. 9-10,2024-04,,,"{""balloon_length"": ""3 cm"", ""balloon_stages"": ""8/9/10 mm""}"
PRD-02BE5F7D32,MFR-80D24820DF,Merit Medical,,MAXXwire,MAXXwire Guide Wire,80129-404,,,,,Airway stenting,Pulmonary guidewire,Guidewire,Single use,Sterile,No,,,,0.035 in x 180 cm,,,,,180,,,2 per box,Adult,Pulmonary guidewire for airway stent/dilation procedures.,0.035 in guidewire; verify device-specific compatibility.,Verified - manufacturer catalog,Prototype visible - reverify before production,SRC027,p. 8,2024-04,,,"{""diameter_in"": 0.035, ""length_cm"": 180}"
PRD-C2115BE6BB,MFR-80D24820DF,Merit Medical,,MAXXwire,MAXXwire Guide Wire,80129-406,,,,,Airway stenting,Pulmonary guidewire,Guidewire,Single use,Sterile,No,,,,0.035 in x 260 cm,,,,,260,,,2 per box,Adult,Pulmonary guidewire for airway stent/dilation procedures.,0.035 in guidewire; verify device-specific compatibility.,Verified - manufacturer catalog,Prototype visible - reverify before production,SRC027,p. 8,2024-04,,,"{""diameter_in"": 0.035, ""length_cm"": 260}"
PRD-B1E837841F,MFR-80D24820DF,Merit Medical,,ReSolve,ReSolve Thoracostomy Tray,RTT14038MB,,,,,Pleural procedures,Small-bore chest drain,Thoracostomy tray,Single use,Sterile,Temporary,,,,14 Fr x 25 cm pigtail,,250,14,,,,,4 per box,Adult,Pigtail thoracostomy drainage tray.,Connect to appropriate pleural drainage unit per current IFU.,Verified - manufacturer catalog,Prototype visible - reverify before production,SRC027,p. 15,2024-04,,,{}
PRD-60785178C9,MFR-80D24820DF,Merit Medical,,VacLok,VacLok 20 mL Vacuum Pressure Syringe,ENDO-VAC20,,,,,Sampling accessory,Vacuum locking syringe,Single-use syringe,Single use,Sterile,No,,,,20 mL; 4 positions,,,,,,,,20 per box,Adult,Vacuum-locking syringe for aspiration procedures.,Match volume and stopcock to selected needle and local sampling workflow.,Verified - manufacturer catalog,Prototype visible - reverify before production,SRC027,p. 13,2024-04,,,{}
PRD-17F5A03227,MFR-80D24820DF,Merit Medical,,VacLok,VacLok 20 mL Vacuum Pressure Syringe with Stopcock,ENDO-VAC20-SC,,,,,Sampling accessory,Vacuum locking syringe,Single-use syringe,Single use,Sterile,No,,,,20 mL; 4 positions; stopcock,,,,,,,,20 per box,Adult,Vacuum-locking syringe for aspiration procedures.,Match volume and stopcock to selected needle and local sampling workflow.,Verified - manufacturer catalog,Prototype visible - reverify before production,SRC027,p. 13,2024-04,,,{}
PRD-188391A3A6,MFR-80D24820DF,Merit Medical,,VacLok,VacLok 30 mL Vacuum Pressure Syringe,ENDO-VAC30,,,,,Sampling accessory,Vacuum locking syringe,Single-use syringe,Single use,Sterile,No,,,,30 mL; 6 positions,,,,,,,,25 per box,Adult,Vacuum-locking syringe for aspiration procedures.,Match volume and stopcock to selected needle and local sampling workflow.,Verified - manufacturer catalog,Prototype visible - reverify before production,SRC027,p. 13,2024-04,,,{}
PRD-7CAB35AC24,MFR-80D24820DF,Merit Medical,,VacLok,VacLok 30 mL Vacuum Pressure Syringe with Stopcock,ENDO-VAC30-SC,,,,,Sampling accessory,Vacuum locking syringe,Single-use syringe,Single use,Sterile,No,,,,30 mL; 6 positions; stopcock,,,,,,,,25 per box,Adult,Vacuum-locking syringe for aspiration procedures.,Match volume and stopcock to selected needle and local sampling workflow.,Verified - manufacturer catalog,Prototype visible - reverify before production,SRC027,p. 13,2024-04,,,{}
PRD-1469E79896,MFR-80D24820DF,Merit Medical,,VacLok,VacLok 60 mL Vacuum Pressure Syringe,ENDO-VAC60,,,,,Sampling accessory,Vacuum locking syringe,Single-use syringe,Single use,Sterile,No,,,,60 mL; 6 positions,,,,,,,,25 per box,Adult,Vacuum-locking syringe for aspiration procedures.,Match volume and stopcock to selected needle and local sampling workflow.,Verified - manufacturer catalog,Prototype visible - reverify before production,SRC027,p. 13,2024-04,,,{}
PRD-62FB291C50,MFR-797F07B3AC,Micro-Tech / Thoracent,,,Areus EBUS FNA Nitinol Needle,BU49211,,,,,Sampling,,Disposable,,,,,,,,,,,19G,,2.0,,,,,,Candidate - user seed; primary source required,Hidden until verified,SRC006,Product list 2025!thoracent,2025,,,"{""needle_length_cm"":4,""sheath_od_mm"":1.8}"
PRD-4A3F2CCBBF,MFR-797F07B3AC,Micro-Tech / Thoracent,,,Areus EBUS FNA Nitinol Needle,BU49221,,,,,Sampling,,Disposable,,,,,,,,,,,22G,,2.0,,,,,,Candidate - user seed; primary source required,Hidden until verified,SRC006,Product list 2025!thoracent,2025,,,"{""needle_length_cm"":4,""sheath_od_mm"":1.8}"
PRD-D44D27C76E,MFR-797F07B3AC,Micro-Tech / Thoracent,,,Areus EBUS FNA Nitinol Needle,BU49231,,,,,Sampling,,Disposable,,,,,,,,,,,25G,,2.0,,,,,,Candidate - user seed; primary source required,Hidden until verified,SRC006,Product list 2025!thoracent,2025,,,"{""needle_length_cm"":4,""sheath_od_mm"":1.8}"
PRD-D532D5406F,MFR-797F07B3AC,Micro-Tech / Thoracent,,,Bronch Retrieval Net,MED-200-NET,,,,,Retrieval,,Disposable,,,,,,,10 x 25 mm,,,,,120,,,Box 10,,,,Candidate - user seed; primary source required,Hidden until verified,SRC006,Product list 2025!thoracent,2025,,,"{""sheath_od_mm"":1.8}"
PRD-BA02119C36,MFR-797F07B3AC,Micro-Tech / Thoracent,,,Disposable Biopsy Forceps,MED-114-FOR,,,,,Sampling,,Disposable,,,,,,,,,,,,160,,,Box 10,,,,Candidate - user seed; primary source required,Hidden until verified,SRC006,Product list 2025!thoracent,2025,,,"{""sheath_od_mm"":1.8}"
PRD-F43B951B75,MFR-797F07B3AC,Micro-Tech / Thoracent,,,Micro Retrieval Net,MED-194-NET,,,,,Retrieval,,Disposable,,,,,,,25 x 45 mm,,,,,160,,,Box 10,,,,Candidate - user seed; primary source required,Hidden until verified,SRC006,Product list 2025!thoracent,2025,,,"{""sheath_od_mm"":1.8}"
PRD-AEEAFB2957,MFR-797F07B3AC,Micro-Tech / Thoracent,,,Trident EBUS FNB Nitinol Needle,BU49241,,,,,Sampling,,Disposable,,,,,,,,,,,19G,,2.0,,,,,,Candidate - user seed; primary source required,Hidden until verified,SRC006,Product list 2025!thoracent,2025,,,"{""needle_length_cm"":4,""sheath_od_mm"":1.8}"
PRD-609D197124,MFR-797F07B3AC,Micro-Tech / Thoracent,,,Trident EBUS FNB Nitinol Needle,BU49251,,,,,Sampling,,Disposable,,,,,,,,,,,22G,,2.0,,,,,,Candidate - user seed; primary source required,Hidden until verified,SRC006,Product list 2025!thoracent,2025,,,"{""needle_length_cm"":4,""sheath_od_mm"":1.8}"
PRD-B54B621217,MFR-797F07B3AC,Micro-Tech / Thoracent,,,Trident EBUS FNB Nitinol Needle,BU49261,,,,,Sampling,,Disposable,,,,,,,,,,,25G,,2.0,,,,,,Candidate - user seed; primary source required,Hidden until verified,SRC006,Product list 2025!thoracent,2025,,,"{""needle_length_cm"":4,""sheath_od_mm"":1.8}"
PRD-D92BDB1551,MFR-52C1D02F96,Micro-Tech Endoscopy,,Micro-Tech J-Shaped Tracheal Stent,Micro-Tech Fully Covered J-Shaped Tracheal Stent,ST02-974-16.040,,,,,Airway stent,J-shaped self-expanding metallic airway stent,Implant,Single-use,Sterile,Yes,Nitinol,Fully covered,Self-expanding delivery catheter,16 mm body; 40 mm expanded length; 18 Fr / 6.0 mm catheter; 65 cm system,16,40,18 Fr,,65,,6,1/Box,Adult,Fully covered J-shaped tracheal stent for selected post-pneumonectomy airway anatomy in the global catalog.,"Global/older catalog entry; confirm patient-specific anatomy, current U.S. clearance, and IFU.",Verified exact catalog entry - global/older source,Hidden - current U.S. status unverified,SRC013,J-shaped tracheal stent specifications (PDF p. 13),2019,Global 2019 manufacturer catalog; current U.S. clearance and commercial availability not established.,Stored for catalog completeness but intentionally hidden from U.S. dropdown.,"{""body_od_mm"":16,""expanded_length_mm"":40,""delivery_catheter_french"":18,""delivery_catheter_od_mm"":6,""delivery_system_working_length_mm"":650}"
PRD-84F7ABC615,MFR-52C1D02F96,Micro-Tech Endoscopy,,Micro-Tech J-Shaped Tracheal Stent,Micro-Tech Fully Covered J-Shaped Tracheal Stent,ST02-974-16.050,,,,,Airway stent,J-shaped self-expanding metallic airway stent,Implant,Single-use,Sterile,Yes,Nitinol,Fully covered,Self-expanding delivery catheter,16 mm body; 50 mm expanded length; 18 Fr / 6.0 mm catheter; 65 cm system,16,50,18 Fr,,65,,6,1/Box,Adult,Fully covered J-shaped tracheal stent for selected post-pneumonectomy airway anatomy in the global catalog.,"Global/older catalog entry; confirm patient-specific anatomy, current U.S. clearance, and IFU.",Verified exact catalog entry - global/older source,Hidden - current U.S. status unverified,SRC013,J-shaped tracheal stent specifications (PDF p. 13),2019,Global 2019 manufacturer catalog; current U.S. clearance and commercial availability not established.,Stored for catalog completeness but intentionally hidden from U.S. dropdown.,"{""body_od_mm"":16,""expanded_length_mm"":50,""delivery_catheter_french"":18,""delivery_catheter_od_mm"":6,""delivery_system_working_length_mm"":650}"
PRD-369E8F396B,MFR-52C1D02F96,Micro-Tech Endoscopy,,Micro-Tech Tracheal Stent,Micro-Tech Fully covered Straight Tracheal Stent,ST02-334-14.040,,,,,Airway stent,Straight self-expanding metallic airway stent,Implant,Single-use,Sterile,Yes,Nitinol,Fully covered,Self-expanding delivery catheter,14 x 40 mm; 18 Fr / 6.0 mm catheter; 60 cm system,14,40,18 Fr,,60.0,,6.0,1/Box,Adult,Fully covered self-expanding straight tracheal stent from the Micro-Tech global catalog.,"Global/older catalog entry; confirm current U.S. clearance, distributor, and IFU.",Verified exact catalog entry - global/older source,Hidden - current U.S. status unverified,SRC013,Tracheal stent specifications (PDF p. 12),2019,Global 2019 manufacturer catalog; current U.S. clearance and commercial availability not established.,Stored for catalog completeness but intentionally hidden from U.S. dropdown.,"{""stent_od_mm"":14,""expanded_length_mm"":40,""delivery_catheter_french"":18,""delivery_catheter_od_mm"":6.0,""delivery_system_working_length_mm"":600,""resheathable"":false}"
PRD-2644946D4C,MFR-52C1D02F96,Micro-Tech Endoscopy,,Micro-Tech Tracheal Stent,Micro-Tech Fully covered Straight Tracheal Stent,ST02-334-14.050,,,,,Airway stent,Straight self-expanding metallic airway stent,Implant,Single-use,Sterile,Yes,Nitinol,Fully covered,Self-expanding delivery catheter,14 x 50 mm; 18 Fr / 6.0 mm catheter; 60 cm system,14,50,18 Fr,,60.0,,6.0,1/Box,Adult,Fully covered self-expanding straight tracheal stent from the Micro-Tech global catalog.,"Global/older catalog entry; confirm current U.S. clearance, distributor, and IFU.",Verified exact catalog entry - global/older source,Hidden - current U.S. status unverified,SRC013,Tracheal stent specifications (PDF p. 12),2019,Global 2019 manufacturer catalog; current U.S. clearance and commercial availability not established.,Stored for catalog completeness but intentionally hidden from U.S. dropdown.,"{""stent_od_mm"":14,""expanded_length_mm"":50,""delivery_catheter_french"":18,""delivery_catheter_od_mm"":6.0,""delivery_system_working_length_mm"":600,""resheathable"":false}"
PRD-70A8B88A8D,MFR-52C1D02F96,Micro-Tech Endoscopy,,Micro-Tech Tracheal Stent,Micro-Tech Fully covered Straight Tracheal Stent,ST02-334-14.060,,,,,Airway stent,Straight self-expanding metallic airway stent,Implant,Single-use,Sterile,Yes,Nitinol,Fully covered,Self-expanding delivery catheter,14 x 60 mm; 18 Fr / 6.0 mm catheter; 60 cm system,14,60,18 Fr,,60.0,,6.0,1/Box,Adult,Fully covered self-expanding straight tracheal stent from the Micro-Tech global catalog.,"Global/older catalog entry; confirm current U.S. clearance, distributor, and IFU.",Verified exact catalog entry - global/older source,Hidden - current U.S. status unverified,SRC013,Tracheal stent specifications (PDF p. 12),2019,Global 2019 manufacturer catalog; current U.S. clearance and commercial availability not established.,Stored for catalog completeness but intentionally hidden from U.S. dropdown.,"{""stent_od_mm"":14,""expanded_length_mm"":60,""delivery_catheter_french"":18,""delivery_catheter_od_mm"":6.0,""delivery_system_working_length_mm"":600,""resheathable"":false}"
PRD-8A6658D379,MFR-52C1D02F96,Micro-Tech Endoscopy,,Micro-Tech Tracheal Stent,Micro-Tech Fully covered Straight Tracheal Stent,ST02-334-16.040,,,,,Airway stent,Straight self-expanding metallic airway stent,Implant,Single-use,Sterile,Yes,Nitinol,Fully covered,Self-expanding delivery catheter,16 x 40 mm; 18 Fr / 6.0 mm catheter; 60 cm system,16,40,18 Fr,,60.0,,6.0,1/Box,Adult,Fully covered self-expanding straight tracheal stent from the Micro-Tech global catalog.,"Global/older catalog entry; confirm current U.S. clearance, distributor, and IFU.",Verified exact catalog entry - global/older source,Hidden - current U.S. status unverified,SRC013,Tracheal stent specifications (PDF p. 12),2019,Global 2019 manufacturer catalog; current U.S. clearance and commercial availability not established.,Stored for catalog completeness but intentionally hidden from U.S. dropdown.,"{""stent_od_mm"":16,""expanded_length_mm"":40,""delivery_catheter_french"":18,""delivery_catheter_od_mm"":6.0,""delivery_system_working_length_mm"":600,""resheathable"":false}"
PRD-063913C3C0,MFR-52C1D02F96,Micro-Tech Endoscopy,,Micro-Tech Tracheal Stent,Micro-Tech Fully covered Straight Tracheal Stent,ST02-334-16.050,,,,,Airway stent,Straight self-expanding metallic airway stent,Implant,Single-use,Sterile,Yes,Nitinol,Fully covered,Self-expanding delivery catheter,16 x 50 mm; 18 Fr / 6.0 mm catheter; 60 cm system,16,50,18 Fr,,60.0,,6.0,1/Box,Adult,Fully covered self-expanding straight tracheal stent from the Micro-Tech global catalog.,"Global/older catalog entry; confirm current U.S. clearance, distributor, and IFU.",Verified exact catalog entry - global/older source,Hidden - current U.S. status unverified,SRC013,Tracheal stent specifications (PDF p. 12),2019,Global 2019 manufacturer catalog; current U.S. clearance and commercial availability not established.,Stored for catalog completeness but intentionally hidden from U.S. dropdown.,"{""stent_od_mm"":16,""expanded_length_mm"":50,""delivery_catheter_french"":18,""delivery_catheter_od_mm"":6.0,""delivery_system_working_length_mm"":600,""resheathable"":false}"
PRD-7A4AE2E955,MFR-52C1D02F96,Micro-Tech Endoscopy,,Micro-Tech Tracheal Stent,Micro-Tech Fully covered Straight Tracheal Stent,ST02-334-16.060,,,,,Airway stent,Straight self-expanding metallic airway stent,Implant,Single-use,Sterile,Yes,Nitinol,Fully covered,Self-expanding delivery catheter,16 x 60 mm; 18 Fr / 6.0 mm catheter; 60 cm system,16,60,18 Fr,,60.0,,6.0,1/Box,Adult,Fully covered self-expanding straight tracheal stent from the Micro-Tech global catalog.,"Global/older catalog entry; confirm current U.S. clearance, distributor, and IFU.",Verified exact catalog entry - global/older source,Hidden - current U.S. status unverified,SRC013,Tracheal stent specifications (PDF p. 12),2019,Global 2019 manufacturer catalog; current U.S. clearance and commercial availability not established.,Stored for catalog completeness but intentionally hidden from U.S. dropdown.,"{""stent_od_mm"":16,""expanded_length_mm"":60,""delivery_catheter_french"":18,""delivery_catheter_od_mm"":6.0,""delivery_system_working_length_mm"":600,""resheathable"":false}"
PRD-A5971F1DE3,MFR-52C1D02F96,Micro-Tech Endoscopy,,Micro-Tech Tracheal Stent,Micro-Tech Partially covered Straight Tracheal Stent,ST02-332-14.040,,,,,Airway stent,Straight self-expanding metallic airway stent,Implant,Single-use,Sterile,Yes,Nitinol,Partially covered,Self-expanding delivery catheter,14 x 40 mm; 18 Fr / 6.0 mm catheter; 60 cm system,14,40,18 Fr,,60.0,,6.0,1/Box,Adult,Partially covered self-expanding straight tracheal stent from the Micro-Tech global catalog.,"Global/older catalog entry; confirm current U.S. clearance, distributor, and IFU.",Verified exact catalog entry - global/older source,Hidden - current U.S. status unverified,SRC013,Tracheal stent specifications (PDF p. 12),2019,Global 2019 manufacturer catalog; current U.S. clearance and commercial availability not established.,Stored for catalog completeness but intentionally hidden from U.S. dropdown.,"{""stent_od_mm"":14,""expanded_length_mm"":40,""delivery_catheter_french"":18,""delivery_catheter_od_mm"":6.0,""delivery_system_working_length_mm"":600,""resheathable"":false}"
PRD-E0A45CB3A7,MFR-52C1D02F96,Micro-Tech Endoscopy,,Micro-Tech Tracheal Stent,Micro-Tech Partially covered Straight Tracheal Stent,ST02-332-14.050,,,,,Airway stent,Straight self-expanding metallic airway stent,Implant,Single-use,Sterile,Yes,Nitinol,Partially covered,Self-expanding delivery catheter,14 x 50 mm; 18 Fr / 6.0 mm catheter; 60 cm system,14,50,18 Fr,,60.0,,6.0,1/Box,Adult,Partially covered self-expanding straight tracheal stent from the Micro-Tech global catalog.,"Global/older catalog entry; confirm current U.S. clearance, distributor, and IFU.",Verified exact catalog entry - global/older source,Hidden - current U.S. status unverified,SRC013,Tracheal stent specifications (PDF p. 12),2019,Global 2019 manufacturer catalog; current U.S. clearance and commercial availability not established.,Stored for catalog completeness but intentionally hidden from U.S. dropdown.,"{""stent_od_mm"":14,""expanded_length_mm"":50,""delivery_catheter_french"":18,""delivery_catheter_od_mm"":6.0,""delivery_system_working_length_mm"":600,""resheathable"":false}"
PRD-B20E716435,MFR-52C1D02F96,Micro-Tech Endoscopy,,Micro-Tech Tracheal Stent,Micro-Tech Partially covered Straight Tracheal Stent,ST02-332-14.060,,,,,Airway stent,Straight self-expanding metallic airway stent,Implant,Single-use,Sterile,Yes,Nitinol,Partially covered,Self-expanding delivery catheter,14 x 60 mm; 18 Fr / 6.0 mm catheter; 60 cm system,14,60,18 Fr,,60.0,,6.0,1/Box,Adult,Partially covered self-expanding straight tracheal stent from the Micro-Tech global catalog.,"Global/older catalog entry; confirm current U.S. clearance, distributor, and IFU.",Verified exact catalog entry - global/older source,Hidden - current U.S. status unverified,SRC013,Tracheal stent specifications (PDF p. 12),2019,Global 2019 manufacturer catalog; current U.S. clearance and commercial availability not established.,Stored for catalog completeness but intentionally hidden from U.S. dropdown.,"{""stent_od_mm"":14,""expanded_length_mm"":60,""delivery_catheter_french"":18,""delivery_catheter_od_mm"":6.0,""delivery_system_working_length_mm"":600,""resheathable"":false}"
PRD-3A6898898E,MFR-52C1D02F96,Micro-Tech Endoscopy,,Micro-Tech Tracheal Stent,Micro-Tech Partially covered Straight Tracheal Stent,ST02-332-16.040,,,,,Airway stent,Straight self-expanding metallic airway stent,Implant,Single-use,Sterile,Yes,Nitinol,Partially covered,Self-expanding delivery catheter,16 x 40 mm; 18 Fr / 6.0 mm catheter; 60 cm system,16,40,18 Fr,,60.0,,6.0,1/Box,Adult,Partially covered self-expanding straight tracheal stent from the Micro-Tech global catalog.,"Global/older catalog entry; confirm current U.S. clearance, distributor, and IFU.",Verified exact catalog entry - global/older source,Hidden - current U.S. status unverified,SRC013,Tracheal stent specifications (PDF p. 12),2019,Global 2019 manufacturer catalog; current U.S. clearance and commercial availability not established.,Stored for catalog completeness but intentionally hidden from U.S. dropdown.,"{""stent_od_mm"":16,""expanded_length_mm"":40,""delivery_catheter_french"":18,""delivery_catheter_od_mm"":6.0,""delivery_system_working_length_mm"":600,""resheathable"":false}"
PRD-F7981773F7,MFR-52C1D02F96,Micro-Tech Endoscopy,,Micro-Tech Tracheal Stent,Micro-Tech Partially covered Straight Tracheal Stent,ST02-332-16.050,,,,,Airway stent,Straight self-expanding metallic airway stent,Implant,Single-use,Sterile,Yes,Nitinol,Partially covered,Self-expanding delivery catheter,16 x 50 mm; 18 Fr / 6.0 mm catheter; 60 cm system,16,50,18 Fr,,60.0,,6.0,1/Box,Adult,Partially covered self-expanding straight tracheal stent from the Micro-Tech global catalog.,"Global/older catalog entry; confirm current U.S. clearance, distributor, and IFU.",Verified exact catalog entry - global/older source,Hidden - current U.S. status unverified,SRC013,Tracheal stent specifications (PDF p. 12),2019,Global 2019 manufacturer catalog; current U.S. clearance and commercial availability not established.,Stored for catalog completeness but intentionally hidden from U.S. dropdown.,"{""stent_od_mm"":16,""expanded_length_mm"":50,""delivery_catheter_french"":18,""delivery_catheter_od_mm"":6.0,""delivery_system_working_length_mm"":600,""resheathable"":false}"
PRD-112FA15A7C,MFR-52C1D02F96,Micro-Tech Endoscopy,,Micro-Tech Tracheal Stent,Micro-Tech Partially covered Straight Tracheal Stent,ST02-332-16.060,,,,,Airway stent,Straight self-expanding metallic airway stent,Implant,Single-use,Sterile,Yes,Nitinol,Partially covered,Self-expanding delivery catheter,16 x 60 mm; 18 Fr / 6.0 mm catheter; 60 cm system,16,60,18 Fr,,60.0,,6.0,1/Box,Adult,Partially covered self-expanding straight tracheal stent from the Micro-Tech global catalog.,"Global/older catalog entry; confirm current U.S. clearance, distributor, and IFU.",Verified exact catalog entry - global/older source,Hidden - current U.S. status unverified,SRC013,Tracheal stent specifications (PDF p. 12),2019,Global 2019 manufacturer catalog; current U.S. clearance and commercial availability not established.,Stored for catalog completeness but intentionally hidden from U.S. dropdown.,"{""stent_od_mm"":16,""expanded_length_mm"":60,""delivery_catheter_french"":18,""delivery_catheter_od_mm"":6.0,""delivery_system_working_length_mm"":600,""resheathable"":false}"
PRD-C3FA589A20,MFR-52C1D02F96,Micro-Tech Endoscopy,,Micro-Tech Tracheal Stent,Micro-Tech Uncovered Straight Tracheal Stent,ST02-331-14.040,,,,,Airway stent,Straight self-expanding metallic airway stent,Implant,Single-use,Sterile,Yes,Nitinol,Uncovered,Self-expanding delivery catheter,14 x 40 mm; 18 Fr / 6.0 mm catheter; 65 cm system,14,40,18 Fr,,65.0,,6.0,1/Box,Adult,Uncovered self-expanding straight tracheal stent from the Micro-Tech global catalog.,"Global/older catalog entry; confirm current U.S. clearance, distributor, and IFU.",Verified exact catalog entry - global/older source,Hidden - current U.S. status unverified,SRC013,Tracheal stent specifications (PDF p. 12),2019,Global 2019 manufacturer catalog; current U.S. clearance and commercial availability not established.,Stored for catalog completeness but intentionally hidden from U.S. dropdown.,"{""stent_od_mm"":14,""expanded_length_mm"":40,""delivery_catheter_french"":18,""delivery_catheter_od_mm"":6.0,""delivery_system_working_length_mm"":650,""resheathable"":false}"
PRD-B865D0FAF0,MFR-52C1D02F96,Micro-Tech Endoscopy,,Micro-Tech Tracheal Stent,Micro-Tech Uncovered Straight Tracheal Stent,ST02-331-14.050,,,,,Airway stent,Straight self-expanding metallic airway stent,Implant,Single-use,Sterile,Yes,Nitinol,Uncovered,Self-expanding delivery catheter,14 x 50 mm; 18 Fr / 6.0 mm catheter; 65 cm system,14,50,18 Fr,,65.0,,6.0,1/Box,Adult,Uncovered self-expanding straight tracheal stent from the Micro-Tech global catalog.,"Global/older catalog entry; confirm current U.S. clearance, distributor, and IFU.",Verified exact catalog entry - global/older source,Hidden - current U.S. status unverified,SRC013,Tracheal stent specifications (PDF p. 12),2019,Global 2019 manufacturer catalog; current U.S. clearance and commercial availability not established.,Stored for catalog completeness but intentionally hidden from U.S. dropdown.,"{""stent_od_mm"":14,""expanded_length_mm"":50,""delivery_catheter_french"":18,""delivery_catheter_od_mm"":6.0,""delivery_system_working_length_mm"":650,""resheathable"":false}"
PRD-3C6D28844E,MFR-52C1D02F96,Micro-Tech Endoscopy,,Micro-Tech Tracheal Stent,Micro-Tech Uncovered Straight Tracheal Stent,ST02-331-14.060,,,,,Airway stent,Straight self-expanding metallic airway stent,Implant,Single-use,Sterile,Yes,Nitinol,Uncovered,Self-expanding delivery catheter,14 x 60 mm; 18 Fr / 6.0 mm catheter; 65 cm system,14,60,18 Fr,,65.0,,6.0,1/Box,Adult,Uncovered self-expanding straight tracheal stent from the Micro-Tech global catalog.,"Global/older catalog entry; confirm current U.S. clearance, distributor, and IFU.",Verified exact catalog entry - global/older source,Hidden - current U.S. status unverified,SRC013,Tracheal stent specifications (PDF p. 12),2019,Global 2019 manufacturer catalog; current U.S. clearance and commercial availability not established.,Stored for catalog completeness but intentionally hidden from U.S. dropdown.,"{""stent_od_mm"":14,""expanded_length_mm"":60,""delivery_catheter_french"":18,""delivery_catheter_od_mm"":6.0,""delivery_system_working_length_mm"":650,""resheathable"":false}"
PRD-4724EA02A3,MFR-52C1D02F96,Micro-Tech Endoscopy,,Micro-Tech Tracheal Stent,Micro-Tech Uncovered Straight Tracheal Stent,ST02-331-16.040,,,,,Airway stent,Straight self-expanding metallic airway stent,Implant,Single-use,Sterile,Yes,Nitinol,Uncovered,Self-expanding delivery catheter,16 x 40 mm; 18 Fr / 6.0 mm catheter; 65 cm system,16,40,18 Fr,,65.0,,6.0,1/Box,Adult,Uncovered self-expanding straight tracheal stent from the Micro-Tech global catalog.,"Global/older catalog entry; confirm current U.S. clearance, distributor, and IFU.",Verified exact catalog entry - global/older source,Hidden - current U.S. status unverified,SRC013,Tracheal stent specifications (PDF p. 12),2019,Global 2019 manufacturer catalog; current U.S. clearance and commercial availability not established.,Stored for catalog completeness but intentionally hidden from U.S. dropdown.,"{""stent_od_mm"":16,""expanded_length_mm"":40,""delivery_catheter_french"":18,""delivery_catheter_od_mm"":6.0,""delivery_system_working_length_mm"":650,""resheathable"":false}"
PRD-A64069C0A0,MFR-52C1D02F96,Micro-Tech Endoscopy,,Micro-Tech Tracheal Stent,Micro-Tech Uncovered Straight Tracheal Stent,ST02-331-16.050,,,,,Airway stent,Straight self-expanding metallic airway stent,Implant,Single-use,Sterile,Yes,Nitinol,Uncovered,Self-expanding delivery catheter,16 x 50 mm; 18 Fr / 6.0 mm catheter; 65 cm system,16,50,18 Fr,,65.0,,6.0,1/Box,Adult,Uncovered self-expanding straight tracheal stent from the Micro-Tech global catalog.,"Global/older catalog entry; confirm current U.S. clearance, distributor, and IFU.",Verified exact catalog entry - global/older source,Hidden - current U.S. status unverified,SRC013,Tracheal stent specifications (PDF p. 12),2019,Global 2019 manufacturer catalog; current U.S. clearance and commercial availability not established.,Stored for catalog completeness but intentionally hidden from U.S. dropdown.,"{""stent_od_mm"":16,""expanded_length_mm"":50,""delivery_catheter_french"":18,""delivery_catheter_od_mm"":6.0,""delivery_system_working_length_mm"":650,""resheathable"":false}"
PRD-C7E66C10DC,MFR-52C1D02F96,Micro-Tech Endoscopy,,Micro-Tech Tracheal Stent,Micro-Tech Uncovered Straight Tracheal Stent,ST02-331-16.060,,,,,Airway stent,Straight self-expanding metallic airway stent,Implant,Single-use,Sterile,Yes,Nitinol,Uncovered,Self-expanding delivery catheter,16 x 60 mm; 18 Fr / 6.0 mm catheter; 65 cm system,16,60,18 Fr,,65.0,,6.0,1/Box,Adult,Uncovered self-expanding straight tracheal stent from the Micro-Tech global catalog.,"Global/older catalog entry; confirm current U.S. clearance, distributor, and IFU.",Verified exact catalog entry - global/older source,Hidden - current U.S. status unverified,SRC013,Tracheal stent specifications (PDF p. 12),2019,Global 2019 manufacturer catalog; current U.S. clearance and commercial availability not established.,Stored for catalog completeness but intentionally hidden from U.S. dropdown.,"{""stent_od_mm"":16,""expanded_length_mm"":60,""delivery_catheter_french"":18,""delivery_catheter_od_mm"":6.0,""delivery_system_working_length_mm"":650,""resheathable"":false}"
PRD-BF31F89558,MFR-52C1D02F96,Micro-Tech Endoscopy,,Micro-Tech Y-Shaped Tracheal Stent,Micro-Tech Fully covered Y-Shaped Tracheal Stent,ST02-964-18.050,,,,,Airway stent,Y-shaped self-expanding metallic airway stent,Implant,Single-use,Sterile,Yes,Nitinol,Fully covered,Self-expanding delivery catheter,18 mm main body; 50 mm expanded length; 24 Fr / 8 mm catheter; 60 cm system,18,50,24 Fr,,60,,8,1/Box,Adult,Fully covered Y-shaped self-expanding tracheal stent from the Micro-Tech global catalog.,Global/older catalog entry; exact branch dimensions are not represented in the parsed table and require current IFU.,Verified exact catalog entry - global/older source,Hidden - current U.S. status unverified,SRC013,Y-shaped tracheal stent specifications (PDF p. 13),2019,Global 2019 manufacturer catalog; current U.S. clearance and commercial availability not established.,Stored for catalog completeness but intentionally hidden from U.S. dropdown.,"{""main_body_od_mm"":18,""expanded_length_mm"":50,""delivery_catheter_french"":24,""delivery_catheter_od_mm"":8,""delivery_system_working_length_mm"":600,""branch_dimensions"":""Require current IFU""}"
PRD-BBEB73374B,MFR-52C1D02F96,Micro-Tech Endoscopy,,Micro-Tech Y-Shaped Tracheal Stent,Micro-Tech Fully covered Y-Shaped Tracheal Stent,ST02-964-18.060,,,,,Airway stent,Y-shaped self-expanding metallic airway stent,Implant,Single-use,Sterile,Yes,Nitinol,Fully covered,Self-expanding delivery catheter,18 mm main body; 60 mm expanded length; 24 Fr / 8 mm catheter; 60 cm system,18,60,24 Fr,,60,,8,1/Box,Adult,Fully covered Y-shaped self-expanding tracheal stent from the Micro-Tech global catalog.,Global/older catalog entry; exact branch dimensions are not represented in the parsed table and require current IFU.,Verified exact catalog entry - global/older source,Hidden - current U.S. status unverified,SRC013,Y-shaped tracheal stent specifications (PDF p. 13),2019,Global 2019 manufacturer catalog; current U.S. clearance and commercial availability not established.,Stored for catalog completeness but intentionally hidden from U.S. dropdown.,"{""main_body_od_mm"":18,""expanded_length_mm"":60,""delivery_catheter_french"":24,""delivery_catheter_od_mm"":8,""delivery_system_working_length_mm"":600,""branch_dimensions"":""Require current IFU""}"
PRD-87E491F131,MFR-52C1D02F96,Micro-Tech Endoscopy,,Micro-Tech Y-Shaped Tracheal Stent,Micro-Tech Partially covered Y-Shaped Tracheal Stent,ST02-962-18.050,,,,,Airway stent,Y-shaped self-expanding metallic airway stent,Implant,Single-use,Sterile,Yes,Nitinol,Partially covered,Self-expanding delivery catheter,18 mm main body; 50 mm expanded length; 24 Fr / 8 mm catheter; 60 cm system,18,50,24 Fr,,60,,8,1/Box,Adult,Partially covered Y-shaped self-expanding tracheal stent from the Micro-Tech global catalog.,Global/older catalog entry; exact branch dimensions are not represented in the parsed table and require current IFU.,Verified exact catalog entry - global/older source,Hidden - current U.S. status unverified,SRC013,Y-shaped tracheal stent specifications (PDF p. 13),2019,Global 2019 manufacturer catalog; current U.S. clearance and commercial availability not established.,Stored for catalog completeness but intentionally hidden from U.S. dropdown.,"{""main_body_od_mm"":18,""expanded_length_mm"":50,""delivery_catheter_french"":24,""delivery_catheter_od_mm"":8,""delivery_system_working_length_mm"":600,""branch_dimensions"":""Require current IFU""}"
PRD-CD315440D5,MFR-52C1D02F96,Micro-Tech Endoscopy,,Micro-Tech Y-Shaped Tracheal Stent,Micro-Tech Partially covered Y-Shaped Tracheal Stent,ST02-962-18.060,,,,,Airway stent,Y-shaped self-expanding metallic airway stent,Implant,Single-use,Sterile,Yes,Nitinol,Partially covered,Self-expanding delivery catheter,18 mm main body; 60 mm expanded length; 24 Fr / 8 mm catheter; 60 cm system,18,60,24 Fr,,60,,8,1/Box,Adult,Partially covered Y-shaped self-expanding tracheal stent from the Micro-Tech global catalog.,Global/older catalog entry; exact branch dimensions are not represented in the parsed table and require current IFU.,Verified exact catalog entry - global/older source,Hidden - current U.S. status unverified,SRC013,Y-shaped tracheal stent specifications (PDF p. 13),2019,Global 2019 manufacturer catalog; current U.S. clearance and commercial availability not established.,Stored for catalog completeness but intentionally hidden from U.S. dropdown.,"{""main_body_od_mm"":18,""expanded_length_mm"":60,""delivery_catheter_french"":24,""delivery_catheter_od_mm"":8,""delivery_system_working_length_mm"":600,""branch_dimensions"":""Require current IFU""}"
PRD-C9704EAA93,MFR-52C1D02F96,Micro-Tech Endoscopy,,Micro-Tech Y-Shaped Tracheal Stent,Micro-Tech Uncovered Y-Shaped Tracheal Stent,ST02-961-18.050,,,,,Airway stent,Y-shaped self-expanding metallic airway stent,Implant,Single-use,Sterile,Yes,Nitinol,Uncovered,Self-expanding delivery catheter,18 mm main body; 50 mm expanded length; 24 Fr / 8 mm catheter; 60 cm system,18,50,24 Fr,,60,,8,1/Box,Adult,Uncovered Y-shaped self-expanding tracheal stent from the Micro-Tech global catalog.,Global/older catalog entry; exact branch dimensions are not represented in the parsed table and require current IFU.,Verified exact catalog entry - global/older source,Hidden - current U.S. status unverified,SRC013,Y-shaped tracheal stent specifications (PDF p. 13),2019,Global 2019 manufacturer catalog; current U.S. clearance and commercial availability not established.,Stored for catalog completeness but intentionally hidden from U.S. dropdown.,"{""main_body_od_mm"":18,""expanded_length_mm"":50,""delivery_catheter_french"":24,""delivery_catheter_od_mm"":8,""delivery_system_working_length_mm"":600,""branch_dimensions"":""Require current IFU""}"
PRD-045F1D520E,MFR-52C1D02F96,Micro-Tech Endoscopy,,Micro-Tech Y-Shaped Tracheal Stent,Micro-Tech Uncovered Y-Shaped Tracheal Stent,ST02-961-18.060,,,,,Airway stent,Y-shaped self-expanding metallic airway stent,Implant,Single-use,Sterile,Yes,Nitinol,Uncovered,Self-expanding delivery catheter,18 mm main body; 60 mm expanded length; 24 Fr / 8 mm catheter; 60 cm system,18,60,24 Fr,,60,,8,1/Box,Adult,Uncovered Y-shaped self-expanding tracheal stent from the Micro-Tech global catalog.,Global/older catalog entry; exact branch dimensions are not represented in the parsed table and require current IFU.,Verified exact catalog entry - global/older source,Hidden - current U.S. status unverified,SRC013,Y-shaped tracheal stent specifications (PDF p. 13),2019,Global 2019 manufacturer catalog; current U.S. clearance and commercial availability not established.,Stored for catalog completeness but intentionally hidden from U.S. dropdown.,"{""main_body_od_mm"":18,""expanded_length_mm"":60,""delivery_catheter_french"":24,""delivery_catheter_od_mm"":8,""delivery_system_working_length_mm"":600,""branch_dimensions"":""Require current IFU""}"
PRD-148F8BC5BA,MFR-52C1D02F96,Micro-Tech Endoscopy,,Micro-Tech Y-Stent,Tracheobronchial Y-Stent,ST05-152.16.040,,,,,Airway stent,Y-shaped SEMS,Implant,,,Yes,,,,Trachea 16 x 40 mm; bronchi 12 mm; limbs 20/30 mm,,,,,,,,,,,,Candidate - user seed; primary source required,Hidden until verified,SRC006,Product list 2025!Sheet6,2025,,,"{""trachea_diameter_mm"":16,""trachea_length_mm"":40,""main_bronchi_diameter_mm"":12,""bronchi_lengths_mm"":""20/30""}"
PRD-DF0AB82B2D,MFR-52C1D02F96,Micro-Tech Endoscopy,,Micro-Tech Y-Stent,Tracheobronchial Y-Stent,ST05-152.20.050,,,,,Airway stent,Y-shaped SEMS,Implant,,,Yes,,,,Trachea 20 x 50 mm; bronchi 14 mm; limbs 20/30 mm,,,,,,,,,,,,Candidate - user seed; primary source required,Hidden until verified,SRC006,Product list 2025!Sheet6,2025,,,"{""trachea_diameter_mm"":20,""trachea_length_mm"":50,""main_bronchi_diameter_mm"":14,""bronchi_lengths_mm"":""20/30""}"
PRD-82CCE45D12,MFR-52C1D02F96,Micro-Tech Endoscopy,,Micro-Tech Y-Stent,Tracheobronchial Y-Stent,ST05-155.16.040,,,,,Airway stent,Y-shaped SEMS,Implant,,,Yes,,,,Trachea 16 x 40 mm; bronchi 12 mm; limbs 15/30 mm,,,,,,,,,,,,Candidate - user seed; primary source required,Hidden until verified,SRC006,Product list 2025!Sheet6,2025,,,"{""trachea_diameter_mm"":16,""trachea_length_mm"":40,""main_bronchi_diameter_mm"":12,""bronchi_lengths_mm"":""15/30""}"
PRD-2D588804C5,MFR-52C1D02F96,Micro-Tech Endoscopy,,Micro-Tech Y-Stent,Tracheobronchial Y-Stent,ST05-155.20.050,,,,,Airway stent,Y-shaped SEMS,Implant,,,Yes,,,,Trachea 20 x 50 mm; bronchi 14 mm; limbs 15/30 mm,,,,,,,,,,,,Candidate - user seed; primary source required,Hidden until verified,SRC006,Product list 2025!Sheet6,2025,,,"{""trachea_diameter_mm"":20,""trachea_length_mm"":50,""main_bronchi_diameter_mm"":14,""bronchi_lengths_mm"":""15/30""}"
PRD-1A0C09927F,MFR-52C1D02F96,Micro-Tech Endoscopy,Thoracent,Thoracent / Micro-Tech Y-Shaped Tracheal Stent,Y-Shaped Self-Expanding Tracheal Stent,TT81670,,,,,Airway stent,Y-shaped self-expanding metallic airway stent,Implant,Single-use,Sterile,Yes,Nitinol,Thin silicone covering,Self-expanding low-profile delivery system,Body 16 x 40 mm; left 12 x 30 mm; right 12 x 15 mm; 8 mm x 650 mm catheter,16,40,,,65,,8,1/Box,Adult,Integrated Y-shaped self-expanding tracheal stent with thin silicone covering and repositioning sutures.,Exact anatomy and branch orientation must be matched to the current IFU and procedural plan.,Verified - manufacturer/distributor brochure,Prototype visible - reverify before production,SRC016,"Specifications table, brochure p. 2",2022-08,"Exact U.S.-facing brochure entry; confirm current FDA status, distributor inventory, and IFU before production use.",Manufacturer shown as Micro-Tech Endoscopy; U.S. distributor shown as Thoracent.,"{""main_body_od_mm"":16,""main_body_length_mm"":40,""left_branch_od_mm"":12,""left_branch_length_mm"":30,""right_branch_od_mm"":12,""right_branch_length_mm"":15,""delivery_catheter_od_mm"":8,""delivery_catheter_length_mm"":650,""package_units"":""1/Box"",""repositioning_sutures"":true}"
PRD-0D187D741A,MFR-52C1D02F96,Micro-Tech Endoscopy,Thoracent,Thoracent / Micro-Tech Y-Shaped Tracheal Stent,Y-Shaped Self-Expanding Tracheal Stent,TT81680,,,,,Airway stent,Y-shaped self-expanding metallic airway stent,Implant,Single-use,Sterile,Yes,Nitinol,Thin silicone covering,Self-expanding low-profile delivery system,Body 16 x 40 mm; left 12 x 30 mm; right 12 x 20 mm; 8 mm x 650 mm catheter,16,40,,,65,,8,1/Box,Adult,Integrated Y-shaped self-expanding tracheal stent with thin silicone covering and repositioning sutures.,Exact anatomy and branch orientation must be matched to the current IFU and procedural plan.,Verified - manufacturer/distributor brochure,Prototype visible - reverify before production,SRC016,"Specifications table, brochure p. 2",2022-08,"Exact U.S.-facing brochure entry; confirm current FDA status, distributor inventory, and IFU before production use.",Manufacturer shown as Micro-Tech Endoscopy; U.S. distributor shown as Thoracent.,"{""main_body_od_mm"":16,""main_body_length_mm"":40,""left_branch_od_mm"":12,""left_branch_length_mm"":30,""right_branch_od_mm"":12,""right_branch_length_mm"":20,""delivery_catheter_od_mm"":8,""delivery_catheter_length_mm"":650,""package_units"":""1/Box"",""repositioning_sutures"":true}"
PRD-5D09EFABDD,MFR-52C1D02F96,Micro-Tech Endoscopy,Thoracent,Thoracent / Micro-Tech Y-Shaped Tracheal Stent,Y-Shaped Self-Expanding Tracheal Stent,TT81690,,,,,Airway stent,Y-shaped self-expanding metallic airway stent,Implant,Single-use,Sterile,Yes,Nitinol,Thin silicone covering,Self-expanding low-profile delivery system,Body 18 x 40 mm; left 12 x 30 mm; right 12 x 15 mm; 8 mm x 650 mm catheter,18,40,,,65,,8,1/Box,Adult,Integrated Y-shaped self-expanding tracheal stent with thin silicone covering and repositioning sutures.,Exact anatomy and branch orientation must be matched to the current IFU and procedural plan.,Verified - manufacturer/distributor brochure,Prototype visible - reverify before production,SRC016,"Specifications table, brochure p. 2",2022-08,"Exact U.S.-facing brochure entry; confirm current FDA status, distributor inventory, and IFU before production use.",Manufacturer shown as Micro-Tech Endoscopy; U.S. distributor shown as Thoracent.,"{""main_body_od_mm"":18,""main_body_length_mm"":40,""left_branch_od_mm"":12,""left_branch_length_mm"":30,""right_branch_od_mm"":12,""right_branch_length_mm"":15,""delivery_catheter_od_mm"":8,""delivery_catheter_length_mm"":650,""package_units"":""1/Box"",""repositioning_sutures"":true}"
PRD-61B1C43B5C,MFR-52C1D02F96,Micro-Tech Endoscopy,Thoracent,Thoracent / Micro-Tech Y-Shaped Tracheal Stent,Y-Shaped Self-Expanding Tracheal Stent,TT81700,,,,,Airway stent,Y-shaped self-expanding metallic airway stent,Implant,Single-use,Sterile,Yes,Nitinol,Thin silicone covering,Self-expanding low-profile delivery system,Body 18 x 40 mm; left 12 x 30 mm; right 12 x 20 mm; 8 mm x 650 mm catheter,18,40,,,65,,8,1/Box,Adult,Integrated Y-shaped self-expanding tracheal stent with thin silicone covering and repositioning sutures.,Exact anatomy and branch orientation must be matched to the current IFU and procedural plan.,Verified - manufacturer/distributor brochure,Prototype visible - reverify before production,SRC016,"Specifications table, brochure p. 2",2022-08,"Exact U.S.-facing brochure entry; confirm current FDA status, distributor inventory, and IFU before production use.",Manufacturer shown as Micro-Tech Endoscopy; U.S. distributor shown as Thoracent.,"{""main_body_od_mm"":18,""main_body_length_mm"":40,""left_branch_od_mm"":12,""left_branch_length_mm"":30,""right_branch_od_mm"":12,""right_branch_length_mm"":20,""delivery_catheter_od_mm"":8,""delivery_catheter_length_mm"":650,""package_units"":""1/Box"",""repositioning_sutures"":true}"
PRD-71D6D8E081,MFR-52C1D02F96,Micro-Tech Endoscopy,Thoracent,Thoracent / Micro-Tech Y-Shaped Tracheal Stent,Y-Shaped Self-Expanding Tracheal Stent,TT81710,,,,,Airway stent,Y-shaped self-expanding metallic airway stent,Implant,Single-use,Sterile,Yes,Nitinol,Thin silicone covering,Self-expanding low-profile delivery system,Body 18 x 40 mm; left 12 x 35 mm; right 12 x 15 mm; 8 mm x 650 mm catheter,18,40,,,65,,8,1/Box,Adult,Integrated Y-shaped self-expanding tracheal stent with thin silicone covering and repositioning sutures.,Exact anatomy and branch orientation must be matched to the current IFU and procedural plan.,Verified - manufacturer/distributor brochure,Prototype visible - reverify before production,SRC016,"Specifications table, brochure p. 2",2022-08,"Exact U.S.-facing brochure entry; confirm current FDA status, distributor inventory, and IFU before production use.",Manufacturer shown as Micro-Tech Endoscopy; U.S. distributor shown as Thoracent.,"{""main_body_od_mm"":18,""main_body_length_mm"":40,""left_branch_od_mm"":12,""left_branch_length_mm"":35,""right_branch_od_mm"":12,""right_branch_length_mm"":15,""delivery_catheter_od_mm"":8,""delivery_catheter_length_mm"":650,""package_units"":""1/Box"",""repositioning_sutures"":true}"
PRD-F5CEB7234A,MFR-52C1D02F96,Micro-Tech Endoscopy,Thoracent,Thoracent / Micro-Tech Y-Shaped Tracheal Stent,Y-Shaped Self-Expanding Tracheal Stent,TT81720,,,,,Airway stent,Y-shaped self-expanding metallic airway stent,Implant,Single-use,Sterile,Yes,Nitinol,Thin silicone covering,Self-expanding low-profile delivery system,Body 18 x 40 mm; left 12 x 35 mm; right 12 x 20 mm; 8 mm x 650 mm catheter,18,40,,,65,,8,1/Box,Adult,Integrated Y-shaped self-expanding tracheal stent with thin silicone covering and repositioning sutures.,Exact anatomy and branch orientation must be matched to the current IFU and procedural plan.,Verified - manufacturer/distributor brochure,Prototype visible - reverify before production,SRC016,"Specifications table, brochure p. 2",2022-08,"Exact U.S.-facing brochure entry; confirm current FDA status, distributor inventory, and IFU before production use.",Manufacturer shown as Micro-Tech Endoscopy; U.S. distributor shown as Thoracent.,"{""main_body_od_mm"":18,""main_body_length_mm"":40,""left_branch_od_mm"":12,""left_branch_length_mm"":35,""right_branch_od_mm"":12,""right_branch_length_mm"":20,""delivery_catheter_od_mm"":8,""delivery_catheter_length_mm"":650,""package_units"":""1/Box"",""repositioning_sutures"":true}"
PRD-89BCEE2895,MFR-52C1D02F96,Micro-Tech Endoscopy,Thoracent,Thoracent / Micro-Tech Y-Shaped Tracheal Stent,Y-Shaped Self-Expanding Tracheal Stent,TT81730,,,,,Airway stent,Y-shaped self-expanding metallic airway stent,Implant,Single-use,Sterile,Yes,Nitinol,Thin silicone covering,Self-expanding low-profile delivery system,Body 18 x 60 mm; left 12 x 30 mm; right 12 x 15 mm; 8 mm x 650 mm catheter,18,60,,,65,,8,1/Box,Adult,Integrated Y-shaped self-expanding tracheal stent with thin silicone covering and repositioning sutures.,Exact anatomy and branch orientation must be matched to the current IFU and procedural plan.,Verified - manufacturer/distributor brochure,Prototype visible - reverify before production,SRC016,"Specifications table, brochure p. 2",2022-08,"Exact U.S.-facing brochure entry; confirm current FDA status, distributor inventory, and IFU before production use.",Manufacturer shown as Micro-Tech Endoscopy; U.S. distributor shown as Thoracent.,"{""main_body_od_mm"":18,""main_body_length_mm"":60,""left_branch_od_mm"":12,""left_branch_length_mm"":30,""right_branch_od_mm"":12,""right_branch_length_mm"":15,""delivery_catheter_od_mm"":8,""delivery_catheter_length_mm"":650,""package_units"":""1/Box"",""repositioning_sutures"":true}"
PRD-6124E1A326,MFR-52C1D02F96,Micro-Tech Endoscopy,Thoracent,Thoracent / Micro-Tech Y-Shaped Tracheal Stent,Y-Shaped Self-Expanding Tracheal Stent,TT81740,,,,,Airway stent,Y-shaped self-expanding metallic airway stent,Implant,Single-use,Sterile,Yes,Nitinol,Thin silicone covering,Self-expanding low-profile delivery system,Body 18 x 60 mm; left 12 x 30 mm; right 12 x 20 mm; 8 mm x 650 mm catheter,18,60,,,65,,8,1/Box,Adult,Integrated Y-shaped self-expanding tracheal stent with thin silicone covering and repositioning sutures.,Exact anatomy and branch orientation must be matched to the current IFU and procedural plan.,Verified - manufacturer/distributor brochure,Prototype visible - reverify before production,SRC016,"Specifications table, brochure p. 2",2022-08,"Exact U.S.-facing brochure entry; confirm current FDA status, distributor inventory, and IFU before production use.",Manufacturer shown as Micro-Tech Endoscopy; U.S. distributor shown as Thoracent.,"{""main_body_od_mm"":18,""main_body_length_mm"":60,""left_branch_od_mm"":12,""left_branch_length_mm"":30,""right_branch_od_mm"":12,""right_branch_length_mm"":20,""delivery_catheter_od_mm"":8,""delivery_catheter_length_mm"":650,""package_units"":""1/Box"",""repositioning_sutures"":true}"
PRD-21832A5DCA,MFR-52C1D02F96,Micro-Tech Endoscopy,Thoracent,Thoracent / Micro-Tech Y-Shaped Tracheal Stent,Y-Shaped Self-Expanding Tracheal Stent,TT81750,,,,,Airway stent,Y-shaped self-expanding metallic airway stent,Implant,Single-use,Sterile,Yes,Nitinol,Thin silicone covering,Self-expanding low-profile delivery system,Body 18 x 60 mm; left 12 x 35 mm; right 12 x 15 mm; 8 mm x 650 mm catheter,18,60,,,65,,8,1/Box,Adult,Integrated Y-shaped self-expanding tracheal stent with thin silicone covering and repositioning sutures.,Exact anatomy and branch orientation must be matched to the current IFU and procedural plan.,Verified - manufacturer/distributor brochure,Prototype visible - reverify before production,SRC016,"Specifications table, brochure p. 2",2022-08,"Exact U.S.-facing brochure entry; confirm current FDA status, distributor inventory, and IFU before production use.",Manufacturer shown as Micro-Tech Endoscopy; U.S. distributor shown as Thoracent.,"{""main_body_od_mm"":18,""main_body_length_mm"":60,""left_branch_od_mm"":12,""left_branch_length_mm"":35,""right_branch_od_mm"":12,""right_branch_length_mm"":15,""delivery_catheter_od_mm"":8,""delivery_catheter_length_mm"":650,""package_units"":""1/Box"",""repositioning_sutures"":true}"
PRD-6D8A97CC06,MFR-52C1D02F96,Micro-Tech Endoscopy,Thoracent,Thoracent / Micro-Tech Y-Shaped Tracheal Stent,Y-Shaped Self-Expanding Tracheal Stent,TT81760,,,,,Airway stent,Y-shaped self-expanding metallic airway stent,Implant,Single-use,Sterile,Yes,Nitinol,Thin silicone covering,Self-expanding low-profile delivery system,Body 18 x 60 mm; left 12 x 35 mm; right 12 x 20 mm; 8 mm x 650 mm catheter,18,60,,,65,,8,1/Box,Adult,Integrated Y-shaped self-expanding tracheal stent with thin silicone covering and repositioning sutures.,Exact anatomy and branch orientation must be matched to the current IFU and procedural plan.,Verified - manufacturer/distributor brochure,Prototype visible - reverify before production,SRC016,"Specifications table, brochure p. 2",2022-08,"Exact U.S.-facing brochure entry; confirm current FDA status, distributor inventory, and IFU before production use.",Manufacturer shown as Micro-Tech Endoscopy; U.S. distributor shown as Thoracent.,"{""main_body_od_mm"":18,""main_body_length_mm"":60,""left_branch_od_mm"":12,""left_branch_length_mm"":35,""right_branch_od_mm"":12,""right_branch_length_mm"":20,""delivery_catheter_od_mm"":8,""delivery_catheter_length_mm"":650,""package_units"":""1/Box"",""repositioning_sutures"":true}"
PRD-ACA2322DB2,MFR-52C1D02F96,Micro-Tech Endoscopy,Thoracent,Thoracent / Micro-Tech Y-Shaped Tracheal Stent,Y-Shaped Self-Expanding Tracheal Stent,TT81770,,,,,Airway stent,Y-shaped self-expanding metallic airway stent,Implant,Single-use,Sterile,Yes,Nitinol,Thin silicone covering,Self-expanding low-profile delivery system,Body 20 x 50 mm; left 14 x 30 mm; right 14 x 15 mm; 8 mm x 650 mm catheter,20,50,,,65,,8,1/Box,Adult,Integrated Y-shaped self-expanding tracheal stent with thin silicone covering and repositioning sutures.,Exact anatomy and branch orientation must be matched to the current IFU and procedural plan.,Verified - manufacturer/distributor brochure,Prototype visible - reverify before production,SRC016,"Specifications table, brochure p. 2",2022-08,"Exact U.S.-facing brochure entry; confirm current FDA status, distributor inventory, and IFU before production use.",Manufacturer shown as Micro-Tech Endoscopy; U.S. distributor shown as Thoracent.,"{""main_body_od_mm"":20,""main_body_length_mm"":50,""left_branch_od_mm"":14,""left_branch_length_mm"":30,""right_branch_od_mm"":14,""right_branch_length_mm"":15,""delivery_catheter_od_mm"":8,""delivery_catheter_length_mm"":650,""package_units"":""1/Box"",""repositioning_sutures"":true}"
PRD-AAFEA61B28,MFR-52C1D02F96,Micro-Tech Endoscopy,Thoracent,Thoracent / Micro-Tech Y-Shaped Tracheal Stent,Y-Shaped Self-Expanding Tracheal Stent,TT81780,,,,,Airway stent,Y-shaped self-expanding metallic airway stent,Implant,Single-use,Sterile,Yes,Nitinol,Thin silicone covering,Self-expanding low-profile delivery system,Body 20 x 50 mm; left 14 x 30 mm; right 14 x 20 mm; 8 mm x 650 mm catheter,20,50,,,65,,8,1/Box,Adult,Integrated Y-shaped self-expanding tracheal stent with thin silicone covering and repositioning sutures.,Exact anatomy and branch orientation must be matched to the current IFU and procedural plan.,Verified - manufacturer/distributor brochure,Prototype visible - reverify before production,SRC016,"Specifications table, brochure p. 2",2022-08,"Exact U.S.-facing brochure entry; confirm current FDA status, distributor inventory, and IFU before production use.",Manufacturer shown as Micro-Tech Endoscopy; U.S. distributor shown as Thoracent.,"{""main_body_od_mm"":20,""main_body_length_mm"":50,""left_branch_od_mm"":14,""left_branch_length_mm"":30,""right_branch_od_mm"":14,""right_branch_length_mm"":20,""delivery_catheter_od_mm"":8,""delivery_catheter_length_mm"":650,""package_units"":""1/Box"",""repositioning_sutures"":true}"
PRD-F9EB14C69E,MFR-52C1D02F96,Micro-Tech Endoscopy,Thoracent,Thoracent / Micro-Tech Y-Shaped Tracheal Stent,Y-Shaped Self-Expanding Tracheal Stent,TT81790,,,,,Airway stent,Y-shaped self-expanding metallic airway stent,Implant,Single-use,Sterile,Yes,Nitinol,Thin silicone covering,Self-expanding low-profile delivery system,Body 20 x 50 mm; left 14 x 35 mm; right 14 x 15 mm; 8 mm x 650 mm catheter,20,50,,,65,,8,1/Box,Adult,Integrated Y-shaped self-expanding tracheal stent with thin silicone covering and repositioning sutures.,Exact anatomy and branch orientation must be matched to the current IFU and procedural plan.,Verified - manufacturer/distributor brochure,Prototype visible - reverify before production,SRC016,"Specifications table, brochure p. 2",2022-08,"Exact U.S.-facing brochure entry; confirm current FDA status, distributor inventory, and IFU before production use.",Manufacturer shown as Micro-Tech Endoscopy; U.S. distributor shown as Thoracent.,"{""main_body_od_mm"":20,""main_body_length_mm"":50,""left_branch_od_mm"":14,""left_branch_length_mm"":35,""right_branch_od_mm"":14,""right_branch_length_mm"":15,""delivery_catheter_od_mm"":8,""delivery_catheter_length_mm"":650,""package_units"":""1/Box"",""repositioning_sutures"":true}"
PRD-98610CE8EB,MFR-52C1D02F96,Micro-Tech Endoscopy,Thoracent,Thoracent / Micro-Tech Y-Shaped Tracheal Stent,Y-Shaped Self-Expanding Tracheal Stent,TT81800,,,,,Airway stent,Y-shaped self-expanding metallic airway stent,Implant,Single-use,Sterile,Yes,Nitinol,Thin silicone covering,Self-expanding low-profile delivery system,Body 20 x 50 mm; left 14 x 35 mm; right 14 x 20 mm; 8 mm x 650 mm catheter,20,50,,,65,,8,1/Box,Adult,Integrated Y-shaped self-expanding tracheal stent with thin silicone covering and repositioning sutures.,Exact anatomy and branch orientation must be matched to the current IFU and procedural plan.,Verified - manufacturer/distributor brochure,Prototype visible - reverify before production,SRC016,"Specifications table, brochure p. 2",2022-08,"Exact U.S.-facing brochure entry; confirm current FDA status, distributor inventory, and IFU before production use.",Manufacturer shown as Micro-Tech Endoscopy; U.S. distributor shown as Thoracent.,"{""main_body_od_mm"":20,""main_body_length_mm"":50,""left_branch_od_mm"":14,""left_branch_length_mm"":35,""right_branch_od_mm"":14,""right_branch_length_mm"":20,""delivery_catheter_od_mm"":8,""delivery_catheter_length_mm"":650,""package_units"":""1/Box"",""repositioning_sutures"":true}"
PRD-D5A436E755,MFR-52C1D02F96,Micro-Tech Endoscopy,Thoracent,Thoracent / Micro-Tech Y-Shaped Tracheal Stent,Y-Shaped Self-Expanding Tracheal Stent,TT81810,,,,,Airway stent,Y-shaped self-expanding metallic airway stent,Implant,Single-use,Sterile,Yes,Nitinol,Thin silicone covering,Self-expanding low-profile delivery system,Body 20 x 60 mm; left 14 x 30 mm; right 14 x 15 mm; 8 mm x 650 mm catheter,20,60,,,65,,8,1/Box,Adult,Integrated Y-shaped self-expanding tracheal stent with thin silicone covering and repositioning sutures.,Exact anatomy and branch orientation must be matched to the current IFU and procedural plan.,Verified - manufacturer/distributor brochure,Prototype visible - reverify before production,SRC016,"Specifications table, brochure p. 2",2022-08,"Exact U.S.-facing brochure entry; confirm current FDA status, distributor inventory, and IFU before production use.",Manufacturer shown as Micro-Tech Endoscopy; U.S. distributor shown as Thoracent.,"{""main_body_od_mm"":20,""main_body_length_mm"":60,""left_branch_od_mm"":14,""left_branch_length_mm"":30,""right_branch_od_mm"":14,""right_branch_length_mm"":15,""delivery_catheter_od_mm"":8,""delivery_catheter_length_mm"":650,""package_units"":""1/Box"",""repositioning_sutures"":true}"
PRD-0FC4F02CEE,MFR-52C1D02F96,Micro-Tech Endoscopy,Thoracent,Thoracent / Micro-Tech Y-Shaped Tracheal Stent,Y-Shaped Self-Expanding Tracheal Stent,TT81820,,,,,Airway stent,Y-shaped self-expanding metallic airway stent,Implant,Single-use,Sterile,Yes,Nitinol,Thin silicone covering,Self-expanding low-profile delivery system,Body 20 x 60 mm; left 14 x 30 mm; right 14 x 20 mm; 8 mm x 650 mm catheter,20,60,,,65,,8,1/Box,Adult,Integrated Y-shaped self-expanding tracheal stent with thin silicone covering and repositioning sutures.,Exact anatomy and branch orientation must be matched to the current IFU and procedural plan.,Verified - manufacturer/distributor brochure,Prototype visible - reverify before production,SRC016,"Specifications table, brochure p. 2",2022-08,"Exact U.S.-facing brochure entry; confirm current FDA status, distributor inventory, and IFU before production use.",Manufacturer shown as Micro-Tech Endoscopy; U.S. distributor shown as Thoracent.,"{""main_body_od_mm"":20,""main_body_length_mm"":60,""left_branch_od_mm"":14,""left_branch_length_mm"":30,""right_branch_od_mm"":14,""right_branch_length_mm"":20,""delivery_catheter_od_mm"":8,""delivery_catheter_length_mm"":650,""package_units"":""1/Box"",""repositioning_sutures"":true}"
PRD-900AA8F053,MFR-52C1D02F96,Micro-Tech Endoscopy,Thoracent,Thoracent / Micro-Tech Y-Shaped Tracheal Stent,Y-Shaped Self-Expanding Tracheal Stent,TT81830,,,,,Airway stent,Y-shaped self-expanding metallic airway stent,Implant,Single-use,Sterile,Yes,Nitinol,Thin silicone covering,Self-expanding low-profile delivery system,Body 20 x 60 mm; left 14 x 35 mm; right 14 x 15 mm; 8 mm x 650 mm catheter,20,60,,,65,,8,1/Box,Adult,Integrated Y-shaped self-expanding tracheal stent with thin silicone covering and repositioning sutures.,Exact anatomy and branch orientation must be matched to the current IFU and procedural plan.,Verified - manufacturer/distributor brochure,Prototype visible - reverify before production,SRC016,"Specifications table, brochure p. 2",2022-08,"Exact U.S.-facing brochure entry; confirm current FDA status, distributor inventory, and IFU before production use.",Manufacturer shown as Micro-Tech Endoscopy; U.S. distributor shown as Thoracent.,"{""main_body_od_mm"":20,""main_body_length_mm"":60,""left_branch_od_mm"":14,""left_branch_length_mm"":35,""right_branch_od_mm"":14,""right_branch_length_mm"":15,""delivery_catheter_od_mm"":8,""delivery_catheter_length_mm"":650,""package_units"":""1/Box"",""repositioning_sutures"":true}"
PRD-B07610EC95,MFR-52C1D02F96,Micro-Tech Endoscopy,Thoracent,Thoracent / Micro-Tech Y-Shaped Tracheal Stent,Y-Shaped Self-Expanding Tracheal Stent,TT81840,,,,,Airway stent,Y-shaped self-expanding metallic airway stent,Implant,Single-use,Sterile,Yes,Nitinol,Thin silicone covering,Self-expanding low-profile delivery system,Body 20 x 60 mm; left 14 x 35 mm; right 14 x 20 mm; 8 mm x 650 mm catheter,20,60,,,65,,8,1/Box,Adult,Integrated Y-shaped self-expanding tracheal stent with thin silicone covering and repositioning sutures.,Exact anatomy and branch orientation must be matched to the current IFU and procedural plan.,Verified - manufacturer/distributor brochure,Prototype visible - reverify before production,SRC016,"Specifications table, brochure p. 2",2022-08,"Exact U.S.-facing brochure entry; confirm current FDA status, distributor inventory, and IFU before production use.",Manufacturer shown as Micro-Tech Endoscopy; U.S. distributor shown as Thoracent.,"{""main_body_od_mm"":20,""main_body_length_mm"":60,""left_branch_od_mm"":14,""left_branch_length_mm"":35,""right_branch_od_mm"":14,""right_branch_length_mm"":20,""delivery_catheter_od_mm"":8,""delivery_catheter_length_mm"":650,""package_units"":""1/Box"",""repositioning_sutures"":true}"
PRD-D29CE0D10F,MFR-52C1D02F96,Micro-Tech Endoscopy,Thoracent,Thoracent / Micro-Tech Y-Shaped Tracheal Stent,Y-Shaped Self-Expanding Tracheal Stent,TT81850,,,,,Airway stent,Y-shaped self-expanding metallic airway stent,Implant,Single-use,Sterile,Yes,Nitinol,Thin silicone covering,Self-expanding low-profile delivery system,Body 22 x 60 mm; left 14 x 35 mm; right 14 x 20 mm; 8 mm x 650 mm catheter,22,60,,,65,,8,1/Box,Adult,Integrated Y-shaped self-expanding tracheal stent with thin silicone covering and repositioning sutures.,Exact anatomy and branch orientation must be matched to the current IFU and procedural plan.,Verified - manufacturer/distributor brochure,Prototype visible - reverify before production,SRC016,"Specifications table, brochure p. 2",2022-08,"Exact U.S.-facing brochure entry; confirm current FDA status, distributor inventory, and IFU before production use.",Manufacturer shown as Micro-Tech Endoscopy; U.S. distributor shown as Thoracent.,"{""main_body_od_mm"":22,""main_body_length_mm"":60,""left_branch_od_mm"":14,""left_branch_length_mm"":35,""right_branch_od_mm"":14,""right_branch_length_mm"":20,""delivery_catheter_od_mm"":8,""delivery_catheter_length_mm"":650,""package_units"":""1/Box"",""repositioning_sutures"":true}"
PRD-D1DCE936D2,MFR-6208838930,Novatech,,,STERITALC Poudrage Kit 3 g,16863,,,,,Pleurodesis,,Candidate,,,,,,,,,,,,,,,,,"STERITALC PF3, 3 g with balloon and cannula",,Candidate - user seed; primary source required,Hidden until verified,SRC007,pleural seed,,,,{}
PRD-EB27F8D657,MFR-6208838930,Novatech,,,STERITALC Talc Vial 2 g,16903,,,,,Pleurodesis,,Candidate,,,,,,,,,,,,,,,,,STERITALC F2,,Candidate - user seed; primary source required,Hidden until verified,SRC007,pleural seed,,,,{}
PRD-8C6A6B2ACE,MFR-6208838930,Novatech,,,STERITALC Talc Vial 4 g,16913,,,,,Pleurodesis,,Candidate,,,,,,,,,,,,,,,,,STERITALC F4,,Candidate - user seed; primary source required,Hidden until verified,SRC007,pleural seed,,,,{}
PRD-7C4A3CE094,MFR-6208838930,Novatech,Boston Medical Products,DUMON BD,DUMON BD Silicone Airway Stent,02841S,,,,,Airway stent,Silicone BD stent,Implant,Single-use,Sterile,Yes,Medical-grade silicone,Solid silicone,Rigid bronchoscopy,9 mm OD x 20 mm L,9,20,,,,,,One stent per carton,,Bronchial stent,Loaded with TONN NOVATECH stent applicator; exact applicator color/size must be checked in catalog/IFU.,Verified - manufacturer catalog,Prototype visible - reverify before production,SRC001,pp. 12-13,Rev. 6,,,"{""model"":""BD"",""wall_thickness_mm"":1.0,""transparent_only"":false,""radiopaque_variant_available"":true,""radiopaque_ordering_note"":""Catalog states REF + R = radiopaque where available.""}"
PRD-E04E24D3CD,MFR-6208838930,Novatech,Boston Medical Products,DUMON BD,DUMON BD Silicone Airway Stent,03721S,,,,,Airway stent,Silicone BD stent,Implant,Single-use,Sterile,Yes,Medical-grade silicone,Solid silicone,Rigid bronchoscopy,10 mm OD x 20 mm L,10,20,,,,,,One stent per carton,,Bronchial stent,Loaded with TONN NOVATECH stent applicator; exact applicator color/size must be checked in catalog/IFU.,Verified - manufacturer catalog,Prototype visible - reverify before production,SRC001,pp. 12-13,Rev. 6,,,"{""model"":""BD"",""wall_thickness_mm"":1.0,""transparent_only"":false,""radiopaque_variant_available"":true,""radiopaque_ordering_note"":""Catalog states REF + R = radiopaque where available.""}"
PRD-B226B5873B,MFR-6208838930,Novatech,Boston Medical Products,DUMON BD,DUMON BD Silicone Airway Stent,03741S,,,,,Airway stent,Silicone BD stent,Implant,Single-use,Sterile,Yes,Medical-grade silicone,Solid silicone,Rigid bronchoscopy,10 mm OD x 30 mm L,10,30,,,,,,One stent per carton,,Bronchial stent,Loaded with TONN NOVATECH stent applicator; exact applicator color/size must be checked in catalog/IFU.,Verified - manufacturer catalog,Prototype visible - reverify before production,SRC001,pp. 12-13,Rev. 6,,,"{""model"":""BD"",""wall_thickness_mm"":1.0,""transparent_only"":false,""radiopaque_variant_available"":true,""radiopaque_ordering_note"":""Catalog states REF + R = radiopaque where available.""}"
PRD-3D383F0834,MFR-6208838930,Novatech,Boston Medical Products,DUMON BD,DUMON BD Silicone Airway Stent,03761S,,,,,Airway stent,Silicone BD stent,Implant,Single-use,Sterile,Yes,Medical-grade silicone,Solid silicone,Rigid bronchoscopy,10 mm OD x 40 mm L,10,40,,,,,,One stent per carton,,Bronchial stent,Loaded with TONN NOVATECH stent applicator; exact applicator color/size must be checked in catalog/IFU.,Verified - manufacturer catalog,Prototype visible - reverify before production,SRC001,pp. 12-13,Rev. 6,,,"{""model"":""BD"",""wall_thickness_mm"":1.0,""transparent_only"":false,""radiopaque_variant_available"":true,""radiopaque_ordering_note"":""Catalog states REF + R = radiopaque where available.""}"
PRD-7C4B36F5CB,MFR-6208838930,Novatech,Boston Medical Products,DUMON BD,DUMON BD Silicone Airway Stent,03781S,,,,,Airway stent,Silicone BD stent,Implant,Single-use,Sterile,Yes,Medical-grade silicone,Solid silicone,Rigid bronchoscopy,10 mm OD x 50 mm L,10,50,,,,,,One stent per carton,,Bronchial stent,Loaded with TONN NOVATECH stent applicator; exact applicator color/size must be checked in catalog/IFU.,Verified - manufacturer catalog,Prototype visible - reverify before production,SRC001,pp. 12-13,Rev. 6,,,"{""model"":""BD"",""wall_thickness_mm"":1.0,""transparent_only"":false,""radiopaque_variant_available"":true,""radiopaque_ordering_note"":""Catalog states REF + R = radiopaque where available.""}"
PRD-A9C2F393B9,MFR-6208838930,Novatech,Boston Medical Products,DUMON BD,DUMON BD Silicone Airway Stent,03801S,,,,,Airway stent,Silicone BD stent,Implant,Single-use,Sterile,Yes,Medical-grade silicone,Solid silicone,Rigid bronchoscopy,10 mm OD x 60 mm L,10,60,,,,,,One stent per carton,,Bronchial stent,Loaded with TONN NOVATECH stent applicator; exact applicator color/size must be checked in catalog/IFU.,Verified - manufacturer catalog,Prototype visible - reverify before production,SRC001,pp. 12-13,Rev. 6,,,"{""model"":""BD"",""wall_thickness_mm"":1.0,""transparent_only"":false,""radiopaque_variant_available"":true,""radiopaque_ordering_note"":""Catalog states REF + R = radiopaque where available.""}"
PRD-231DEF421E,MFR-6208838930,Novatech,Boston Medical Products,DUMON BD,DUMON BD Silicone Airway Stent,03821S,,,,,Airway stent,Silicone BD stent,Implant,Single-use,Sterile,Yes,Medical-grade silicone,Solid silicone,Rigid bronchoscopy,10 mm OD x 70 mm L,10,70,,,,,,One stent per carton,,Bronchial stent,Loaded with TONN NOVATECH stent applicator; exact applicator color/size must be checked in catalog/IFU.,Verified - manufacturer catalog,Prototype visible - reverify before production,SRC001,pp. 12-13,Rev. 6,,,"{""model"":""BD"",""wall_thickness_mm"":1.0,""transparent_only"":false,""radiopaque_variant_available"":true,""radiopaque_ordering_note"":""Catalog states REF + R = radiopaque where available.""}"
PRD-5AD92B5438,MFR-6208838930,Novatech,Boston Medical Products,DUMON BD,DUMON BD Silicone Airway Stent,03841S,,,,,Airway stent,Silicone BD stent,Implant,Single-use,Sterile,Yes,Medical-grade silicone,Solid silicone,Rigid bronchoscopy,11 mm OD x 20 mm L,11,20,,,,,,One stent per carton,,Bronchial stent,Loaded with TONN NOVATECH stent applicator; exact applicator color/size must be checked in catalog/IFU.,Verified - manufacturer catalog,Prototype visible - reverify before production,SRC001,pp. 12-13,Rev. 6,,,"{""model"":""BD"",""wall_thickness_mm"":1.0,""transparent_only"":false,""radiopaque_variant_available"":true,""radiopaque_ordering_note"":""Catalog states REF + R = radiopaque where available.""}"
PRD-241E54356E,MFR-6208838930,Novatech,Boston Medical Products,DUMON BD,DUMON BD Silicone Airway Stent,03861S,,,,,Airway stent,Silicone BD stent,Implant,Single-use,Sterile,Yes,Medical-grade silicone,Solid silicone,Rigid bronchoscopy,11 mm OD x 30 mm L,11,30,,,,,,One stent per carton,,Bronchial stent,Loaded with TONN NOVATECH stent applicator; exact applicator color/size must be checked in catalog/IFU.,Verified - manufacturer catalog,Prototype visible - reverify before production,SRC001,pp. 12-13,Rev. 6,,,"{""model"":""BD"",""wall_thickness_mm"":1.0,""transparent_only"":false,""radiopaque_variant_available"":true,""radiopaque_ordering_note"":""Catalog states REF + R = radiopaque where available.""}"
PRD-42804464C2,MFR-6208838930,Novatech,Boston Medical Products,DUMON BD,DUMON BD Silicone Airway Stent,03881S,,,,,Airway stent,Silicone BD stent,Implant,Single-use,Sterile,Yes,Medical-grade silicone,Solid silicone,Rigid bronchoscopy,11 mm OD x 40 mm L,11,40,,,,,,One stent per carton,,Bronchial stent,Loaded with TONN NOVATECH stent applicator; exact applicator color/size must be checked in catalog/IFU.,Verified - manufacturer catalog,Prototype visible - reverify before production,SRC001,pp. 12-13,Rev. 6,,,"{""model"":""BD"",""wall_thickness_mm"":1.0,""transparent_only"":false,""radiopaque_variant_available"":true,""radiopaque_ordering_note"":""Catalog states REF + R = radiopaque where available.""}"
PRD-408A683593,MFR-6208838930,Novatech,Boston Medical Products,DUMON BD,DUMON BD Silicone Airway Stent,03901S,,,,,Airway stent,Silicone BD stent,Implant,Single-use,Sterile,Yes,Medical-grade silicone,Solid silicone,Rigid bronchoscopy,11 mm OD x 50 mm L,11,50,,,,,,One stent per carton,,Bronchial stent,Loaded with TONN NOVATECH stent applicator; exact applicator color/size must be checked in catalog/IFU.,Verified - manufacturer catalog,Prototype visible - reverify before production,SRC001,pp. 12-13,Rev. 6,,,"{""model"":""BD"",""wall_thickness_mm"":1.0,""transparent_only"":false,""radiopaque_variant_available"":true,""radiopaque_ordering_note"":""Catalog states REF + R = radiopaque where available.""}"
PRD-CEFAA61748,MFR-6208838930,Novatech,Boston Medical Products,DUMON BD,DUMON BD Silicone Airway Stent,03921S,,,,,Airway stent,Silicone BD stent,Implant,Single-use,Sterile,Yes,Medical-grade silicone,Solid silicone,Rigid bronchoscopy,11 mm OD x 60 mm L,11,60,,,,,,One stent per carton,,Bronchial stent,Loaded with TONN NOVATECH stent applicator; exact applicator color/size must be checked in catalog/IFU.,Verified - manufacturer catalog,Prototype visible - reverify before production,SRC001,pp. 12-13,Rev. 6,,,"{""model"":""BD"",""wall_thickness_mm"":1.0,""transparent_only"":false,""radiopaque_variant_available"":true,""radiopaque_ordering_note"":""Catalog states REF + R = radiopaque where available.""}"
PRD-D76BFAD4AA,MFR-6208838930,Novatech,Boston Medical Products,DUMON BD,DUMON BD Silicone Airway Stent,03961S,,,,,Airway stent,Silicone BD stent,Implant,Single-use,Sterile,Yes,Medical-grade silicone,Solid silicone,Rigid bronchoscopy,12 mm OD x 20 mm L,12,20,,,,,,One stent per carton,,Bronchial stent,Loaded with TONN NOVATECH stent applicator; exact applicator color/size must be checked in catalog/IFU.,Verified - manufacturer catalog,Prototype visible - reverify before production,SRC001,pp. 12-13,Rev. 6,,,"{""model"":""BD"",""wall_thickness_mm"":1.0,""transparent_only"":false,""radiopaque_variant_available"":true,""radiopaque_ordering_note"":""Catalog states REF + R = radiopaque where available.""}"
PRD-66935DEE7B,MFR-6208838930,Novatech,Boston Medical Products,DUMON BD,DUMON BD Silicone Airway Stent,03981S,,,,,Airway stent,Silicone BD stent,Implant,Single-use,Sterile,Yes,Medical-grade silicone,Solid silicone,Rigid bronchoscopy,12 mm OD x 30 mm L,12,30,,,,,,One stent per carton,,Bronchial stent,Loaded with TONN NOVATECH stent applicator; exact applicator color/size must be checked in catalog/IFU.,Verified - manufacturer catalog,Prototype visible - reverify before production,SRC001,pp. 12-13,Rev. 6,,,"{""model"":""BD"",""wall_thickness_mm"":1.0,""transparent_only"":false,""radiopaque_variant_available"":true,""radiopaque_ordering_note"":""Catalog states REF + R = radiopaque where available.""}"
PRD-15E6B259A7,MFR-6208838930,Novatech,Boston Medical Products,DUMON BD,DUMON BD Silicone Airway Stent,04001S,,,,,Airway stent,Silicone BD stent,Implant,Single-use,Sterile,Yes,Medical-grade silicone,Solid silicone,Rigid bronchoscopy,12 mm OD x 40 mm L,12,40,,,,,,One stent per carton,,Bronchial stent,Loaded with TONN NOVATECH stent applicator; exact applicator color/size must be checked in catalog/IFU.,Verified - manufacturer catalog,Prototype visible - reverify before production,SRC001,pp. 12-13,Rev. 6,,,"{""model"":""BD"",""wall_thickness_mm"":1.0,""transparent_only"":false,""radiopaque_variant_available"":true,""radiopaque_ordering_note"":""Catalog states REF + R = radiopaque where available.""}"
PRD-2E1A3E4B68,MFR-6208838930,Novatech,Boston Medical Products,DUMON BD,DUMON BD Silicone Airway Stent,04021S,,,,,Airway stent,Silicone BD stent,Implant,Single-use,Sterile,Yes,Medical-grade silicone,Solid silicone,Rigid bronchoscopy,12 mm OD x 50 mm L,12,50,,,,,,One stent per carton,,Bronchial stent,Loaded with TONN NOVATECH stent applicator; exact applicator color/size must be checked in catalog/IFU.,Verified - manufacturer catalog,Prototype visible - reverify before production,SRC001,pp. 12-13,Rev. 6,,,"{""model"":""BD"",""wall_thickness_mm"":1.0,""transparent_only"":false,""radiopaque_variant_available"":true,""radiopaque_ordering_note"":""Catalog states REF + R = radiopaque where available.""}"
PRD-3FF143180F,MFR-6208838930,Novatech,Boston Medical Products,DUMON BD,DUMON BD Silicone Airway Stent,04041S,,,,,Airway stent,Silicone BD stent,Implant,Single-use,Sterile,Yes,Medical-grade silicone,Solid silicone,Rigid bronchoscopy,12 mm OD x 60 mm L,12,60,,,,,,One stent per carton,,Bronchial stent,Loaded with TONN NOVATECH stent applicator; exact applicator color/size must be checked in catalog/IFU.,Verified - manufacturer catalog,Prototype visible - reverify before production,SRC001,pp. 12-13,Rev. 6,,,"{""model"":""BD"",""wall_thickness_mm"":1.0,""transparent_only"":false,""radiopaque_variant_available"":true,""radiopaque_ordering_note"":""Catalog states REF + R = radiopaque where available.""}"
PRD-48CBAB53FF,MFR-6208838930,Novatech,Boston Medical Products,DUMON BD,DUMON BD Silicone Airway Stent,04051S,,,,,Airway stent,Silicone BD stent,Implant,Single-use,Sterile,Yes,Medical-grade silicone,Solid silicone,Rigid bronchoscopy,12 mm OD x 70 mm L,12,70,,,,,,One stent per carton,,Bronchial stent,Loaded with TONN NOVATECH stent applicator; exact applicator color/size must be checked in catalog/IFU.,Verified - manufacturer catalog,Prototype visible - reverify before production,SRC001,pp. 12-13,Rev. 6,,,"{""model"":""BD"",""wall_thickness_mm"":1.0,""transparent_only"":false,""radiopaque_variant_available"":true,""radiopaque_ordering_note"":""Catalog states REF + R = radiopaque where available.""}"
PRD-457AC85266,MFR-6208838930,Novatech,Boston Medical Products,DUMON BD,DUMON BD Silicone Airway Stent,04341S,,,,,Airway stent,Silicone BD stent,Implant,Single-use,Sterile,Yes,Medical-grade silicone,Solid silicone,Rigid bronchoscopy,9 mm OD x 30 mm L,9,30,,,,,,One stent per carton,,Bronchial stent,Loaded with TONN NOVATECH stent applicator; exact applicator color/size must be checked in catalog/IFU.,Verified - manufacturer catalog,Prototype visible - reverify before production,SRC001,pp. 12-13,Rev. 6,,,"{""model"":""BD"",""wall_thickness_mm"":1.0,""transparent_only"":false,""radiopaque_variant_available"":true,""radiopaque_ordering_note"":""Catalog states REF + R = radiopaque where available.""}"
PRD-9CE6425CE0,MFR-6208838930,Novatech,Boston Medical Products,DUMON BD,DUMON BD Silicone Airway Stent,04371S,,,,,Airway stent,Silicone BD stent,Implant,Single-use,Sterile,Yes,Medical-grade silicone,Solid silicone,Rigid bronchoscopy,9 mm OD x 40 mm L,9,40,,,,,,One stent per carton,,Bronchial stent,Loaded with TONN NOVATECH stent applicator; exact applicator color/size must be checked in catalog/IFU.,Verified - manufacturer catalog,Prototype visible - reverify before production,SRC001,pp. 12-13,Rev. 6,,,"{""model"":""BD"",""wall_thickness_mm"":1.0,""transparent_only"":false,""radiopaque_variant_available"":true,""radiopaque_ordering_note"":""Catalog states REF + R = radiopaque where available.""}"
PRD-863ABAE464,MFR-6208838930,Novatech,Boston Medical Products,DUMON BD,DUMON BD Silicone Airway Stent,04391S,,,,,Airway stent,Silicone BD stent,Implant,Single-use,Sterile,Yes,Medical-grade silicone,Solid silicone,Rigid bronchoscopy,9 mm OD x 50 mm L,9,50,,,,,,One stent per carton,,Bronchial stent,Loaded with TONN NOVATECH stent applicator; exact applicator color/size must be checked in catalog/IFU.,Verified - manufacturer catalog,Prototype visible - reverify before production,SRC001,pp. 12-13,Rev. 6,,,"{""model"":""BD"",""wall_thickness_mm"":1.0,""transparent_only"":false,""radiopaque_variant_available"":true,""radiopaque_ordering_note"":""Catalog states REF + R = radiopaque where available.""}"
PRD-65A15D079A,MFR-6208838930,Novatech,Boston Medical Products,DUMON BD,DUMON BD Silicone Airway Stent,04411S,,,,,Airway stent,Silicone BD stent,Implant,Single-use,Sterile,Yes,Medical-grade silicone,Solid silicone,Rigid bronchoscopy,9 mm OD x 60 mm L,9,60,,,,,,One stent per carton,,Bronchial stent,Loaded with TONN NOVATECH stent applicator; exact applicator color/size must be checked in catalog/IFU.,Verified - manufacturer catalog,Prototype visible - reverify before production,SRC001,pp. 12-13,Rev. 6,,,"{""model"":""BD"",""wall_thickness_mm"":1.0,""transparent_only"":false,""radiopaque_variant_available"":true,""radiopaque_ordering_note"":""Catalog states REF + R = radiopaque where available.""}"
PRD-5ACC570E45,MFR-6208838930,Novatech,Boston Medical Products,DUMON BD,DUMON BD Silicone Airway Stent,04421S,,,,,Airway stent,Silicone BD stent,Implant,Single-use,Sterile,Yes,Medical-grade silicone,Solid silicone,Rigid bronchoscopy,9 mm OD x 70 mm L,9,70,,,,,,One stent per carton,,Bronchial stent,Loaded with TONN NOVATECH stent applicator; exact applicator color/size must be checked in catalog/IFU.,Verified - manufacturer catalog,Prototype visible - reverify before production,SRC001,pp. 12-13,Rev. 6,,,"{""model"":""BD"",""wall_thickness_mm"":1.0,""transparent_only"":false,""radiopaque_variant_available"":true,""radiopaque_ordering_note"":""Catalog states REF + R = radiopaque where available.""}"
PRD-70B22ED90D,MFR-6208838930,Novatech,Boston Medical Products,DUMON ST,DUMON ST Hourglass Silicone Stent,09011S,,,,,Airway stent,Silicone hourglass stent,Implant,Single-use,Sterile,Yes,Medical-grade silicone,Solid silicone,Rigid bronchoscopy,16/14/16 mm OD; 15/20/15 mm segments,,,,,,,,One stent per carton,,,,Verified - manufacturer catalog,Prototype visible - reverify before production,SRC001,p. 14,Rev. 6,,,"{""od1_mm"":16,""od2_mm"":14,""od3_mm"":16,""l1_mm"":15,""l2_mm"":20,""l3_mm"":15,""wall_thickness_mm"":1.5,""radiopaque_variant_available"":true}"
PRD-D630FEC072,MFR-6208838930,Novatech,Boston Medical Products,DUMON ST,DUMON ST Hourglass Silicone Stent,09031S,,,,,Airway stent,Silicone hourglass stent,Implant,Single-use,Sterile,Yes,Medical-grade silicone,Solid silicone,Rigid bronchoscopy,14/12/14 mm OD; 15/20/15 mm segments,,,,,,,,One stent per carton,,,,Verified - manufacturer catalog,Prototype visible - reverify before production,SRC001,p. 14,Rev. 6,,,"{""od1_mm"":14,""od2_mm"":12,""od3_mm"":14,""l1_mm"":15,""l2_mm"":20,""l3_mm"":15,""wall_thickness_mm"":1.5,""radiopaque_variant_available"":true}"
PRD-32BD35D821,MFR-6208838930,Novatech,Boston Medical Products,DUMON ST,DUMON ST Hourglass Silicone Stent,09041S,,,,,Airway stent,Silicone hourglass stent,Implant,Single-use,Sterile,Yes,Medical-grade silicone,Solid silicone,Rigid bronchoscopy,12/10/12 mm OD; 15/20/15 mm segments,,,,,,,,One stent per carton,,,,Verified - manufacturer catalog,Prototype visible - reverify before production,SRC001,p. 14,Rev. 6,,,"{""od1_mm"":12,""od2_mm"":10,""od3_mm"":12,""l1_mm"":15,""l2_mm"":20,""l3_mm"":15,""wall_thickness_mm"":1.5,""radiopaque_variant_available"":true}"
PRD-CB29EF7937,MFR-6208838930,Novatech,Boston Medical Products,DUMON ST,DUMON ST Hourglass Silicone Stent,09051S,,,,,Airway stent,Silicone hourglass stent,Implant,Single-use,Sterile,Yes,Medical-grade silicone,Solid silicone,Rigid bronchoscopy,15/13/15 mm OD; 15/20/15 mm segments,,,,,,,,One stent per carton,,,,Verified - manufacturer catalog,Prototype visible - reverify before production,SRC001,p. 14,Rev. 6,,,"{""od1_mm"":15,""od2_mm"":13,""od3_mm"":15,""l1_mm"":15,""l2_mm"":20,""l3_mm"":15,""wall_thickness_mm"":1.5,""radiopaque_variant_available"":true}"
PRD-F0279D2028,MFR-6208838930,Novatech,Boston Medical Products,DUMON TD,DUMON TD Silicone Airway Stent,03001S,,,,,Airway stent,Silicone TD stent,Implant,Single-use,Sterile,Yes,Medical-grade silicone,Solid silicone,Rigid bronchoscopy,11 mm OD x 20 mm L,11,20,,,,,,One stent per carton,,Standard tracheal stent,Loaded with TONN NOVATECH stent applicator; exact applicator color/size must be checked in catalog/IFU.,Verified - manufacturer catalog,Prototype visible - reverify before production,SRC001,pp. 12-13,Rev. 6,,,"{""model"":""TD"",""wall_thickness_mm"":1.5,""transparent_only"":false,""radiopaque_variant_available"":true,""radiopaque_ordering_note"":""Catalog states REF + R = radiopaque where available.""}"
PRD-F63C06E063,MFR-6208838930,Novatech,Boston Medical Products,DUMON TD,DUMON TD Silicone Airway Stent,03021S,,,,,Airway stent,Silicone TD stent,Implant,Single-use,Sterile,Yes,Medical-grade silicone,Solid silicone,Rigid bronchoscopy,11 mm OD x 30 mm L,11,30,,,,,,One stent per carton,,Standard tracheal stent,Loaded with TONN NOVATECH stent applicator; exact applicator color/size must be checked in catalog/IFU.,Verified - manufacturer catalog,Prototype visible - reverify before production,SRC001,pp. 12-13,Rev. 6,,,"{""model"":""TD"",""wall_thickness_mm"":1.5,""transparent_only"":false,""radiopaque_variant_available"":true,""radiopaque_ordering_note"":""Catalog states REF + R = radiopaque where available.""}"
PRD-FCAC63DE74,MFR-6208838930,Novatech,Boston Medical Products,DUMON TD,DUMON TD Silicone Airway Stent,03041S,,,,,Airway stent,Silicone TD stent,Implant,Single-use,Sterile,Yes,Medical-grade silicone,Solid silicone,Rigid bronchoscopy,11 mm OD x 40 mm L,11,40,,,,,,One stent per carton,,Standard tracheal stent,Loaded with TONN NOVATECH stent applicator; exact applicator color/size must be checked in catalog/IFU.,Verified - manufacturer catalog,Prototype visible - reverify before production,SRC001,pp. 12-13,Rev. 6,,,"{""model"":""TD"",""wall_thickness_mm"":1.5,""transparent_only"":false,""radiopaque_variant_available"":true,""radiopaque_ordering_note"":""Catalog states REF + R = radiopaque where available.""}"
PRD-5A54E4A232,MFR-6208838930,Novatech,Boston Medical Products,DUMON TD,DUMON TD Silicone Airway Stent,03061S,,,,,Airway stent,Silicone TD stent,Implant,Single-use,Sterile,Yes,Medical-grade silicone,Solid silicone,Rigid bronchoscopy,11 mm OD x 50 mm L,11,50,,,,,,One stent per carton,,Standard tracheal stent,Loaded with TONN NOVATECH stent applicator; exact applicator color/size must be checked in catalog/IFU.,Verified - manufacturer catalog,Prototype visible - reverify before production,SRC001,pp. 12-13,Rev. 6,,,"{""model"":""TD"",""wall_thickness_mm"":1.5,""transparent_only"":false,""radiopaque_variant_available"":true,""radiopaque_ordering_note"":""Catalog states REF + R = radiopaque where available.""}"
PRD-DA69A8016A,MFR-6208838930,Novatech,Boston Medical Products,DUMON TD,DUMON TD Silicone Airway Stent,03081S,,,,,Airway stent,Silicone TD stent,Implant,Single-use,Sterile,Yes,Medical-grade silicone,Solid silicone,Rigid bronchoscopy,11 mm OD x 60 mm L,11,60,,,,,,One stent per carton,,Standard tracheal stent,Loaded with TONN NOVATECH stent applicator; exact applicator color/size must be checked in catalog/IFU.,Verified - manufacturer catalog,Prototype visible - reverify before production,SRC001,pp. 12-13,Rev. 6,,,"{""model"":""TD"",""wall_thickness_mm"":1.5,""transparent_only"":false,""radiopaque_variant_available"":true,""radiopaque_ordering_note"":""Catalog states REF + R = radiopaque where available.""}"
PRD-1339050168,MFR-6208838930,Novatech,Boston Medical Products,DUMON TD,DUMON TD Silicone Airway Stent,03101S,,,,,Airway stent,Silicone TD stent,Implant,Single-use,Sterile,Yes,Medical-grade silicone,Solid silicone,Rigid bronchoscopy,11 mm OD x 70 mm L,11,70,,,,,,One stent per carton,,Standard tracheal stent,Loaded with TONN NOVATECH stent applicator; exact applicator color/size must be checked in catalog/IFU.,Verified - manufacturer catalog,Prototype visible - reverify before production,SRC001,pp. 12-13,Rev. 6,,,"{""model"":""TD"",""wall_thickness_mm"":1.5,""transparent_only"":false,""radiopaque_variant_available"":true,""radiopaque_ordering_note"":""Catalog states REF + R = radiopaque where available.""}"
PRD-81E1C78F57,MFR-6208838930,Novatech,Boston Medical Products,DUMON TD,DUMON TD Silicone Airway Stent,03121S,,,,,Airway stent,Silicone TD stent,Implant,Single-use,Sterile,Yes,Medical-grade silicone,Solid silicone,Rigid bronchoscopy,12 mm OD x 20 mm L,12,20,,,,,,One stent per carton,,Standard tracheal stent,Loaded with TONN NOVATECH stent applicator; exact applicator color/size must be checked in catalog/IFU.,Verified - manufacturer catalog,Prototype visible - reverify before production,SRC001,pp. 12-13,Rev. 6,,,"{""model"":""TD"",""wall_thickness_mm"":1.5,""transparent_only"":false,""radiopaque_variant_available"":true,""radiopaque_ordering_note"":""Catalog states REF + R = radiopaque where available.""}"
PRD-E13F890A8D,MFR-6208838930,Novatech,Boston Medical Products,DUMON TD,DUMON TD Silicone Airway Stent,03141S,,,,,Airway stent,Silicone TD stent,Implant,Single-use,Sterile,Yes,Medical-grade silicone,Solid silicone,Rigid bronchoscopy,12 mm OD x 30 mm L,12,30,,,,,,One stent per carton,,Standard tracheal stent,Loaded with TONN NOVATECH stent applicator; exact applicator color/size must be checked in catalog/IFU.,Verified - manufacturer catalog,Prototype visible - reverify before production,SRC001,pp. 12-13,Rev. 6,,,"{""model"":""TD"",""wall_thickness_mm"":1.5,""transparent_only"":false,""radiopaque_variant_available"":true,""radiopaque_ordering_note"":""Catalog states REF + R = radiopaque where available.""}"
PRD-E03ACFD7C6,MFR-6208838930,Novatech,Boston Medical Products,DUMON TD,DUMON TD Silicone Airway Stent,03161S,,,,,Airway stent,Silicone TD stent,Implant,Single-use,Sterile,Yes,Medical-grade silicone,Solid silicone,Rigid bronchoscopy,12 mm OD x 40 mm L,12,40,,,,,,One stent per carton,,Standard tracheal stent,Loaded with TONN NOVATECH stent applicator; exact applicator color/size must be checked in catalog/IFU.,Verified - manufacturer catalog,Prototype visible - reverify before production,SRC001,pp. 12-13,Rev. 6,,,"{""model"":""TD"",""wall_thickness_mm"":1.5,""transparent_only"":false,""radiopaque_variant_available"":true,""radiopaque_ordering_note"":""Catalog states REF + R = radiopaque where available.""}"
PRD-9FDA372767,MFR-6208838930,Novatech,Boston Medical Products,DUMON TD,DUMON TD Silicone Airway Stent,03181S,,,,,Airway stent,Silicone TD stent,Implant,Single-use,Sterile,Yes,Medical-grade silicone,Solid silicone,Rigid bronchoscopy,12 mm OD x 50 mm L,12,50,,,,,,One stent per carton,,Standard tracheal stent,Loaded with TONN NOVATECH stent applicator; exact applicator color/size must be checked in catalog/IFU.,Verified - manufacturer catalog,Prototype visible - reverify before production,SRC001,pp. 12-13,Rev. 6,,,"{""model"":""TD"",""wall_thickness_mm"":1.5,""transparent_only"":false,""radiopaque_variant_available"":true,""radiopaque_ordering_note"":""Catalog states REF + R = radiopaque where available.""}"
PRD-24BB958E53,MFR-6208838930,Novatech,Boston Medical Products,DUMON TD,DUMON TD Silicone Airway Stent,03201S,,,,,Airway stent,Silicone TD stent,Implant,Single-use,Sterile,Yes,Medical-grade silicone,Solid silicone,Rigid bronchoscopy,12 mm OD x 60 mm L,12,60,,,,,,One stent per carton,,Standard tracheal stent,Loaded with TONN NOVATECH stent applicator; exact applicator color/size must be checked in catalog/IFU.,Verified - manufacturer catalog,Prototype visible - reverify before production,SRC001,pp. 12-13,Rev. 6,,,"{""model"":""TD"",""wall_thickness_mm"":1.5,""transparent_only"":false,""radiopaque_variant_available"":true,""radiopaque_ordering_note"":""Catalog states REF + R = radiopaque where available.""}"
PRD-35D1C951DD,MFR-6208838930,Novatech,Boston Medical Products,DUMON TD,DUMON TD Silicone Airway Stent,03221S,,,,,Airway stent,Silicone TD stent,Implant,Single-use,Sterile,Yes,Medical-grade silicone,Solid silicone,Rigid bronchoscopy,12 mm OD x 70 mm L,12,70,,,,,,One stent per carton,,Standard tracheal stent,Loaded with TONN NOVATECH stent applicator; exact applicator color/size must be checked in catalog/IFU.,Verified - manufacturer catalog,Prototype visible - reverify before production,SRC001,pp. 12-13,Rev. 6,,,"{""model"":""TD"",""wall_thickness_mm"":1.5,""transparent_only"":false,""radiopaque_variant_available"":true,""radiopaque_ordering_note"":""Catalog states REF + R = radiopaque where available.""}"
PRD-8C4F3E180E,MFR-6208838930,Novatech,Boston Medical Products,DUMON TD,DUMON TD Silicone Airway Stent,03231S,,,,,Airway stent,Silicone TD stent,Implant,Single-use,Sterile,Yes,Medical-grade silicone,Solid silicone,Rigid bronchoscopy,12 mm OD x 80 mm L,12,80,,,,,,One stent per carton,,Standard tracheal stent,Loaded with TONN NOVATECH stent applicator; exact applicator color/size must be checked in catalog/IFU.,Verified - manufacturer catalog,Prototype visible - reverify before production,SRC001,pp. 12-13,Rev. 6,,,"{""model"":""TD"",""wall_thickness_mm"":1.5,""transparent_only"":false,""radiopaque_variant_available"":true,""radiopaque_ordering_note"":""Catalog states REF + R = radiopaque where available.""}"
PRD-7C94BF3D70,MFR-6208838930,Novatech,Boston Medical Products,DUMON TD,DUMON TD Silicone Airway Stent,03261S,,,,,Airway stent,Silicone TD stent,Implant,Single-use,Sterile,Yes,Medical-grade silicone,Solid silicone,Rigid bronchoscopy,13 mm OD x 30 mm L,13,30,,,,,,One stent per carton,,Standard tracheal stent,Loaded with TONN NOVATECH stent applicator; exact applicator color/size must be checked in catalog/IFU.,Verified - manufacturer catalog,Prototype visible - reverify before production,SRC001,pp. 12-13,Rev. 6,,,"{""model"":""TD"",""wall_thickness_mm"":1.5,""transparent_only"":false,""radiopaque_variant_available"":true,""radiopaque_ordering_note"":""Catalog states REF + R = radiopaque where available.""}"
PRD-50F36C0CF9,MFR-6208838930,Novatech,Boston Medical Products,DUMON TD,DUMON TD Silicone Airway Stent,03281S,,,,,Airway stent,Silicone TD stent,Implant,Single-use,Sterile,Yes,Medical-grade silicone,Solid silicone,Rigid bronchoscopy,13 mm OD x 40 mm L,13,40,,,,,,One stent per carton,,Standard tracheal stent,Loaded with TONN NOVATECH stent applicator; exact applicator color/size must be checked in catalog/IFU.,Verified - manufacturer catalog,Prototype visible - reverify before production,SRC001,pp. 12-13,Rev. 6,,,"{""model"":""TD"",""wall_thickness_mm"":1.5,""transparent_only"":false,""radiopaque_variant_available"":true,""radiopaque_ordering_note"":""Catalog states REF + R = radiopaque where available.""}"
PRD-57CB9C3B69,MFR-6208838930,Novatech,Boston Medical Products,DUMON TD,DUMON TD Silicone Airway Stent,03301S,,,,,Airway stent,Silicone TD stent,Implant,Single-use,Sterile,Yes,Medical-grade silicone,Solid silicone,Rigid bronchoscopy,13 mm OD x 50 mm L,13,50,,,,,,One stent per carton,,Standard tracheal stent,Loaded with TONN NOVATECH stent applicator; exact applicator color/size must be checked in catalog/IFU.,Verified - manufacturer catalog,Prototype visible - reverify before production,SRC001,pp. 12-13,Rev. 6,,,"{""model"":""TD"",""wall_thickness_mm"":1.5,""transparent_only"":false,""radiopaque_variant_available"":true,""radiopaque_ordering_note"":""Catalog states REF + R = radiopaque where available.""}"
PRD-0B65831FF3,MFR-6208838930,Novatech,Boston Medical Products,DUMON TD,DUMON TD Silicone Airway Stent,03321S,,,,,Airway stent,Silicone TD stent,Implant,Single-use,Sterile,Yes,Medical-grade silicone,Solid silicone,Rigid bronchoscopy,13 mm OD x 60 mm L,13,60,,,,,,One stent per carton,,Standard tracheal stent,Loaded with TONN NOVATECH stent applicator; exact applicator color/size must be checked in catalog/IFU.,Verified - manufacturer catalog,Prototype visible - reverify before production,SRC001,pp. 12-13,Rev. 6,,,"{""model"":""TD"",""wall_thickness_mm"":1.5,""transparent_only"":false,""radiopaque_variant_available"":true,""radiopaque_ordering_note"":""Catalog states REF + R = radiopaque where available.""}"
PRD-69CC9C6D05,MFR-6208838930,Novatech,Boston Medical Products,DUMON TD,DUMON TD Silicone Airway Stent,03341S,,,,,Airway stent,Silicone TD stent,Implant,Single-use,Sterile,Yes,Medical-grade silicone,Solid silicone,Rigid bronchoscopy,13 mm OD x 70 mm L,13,70,,,,,,One stent per carton,,Standard tracheal stent,Loaded with TONN NOVATECH stent applicator; exact applicator color/size must be checked in catalog/IFU.,Verified - manufacturer catalog,Prototype visible - reverify before production,SRC001,pp. 12-13,Rev. 6,,,"{""model"":""TD"",""wall_thickness_mm"":1.5,""transparent_only"":false,""radiopaque_variant_available"":true,""radiopaque_ordering_note"":""Catalog states REF + R = radiopaque where available.""}"
PRD-246C3ADE5E,MFR-6208838930,Novatech,Boston Medical Products,DUMON TD,DUMON TD Silicone Airway Stent,03381S,,,,,Airway stent,Silicone TD stent,Implant,Single-use,Sterile,Yes,Medical-grade silicone,Solid silicone,Rigid bronchoscopy,14 mm OD x 30 mm L,14,30,,,,,,One stent per carton,,Standard tracheal stent,Loaded with TONN NOVATECH stent applicator; exact applicator color/size must be checked in catalog/IFU.,Verified - manufacturer catalog,Prototype visible - reverify before production,SRC001,pp. 12-13,Rev. 6,,,"{""model"":""TD"",""wall_thickness_mm"":1.5,""transparent_only"":false,""radiopaque_variant_available"":true,""radiopaque_ordering_note"":""Catalog states REF + R = radiopaque where available.""}"
PRD-861D4EA14A,MFR-6208838930,Novatech,Boston Medical Products,DUMON TD,DUMON TD Silicone Airway Stent,03401S,,,,,Airway stent,Silicone TD stent,Implant,Single-use,Sterile,Yes,Medical-grade silicone,Solid silicone,Rigid bronchoscopy,14 mm OD x 40 mm L,14,40,,,,,,One stent per carton,,Standard tracheal stent,Loaded with TONN NOVATECH stent applicator; exact applicator color/size must be checked in catalog/IFU.,Verified - manufacturer catalog,Prototype visible - reverify before production,SRC001,pp. 12-13,Rev. 6,,,"{""model"":""TD"",""wall_thickness_mm"":1.5,""transparent_only"":false,""radiopaque_variant_available"":true,""radiopaque_ordering_note"":""Catalog states REF + R = radiopaque where available.""}"
PRD-128B8E1F80,MFR-6208838930,Novatech,Boston Medical Products,DUMON TD,DUMON TD Silicone Airway Stent,03421S,,,,,Airway stent,Silicone TD stent,Implant,Single-use,Sterile,Yes,Medical-grade silicone,Solid silicone,Rigid bronchoscopy,14 mm OD x 50 mm L,14,50,,,,,,One stent per carton,,Standard tracheal stent,Loaded with TONN NOVATECH stent applicator; exact applicator color/size must be checked in catalog/IFU.,Verified - manufacturer catalog,Prototype visible - reverify before production,SRC001,pp. 12-13,Rev. 6,,,"{""model"":""TD"",""wall_thickness_mm"":1.5,""transparent_only"":false,""radiopaque_variant_available"":true,""radiopaque_ordering_note"":""Catalog states REF + R = radiopaque where available.""}"
PRD-5955133BB7,MFR-6208838930,Novatech,Boston Medical Products,DUMON TD,DUMON TD Silicone Airway Stent,03441S,,,,,Airway stent,Silicone TD stent,Implant,Single-use,Sterile,Yes,Medical-grade silicone,Solid silicone,Rigid bronchoscopy,14 mm OD x 60 mm L,14,60,,,,,,One stent per carton,,Standard tracheal stent,Loaded with TONN NOVATECH stent applicator; exact applicator color/size must be checked in catalog/IFU.,Verified - manufacturer catalog,Prototype visible - reverify before production,SRC001,pp. 12-13,Rev. 6,,,"{""model"":""TD"",""wall_thickness_mm"":1.5,""transparent_only"":false,""radiopaque_variant_available"":true,""radiopaque_ordering_note"":""Catalog states REF + R = radiopaque where available.""}"
PRD-1C368932FF,MFR-6208838930,Novatech,Boston Medical Products,DUMON TD,DUMON TD Silicone Airway Stent,03461S,,,,,Airway stent,Silicone TD stent,Implant,Single-use,Sterile,Yes,Medical-grade silicone,Solid silicone,Rigid bronchoscopy,14 mm OD x 70 mm L,14,70,,,,,,One stent per carton,,Standard tracheal stent,Loaded with TONN NOVATECH stent applicator; exact applicator color/size must be checked in catalog/IFU.,Verified - manufacturer catalog,Prototype visible - reverify before production,SRC001,pp. 12-13,Rev. 6,,,"{""model"":""TD"",""wall_thickness_mm"":1.5,""transparent_only"":false,""radiopaque_variant_available"":true,""radiopaque_ordering_note"":""Catalog states REF + R = radiopaque where available.""}"
PRD-F2F9633FBF,MFR-6208838930,Novatech,Boston Medical Products,DUMON TD,DUMON TD Silicone Airway Stent,03491S,,,,,Airway stent,Silicone TD stent,Implant,Single-use,Sterile,Yes,Medical-grade silicone,Solid silicone,Rigid bronchoscopy,15 mm OD x 100 mm L,15,100,,,,,,One stent per carton,,Standard tracheal stent,Loaded with TONN NOVATECH stent applicator; exact applicator color/size must be checked in catalog/IFU.,Verified - manufacturer catalog,Prototype visible - reverify before production,SRC001,pp. 12-13,Rev. 6,,,"{""model"":""TD"",""wall_thickness_mm"":1.5,""transparent_only"":false,""radiopaque_variant_available"":true,""radiopaque_ordering_note"":""Catalog states REF + R = radiopaque where available.""}"
PRD-23D7DAB53A,MFR-6208838930,Novatech,Boston Medical Products,DUMON TD,DUMON TD Silicone Airway Stent,03501S,,,,,Airway stent,Silicone TD stent,Implant,Single-use,Sterile,Yes,Medical-grade silicone,Solid silicone,Rigid bronchoscopy,15 mm OD x 110 mm L,15,110,,,,,,One stent per carton,,Standard tracheal stent,Loaded with TONN NOVATECH stent applicator; exact applicator color/size must be checked in catalog/IFU.,Verified - manufacturer catalog,Prototype visible - reverify before production,SRC001,pp. 12-13,Rev. 6,,,"{""model"":""TD"",""wall_thickness_mm"":1.5,""transparent_only"":false,""radiopaque_variant_available"":true,""radiopaque_ordering_note"":""Catalog states REF + R = radiopaque where available.""}"
PRD-00FC2A29AC,MFR-6208838930,Novatech,Boston Medical Products,DUMON TD,DUMON TD Silicone Airway Stent,03531S,,,,,Airway stent,Silicone TD stent,Implant,Single-use,Sterile,Yes,Medical-grade silicone,Solid silicone,Rigid bronchoscopy,15 mm OD x 30 mm L,15,30,,,,,,One stent per carton,,Standard tracheal stent,Loaded with TONN NOVATECH stent applicator; exact applicator color/size must be checked in catalog/IFU.,Verified - manufacturer catalog,Prototype visible - reverify before production,SRC001,pp. 12-13,Rev. 6,,,"{""model"":""TD"",""wall_thickness_mm"":1.5,""transparent_only"":false,""radiopaque_variant_available"":true,""radiopaque_ordering_note"":""Catalog states REF + R = radiopaque where available.""}"
PRD-5A90A3DABC,MFR-6208838930,Novatech,Boston Medical Products,DUMON TD,DUMON TD Silicone Airway Stent,03541S,,,,,Airway stent,Silicone TD stent,Implant,Single-use,Sterile,Yes,Medical-grade silicone,Solid silicone,Rigid bronchoscopy,15 mm OD x 40 mm L,15,40,,,,,,One stent per carton,,Standard tracheal stent,Loaded with TONN NOVATECH stent applicator; exact applicator color/size must be checked in catalog/IFU.,Verified - manufacturer catalog,Prototype visible - reverify before production,SRC001,pp. 12-13,Rev. 6,,,"{""model"":""TD"",""wall_thickness_mm"":1.5,""transparent_only"":false,""radiopaque_variant_available"":true,""radiopaque_ordering_note"":""Catalog states REF + R = radiopaque where available.""}"
PRD-AC566D2949,MFR-6208838930,Novatech,Boston Medical Products,DUMON TD,DUMON TD Silicone Airway Stent,03551S,,,,,Airway stent,Silicone TD stent,Implant,Single-use,Sterile,Yes,Medical-grade silicone,Solid silicone,Rigid bronchoscopy,15 mm OD x 50 mm L,15,50,,,,,,One stent per carton,,Standard tracheal stent,Loaded with TONN NOVATECH stent applicator; exact applicator color/size must be checked in catalog/IFU.,Verified - manufacturer catalog,Prototype visible - reverify before production,SRC001,pp. 12-13,Rev. 6,,,"{""model"":""TD"",""wall_thickness_mm"":1.5,""transparent_only"":false,""radiopaque_variant_available"":true,""radiopaque_ordering_note"":""Catalog states REF + R = radiopaque where available.""}"
PRD-BE0B6A0B53,MFR-6208838930,Novatech,Boston Medical Products,DUMON TD,DUMON TD Silicone Airway Stent,03561S,,,,,Airway stent,Silicone TD stent,Implant,Single-use,Sterile,Yes,Medical-grade silicone,Solid silicone,Rigid bronchoscopy,15 mm OD x 60 mm L,15,60,,,,,,One stent per carton,,Standard tracheal stent,Loaded with TONN NOVATECH stent applicator; exact applicator color/size must be checked in catalog/IFU.,Verified - manufacturer catalog,Prototype visible - reverify before production,SRC001,pp. 12-13,Rev. 6,,,"{""model"":""TD"",""wall_thickness_mm"":1.5,""transparent_only"":false,""radiopaque_variant_available"":true,""radiopaque_ordering_note"":""Catalog states REF + R = radiopaque where available.""}"
PRD-8532C675A6,MFR-6208838930,Novatech,Boston Medical Products,DUMON TD,DUMON TD Silicone Airway Stent,03571S,,,,,Airway stent,Silicone TD stent,Implant,Single-use,Sterile,Yes,Medical-grade silicone,Solid silicone,Rigid bronchoscopy,15 mm OD x 70 mm L,15,70,,,,,,One stent per carton,,Standard tracheal stent,Loaded with TONN NOVATECH stent applicator; exact applicator color/size must be checked in catalog/IFU.,Verified - manufacturer catalog,Prototype visible - reverify before production,SRC001,pp. 12-13,Rev. 6,,,"{""model"":""TD"",""wall_thickness_mm"":1.5,""transparent_only"":false,""radiopaque_variant_available"":true,""radiopaque_ordering_note"":""Catalog states REF + R = radiopaque where available.""}"
PRD-EC55EE1E59,MFR-6208838930,Novatech,Boston Medical Products,DUMON TD,DUMON TD Silicone Airway Stent,03581S,,,,,Airway stent,Silicone TD stent,Implant,Single-use,Sterile,Yes,Medical-grade silicone,Solid silicone,Rigid bronchoscopy,15 mm OD x 80 mm L,15,80,,,,,,One stent per carton,,Standard tracheal stent,Loaded with TONN NOVATECH stent applicator; exact applicator color/size must be checked in catalog/IFU.,Verified - manufacturer catalog,Prototype visible - reverify before production,SRC001,pp. 12-13,Rev. 6,,,"{""model"":""TD"",""wall_thickness_mm"":1.5,""transparent_only"":false,""radiopaque_variant_available"":true,""radiopaque_ordering_note"":""Catalog states REF + R = radiopaque where available.""}"
PRD-E07985974F,MFR-6208838930,Novatech,Boston Medical Products,DUMON TD,DUMON TD Silicone Airway Stent,03591S,,,,,Airway stent,Silicone TD stent,Implant,Single-use,Sterile,Yes,Medical-grade silicone,Solid silicone,Rigid bronchoscopy,15 mm OD x 90 mm L,15,90,,,,,,One stent per carton,,Standard tracheal stent,Loaded with TONN NOVATECH stent applicator; exact applicator color/size must be checked in catalog/IFU.,Verified - manufacturer catalog,Prototype visible - reverify before production,SRC001,pp. 12-13,Rev. 6,,,"{""model"":""TD"",""wall_thickness_mm"":1.5,""transparent_only"":false,""radiopaque_variant_available"":true,""radiopaque_ordering_note"":""Catalog states REF + R = radiopaque where available.""}"
PRD-BE121B185B,MFR-6208838930,Novatech,Boston Medical Products,DUMON TD,DUMON TD Silicone Airway Stent,03621S,,,,,Airway stent,Silicone TD stent,Implant,Single-use,Sterile,Yes,Medical-grade silicone,Solid silicone,Rigid bronchoscopy,16 mm OD x 30 mm L,16,30,,,,,,One stent per carton,,Standard tracheal stent,Loaded with TONN NOVATECH stent applicator; exact applicator color/size must be checked in catalog/IFU.,Verified - manufacturer catalog,Prototype visible - reverify before production,SRC001,pp. 12-13,Rev. 6,,,"{""model"":""TD"",""wall_thickness_mm"":1.5,""transparent_only"":false,""radiopaque_variant_available"":true,""radiopaque_ordering_note"":""Catalog states REF + R = radiopaque where available.""}"
PRD-F54BF5D38E,MFR-6208838930,Novatech,Boston Medical Products,DUMON TD,DUMON TD Silicone Airway Stent,03641S,,,,,Airway stent,Silicone TD stent,Implant,Single-use,Sterile,Yes,Medical-grade silicone,Solid silicone,Rigid bronchoscopy,16 mm OD x 40 mm L,16,40,,,,,,One stent per carton,,Standard tracheal stent,Loaded with TONN NOVATECH stent applicator; exact applicator color/size must be checked in catalog/IFU.,Verified - manufacturer catalog,Prototype visible - reverify before production,SRC001,pp. 12-13,Rev. 6,,,"{""model"":""TD"",""wall_thickness_mm"":1.5,""transparent_only"":false,""radiopaque_variant_available"":true,""radiopaque_ordering_note"":""Catalog states REF + R = radiopaque where available.""}"
PRD-DC7E693F2A,MFR-6208838930,Novatech,Boston Medical Products,DUMON TD,DUMON TD Silicone Airway Stent,03661S,,,,,Airway stent,Silicone TD stent,Implant,Single-use,Sterile,Yes,Medical-grade silicone,Solid silicone,Rigid bronchoscopy,16 mm OD x 50 mm L,16,50,,,,,,One stent per carton,,Standard tracheal stent,Loaded with TONN NOVATECH stent applicator; exact applicator color/size must be checked in catalog/IFU.,Verified - manufacturer catalog,Prototype visible - reverify before production,SRC001,pp. 12-13,Rev. 6,,,"{""model"":""TD"",""wall_thickness_mm"":1.5,""transparent_only"":false,""radiopaque_variant_available"":true,""radiopaque_ordering_note"":""Catalog states REF + R = radiopaque where available.""}"
PRD-B5A96A4F81,MFR-6208838930,Novatech,Boston Medical Products,DUMON TD,DUMON TD Silicone Airway Stent,03681S,,,,,Airway stent,Silicone TD stent,Implant,Single-use,Sterile,Yes,Medical-grade silicone,Solid silicone,Rigid bronchoscopy,16 mm OD x 60 mm L,16,60,,,,,,One stent per carton,,Standard tracheal stent,Loaded with TONN NOVATECH stent applicator; exact applicator color/size must be checked in catalog/IFU.,Verified - manufacturer catalog,Prototype visible - reverify before production,SRC001,pp. 12-13,Rev. 6,,,"{""model"":""TD"",""wall_thickness_mm"":1.5,""transparent_only"":false,""radiopaque_variant_available"":true,""radiopaque_ordering_note"":""Catalog states REF + R = radiopaque where available.""}"
PRD-A412BD40C1,MFR-6208838930,Novatech,Boston Medical Products,DUMON TD,DUMON TD Silicone Airway Stent,03701S,,,,,Airway stent,Silicone TD stent,Implant,Single-use,Sterile,Yes,Medical-grade silicone,Solid silicone,Rigid bronchoscopy,16 mm OD x 70 mm L,16,70,,,,,,One stent per carton,,Standard tracheal stent,Loaded with TONN NOVATECH stent applicator; exact applicator color/size must be checked in catalog/IFU.,Verified - manufacturer catalog,Prototype visible - reverify before production,SRC001,pp. 12-13,Rev. 6,,,"{""model"":""TD"",""wall_thickness_mm"":1.5,""transparent_only"":false,""radiopaque_variant_available"":true,""radiopaque_ordering_note"":""Catalog states REF + R = radiopaque where available.""}"
PRD-DBCBF4AF27,MFR-6208838930,Novatech,Boston Medical Products,DUMON TD,DUMON TD Silicone Airway Stent,04141S,,,,,Airway stent,Silicone TD stent,Implant,Single-use,Sterile,Yes,Medical-grade silicone,Solid silicone,Rigid bronchoscopy,18 mm OD x 40 mm L,18,40,,,,,,One stent per carton,,Standard tracheal stent,Loaded with TONN NOVATECH stent applicator; exact applicator color/size must be checked in catalog/IFU.,Verified - manufacturer catalog,Prototype visible - reverify before production,SRC001,pp. 12-13,Rev. 6,,,"{""model"":""TD"",""wall_thickness_mm"":1.5,""transparent_only"":false,""radiopaque_variant_available"":true,""radiopaque_ordering_note"":""Catalog states REF + R = radiopaque where available.""}"
PRD-4D5E28D425,MFR-6208838930,Novatech,Boston Medical Products,DUMON TD,DUMON TD Silicone Airway Stent,04151S,,,,,Airway stent,Silicone TD stent,Implant,Single-use,Sterile,Yes,Medical-grade silicone,Solid silicone,Rigid bronchoscopy,18 mm OD x 50 mm L,18,50,,,,,,One stent per carton,,Standard tracheal stent,Loaded with TONN NOVATECH stent applicator; exact applicator color/size must be checked in catalog/IFU.,Verified - manufacturer catalog,Prototype visible - reverify before production,SRC001,pp. 12-13,Rev. 6,,,"{""model"":""TD"",""wall_thickness_mm"":1.5,""transparent_only"":false,""radiopaque_variant_available"":true,""radiopaque_ordering_note"":""Catalog states REF + R = radiopaque where available.""}"
PRD-44839F0522,MFR-6208838930,Novatech,Boston Medical Products,DUMON TD,DUMON TD Silicone Airway Stent,04281S,,,,,Airway stent,Silicone TD stent,Implant,Single-use,Sterile,Yes,Medical-grade silicone,Solid silicone,Rigid bronchoscopy,16 mm OD x 80 mm L,16,80,,,,,,One stent per carton,,Standard tracheal stent,Loaded with TONN NOVATECH stent applicator; exact applicator color/size must be checked in catalog/IFU.,Verified - manufacturer catalog,Prototype visible - reverify before production,SRC001,pp. 12-13,Rev. 6,,,"{""model"":""TD"",""wall_thickness_mm"":1.5,""transparent_only"":false,""radiopaque_variant_available"":true,""radiopaque_ordering_note"":""Catalog states REF + R = radiopaque where available.""}"
PRD-F010140B5E,MFR-6208838930,Novatech,Boston Medical Products,DUMON TD,DUMON TD Silicone Airway Stent,04291S,,,,,Airway stent,Silicone TD stent,Implant,Single-use,Sterile,Yes,Medical-grade silicone,Solid silicone,Rigid bronchoscopy,16 mm OD x 90 mm L,16,90,,,,,,One stent per carton,,Standard tracheal stent,Loaded with TONN NOVATECH stent applicator; exact applicator color/size must be checked in catalog/IFU.,Verified - manufacturer catalog,Prototype visible - reverify before production,SRC001,pp. 12-13,Rev. 6,,,"{""model"":""TD"",""wall_thickness_mm"":1.5,""transparent_only"":false,""radiopaque_variant_available"":true,""radiopaque_ordering_note"":""Catalog states REF + R = radiopaque where available.""}"
PRD-26A160D11E,MFR-6208838930,Novatech,Boston Medical Products,DUMON TD,DUMON TD Silicone Airway Stent,04301S,,,,,Airway stent,Silicone TD stent,Implant,Single-use,Sterile,Yes,Medical-grade silicone,Solid silicone,Rigid bronchoscopy,16 mm OD x 100 mm L,16,100,,,,,,One stent per carton,,Standard tracheal stent,Loaded with TONN NOVATECH stent applicator; exact applicator color/size must be checked in catalog/IFU.,Verified - manufacturer catalog,Prototype visible - reverify before production,SRC001,pp. 12-13,Rev. 6,,,"{""model"":""TD"",""wall_thickness_mm"":1.5,""transparent_only"":false,""radiopaque_variant_available"":true,""radiopaque_ordering_note"":""Catalog states REF + R = radiopaque where available.""}"
PRD-071D7736C1,MFR-6208838930,Novatech,Boston Medical Products,DUMON TD,DUMON TD Silicone Airway Stent,04311S,,,,,Airway stent,Silicone TD stent,Implant,Single-use,Sterile,Yes,Medical-grade silicone,Solid silicone,Rigid bronchoscopy,16 mm OD x 110 mm L,16,110,,,,,,One stent per carton,,Standard tracheal stent,Loaded with TONN NOVATECH stent applicator; exact applicator color/size must be checked in catalog/IFU.,Verified - manufacturer catalog,Prototype visible - reverify before production,SRC001,pp. 12-13,Rev. 6,,,"{""model"":""TD"",""wall_thickness_mm"":1.5,""transparent_only"":false,""radiopaque_variant_available"":true,""radiopaque_ordering_note"":""Catalog states REF + R = radiopaque where available.""}"
PRD-1F9597C1B1,MFR-6208838930,Novatech,Boston Medical Products,DUMON TF,DUMON TF Silicone Airway Stent,03141FS,,,,,Airway stent,Silicone TF stent,Implant,Single-use,Sterile,Yes,Medical-grade silicone,Solid silicone,Rigid bronchoscopy,12 mm OD x 30 mm L,12,30,,,,,,One stent per carton,,Thin-wall tracheal stent,Loaded with TONN NOVATECH stent applicator; exact applicator color/size must be checked in catalog/IFU.,Verified - manufacturer catalog,Prototype visible - reverify before production,SRC001,pp. 12-13,Rev. 6,,,"{""model"":""TF"",""wall_thickness_mm"":1.0,""transparent_only"":true,""radiopaque_variant_available"":false,""radiopaque_ordering_note"":""Catalog states REF + R = radiopaque where available.""}"
PRD-94C76DB87E,MFR-6208838930,Novatech,Boston Medical Products,DUMON TF,DUMON TF Silicone Airway Stent,03161FS,,,,,Airway stent,Silicone TF stent,Implant,Single-use,Sterile,Yes,Medical-grade silicone,Solid silicone,Rigid bronchoscopy,12 mm OD x 40 mm L,12,40,,,,,,One stent per carton,,Thin-wall tracheal stent,Loaded with TONN NOVATECH stent applicator; exact applicator color/size must be checked in catalog/IFU.,Verified - manufacturer catalog,Prototype visible - reverify before production,SRC001,pp. 12-13,Rev. 6,,,"{""model"":""TF"",""wall_thickness_mm"":1.0,""transparent_only"":true,""radiopaque_variant_available"":false,""radiopaque_ordering_note"":""Catalog states REF + R = radiopaque where available.""}"
PRD-946F2F821B,MFR-6208838930,Novatech,Boston Medical Products,DUMON TF,DUMON TF Silicone Airway Stent,03261FS,,,,,Airway stent,Silicone TF stent,Implant,Single-use,Sterile,Yes,Medical-grade silicone,Solid silicone,Rigid bronchoscopy,13 mm OD x 30 mm L,13,30,,,,,,One stent per carton,,Thin-wall tracheal stent,Loaded with TONN NOVATECH stent applicator; exact applicator color/size must be checked in catalog/IFU.,Verified - manufacturer catalog,Prototype visible - reverify before production,SRC001,pp. 12-13,Rev. 6,,,"{""model"":""TF"",""wall_thickness_mm"":1.0,""transparent_only"":false,""radiopaque_variant_available"":true,""radiopaque_ordering_note"":""Catalog states REF + R = radiopaque where available.""}"
PRD-704850C991,MFR-6208838930,Novatech,Boston Medical Products,DUMON TF,DUMON TF Silicone Airway Stent,03281FS,,,,,Airway stent,Silicone TF stent,Implant,Single-use,Sterile,Yes,Medical-grade silicone,Solid silicone,Rigid bronchoscopy,13 mm OD x 40 mm L,13,40,,,,,,One stent per carton,,Thin-wall tracheal stent,Loaded with TONN NOVATECH stent applicator; exact applicator color/size must be checked in catalog/IFU.,Verified - manufacturer catalog,Prototype visible - reverify before production,SRC001,pp. 12-13,Rev. 6,,,"{""model"":""TF"",""wall_thickness_mm"":1.0,""transparent_only"":false,""radiopaque_variant_available"":true,""radiopaque_ordering_note"":""Catalog states REF + R = radiopaque where available.""}"
PRD-394135E376,MFR-6208838930,Novatech,Boston Medical Products,DUMON TF,DUMON TF Silicone Airway Stent,03301FS,,,,,Airway stent,Silicone TF stent,Implant,Single-use,Sterile,Yes,Medical-grade silicone,Solid silicone,Rigid bronchoscopy,13 mm OD x 50 mm L,13,50,,,,,,One stent per carton,,Thin-wall tracheal stent,Loaded with TONN NOVATECH stent applicator; exact applicator color/size must be checked in catalog/IFU.,Verified - manufacturer catalog,Prototype visible - reverify before production,SRC001,pp. 12-13,Rev. 6,,,"{""model"":""TF"",""wall_thickness_mm"":1.0,""transparent_only"":false,""radiopaque_variant_available"":true,""radiopaque_ordering_note"":""Catalog states REF + R = radiopaque where available.""}"
PRD-014290DBD6,MFR-6208838930,Novatech,Boston Medical Products,DUMON TF,DUMON TF Silicone Airway Stent,03321FS,,,,,Airway stent,Silicone TF stent,Implant,Single-use,Sterile,Yes,Medical-grade silicone,Solid silicone,Rigid bronchoscopy,13 mm OD x 60 mm L,13,60,,,,,,One stent per carton,,Thin-wall tracheal stent,Loaded with TONN NOVATECH stent applicator; exact applicator color/size must be checked in catalog/IFU.,Verified - manufacturer catalog,Prototype visible - reverify before production,SRC001,pp. 12-13,Rev. 6,,,"{""model"":""TF"",""wall_thickness_mm"":1.0,""transparent_only"":false,""radiopaque_variant_available"":true,""radiopaque_ordering_note"":""Catalog states REF + R = radiopaque where available.""}"
PRD-83292E8BA3,MFR-6208838930,Novatech,Boston Medical Products,DUMON TF,DUMON TF Silicone Airway Stent,03341FS,,,,,Airway stent,Silicone TF stent,Implant,Single-use,Sterile,Yes,Medical-grade silicone,Solid silicone,Rigid bronchoscopy,13 mm OD x 70 mm L,13,70,,,,,,One stent per carton,,Thin-wall tracheal stent,Loaded with TONN NOVATECH stent applicator; exact applicator color/size must be checked in catalog/IFU.,Verified - manufacturer catalog,Prototype visible - reverify before production,SRC001,pp. 12-13,Rev. 6,,,"{""model"":""TF"",""wall_thickness_mm"":1.0,""transparent_only"":false,""radiopaque_variant_available"":true,""radiopaque_ordering_note"":""Catalog states REF + R = radiopaque where available.""}"
PRD-E91BAEC04F,MFR-6208838930,Novatech,Boston Medical Products,DUMON TF,DUMON TF Silicone Airway Stent,03381FS,,,,,Airway stent,Silicone TF stent,Implant,Single-use,Sterile,Yes,Medical-grade silicone,Solid silicone,Rigid bronchoscopy,14 mm OD x 30 mm L,14,30,,,,,,One stent per carton,,Thin-wall tracheal stent,Loaded with TONN NOVATECH stent applicator; exact applicator color/size must be checked in catalog/IFU.,Verified - manufacturer catalog,Prototype visible - reverify before production,SRC001,pp. 12-13,Rev. 6,,,"{""model"":""TF"",""wall_thickness_mm"":1.0,""transparent_only"":false,""radiopaque_variant_available"":true,""radiopaque_ordering_note"":""Catalog states REF + R = radiopaque where available.""}"
PRD-B4AC755EAE,MFR-6208838930,Novatech,Boston Medical Products,DUMON TF,DUMON TF Silicone Airway Stent,03401FS,,,,,Airway stent,Silicone TF stent,Implant,Single-use,Sterile,Yes,Medical-grade silicone,Solid silicone,Rigid bronchoscopy,14 mm OD x 40 mm L,14,40,,,,,,One stent per carton,,Thin-wall tracheal stent,Loaded with TONN NOVATECH stent applicator; exact applicator color/size must be checked in catalog/IFU.,Verified - manufacturer catalog,Prototype visible - reverify before production,SRC001,pp. 12-13,Rev. 6,,,"{""model"":""TF"",""wall_thickness_mm"":1.0,""transparent_only"":false,""radiopaque_variant_available"":true,""radiopaque_ordering_note"":""Catalog states REF + R = radiopaque where available.""}"
PRD-ACB6E2620B,MFR-6208838930,Novatech,Boston Medical Products,DUMON TF,DUMON TF Silicone Airway Stent,03421FS,,,,,Airway stent,Silicone TF stent,Implant,Single-use,Sterile,Yes,Medical-grade silicone,Solid silicone,Rigid bronchoscopy,14 mm OD x 50 mm L,14,50,,,,,,One stent per carton,,Thin-wall tracheal stent,Loaded with TONN NOVATECH stent applicator; exact applicator color/size must be checked in catalog/IFU.,Verified - manufacturer catalog,Prototype visible - reverify before production,SRC001,pp. 12-13,Rev. 6,,,"{""model"":""TF"",""wall_thickness_mm"":1.0,""transparent_only"":false,""radiopaque_variant_available"":true,""radiopaque_ordering_note"":""Catalog states REF + R = radiopaque where available.""}"
PRD-39EB1A695C,MFR-6208838930,Novatech,Boston Medical Products,DUMON TF,DUMON TF Silicone Airway Stent,03441FS,,,,,Airway stent,Silicone TF stent,Implant,Single-use,Sterile,Yes,Medical-grade silicone,Solid silicone,Rigid bronchoscopy,14 mm OD x 60 mm L,14,60,,,,,,One stent per carton,,Thin-wall tracheal stent,Loaded with TONN NOVATECH stent applicator; exact applicator color/size must be checked in catalog/IFU.,Verified - manufacturer catalog,Prototype visible - reverify before production,SRC001,pp. 12-13,Rev. 6,,,"{""model"":""TF"",""wall_thickness_mm"":1.0,""transparent_only"":false,""radiopaque_variant_available"":true,""radiopaque_ordering_note"":""Catalog states REF + R = radiopaque where available.""}"
PRD-C4EB1DBADB,MFR-6208838930,Novatech,Boston Medical Products,DUMON TF,DUMON TF Silicone Airway Stent,03461FS,,,,,Airway stent,Silicone TF stent,Implant,Single-use,Sterile,Yes,Medical-grade silicone,Solid silicone,Rigid bronchoscopy,14 mm OD x 70 mm L,14,70,,,,,,One stent per carton,,Thin-wall tracheal stent,Loaded with TONN NOVATECH stent applicator; exact applicator color/size must be checked in catalog/IFU.,Verified - manufacturer catalog,Prototype visible - reverify before production,SRC001,pp. 12-13,Rev. 6,,,"{""model"":""TF"",""wall_thickness_mm"":1.0,""transparent_only"":false,""radiopaque_variant_available"":true,""radiopaque_ordering_note"":""Catalog states REF + R = radiopaque where available.""}"
PRD-6A9E4504F4,MFR-6208838930,Novatech,Boston Medical Products,DUMON TF,DUMON TF Silicone Airway Stent,03641FS,,,,,Airway stent,Silicone TF stent,Implant,Single-use,Sterile,Yes,Medical-grade silicone,Solid silicone,Rigid bronchoscopy,16 mm OD x 40 mm L,16,40,,,,,,One stent per carton,,Thin-wall tracheal stent,Loaded with TONN NOVATECH stent applicator; exact applicator color/size must be checked in catalog/IFU.,Verified - manufacturer catalog,Prototype visible - reverify before production,SRC001,pp. 12-13,Rev. 6,,,"{""model"":""TF"",""wall_thickness_mm"":1.0,""transparent_only"":false,""radiopaque_variant_available"":true,""radiopaque_ordering_note"":""Catalog states REF + R = radiopaque where available.""}"
PRD-FE7880EF7E,MFR-6208838930,Novatech,Boston Medical Products,DUMON TF,DUMON TF Silicone Airway Stent,03661FS,,,,,Airway stent,Silicone TF stent,Implant,Single-use,Sterile,Yes,Medical-grade silicone,Solid silicone,Rigid bronchoscopy,16 mm OD x 50 mm L,16,50,,,,,,One stent per carton,,Thin-wall tracheal stent,Loaded with TONN NOVATECH stent applicator; exact applicator color/size must be checked in catalog/IFU.,Verified - manufacturer catalog,Prototype visible - reverify before production,SRC001,pp. 12-13,Rev. 6,,,"{""model"":""TF"",""wall_thickness_mm"":1.0,""transparent_only"":false,""radiopaque_variant_available"":true,""radiopaque_ordering_note"":""Catalog states REF + R = radiopaque where available.""}"
PRD-81D89E1E76,MFR-6208838930,Novatech,Boston Medical Products,DUMON TF,DUMON TF Silicone Airway Stent,03681FS,,,,,Airway stent,Silicone TF stent,Implant,Single-use,Sterile,Yes,Medical-grade silicone,Solid silicone,Rigid bronchoscopy,16 mm OD x 60 mm L,16,60,,,,,,One stent per carton,,Thin-wall tracheal stent,Loaded with TONN NOVATECH stent applicator; exact applicator color/size must be checked in catalog/IFU.,Verified - manufacturer catalog,Prototype visible - reverify before production,SRC001,pp. 12-13,Rev. 6,,,"{""model"":""TF"",""wall_thickness_mm"":1.0,""transparent_only"":false,""radiopaque_variant_available"":true,""radiopaque_ordering_note"":""Catalog states REF + R = radiopaque where available.""}"
PRD-29DCCCAF2B,MFR-6208838930,Novatech,Boston Medical Products,DUMON TF,DUMON TF Silicone Airway Stent,03701FS,,,,,Airway stent,Silicone TF stent,Implant,Single-use,Sterile,Yes,Medical-grade silicone,Solid silicone,Rigid bronchoscopy,16 mm OD x 70 mm L,16,70,,,,,,One stent per carton,,Thin-wall tracheal stent,Loaded with TONN NOVATECH stent applicator; exact applicator color/size must be checked in catalog/IFU.,Verified - manufacturer catalog,Prototype visible - reverify before production,SRC001,pp. 12-13,Rev. 6,,,"{""model"":""TF"",""wall_thickness_mm"":1.0,""transparent_only"":false,""radiopaque_variant_available"":true,""radiopaque_ordering_note"":""Catalog states REF + R = radiopaque where available.""}"
PRD-48EEBAD727,MFR-6208838930,Novatech,Boston Medical Products,DUMON TF,DUMON TF Silicone Airway Stent,04141FS,,,,,Airway stent,Silicone TF stent,Implant,Single-use,Sterile,Yes,Medical-grade silicone,Solid silicone,Rigid bronchoscopy,18 mm OD x 40 mm L,18,40,,,,,,One stent per carton,,Thin-wall tracheal stent,Loaded with TONN NOVATECH stent applicator; exact applicator color/size must be checked in catalog/IFU.,Verified - manufacturer catalog,Prototype visible - reverify before production,SRC001,pp. 12-13,Rev. 6,,,"{""model"":""TF"",""wall_thickness_mm"":1.0,""transparent_only"":true,""radiopaque_variant_available"":false,""radiopaque_ordering_note"":""Catalog states REF + R = radiopaque where available.""}"
PRD-C7B4627CB2,MFR-6208838930,Novatech,Boston Medical Products,DUMON TF,DUMON TF Silicone Airway Stent,04151FS,,,,,Airway stent,Silicone TF stent,Implant,Single-use,Sterile,Yes,Medical-grade silicone,Solid silicone,Rigid bronchoscopy,18 mm OD x 50 mm L,18,50,,,,,,One stent per carton,,Thin-wall tracheal stent,Loaded with TONN NOVATECH stent applicator; exact applicator color/size must be checked in catalog/IFU.,Verified - manufacturer catalog,Prototype visible - reverify before production,SRC001,pp. 12-13,Rev. 6,,,"{""model"":""TF"",""wall_thickness_mm"":1.0,""transparent_only"":true,""radiopaque_variant_available"":false,""radiopaque_ordering_note"":""Catalog states REF + R = radiopaque where available.""}"
PRD-44A6CBF184,MFR-6208838930,Novatech,Boston Medical Products,DUMON TF,DUMON TF Silicone Airway Stent,04161FS,,,,,Airway stent,Silicone TF stent,Implant,Single-use,Sterile,Yes,Medical-grade silicone,Solid silicone,Rigid bronchoscopy,18 mm OD x 60 mm L,18,60,,,,,,One stent per carton,,Thin-wall tracheal stent,Loaded with TONN NOVATECH stent applicator; exact applicator color/size must be checked in catalog/IFU.,Verified - manufacturer catalog,Prototype visible - reverify before production,SRC001,pp. 12-13,Rev. 6,,,"{""model"":""TF"",""wall_thickness_mm"":1.0,""transparent_only"":true,""radiopaque_variant_available"":false,""radiopaque_ordering_note"":""Catalog states REF + R = radiopaque where available.""}"
PRD-FA325AD5F8,MFR-6208838930,Novatech,Boston Medical Products,DUMON TF,DUMON TF Silicone Airway Stent,04171FS,,,,,Airway stent,Silicone TF stent,Implant,Single-use,Sterile,Yes,Medical-grade silicone,Solid silicone,Rigid bronchoscopy,18 mm OD x 70 mm L,18,70,,,,,,One stent per carton,,Thin-wall tracheal stent,Loaded with TONN NOVATECH stent applicator; exact applicator color/size must be checked in catalog/IFU.,Verified - manufacturer catalog,Prototype visible - reverify before production,SRC001,pp. 12-13,Rev. 6,,,"{""model"":""TF"",""wall_thickness_mm"":1.0,""transparent_only"":true,""radiopaque_variant_available"":false,""radiopaque_ordering_note"":""Catalog states REF + R = radiopaque where available.""}"
PRD-87011FE827,MFR-6208838930,Novatech,Boston Medical Products,DUMON TF,DUMON TF Silicone Airway Stent,04181FS,,,,,Airway stent,Silicone TF stent,Implant,Single-use,Sterile,Yes,Medical-grade silicone,Solid silicone,Rigid bronchoscopy,18 mm OD x 80 mm L,18,80,,,,,,One stent per carton,,Thin-wall tracheal stent,Loaded with TONN NOVATECH stent applicator; exact applicator color/size must be checked in catalog/IFU.,Verified - manufacturer catalog,Prototype visible - reverify before production,SRC001,pp. 12-13,Rev. 6,,,"{""model"":""TF"",""wall_thickness_mm"":1.0,""transparent_only"":true,""radiopaque_variant_available"":false,""radiopaque_ordering_note"":""Catalog states REF + R = radiopaque where available.""}"
PRD-0D2C2802C8,MFR-6208838930,Novatech,Boston Medical Products,DUMON TF,DUMON TF Silicone Airway Stent,04191FS,,,,,Airway stent,Silicone TF stent,Implant,Single-use,Sterile,Yes,Medical-grade silicone,Solid silicone,Rigid bronchoscopy,18 mm OD x 90 mm L,18,90,,,,,,One stent per carton,,Thin-wall tracheal stent,Loaded with TONN NOVATECH stent applicator; exact applicator color/size must be checked in catalog/IFU.,Verified - manufacturer catalog,Prototype visible - reverify before production,SRC001,pp. 12-13,Rev. 6,,,"{""model"":""TF"",""wall_thickness_mm"":1.0,""transparent_only"":true,""radiopaque_variant_available"":false,""radiopaque_ordering_note"":""Catalog states REF + R = radiopaque where available.""}"
PRD-7359DC8555,MFR-6208838930,Novatech,Boston Medical Products,DUMON TF,DUMON TF Silicone Airway Stent,04201FS,,,,,Airway stent,Silicone TF stent,Implant,Single-use,Sterile,Yes,Medical-grade silicone,Solid silicone,Rigid bronchoscopy,18 mm OD x 100 mm L,18,100,,,,,,One stent per carton,,Thin-wall tracheal stent,Loaded with TONN NOVATECH stent applicator; exact applicator color/size must be checked in catalog/IFU.,Verified - manufacturer catalog,Prototype visible - reverify before production,SRC001,pp. 12-13,Rev. 6,,,"{""model"":""TF"",""wall_thickness_mm"":1.0,""transparent_only"":true,""radiopaque_variant_available"":false,""radiopaque_ordering_note"":""Catalog states REF + R = radiopaque where available.""}"
PRD-6BE691A444,MFR-6208838930,Novatech,Boston Medical Products,DUMON TF,DUMON TF Silicone Airway Stent,04231FS,,,,,Airway stent,Silicone TF stent,Implant,Single-use,Sterile,Yes,Medical-grade silicone,Solid silicone,Rigid bronchoscopy,20 mm OD x 40 mm L,20,40,,,,,,One stent per carton,,Thin-wall tracheal stent,Loaded with TONN NOVATECH stent applicator; exact applicator color/size must be checked in catalog/IFU.,Verified - manufacturer catalog,Prototype visible - reverify before production,SRC001,pp. 12-13,Rev. 6,,,"{""model"":""TF"",""wall_thickness_mm"":1.0,""transparent_only"":true,""radiopaque_variant_available"":false,""radiopaque_ordering_note"":""Catalog states REF + R = radiopaque where available.""}"
PRD-2C8EBB26DF,MFR-6208838930,Novatech,Boston Medical Products,DUMON TF,DUMON TF Silicone Airway Stent,04241FS,,,,,Airway stent,Silicone TF stent,Implant,Single-use,Sterile,Yes,Medical-grade silicone,Solid silicone,Rigid bronchoscopy,20 mm OD x 50 mm L,20,50,,,,,,One stent per carton,,Thin-wall tracheal stent,Loaded with TONN NOVATECH stent applicator; exact applicator color/size must be checked in catalog/IFU.,Verified - manufacturer catalog,Prototype visible - reverify before production,SRC001,pp. 12-13,Rev. 6,,,"{""model"":""TF"",""wall_thickness_mm"":1.0,""transparent_only"":true,""radiopaque_variant_available"":false,""radiopaque_ordering_note"":""Catalog states REF + R = radiopaque where available.""}"
PRD-26349CF364,MFR-6208838930,Novatech,Boston Medical Products,DUMON TF,DUMON TF Silicone Airway Stent,04251FS,,,,,Airway stent,Silicone TF stent,Implant,Single-use,Sterile,Yes,Medical-grade silicone,Solid silicone,Rigid bronchoscopy,20 mm OD x 60 mm L,20,60,,,,,,One stent per carton,,Thin-wall tracheal stent,Loaded with TONN NOVATECH stent applicator; exact applicator color/size must be checked in catalog/IFU.,Verified - manufacturer catalog,Prototype visible - reverify before production,SRC001,pp. 12-13,Rev. 6,,,"{""model"":""TF"",""wall_thickness_mm"":1.0,""transparent_only"":true,""radiopaque_variant_available"":false,""radiopaque_ordering_note"":""Catalog states REF + R = radiopaque where available.""}"
PRD-64B1BB919D,MFR-6208838930,Novatech,Boston Medical Products,DUMON TF,DUMON TF Silicone Airway Stent,04261FS,,,,,Airway stent,Silicone TF stent,Implant,Single-use,Sterile,Yes,Medical-grade silicone,Solid silicone,Rigid bronchoscopy,20 mm OD x 70 mm L,20,70,,,,,,One stent per carton,,Thin-wall tracheal stent,Loaded with TONN NOVATECH stent applicator; exact applicator color/size must be checked in catalog/IFU.,Verified - manufacturer catalog,Prototype visible - reverify before production,SRC001,pp. 12-13,Rev. 6,,,"{""model"":""TF"",""wall_thickness_mm"":1.0,""transparent_only"":true,""radiopaque_variant_available"":false,""radiopaque_ordering_note"":""Catalog states REF + R = radiopaque where available.""}"
PRD-32203FFD61,MFR-6208838930,Novatech,Boston Medical Products,DUMON TF,DUMON TF Silicone Airway Stent,04271FS,,,,,Airway stent,Silicone TF stent,Implant,Single-use,Sterile,Yes,Medical-grade silicone,Solid silicone,Rigid bronchoscopy,20 mm OD x 80 mm L,20,80,,,,,,One stent per carton,,Thin-wall tracheal stent,Loaded with TONN NOVATECH stent applicator; exact applicator color/size must be checked in catalog/IFU.,Verified - manufacturer catalog,Prototype visible - reverify before production,SRC001,pp. 12-13,Rev. 6,,,"{""model"":""TF"",""wall_thickness_mm"":1.0,""transparent_only"":true,""radiopaque_variant_available"":false,""radiopaque_ordering_note"":""Catalog states REF + R = radiopaque where available.""}"
PRD-6AE3D5D976,MFR-6208838930,Novatech,Boston Medical Products,DUMON TF,DUMON TF Silicone Airway Stent,04281FS,,,,,Airway stent,Silicone TF stent,Implant,Single-use,Sterile,Yes,Medical-grade silicone,Solid silicone,Rigid bronchoscopy,16 mm OD x 80 mm L,16,80,,,,,,One stent per carton,,Thin-wall tracheal stent,Loaded with TONN NOVATECH stent applicator; exact applicator color/size must be checked in catalog/IFU.,Verified - manufacturer catalog,Prototype visible - reverify before production,SRC001,pp. 12-13,Rev. 6,,,"{""model"":""TF"",""wall_thickness_mm"":1.0,""transparent_only"":false,""radiopaque_variant_available"":true,""radiopaque_ordering_note"":""Catalog states REF + R = radiopaque where available.""}"
PRD-ACF77D4FD4,MFR-6208838930,Novatech,Boston Medical Products,DUMON TF,DUMON TF Silicone Airway Stent,04291FS,,,,,Airway stent,Silicone TF stent,Implant,Single-use,Sterile,Yes,Medical-grade silicone,Solid silicone,Rigid bronchoscopy,16 mm OD x 90 mm L,16,90,,,,,,One stent per carton,,Thin-wall tracheal stent,Loaded with TONN NOVATECH stent applicator; exact applicator color/size must be checked in catalog/IFU.,Verified - manufacturer catalog,Prototype visible - reverify before production,SRC001,pp. 12-13,Rev. 6,,,"{""model"":""TF"",""wall_thickness_mm"":1.0,""transparent_only"":false,""radiopaque_variant_available"":true,""radiopaque_ordering_note"":""Catalog states REF + R = radiopaque where available.""}"
PRD-08C3139357,MFR-6208838930,Novatech,Boston Medical Products,DUMON TF,DUMON TF Silicone Airway Stent,04301FS,,,,,Airway stent,Silicone TF stent,Implant,Single-use,Sterile,Yes,Medical-grade silicone,Solid silicone,Rigid bronchoscopy,16 mm OD x 100 mm L,16,100,,,,,,One stent per carton,,Thin-wall tracheal stent,Loaded with TONN NOVATECH stent applicator; exact applicator color/size must be checked in catalog/IFU.,Verified - manufacturer catalog,Prototype visible - reverify before production,SRC001,pp. 12-13,Rev. 6,,,"{""model"":""TF"",""wall_thickness_mm"":1.0,""transparent_only"":false,""radiopaque_variant_available"":true,""radiopaque_ordering_note"":""Catalog states REF + R = radiopaque where available.""}"
PRD-FD2FA688FB,MFR-6208838930,Novatech,Boston Medical Products,DUMON TF,DUMON TF Silicone Airway Stent,04431FS,,,,,Airway stent,Silicone TF stent,Implant,Single-use,Sterile,Yes,Medical-grade silicone,Solid silicone,Rigid bronchoscopy,20 mm OD x 90 mm L,20,90,,,,,,One stent per carton,,Thin-wall tracheal stent,Loaded with TONN NOVATECH stent applicator; exact applicator color/size must be checked in catalog/IFU.,Verified - manufacturer catalog,Prototype visible - reverify before production,SRC001,pp. 12-13,Rev. 6,,,"{""model"":""TF"",""wall_thickness_mm"":1.0,""transparent_only"":true,""radiopaque_variant_available"":false,""radiopaque_ordering_note"":""Catalog states REF + R = radiopaque where available.""}"
PRD-F527A8F44E,MFR-6208838930,Novatech,Boston Medical Products,DUMON TF,DUMON TF Silicone Airway Stent,04441FS,,,,,Airway stent,Silicone TF stent,Implant,Single-use,Sterile,Yes,Medical-grade silicone,Solid silicone,Rigid bronchoscopy,20 mm OD x 100 mm L,20,100,,,,,,One stent per carton,,Thin-wall tracheal stent,Loaded with TONN NOVATECH stent applicator; exact applicator color/size must be checked in catalog/IFU.,Verified - manufacturer catalog,Prototype visible - reverify before production,SRC001,pp. 12-13,Rev. 6,,,"{""model"":""TF"",""wall_thickness_mm"":1.0,""transparent_only"":true,""radiopaque_variant_available"":false,""radiopaque_ordering_note"":""Catalog states REF + R = radiopaque where available.""}"
PRD-102569C82C,MFR-6208838930,Novatech,Boston Medical Products,DUMON TF,DUMON TF Silicone Airway Stent,04451FS,,,,,Airway stent,Silicone TF stent,Implant,Single-use,Sterile,Yes,Medical-grade silicone,Solid silicone,Rigid bronchoscopy,20 mm OD x 110 mm L,20,110,,,,,,One stent per carton,,Thin-wall tracheal stent,Loaded with TONN NOVATECH stent applicator; exact applicator color/size must be checked in catalog/IFU.,Verified - manufacturer catalog,Prototype visible - reverify before production,SRC001,pp. 12-13,Rev. 6,,,"{""model"":""TF"",""wall_thickness_mm"":1.0,""transparent_only"":true,""radiopaque_variant_available"":false,""radiopaque_ordering_note"":""Catalog states REF + R = radiopaque where available.""}"
PRD-E00759020E,MFR-6208838930,Novatech,Boston Medical Products,DUMON Y,DUMON Y Bifurcation Silicone Stent,91011S,,,,,Airway stent,Silicone Y stent,Implant,Single-use,Sterile,Yes,Medical-grade silicone,Solid silicone,Rigid bronchoscopy,Trachea 14 mm; bronchi 10/10 mm; lengths 110/50/50 mm,,,,,,,,One stent per carton,,,,Verified - manufacturer catalog,Prototype visible - reverify before production,SRC001,p. 14,Rev. 6,,,"{""od1_mm"":14,""od2_mm"":10,""od3_mm"":10,""l1_mm"":110,""l2_mm"":50,""l3_mm"":50,""wall_thickness_mm"":1.0,""transparent_only"":true}"
PRD-6A53041E10,MFR-6208838930,Novatech,Boston Medical Products,DUMON Y,DUMON Y Bifurcation Silicone Stent,92011S,,,,,Airway stent,Silicone Y stent,Implant,Single-use,Sterile,Yes,Medical-grade silicone,Solid silicone,Rigid bronchoscopy,Trachea 15 mm; bronchi 12/12 mm; lengths 110/50/50 mm,,,,,,,,One stent per carton,,,,Verified - manufacturer catalog,Prototype visible - reverify before production,SRC001,p. 14,Rev. 6,,,"{""od1_mm"":15,""od2_mm"":12,""od3_mm"":12,""l1_mm"":110,""l2_mm"":50,""l3_mm"":50,""wall_thickness_mm"":1.0,""transparent_only"":true}"
PRD-E9AD59995F,MFR-6208838930,Novatech,Boston Medical Products,DUMON Y,DUMON Y Bifurcation Silicone Stent,93011S,,,,,Airway stent,Silicone Y stent,Implant,Single-use,Sterile,Yes,Medical-grade silicone,Solid silicone,Rigid bronchoscopy,Trachea 16 mm; bronchi 13/13 mm; lengths 110/50/50 mm,,,,,,,,One stent per carton,,,,Verified - manufacturer catalog,Prototype visible - reverify before production,SRC001,p. 14,Rev. 6,,,"{""od1_mm"":16,""od2_mm"":13,""od3_mm"":13,""l1_mm"":110,""l2_mm"":50,""l3_mm"":50,""wall_thickness_mm"":1.0,""transparent_only"":true}"
PRD-7A1E356519,MFR-6208838930,Novatech,Boston Medical Products,DUMON Y,DUMON Y Bifurcation Silicone Stent,94011S,,,,,Airway stent,Silicone Y stent,Implant,Single-use,Sterile,Yes,Medical-grade silicone,Solid silicone,Rigid bronchoscopy,Trachea 18 mm; bronchi 14/14 mm; lengths 110/50/50 mm,,,,,,,,One stent per carton,,,,Verified - manufacturer catalog,Prototype visible - reverify before production,SRC001,p. 14,Rev. 6,,,"{""od1_mm"":18,""od2_mm"":14,""od3_mm"":14,""l1_mm"":110,""l2_mm"":50,""l3_mm"":50,""wall_thickness_mm"":1.0,""transparent_only"":true}"
PRD-E37704D087,MFR-6208838930,Novatech,Boston Medical Products,DUTAU,DUTAU Stent Fenestration Forceps,6522,,,,,Rigid bronchoscopy,Stent fenestration forceps,Reusable instrument,Reusable,,,,,,,,,,,,,,Each,,,,Verified - manufacturer catalog,Prototype visible - reverify before production,SRC001,p. 15,Rev. 6,,,{}
PRD-D5CBD6E254,MFR-6208838930,Novatech,Boston Medical Products,DUTAU NOVATECH,DUTAU NOVATECH Axial Cap - 10.2 mm,02BRD9107,,,,,Rigid bronchoscopy,Axial cap,Consumable spare part,Single-use replacement,,,,,,,,,,,,,,Box 5,,,,Verified - manufacturer catalog,Prototype visible - reverify before production,SRC001,p. 25,Rev. 6,,,"{""opening"":""10.2 mm""}"
PRD-5BA5F9BD46,MFR-6208838930,Novatech,Boston Medical Products,DUTAU NOVATECH,DUTAU NOVATECH Axial Cap - 12.3 mm,02BRD9108,,,,,Rigid bronchoscopy,Axial cap,Consumable spare part,Single-use replacement,,,,,,,,,,,,,,Box 5,,,,Verified - manufacturer catalog,Prototype visible - reverify before production,SRC001,p. 25,Rev. 6,,,"{""opening"":""12.3 mm""}"
PRD-BCF7612DDB,MFR-6208838930,Novatech,Boston Medical Products,DUTAU NOVATECH,DUTAU NOVATECH Axial Cap - 2.85 mm,02BRD9102,,,,,Rigid bronchoscopy,Axial cap,Consumable spare part,Single-use replacement,,,,,,,,,,,,,,Box 5,,,,Verified - manufacturer catalog,Prototype visible - reverify before production,SRC001,p. 25,Rev. 6,,,"{""opening"":""2.85 mm""}"
PRD-D81F566A09,MFR-6208838930,Novatech,Boston Medical Products,DUTAU NOVATECH,DUTAU NOVATECH Axial Cap - 3.9 mm,02BRD9103,,,,,Rigid bronchoscopy,Axial cap,Consumable spare part,Single-use replacement,,,,,,,,,,,,,,Box 5,,,,Verified - manufacturer catalog,Prototype visible - reverify before production,SRC001,p. 25,Rev. 6,,,"{""opening"":""3.9 mm""}"
PRD-E05104FF37,MFR-6208838930,Novatech,Boston Medical Products,DUTAU NOVATECH,DUTAU NOVATECH Axial Cap - 7 mm,02BRD9104,,,,,Rigid bronchoscopy,Axial cap,Consumable spare part,Single-use replacement,,,,,,,,,,,,,,Box 5,,,,Verified - manufacturer catalog,Prototype visible - reverify before production,SRC001,p. 25,Rev. 6,,,"{""opening"":""7 mm""}"
PRD-09192221FE,MFR-6208838930,Novatech,Boston Medical Products,DUTAU NOVATECH,DUTAU NOVATECH Axial Cap - 9 mm,02BRD9105,,,,,Rigid bronchoscopy,Axial cap,Consumable spare part,Single-use replacement,,,,,,,,,,,,,,Box 5,,,,Verified - manufacturer catalog,Prototype visible - reverify before production,SRC001,p. 25,Rev. 6,,,"{""opening"":""9 mm""}"
PRD-5402A5D241,MFR-6208838930,Novatech,Boston Medical Products,DUTAU NOVATECH,DUTAU NOVATECH Axial Cap - 9.5 mm,02BRD9106,,,,,Rigid bronchoscopy,Axial cap,Consumable spare part,Single-use replacement,,,,,,,,,,,,,,Box 5,,,,Verified - manufacturer catalog,Prototype visible - reverify before production,SRC001,p. 25,Rev. 6,,,"{""opening"":""9.5 mm""}"
PRD-93C248AE98,MFR-6208838930,Novatech,Boston Medical Products,DUTAU NOVATECH,DUTAU NOVATECH Axial Cap - No opening,02BRD9101,,,,,Rigid bronchoscopy,Axial cap,Consumable spare part,Single-use replacement,,,,,,,,,,,,,,Box 5,,,,Verified - manufacturer catalog,Prototype visible - reverify before production,SRC001,p. 25,Rev. 6,,,"{""opening"":""No opening""}"
PRD-6D6815FAE1,MFR-6208838930,Novatech,Boston Medical Products,DUTAU NOVATECH,"DUTAU NOVATECH Bronchial Tube, Size 11",02BRD3511,,,,,Rigid bronchoscopy,Rigid bronchoscope system,Reusable instrument,Reusable,,,,,,,,,,,35,,,,,Green; 35 cm working length,,Verified - manufacturer catalog,Prototype visible - reverify before production,SRC001,p. 24,Rev. 6,,,"{""id_mm"":10.5,""od_mm"":11.2}"
PRD-7677972FA0,MFR-6208838930,Novatech,Boston Medical Products,DUTAU NOVATECH,"DUTAU NOVATECH Bronchial Tube, Size 12",02BRD3512,,,,,Rigid bronchoscopy,Rigid bronchoscope system,Reusable instrument,Reusable,,,,,,,,,,,35,,,,,Black; 35 cm working length,,Verified - manufacturer catalog,Prototype visible - reverify before production,SRC001,p. 24,Rev. 6,,,"{""id_mm"":10.7,""od_mm"":12}"
PRD-492FC6BE35,MFR-6208838930,Novatech,Boston Medical Products,DUTAU NOVATECH,"DUTAU NOVATECH Bronchial Tube, Size 14",02BRD3514,,,,,Rigid bronchoscopy,Rigid bronchoscope system,Reusable instrument,Reusable,,,,,,,,,,,35,,,,,Red; 35 cm working length,,Verified - manufacturer catalog,Prototype visible - reverify before production,SRC001,p. 24,Rev. 6,,,"{""id_mm"":13,""od_mm"":14}"
PRD-9C6ECA3162,MFR-6208838930,Novatech,Boston Medical Products,DUTAU NOVATECH,"DUTAU NOVATECH Bronchial Tube, Size 9",02BRD3509,,,,,Rigid bronchoscopy,Rigid bronchoscope system,Reusable instrument,Reusable,,,,,,,,,,,35,,,,,White; 35 cm working length,,Verified - manufacturer catalog,Prototype visible - reverify before production,SRC001,p. 24,Rev. 6,,,"{""id_mm"":8.5,""od_mm"":9.2}"
PRD-5E4F566AA2,MFR-6208838930,Novatech,Boston Medical Products,DUTAU NOVATECH,DUTAU NOVATECH Bronchoscope Head,02BRD1100,,,,,Rigid bronchoscopy,Rigid bronchoscope system,Reusable instrument,Reusable,,,,,,,,,,,,,,,,"Bronchoscope head including ventilation element, axial retainer, and axial cap",,Verified - manufacturer catalog,Prototype visible - reverify before production,SRC001,p. 24,Rev. 6,,,{}
PRD-C4480F30D2,MFR-6208838930,Novatech,Boston Medical Products,DUTAU NOVATECH,DUTAU NOVATECH Bronchoscope Set,02BRDSET,,,,,Rigid bronchoscopy,Rigid bronchoscope system,Reusable instrument,Reusable,,,,,,,,,,,,,,,,"Set with head, five tubes, lateral double port, and injection cannula",,Verified - manufacturer catalog,Prototype visible - reverify before production,SRC001,p. 24,Rev. 6,,,{}
PRD-042B406005,MFR-6208838930,Novatech,Boston Medical Products,DUTAU NOVATECH,DUTAU NOVATECH Injection Cannula,02BRD1110,,,,,Rigid bronchoscopy,Rigid bronchoscope system,Reusable instrument,Reusable,,,,,,,,,,,,,,,,For jet ventilation,,Verified - manufacturer catalog,Prototype visible - reverify before production,SRC001,p. 24,Rev. 6,,,{}
PRD-BADEC639F4,MFR-6208838930,Novatech,Boston Medical Products,DUTAU NOVATECH,DUTAU NOVATECH Lateral Cap - 0.6 mm,02BRD9152,,,,,Rigid bronchoscopy,Lateral cap,Consumable spare part,Single-use replacement,,,,,,,,,,,,,,Box 10,,,,Verified - manufacturer catalog,Prototype visible - reverify before production,SRC001,p. 25,Rev. 6,,,"{""opening"":""0.6 mm""}"
PRD-89259B5C28,MFR-6208838930,Novatech,Boston Medical Products,DUTAU NOVATECH,DUTAU NOVATECH Lateral Cap - 0.8 mm,02BRD9153,,,,,Rigid bronchoscopy,Lateral cap,Consumable spare part,Single-use replacement,,,,,,,,,,,,,,Box 10,,,,Verified - manufacturer catalog,Prototype visible - reverify before production,SRC001,p. 25,Rev. 6,,,"{""opening"":""0.8 mm""}"
PRD-E0331EA66D,MFR-6208838930,Novatech,Boston Medical Products,DUTAU NOVATECH,DUTAU NOVATECH Lateral Cap - 1.2 mm,02BRD9154,,,,,Rigid bronchoscopy,Lateral cap,Consumable spare part,Single-use replacement,,,,,,,,,,,,,,Box 10,,,,Verified - manufacturer catalog,Prototype visible - reverify before production,SRC001,p. 25,Rev. 6,,,"{""opening"":""1.2 mm""}"
PRD-BB33BD7BE9,MFR-6208838930,Novatech,Boston Medical Products,DUTAU NOVATECH,DUTAU NOVATECH Lateral Cap - 1.6 mm,02BRD9155,,,,,Rigid bronchoscopy,Lateral cap,Consumable spare part,Single-use replacement,,,,,,,,,,,,,,Box 10,,,,Verified - manufacturer catalog,Prototype visible - reverify before production,SRC001,p. 25,Rev. 6,,,"{""opening"":""1.6 mm""}"
PRD-1215DE841C,MFR-6208838930,Novatech,Boston Medical Products,DUTAU NOVATECH,DUTAU NOVATECH Lateral Cap - 1.8 mm,02BRD9156,,,,,Rigid bronchoscopy,Lateral cap,Consumable spare part,Single-use replacement,,,,,,,,,,,,,,Box 10,,,,Verified - manufacturer catalog,Prototype visible - reverify before production,SRC001,p. 25,Rev. 6,,,"{""opening"":""1.8 mm""}"
PRD-57EB842692,MFR-6208838930,Novatech,Boston Medical Products,DUTAU NOVATECH,DUTAU NOVATECH Lateral Cap - 2.8 mm,02BRD9157,,,,,Rigid bronchoscopy,Lateral cap,Consumable spare part,Single-use replacement,,,,,,,,,,,,,,Box 10,,,,Verified - manufacturer catalog,Prototype visible - reverify before production,SRC001,p. 25,Rev. 6,,,"{""opening"":""2.8 mm""}"
PRD-F4B03B6DFA,MFR-6208838930,Novatech,Boston Medical Products,DUTAU NOVATECH,DUTAU NOVATECH Lateral Cap - 3.8 mm,02BRD9158,,,,,Rigid bronchoscopy,Lateral cap,Consumable spare part,Single-use replacement,,,,,,,,,,,,,,Box 10,,,,Verified - manufacturer catalog,Prototype visible - reverify before production,SRC001,p. 25,Rev. 6,,,"{""opening"":""3.8 mm""}"
PRD-55094F0EC3,MFR-6208838930,Novatech,Boston Medical Products,DUTAU NOVATECH,DUTAU NOVATECH Lateral Cap - No opening,02BRD9151,,,,,Rigid bronchoscopy,Lateral cap,Consumable spare part,Single-use replacement,,,,,,,,,,,,,,Box 10,,,,Verified - manufacturer catalog,Prototype visible - reverify before production,SRC001,p. 25,Rev. 6,,,"{""opening"":""No opening""}"
PRD-B5644A6608,MFR-6208838930,Novatech,Boston Medical Products,DUTAU NOVATECH,DUTAU NOVATECH Lateral Double Port,02BRD1120,,,,,Rigid bronchoscopy,Rigid bronchoscope system,Reusable instrument,Reusable,,,,,,,,,,,,,,,,Includes two lateral caps,,Verified - manufacturer catalog,Prototype visible - reverify before production,SRC001,p. 24,Rev. 6,,,{}
PRD-9EB174FBB0,MFR-6208838930,Novatech,Boston Medical Products,DUTAU NOVATECH,"DUTAU NOVATECH Tracheal Tube, Size 14",02BRD2514,,,,,Rigid bronchoscopy,Rigid bronchoscope system,Reusable instrument,Reusable,,,,,,,,,,,25,,,,,Blue/red; 25 cm working length,,Verified - manufacturer catalog,Prototype visible - reverify before production,SRC001,p. 24,Rev. 6,,,"{""id_mm"":13,""od_mm"":14}"
PRD-5BDAA5E440,MFR-6208838930,Novatech,Boston Medical Products,DUTAU NOVATECH,O-Ring ID 15 x 1.5,02BRD9902,,,,,Rigid bronchoscopy,Rigid bronchoscope system,Consumable spare part,Single-use replacement,,,,,,,,,,,,,,Box 10,,Consumable spare part; box 10,,Verified - manufacturer catalog,Prototype visible - reverify before production,SRC001,p. 24,Rev. 6,,,{}
PRD-A4793529B7,MFR-6208838930,Novatech,Boston Medical Products,DUTAU NOVATECH,O-Ring ID 16 x 1.25,02BRD9901,,,,,Rigid bronchoscopy,Rigid bronchoscope system,Consumable spare part,Single-use replacement,,,,,,,,,,,,,,Box 10,,Consumable spare part; box 10,,Verified - manufacturer catalog,Prototype visible - reverify before production,SRC001,p. 24,Rev. 6,,,{}
PRD-9CE203EA1C,MFR-6208838930,Novatech,Boston Medical Products,GSS,GSS BD Bronchial Stent,01BD1040,,,,,Airway stent,,Implant,,,Yes,,,,10 OD x 40 L,,,,,,,,,,,,Candidate - user seed; primary source required,Hidden until verified,SRC006,Product list 2025!Sheet7,2025,,,{}
PRD-62E4A72F9D,MFR-6208838930,Novatech,Boston Medical Products,GSS,GSS TD Tracheal Stent,01TD1260,,,,,Airway stent,,Implant,,,Yes,,,,12 OD x 60 L,,,,,,,,,,,,Candidate - user seed; primary source required,Hidden until verified,SRC006,Product list 2025!Sheet7,2025,,,{}
PRD-5070336E33,MFR-6208838930,Novatech,Boston Medical Products,GSS,GSS TD Tracheal Stent,01TD16100,,,,,Airway stent,,Implant,,,Yes,,,,16 OD x 100 L,,,,,,,,,,,,Candidate - user seed; primary source required,Hidden until verified,SRC006,Product list 2025!Sheet7,2025,,,{}
PRD-7051E83D62,MFR-6208838930,Novatech,Boston Medical Products,GSS,GSS TF Thin Tracheal Stent,01TF1450,,,,,Airway stent,,Implant,,,Yes,,,,14 OD x 50 L,,,,,,,,,,,,Candidate - user seed; primary source required,Hidden until verified,SRC006,Product list 2025!Sheet7,2025,,,{}
PRD-CC378D0981,MFR-6208838930,Novatech,Boston Medical Products,GSS,GSS TF Thin Tracheal Stent,01TF1860,,,,,Airway stent,,Implant,,,Yes,,,,18 OD x 60 L,,,,,,,,,,,,Candidate - user seed; primary source required,Hidden until verified,SRC006,Product list 2025!Sheet7,2025,,,{}
PRD-A5DD232514,MFR-6208838930,Novatech,Boston Medical Products,GSS,GSS Y Stent,01Y141010,,,,,Airway stent,,Implant,,,Yes,,,,Trachea 14 OD/110 L; bronchi 10 OD/50 L,,,,,,,,,,,,Candidate - user seed; primary source required,Hidden until verified,SRC006,Product list 2025!Sheet7,2025,,,{}
PRD-5C46BC7DA9,MFR-6208838930,Novatech,Boston Medical Products,GSS,GSS Y Stent,01Y161313,,,,,Airway stent,,Implant,,,Yes,,,,Trachea 16 OD/110 L; bronchi 13 OD/50 L,,,,,,,,,,,,Candidate - user seed; primary source required,Hidden until verified,SRC006,Product list 2025!Sheet7,2025,,,{}
PRD-85E1F8359A,MFR-6208838930,Novatech,Boston Medical Products,ROTEPS,ROTEPS Cleaning Adapter Replacement O-Ring,02BRT40040,,,,,Reprocessing,Replacement O-ring,Replacement part,,,,,,,,,,,,,,,,,,,Verified - manufacturer catalog,Prototype visible - reverify before production,SRC001,p. 28,Rev. 6,,,{}
PRD-631CFE65BD,MFR-6208838930,Novatech,Boston Medical Products,ROTEPS,ROTEPS Cleaning Adapter with Luer Lock and O-Ring,02BRT40010,,,,,Reprocessing,Cleaning adapter,Reusable accessory,Reusable,,,,,,,,,,,,,,,,,,Verified - manufacturer catalog,Prototype visible - reverify before production,SRC001,p. 28,Rev. 6,,,{}
PRD-5A3334BDDC,MFR-6208838930,Novatech,Boston Medical Products,ROTEPS,ROTEPS Handle - 2 mm - With shiftable ratchet,02BRT10202,,,,,Rigid bronchoscopy,Forceps handle,Reusable instrument,Reusable,,,,,,For 2 mm shaft; Grey,,,,,,,,,,,,Verified - manufacturer catalog,Prototype visible - reverify before production,SRC001,p. 28,Rev. 6,,,"{""shaft_mm"":2,""ratchet"":""With shiftable ratchet"",""color"":""Grey""}"
PRD-1894515971,MFR-6208838930,Novatech,Boston Medical Products,ROTEPS,ROTEPS Handle - 2 mm - Without ratchet,02BRT10200,,,,,Rigid bronchoscopy,Forceps handle,Reusable instrument,Reusable,,,,,,For 2 mm shaft; Grey,,,,,,,,,,,,Verified - manufacturer catalog,Prototype visible - reverify before production,SRC001,p. 28,Rev. 6,,,"{""shaft_mm"":2,""ratchet"":""Without ratchet"",""color"":""Grey""}"
PRD-EA133128FD,MFR-6208838930,Novatech,Boston Medical Products,ROTEPS,ROTEPS Handle - 4 mm - With shiftable ratchet,02BRT10402,,,,,Rigid bronchoscopy,Forceps handle,Reusable instrument,Reusable,,,,,,For 4 mm shaft; Black,,,,,,,,,,,,Verified - manufacturer catalog,Prototype visible - reverify before production,SRC001,p. 28,Rev. 6,,,"{""shaft_mm"":4,""ratchet"":""With shiftable ratchet"",""color"":""Black""}"
PRD-2538CEF181,MFR-6208838930,Novatech,Boston Medical Products,ROTEPS,ROTEPS Handle - 4 mm - Without ratchet,02BRT10400,,,,,Rigid bronchoscopy,Forceps handle,Reusable instrument,Reusable,,,,,,For 4 mm shaft; Black,,,,,,,,,,,,Verified - manufacturer catalog,Prototype visible - reverify before production,SRC001,p. 28,Rev. 6,,,"{""shaft_mm"":4,""ratchet"":""Without ratchet"",""color"":""Black""}"
PRD-66110A69CE,MFR-6208838930,Novatech,Boston Medical Products,ROTEPS,ROTEPS Head - Fenestrated forceps,02BRT30295,,,,,Rigid bronchoscopy,Forceps head,Reusable instrument,Reusable,,,,,,Head OD 3 mm; for 2 mm shaft,,,,,60,,,,,,,Verified - manufacturer catalog,Prototype visible - reverify before production,SRC001,p. 29,Rev. 6,,,"{""head_od_mm"":3,""shaft_mm"":2}"
PRD-028E85E656,MFR-6208838930,Novatech,Boston Medical Products,ROTEPS,"ROTEPS Head - Grasping forceps, strong teeth",02BRT30299,,,,,Rigid bronchoscopy,Forceps head,Reusable instrument,Reusable,,,,,,Head OD 3 mm; for 2 mm shaft,,,,,60,,,,,,,Verified - manufacturer catalog,Prototype visible - reverify before production,SRC001,p. 29,Rev. 6,,,"{""head_od_mm"":3,""shaft_mm"":2}"
PRD-66A04F5119,MFR-6208838930,Novatech,Boston Medical Products,ROTEPS,"ROTEPS Head - Grasping forceps, strong teeth",02BRT30499,,,,,Rigid bronchoscopy,Forceps head,Reusable instrument,Reusable,,,,,,Head OD 5 mm; for 4 mm shaft,,,,,60,,,,,,,Verified - manufacturer catalog,Prototype visible - reverify before production,SRC001,p. 29,Rev. 6,,,"{""head_od_mm"":5,""shaft_mm"":4}"
PRD-C6E7ED547F,MFR-6208838930,Novatech,Boston Medical Products,ROTEPS,ROTEPS Head - Hook scissors,02BRT30296,,,,,Rigid bronchoscopy,Forceps head,Reusable instrument,Reusable,,,,,,Head OD 3 mm; for 2 mm shaft,,,,,60,,,,,,,Verified - manufacturer catalog,Prototype visible - reverify before production,SRC001,p. 29,Rev. 6,,,"{""head_od_mm"":3,""shaft_mm"":2}"
PRD-2A8E02EC0E,MFR-6208838930,Novatech,Boston Medical Products,ROTEPS,"ROTEPS Head - Retraction forceps, atraumatic inner teeth",02BRT30497,,,,,Rigid bronchoscopy,Forceps head,Reusable instrument,Reusable,,,,,,Head OD 5 mm; for 4 mm shaft,,,,,60,,,,,,,Verified - manufacturer catalog,Prototype visible - reverify before production,SRC001,p. 29,Rev. 6,,,"{""head_od_mm"":5,""shaft_mm"":4}"
PRD-A7A7DF79BA,MFR-6208838930,Novatech,Boston Medical Products,ROTEPS,"ROTEPS Head - Retraction forceps, atraumatic teeth, one side opening",02BRT30294,,,,,Rigid bronchoscopy,Forceps head,Reusable instrument,Reusable,,,,,,Head OD 3 mm; for 2 mm shaft,,,,,60,,,,,,,Verified - manufacturer catalog,Prototype visible - reverify before production,SRC001,p. 29,Rev. 6,,,"{""head_od_mm"":3,""shaft_mm"":2}"
PRD-7B30A285F1,MFR-6208838930,Novatech,Boston Medical Products,ROTEPS,ROTEPS Head - Y-stent forceps,02BRT30498,,,,,Rigid bronchoscopy,Forceps head,Reusable instrument,Reusable,,,,,,Head OD 5 mm; for 4 mm shaft,,,,,60,,,,,,,Verified - manufacturer catalog,Prototype visible - reverify before production,SRC001,p. 29,Rev. 6,,,"{""head_od_mm"":5,""shaft_mm"":4}"
PRD-2952D06A3F,MFR-6208838930,Novatech,Boston Medical Products,ROTEPS,ROTEPS Shaft - 2 mm x 60 cm,02BRT20260,,,,,Rigid bronchoscopy,Forceps shaft,Reusable instrument,Reusable,,,,,,2 mm x 60 cm; Grey,,,,,60,,,,,,,Verified - manufacturer catalog,Prototype visible - reverify before production,SRC001,p. 28,Rev. 6,,,"{""shaft_mm"":2,""color"":""Grey""}"
PRD-8CDDDC5158,MFR-6208838930,Novatech,Boston Medical Products,ROTEPS,ROTEPS Shaft - 4 mm x 60 cm,02BRT20460,,,,,Rigid bronchoscopy,Forceps shaft,Reusable instrument,Reusable,,,,,,4 mm x 60 cm; Black,,,,,60,,,,,,,Verified - manufacturer catalog,Prototype visible - reverify before production,SRC001,p. 28,Rev. 6,,,"{""shaft_mm"":4,""color"":""Black""}"
PRD-B98EADB33D,MFR-6208838930,Novatech,Boston Medical Products,SURVAC,SURVAC PC Suction Catheter,77632,,,,,Rigid bronchoscopy,Suction catheter,Disposable catheter,Single-use,,,,,,ID 2.0 mm / OD 2.7 mm / 60 cm,,,,,60,,,Box 50,,,,Verified - manufacturer catalog,Prototype visible - reverify before production,SRC001,p. 30,Rev. 6,,,"{""id_mm"":2.0,""od_mm"":2.7,""connector"":""Female PVC""}"
PRD-5A28AF1C52,MFR-6208838930,Novatech,Boston Medical Products,SURVAC,SURVAC PC Suction Catheter,77642,,,,,Rigid bronchoscopy,Suction catheter,Disposable catheter,Single-use,,,,,,ID 3.0 mm / OD 4.0 mm / 60 cm,,,,,60,,,Box 50,,,,Verified - manufacturer catalog,Prototype visible - reverify before production,SRC001,p. 30,Rev. 6,,,"{""id_mm"":3.0,""od_mm"":4.0,""connector"":""Female PVC""}"
PRD-952A7B928E,MFR-6208838930,Novatech,Boston Medical Products,SURVAC,SURVAC PC Suction Catheter,77642SC,,,,,Rigid bronchoscopy,Suction catheter,Disposable catheter,Single-use,,,,,,ID 3.0 mm / OD 4.0 mm / 30 cm,,,,,30,,,Box 50,,,,Verified - manufacturer catalog,Prototype visible - reverify before production,SRC001,p. 30,Rev. 6,,,"{""id_mm"":3.0,""od_mm"":4.0,""connector"":""Female PVC""}"
PRD-07EA3DD76E,MFR-6208838930,Novatech,Boston Medical Products,SURVAC,SURVAC PTFE Suction Catheter,77622,,,,,Rigid bronchoscopy,Suction catheter,Disposable catheter,Single-use,,,,,,ID 2.0 mm / OD 3.0 mm / 60 cm,,,,,60,,,Box 50,,,,Verified - manufacturer catalog,Prototype visible - reverify before production,SRC001,p. 30,Rev. 6,,,"{""id_mm"":2.0,""od_mm"":3.0,""connector"":""Female PVC""}"
PRD-3BEF064A41,MFR-6208838930,Novatech,Boston Medical Products,TONN NOVATECH,TONN NOVATECH Stent Applicator - Blue,02 BRS B 120,,,,,Airway stent accessory,Silicone stent applicator,Reusable instrument set,Reusable,,,,,,Blue; introducer working length 32 cm; inserter OD 12.75 mm,,,,,32,,12.75,,,,Designed for DUMON tracheobronchial silicone stents and compatible with DUTAU NOVATECH modular bronchoscope.,Verified - manufacturer catalog,Prototype visible - reverify before production,SRC001,p. 19,Rev. 6,,,{}
PRD-F765071278,MFR-6208838930,Novatech,Boston Medical Products,TONN NOVATECH,TONN NOVATECH Stent Applicator - Green,02 BRS G 140,,,,,Airway stent accessory,Silicone stent applicator,Reusable instrument set,Reusable,,,,,,Green; introducer working length 42 cm; inserter OD 10.25 mm,,,,,42,,10.25,,,,Designed for DUMON tracheobronchial silicone stents and compatible with DUTAU NOVATECH modular bronchoscope.,Verified - manufacturer catalog,Prototype visible - reverify before production,SRC001,p. 19,Rev. 6,,,{}
PRD-B5E107E3AE,MFR-6208838930,Novatech,Boston Medical Products,TONN NOVATECH,TONN NOVATECH Stent Applicator - Red,02 BRS R 130,,,,,Airway stent accessory,Silicone stent applicator,Reusable instrument set,Reusable,,,,,,Red; introducer working length 42 cm; inserter OD 12.75 mm,,,,,42,,12.75,,,,Designed for DUMON tracheobronchial silicone stents and compatible with DUTAU NOVATECH modular bronchoscope.,Verified - manufacturer catalog,Prototype visible - reverify before production,SRC001,p. 19,Rev. 6,,,{}
PRD-0CD8E49B3D,MFR-6208838930,Novatech,Boston Medical Products,TONN NOVATECH,TONN NOVATECH Stent Applicator - White,02 BRS W 150,,,,,Airway stent accessory,Silicone stent applicator,Reusable instrument set,Reusable,,,,,,White; introducer working length 42 cm; inserter OD 8.2 mm,,,,,42,,8.2,,,,Designed for DUMON tracheobronchial silicone stents and compatible with DUTAU NOVATECH modular bronchoscope.,Verified - manufacturer catalog,Prototype visible - reverify before production,SRC001,p. 19,Rev. 6,,,{}
PRD-C094F5AF07,MFR-954E57FBB9,Olympus,,,EBUS Balloon,MAJ-1351,,,,,EBUS accessory,EBUS balloon,Disposable accessory,Single-use,,,,,,,,,,,,,,,,,Brochure states MAJ-1351 can be used with BF-UC190F.,Verified - manufacturer catalog,Prototype visible - reverify before production,SRC002,p. 5,2021-02,,,{}
PRD-A7209784C9,MFR-954E57FBB9,Olympus,,,Flexible Pleuroscopy Trocar,MAJ-1058,,,,,Medical thoracoscopy,,Candidate,,,,,,,,,,,,,,,,,8 mm trocar,,Candidate - user seed; primary source required,Hidden until verified,SRC007,pleural seed,,,,{}
PRD-ADAEAEFCA8,MFR-954E57FBB9,Olympus,,,Pleura Videoscope,LTF-H290,,,,,Medical thoracoscopy,,Candidate,,,,,,,,,,,,,,,,,3.0 mm channel; alternate 91643,,Candidate - user seed; primary source required,Hidden until verified,SRC007,pleural seed,,,,{}
PRD-B76CB39194,MFR-954E57FBB9,Olympus,,,Single-Use Pleural Biopsy Forceps,FB-420K,,,,,Medical thoracoscopy,,Candidate,,,,,,,,,,,,,,,,,Alternate 86518,,Candidate - user seed; primary source required,Hidden until verified,SRC007,pleural seed,,,,{}
PRD-B3B30BCEE7,MFR-954E57FBB9,Olympus,,,Ultrasound Cable,MAJ-2056,,,,,EBUS accessory,Ultrasound cable,Reusable accessory,Reusable,,,,,,,,,,,,,,,,,Named accessory for BF-UC190F.,Verified - manufacturer catalog,Prototype visible - reverify before production,SRC002,p. 4,2021-02,,,{}
PRD-4A04124FF2,MFR-954E57FBB9,Olympus,,BF-1TH190,BF-1TH190 Therapeutic Bronchoscope,BF-1TH190,,,,,Bronchoscopy platform,,Candidate,,,,,,,,,,,,,,,,,"Therapeutic scope; seed states 2.8 mm channel, 60 cm working length, 6.0 mm insertion tube, 6.2 mm distal end.",,Candidate - user seed; primary source required,Hidden until verified,SRC007,Flexible bronchoscopy platforms!2,,,,{}
PRD-D6F54A6D11,MFR-954E57FBB9,Olympus,,BF-H190,BF-H190 Diagnostic Bronchoscope,BF-H190,,,,,Bronchoscopy platform,,Candidate,,,,,,,,,,,,,,,,,Seed states 5.5 mm OD and 2.0 mm channel.,,Candidate - user seed; primary source required,Hidden until verified,SRC007,Flexible bronchoscopy platforms!4,,,,{}
PRD-2FFEEB98B2,MFR-954E57FBB9,Olympus,,BF-UC190F,BF-UC190F Ultrasound Bronchofibervideoscope,BF-UC190F,,,,,EBUS platform,Linear EBUS scope,Reusable equipment,Reusable,,,,,,,6.6,,,,60,2.2,,,,Linear EBUS bronchoscope with 20-degree forward oblique view and 160-degree up angulation.,Compatible with Olympus EU-ME2 Premier Plus; brochure also lists Hitachi Arietta 850. Balloon MAJ-1351 can be used.,Verified - manufacturer catalog,Prototype visible - reverify before production,SRC002,pp. 2-5,2021-02,,,"{""insertion_tube_od_mm"":6.3,""distal_end_od_mm"":6.6,""rigid_tip_length_mm"":25,""field_of_view_deg"":80,""direction_of_view_deg"":20,""channel_id_mm"":2.2,""total_length_mm"":890}"
PRD-58DE7D49C4,MFR-954E57FBB9,Olympus,Olympus America,EndoJaw,"Hot Biopsy Forceps, Oval",FD-231C,,,,,Sampling,Pulmonary biopsy forceps,Disposable,Single-use,Sterile,,,,,Min channel 2.0 mm; working length 115 cm,,,,,115,2.0,,Each,,Hot biopsy forceps; oval pulmonary biopsy forceps.,Designed for Olympus respiratory endoscopy; minimum channel 2.0 mm.,Verified - manufacturer catalog,Prototype visible - reverify before production,SRC012,Respiratory 14.03 (PDF p. 116),2024,Exact manufacturer catalog entry; confirm current U.S. availability and IFU before production use.,,"{""jaw_style"":""Hot biopsy forceps; oval"",""jaw_opening_mm"":null,""catalog_quantity"":1}"
PRD-3D26E84017,MFR-954E57FBB9,Olympus,Olympus America,EndoJaw,"Mini Biopsy Forceps, Oval Rat-Tooth",FB-456D,,,,,Sampling,Pulmonary biopsy forceps,Disposable,Single-use,Sterile,,,,,Min channel 1.2 mm; working length 115 cm; jaw opening 7.3 mm,,,,,115,1.2,,Each,,Mini oval rat-tooth pulmonary biopsy forceps.,Designed for Olympus respiratory endoscopy; minimum channel 1.2 mm.,Verified - manufacturer catalog,Prototype visible - reverify before production,SRC012,Respiratory 14.02 (PDF p. 115),2024,Exact manufacturer catalog entry; confirm current U.S. availability and IFU before production use.,,"{""jaw_style"":""Mini oval rat-tooth"",""jaw_opening_mm"":7.3,""catalog_quantity"":1}"
PRD-882E06A5A9,MFR-954E57FBB9,Olympus,Olympus America,EndoJaw,"Single-Use Pulmonary Biopsy Forceps, Alligator Jaw-Step",FB-211D.A,,,,,Sampling,Pulmonary biopsy forceps,Disposable,Single-use,Sterile,,,,,Min channel 2.0 mm; working length 115 cm; jaw opening 5.0 mm,,,,,115,2.0,,Box 20,,Alligator jaw-step pulmonary biopsy forceps.,Designed for Olympus respiratory endoscopy; minimum channel 2.0 mm.,Verified - manufacturer catalog,Prototype visible - reverify before production,SRC012,Respiratory 14.01 (PDF p. 114),2024,Exact manufacturer catalog entry; confirm current U.S. availability and IFU before production use.,,"{""jaw_style"":""Alligator jaw-step"",""jaw_opening_mm"":5.0,""catalog_quantity"":20}"
PRD-9CFCC838A3,MFR-954E57FBB9,Olympus,Olympus America,EndoJaw,"Single-Use Pulmonary Biopsy Forceps, Alligator Jaw-Step with Needle",FB-221D.A,,,,,Sampling,Pulmonary biopsy forceps,Disposable,Single-use,Sterile,,,,,Min channel 2.0 mm; working length 115 cm; jaw opening 5.0 mm,,,,,115,2.0,,Box 20,,Alligator jaw-step with needle pulmonary biopsy forceps.,Designed for Olympus respiratory endoscopy; minimum channel 2.0 mm.,Verified - manufacturer catalog,Prototype visible - reverify before production,SRC012,Respiratory 14.01 (PDF p. 114),2024,Exact manufacturer catalog entry; confirm current U.S. availability and IFU before production use.,,"{""jaw_style"":""Alligator jaw-step with needle"",""jaw_opening_mm"":5.0,""catalog_quantity"":20}"
PRD-E7FAE36160,MFR-954E57FBB9,Olympus,Olympus America,EndoJaw,"Single-Use Pulmonary Biopsy Forceps, Standard Oval",FB-231D.A,,,,,Sampling,Pulmonary biopsy forceps,Disposable,Single-use,Sterile,,,,,Min channel 2.0 mm; working length 115 cm; jaw opening 5.0 mm,,,,,115,2.0,,Box 20,,Standard oval pulmonary biopsy forceps.,Designed for Olympus respiratory endoscopy; minimum channel 2.0 mm.,Verified - manufacturer catalog,Prototype visible - reverify before production,SRC012,Respiratory 14.01 (PDF p. 114),2024,Exact manufacturer catalog entry; confirm current U.S. availability and IFU before production use.,,"{""jaw_style"":""Standard oval"",""jaw_opening_mm"":5.0,""catalog_quantity"":20}"
PRD-EF6C5DE6CC,MFR-954E57FBB9,Olympus,Olympus America,EndoJaw,"Single-Use Pulmonary Biopsy Forceps, Standard Oval with Needle",FB-241D.A,,,,,Sampling,Pulmonary biopsy forceps,Disposable,Single-use,Sterile,,,,,Min channel 2.0 mm; working length 115 cm; jaw opening 5.0 mm,,,,,115,2.0,,Box 20,,Standard oval with needle pulmonary biopsy forceps.,Designed for Olympus respiratory endoscopy; minimum channel 2.0 mm.,Verified - manufacturer catalog,Prototype visible - reverify before production,SRC012,Respiratory 14.01 (PDF p. 115),2024,Exact manufacturer catalog entry; confirm current U.S. availability and IFU before production use.,,"{""jaw_style"":""Standard oval with needle"",""jaw_opening_mm"":5.0,""catalog_quantity"":20}"
PRD-E04326B8E4,MFR-954E57FBB9,Olympus,,EU-ME2,Universal Endoscopic Ultrasound Center EU-ME2,EU-ME2,,,,,EBUS platform,Ultrasound processor,Reusable equipment,Reusable,,,,,,,,,,,,,,,,Endoscopic ultrasound center for EBUS/endosonography.,,Verified - manufacturer catalog,Prototype visible - reverify before production,SRC002,p. 4,2021-02,,,{}
PRD-AE9BC99FAA,MFR-954E57FBB9,Olympus,,EVIS,EVIS EXERA III Video System Center,CV-190,,,,,Endoscopy platform,,Candidate,,,,,,,,,,,,,,,,,Video system center.,,Candidate - user seed; primary source required,Hidden until verified,SRC007,Flexible bronchoscopy platforms!5,,,,{}
PRD-CEED2FDA83,MFR-954E57FBB9,Olympus,,EVIS,EVIS X1 Video System Center,CV-1500,,,,,Endoscopy platform,,Candidate,,,,,,,,,,,,,,,,,Integrated LED light source.,,Candidate - user seed; primary source required,Hidden until verified,SRC007,Flexible bronchoscopy platforms!6,,,,{}
PRD-2B8AACAB67,MFR-954E57FBB9,Olympus,,EVIS EUS,Universal Endoscopic Ultrasound Center,EU-ME3,,,,,Ultrasound platform,Ultrasound processor,Reusable capital equipment,Reusable,Not sterile,No,,,,,,,,,,,,Each,Adult,Universal endoscopic ultrasound center supporting radial miniature probes.,Connect to MAJ-1720 probe drive unit for radial EBUS probes.,Verified - manufacturer flyer; current U.S. status pending,Hidden - current U.S. status unverified,SRC029,p. 2,2023-04,,,{}
PRD-CB1622624D,MFR-954E57FBB9,Olympus,,EVIS EXERA III,BF-MP190F Video Bronchoscope,BF-MP190F,,,,,Flexible bronchoscopy,Reusable video bronchoscope,Reusable endoscope,Reusable,Reprocessed,No,,,,Insertion tube 3.7 mm; distal 3.0 mm; channel 1.7 mm; WL 600 mm,3.7,,,,60,1.7,,Each,Adult,Reusable video bronchoscope for peripheral bronchoscopy.,Use with compatible Olympus video processor; accessory diameter must fit the working channel.,Verified - manufacturer flyer; current U.S. status pending,Hidden - current U.S. status unverified,SRC029,p. 1,2023-04,European/global flyer; current U.S. availability must be confirmed.,Bending 210°/130°; rotation 120°/120°; field of view 90°; depth of field 2–50 mm.,"{""bending"": ""210/130"", ""channel_id_mm"": 1.7, ""depth_of_field"": ""2–50 mm"", ""distal_end_od_mm"": 3.0, ""field_of_view"": ""90°"", ""insertion_tube_od_mm"": 3.7, ""rotation"": ""120/120"", ""working_length_mm"": 600}"
PRD-AD22EAA0EC,MFR-954E57FBB9,Olympus,,EVIS EXERA III,BF-P190 Video Bronchoscope,BF-P190,,,,,Flexible bronchoscopy,Reusable video bronchoscope,Reusable endoscope,Reusable,Reprocessed,No,,,,Insertion tube 4.1 mm; distal 4.2 mm; channel 2.0 mm; WL 600 mm,4.1,,,,60,2,,Each,Adult,Reusable video bronchoscope for peripheral bronchoscopy.,Use with compatible Olympus video processor; accessory diameter must fit the working channel.,Verified - manufacturer catalog and flyer,Prototype visible - reverify before production,SRC029,p. 1,2023-04,Verify current model availability and platform compatibility.,Bending 210°/130°; rotation 120°/120°; field of view 110°; depth of field 2–50 mm.,"{""bending"": ""210/130"", ""channel_id_mm"": 2.0, ""depth_of_field"": ""2–50 mm"", ""distal_end_od_mm"": 4.2, ""field_of_view"": ""110°"", ""insertion_tube_od_mm"": 4.1, ""rotation"": ""120/120"", ""working_length_mm"": 600}"
PRD-88DA368B9C,MFR-954E57FBB9,Olympus,,EVIS EXERA III,BF-XP190 Ultrathin Video Bronchoscope,BF-XP190,,,,,Flexible bronchoscopy,Reusable video bronchoscope,Reusable endoscope,Reusable,Reprocessed,No,,,,Insertion tube 2.8 mm; distal 3.1 mm; channel 1.2 mm; WL 600 mm,2.8,,,,60,1.2,,Each,Adult,Reusable video bronchoscope for peripheral bronchoscopy.,Use with compatible Olympus video processor; accessory diameter must fit the working channel.,Verified - manufacturer flyer; current U.S. status pending,Hidden - current U.S. status unverified,SRC029,p. 1,2023-04,European/global flyer; current U.S. availability must be confirmed.,Bending 210°/130°; rotation 120°/120°; field of view 110°; depth of field 2–50 mm.,"{""bending"": ""210/130"", ""channel_id_mm"": 1.2, ""depth_of_field"": ""2–50 mm"", ""distal_end_od_mm"": 3.1, ""field_of_view"": ""110°"", ""insertion_tube_od_mm"": 2.8, ""rotation"": ""120/120"", ""working_length_mm"": 600}"
PRD-0790420A76,MFR-954E57FBB9,Olympus,Olympus America,GuideSheathKit 2,GuideSheathKit 2,K-401,,,,,Peripheral bronchoscopy,Guide sheath kit,Single-use kit,Single use,Sterile,No,,,,Minimum channel 2.0 mm; guide sheath SG-400C,,,,,105,2,,Kit,Adult,Guide sheath kit with radiopaque distal tip for repeated peripheral lesion access.,Guide sheath SG-400C; forceps FB-433D; brush BC-205D-2010; not compatible with BF-MP190F.,Verified - manufacturer catalog and flyer,Prototype visible - reverify before production,SRC029,p. 1,2023-04,Exact manufacturer catalog entry; confirm current U.S. availability and IFU before production use.,4 white ET stoppers; 1 dark-gray US stopper,"{""brush"": ""BC-205D-2010"", ""forceps"": ""FB-433D"", ""guide_sheath"": ""SG-400C"", ""minimum_channel_mm"": 2.0, ""stoppers"": ""4 white ET stoppers; 1 dark-gray US stopper""}"
PRD-E2EB4E573F,MFR-954E57FBB9,Olympus,Olympus America,GuideSheathKit 2,GuideSheathKit 2,K-402,,,,,Peripheral bronchoscopy,Guide sheath kit,Single-use kit,Single use,Sterile,No,,,,Minimum channel 2.0 mm; guide sheath SG-400C,,,,,105,2,,Kit,Adult,Guide sheath kit with radiopaque distal tip for repeated peripheral lesion access.,Guide sheath SG-400C; forceps FB-433D; brush not included; not compatible with BF-MP190F.,Verified - manufacturer catalog and flyer,Prototype visible - reverify before production,SRC029,p. 1,2023-04,Exact manufacturer catalog entry; confirm current U.S. availability and IFU before production use.,3 white ET stoppers; 1 dark-gray US stopper,"{""brush"": """", ""forceps"": ""FB-433D"", ""guide_sheath"": ""SG-400C"", ""minimum_channel_mm"": 2.0, ""stoppers"": ""3 white ET stoppers; 1 dark-gray US stopper""}"
PRD-6D7A0E9DA8,MFR-954E57FBB9,Olympus,,GuideSheathKit 2,GuideSheathKit 2,K-403,,,,,Peripheral bronchoscopy,Guide sheath kit,Single-use kit,Single use,Sterile,No,,,,Minimum channel 2.8 mm; guide sheath SG-401C,,,,,,2.8,,Kit,Adult,Guide sheath kit with radiopaque distal tip for repeated peripheral lesion access.,Guide sheath SG-401C; forceps FB-231D; brush BC-202D-2010; not compatible with BF-MP190F.,Verified - manufacturer catalog and flyer,Prototype visible - reverify before production,SRC029,p. 1,2023-04,,1 white + 3 gray ET stoppers; 1 dark-gray US stopper,"{""brush"": ""BC-202D-2010"", ""forceps"": ""FB-231D"", ""guide_sheath"": ""SG-401C"", ""minimum_channel_mm"": 2.8, ""stoppers"": ""1 white + 3 gray ET stoppers; 1 dark-gray US stopper""}"
PRD-6FF6668D03,MFR-954E57FBB9,Olympus,,GuideSheathKit 2,GuideSheathKit 2,K-404,,,,,Peripheral bronchoscopy,Guide sheath kit,Single-use kit,Single use,Sterile,No,,,,Minimum channel 2.8 mm; guide sheath SG-401C,,,,,,2.8,,Kit,Adult,Guide sheath kit with radiopaque distal tip for repeated peripheral lesion access.,Guide sheath SG-401C; forceps FB-231D; brush not included; not compatible with BF-MP190F.,Verified - manufacturer catalog and flyer,Prototype visible - reverify before production,SRC029,p. 1,2023-04,,1 white + 2 gray ET stoppers; 1 dark-gray US stopper,"{""brush"": """", ""forceps"": ""FB-231D"", ""guide_sheath"": ""SG-401C"", ""minimum_channel_mm"": 2.8, ""stoppers"": ""1 white + 2 gray ET stoppers; 1 dark-gray US stopper""}"
PRD-BC936E9D71,MFR-954E57FBB9,Olympus,Olympus America,H-SteriScope,H-SteriScope Extra Single-Use Bronchoscope,BCV1-W2,,,,,Bronchoscopy platform,Single-use flexible bronchoscope,Disposable equipment,Single-use,Sterile,,,,,Insertion OD 6.5 mm; distal OD 6.2 mm; channel 3.2 mm; working length 60 cm,6.5,,,,60,3.2,,Each,,Single-use flexible bronchoscope with 110-degree field of view and bidirectional 210-degree bending.,Requires compatible Olympus SPiN Vision processor; verify exact processor and display configuration.,Verified - manufacturer catalog,Prototype visible - reverify before production,SRC012,Respiratory 14.12 (PDF p. 125),2024,Exact manufacturer catalog entry; confirm current U.S. availability and platform compatibility before production use.,,"{""insertion_tube_od_mm"":6.5,""distal_end_od_mm"":6.2,""channel_id_mm"":3.2,""working_length_cm"":60,""up_angulation_deg"":210,""down_angulation_deg"":210,""rotation_deg"":90,""field_of_view_deg"":110,""depth_of_field_mm"":""3-100""}"
PRD-9CE6992373,MFR-954E57FBB9,Olympus,Olympus America,H-SteriScope,H-SteriScope Large Single-Use Bronchoscope,BCV1-S2,,,,,Bronchoscopy platform,Single-use flexible bronchoscope,Disposable equipment,Single-use,Sterile,,,,,Insertion OD 5.7 mm; distal OD 5.8 mm; channel 2.8 mm; working length 60 cm,5.7,,,,60,2.8,,Each,,Single-use flexible bronchoscope with 110-degree field of view and bidirectional 210-degree bending.,Requires compatible Olympus SPiN Vision processor; verify exact processor and display configuration.,Verified - manufacturer catalog,Prototype visible - reverify before production,SRC012,Respiratory 14.12 (PDF p. 125),2024,Exact manufacturer catalog entry; confirm current U.S. availability and platform compatibility before production use.,,"{""insertion_tube_od_mm"":5.7,""distal_end_od_mm"":5.8,""channel_id_mm"":2.8,""working_length_cm"":60,""up_angulation_deg"":210,""down_angulation_deg"":210,""rotation_deg"":90,""field_of_view_deg"":110,""depth_of_field_mm"":""3-100""}"
PRD-7C8F860816,MFR-954E57FBB9,Olympus,Olympus America,H-SteriScope,H-SteriScope Normal Single-Use Bronchoscope,BCV1-M2,,,,,Bronchoscopy platform,Single-use flexible bronchoscope,Disposable equipment,Single-use,Sterile,,,,,Insertion OD 4.8 mm; distal OD 4.9 mm; channel 2.2 mm; working length 60 cm,4.8,,,,60,2.2,,Each,,Single-use flexible bronchoscope with 110-degree field of view and bidirectional 210-degree bending.,Requires compatible Olympus SPiN Vision processor; verify exact processor and display configuration.,Verified - manufacturer catalog,Prototype visible - reverify before production,SRC012,Respiratory 14.12 (PDF p. 125),2024,Exact manufacturer catalog entry; confirm current U.S. availability and platform compatibility before production use.,,"{""insertion_tube_od_mm"":4.8,""distal_end_od_mm"":4.9,""channel_id_mm"":2.2,""working_length_cm"":60,""up_angulation_deg"":210,""down_angulation_deg"":210,""rotation_deg"":90,""field_of_view_deg"":110,""depth_of_field_mm"":""3-100""}"
PRD-34895D701B,MFR-954E57FBB9,Olympus,Olympus America,H-SteriScope,H-SteriScope Slim Single-Use Bronchoscope,BCV1-C2,,,,,Bronchoscopy platform,Single-use flexible bronchoscope,Disposable equipment,Single-use,Sterile,,,,,Insertion OD 3.3 mm; distal OD 3.2 mm; channel 1.2 mm; working length 60 cm,3.3,,,,60,1.2,,Each,,Single-use flexible bronchoscope with 110-degree field of view and bidirectional 210-degree bending.,Requires compatible Olympus SPiN Vision processor; verify exact processor and display configuration.,Verified - manufacturer catalog,Prototype visible - reverify before production,SRC012,Respiratory 14.12 (PDF p. 125),2024,Exact manufacturer catalog entry; confirm current U.S. availability and platform compatibility before production use.,,"{""insertion_tube_od_mm"":3.3,""distal_end_od_mm"":3.2,""channel_id_mm"":1.2,""working_length_cm"":60,""up_angulation_deg"":210,""down_angulation_deg"":210,""rotation_deg"":90,""field_of_view_deg"":110,""depth_of_field_mm"":""3-100""}"
PRD-212CEA70A3,MFR-954E57FBB9,Olympus,Olympus America,H-SteriScope,H-SteriScope Zero Single-Use Bronchoscope,BCV1-02,,,,,Bronchoscopy platform,Single-use flexible bronchoscope,Disposable equipment,Single-use,Sterile,,,,,Insertion OD 2.3 mm; distal OD 2.2 mm; channel 0.0 mm; working length 60 cm,2.3,,,,60,0.0,,Each,,Single-use flexible bronchoscope with 110-degree field of view and bidirectional 210-degree bending.,Requires compatible Olympus SPiN Vision processor; verify exact processor and display configuration.,Verified - manufacturer catalog,Prototype visible - reverify before production,SRC012,Respiratory 14.12 (PDF p. 125),2024,Exact manufacturer catalog entry; confirm current U.S. availability and platform compatibility before production use.,,"{""insertion_tube_od_mm"":2.3,""distal_end_od_mm"":2.2,""channel_id_mm"":0.0,""working_length_cm"":60,""up_angulation_deg"":210,""down_angulation_deg"":210,""rotation_deg"":90,""field_of_view_deg"":110,""depth_of_field_mm"":""3-100""}"
PRD-039120780F,MFR-954E57FBB9,Olympus,Olympus America,Olympus Balloon Catheter,Balloon Catheter 11 mm,B5-2C,,,,,Endobronchial valve,Sizing / occlusion balloon catheter,Disposable,Single-use,Sterile,,,,,Balloon 11 mm; distal 5 Fr; 105 cm,,,5 Fr,,105,2.0,,Each,,Single-use respiratory balloon catheter.,B5-2C is listed in the Spiration Valve sizing kit.,Verified - manufacturer catalog,Prototype visible - reverify before production,SRC012,Respiratory 14.14 (PDF p. 129),2024,Exact manufacturer catalog entry; confirm current U.S. availability and intended indication.,,"{""balloon_diameter_mm"":11,""distal_french"":5}"
PRD-6B70F708B5,MFR-954E57FBB9,Olympus,Olympus America,Olympus Balloon Catheter,Balloon Catheter 13 mm,B7-2C,,,,,Endobronchial valve,Sizing / occlusion balloon catheter,Disposable,Single-use,Sterile,,,,,Balloon 13 mm; distal 7 Fr; 105 cm,,,7 Fr,,105,2.8,,Each,,Single-use respiratory balloon catheter.,Verify intended sizing/occlusion workflow in current IFU.,Verified - manufacturer catalog,Prototype visible - reverify before production,SRC012,Respiratory 14.14 (PDF p. 129),2024,Exact manufacturer catalog entry; confirm current U.S. availability and intended indication.,,"{""balloon_diameter_mm"":13,""distal_french"":7}"
PRD-4C745881F9,MFR-954E57FBB9,Olympus,Olympus America,Olympus Cytology Brush,Covered-Sheath Pulmonary Cytology Brush,BC-202D-1210,,,,,Sampling,Pulmonary cytology brush,Disposable,Single-use,Sterile,,,,,1.2 x 10 mm brush; 115 cm; min channel 2.0 mm,,,,,115,2.0,,Box 10,,covered-sheath bronchial cytology brush.,Minimum working channel 2.0 mm.,Verified - manufacturer catalog,Prototype visible - reverify before production,SRC012,Respiratory 14.04 (PDF p. 117),2024,Exact manufacturer catalog entry; confirm current U.S. availability and IFU before production use.,,"{""brush_width_mm"":1.2,""brush_length_mm"":10,""sheath"":""Covered"",""catalog_quantity"":10}"
PRD-E7724A6977,MFR-954E57FBB9,Olympus,Olympus America,Olympus Cytology Brush,Covered-Sheath Pulmonary Cytology Brush,BC-202D-2010,,,,,Sampling,Pulmonary cytology brush,Disposable,Single-use,Sterile,,,,,2 x 10 mm brush; 115 cm; min channel 2.0 mm,,,,,115,2.0,,Box 10,,covered-sheath bronchial cytology brush.,Minimum working channel 2.0 mm.,Verified - manufacturer catalog,Prototype visible - reverify before production,SRC012,Respiratory 14.04 (PDF p. 117),2024,Exact manufacturer catalog entry; confirm current U.S. availability and IFU before production use.,,"{""brush_width_mm"":2.0,""brush_length_mm"":10,""sheath"":""Covered"",""catalog_quantity"":10}"
PRD-B091070F8D,MFR-954E57FBB9,Olympus,Olympus America,Olympus Cytology Brush,Covered-Sheath Pulmonary Cytology Brush,BC-202D-3010,,,,,Sampling,Pulmonary cytology brush,Disposable,Single-use,Sterile,,,,,3 x 10 mm brush; 115 cm; min channel 2.0 mm,,,,,115,2.0,,Box 10,,covered-sheath bronchial cytology brush.,Minimum working channel 2.0 mm.,Verified - manufacturer catalog,Prototype visible - reverify before production,SRC012,Respiratory 14.04 (PDF p. 117),2024,Exact manufacturer catalog entry; confirm current U.S. availability and IFU before production use.,,"{""brush_width_mm"":3.0,""brush_length_mm"":10,""sheath"":""Covered"",""catalog_quantity"":10}"
PRD-B2C431C0F9,MFR-954E57FBB9,Olympus,Olympus America,Olympus Cytology Brush,Covered-Sheath Pulmonary Cytology Brush,BC-202D-5010,,,,,Sampling,Pulmonary cytology brush,Disposable,Single-use,Sterile,,,,,5 x 10 mm brush; 115 cm; min channel 2.0 mm,,,,,115,2.0,,Box 10,,covered-sheath bronchial cytology brush.,Minimum working channel 2.0 mm.,Verified - manufacturer catalog,Prototype visible - reverify before production,SRC012,Respiratory 14.04 (PDF p. 117),2024,Exact manufacturer catalog entry; confirm current U.S. availability and IFU before production use.,,"{""brush_width_mm"":5.0,""brush_length_mm"":10,""sheath"":""Covered"",""catalog_quantity"":10}"
PRD-5831011F6E,MFR-954E57FBB9,Olympus,Olympus America,Olympus Cytology Brush,Mini Covered-Sheath Pulmonary Cytology Brush,BC-203D-2006,,,,,Sampling,Pulmonary cytology brush,Disposable,Single-use,Sterile,,,,,2 x 6 mm brush; 115 cm; min channel 1.2 mm,,,,,115,1.2,,Box 5,,covered-sheath bronchial cytology brush.,Minimum working channel 1.2 mm.,Verified - manufacturer catalog,Prototype visible - reverify before production,SRC012,Respiratory 14.04 (PDF p. 117),2024,Exact manufacturer catalog entry; confirm current U.S. availability and IFU before production use.,,"{""brush_width_mm"":2.0,""brush_length_mm"":6,""sheath"":""Covered"",""catalog_quantity"":5}"
PRD-1292C69B1E,MFR-954E57FBB9,Olympus,Olympus America,Olympus Cytology Brush,Uncovered-Sheath Pulmonary Cytology Brush,BC-201C-1006,,,,,Sampling,Pulmonary cytology brush,Disposable,Single-use,Sterile,,,,,1 x 6 mm brush; 105 cm; min channel 1.2 mm,,,,,105,1.2,,Box 6,,uncovered-sheath bronchial cytology brush.,Minimum working channel 1.2 mm.,Verified - manufacturer catalog,Prototype visible - reverify before production,SRC012,Respiratory 14.04 (PDF p. 117),2024,Exact manufacturer catalog entry; confirm current U.S. availability and IFU before production use.,,"{""brush_width_mm"":1.0,""brush_length_mm"":6,""sheath"":""Uncovered"",""catalog_quantity"":6}"
PRD-104DF655AD,MFR-954E57FBB9,Olympus,,Olympus Endoscopy Accessories,KV-6 Suction Pump,KV-6,,,,,Endoscopy platform,Endoscopic suction pump,Reusable capital equipment,Reusable,Not sterile,No,,,,,,,,,,,,Each,Adult,KV-6 Suction Pump,"Verify current system configuration, connectors, and platform compatibility.",Verified - manufacturer catalog; current market status pending,Hidden - current U.S. status unverified,SRC022,p. 7.05,2021,2021 U.S. catalog; current model availability must be confirmed.,,{}
PRD-592787DB28,MFR-954E57FBB9,Olympus,,Olympus Endoscopy Accessories,KV-6 Suction Tubing Set,K10021882,,,,,Endoscopy platform,Platform accessory,Accessory,Reusable or disposable per IFU,,No,,,,,,,,,,,,Catalog unit,Adult,KV-6 Suction Tubing Set,Platform-specific accessory; verify compatibility with Endoscopic suction pump.,Verified - manufacturer catalog; current market status pending,Hidden - current U.S. status unverified,SRC022,p. 7.07,2021,2021 U.S. catalog; current model availability must be confirmed.,,{}
PRD-6B67179C61,MFR-954E57FBB9,Olympus,,Olympus Endoscopy Accessories,KV-6 Suction Tubing Set,K10021893,,,,,Endoscopy platform,Platform accessory,Accessory,Reusable or disposable per IFU,,No,,,,,,,,,,,,Catalog unit,Adult,KV-6 Suction Tubing Set,Platform-specific accessory; verify compatibility with Endoscopic suction pump.,Verified - manufacturer catalog; current market status pending,Hidden - current U.S. status unverified,SRC022,p. 7.07,2021,2021 U.S. catalog; current model availability must be confirmed.,,{}
PRD-B5FC89830C,MFR-954E57FBB9,Olympus,,Olympus Endoscopy Accessories,OEV-262H 26-inch Medical Monitor,OEV-262H,,,,,Endoscopy platform,Endoscopy monitor,Reusable capital equipment,Reusable,Not sterile,No,,,,,,,,,,,,Each,Adult,OEV-262H 26-inch Medical Monitor,"Verify current system configuration, connectors, and platform compatibility.",Verified - manufacturer catalog; current market status pending,Hidden - current U.S. status unverified,SRC022,p. 4.02,2021,2021 U.S. catalog; current model availability must be confirmed.,,{}
PRD-F510911B2C,MFR-954E57FBB9,Olympus,,Olympus Endoscopy Accessories,OFP-2 Flushing Pump,OFP-2,,,,,Endoscopy platform,Endoscopic irrigation pump,Reusable capital equipment,Reusable,Not sterile,No,,,,,,,,,,,,Each,Adult,OFP-2 Flushing Pump,"Verify current system configuration, connectors, and platform compatibility.",Verified - manufacturer catalog; current market status pending,Hidden - current U.S. status unverified,SRC022,p. 7.02,2021,2021 U.S. catalog; current model availability must be confirmed.,,{}
PRD-2C2F29762E,MFR-954E57FBB9,Olympus,,Olympus Endoscopy Accessories,OFP-2 Irrigation Tubing,MAJ-1651,,,,,Endoscopy platform,Platform accessory,Accessory,Reusable or disposable per IFU,,No,,,,,,,,,,,,Catalog unit,Adult,OFP-2 Irrigation Tubing,Platform-specific accessory; verify compatibility with Endoscopic irrigation pump.,Verified - manufacturer catalog; current market status pending,Hidden - current U.S. status unverified,SRC022,p. 7.04,2021,2021 U.S. catalog; current model availability must be confirmed.,,{}
PRD-1B9BB00FC8,MFR-954E57FBB9,Olympus,,Olympus Endoscopy Accessories,OFP-2 Irrigation Tubing,MAJ-1652,,,,,Endoscopy platform,Platform accessory,Accessory,Reusable or disposable per IFU,,No,,,,,,,,,,,,Catalog unit,Adult,OFP-2 Irrigation Tubing,Platform-specific accessory; verify compatibility with Endoscopic irrigation pump.,Verified - manufacturer catalog; current market status pending,Hidden - current U.S. status unverified,SRC022,p. 7.04,2021,2021 U.S. catalog; current model availability must be confirmed.,,{}
PRD-150ECDCD05,MFR-954E57FBB9,Olympus,,Olympus Endoscopy Accessories,SSU-2 Simple Suction Unit,SSU-2,,,,,Endoscopy platform,Endoscopic suction pump,Reusable capital equipment,Reusable,Not sterile,No,,,,,,,,,,,,Each,Adult,SSU-2 Simple Suction Unit,"Verify current system configuration, connectors, and platform compatibility.",Verified - manufacturer catalog; current market status pending,Hidden - current U.S. status unverified,SRC022,p. 7.08,2021,2021 U.S. catalog; current model availability must be confirmed.,,{}
PRD-1840ABC86D,MFR-954E57FBB9,Olympus,,Olympus Endoscopy Accessories,SSU-2 Suction Tubing/Accessory,K7505595,,,,,Endoscopy platform,Platform accessory,Accessory,Reusable or disposable per IFU,,No,,,,,,,,,,,,Catalog unit,Adult,SSU-2 Suction Tubing/Accessory,Platform-specific accessory; verify compatibility with Endoscopic suction pump.,Verified - manufacturer catalog; current market status pending,Hidden - current U.S. status unverified,SRC022,p. 7.10,2021,2021 U.S. catalog; current model availability must be confirmed.,,{}
PRD-2103064DB9,MFR-954E57FBB9,Olympus,,Olympus Endoscopy Accessories,TC-C3 Series Workstation Set,K10030126,,,,,Endoscopy platform,Platform accessory,Accessory,Reusable or disposable per IFU,,No,,,,,,,,,,,,Catalog unit,Adult,TC-C3 Series Workstation Set,Platform-specific accessory; verify compatibility with Endoscopy system cart.,Verified - manufacturer catalog; current market status pending,Hidden - current U.S. status unverified,SRC022,p. 2.16,2021,2021 U.S. catalog; current model availability must be confirmed.,,{}
PRD-1E9BA85FC4,MFR-954E57FBB9,Olympus,,Olympus Endoscopy Accessories,TC-C3 Series Workstation Set,K10030136,,,,,Endoscopy platform,Platform accessory,Accessory,Reusable or disposable per IFU,,No,,,,,,,,,,,,Catalog unit,Adult,TC-C3 Series Workstation Set,Platform-specific accessory; verify compatibility with Endoscopy system cart.,Verified - manufacturer catalog; current market status pending,Hidden - current U.S. status unverified,SRC022,p. 2.16,2021,2021 U.S. catalog; current model availability must be confirmed.,,{}
PRD-225513EE42,MFR-954E57FBB9,Olympus,,Olympus Endoscopy Accessories,TC-C3 Series Workstation Set,K10034675,,,,,Endoscopy platform,Platform accessory,Accessory,Reusable or disposable per IFU,,No,,,,,,,,,,,,Catalog unit,Adult,TC-C3 Series Workstation Set,Platform-specific accessory; verify compatibility with Endoscopy system cart.,Verified - manufacturer catalog; current market status pending,Hidden - current U.S. status unverified,SRC022,p. 2.16,2021,2021 U.S. catalog; current model availability must be confirmed.,,{}
PRD-136C288332,MFR-954E57FBB9,Olympus,,Olympus Endoscopy Accessories,TC-C3 Series Workstation Set,K10034676,,,,,Endoscopy platform,Platform accessory,Accessory,Reusable or disposable per IFU,,No,,,,,,,,,,,,Catalog unit,Adult,TC-C3 Series Workstation Set,Platform-specific accessory; verify compatibility with Endoscopy system cart.,Verified - manufacturer catalog; current market status pending,Hidden - current U.S. status unverified,SRC022,p. 2.16,2021,2021 U.S. catalog; current model availability must be confirmed.,,{}
PRD-4C3147DF15,MFR-954E57FBB9,Olympus,,Olympus Endoscopy Accessories,TC-C4 Series Workstation Set,K10029884,,,,,Endoscopy platform,Platform accessory,Accessory,Reusable or disposable per IFU,,No,,,,,,,,,,,,Catalog unit,Adult,TC-C4 Series Workstation Set,Platform-specific accessory; verify compatibility with Endoscopy system cart.,Verified - manufacturer catalog; current market status pending,Hidden - current U.S. status unverified,SRC022,p. 2.13,2021,2021 U.S. catalog; current model availability must be confirmed.,,{}
PRD-6EA4535CE1,MFR-954E57FBB9,Olympus,,Olympus Endoscopy Accessories,TC-C4 Series Workstation Set,K10029889,,,,,Endoscopy platform,Platform accessory,Accessory,Reusable or disposable per IFU,,No,,,,,,,,,,,,Catalog unit,Adult,TC-C4 Series Workstation Set,Platform-specific accessory; verify compatibility with Endoscopy system cart.,Verified - manufacturer catalog; current market status pending,Hidden - current U.S. status unverified,SRC022,p. 2.13,2021,2021 U.S. catalog; current model availability must be confirmed.,,{}
PRD-8106E78F85,MFR-954E57FBB9,Olympus,,Olympus Endoscopy Accessories,TC-C4 Series Workstation Set,K10029894,,,,,Endoscopy platform,Platform accessory,Accessory,Reusable or disposable per IFU,,No,,,,,,,,,,,,Catalog unit,Adult,TC-C4 Series Workstation Set,Platform-specific accessory; verify compatibility with Endoscopy system cart.,Verified - manufacturer catalog; current market status pending,Hidden - current U.S. status unverified,SRC022,p. 2.13,2021,2021 U.S. catalog; current model availability must be confirmed.,,{}
PRD-1266378787,MFR-954E57FBB9,Olympus,,Olympus Endoscopy Accessories,TC-C4 Series Workstation Set,K10029899,,,,,Endoscopy platform,Platform accessory,Accessory,Reusable or disposable per IFU,,No,,,,,,,,,,,,Catalog unit,Adult,TC-C4 Series Workstation Set,Platform-specific accessory; verify compatibility with Endoscopy system cart.,Verified - manufacturer catalog; current market status pending,Hidden - current U.S. status unverified,SRC022,p. 2.13,2021,2021 U.S. catalog; current model availability must be confirmed.,,{}
PRD-AACBA3F0AD,MFR-954E57FBB9,Olympus,,Olympus Endoscopy Accessories,UCR CO2 Regulation Unit,UCR,,,,,Endoscopy platform,CO2 insufflator,Reusable capital equipment,Reusable,Not sterile,No,,,,,,,,,,,,Each,Adult,UCR CO2 Regulation Unit,"Verify current system configuration, connectors, and platform compatibility.",Verified - manufacturer catalog; current market status pending,Hidden - current U.S. status unverified,SRC022,p. 6.02,2021,2021 U.S. catalog; current model availability must be confirmed.,,{}
PRD-75E555BC77,MFR-954E57FBB9,Olympus,,Olympus Endoscopy Accessories,UCR Gas Cylinder Hose,MAJ-1080,,,,,Endoscopy platform,Platform accessory,Accessory,Reusable or disposable per IFU,,No,,,,,,,,,,,,Catalog unit,Adult,UCR Gas Cylinder Hose,Platform-specific accessory; verify compatibility with CO2 insufflator.,Verified - manufacturer catalog; current market status pending,Hidden - current U.S. status unverified,SRC022,p. 6.04,2021,2021 U.S. catalog; current model availability must be confirmed.,,{}
PRD-48AEE784DD,MFR-954E57FBB9,Olympus,,Olympus Endoscopy Accessories,UCR High-Pressure CO2 Hose,MAJ-1084,,,,,Endoscopy platform,Platform accessory,Accessory,Reusable or disposable per IFU,,No,,,,,,,,,,,,Catalog unit,Adult,UCR High-Pressure CO2 Hose,Platform-specific accessory; verify compatibility with CO2 insufflator.,Verified - manufacturer catalog; current market status pending,Hidden - current U.S. status unverified,SRC022,p. 6.04,2021,2021 U.S. catalog; current model availability must be confirmed.,,{}
PRD-CC458478A5,MFR-954E57FBB9,Olympus,,Olympus Endoscopy Accessories,UCR Low-Pressure CO2 Hose,MAJ-1085,,,,,Endoscopy platform,Platform accessory,Accessory,Reusable or disposable per IFU,,No,,,,,,,,,,,,Catalog unit,Adult,UCR Low-Pressure CO2 Hose,Platform-specific accessory; verify compatibility with CO2 insufflator.,Verified - manufacturer catalog; current market status pending,Hidden - current U.S. status unverified,SRC022,p. 6.04,2021,2021 U.S. catalog; current model availability must be confirmed.,,{}
PRD-12CFCE9A6C,MFR-954E57FBB9,Olympus,,Olympus Endoscopy Accessories,WM-DP3 Series Workstation,WM-DP3,,,,,Endoscopy platform,Endoscopy workstation,Reusable capital equipment,Reusable,Not sterile,No,,,,,,,,,,,,Each,Adult,WM-DP3 Series Workstation,"Verify current system configuration, connectors, and platform compatibility.",Verified - manufacturer catalog; current market status pending,Hidden - current U.S. status unverified,SRC022,p. 2.05,2021,2021 U.S. catalog; current model availability must be confirmed.,,{}
PRD-FE1DBA6966,MFR-954E57FBB9,Olympus,,Olympus Endoscopy Accessories,WM-NP3 Basic Workstation Configuration,K10035361,,,,,Endoscopy platform,Platform accessory,Accessory,Reusable or disposable per IFU,,No,,,,,,,,,,,,Catalog unit,Adult,WM-NP3 Basic Workstation Configuration,Platform-specific accessory; verify compatibility with Endoscopy system cart.,Verified - manufacturer catalog; current market status pending,Hidden - current U.S. status unverified,SRC022,p. 2.04,2021,2021 U.S. catalog; current model availability must be confirmed.,,{}
PRD-F376B6A68F,MFR-954E57FBB9,Olympus,,Olympus Endoscopy Accessories,WM-NP3 GI Standard Workstation Configuration,K10035366,,,,,Endoscopy platform,Platform accessory,Accessory,Reusable or disposable per IFU,,No,,,,,,,,,,,,Catalog unit,Adult,WM-NP3 GI Standard Workstation Configuration,Platform-specific accessory; verify compatibility with Endoscopy system cart.,Verified - manufacturer catalog; current market status pending,Hidden - current U.S. status unverified,SRC022,p. 2.04,2021,2021 U.S. catalog; current model availability must be confirmed.,,{}
PRD-047902FA9C,MFR-954E57FBB9,Olympus,,Olympus Endoscopy Accessories,WM-NP3 Series Workstation,WM-NP3,,,,,Endoscopy platform,Endoscopy workstation,Reusable capital equipment,Reusable,Not sterile,No,,,,,,,,,,,,Each,Adult,WM-NP3 Series Workstation,"Verify current system configuration, connectors, and platform compatibility.",Verified - manufacturer catalog; current market status pending,Hidden - current U.S. status unverified,SRC022,p. 2.02,2021,2021 U.S. catalog; current model availability must be confirmed.,,{}
PRD-6D6EEB24B8,MFR-954E57FBB9,Olympus,,Olympus Endoscopy Accessories,WM-NP3 Urology Workstation Configuration,K10035371,,,,,Endoscopy platform,Platform accessory,Accessory,Reusable or disposable per IFU,,No,,,,,,,,,,,,Catalog unit,Adult,WM-NP3 Urology Workstation Configuration,Platform-specific accessory; verify compatibility with Endoscopy system cart.,Verified - manufacturer catalog; current market status pending,Hidden - current U.S. status unverified,SRC022,p. 2.04,2021,2021 U.S. catalog; current model availability must be confirmed.,,{}
PRD-705623F89A,MFR-954E57FBB9,Olympus,Olympus America,Olympus EndoTherapy,Channel-Opening Cleaning Brush,MAJ-1339,,,,,Reprocessing,Cleaning brush,Disposable accessory,Single-use,,,,,,,,,,,,,,Box 50,,Single-use cleaning brush for endoscope channel openings.,Match scope dimensions and current Olympus reprocessing/IFU instructions.,Verified - manufacturer catalog,Prototype visible - reverify before production,SRC012,Respiratory 14.15 (PDF p. 130),2024,Exact manufacturer catalog entry; confirm current U.S. availability and reprocessing requirements.,,"{""compatible_channel_mm"":""1.2-6.0"",""catalog_quantity"":50}"
PRD-5EF986AAB1,MFR-954E57FBB9,Olympus,Olympus America,Olympus EndoTherapy,Reusable Bite Block,MA-651,,,,,Bronchoscopy accessory,Bite block,Reusable accessory,Reusable,,,,,,,,,,,,,,Each,,Reusable bite block for endoscopes up to 7 mm outer diameter.,Match scope dimensions and current Olympus reprocessing/IFU instructions.,Verified - manufacturer catalog,Prototype visible - reverify before production,SRC012,Respiratory 14.15 (PDF p. 130),2024,Exact manufacturer catalog entry; confirm current U.S. availability and reprocessing requirements.,,"{""maximum_scope_od_mm"":7}"
PRD-E1E020F3BF,MFR-954E57FBB9,Olympus,Olympus America,Olympus EndoTherapy,Reusable Cleaning Brush,BW-15B,,,,,Reprocessing,Cleaning brush,Reusable accessory,Reusable,,,,,,,,,,,,,,Each,,Reusable cleaning brush.,Match scope dimensions and current Olympus reprocessing/IFU instructions.,Verified - manufacturer catalog,Prototype visible - reverify before production,SRC012,Respiratory 14.17 (PDF p. 132),2024,Exact manufacturer catalog entry; confirm current U.S. availability and reprocessing requirements.,,"{""compatible_channel_mm"":""2.0-3.2""}"
PRD-DD8657352D,MFR-954E57FBB9,Olympus,Olympus America,Olympus EndoTherapy,Reusable Cleaning Brush,BW-15SH,,,,,Reprocessing,Cleaning brush,Reusable accessory,Reusable,,,,,,,,,,,,,,Each,,Reusable cleaning brush for small channels.,Match scope dimensions and current Olympus reprocessing/IFU instructions.,Verified - manufacturer catalog,Prototype visible - reverify before production,SRC012,Respiratory 14.17 (PDF p. 132),2024,Exact manufacturer catalog entry; confirm current U.S. availability and reprocessing requirements.,,"{""compatible_channel_mm"":""1.0-1.5""}"
PRD-D49EB30A21,MFR-954E57FBB9,Olympus,Olympus America,Olympus EndoTherapy,Reusable Cleaning Wire,BW-16C,,,,,Reprocessing,Cleaning brush,Reusable accessory,Reusable,,,,,,,,,,,,,,Box 10,,Reusable cleaning wire.,Match scope dimensions and current Olympus reprocessing/IFU instructions.,Verified - manufacturer catalog,Prototype visible - reverify before production,SRC012,Respiratory 14.17 (PDF p. 132),2024,Exact manufacturer catalog entry; confirm current U.S. availability and reprocessing requirements.,,"{""catalog_quantity"":10}"
PRD-426476A0AB,MFR-954E57FBB9,Olympus,Olympus America,Olympus EndoTherapy,Single-Use Bite Block,MAJ-1632,,,,,Bronchoscopy accessory,Bite block,Disposable accessory,Single-use,,,,,,,,,,,,,,Box 50,,Single-use bite block for bronchoscopy and GI endoscopy.,Match scope dimensions and current Olympus reprocessing/IFU instructions.,Verified - manufacturer catalog,Prototype visible - reverify before production,SRC012,Respiratory 14.15 (PDF p. 130),2024,Exact manufacturer catalog entry; confirm current U.S. availability and reprocessing requirements.,,"{""catalog_quantity"":50}"
PRD-2EAA2EFE2C,MFR-954E57FBB9,Olympus,Olympus America,Olympus EndoTherapy,Single-Use Combination Cleaning Brush,BW-411B,,,,,Reprocessing,Cleaning brush,Disposable accessory,Single-use,,,,,,,,,,,,,,Box 50,,Combination cleaning brush for endoscope channels.,Match scope dimensions and current Olympus reprocessing/IFU instructions.,Verified - manufacturer catalog,Prototype visible - reverify before production,SRC012,Respiratory 14.16 (PDF p. 131),2024,Exact manufacturer catalog entry; confirm current U.S. availability and reprocessing requirements.,,"{""compatible_channel_mm"":""2.0-3.2"",""catalog_quantity"":50}"
PRD-D771E6D06A,MFR-954E57FBB9,Olympus,Olympus America,Olympus EndoTherapy,Single-Use Wire-Sheath Cleaning Brush,BW-400B,,,,,Reprocessing,Cleaning brush,Disposable accessory,Single-use,,,,,,,,,,,,,,Box 10,,Single-use wire-sheath cleaning brush.,Match scope dimensions and current Olympus reprocessing/IFU instructions.,Verified - manufacturer catalog,Prototype visible - reverify before production,SRC012,Respiratory 14.16 (PDF p. 131),2024,Exact manufacturer catalog entry; confirm current U.S. availability and reprocessing requirements.,,"{""compatible_channel_mm"":""1.0-1.5"",""catalog_quantity"":10}"
PRD-C2CB78AC4C,MFR-954E57FBB9,Olympus,Olympus America,Olympus Foreign Body Retrieval,Mini Grasping Basket,FG-52D,,,,,Retrieval,Foreign body retrieval device,Reusable instrument,Reusable,,,,,,3-wire helical basket; 8 mm opening; 115 cm; min channel 1.2 mm,,,,,115,1.2,,Each,,Flexible respiratory foreign-body retrieval device.,Minimum working channel 1.2 mm; verify scope and IFU.,Verified - manufacturer catalog,Prototype visible - reverify before production,SRC012,Respiratory 14.13 (PDF p. 126),2024,Exact manufacturer catalog entry; confirm current U.S. availability and reprocessing instructions.,,"{""opening_mm"":8,""design"":""3-wire helical""}"
PRD-9C633556C2,MFR-954E57FBB9,Olympus,Olympus America,Olympus Foreign Body Retrieval,Mini Three-Prong Grasping Forceps,FG-54D,,,,,Retrieval,Foreign body retrieval device,Reusable instrument,Reusable,,,,,,Three-prong; 10 mm opening; 115 cm; min channel 1.2 mm,,,,,115,1.2,,Each,,Flexible respiratory foreign-body retrieval device.,Minimum working channel 1.2 mm; verify scope and IFU.,Verified - manufacturer catalog,Prototype visible - reverify before production,SRC012,Respiratory 14.13 (PDF p. 126),2024,Exact manufacturer catalog entry; confirm current U.S. availability and reprocessing instructions.,,"{""opening_mm"":10,""jaw_style"":""three-prong""}"
PRD-D630438171,MFR-954E57FBB9,Olympus,Olympus America,Olympus Foreign Body Retrieval,Rat-Tooth Grasping Forceps,FG-214P,,,,,Retrieval,Foreign body retrieval device,Reusable instrument,Reusable,,,,,,Rat-tooth; 3.8 mm opening; 190 cm; min channel 2.0 mm,,,,,190,2.0,,Each,,Flexible respiratory foreign-body retrieval device.,Minimum working channel 2.0 mm; verify scope and IFU.,Verified - manufacturer catalog,Prototype visible - reverify before production,SRC012,Respiratory 14.13 (PDF p. 127),2024,Exact manufacturer catalog entry; confirm current U.S. availability and reprocessing instructions.,,"{""opening_mm"":3.8,""jaw_style"":""rat-tooth""}"
PRD-D5A6823E45,MFR-954E57FBB9,Olympus,Olympus America,Olympus Foreign Body Retrieval,Rat-Tooth Grasping Forceps,FG-226C,,,,,Retrieval,Foreign body retrieval device,Reusable instrument,Reusable,,,,,,Rat-tooth; 4.1 mm opening; 105 cm; min channel 2.8 mm,,,,,105,2.8,,Each,,Flexible respiratory foreign-body retrieval device.,Minimum working channel 2.8 mm; verify scope and IFU.,Verified - manufacturer catalog,Prototype visible - reverify before production,SRC012,Respiratory 14.13 (PDF p. 127),2024,Exact manufacturer catalog entry; confirm current U.S. availability and reprocessing instructions.,,"{""opening_mm"":4.1,""jaw_style"":""rat-tooth""}"
PRD-2677F0C69F,MFR-954E57FBB9,Olympus,Olympus America,Olympus Foreign Body Retrieval,Rubber-Tip Grasping Forceps,FG-220P,,,,,Retrieval,Foreign body retrieval device,Reusable instrument,Reusable,,,,,,Rubber-tip; 4.8 mm opening; 190 cm; min channel 2.0 mm,,,,,190,2.0,,Each,,Flexible respiratory foreign-body retrieval device.,Minimum working channel 2.0 mm; verify scope and IFU.,Verified - manufacturer catalog,Prototype visible - reverify before production,SRC012,Respiratory 14.13 (PDF p. 127),2024,Exact manufacturer catalog entry; confirm current U.S. availability and reprocessing instructions.,,"{""opening_mm"":4.8,""jaw_style"":""rubber-tip""}"
PRD-C88B1CD284,MFR-954E57FBB9,Olympus,Olympus America,Olympus Foreign Body Retrieval,Shark-Tooth Grasping Forceps,FG-232L,,,,,Retrieval,Foreign body retrieval device,Reusable instrument,Reusable,,,,,,Shark-tooth; 7.3 mm opening; 162.1 cm; min channel 2.8 mm,,,,,162.1,2.8,,Each,,Flexible respiratory foreign-body retrieval device.,Minimum working channel 2.8 mm; verify scope and IFU.,Verified - manufacturer catalog,Prototype visible - reverify before production,SRC012,Respiratory 14.13 (PDF p. 128),2024,Exact manufacturer catalog entry; confirm current U.S. availability and reprocessing instructions.,,"{""opening_mm"":7.3,""jaw_style"":""shark-tooth""}"
PRD-BEB189750B,MFR-954E57FBB9,Olympus,Olympus America,Olympus Foreign Body Retrieval,W-Shape Grasping Forceps,FG-804L,,,,,Retrieval,Foreign body retrieval device,Reusable instrument,Reusable,,,,,,W-shape; 14 mm opening; 165 cm; min channel 2.0 mm,,,,,165,2.0,,Each,,Flexible respiratory foreign-body retrieval device.,Minimum working channel 2.0 mm; verify scope and IFU.,Verified - manufacturer catalog,Prototype visible - reverify before production,SRC012,Respiratory 14.13 (PDF p. 128),2024,Exact manufacturer catalog entry; confirm current U.S. availability and reprocessing instructions.,,"{""opening_mm"":14,""jaw_style"":""W-shape""}"
PRD-34BAA70074,MFR-954E57FBB9,Olympus,,Olympus Radial EBUS,Probe Driving Unit,MAJ-1720,,,,,Peripheral bronchoscopy,Radial EBUS drive unit,Reusable capital equipment,Reusable,Not sterile,No,,,,,,,,,,,,Each,Adult,Mechanical probe drive unit for radial ultrasound miniature probes.,Mechanically compatible with EU-ME2/EU-ME3 and radial ultrasound miniature probes.,Verified - manufacturer flyer; current U.S. status pending,Hidden - current U.S. status unverified,SRC029,p. 2,2023-04,,,{}
PRD-DF5BFBB99D,MFR-954E57FBB9,Olympus,,Olympus Radial EBUS,Radial Ultrasound Miniature Probe,UM-S20-17S,,,,,Peripheral bronchoscopy,Radial EBUS probe,Reusable ultrasound probe,Reusable,Reprocessed,No,,,,20 MHz; WL 2150 mm; min channel 1.7 mm,,,,,215,1.7,,Each,Adult,Mechanical radial ultrasound miniature probe.,Compatible GuideSheath kits: K-401; K-402; requires compatible probe drive unit.,Verified - manufacturer flyer; current U.S. status pending,Hidden - current U.S. status unverified,SRC029,p. 1,2023-04,European/global flyer; current U.S. availability must be confirmed.,,"{""compatible_guide_sheath_kits"": ""K-401; K-402"", ""frequency_mhz"": 20, ""minimum_channel_mm"": 1.7, ""scanning_mode"": ""mechanical radial"", ""working_length_mm"": 2150}"
PRD-2E043ED827,MFR-954E57FBB9,Olympus,,Olympus Radial EBUS,Radial Ultrasound Miniature Probe,UM-S20-20R,,,,,Peripheral bronchoscopy,Radial EBUS probe,Reusable ultrasound probe,Reusable,Reprocessed,No,,,,20 MHz; WL 2050 mm; min channel 2.0 mm,,,,,205,2,,Each,Adult,Mechanical radial ultrasound miniature probe.,Compatible GuideSheath kits: K-403; K-404; requires compatible probe drive unit.,Verified - manufacturer flyer; current U.S. status pending,Hidden - current U.S. status unverified,SRC029,p. 1,2023-04,European/global flyer; current U.S. availability must be confirmed.,,"{""compatible_guide_sheath_kits"": ""K-403; K-404"", ""frequency_mhz"": 20, ""minimum_channel_mm"": 2.0, ""scanning_mode"": ""mechanical radial"", ""working_length_mm"": 2050}"
PRD-2C4537F4D4,MFR-954E57FBB9,Olympus,Olympus America,Peripheral Bronchoscopy Solutions,Peripheral Biopsy Forceps,FB-433D,,,,,Peripheral bronchoscopy,Biopsy forceps,Single-use accessory,Single use,Sterile,No,,,,Oval fenestrated cups,,,,,115,1.7,,Each,Adult,Dedicated peripheral bronchoscopy biopsy forceps.,1.7 mm working channel or GuideSheath,Verified - manufacturer flyer; current U.S. status pending,Hidden - current U.S. status unverified,SRC029,p. 1,2023-04,European/global flyer; current U.S. availability must be confirmed.,,"{""details"": ""Oval fenestrated cups"", ""minimum_channel_mm"": 1.7, ""working_length_mm"": 1150}"
PRD-CB09A823A5,MFR-954E57FBB9,Olympus,,Peripheral Bronchoscopy Solutions,Peripheral Cytology Brush,BC-205D-2010,,,,,Peripheral bronchoscopy,Cytology brush,Single-use accessory,Single use,Sterile,No,,,,Brush diameter 2 mm; brush length 10 mm,,,,,115,1.7,,Each,Adult,Dedicated peripheral bronchoscopy cytology brush.,1.7 mm working channel or GuideSheath,Verified - manufacturer flyer; current U.S. status pending,Hidden - current U.S. status unverified,SRC029,p. 1,2023-04,European/global flyer; current U.S. availability must be confirmed.,,"{""details"": ""Brush diameter 2 mm; brush length 10 mm"", ""minimum_channel_mm"": 1.7, ""working_length_mm"": 1150}"
PRD-25415AA480,MFR-954E57FBB9,Olympus,Olympus America,Peripheral Bronchoscopy Solutions,PeriView FLEX Needle,NA-403D-2021,,,,,Peripheral bronchoscopy,Peripheral TBNA needle,Single-use accessory,Single use,Sterile,No,,,,21G; 20 mm needle,,,,21G,115,1.7,,Each,Adult,Dedicated peripheral bronchoscopy peripheral tbna needle.,BF-MP190F or GuideSheath,Verified - manufacturer flyer; current U.S. status pending,Hidden - current U.S. status unverified,SRC029,p. 1,2023-04,European/global flyer; current U.S. availability must be confirmed.,,"{""details"": ""21G; 20 mm needle"", ""minimum_channel_mm"": 1.7, ""working_length_mm"": 1150}"
PRD-707B8A1974,MFR-954E57FBB9,Olympus,Olympus America,Peripheral Bronchoscopy Solutions,Single-Use Guiding Device,CC-220DR,,,,,Peripheral bronchoscopy,Guiding device,Single-use accessory,Single use,Sterile,No,,,,Working length 115 cm; min channel 2.0 mm,,,,,115,2,,Each,Adult,Dedicated peripheral bronchoscopy guiding device.,K-401; K-402; K-403; K-404,Verified - manufacturer flyer; current U.S. status pending,Hidden - current U.S. status unverified,SRC029,p. 1,2023-04,European/global flyer; current U.S. availability must be confirmed.,,"{""details"": """", ""minimum_channel_mm"": 2.0, ""working_length_mm"": 1150}"
PRD-5788C21B1E,MFR-954E57FBB9,Olympus,Olympus America,SmoothShot,SmoothShot Double-Needle TBNA Needle,NA-601D-1519,,,,,Sampling,Transbronchial aspiration needle,Disposable,Single-use,Sterile,,,,,Outer 19G x 15 mm; inner 21G x 3 mm; total 18 mm; 115 cm,,,,19G/21G,115,2.0,,Box 4,,Dual-needle TBNA design with outer 19G and inner 21G needle.,Minimum working channel 2.0 mm.,Verified - manufacturer catalog,Prototype visible - reverify before production,SRC012,Respiratory 14.07 (PDF p. 120),2024,Exact manufacturer catalog entry; confirm current U.S. availability and IFU before production use.,,"{""outer_gauge"":""19G"",""outer_needle_length_mm"":15,""inner_gauge"":""21G"",""inner_needle_length_mm"":3,""total_needle_length_mm"":18,""catalog_quantity"":4}"
PRD-A457429809,MFR-954E57FBB9,Olympus,Olympus America,SmoothShot,SmoothShot TBNA Needle,NA-401D-1321,,,,,Sampling,Transbronchial aspiration needle,Disposable,Single-use,Sterile,,,,,21G; needle 13 mm; 115 cm; min channel 2.0 mm,,,,21G,115,2.0,,Box 4,,Single-use non-EBUS transbronchial aspiration needle.,Minimum working channel 2.0 mm.,Verified - manufacturer catalog,Prototype visible - reverify before production,SRC012,Respiratory 14.06 (PDF p. 119),2024,Exact manufacturer catalog entry; confirm current U.S. availability and IFU before production use.,,"{""needle_length_mm"":13,""side_hole"":false,""catalog_quantity"":4}"
PRD-D4228B0E6F,MFR-954E57FBB9,Olympus,Olympus America,SmoothShot,SmoothShot TBNA Needle,NA-401D-1521,,,,,Sampling,Transbronchial aspiration needle,Disposable,Single-use,Sterile,,,,,21G; needle 15 mm; 115 cm; min channel 2.0 mm,,,,21G,115,2.0,,Box 4,,Single-use non-EBUS transbronchial aspiration needle.,Minimum working channel 2.0 mm.,Verified - manufacturer catalog,Prototype visible - reverify before production,SRC012,Respiratory 14.06 (PDF p. 119),2024,Exact manufacturer catalog entry; confirm current U.S. availability and IFU before production use.,,"{""needle_length_mm"":15,""side_hole"":false,""catalog_quantity"":4}"
PRD-7E601C1D9F,MFR-954E57FBB9,Olympus,Olympus America,SmoothShot,SmoothShot TBNA Needle with Side Hole,NA-411D-1321,,,,,Sampling,Transbronchial aspiration needle,Disposable,Single-use,Sterile,,,,,21G; needle 13 mm; 115 cm; min channel 2.0 mm,,,,21G,115,2.0,,Box 4,,Single-use non-EBUS transbronchial aspiration needle.,Minimum working channel 2.0 mm.,Verified - manufacturer catalog,Prototype visible - reverify before production,SRC012,Respiratory 14.06 (PDF p. 119),2024,Exact manufacturer catalog entry; confirm current U.S. availability and IFU before production use.,,"{""needle_length_mm"":13,""side_hole"":true,""catalog_quantity"":4}"
PRD-77145058F8,MFR-954E57FBB9,Olympus,Olympus America,SmoothShot,SmoothShot TBNA Needle with Side Hole,NA-411D-1521,,,,,Sampling,Transbronchial aspiration needle,Disposable,Single-use,Sterile,,,,,21G; needle 15 mm; 115 cm; min channel 2.0 mm,,,,21G,115,2.0,,Box 4,,Single-use non-EBUS transbronchial aspiration needle.,Minimum working channel 2.0 mm.,Verified - manufacturer catalog,Prototype visible - reverify before production,SRC012,Respiratory 14.06 (PDF p. 119),2024,Exact manufacturer catalog entry; confirm current U.S. availability and IFU before production use.,,"{""needle_length_mm"":15,""side_hole"":true,""catalog_quantity"":4}"
PRD-5CF4A24299,MFR-954E57FBB9,Olympus,Olympus America,SPiN Vision,SPiN Vision Video Cart,SYS-5150,,,,,Bronchoscopy platform,Endoscopy cart,Reusable equipment,Reusable,,,,,,,,,,,,,,Each,,Video cart listed for the H-SteriScope/SPiN Vision platform.,Match SYS-5100 and local monitor/equipment configuration.,Verified - manufacturer catalog,Prototype visible - reverify before production,SRC012,Respiratory 14.12 (PDF p. 125),2024,Exact manufacturer catalog entry; confirm current U.S. availability and platform configuration.,,{}
PRD-EA1D57AC9A,MFR-954E57FBB9,Olympus,Olympus America,SPiN Vision,SPiN Vision Video Processor,SYS-5100,,,,,Bronchoscopy platform,Video processor,Reusable equipment,Reusable,,,,,,,,,,,,,,Each,,Video processor listed for the H-SteriScope single-use bronchoscope family.,Match H-SteriScope model and current platform documentation.,Verified - manufacturer catalog,Prototype visible - reverify before production,SRC012,Respiratory 14.12 (PDF p. 125),2024,Exact manufacturer catalog entry; confirm current U.S. availability and platform configuration.,,{}
PRD-6D6BE53B9B,MFR-954E57FBB9,Olympus,Olympus America,Spiration Valve System,Spiration Valve Airway Sizing Kit,SVS-VSK-KIT,,,,,Endobronchial valve,Valve sizing kit,Disposable kit,Single-use,Sterile,,,,,Sizing kit; min channel 2.0 mm,,,,,,2.0,,Each,,Airway sizing kit listed with B5-2C balloon catheter.,Contains/uses B5-2C; match current Spiration Valve System IFU.,Verified - manufacturer catalog,Prototype visible - reverify before production,SRC012,Respiratory 14.11 (PDF p. 124),2024,"Exact manufacturer catalog entry; confirm current indication, IFU, and U.S. availability before production use.",,"{""included_balloon_catheter"":""B5-2C"",""catalog_quantity"":1}"
PRD-34234ED158,MFR-954E57FBB9,Olympus,Olympus America,Spiration Valve System,Spiration Valve Cartridge,SVS-V5-00,,,N5535500,,Endobronchial valve,Valve implant,Implant,Single-use,Sterile,Yes,,,,5 mm valve,5,,,,,2.6,,Each,,One-way Spiration endobronchial valve cartridge.,Use with SVS-C26N-06 deployment catheter and Spiration sizing workflow.,Verified - manufacturer catalog,Prototype visible - reverify before production,SRC012,Respiratory 14.11 (PDF p. 124),2024,"Exact manufacturer catalog entry; confirm current indication, IFU, and U.S. availability before production use.",,"{""valve_outer_diameter_mm"":5,""catalog_quantity"":1}"
PRD-B9B15302A7,MFR-954E57FBB9,Olympus,Olympus America,Spiration Valve System,Spiration Valve Cartridge,SVS-V6-00,,,N5535600,,Endobronchial valve,Valve implant,Implant,Single-use,Sterile,Yes,,,,6 mm valve,6,,,,,2.6,,Each,,One-way Spiration endobronchial valve cartridge.,Use with SVS-C26N-06 deployment catheter and Spiration sizing workflow.,Verified - manufacturer catalog,Prototype visible - reverify before production,SRC012,Respiratory 14.11 (PDF p. 124),2024,"Exact manufacturer catalog entry; confirm current indication, IFU, and U.S. availability before production use.",,"{""valve_outer_diameter_mm"":6,""catalog_quantity"":1}"
PRD-0A2A8CB33F,MFR-954E57FBB9,Olympus,Olympus America,Spiration Valve System,Spiration Valve Cartridge,SVS-V7-00,,,N5535700,,Endobronchial valve,Valve implant,Implant,Single-use,Sterile,Yes,,,,7 mm valve,7,,,,,2.6,,Each,,One-way Spiration endobronchial valve cartridge.,Use with SVS-C26N-06 deployment catheter and Spiration sizing workflow.,Verified - manufacturer catalog,Prototype visible - reverify before production,SRC012,Respiratory 14.11 (PDF p. 124),2024,"Exact manufacturer catalog entry; confirm current indication, IFU, and U.S. availability before production use.",,"{""valve_outer_diameter_mm"":7,""catalog_quantity"":1}"
PRD-69DB2A28A9,MFR-954E57FBB9,Olympus,Olympus America,Spiration Valve System,Spiration Valve Cartridge,SVS-V9-00,,,N5535900,,Endobronchial valve,Valve implant,Implant,Single-use,Sterile,Yes,,,,9 mm valve,9,,,,,2.6,,Each,,One-way Spiration endobronchial valve cartridge.,Use with SVS-C26N-06 deployment catheter and Spiration sizing workflow.,Verified - manufacturer catalog,Prototype visible - reverify before production,SRC012,Respiratory 14.11 (PDF p. 124),2024,"Exact manufacturer catalog entry; confirm current indication, IFU, and U.S. availability before production use.",,"{""valve_outer_diameter_mm"":9,""catalog_quantity"":1}"
PRD-A85A76CB3E,MFR-954E57FBB9,Olympus,Olympus America,Spiration Valve System,Spiration Valve Deployment System,SVS-C26N-06,,,N5538900,,Endobronchial valve,Valve delivery catheter,Disposable,Single-use,Sterile,,,,,102 cm; min channel 2.6 mm,,,,,102,2.6,,Each,,Single-use deployment system for Spiration valve cartridges.,"Compatible with Spiration SVS-V5-00, V6-00, V7-00, and V9-00 valves per current IFU.",Verified - manufacturer catalog,Prototype visible - reverify before production,SRC012,Respiratory 14.11 (PDF p. 124),2024,"Exact manufacturer catalog entry; confirm current indication, IFU, and U.S. availability before production use.",,"{""working_length_mm"":1020,""catalog_quantity"":1}"
PRD-EB1A3E8F85,MFR-954E57FBB9,Olympus,Olympus America,ViziShot,EBUS Needle Adapter / Biopsy Valve,MAJ-1414,,,,,EBUS accessory,Needle adapter / biopsy valve,Disposable accessory,Single-use,,,,,,Adapter valve; 10 per box,,,,,,,,Box 10,,Adapter/biopsy valve listed for Olympus ViziShot and ViziShot 2 needle sets.,Use only with compatible Olympus ViziShot needle set and EBUS scope per IFU.,Verified - manufacturer catalog,Prototype visible - reverify before production,SRC012,Respiratory 14.08-14.10 (PDF pp. 121-123),2024,Exact manufacturer catalog entry; confirm current U.S. availability and IFU before production use.,,"{""catalog_quantity"":10,""compatible_families"":[""ViziShot"",""ViziShot 2""]}"
PRD-DF1BEBD0C9,MFR-954E57FBB9,Olympus,Olympus America,ViziShot,ViziShot EBUS-TBNA Needle,NA-201SX-4021,,,,,Sampling,EBUS needle,Disposable,Single-use,Sterile,,,,,21G; max needle 40 mm; 70 cm; min channel 2.0 mm,,,,21G,70,2.0,,Box 5,,Single-use Olympus EBUS-TBNA/FNB needle.,Uses MAJ-1414 adapter/biopsy valve; match exact scope and IFU.,Verified - manufacturer catalog,Prototype visible - reverify before production,SRC012,Respiratory 14.10 (PDF p. 123),2024,Exact manufacturer catalog entry; confirm current U.S. availability and IFU before production use.,,"{""maximum_needle_length_mm"":40,""catalog_quantity"":5,""adapter"":""MAJ-1414""}"
PRD-664CA0CB26,MFR-954E57FBB9,Olympus,Olympus America,ViziShot,ViziShot EBUS-TBNA Needle,NA-201SX-4022-A,,,,,Sampling,EBUS needle,Disposable,Single-use,Sterile,,,,,22G; max needle 40 mm; 70 cm; min channel 2.0 mm,,,,22G,70,2.0,,Box 5,,Single-use Olympus EBUS-TBNA/FNB needle.,Uses MAJ-1414 adapter/biopsy valve; match exact scope and IFU.,Verified - manufacturer catalog,Prototype visible - reverify before production,SRC012,Respiratory 14.10 (PDF p. 123),2024,Exact manufacturer catalog entry; confirm current U.S. availability and IFU before production use.,,"{""maximum_needle_length_mm"":40,""catalog_quantity"":5,""adapter"":""MAJ-1414""}"
PRD-E393622AEC,MFR-954E57FBB9,Olympus,Olympus America,ViziShot,ViziShot EBUS-TBNA Needle,NA-201SX-4022-B,,,,,Sampling,EBUS needle,Disposable,Single-use,Sterile,,,,,22G; max needle 40 mm; 70 cm; min channel 2.0 mm,,,,22G,70,2.0,,Each,,Single-use Olympus EBUS-TBNA/FNB needle.,Uses MAJ-1414 adapter/biopsy valve; match exact scope and IFU.,Verified - manufacturer catalog,Prototype visible - reverify before production,SRC012,Respiratory 14.10 (PDF p. 123),2024,Exact manufacturer catalog entry; confirm current U.S. availability and IFU before production use.,,"{""maximum_needle_length_mm"":40,""catalog_quantity"":1,""adapter"":""MAJ-1414""}"
PRD-365451442E,MFR-954E57FBB9,Olympus,Olympus America,ViziShot,"ViziShot EBUS-TBNA Needle, No Syringes",NA-201SX-4022-C,,,,,Sampling,EBUS needle,Disposable,Single-use,Sterile,,,,,22G; max needle 40 mm; 70 cm; min channel 2.0 mm,,,,22G,70,2.0,,Box 5,,Single-use Olympus EBUS-TBNA/FNB needle.,Uses MAJ-1414 adapter/biopsy valve; match exact scope and IFU.,Verified - manufacturer catalog,Prototype visible - reverify before production,SRC012,Respiratory 14.10 (PDF p. 123),2024,Exact manufacturer catalog entry; confirm current U.S. availability and IFU before production use.,,"{""maximum_needle_length_mm"":40,""catalog_quantity"":5,""adapter"":""MAJ-1414""}"
PRD-B9CF43923C,MFR-954E57FBB9,Olympus,Olympus America,ViziShot 2,ViziShot 2 EBUS-TBNA Needle,NA-U401SX-4021-A,,,,,Sampling,EBUS needle,Disposable,Single-use,Sterile,,,,,21G; max needle 40 mm; 70 cm; min channel 2.0 mm,,,,21G,70,2.0,,Box 5,,Single-use Olympus EBUS-TBNA/FNB needle.,Uses MAJ-1414 adapter/biopsy valve; match exact scope and IFU.,Verified - manufacturer catalog,Prototype visible - reverify before production,SRC012,Respiratory 14.08 (PDF p. 121),2024,Exact manufacturer catalog entry; confirm current U.S. availability and IFU before production use.,,"{""maximum_needle_length_mm"":40,""catalog_quantity"":5,""adapter"":""MAJ-1414""}"
PRD-1BCD8D38BC,MFR-954E57FBB9,Olympus,Olympus America,ViziShot 2,ViziShot 2 EBUS-TBNA Needle,NA-U401SX-4022-A,,,,,Sampling,EBUS needle,Disposable,Single-use,Sterile,,,,,22G; max needle 40 mm; 70 cm; min channel 2.0 mm,,,,22G,70,2.0,,Box 5,,Single-use Olympus EBUS-TBNA/FNB needle.,Uses MAJ-1414 adapter/biopsy valve; match exact scope and IFU.,Verified - manufacturer catalog,Prototype visible - reverify before production,SRC012,Respiratory 14.08 (PDF p. 121),2024,Exact manufacturer catalog entry; confirm current U.S. availability and IFU before production use.,,"{""maximum_needle_length_mm"":40,""catalog_quantity"":5,""adapter"":""MAJ-1414""}"
PRD-6D9A7A7E79,MFR-954E57FBB9,Olympus,Olympus America,ViziShot 2,ViziShot 2 EBUS-TBNA Needle,NA-U401SX-4025N,,,,,Sampling,EBUS needle,Disposable,Single-use,Sterile,,,,,25G; max needle 40 mm; 70 cm; min channel 2.0 mm,,,,25G,70,2.0,,Box 5,,Single-use Olympus EBUS-TBNA/FNB needle.,Uses MAJ-1414 adapter/biopsy valve; match exact scope and IFU.,Verified - manufacturer catalog,Prototype visible - reverify before production,SRC012,Respiratory 14.08 (PDF p. 121),2024,Exact manufacturer catalog entry; confirm current U.S. availability and IFU before production use.,,"{""maximum_needle_length_mm"":40,""catalog_quantity"":5,""adapter"":""MAJ-1414""}"
PRD-2EBBDD96EC,MFR-954E57FBB9,Olympus,Olympus America,ViziShot 2,"ViziShot 2 EBUS-TBNA Needle, No Syringes",NA-U401SX-4022-C,,,,,Sampling,EBUS needle,Disposable,Single-use,Sterile,,,,,22G; max needle 40 mm; 70 cm; min channel 2.0 mm,,,,22G,70,2.0,,Box 5,,Single-use Olympus EBUS-TBNA/FNB needle.,Uses MAJ-1414 adapter/biopsy valve; match exact scope and IFU.,Verified - manufacturer catalog,Prototype visible - reverify before production,SRC012,Respiratory 14.08 (PDF p. 121),2024,Exact manufacturer catalog entry; confirm current U.S. availability and IFU before production use.,,"{""maximum_needle_length_mm"":40,""catalog_quantity"":5,""adapter"":""MAJ-1414""}"
PRD-0D6E4DB711,MFR-954E57FBB9,Olympus,Olympus America,ViziShot 2 FLEX,ViziShot 2 FLEX EBUS FNA/FNB Needle,NA-U403SX-4019,,,,,Sampling,EBUS needle,Disposable,Single-use,Sterile,,,,,19G; max needle 40 mm; 70 cm; min channel 2.2 mm,,,,19G,70,2.2,,Each,,Single-use Olympus EBUS-TBNA/FNB needle.,Uses MAJ-1414 adapter/biopsy valve; match exact scope and IFU.,Verified - manufacturer catalog,Prototype visible - reverify before production,SRC012,Respiratory 14.09 (PDF p. 122),2024,Exact manufacturer catalog entry; confirm current U.S. availability and IFU before production use.,,"{""maximum_needle_length_mm"":40,""catalog_quantity"":1,""adapter"":""MAJ-1414""}"
PRD-6EE929E70C,MFR-233A56DF24,Pulmonx,,Zephyr,Zephyr Delivery Catheter,EDC-TS-4.0,,,,,Endobronchial valve,Delivery catheter,Disposable catheter,,,,,,,,,,,,,,,,,,,Candidate - user seed; primary source required,Hidden until verified,SRC007,Therapeutic bronchoscopy,,,,{}
PRD-737BCEA43F,MFR-233A56DF24,Pulmonx,,Zephyr,Zephyr Delivery Catheter,EDC-TS-4.0-J,,,,,Endobronchial valve,Delivery catheter,Disposable catheter,,,,,,,,,,,,,,,,,,,Candidate - user seed; primary source required,Hidden until verified,SRC007,Therapeutic bronchoscopy,,,,{}
PRD-0A72BF7A79,MFR-233A56DF24,Pulmonx,,Zephyr,Zephyr Delivery Catheter,EDC-TS-5.5-DM,,,,,Endobronchial valve,Delivery catheter,Disposable catheter,,,,,,,,,,,,,,,,,,,Candidate - user seed; primary source required,Hidden until verified,SRC007,Therapeutic bronchoscopy,,,,{}
PRD-6C43A37366,MFR-233A56DF24,Pulmonx,,Zephyr,Zephyr Endobronchial Valve,EBV-TS-4.0,,,,,Endobronchial valve,Valve implant,Implant,,,Yes,,,,,,,,,,,,,,4.0-7.0 mm airways,,Candidate - user seed; primary source required,Hidden until verified,SRC007,Therapeutic bronchoscopy,,,,{}
PRD-02AD30BCD3,MFR-233A56DF24,Pulmonx,,Zephyr,Zephyr Endobronchial Valve,EBV-TS-4.0-LP,,,,,Endobronchial valve,Valve implant,Implant,,,Yes,,,,,,,,,,,,,,Low-profile; 4.0-7.0 mm airways,,Candidate - user seed; primary source required,Hidden until verified,SRC007,Therapeutic bronchoscopy,,,,{}
PRD-C12AB8BEA4,MFR-233A56DF24,Pulmonx,,Zephyr,Zephyr Endobronchial Valve,EBV-TS-5.5,,,,,Endobronchial valve,Valve implant,Implant,,,Yes,,,,,,,,,,,,,,5.5-8.5 mm airways,,Candidate - user seed; primary source required,Hidden until verified,SRC007,Therapeutic bronchoscopy,,,,{}
PRD-FDC723362C,MFR-233A56DF24,Pulmonx,,Zephyr,Zephyr Endobronchial Valve,EBV-TS-5.5-LP,,,,,Endobronchial valve,Valve implant,Implant,,,Yes,,,,,,,,,,,,,,Low-profile; 5.5-8.5 mm airways,,Candidate - user seed; primary source required,Hidden until verified,SRC007,Therapeutic bronchoscopy,,,,{}
PRD-CB102A8291,MFR-27E7CF849C,Richard Wolf,,Richard Wolf THORAX,Automatic Leak Test Adapter,163.905,,,,,Rigid bronchoscopy,Flexible bronchoscope accessory,Accessory,Reusable or disposable per IFU,,No,,,,,,,,,,,,Each,Adult,Automatic Leak Test Adapter,Accessory for Richard Wolf flexible bronchoscope platform.,Verified - manufacturer catalog; current U.S. status pending,Hidden - current U.S. status unverified,SRC021,p. 5,2025,Global VI25 catalog; current U.S. availability and labeling must be confirmed.,Country availability may vary.,{}
PRD-C01DCF9726,MFR-27E7CF849C,Richard Wolf,,Richard Wolf THORAX,Biopsy Forceps,8281.33,,,,,Rigid bronchoscopy,Rigid bronchoscopy forceps,Reusable instrument,Reusable,Reprocessed,No,,,,WL 360 mm,,,,,,,,Each,Adult,Biopsy Forceps,Select working length and shaft diameter for bronchoscope tube.,Verified - manufacturer catalog; current U.S. status pending,Hidden - current U.S. status unverified,SRC021,p. 25,2025,Global VI25 catalog; current U.S. availability and labeling must be confirmed.,Country availability may vary.,{}
PRD-716AA24BEF,MFR-27E7CF849C,Richard Wolf,,Richard Wolf THORAX,"Biopsy Forceps, Smooth",8280.43,,,,,Rigid bronchoscopy,Rigid bronchoscopy forceps,Reusable instrument,Reusable,Reprocessed,No,,,,WL 460 mm,,,,,,,,Each,Adult,"Biopsy Forceps, Smooth",Select working length and shaft diameter for bronchoscope tube.,Verified - manufacturer catalog; current U.S. status pending,Hidden - current U.S. status unverified,SRC021,p. 25,2025,Global VI25 catalog; current U.S. availability and labeling must be confirmed.,Country availability may vary.,{}
PRD-ED98C24F0E,MFR-27E7CF849C,Richard Wolf,,Richard Wolf THORAX,"Biopsy Forceps, Smooth",8282.33,,,,,Rigid bronchoscopy,Rigid bronchoscopy forceps,Reusable instrument,Reusable,Reprocessed,No,,,,WL 335 mm,,,,,,,,Each,Adult,"Biopsy Forceps, Smooth",Select working length and shaft diameter for bronchoscope tube.,Verified - manufacturer catalog; current U.S. status pending,Hidden - current U.S. status unverified,SRC021,p. 25,2025,Global VI25 catalog; current U.S. availability and labeling must be confirmed.,Country availability may vary.,{}
PRD-ED5A6147B6,MFR-27E7CF849C,Richard Wolf,,Richard Wolf THORAX,Biopsy Valve Receptacle,15114175,,,,,Rigid bronchoscopy,Flexible bronchoscope accessory,Accessory,Reusable or disposable per IFU,,No,,,,,,,,,,,,Each,Adult,Biopsy Valve Receptacle,Accessory for Richard Wolf flexible bronchoscope platform.,Verified - manufacturer catalog; current U.S. status pending,Hidden - current U.S. status unverified,SRC021,p. 5,2025,Global VI25 catalog; current U.S. availability and labeling must be confirmed.,Country availability may vary.,{}
PRD-25D4F080A3,MFR-27E7CF849C,Richard Wolf,,Richard Wolf THORAX,Blue Sealing Cap,8205.13,,,,,Rigid bronchoscopy,Rigid bronchoscope accessory,Accessory,Reusable,Reprocessed,No,,,,,,,,,,,,Each,Adult,Blue Sealing Cap,Use with matching Richard Wolf WOLF/HEMER bronchoscope system.,Verified - manufacturer catalog; current U.S. status pending,Hidden - current U.S. status unverified,SRC021,p. 18,2025,Global VI25 catalog; current U.S. availability and labeling must be confirmed.,Country availability may vary.,{}
PRD-83DE1D08C4,MFR-27E7CF849C,Richard Wolf,,Richard Wolf THORAX,Bronchoscope Sealing Cap for 4/3.4/2.7 mm Telescope,8021.18,,,,,Rigid bronchoscopy,Rigid bronchoscope accessory,Accessory,Reusable,Reprocessed,No,,,,,,,,,,,,Each,Adult,Bronchoscope Sealing Cap for 4/3.4/2.7 mm Telescope,Use with matching Richard Wolf WOLF/HEMER bronchoscope system.,Verified - manufacturer catalog; current U.S. status pending,Hidden - current U.S. status unverified,SRC021,p. 18,2025,Global VI25 catalog; current U.S. availability and labeling must be confirmed.,Country availability may vary.,{}
PRD-473C35E94F,MFR-27E7CF849C,Richard Wolf,,Richard Wolf THORAX,Bronchoscope Sealing Cap for 5.5 mm Telescope,8020.18,,,,,Rigid bronchoscopy,Rigid bronchoscope accessory,Accessory,Reusable,Reprocessed,No,,,,,,,,,,,,Each,Adult,Bronchoscope Sealing Cap for 5.5 mm Telescope,Use with matching Richard Wolf WOLF/HEMER bronchoscope system.,Verified - manufacturer catalog; current U.S. status pending,Hidden - current U.S. status unverified,SRC021,p. 18,2025,Global VI25 catalog; current U.S. availability and labeling must be confirmed.,Country availability may vary.,{}
PRD-635FE10D65,MFR-27E7CF849C,Richard Wolf,,Richard Wolf THORAX,"Bypass Forceps, Jaw Curved Left",8243.711,,,,,Medical thoracoscopy,Thoracoscopy instrument,Reusable instrument,Reusable,Reprocessed,No,,,,OD 7 mm; WL 400 mm,,,,,,,,Each,Adult,"Bypass Forceps, Jaw Curved Left",,Verified - manufacturer catalog; current U.S. status pending,Hidden - current U.S. status unverified,SRC021,pp. 53-55,2025,Global VI25 catalog; current U.S. availability and labeling must be confirmed.,Country availability may vary.,{}
PRD-985ACD0324,MFR-27E7CF849C,Richard Wolf,,Richard Wolf THORAX,Clamping Attachment,8290020,,,,,Rigid bronchoscopy,Flexible bronchoscope accessory,Accessory,Reusable or disposable per IFU,,No,,,,,,,,,,,,Each,Adult,Clamping Attachment,Accessory for Richard Wolf flexible bronchoscope platform.,Verified - manufacturer catalog; current U.S. status pending,Hidden - current U.S. status unverified,SRC021,p. 5,2025,Global VI25 catalog; current U.S. availability and labeling must be confirmed.,Country availability may vary.,{}
PRD-2616E505ED,MFR-27E7CF849C,Richard Wolf,,Richard Wolf THORAX,Cleaning Brush,7980002,,,,,Endoscopy platform,Endoscope cleaning accessory,Cleaning accessory,Reusable or disposable per IFU,,No,,,,,,,,,,,,Each,Adult,Cleaning Brush,,Verified - manufacturer catalog; current U.S. status pending,Hidden - current U.S. status unverified,SRC021,p. 5,2025,Global VI25 catalog; current U.S. availability and labeling must be confirmed.,Country availability may vary.,{}
PRD-4BD7E911C3,MFR-27E7CF849C,Richard Wolf,,Richard Wolf THORAX,Cleaning Brush,7990001,,,,,Endoscopy platform,Endoscope cleaning accessory,Cleaning accessory,Reusable or disposable per IFU,,No,,,,,,,,,,,,Each,Adult,Cleaning Brush,,Verified - manufacturer catalog; current U.S. status pending,Hidden - current U.S. status unverified,SRC021,p. 5,2025,Global VI25 catalog; current U.S. availability and labeling must be confirmed.,Country availability may vary.,{}
PRD-4E59B4CEB3,MFR-27E7CF849C,Richard Wolf,,Richard Wolf THORAX,Cleaning Brush,8691,,,,,Endoscopy platform,Endoscope cleaning accessory,Cleaning accessory,Reusable or disposable per IFU,,No,,,,,,,,,,,,Each,Adult,Cleaning Brush,,Verified - manufacturer catalog; current U.S. status pending,Hidden - current U.S. status unverified,SRC021,p. 5,2025,Global VI25 catalog; current U.S. availability and labeling must be confirmed.,Country availability may vary.,{}
PRD-DFDC63935D,MFR-27E7CF849C,Richard Wolf,,Richard Wolf THORAX,Cotton Applicator,8296.51,,,,,Rigid bronchoscopy,Rigid bronchoscopy suction/accessory,Reusable instrument or accessory,Reusable,Reprocessed,No,,,,OD 3.4 mm; WL 490 mm,,,,,,,,Each,Adult,Cotton Applicator,,Verified - manufacturer catalog; current U.S. status pending,Hidden - current U.S. status unverified,SRC021,p. 26,2025,Global VI25 catalog; current U.S. availability and labeling must be confirmed.,Country availability may vary.,{}
PRD-0BCFAC0926,MFR-27E7CF849C,Richard Wolf,,Richard Wolf THORAX,Cotton Swab,8295.35,,,,,Rigid bronchoscopy,Rigid bronchoscopy suction/accessory,Reusable instrument or accessory,Reusable,Reprocessed,No,,,,OD 3 mm; WL 350 mm,,,,,,,,Each,Adult,Cotton Swab,,Verified - manufacturer catalog; current U.S. status pending,Hidden - current U.S. status unverified,SRC021,p. 26,2025,Global VI25 catalog; current U.S. availability and labeling must be confirmed.,Country availability may vary.,{}
PRD-3FE0E7E391,MFR-27E7CF849C,Richard Wolf,,Richard Wolf THORAX,Cotton Swab,8295.50,,,,,Rigid bronchoscopy,Rigid bronchoscopy suction/accessory,Reusable instrument or accessory,Reusable,Reprocessed,No,,,,OD 3 mm; WL 500 mm,,,,,,,,Each,Adult,Cotton Swab,,Verified - manufacturer catalog; current U.S. status pending,Hidden - current U.S. status unverified,SRC021,p. 26,2025,Global VI25 catalog; current U.S. availability and labeling must be confirmed.,Country availability may vary.,{}
PRD-7CDBD7C74A,MFR-27E7CF849C,Richard Wolf,,Richard Wolf THORAX,"Endobronchial Resector, Aggressive",825630546,,,,,Rigid bronchoscopy,Rigid bronchoscopic shaver instrument,Reusable instrument,Reusable,Reprocessed,No,,,,OD 5.5 mm; WL 460 mm,5.5,,,,46,,,Each,Adult,"Endobronchial Resector, Aggressive",Match motor/energy platform and bronchoscope tube internal diameter.,Verified - manufacturer catalog; current U.S. status pending,Hidden - current U.S. status unverified,SRC021,p. 12,2025,Global VI25 catalog; current U.S. availability and labeling must be confirmed.,Country availability may vary.,{}
PRD-1C81CBF06E,MFR-27E7CF849C,Richard Wolf,,Richard Wolf THORAX,"Endobronchial Resector, Curved",825620446,,,,,Rigid bronchoscopy,Rigid bronchoscopic shaver instrument,Reusable instrument,Reusable,Reprocessed,No,,,,OD 4.5 mm; WL 460 mm,4.5,,,,46,,,Each,Adult,"Endobronchial Resector, Curved",Match motor/energy platform and bronchoscope tube internal diameter.,Verified - manufacturer catalog; current U.S. status pending,Hidden - current U.S. status unverified,SRC021,p. 12,2025,Global VI25 catalog; current U.S. availability and labeling must be confirmed.,Country availability may vary.,{}
PRD-96993E6593,MFR-27E7CF849C,Richard Wolf,,Richard Wolf THORAX,"Endobronchial Resector, Curved Smooth",825610446,,,,,Rigid bronchoscopy,Rigid bronchoscopic shaver instrument,Reusable instrument,Reusable,Reprocessed,No,,,,OD 4.5 mm; WL 460 mm,4.5,,,,46,,,Each,Adult,"Endobronchial Resector, Curved Smooth",Match motor/energy platform and bronchoscope tube internal diameter.,Verified - manufacturer catalog; current U.S. status pending,Hidden - current U.S. status unverified,SRC021,p. 12,2025,Global VI25 catalog; current U.S. availability and labeling must be confirmed.,Country availability may vary.,{}
PRD-DCD7CC99AF,MFR-27E7CF849C,Richard Wolf,,Richard Wolf THORAX,Endobronchial Secretion Remover,825640546,,,,,Rigid bronchoscopy,Rigid bronchoscopic shaver instrument,Reusable instrument,Reusable,Reprocessed,No,,,,OD 5.5 mm; WL 448 mm,5.5,,,,44.8,,,Each,Adult,Endobronchial Secretion Remover,Match motor/energy platform and bronchoscope tube internal diameter.,Verified - manufacturer catalog; current U.S. status pending,Hidden - current U.S. status unverified,SRC021,p. 12,2025,Global VI25 catalog; current U.S. availability and labeling must be confirmed.,Country availability may vary.,{}
PRD-CE23D2A34E,MFR-27E7CF849C,Richard Wolf,,Richard Wolf THORAX,ENDOCAM Logic 4K Camera Control Unit Bundle,55253011,,,,,Endoscopy platform,Video processor,Reusable instrument,Reusable,Reprocessed,No,,,,4K camera control bundle,,,,,,,,Each,Adult,"Camera control unit bundle with remote, USB memory, HDMI cable, and power cable.",,Verified - manufacturer catalog; current U.S. status pending,Hidden - current U.S. status unverified,SRC021,p. 4,2025,Global VI25 catalog; current U.S. availability and labeling must be confirmed.,Country availability may vary.,{}
PRD-2DBF0805A2,MFR-27E7CF849C,Richard Wolf,,Richard Wolf THORAX,Endoscope-Side Light Cable Adapter,8095.00,,,,,Rigid bronchoscopy,Rigid bronchoscope accessory,Accessory,Reusable,Reprocessed,No,,,,,,,,,,,,Each,Adult,Endoscope-Side Light Cable Adapter,Use with matching Richard Wolf WOLF/HEMER bronchoscope system.,Verified - manufacturer catalog; current U.S. status pending,Hidden - current U.S. status unverified,SRC021,p. 18,2025,Global VI25 catalog; current U.S. availability and labeling must be confirmed.,Country availability may vary.,{}
PRD-7E9D9CEC94,MFR-27E7CF849C,Richard Wolf,,Richard Wolf THORAX,ERAGONbipolar Forceps Bundle,82340014,,,,,Endoscopy platform,Rigid bipolar forceps component,Reusable instrument,Reusable,Reprocessed,No,,,,,,,,,,,,Each,Adult,ERAGONbipolar Forceps Bundle,"Bundle requires matching jaw insert, sheath, handle, bipolar cable, and generator.",Verified - manufacturer catalog; current U.S. status pending,Hidden - current U.S. status unverified,SRC021,p. 14,2025,Global VI25 catalog; current U.S. availability and labeling must be confirmed.,Country availability may vary.,{}
PRD-F7968862EF,MFR-27E7CF849C,Richard Wolf,,Richard Wolf THORAX,ERAGONbipolar Jaw Insert,82340024,,,,,Endoscopy platform,Rigid bipolar forceps component,Reusable instrument,Reusable,Reprocessed,No,,,,,,,,,,,,Each,Adult,ERAGONbipolar Jaw Insert,"Bundle requires matching jaw insert, sheath, handle, bipolar cable, and generator.",Verified - manufacturer catalog; current U.S. status pending,Hidden - current U.S. status unverified,SRC021,p. 14,2025,Global VI25 catalog; current U.S. availability and labeling must be confirmed.,Country availability may vary.,{}
PRD-543E5F36B7,MFR-27E7CF849C,Richard Wolf,,Richard Wolf THORAX,ERAGONbipolar Pistol Handle,823400005,,,,,Endoscopy platform,Rigid bipolar forceps component,Reusable instrument,Reusable,Reprocessed,No,,,,,,,,,,,,Each,Adult,ERAGONbipolar Pistol Handle,"Bundle requires matching jaw insert, sheath, handle, bipolar cable, and generator.",Verified - manufacturer catalog; current U.S. status pending,Hidden - current U.S. status unverified,SRC021,p. 14,2025,Global VI25 catalog; current U.S. availability and labeling must be confirmed.,Country availability may vary.,{}
PRD-5D118F7388,MFR-27E7CF849C,Richard Wolf,,Richard Wolf THORAX,ERAGONbipolar Sheath Tube 5.5 mm x 435 mm,839300102,,,,,Endoscopy platform,Rigid bipolar forceps component,Reusable instrument,Reusable,Reprocessed,No,,,,Sheath OD 5.5 mm; length 435 mm,,,,,,,,Each,Adult,ERAGONbipolar Sheath Tube 5.5 mm x 435 mm,"Bundle requires matching jaw insert, sheath, handle, bipolar cable, and generator.",Verified - manufacturer catalog; current U.S. status pending,Hidden - current U.S. status unverified,SRC021,p. 14,2025,Global VI25 catalog; current U.S. availability and labeling must be confirmed.,Country availability may vary.,{}
PRD-18D62EB4E8,MFR-27E7CF849C,Richard Wolf,,Richard Wolf THORAX,"Fiber Light Cable Bundle, 2.5 mm x 2.3 m",806625231,,,,,Endoscopy platform,Endoscopy light cable,Reusable instrument,Reusable,Reprocessed,No,,,,2.5 mm x 2.3 m,2.5,,,,230,,,Each,Adult,"Fiber Light Cable Bundle, 2.5 mm x 2.3 m",Richard Wolf projector- and endoscope-side adapters included.,Verified - manufacturer catalog; current U.S. status pending,Hidden - current U.S. status unverified,SRC021,p. 6,2025,Global VI25 catalog; current U.S. availability and labeling must be confirmed.,Country availability may vary.,{}
PRD-1F54DB1DE4,MFR-27E7CF849C,Richard Wolf,,Richard Wolf THORAX,"Flexible 1-Channel Sensor Bronchoscope ""Slim""",7235011,,,,,Rigid bronchoscopy,Flexible sensor bronchoscope,Reusable instrument,Reusable,Reprocessed,No,,,,OD 3.3 mm; channel 1.5 mm; WL 680 mm,3.3,,,,68,1.5,,Each,Adult,Reusable sensor bronchoscope with suction valve and integrated LEDs.,Compatible with ENDOCAM Logic 4K/HD/HD lite; accessory OD must fit 1.5 mm channel.,Verified - manufacturer catalog; current U.S. status pending,Hidden - current U.S. status unverified,SRC021,p. 3,2025,Global VI25 catalog; current U.S. availability and labeling must be confirmed.,Country availability may vary.,"{""angle_of_view"": ""90°"", ""angulation"": ""150° up/down"", ""channel_mm"": 1.5, ""outer_od_mm"": 3.3, ""working_length_mm"": 680}"
PRD-A2F4A953C4,MFR-27E7CF849C,Richard Wolf,,Richard Wolf THORAX,Flexible Biopsy Forceps,829.601,,,,,Rigid bronchoscopy,Flexible bronchoscopy instrument,Reusable flexible instrument,Reusable,Reprocessed,No,,,,OD 1.0 mm; WL 920 mm,1,,,,92,,,Each,Adult,Flexible Biopsy Forceps,For 7235011 1.5 mm working channel.,Verified - manufacturer catalog; current U.S. status pending,Hidden - current U.S. status unverified,SRC021,p. 5,2025,Global VI25 catalog; current U.S. availability and labeling must be confirmed.,Country availability may vary.,{}
PRD-0F30F277C1,MFR-27E7CF849C,Richard Wolf,,Richard Wolf THORAX,Flexible Grasping Forceps,828.651,,,,,Rigid bronchoscopy,Flexible bronchoscopy instrument,Reusable flexible instrument,Reusable,Reprocessed,No,,,,OD 1.0 mm; WL 920 mm,1,,,,92,,,Each,Adult,Flexible Grasping Forceps,For 7235011 1.5 mm working channel.,Verified - manufacturer catalog; current U.S. status pending,Hidden - current U.S. status unverified,SRC021,p. 5,2025,Global VI25 catalog; current U.S. availability and labeling must be confirmed.,Country availability may vary.,{}
PRD-9CCC6DB32E,MFR-27E7CF849C,Richard Wolf,,Richard Wolf THORAX,Flexible Trocar Sleeve,8906.001,,,,,Medical thoracoscopy,Thoracoscopy trocar,Reusable instrument,Reusable,Reprocessed,No,,,,Capacity 7 mm; WL 74 mm,,,,,,,,Each,Adult,Flexible Trocar Sleeve,Select trocar capacity for scope/instrument outer diameter.,Verified - manufacturer catalog; current U.S. status pending,Hidden - current U.S. status unverified,SRC021,pp. 49-51,2025,Global VI25 catalog; current U.S. availability and labeling must be confirmed.,Country availability may vary.,{}
PRD-DFFE75EB48,MFR-27E7CF849C,Richard Wolf,,Richard Wolf THORAX,Flexible Trocar Sleeve,8906.011,,,,,Medical thoracoscopy,Thoracoscopy trocar,Reusable instrument,Reusable,Reprocessed,No,,,,Capacity 10 mm; WL 56 mm,,,,,,,,Each,Adult,Flexible Trocar Sleeve,Select trocar capacity for scope/instrument outer diameter.,Verified - manufacturer catalog; current U.S. status pending,Hidden - current U.S. status unverified,SRC021,pp. 49-51,2025,Global VI25 catalog; current U.S. availability and labeling must be confirmed.,Country availability may vary.,{}
PRD-68E4686E4B,MFR-27E7CF849C,Richard Wolf,,Richard Wolf THORAX,Flexible Trocar Sleeve,8906.031,,,,,Medical thoracoscopy,Thoracoscopy trocar,Reusable instrument,Reusable,Reprocessed,No,,,,Capacity 12.5 mm; WL 57 mm,,,,,,,,Each,Adult,Flexible Trocar Sleeve,Select trocar capacity for scope/instrument outer diameter.,Verified - manufacturer catalog; current U.S. status pending,Hidden - current U.S. status unverified,SRC021,pp. 49-51,2025,Global VI25 catalog; current U.S. availability and labeling must be confirmed.,Country availability may vary.,{}
PRD-AE3B2BA40B,MFR-27E7CF849C,Richard Wolf,,Richard Wolf THORAX,"Foreign Body Grasping Forceps, Serrated",8281.311,,,,,Rigid bronchoscopy,Rigid bronchoscopy forceps,Reusable instrument,Reusable,Reprocessed,No,,,,OD 3 mm; TL 450 mm,,,,,,,,Each,Adult,"Foreign Body Grasping Forceps, Serrated",Select working length and shaft diameter for bronchoscope tube.,Verified - manufacturer catalog; current U.S. status pending,Hidden - current U.S. status unverified,SRC021,p. 25,2025,Global VI25 catalog; current U.S. availability and labeling must be confirmed.,Country availability may vary.,{}
PRD-0C13E4001B,MFR-27E7CF849C,Richard Wolf,,Richard Wolf THORAX,Grasping Forceps for Soft Foreign Bodies,8280.47,,,,,Rigid bronchoscopy,Rigid bronchoscopy forceps,Reusable instrument,Reusable,Reprocessed,No,,,,WL 465 mm,,,,,,,,Each,Adult,Grasping Forceps for Soft Foreign Bodies,Select working length and shaft diameter for bronchoscope tube.,Verified - manufacturer catalog; current U.S. status pending,Hidden - current U.S. status unverified,SRC021,p. 25,2025,Global VI25 catalog; current U.S. availability and labeling must be confirmed.,Country availability may vary.,{}
PRD-4298F66678,MFR-27E7CF849C,Richard Wolf,,Richard Wolf THORAX,Grasping Forceps for Soft Foreign Bodies,8281.37,,,,,Rigid bronchoscopy,Rigid bronchoscopy forceps,Reusable instrument,Reusable,Reprocessed,No,,,,WL 365 mm,,,,,,,,Each,Adult,Grasping Forceps for Soft Foreign Bodies,Select working length and shaft diameter for bronchoscope tube.,Verified - manufacturer catalog; current U.S. status pending,Hidden - current U.S. status unverified,SRC021,p. 25,2025,Global VI25 catalog; current U.S. availability and labeling must be confirmed.,Country availability may vary.,{}
PRD-FB1867A930,MFR-27E7CF849C,Richard Wolf,,Richard Wolf THORAX,Grasping Forceps for Soft Foreign Bodies,8282.37,,,,,Rigid bronchoscopy,Rigid bronchoscopy forceps,Reusable instrument,Reusable,Reprocessed,No,,,,WL 330 mm,,,,,,,,Each,Adult,Grasping Forceps for Soft Foreign Bodies,Select working length and shaft diameter for bronchoscope tube.,Verified - manufacturer catalog; current U.S. status pending,Hidden - current U.S. status unverified,SRC021,p. 25,2025,Global VI25 catalog; current U.S. availability and labeling must be confirmed.,Country availability may vary.,{}
PRD-75434A8582,MFR-27E7CF849C,Richard Wolf,,Richard Wolf THORAX,"Grasping Forceps, Serrated",8280.41,,,,,Rigid bronchoscopy,Rigid bronchoscopy forceps,Reusable instrument,Reusable,Reprocessed,No,,,,WL 465 mm,,,,,,,,Each,Adult,"Grasping Forceps, Serrated",Select working length and shaft diameter for bronchoscope tube.,Verified - manufacturer catalog; current U.S. status pending,Hidden - current U.S. status unverified,SRC021,p. 25,2025,Global VI25 catalog; current U.S. availability and labeling must be confirmed.,Country availability may vary.,{}
PRD-FCD805E954,MFR-27E7CF849C,Richard Wolf,,Richard Wolf THORAX,Hand Blower with Sterile Disposable Filter,412700,,,,,Rigid bronchoscopy,Rigid bronchoscopy suction/accessory,Reusable instrument or accessory,Reusable,Reprocessed,No,,,,TL 567 mm,,,,,,,,Each,Adult,Hand Blower with Sterile Disposable Filter,,Verified - manufacturer catalog; current U.S. status pending,Hidden - current U.S. status unverified,SRC021,p. 26,2025,Global VI25 catalog; current U.S. availability and labeling must be confirmed.,Country availability may vary.,{}
PRD-125BCF3BDD,MFR-27E7CF849C,Richard Wolf,,Richard Wolf THORAX,HEMER Bronchoscope Tube Bundle,8214.0641,,,,,Rigid bronchoscopy,Rigid bronchoscope/tracheoscope tube,Reusable instrument,Reusable,Reprocessed,No,,,,ID 6.5 mm; OD 7.5 mm; WL 357 mm,7.5,357,,,,,,Each,Adult,HEMER Bronchoscope Tube Bundle,"Match telescope, adapter, sealing cap, and instrument OD to internal diameter.",Verified - manufacturer catalog; current U.S. status pending,Hidden - current U.S. status unverified,SRC021,p. 16,2025,Global VI25 catalog; current U.S. availability and labeling must be confirmed.,Country availability may vary.,"{""inner_diameter_mm"": 6.5, ""outer_diameter_mm"": 7.5, ""working_length_mm"": 357}"
PRD-B4FCC0198A,MFR-27E7CF849C,Richard Wolf,,Richard Wolf THORAX,HEMER Bronchoscope Tube Bundle,8214.0741,,,,,Rigid bronchoscopy,Rigid bronchoscope/tracheoscope tube,Reusable instrument,Reusable,Reprocessed,No,,,,ID 7.5 mm; OD 8.5 mm; WL 357 mm,8.5,357,,,,,,Each,Adult,HEMER Bronchoscope Tube Bundle,"Match telescope, adapter, sealing cap, and instrument OD to internal diameter.",Verified - manufacturer catalog; current U.S. status pending,Hidden - current U.S. status unverified,SRC021,p. 16,2025,Global VI25 catalog; current U.S. availability and labeling must be confirmed.,Country availability may vary.,"{""inner_diameter_mm"": 7.5, ""outer_diameter_mm"": 8.5, ""working_length_mm"": 357}"
PRD-7B69AB81B4,MFR-27E7CF849C,Richard Wolf,,Richard Wolf THORAX,HEMER Bronchoscope Tube Bundle,8214.0841,,,,,Rigid bronchoscopy,Rigid bronchoscope/tracheoscope tube,Reusable instrument,Reusable,Reprocessed,No,,,,ID 8.5 mm; OD 9.5 mm; WL 357 mm,9.5,357,,,,,,Each,Adult,HEMER Bronchoscope Tube Bundle,"Match telescope, adapter, sealing cap, and instrument OD to internal diameter.",Verified - manufacturer catalog; current U.S. status pending,Hidden - current U.S. status unverified,SRC021,p. 16,2025,Global VI25 catalog; current U.S. availability and labeling must be confirmed.,Country availability may vary.,"{""inner_diameter_mm"": 8.5, ""outer_diameter_mm"": 9.5, ""working_length_mm"": 357}"
PRD-E4277B23A8,MFR-27E7CF849C,Richard Wolf,,Richard Wolf THORAX,HEMER Bronchoscope Tube Bundle,8214.0941,,,,,Rigid bronchoscopy,Rigid bronchoscope/tracheoscope tube,Reusable instrument,Reusable,Reprocessed,No,,,,ID 9.5 mm; OD 10.5 mm; WL 387 mm,10.5,387,,,,,,Each,Adult,HEMER Bronchoscope Tube Bundle,"Match telescope, adapter, sealing cap, and instrument OD to internal diameter.",Verified - manufacturer catalog; current U.S. status pending,Hidden - current U.S. status unverified,SRC021,p. 16,2025,Global VI25 catalog; current U.S. availability and labeling must be confirmed.,Country availability may vary.,"{""inner_diameter_mm"": 9.5, ""outer_diameter_mm"": 10.5, ""working_length_mm"": 387}"
PRD-53FF14A0C3,MFR-27E7CF849C,Richard Wolf,,Richard Wolf THORAX,HEMER Bronchoscope Tube Bundle,8214.1041,,,,,Rigid bronchoscopy,Rigid bronchoscope/tracheoscope tube,Reusable instrument,Reusable,Reprocessed,No,,,,ID 10.5 mm; OD 11.5 mm; WL 387 mm,11.5,387,,,,,,Each,Adult,HEMER Bronchoscope Tube Bundle,"Match telescope, adapter, sealing cap, and instrument OD to internal diameter.",Verified - manufacturer catalog; current U.S. status pending,Hidden - current U.S. status unverified,SRC021,p. 16,2025,Global VI25 catalog; current U.S. availability and labeling must be confirmed.,Country availability may vary.,"{""inner_diameter_mm"": 10.5, ""outer_diameter_mm"": 11.5, ""working_length_mm"": 387}"
PRD-CB5FB20E4F,MFR-27E7CF849C,Richard Wolf,,Richard Wolf THORAX,HEMER Bronchoscope Tube Bundle,8214.1261,,,,,Rigid bronchoscopy,Rigid bronchoscope/tracheoscope tube,Reusable instrument,Reusable,Reprocessed,No,,,,ID 12 mm; OD 13 mm; WL 387 mm,13,387,,,,,,Each,Adult,HEMER Bronchoscope Tube Bundle,"Match telescope, adapter, sealing cap, and instrument OD to internal diameter.",Verified - manufacturer catalog; current U.S. status pending,Hidden - current U.S. status unverified,SRC021,p. 16,2025,Global VI25 catalog; current U.S. availability and labeling must be confirmed.,Country availability may vary.,"{""inner_diameter_mm"": 12, ""outer_diameter_mm"": 13, ""working_length_mm"": 387}"
PRD-A0214EBAC0,MFR-27E7CF849C,Richard Wolf,,Richard Wolf THORAX,HEMER Tracheoscope Tube Bundle,8214.1241,,,,,Rigid bronchoscopy,Rigid bronchoscope/tracheoscope tube,Reusable instrument,Reusable,Reprocessed,No,,,,ID 12 mm; OD 13 mm; WL 307 mm,13,307,,,,,,Each,Adult,HEMER Tracheoscope Tube Bundle,"Match telescope, adapter, sealing cap, and instrument OD to internal diameter.",Verified - manufacturer catalog; current U.S. status pending,Hidden - current U.S. status unverified,SRC021,p. 17,2025,Global VI25 catalog; current U.S. availability and labeling must be confirmed.,Country availability may vary.,"{""inner_diameter_mm"": 12, ""outer_diameter_mm"": 13, ""working_length_mm"": 307}"
PRD-91BFC52CEC,MFR-27E7CF849C,Richard Wolf,,Richard Wolf THORAX,HEMER Tracheoscope Tube Bundle,8214.1281,,,,,Rigid bronchoscopy,Rigid bronchoscope/tracheoscope tube,Reusable instrument,Reusable,Reprocessed,No,,,,ID 12 mm; OD 13 mm; WL 257 mm,13,257,,,,,,Each,Adult,HEMER Tracheoscope Tube Bundle,"Match telescope, adapter, sealing cap, and instrument OD to internal diameter.",Verified - manufacturer catalog; current U.S. status pending,Hidden - current U.S. status unverified,SRC021,p. 17,2025,Global VI25 catalog; current U.S. availability and labeling must be confirmed.,Country availability may vary.,"{""inner_diameter_mm"": 12, ""outer_diameter_mm"": 13, ""working_length_mm"": 257}"
PRD-DE28F9BAFD,MFR-27E7CF849C,Richard Wolf,,Richard Wolf THORAX,HEMER Tracheoscope Tube Bundle,8214.1441,,,,,Rigid bronchoscopy,Rigid bronchoscope/tracheoscope tube,Reusable instrument,Reusable,Reprocessed,No,,,,ID 14 mm; OD 15 mm; WL 257 mm,15,257,,,,,,Each,Adult,HEMER Tracheoscope Tube Bundle,"Match telescope, adapter, sealing cap, and instrument OD to internal diameter.",Verified - manufacturer catalog; current U.S. status pending,Hidden - current U.S. status unverified,SRC021,p. 17,2025,Global VI25 catalog; current U.S. availability and labeling must be confirmed.,Country availability may vary.,"{""inner_diameter_mm"": 14, ""outer_diameter_mm"": 15, ""working_length_mm"": 257}"
PRD-D58A0A54AA,MFR-27E7CF849C,Richard Wolf,,Richard Wolf THORAX,HF Coagulation Suction Tube,844202110,,,,,Rigid bronchoscopy,Rigid bronchoscopic shaver instrument,Reusable instrument,Reusable,Reprocessed,No,,,,OD 5.2 mm; WL 460 mm,5.2,,,,46,,,Each,Adult,HF Coagulation Suction Tube,Match motor/energy platform and bronchoscope tube internal diameter.,Verified - manufacturer catalog; current U.S. status pending,Hidden - current U.S. status unverified,SRC021,p. 12,2025,Global VI25 catalog; current U.S. availability and labeling must be confirmed.,Country availability may vary.,{}
PRD-97B68B1ECE,MFR-27E7CF849C,Richard Wolf,,Richard Wolf THORAX,Illumination Insert,8217.12,,,,,Rigid bronchoscopy,Rigid bronchoscope accessory,Accessory,Reusable,Reprocessed,No,,,,,,,,,,,,Each,Adult,Illumination Insert,Use with matching Richard Wolf WOLF/HEMER bronchoscope system.,Verified - manufacturer catalog; current U.S. status pending,Hidden - current U.S. status unverified,SRC021,p. 18,2025,Global VI25 catalog; current U.S. availability and labeling must be confirmed.,Country availability may vary.,{}
PRD-5B0D81C458,MFR-27E7CF849C,Richard Wolf,,Richard Wolf THORAX,Irrigation Adapter,163912,,,,,Rigid bronchoscopy,Flexible bronchoscope accessory,Accessory,Reusable or disposable per IFU,,No,,,,,,,,,,,,Each,Adult,Irrigation Adapter,Accessory for Richard Wolf flexible bronchoscope platform.,Verified - manufacturer catalog; current U.S. status pending,Hidden - current U.S. status unverified,SRC021,p. 5,2025,Global VI25 catalog; current U.S. availability and labeling must be confirmed.,Country availability may vary.,{}
PRD-AEB8017EDB,MFR-27E7CF849C,Richard Wolf,,Richard Wolf THORAX,Jet Ventilation Respiration Adapter,8238.5021,,,,,Rigid bronchoscopy,Rigid bronchoscope accessory,Accessory,Reusable,Reprocessed,No,,,,,,,,,,,,Each,Adult,Jet Ventilation Respiration Adapter,Use with matching Richard Wolf WOLF/HEMER bronchoscope system.,Verified - manufacturer catalog; current U.S. status pending,Hidden - current U.S. status unverified,SRC021,p. 18,2025,Global VI25 catalog; current U.S. availability and labeling must be confirmed.,Country availability may vary.,{}
PRD-7058C81A50,MFR-27E7CF849C,Richard Wolf,,Richard Wolf THORAX,Jet Ventilation Respiration Adapter Bundle,8238.502,,,,,Rigid bronchoscopy,Rigid bronchoscope accessory,Accessory,Reusable,Reprocessed,No,,,,,,,,,,,,Each,Adult,Jet Ventilation Respiration Adapter Bundle,Use with matching Richard Wolf WOLF/HEMER bronchoscope system.,Verified - manufacturer catalog; current U.S. status pending,Hidden - current U.S. status unverified,SRC021,p. 18,2025,Global VI25 catalog; current U.S. availability and labeling must be confirmed.,Country availability may vary.,{}
PRD-E353F2E250,MFR-27E7CF849C,Richard Wolf,,Richard Wolf THORAX,Leak Tester,163.903,,,,,Rigid bronchoscopy,Flexible bronchoscope accessory,Accessory,Reusable or disposable per IFU,,No,,,,,,,,,,,,Each,Adult,Leak Tester,Accessory for Richard Wolf flexible bronchoscope platform.,Verified - manufacturer catalog; current U.S. status pending,Hidden - current U.S. status unverified,SRC021,p. 5,2025,Global VI25 catalog; current U.S. availability and labeling must be confirmed.,Country availability may vary.,{}
PRD-BFAC46626D,MFR-27E7CF849C,Richard Wolf,,Richard Wolf THORAX,Luer Connector,15401.071,,,,,Rigid bronchoscopy,Rigid bronchoscope accessory,Accessory,Reusable,Reprocessed,No,,,,,,,,,,,,Each,Adult,Luer Connector,Use with matching Richard Wolf WOLF/HEMER bronchoscope system.,Verified - manufacturer catalog; current U.S. status pending,Hidden - current U.S. status unverified,SRC021,p. 18,2025,Global VI25 catalog; current U.S. availability and labeling must be confirmed.,Country availability may vary.,{}
PRD-76C2832C18,MFR-27E7CF849C,Richard Wolf,,Richard Wolf THORAX,Luer Sealing Cap,15023205,,,,,Rigid bronchoscopy,Flexible bronchoscope accessory,Accessory,Reusable or disposable per IFU,,No,,,,,,,,,,,,Each,Adult,Luer Sealing Cap,Accessory for Richard Wolf flexible bronchoscope platform.,Verified - manufacturer catalog; current U.S. status pending,Hidden - current U.S. status unverified,SRC021,p. 5,2025,Global VI25 catalog; current U.S. availability and labeling must be confirmed.,Country availability may vary.,{}
PRD-2BD5C6261D,MFR-27E7CF849C,Richard Wolf,,Richard Wolf THORAX,"Lung Grasping Forceps, Angled",8242.611,,,,,Medical thoracoscopy,Thoracoscopy instrument,Reusable instrument,Reusable,Reprocessed,No,,,,OD 5 mm; WL 270 mm,,,,,,,,Each,Adult,"Lung Grasping Forceps, Angled",,Verified - manufacturer catalog; current U.S. status pending,Hidden - current U.S. status unverified,SRC021,pp. 53-55,2025,Global VI25 catalog; current U.S. availability and labeling must be confirmed.,Country availability may vary.,{}
PRD-5FA4880E82,MFR-27E7CF849C,Richard Wolf,,Richard Wolf THORAX,Mini Thoracoscope OR Endoscope Bundle,8920.4011,,,,,Medical thoracoscopy,Mini thoracoscope,Reusable instrument,Reusable,Reprocessed,No,,,,OD 5.5 mm; working channel 3.5 mm; SL 215 mm,5.5,,,,21.5,3.5,,Each,Adult,Mini Thoracoscope OR Endoscope Bundle,Use with 5.7/5.8 mm trocar sleeves and 3.5 mm instruments.,Verified - manufacturer catalog; current U.S. status pending,Hidden - current U.S. status unverified,SRC021,p. 43,2025,Global VI25 catalog; current U.S. availability and labeling must be confirmed.,Country availability may vary.,"{""direction_of_view_deg"": 0, ""outer_diameter_mm"": 5.5, ""shaft_length_mm"": 215, ""working_channel_mm"": 3.5}"
PRD-695162DE9E,MFR-27E7CF849C,Richard Wolf,,Richard Wolf THORAX,Motor Control Unit 2304,2304.001,,,,,Rigid bronchoscopy,Rigid bronchoscopic shaver console,Reusable capital equipment,Reusable,Not sterile,No,,,,,,,,,,,,Each,Adult,Motor Control Unit 2304,"Connects M4, M5/0, M5/3, S1, and M1 handpieces.",Verified - manufacturer catalog; current U.S. status pending,Hidden - current U.S. status unverified,SRC021,p. 11,2025,Global VI25 catalog; current U.S. availability and labeling must be confirmed.,Country availability may vary.,{}
PRD-1058B185EB,MFR-27E7CF849C,Richard Wolf,,Richard Wolf THORAX,"Motor Handpiece, max 3000 rpm",89951.0001,,,,,Rigid bronchoscopy,Rigid bronchoscopic shaver handpiece,Reusable handpiece,Reusable,Reprocessed,No,,,,,,,,,,,,Each,Adult,"Motor Handpiece, max 3000 rpm",,Verified - manufacturer catalog; current U.S. status pending,Hidden - current U.S. status unverified,SRC021,p. 11,2025,Global VI25 catalog; current U.S. availability and labeling must be confirmed.,Country availability may vary.,{}
PRD-663E85AB45,MFR-27E7CF849C,Richard Wolf,,Richard Wolf THORAX,"Optical Biopsy Forceps, Curved Up",82530.0601,,,,,Rigid bronchoscopy,Optical rigid bronchoscopy forceps,Reusable instrument,Reusable,Reprocessed,No,,,,OD 5.6 mm; WL 462 mm,5.6,,,,46.2,,,Each,Adult,"Optical Biopsy Forceps, Curved Up",Match telescope diameter and bronchoscope tube internal diameter.,Verified - manufacturer catalog; current U.S. status pending,Hidden - current U.S. status unverified,SRC021,p. 23,2025,Global VI25 catalog; current U.S. availability and labeling must be confirmed.,Country availability may vary.,{}
PRD-FF384E6481,MFR-27E7CF849C,Richard Wolf,,Richard Wolf THORAX,"Optical Biopsy Forceps, Curved Up",82530.0701,,,,,Rigid bronchoscopy,Optical rigid bronchoscopy forceps,Reusable instrument,Reusable,Reprocessed,No,,,,OD 4.1 mm; WL 500 mm,4.1,,,,50,,,Each,Adult,"Optical Biopsy Forceps, Curved Up",Match telescope diameter and bronchoscope tube internal diameter.,Verified - manufacturer catalog; current U.S. status pending,Hidden - current U.S. status unverified,SRC021,p. 21,2025,Global VI25 catalog; current U.S. availability and labeling must be confirmed.,Country availability may vary.,{}
PRD-F40F385751,MFR-27E7CF849C,Richard Wolf,,Richard Wolf THORAX,"Optical Biopsy Forceps, Straight",8465.63,,,,,Rigid bronchoscopy,Optical rigid bronchoscopy forceps,Reusable instrument,Reusable,Reprocessed,No,,,,OD 5.6 mm; WL 472 mm,5.6,,,,47.2,,,Each,Adult,"Optical Biopsy Forceps, Straight",Match telescope diameter and bronchoscope tube internal diameter.,Verified - manufacturer catalog; current U.S. status pending,Hidden - current U.S. status unverified,SRC021,p. 21,2025,Global VI25 catalog; current U.S. availability and labeling must be confirmed.,Country availability may vary.,{}
PRD-F1DC24ED97,MFR-27E7CF849C,Richard Wolf,,Richard Wolf THORAX,Optical Double-Spoon Biopsy Forceps,8464.63,,,,,Rigid bronchoscopy,Optical rigid bronchoscopy forceps,Reusable instrument,Reusable,Reprocessed,No,,,,OD 3.5 mm; WL 359 mm,3.5,,,,35.9,,,Each,Adult,Optical Double-Spoon Biopsy Forceps,Match telescope diameter and bronchoscope tube internal diameter.,Verified - manufacturer catalog; current U.S. status pending,Hidden - current U.S. status unverified,SRC021,p. 20,2025,Global VI25 catalog; current U.S. availability and labeling must be confirmed.,Country availability may vary.,{}
PRD-DFBA1DB7E3,MFR-27E7CF849C,Richard Wolf,,Richard Wolf THORAX,Optical Grasping Forceps,8465.61,,,,,Rigid bronchoscopy,Optical rigid bronchoscopy forceps,Reusable instrument,Reusable,Reprocessed,No,,,,OD 5.6 mm; WL 473 mm,5.6,,,,47.3,,,Each,Adult,Optical Grasping Forceps,Match telescope diameter and bronchoscope tube internal diameter.,Verified - manufacturer catalog; current U.S. status pending,Hidden - current U.S. status unverified,SRC021,p. 21,2025,Global VI25 catalog; current U.S. availability and labeling must be confirmed.,Country availability may vary.,{}
PRD-0577F2977F,MFR-27E7CF849C,Richard Wolf,,Richard Wolf THORAX,Optical Grasping Forceps Grasper 3XL,8466654,,,,,Rigid bronchoscopy,Optical rigid bronchoscopy forceps,Reusable instrument,Reusable,Reprocessed,No,,,,OD 5.7 mm; WL 482 mm,5.7,,,,48.2,,,Each,Adult,Optical Grasping Forceps Grasper 3XL,Match telescope diameter and bronchoscope tube internal diameter.,Verified - manufacturer catalog; current U.S. status pending,Hidden - current U.S. status unverified,SRC021,p. 23,2025,Global VI25 catalog; current U.S. availability and labeling must be confirmed.,Country availability may vary.,{}
PRD-14D0927E5A,MFR-27E7CF849C,Richard Wolf,,Richard Wolf THORAX,"Optical Grasping Forceps, Curved Up",82530.0703,,,,,Rigid bronchoscopy,Optical rigid bronchoscopy forceps,Reusable instrument,Reusable,Reprocessed,No,,,,OD 4.1 mm; WL 500 mm,4.1,,,,50,,,Each,Adult,"Optical Grasping Forceps, Curved Up",Match telescope diameter and bronchoscope tube internal diameter.,Verified - manufacturer catalog; current U.S. status pending,Hidden - current U.S. status unverified,SRC021,p. 22,2025,Global VI25 catalog; current U.S. availability and labeling must be confirmed.,Country availability may vary.,{}
PRD-41F9791461,MFR-27E7CF849C,Richard Wolf,,Richard Wolf THORAX,"Optical Grasping Forceps, Straight",82530.0404,,,,,Rigid bronchoscopy,Optical rigid bronchoscopy forceps,Reusable instrument,Reusable,Reprocessed,No,,,,OD 3.4 mm; WL 358 mm,3.4,,,,35.8,,,Each,Adult,"Optical Grasping Forceps, Straight",Match telescope diameter and bronchoscope tube internal diameter.,Verified - manufacturer catalog; current U.S. status pending,Hidden - current U.S. status unverified,SRC021,p. 20,2025,Global VI25 catalog; current U.S. availability and labeling must be confirmed.,Country availability may vary.,{}
PRD-891A7CBCBC,MFR-27E7CF849C,Richard Wolf,,Richard Wolf THORAX,"Optical Grasping Forceps, Straight",82530.0604,,,,,Rigid bronchoscopy,Optical rigid bronchoscopy forceps,Reusable instrument,Reusable,Reprocessed,No,,,,OD 5.6 mm; WL 469 mm,5.6,,,,46.9,,,Each,Adult,"Optical Grasping Forceps, Straight",Match telescope diameter and bronchoscope tube internal diameter.,Verified - manufacturer catalog; current U.S. status pending,Hidden - current U.S. status unverified,SRC021,p. 23,2025,Global VI25 catalog; current U.S. availability and labeling must be confirmed.,Country availability may vary.,{}
PRD-8337850C95,MFR-27E7CF849C,Richard Wolf,,Richard Wolf THORAX,"Optical Grasping Forceps, Straight",82530.0704,,,,,Rigid bronchoscopy,Optical rigid bronchoscopy forceps,Reusable instrument,Reusable,Reprocessed,No,,,,OD 4.1 mm; WL 504 mm,4.1,,,,50.4,,,Each,Adult,"Optical Grasping Forceps, Straight",Match telescope diameter and bronchoscope tube internal diameter.,Verified - manufacturer catalog; current U.S. status pending,Hidden - current U.S. status unverified,SRC021,p. 22,2025,Global VI25 catalog; current U.S. availability and labeling must be confirmed.,Country availability may vary.,{}
PRD-058B06F45B,MFR-27E7CF849C,Richard Wolf,,Richard Wolf THORAX,Optical Pike-Mouth Grasping Forceps,8464.61,,,,,Rigid bronchoscopy,Optical rigid bronchoscopy forceps,Reusable instrument,Reusable,Reprocessed,No,,,,OD 3.5 mm; WL 359 mm,3.5,,,,35.9,,,Each,Adult,Optical Pike-Mouth Grasping Forceps,Match telescope diameter and bronchoscope tube internal diameter.,Verified - manufacturer catalog; current U.S. status pending,Hidden - current U.S. status unverified,SRC021,p. 20,2025,Global VI25 catalog; current U.S. availability and labeling must be confirmed.,Country availability may vary.,{}
PRD-4F06212417,MFR-27E7CF849C,Richard Wolf,,Richard Wolf THORAX,Optical Reichle Biopsy Forceps Bagger XL,8466.651,,,,,Rigid bronchoscopy,Optical rigid bronchoscopy forceps,Reusable instrument,Reusable,Reprocessed,No,,,,OD 5.6 mm; WL 474 mm,5.6,,,,47.4,,,Each,Adult,Optical Reichle Biopsy Forceps Bagger XL,Match telescope diameter and bronchoscope tube internal diameter.,Verified - manufacturer catalog; current U.S. status pending,Hidden - current U.S. status unverified,SRC021,p. 22,2025,Global VI25 catalog; current U.S. availability and labeling must be confirmed.,Country availability may vary.,{}
PRD-4DBE64B0DA,MFR-27E7CF849C,Richard Wolf,,Richard Wolf THORAX,Optical Reichle Biopsy Forceps Bagger XXL,8466.652,,,,,Rigid bronchoscopy,Optical rigid bronchoscopy forceps,Reusable instrument,Reusable,Reprocessed,No,,,,OD 5.6 mm; WL 478 mm,5.6,,,,47.8,,,Each,Adult,Optical Reichle Biopsy Forceps Bagger XXL,Match telescope diameter and bronchoscope tube internal diameter.,Verified - manufacturer catalog; current U.S. status pending,Hidden - current U.S. status unverified,SRC021,p. 22,2025,Global VI25 catalog; current U.S. availability and labeling must be confirmed.,Country availability may vary.,{}
PRD-CB9242F78E,MFR-27E7CF849C,Richard Wolf,,Richard Wolf THORAX,Optical Reichle Grasping Forceps Grasper XXL,8466.653,,,,,Rigid bronchoscopy,Optical rigid bronchoscopy forceps,Reusable instrument,Reusable,Reprocessed,No,,,,OD 4.1 mm; WL 479 mm,4.1,,,,47.9,,,Each,Adult,Optical Reichle Grasping Forceps Grasper XXL,Match telescope diameter and bronchoscope tube internal diameter.,Verified - manufacturer catalog; current U.S. status pending,Hidden - current U.S. status unverified,SRC021,p. 23,2025,Global VI25 catalog; current U.S. availability and labeling must be confirmed.,Country availability may vary.,{}
PRD-D217637957,MFR-27E7CF849C,Richard Wolf,,Richard Wolf THORAX,Optical Retrograde Biopsy Forceps,82530.0602,,,,,Rigid bronchoscopy,Optical rigid bronchoscopy forceps,Reusable instrument,Reusable,Reprocessed,No,,,,OD 5.6 mm; WL 462 mm,5.6,,,,46.2,,,Each,Adult,Optical Retrograde Biopsy Forceps,Match telescope diameter and bronchoscope tube internal diameter.,Verified - manufacturer catalog; current U.S. status pending,Hidden - current U.S. status unverified,SRC021,p. 23,2025,Global VI25 catalog; current U.S. availability and labeling must be confirmed.,Country availability may vary.,{}
PRD-6B09435B5B,MFR-27E7CF849C,Richard Wolf,,Richard Wolf THORAX,Optical Retrograde Biopsy Forceps,82530.0702,,,,,Rigid bronchoscopy,Optical rigid bronchoscopy forceps,Reusable instrument,Reusable,Reprocessed,No,,,,OD 4.1 mm; WL 498 mm,4.1,,,,49.8,,,Each,Adult,Optical Retrograde Biopsy Forceps,Match telescope diameter and bronchoscope tube internal diameter.,Verified - manufacturer catalog; current U.S. status pending,Hidden - current U.S. status unverified,SRC021,p. 21,2025,Global VI25 catalog; current U.S. availability and labeling must be confirmed.,Country availability may vary.,{}
PRD-7F94CAD8E8,MFR-27E7CF849C,Richard Wolf,,Richard Wolf THORAX,Optical Retrograde Biopsy Forceps,8464.64,,,,,Rigid bronchoscopy,Optical rigid bronchoscopy forceps,Reusable instrument,Reusable,Reprocessed,No,,,,OD 3.5 mm; WL 359 mm,3.5,,,,35.9,,,Each,Adult,Optical Retrograde Biopsy Forceps,Match telescope diameter and bronchoscope tube internal diameter.,Verified - manufacturer catalog; current U.S. status pending,Hidden - current U.S. status unverified,SRC021,p. 20,2025,Global VI25 catalog; current U.S. availability and labeling must be confirmed.,Country availability may vary.,{}
PRD-7563085A90,MFR-27E7CF849C,Richard Wolf,,Richard Wolf THORAX,Optical Retrograde Biopsy Forceps,8465.64,,,,,Rigid bronchoscopy,Optical rigid bronchoscopy forceps,Reusable instrument,Reusable,Reprocessed,No,,,,OD 5.6 mm; WL 473 mm,5.6,,,,47.3,,,Each,Adult,Optical Retrograde Biopsy Forceps,Match telescope diameter and bronchoscope tube internal diameter.,Verified - manufacturer catalog; current U.S. status pending,Hidden - current U.S. status unverified,SRC021,p. 21,2025,Global VI25 catalog; current U.S. availability and labeling must be confirmed.,Country availability may vary.,{}
PRD-5E2713887A,MFR-27E7CF849C,Richard Wolf,,Richard Wolf THORAX,Optical Thoracoscopy Grasping Forceps,8913.60,,,,,Medical thoracoscopy,Pleural biopsy forceps,Reusable instrument,Reusable,Reprocessed,No,,,,OD 7 mm; WL 281 mm,7,,,,28.1,,,Each,Adult,Optical Thoracoscopy Grasping Forceps,For use with 4 mm PANOVIEW telescope.,Verified - manufacturer catalog; current U.S. status pending,Hidden - current U.S. status unverified,SRC021,p. 44,2025,Global VI25 catalog; current U.S. availability and labeling must be confirmed.,Country availability may vary.,{}
PRD-3A4F408F18,MFR-27E7CF849C,Richard Wolf,,Richard Wolf THORAX,Optical Universal Forceps,82530.0405,,,,,Rigid bronchoscopy,Optical rigid bronchoscopy forceps,Reusable instrument,Reusable,Reprocessed,No,,,,OD 3.4 mm; WL 358 mm,3.4,,,,35.8,,,Each,Adult,Optical Universal Forceps,Match telescope diameter and bronchoscope tube internal diameter.,Verified - manufacturer catalog; current U.S. status pending,Hidden - current U.S. status unverified,SRC021,p. 20,2025,Global VI25 catalog; current U.S. availability and labeling must be confirmed.,Country availability may vary.,{}
PRD-7EAB3D4582,MFR-27E7CF849C,Richard Wolf,,Richard Wolf THORAX,Optical Universal Forceps,82530.0605,,,,,Rigid bronchoscopy,Optical rigid bronchoscopy forceps,Reusable instrument,Reusable,Reprocessed,No,,,,OD 5.6 mm; WL 464 mm,5.6,,,,46.4,,,Each,Adult,Optical Universal Forceps,Match telescope diameter and bronchoscope tube internal diameter.,Verified - manufacturer catalog; current U.S. status pending,Hidden - current U.S. status unverified,SRC021,p. 24,2025,Global VI25 catalog; current U.S. availability and labeling must be confirmed.,Country availability may vary.,{}
PRD-167A020826,MFR-27E7CF849C,Richard Wolf,,Richard Wolf THORAX,"Optical Universal Forceps, Curved Up",82530.0705,,,,,Rigid bronchoscopy,Optical rigid bronchoscopy forceps,Reusable instrument,Reusable,Reprocessed,No,,,,OD 4.1 mm; WL 500 mm,4.1,,,,50,,,Each,Adult,"Optical Universal Forceps, Curved Up",Match telescope diameter and bronchoscope tube internal diameter.,Verified - manufacturer catalog; current U.S. status pending,Hidden - current U.S. status unverified,SRC021,p. 22,2025,Global VI25 catalog; current U.S. availability and labeling must be confirmed.,Country availability may vary.,{}
PRD-123BAC018B,MFR-27E7CF849C,Richard Wolf,,Richard Wolf THORAX,PANOVIEW PLUS Telescope,82514.431,,,,,Rigid bronchoscopy,Rigid bronchoscopy telescope,Reusable instrument,Reusable,Reprocessed,No,,,,0°; OD 4.0 mm; WL 519 mm,4,,,,51.9,,,Each,Adult,PANOVIEW PLUS Telescope,"Match bronchoscope tube, telescope adapter, and sealing cap.",Verified - manufacturer catalog; current U.S. status pending,Hidden - current U.S. status unverified,SRC021,p. 19,2025,Global VI25 catalog; current U.S. availability and labeling must be confirmed.,Country availability may vary.,"{""direction_of_view_deg"": 0, ""outer_diameter_mm"": 4.0, ""working_length_mm"": 519}"
PRD-FEA0F47B62,MFR-27E7CF849C,Richard Wolf,,Richard Wolf THORAX,PANOVIEW PLUS Telescope,82514.433,,,,,Rigid bronchoscopy,Rigid bronchoscopy telescope,Reusable instrument,Reusable,Reprocessed,No,,,,30°; OD 4.0 mm; WL 519 mm,4,,,,51.9,,,Each,Adult,PANOVIEW PLUS Telescope,"Match bronchoscope tube, telescope adapter, and sealing cap.",Verified - manufacturer catalog; current U.S. status pending,Hidden - current U.S. status unverified,SRC021,p. 19,2025,Global VI25 catalog; current U.S. availability and labeling must be confirmed.,Country availability may vary.,"{""direction_of_view_deg"": 30, ""outer_diameter_mm"": 4.0, ""working_length_mm"": 519}"
PRD-2058BA100A,MFR-27E7CF849C,Richard Wolf,,Richard Wolf THORAX,PANOVIEW PLUS Telescope,8933.431,,,,,Medical thoracoscopy,Thoracoscopy telescope,Reusable instrument,Reusable,Reprocessed,No,,,,OD 7 mm; WL 297 mm; 0°,7,,,,29.7,,,Each,Adult,PANOVIEW PLUS Telescope,"Match trocar capacity, camera, and light cable.",Verified - manufacturer catalog; current U.S. status pending,Hidden - current U.S. status unverified,SRC021,pp. 44-48,2025,Global VI25 catalog; current U.S. availability and labeling must be confirmed.,Country availability may vary.,"{""direction_of_view_deg"": 0, ""outer_diameter_mm"": 7, ""working_length_mm"": 297}"
PRD-2ACB51E58C,MFR-27E7CF849C,Richard Wolf,,Richard Wolf THORAX,PANOVIEW PLUS Telescope,8934.4424,,,,,Medical thoracoscopy,Thoracoscopy telescope,Reusable instrument,Reusable,Reprocessed,No,,,,OD 10 mm; WL 438 mm; 25°,10,,,,43.8,,,Each,Adult,PANOVIEW PLUS Telescope,"Match trocar capacity, camera, and light cable.",Verified - manufacturer catalog; current U.S. status pending,Hidden - current U.S. status unverified,SRC021,pp. 44-48,2025,Global VI25 catalog; current U.S. availability and labeling must be confirmed.,Country availability may vary.,"{""direction_of_view_deg"": 25, ""outer_diameter_mm"": 10, ""working_length_mm"": 438}"
PRD-D99A37C035,MFR-27E7CF849C,Richard Wolf,,Richard Wolf THORAX,PANOVIEW PLUS Telescope,8934.4434,,,,,Medical thoracoscopy,Thoracoscopy telescope,Reusable instrument,Reusable,Reprocessed,No,,,,OD 10 mm; WL 447 mm; 50°,10,,,,44.7,,,Each,Adult,PANOVIEW PLUS Telescope,"Match trocar capacity, camera, and light cable.",Verified - manufacturer catalog; current U.S. status pending,Hidden - current U.S. status unverified,SRC021,pp. 44-48,2025,Global VI25 catalog; current U.S. availability and labeling must be confirmed.,Country availability may vary.,"{""direction_of_view_deg"": 50, ""outer_diameter_mm"": 10, ""working_length_mm"": 447}"
PRD-C32CFEC594,MFR-27E7CF849C,Richard Wolf,,Richard Wolf THORAX,PANOVIEW Telescope,8464.30,,,,,Rigid bronchoscopy,Rigid bronchoscopy telescope,Reusable instrument,Reusable,Reprocessed,No,,,,0°; OD 3.4 mm; WL 378 mm,3.4,,,,37.8,,,Each,Adult,PANOVIEW Telescope,"Match bronchoscope tube, telescope adapter, and sealing cap.",Verified - manufacturer catalog; current U.S. status pending,Hidden - current U.S. status unverified,SRC021,p. 19,2025,Global VI25 catalog; current U.S. availability and labeling must be confirmed.,Country availability may vary.,"{""direction_of_view_deg"": 0, ""outer_diameter_mm"": 3.4, ""working_length_mm"": 378}"
PRD-D736275364,MFR-27E7CF849C,Richard Wolf,,Richard Wolf THORAX,PANOVIEW Telescope,8465.30,,,,,Rigid bronchoscopy,Rigid bronchoscopy telescope,Reusable instrument,Reusable,Reprocessed,No,,,,0°; OD 5.5 mm; WL 488 mm,5.5,,,,48.8,,,Each,Adult,PANOVIEW Telescope,"Match bronchoscope tube, telescope adapter, and sealing cap.",Verified - manufacturer catalog; current U.S. status pending,Hidden - current U.S. status unverified,SRC021,p. 19,2025,Global VI25 catalog; current U.S. availability and labeling must be confirmed.,Country availability may vary.,"{""direction_of_view_deg"": 0, ""outer_diameter_mm"": 5.5, ""working_length_mm"": 488}"
PRD-50AAFE240E,MFR-27E7CF849C,Richard Wolf,,Richard Wolf THORAX,PANOVIEW Telescope,8465.32,,,,,Rigid bronchoscopy,Rigid bronchoscopy telescope,Reusable instrument,Reusable,Reprocessed,No,,,,30°; OD 5.5 mm; WL 489 mm,5.5,,,,48.9,,,Each,Adult,PANOVIEW Telescope,"Match bronchoscope tube, telescope adapter, and sealing cap.",Verified - manufacturer catalog; current U.S. status pending,Hidden - current U.S. status unverified,SRC021,p. 19,2025,Global VI25 catalog; current U.S. availability and labeling must be confirmed.,Country availability may vary.,"{""direction_of_view_deg"": 30, ""outer_diameter_mm"": 5.5, ""working_length_mm"": 489}"
PRD-AD5DB57EBC,MFR-27E7CF849C,Richard Wolf,,Richard Wolf THORAX,PANOVIEW Telescope,8933.432,,,,,Medical thoracoscopy,Thoracoscopy telescope,Reusable instrument,Reusable,Reprocessed,No,,,,OD 7 mm; WL 297 mm; 30°,7,,,,29.7,,,Each,Adult,PANOVIEW Telescope,"Match trocar capacity, camera, and light cable.",Verified - manufacturer catalog; current U.S. status pending,Hidden - current U.S. status unverified,SRC021,pp. 44-48,2025,Global VI25 catalog; current U.S. availability and labeling must be confirmed.,Country availability may vary.,"{""direction_of_view_deg"": 30, ""outer_diameter_mm"": 7, ""working_length_mm"": 297}"
PRD-5B271EC93B,MFR-27E7CF849C,Richard Wolf,,Richard Wolf THORAX,PANOVIEW Telescope,8933.433,,,,,Medical thoracoscopy,Thoracoscopy telescope,Reusable instrument,Reusable,Reprocessed,No,,,,OD 7 mm; WL 300 mm; 50°,7,,,,30,,,Each,Adult,PANOVIEW Telescope,"Match trocar capacity, camera, and light cable.",Verified - manufacturer catalog; current U.S. status pending,Hidden - current U.S. status unverified,SRC021,pp. 44-48,2025,Global VI25 catalog; current U.S. availability and labeling must be confirmed.,Country availability may vary.,"{""direction_of_view_deg"": 50, ""outer_diameter_mm"": 7, ""working_length_mm"": 300}"
PRD-B4E0EB9EFB,MFR-27E7CF849C,Richard Wolf,,Richard Wolf THORAX,PANOVIEW Telescope,8934.431,,,,,Medical thoracoscopy,Thoracoscopy telescope,Reusable instrument,Reusable,Reprocessed,No,,,,OD 10 mm; WL 307 mm; 0°,10,,,,30.7,,,Each,Adult,PANOVIEW Telescope,"Match trocar capacity, camera, and light cable.",Verified - manufacturer catalog; current U.S. status pending,Hidden - current U.S. status unverified,SRC021,pp. 44-48,2025,Global VI25 catalog; current U.S. availability and labeling must be confirmed.,Country availability may vary.,"{""direction_of_view_deg"": 0, ""outer_diameter_mm"": 10, ""working_length_mm"": 307}"
PRD-2FBD344316,MFR-27E7CF849C,Richard Wolf,,Richard Wolf THORAX,PANOVIEW Telescope,8934.432,,,,,Medical thoracoscopy,Thoracoscopy telescope,Reusable instrument,Reusable,Reprocessed,No,,,,OD 10 mm; WL 307 mm; 30°,10,,,,30.7,,,Each,Adult,PANOVIEW Telescope,"Match trocar capacity, camera, and light cable.",Verified - manufacturer catalog; current U.S. status pending,Hidden - current U.S. status unverified,SRC021,pp. 44-48,2025,Global VI25 catalog; current U.S. availability and labeling must be confirmed.,Country availability may vary.,"{""direction_of_view_deg"": 30, ""outer_diameter_mm"": 10, ""working_length_mm"": 307}"
PRD-1FE403B84C,MFR-27E7CF849C,Richard Wolf,,Richard Wolf THORAX,PANOVIEW Telescope,8934.433,,,,,Medical thoracoscopy,Thoracoscopy telescope,Reusable instrument,Reusable,Reprocessed,No,,,,OD 10 mm; WL 310 mm; 50°,10,,,,31,,,Each,Adult,PANOVIEW Telescope,"Match trocar capacity, camera, and light cable.",Verified - manufacturer catalog; current U.S. status pending,Hidden - current U.S. status unverified,SRC021,pp. 44-48,2025,Global VI25 catalog; current U.S. availability and labeling must be confirmed.,Country availability may vary.,"{""direction_of_view_deg"": 50, ""outer_diameter_mm"": 10, ""working_length_mm"": 310}"
PRD-BA86F45760,MFR-27E7CF849C,Richard Wolf,,Richard Wolf THORAX,PANOVIEW Telescope,8935.441,,,,,Medical thoracoscopy,Thoracoscopy telescope,Reusable instrument,Reusable,Reprocessed,No,,,,OD 5.3 mm; WL 303 mm; 0°,5.3,,,,30.3,,,Each,Adult,PANOVIEW Telescope,"Match trocar capacity, camera, and light cable.",Verified - manufacturer catalog; current U.S. status pending,Hidden - current U.S. status unverified,SRC021,pp. 44-48,2025,Global VI25 catalog; current U.S. availability and labeling must be confirmed.,Country availability may vary.,"{""direction_of_view_deg"": 0, ""outer_diameter_mm"": 5.3, ""working_length_mm"": 303}"
PRD-A1B7FC0BD4,MFR-27E7CF849C,Richard Wolf,,Richard Wolf THORAX,PANOVIEW Telescope,8935.442,,,,,Medical thoracoscopy,Thoracoscopy telescope,Reusable instrument,Reusable,Reprocessed,No,,,,OD 5.3 mm; WL 303 mm; 30°,5.3,,,,30.3,,,Each,Adult,PANOVIEW Telescope,"Match trocar capacity, camera, and light cable.",Verified - manufacturer catalog; current U.S. status pending,Hidden - current U.S. status unverified,SRC021,pp. 44-48,2025,Global VI25 catalog; current U.S. availability and labeling must be confirmed.,Country availability may vary.,"{""direction_of_view_deg"": 30, ""outer_diameter_mm"": 5.3, ""working_length_mm"": 303}"
PRD-6BF80B6E0D,MFR-27E7CF849C,Richard Wolf,,Richard Wolf THORAX,PANOVIEW Telescope,8935.443,,,,,Medical thoracoscopy,Thoracoscopy telescope,Reusable instrument,Reusable,Reprocessed,No,,,,OD 5.3 mm; WL 309 mm; 50°,5.3,,,,30.9,,,Each,Adult,PANOVIEW Telescope,"Match trocar capacity, camera, and light cable.",Verified - manufacturer catalog; current U.S. status pending,Hidden - current U.S. status unverified,SRC021,pp. 44-48,2025,Global VI25 catalog; current U.S. availability and labeling must be confirmed.,Country availability may vary.,"{""direction_of_view_deg"": 50, ""outer_diameter_mm"": 5.3, ""working_length_mm"": 309}"
PRD-B6A919EF32,MFR-27E7CF849C,Richard Wolf,,Richard Wolf THORAX,PANOVIEW Thoracoscopy Telescope,8650.414,,,,,Medical thoracoscopy,Thoracoscopy telescope,Reusable instrument,Reusable,Reprocessed,No,,,,OD 4 mm; WL 289 mm; 0°,4,,,,28.9,,,Each,Adult,PANOVIEW Thoracoscopy Telescope,"Match trocar capacity, camera, and light cable.",Verified - manufacturer catalog; current U.S. status pending,Hidden - current U.S. status unverified,SRC021,pp. 44-48,2025,Global VI25 catalog; current U.S. availability and labeling must be confirmed.,Country availability may vary.,"{""direction_of_view_deg"": 0, ""outer_diameter_mm"": 4, ""working_length_mm"": 289}"
PRD-4BB84F196B,MFR-27E7CF849C,Richard Wolf,,Richard Wolf THORAX,PANOVIEW ULTRA Telescope,89354416,,,,,Medical thoracoscopy,Thoracoscopy telescope,Reusable instrument,Reusable,Reprocessed,No,,,,OD 5.5 mm; WL 430 mm; 0°,5.5,,,,43,,,Each,Adult,PANOVIEW ULTRA Telescope,"Match trocar capacity, camera, and light cable.",Verified - manufacturer catalog; current U.S. status pending,Hidden - current U.S. status unverified,SRC021,pp. 44-48,2025,Global VI25 catalog; current U.S. availability and labeling must be confirmed.,Country availability may vary.,"{""direction_of_view_deg"": 0, ""outer_diameter_mm"": 5.5, ""working_length_mm"": 430}"
PRD-01F519887A,MFR-27E7CF849C,Richard Wolf,,Richard Wolf THORAX,PANOVIEW ULTRA Telescope,89354426,,,,,Medical thoracoscopy,Thoracoscopy telescope,Reusable instrument,Reusable,Reprocessed,No,,,,OD 5.5 mm; WL 430 mm; 30°,5.5,,,,43,,,Each,Adult,PANOVIEW ULTRA Telescope,"Match trocar capacity, camera, and light cable.",Verified - manufacturer catalog; current U.S. status pending,Hidden - current U.S. status unverified,SRC021,pp. 44-48,2025,Global VI25 catalog; current U.S. availability and labeling must be confirmed.,Country availability may vary.,"{""direction_of_view_deg"": 30, ""outer_diameter_mm"": 5.5, ""working_length_mm"": 430}"
PRD-0221D4FEAA,MFR-27E7CF849C,Richard Wolf,,Richard Wolf THORAX,PANOVIEW ULTRA Telescope,8935461,,,,,Medical thoracoscopy,Thoracoscopy telescope,Reusable instrument,Reusable,Reprocessed,No,,,,OD 5.5 mm; WL 300 mm; 0°,5.5,,,,30,,,Each,Adult,PANOVIEW ULTRA Telescope,"Match trocar capacity, camera, and light cable.",Verified - manufacturer catalog; current U.S. status pending,Hidden - current U.S. status unverified,SRC021,pp. 44-48,2025,Global VI25 catalog; current U.S. availability and labeling must be confirmed.,Country availability may vary.,"{""direction_of_view_deg"": 0, ""outer_diameter_mm"": 5.5, ""working_length_mm"": 300}"
PRD-6E580584DD,MFR-27E7CF849C,Richard Wolf,,Richard Wolf THORAX,PANOVIEW ULTRA Telescope,8935462,,,,,Medical thoracoscopy,Thoracoscopy telescope,Reusable instrument,Reusable,Reprocessed,No,,,,OD 5.5 mm; WL 300 mm; 30°,5.5,,,,30,,,Each,Adult,PANOVIEW ULTRA Telescope,"Match trocar capacity, camera, and light cable.",Verified - manufacturer catalog; current U.S. status pending,Hidden - current U.S. status unverified,SRC021,pp. 44-48,2025,Global VI25 catalog; current U.S. availability and labeling must be confirmed.,Country availability may vary.,"{""direction_of_view_deg"": 30, ""outer_diameter_mm"": 5.5, ""working_length_mm"": 300}"
PRD-529E58AC8C,MFR-27E7CF849C,Richard Wolf,,Richard Wolf THORAX,"Parenchyma Forceps 50 mm, Curved Left",8242.603,,,,,Medical thoracoscopy,Thoracoscopy instrument,Reusable instrument,Reusable,Reprocessed,No,,,,OD 5 mm; WL 280 mm,,,,,,,,Each,Adult,"Parenchyma Forceps 50 mm, Curved Left",,Verified - manufacturer catalog; current U.S. status pending,Hidden - current U.S. status unverified,SRC021,pp. 53-55,2025,Global VI25 catalog; current U.S. availability and labeling must be confirmed.,Country availability may vary.,{}
PRD-023092D446,MFR-27E7CF849C,Richard Wolf,,Richard Wolf THORAX,"Parenchyma Forceps 50 mm, Curved Right",8242.604,,,,,Medical thoracoscopy,Thoracoscopy instrument,Reusable instrument,Reusable,Reprocessed,No,,,,OD 5 mm; WL 280 mm,,,,,,,,Each,Adult,"Parenchyma Forceps 50 mm, Curved Right",,Verified - manufacturer catalog; current U.S. status pending,Hidden - current U.S. status unverified,SRC021,pp. 53-55,2025,Global VI25 catalog; current U.S. availability and labeling must be confirmed.,Country availability may vary.,{}
PRD-6CB8BD3445,MFR-27E7CF849C,Richard Wolf,,Richard Wolf THORAX,"Parenchyma Forceps, Curved Left",8242.601,,,,,Medical thoracoscopy,Thoracoscopy instrument,Reusable instrument,Reusable,Reprocessed,No,,,,OD 5 mm; WL 270 mm,,,,,,,,Each,Adult,"Parenchyma Forceps, Curved Left",,Verified - manufacturer catalog; current U.S. status pending,Hidden - current U.S. status unverified,SRC021,pp. 53-55,2025,Global VI25 catalog; current U.S. availability and labeling must be confirmed.,Country availability may vary.,{}
PRD-A8A5497344,MFR-27E7CF849C,Richard Wolf,,Richard Wolf THORAX,"Parenchyma Forceps, Curved Right",8242.602,,,,,Medical thoracoscopy,Thoracoscopy instrument,Reusable instrument,Reusable,Reprocessed,No,,,,OD 5 mm; WL 270 mm,,,,,,,,Each,Adult,"Parenchyma Forceps, Curved Right",,Verified - manufacturer catalog; current U.S. status pending,Hidden - current U.S. status unverified,SRC021,pp. 53-55,2025,Global VI25 catalog; current U.S. availability and labeling must be confirmed.,Country availability may vary.,{}
PRD-901A1A1C5C,MFR-27E7CF849C,Richard Wolf,,Richard Wolf THORAX,"Parenchyma Grasping Forceps, Curved",8243.604,,,,,Medical thoracoscopy,Thoracoscopy instrument,Reusable instrument,Reusable,Reprocessed,No,,,,OD 7 mm; WL 264 mm,,,,,,,,Each,Adult,"Parenchyma Grasping Forceps, Curved",,Verified - manufacturer catalog; current U.S. status pending,Hidden - current U.S. status unverified,SRC021,pp. 53-55,2025,Global VI25 catalog; current U.S. availability and labeling must be confirmed.,Country availability may vary.,{}
PRD-58CFB02C8E,MFR-27E7CF849C,Richard Wolf,,Richard Wolf THORAX,"Parenchyma Grasping Forceps, Straight",8243.603,,,,,Medical thoracoscopy,Thoracoscopy instrument,Reusable instrument,Reusable,Reprocessed,No,,,,OD 7 mm; WL 270 mm,,,,,,,,Each,Adult,"Parenchyma Grasping Forceps, Straight",,Verified - manufacturer catalog; current U.S. status pending,Hidden - current U.S. status unverified,SRC021,pp. 53-55,2025,Global VI25 catalog; current U.S. availability and labeling must be confirmed.,Country availability may vary.,{}
PRD-B9B63919B0,MFR-27E7CF849C,Richard Wolf,,Richard Wolf THORAX,Pressure Equalization Valve,163.904,,,,,Rigid bronchoscopy,Flexible bronchoscope accessory,Accessory,Reusable or disposable per IFU,,No,,,,,,,,,,,,Each,Adult,Pressure Equalization Valve,Accessory for Richard Wolf flexible bronchoscope platform.,Verified - manufacturer catalog; current U.S. status pending,Hidden - current U.S. status unverified,SRC021,p. 5,2025,Global VI25 catalog; current U.S. availability and labeling must be confirmed.,Country availability may vary.,{}
PRD-53805EF31F,MFR-27E7CF849C,Richard Wolf,,Richard Wolf THORAX,"Rigid Suction Tube, Central/Lateral Openings",8291.45,,,,,Rigid bronchoscopy,Rigid bronchoscopy suction/accessory,Reusable instrument or accessory,Reusable,Reprocessed,No,,,,OD 4 mm; WL 500 mm,,,,,,,,Each,Adult,"Rigid Suction Tube, Central/Lateral Openings",,Verified - manufacturer catalog; current U.S. status pending,Hidden - current U.S. status unverified,SRC021,p. 26,2025,Global VI25 catalog; current U.S. availability and labeling must be confirmed.,Country availability may vary.,{}
PRD-67D1D03D3F,MFR-27E7CF849C,Richard Wolf,,Richard Wolf THORAX,RIWO-ART Slanted Trocar Sleeve,8923.013,,,,,Medical thoracoscopy,Thoracoscopy trocar,Reusable instrument,Reusable,Reprocessed,No,,,,Capacity 10 mm; WL 100 mm,,,,,,,,Each,Adult,RIWO-ART Slanted Trocar Sleeve,Select trocar capacity for scope/instrument outer diameter.,Verified - manufacturer catalog; current U.S. status pending,Hidden - current U.S. status unverified,SRC021,pp. 49-51,2025,Global VI25 catalog; current U.S. availability and labeling must be confirmed.,Country availability may vary.,{}
PRD-A8B69D1E0B,MFR-27E7CF849C,Richard Wolf,,Richard Wolf THORAX,RIWO-ART Slanted Trocar Sleeve with Thread,8923.023,,,,,Medical thoracoscopy,Thoracoscopy trocar,Reusable instrument,Reusable,Reprocessed,No,,,,Capacity 10 mm; WL 100 mm,,,,,,,,Each,Adult,RIWO-ART Slanted Trocar Sleeve with Thread,Select trocar capacity for scope/instrument outer diameter.,Verified - manufacturer catalog; current U.S. status pending,Hidden - current U.S. status unverified,SRC021,pp. 49-51,2025,Global VI25 catalog; current U.S. availability and labeling must be confirmed.,Country availability may vary.,{}
PRD-D2F1921685,MFR-27E7CF849C,Richard Wolf,,Richard Wolf THORAX,RIWO-ART Straight Trocar Sleeve,8923.014,,,,,Medical thoracoscopy,Thoracoscopy trocar,Reusable instrument,Reusable,Reprocessed,No,,,,Capacity 10 mm; WL 100 mm,,,,,,,,Each,Adult,RIWO-ART Straight Trocar Sleeve,Select trocar capacity for scope/instrument outer diameter.,Verified - manufacturer catalog; current U.S. status pending,Hidden - current U.S. status unverified,SRC021,pp. 49-51,2025,Global VI25 catalog; current U.S. availability and labeling must be confirmed.,Country availability may vary.,{}
PRD-4F64240AD0,MFR-27E7CF849C,Richard Wolf,,Richard Wolf THORAX,RIWO-ART Straight Trocar Sleeve,8923.016,,,,,Medical thoracoscopy,Thoracoscopy trocar,Reusable instrument,Reusable,Reprocessed,No,,,,Capacity 10 mm; WL 150 mm,,,,,,,,Each,Adult,RIWO-ART Straight Trocar Sleeve,Select trocar capacity for scope/instrument outer diameter.,Verified - manufacturer catalog; current U.S. status pending,Hidden - current U.S. status unverified,SRC021,pp. 49-51,2025,Global VI25 catalog; current U.S. availability and labeling must be confirmed.,Country availability may vary.,{}
PRD-40B834E981,MFR-27E7CF849C,Richard Wolf,,Richard Wolf THORAX,RIWO-ART Straight Trocar Sleeve with Thread,8923.024,,,,,Medical thoracoscopy,Thoracoscopy trocar,Reusable instrument,Reusable,Reprocessed,No,,,,Capacity 10 mm; WL 100 mm,,,,,,,,Each,Adult,RIWO-ART Straight Trocar Sleeve with Thread,Select trocar capacity for scope/instrument outer diameter.,Verified - manufacturer catalog; current U.S. status pending,Hidden - current U.S. status unverified,SRC021,pp. 49-51,2025,Global VI25 catalog; current U.S. availability and labeling must be confirmed.,Country availability may vary.,{}
PRD-8509EF4D1E,MFR-27E7CF849C,Richard Wolf,,Richard Wolf THORAX,RIWO-ART Straight Trocar Sleeve with Thread,8923.026,,,,,Medical thoracoscopy,Thoracoscopy trocar,Reusable instrument,Reusable,Reprocessed,No,,,,Capacity 10 mm; WL 150 mm,,,,,,,,Each,Adult,RIWO-ART Straight Trocar Sleeve with Thread,Select trocar capacity for scope/instrument outer diameter.,Verified - manufacturer catalog; current U.S. status pending,Hidden - current U.S. status unverified,SRC021,pp. 49-51,2025,Global VI25 catalog; current U.S. availability and labeling must be confirmed.,Country availability may vary.,{}
PRD-C717487CFD,MFR-27E7CF849C,Richard Wolf,,Richard Wolf THORAX,Rotation Forceps for Hard Foreign Bodies,8280.46,,,,,Rigid bronchoscopy,Rigid bronchoscopy forceps,Reusable instrument,Reusable,Reprocessed,No,,,,WL 465 mm,,,,,,,,Each,Adult,Rotation Forceps for Hard Foreign Bodies,Select working length and shaft diameter for bronchoscope tube.,Verified - manufacturer catalog; current U.S. status pending,Hidden - current U.S. status unverified,SRC021,p. 25,2025,Global VI25 catalog; current U.S. availability and labeling must be confirmed.,Country availability may vary.,{}
PRD-5941DF2464,MFR-27E7CF849C,Richard Wolf,,Richard Wolf THORAX,Seal,15176173,,,,,Rigid bronchoscopy,Flexible bronchoscope accessory,Accessory,Reusable or disposable per IFU,,No,,,,,,,,,,,,Each,Adult,Seal,Accessory for Richard Wolf flexible bronchoscope platform.,Verified - manufacturer catalog; current U.S. status pending,Hidden - current U.S. status unverified,SRC021,p. 5,2025,Global VI25 catalog; current U.S. availability and labeling must be confirmed.,Country availability may vary.,{}
PRD-993274DBA5,MFR-27E7CF849C,Richard Wolf,,Richard Wolf THORAX,Sealing Cap with Monitoring Window,8205.12,,,,,Rigid bronchoscopy,Rigid bronchoscope accessory,Accessory,Reusable,Reprocessed,No,,,,,,,,,,,,Each,Adult,Sealing Cap with Monitoring Window,Use with matching Richard Wolf WOLF/HEMER bronchoscope system.,Verified - manufacturer catalog; current U.S. status pending,Hidden - current U.S. status unverified,SRC021,p. 18,2025,Global VI25 catalog; current U.S. availability and labeling must be confirmed.,Country availability may vary.,{}
PRD-E6B6E0ACC5,MFR-27E7CF849C,Richard Wolf,,Richard Wolf THORAX,Sealing Plug 25 mm,8256.99,,,,,Rigid bronchoscopy,Rigid bronchoscope accessory,Accessory,Reusable,Reprocessed,No,,,,,,,,,,,,Each,Adult,Sealing Plug 25 mm,Use with matching Richard Wolf WOLF/HEMER bronchoscope system.,Verified - manufacturer catalog; current U.S. status pending,Hidden - current U.S. status unverified,SRC021,p. 18,2025,Global VI25 catalog; current U.S. availability and labeling must be confirmed.,Country availability may vary.,{}
PRD-4A329E27C5,MFR-27E7CF849C,Richard Wolf,,Richard Wolf THORAX,Sealing Valve Bundle (20 pcs),15114.052,,,,,Rigid bronchoscopy,Flexible bronchoscope accessory,Accessory,Reusable or disposable per IFU,,No,,,,,,,,,,,,Each,Adult,Sealing Valve Bundle (20 pcs),Accessory for Richard Wolf flexible bronchoscope platform.,Verified - manufacturer catalog; current U.S. status pending,Hidden - current U.S. status unverified,SRC021,p. 5,2025,Global VI25 catalog; current U.S. availability and labeling must be confirmed.,Country availability may vary.,{}
PRD-AF3652245F,MFR-27E7CF849C,Richard Wolf,,Richard Wolf THORAX,"Spoon Forceps, Smooth",8280.44,,,,,Rigid bronchoscopy,Rigid bronchoscopy forceps,Reusable instrument,Reusable,Reprocessed,No,,,,WL 460 mm,,,,,,,,Each,Adult,"Spoon Forceps, Smooth",Select working length and shaft diameter for bronchoscope tube.,Verified - manufacturer catalog; current U.S. status pending,Hidden - current U.S. status unverified,SRC021,p. 25,2025,Global VI25 catalog; current U.S. availability and labeling must be confirmed.,Country availability may vary.,{}
PRD-A12A620A18,MFR-27E7CF849C,Richard Wolf,,Richard Wolf THORAX,Stainless Steel Trocar Sleeve,8906.081,,,,,Medical thoracoscopy,Thoracoscopy trocar,Reusable instrument,Reusable,Reprocessed,No,,,,Capacity 13.6 x 18 mm; WL 56 mm,,,,,,,,Each,Adult,Stainless Steel Trocar Sleeve,Select trocar capacity for scope/instrument outer diameter.,Verified - manufacturer catalog; current U.S. status pending,Hidden - current U.S. status unverified,SRC021,pp. 49-51,2025,Global VI25 catalog; current U.S. availability and labeling must be confirmed.,Country availability may vary.,{}
PRD-5CD03F0708,MFR-27E7CF849C,Richard Wolf,,Richard Wolf THORAX,Sterile Suction Valve (20 pcs),4565901M,,,,,Rigid bronchoscopy,Flexible bronchoscope accessory,Accessory,Reusable or disposable per IFU,,No,,,,,,,,,,,,Each,Adult,Sterile Suction Valve (20 pcs),Accessory for Richard Wolf flexible bronchoscope platform.,Verified - manufacturer catalog; current U.S. status pending,Hidden - current U.S. status unverified,SRC021,p. 5,2025,Global VI25 catalog; current U.S. availability and labeling must be confirmed.,Country availability may vary.,{}
PRD-EEA17CA0DB,MFR-27E7CF849C,Richard Wolf,,Richard Wolf THORAX,Surgical Probe,8379.672,,,,,Medical thoracoscopy,Thoracoscopy surgical probe,Reusable instrument,Reusable,Reprocessed,No,,,,OD 3.5 mm; WL 350 mm,,,,,,,,Each,Adult,Surgical Probe,,Verified - manufacturer catalog; current U.S. status pending,Hidden - current U.S. status unverified,SRC021,p. 52,2025,Global VI25 catalog; current U.S. availability and labeling must be confirmed.,Country availability may vary.,{}
PRD-0E6A5953F1,MFR-27E7CF849C,Richard Wolf,,Richard Wolf THORAX,Surgical Probe,8383.66,,,,,Medical thoracoscopy,Thoracoscopy surgical probe,Reusable instrument,Reusable,Reprocessed,No,,,,OD 5 mm; WL 448 mm,,,,,,,,Each,Adult,Surgical Probe,,Verified - manufacturer catalog; current U.S. status pending,Hidden - current U.S. status unverified,SRC021,p. 52,2025,Global VI25 catalog; current U.S. availability and labeling must be confirmed.,Country availability may vary.,{}
PRD-B94F3A417B,MFR-27E7CF849C,Richard Wolf,,Richard Wolf THORAX,Surgical Probe,8384.66,,,,,Medical thoracoscopy,Thoracoscopy surgical probe,Reusable instrument,Reusable,Reprocessed,No,,,,OD 5 mm; WL 328 mm,,,,,,,,Each,Adult,Surgical Probe,,Verified - manufacturer catalog; current U.S. status pending,Hidden - current U.S. status unverified,SRC021,p. 52,2025,Global VI25 catalog; current U.S. availability and labeling must be confirmed.,Country availability may vary.,{}
PRD-36F32A458B,MFR-27E7CF849C,Richard Wolf,,Richard Wolf THORAX,Telescope Adapter,8215.713,,,,,Rigid bronchoscopy,Rigid bronchoscope telescope adapter,Reusable instrument,Reusable,Reprocessed,No,,,,TL 211 mm,,,,,,,,Each,Adult,Telescope Adapter,Select adapter length for matching WOLF/HEMER tube and telescope.,Verified - manufacturer catalog; current U.S. status pending,Hidden - current U.S. status unverified,SRC021,pp. 15-17,2025,Global VI25 catalog; current U.S. availability and labeling must be confirmed.,Country availability may vary.,{}
PRD-2EB4F34219,MFR-27E7CF849C,Richard Wolf,,Richard Wolf THORAX,Telescope Adapter,8215.714,,,,,Rigid bronchoscopy,Rigid bronchoscope telescope adapter,Reusable instrument,Reusable,Reprocessed,No,,,,TL 94 mm,,,,,,,,Each,Adult,Telescope Adapter,Select adapter length for matching WOLF/HEMER tube and telescope.,Verified - manufacturer catalog; current U.S. status pending,Hidden - current U.S. status unverified,SRC021,pp. 15-17,2025,Global VI25 catalog; current U.S. availability and labeling must be confirmed.,Country availability may vary.,{}
PRD-5C35FB169D,MFR-27E7CF849C,Richard Wolf,,Richard Wolf THORAX,Telescope Adapter,8215.715,,,,,Rigid bronchoscopy,Rigid bronchoscope telescope adapter,Reusable instrument,Reusable,Reprocessed,No,,,,TL 124 mm,,,,,,,,Each,Adult,Telescope Adapter,Select adapter length for matching WOLF/HEMER tube and telescope.,Verified - manufacturer catalog; current U.S. status pending,Hidden - current U.S. status unverified,SRC021,pp. 15-17,2025,Global VI25 catalog; current U.S. availability and labeling must be confirmed.,Country availability may vary.,{}
PRD-A3EBA86219,MFR-27E7CF849C,Richard Wolf,,Richard Wolf THORAX,Telescope Adapter,8215.716,,,,,Rigid bronchoscopy,Rigid bronchoscope telescope adapter,Reusable instrument,Reusable,Reprocessed,No,,,,TL 174 mm,,,,,,,,Each,Adult,Telescope Adapter,Select adapter length for matching WOLF/HEMER tube and telescope.,Verified - manufacturer catalog; current U.S. status pending,Hidden - current U.S. status unverified,SRC021,pp. 15-17,2025,Global VI25 catalog; current U.S. availability and labeling must be confirmed.,Country availability may vary.,{}
PRD-B077E82907,MFR-27E7CF849C,Richard Wolf,,Richard Wolf THORAX,TEXAS Bronchoscope Tube ID 11 mm,82520.0841,,,,,Rigid bronchoscopy,Rigid bronchoscope/tracheoscope tube,Reusable instrument,Reusable,Reprocessed,No,,,,ID 11 mm; OD 13.2 mm; WL 310 mm,13.2,310,,,,,,Each,Adult,TEXAS Bronchoscope Tube ID 11 mm,Use with matching TEXAS optic element/head; instrument OD must fit internal diameter.,Verified - manufacturer catalog; current U.S. status pending,Hidden - current U.S. status unverified,SRC021,p. 10,2025,Global VI25 catalog; current U.S. availability and labeling must be confirmed.,Country availability may vary.,"{""inner_diameter_mm"": 11, ""outer_diameter_mm"": 13.2, ""working_length_mm"": 310}"
PRD-5E6845A633,MFR-27E7CF849C,Richard Wolf,,Richard Wolf THORAX,"TEXAS Bronchoscope Tube ID 11 mm, no distal viewing window",82520.0842,,,,,Rigid bronchoscopy,Rigid bronchoscope/tracheoscope tube,Reusable instrument,Reusable,Reprocessed,No,,,,ID 11 mm; OD 13.2 mm; WL 310 mm,13.2,310,,,,,,Each,Adult,"TEXAS Bronchoscope Tube ID 11 mm, no distal viewing window",Use with matching TEXAS optic element/head; instrument OD must fit internal diameter.,Verified - manufacturer catalog; current U.S. status pending,Hidden - current U.S. status unverified,SRC021,p. 10,2025,Global VI25 catalog; current U.S. availability and labeling must be confirmed.,Country availability may vary.,"{""inner_diameter_mm"": 11, ""outer_diameter_mm"": 13.2, ""working_length_mm"": 310}"
PRD-095515E20C,MFR-27E7CF849C,Richard Wolf,,Richard Wolf THORAX,TEXAS Bronchoscope Tube ID 13 mm,82520.1041,,,,,Rigid bronchoscopy,Rigid bronchoscope/tracheoscope tube,Reusable instrument,Reusable,Reprocessed,No,,,,ID 13 mm; OD 15.2 mm; WL 318 mm,15.2,318,,,,,,Each,Adult,TEXAS Bronchoscope Tube ID 13 mm,Use with matching TEXAS optic element/head; instrument OD must fit internal diameter.,Verified - manufacturer catalog; current U.S. status pending,Hidden - current U.S. status unverified,SRC021,p. 10,2025,Global VI25 catalog; current U.S. availability and labeling must be confirmed.,Country availability may vary.,"{""inner_diameter_mm"": 13, ""outer_diameter_mm"": 15.2, ""working_length_mm"": 318}"
PRD-924AFC41F8,MFR-27E7CF849C,Richard Wolf,,Richard Wolf THORAX,TEXAS Bronchoscope Tube ID 9.2 mm,82520.0641,,,,,Rigid bronchoscopy,Rigid bronchoscope/tracheoscope tube,Reusable instrument,Reusable,Reprocessed,No,,,,ID 9.2 mm; OD 11.4 mm; WL 305 mm,11.4,305,,,,,,Each,Adult,TEXAS Bronchoscope Tube ID 9.2 mm,Use with matching TEXAS optic element/head; instrument OD must fit internal diameter.,Verified - manufacturer catalog; current U.S. status pending,Hidden - current U.S. status unverified,SRC021,p. 10,2025,Global VI25 catalog; current U.S. availability and labeling must be confirmed.,Country availability may vary.,"{""inner_diameter_mm"": 9.2, ""outer_diameter_mm"": 11.4, ""working_length_mm"": 305}"
PRD-54CEDAAE5B,MFR-27E7CF849C,Richard Wolf,,Richard Wolf THORAX,TEXAS Distal Illumination Head System,825101100,,,,,Rigid bronchoscopy,Rigid bronchoscope head,Reusable instrument,Reusable,Reprocessed,No,,,,,,,,,,,,Each,Adult,TEXAS Distal Illumination Head System,Use with TEXAS model bronchoscope/tracheoscope tubes.,Verified - manufacturer catalog; current U.S. status pending,Hidden - current U.S. status unverified,SRC021,pp. 6-7,2025,Global VI25 catalog; current U.S. availability and labeling must be confirmed.,Country availability may vary.,{}
PRD-0F20768341,MFR-27E7CF849C,Richard Wolf,,Richard Wolf THORAX,TEXAS Optic Element Bundle,825101401,,,,,Rigid bronchoscopy,Rigid bronchoscope optical element,Reusable instrument,Reusable,Reprocessed,No,,,,,,,,,,,,Each,Adult,TEXAS model optic element with integrated lens irrigation and protective sheath.,Use with matching TEXAS bronchoscope/tracheoscope tubes.,Verified - manufacturer catalog; current U.S. status pending,Hidden - current U.S. status unverified,SRC021,p. 6,2025,Global VI25 catalog; current U.S. availability and labeling must be confirmed.,Country availability may vary.,{}
PRD-AC9CC6E8A4,MFR-27E7CF849C,Richard Wolf,,Richard Wolf THORAX,TEXAS Proximal Illumination Head System,825101200,,,,,Rigid bronchoscopy,Rigid bronchoscope head,Reusable instrument,Reusable,Reprocessed,No,,,,,,,,,,,,Each,Adult,TEXAS Proximal Illumination Head System,Use with TEXAS model bronchoscope/tracheoscope tubes.,Verified - manufacturer catalog; current U.S. status pending,Hidden - current U.S. status unverified,SRC021,pp. 6-7,2025,Global VI25 catalog; current U.S. availability and labeling must be confirmed.,Country availability may vary.,{}
PRD-523148A737,MFR-27E7CF849C,Richard Wolf,,Richard Wolf THORAX,TEXAS Tracheoscope Tube ID 11 mm,825210830,,,,,Rigid bronchoscopy,Rigid bronchoscope/tracheoscope tube,Reusable instrument,Reusable,Reprocessed,No,,,,ID 11 mm; OD 13.2 mm; WL 295.5 mm,13.2,295.5,,,,,,Each,Adult,TEXAS Tracheoscope Tube ID 11 mm,Use with matching TEXAS optic element/head; instrument OD must fit internal diameter.,Verified - manufacturer catalog; current U.S. status pending,Hidden - current U.S. status unverified,SRC021,p. 10,2025,Global VI25 catalog; current U.S. availability and labeling must be confirmed.,Country availability may vary.,"{""inner_diameter_mm"": 11, ""outer_diameter_mm"": 13.2, ""working_length_mm"": 295.5}"
PRD-D18E672989,MFR-27E7CF849C,Richard Wolf,,Richard Wolf THORAX,TEXAS Tracheoscope Tube ID 13 mm,825211030,,,,,Rigid bronchoscopy,Rigid bronchoscope/tracheoscope tube,Reusable instrument,Reusable,Reprocessed,No,,,,ID 13 mm; OD 15.2 mm; WL 300 mm,15.2,300,,,,,,Each,Adult,TEXAS Tracheoscope Tube ID 13 mm,Use with matching TEXAS optic element/head; instrument OD must fit internal diameter.,Verified - manufacturer catalog; current U.S. status pending,Hidden - current U.S. status unverified,SRC021,p. 10,2025,Global VI25 catalog; current U.S. availability and labeling must be confirmed.,Country availability may vary.,"{""inner_diameter_mm"": 13, ""outer_diameter_mm"": 15.2, ""working_length_mm"": 300}"
PRD-59D2DF4F88,MFR-27E7CF849C,Richard Wolf,,Richard Wolf THORAX,TEXAS Tracheoscope Tube ID 15 mm,82520.1241,,,,,Rigid bronchoscopy,Rigid bronchoscope/tracheoscope tube,Reusable instrument,Reusable,Reprocessed,No,,,,ID 15 mm; OD 17.2 mm; WL 325 mm,17.2,325,,,,,,Each,Adult,TEXAS Tracheoscope Tube ID 15 mm,Use with matching TEXAS optic element/head; instrument OD must fit internal diameter.,Verified - manufacturer catalog; current U.S. status pending,Hidden - current U.S. status unverified,SRC021,p. 10,2025,Global VI25 catalog; current U.S. availability and labeling must be confirmed.,Country availability may vary.,"{""inner_diameter_mm"": 15, ""outer_diameter_mm"": 17.2, ""working_length_mm"": 325}"
PRD-3C756110F0,MFR-27E7CF849C,Richard Wolf,,Richard Wolf THORAX,TEXAS Tracheoscope Tube ID 15 mm,825211230,,,,,Rigid bronchoscopy,Rigid bronchoscope/tracheoscope tube,Reusable instrument,Reusable,Reprocessed,No,,,,ID 15 mm; OD 17.2 mm; WL 300 mm,17.2,300,,,,,,Each,Adult,TEXAS Tracheoscope Tube ID 15 mm,Use with matching TEXAS optic element/head; instrument OD must fit internal diameter.,Verified - manufacturer catalog; current U.S. status pending,Hidden - current U.S. status unverified,SRC021,p. 10,2025,Global VI25 catalog; current U.S. availability and labeling must be confirmed.,Country availability may vary.,"{""inner_diameter_mm"": 15, ""outer_diameter_mm"": 17.2, ""working_length_mm"": 300}"
PRD-2EB7F5EEC1,MFR-27E7CF849C,Richard Wolf,,Richard Wolf THORAX,TEXAS Tracheoscope Tube ID 17 mm,825211430,,,,,Rigid bronchoscopy,Rigid bronchoscope/tracheoscope tube,Reusable instrument,Reusable,Reprocessed,No,,,,ID 17 mm; OD 19.3 mm; WL 300 mm,19.3,300,,,,,,Each,Adult,TEXAS Tracheoscope Tube ID 17 mm,Use with matching TEXAS optic element/head; instrument OD must fit internal diameter.,Verified - manufacturer catalog; current U.S. status pending,Hidden - current U.S. status unverified,SRC021,p. 10,2025,Global VI25 catalog; current U.S. availability and labeling must be confirmed.,Country availability may vary.,"{""inner_diameter_mm"": 17, ""outer_diameter_mm"": 19.3, ""working_length_mm"": 300}"
PRD-00C13A59AA,MFR-27E7CF849C,Richard Wolf,,Richard Wolf THORAX,TEXAS Tracheoscope Tube ID 17.1 mm,82520.1441,,,,,Rigid bronchoscopy,Rigid bronchoscope/tracheoscope tube,Reusable instrument,Reusable,Reprocessed,No,,,,ID 17.1 mm; OD 19.3 mm; WL 330 mm,19.3,330,,,,,,Each,Adult,TEXAS Tracheoscope Tube ID 17.1 mm,Use with matching TEXAS optic element/head; instrument OD must fit internal diameter.,Verified - manufacturer catalog; current U.S. status pending,Hidden - current U.S. status unverified,SRC021,p. 10,2025,Global VI25 catalog; current U.S. availability and labeling must be confirmed.,Country availability may vary.,"{""inner_diameter_mm"": 17.1, ""outer_diameter_mm"": 19.3, ""working_length_mm"": 330}"
PRD-24AE19F5D2,MFR-27E7CF849C,Richard Wolf,,Richard Wolf THORAX,"Thoracoscopy Scissors, Curved",8243.404,,,,,Medical thoracoscopy,Thoracoscopy instrument,Reusable instrument,Reusable,Reprocessed,No,,,,OD 7 mm; WL 260 mm,,,,,,,,Each,Adult,"Thoracoscopy Scissors, Curved",,Verified - manufacturer catalog; current U.S. status pending,Hidden - current U.S. status unverified,SRC021,pp. 53-55,2025,Global VI25 catalog; current U.S. availability and labeling must be confirmed.,Country availability may vary.,{}
PRD-759CE9B00A,MFR-27E7CF849C,Richard Wolf,,Richard Wolf THORAX,"Thoracoscopy Scissors, Straight",8243.403,,,,,Medical thoracoscopy,Thoracoscopy instrument,Reusable instrument,Reusable,Reprocessed,No,,,,OD 6.5 mm; WL 260 mm,,,,,,,,Each,Adult,"Thoracoscopy Scissors, Straight",,Verified - manufacturer catalog; current U.S. status pending,Hidden - current U.S. status unverified,SRC021,pp. 53-55,2025,Global VI25 catalog; current U.S. availability and labeling must be confirmed.,Country availability may vary.,{}
PRD-F6BB76BECF,MFR-27E7CF849C,Richard Wolf,,Richard Wolf THORAX,Thoracoscopy Tissue Retractor,8243.701,,,,,Medical thoracoscopy,Thoracoscopy instrument,Reusable instrument,Reusable,Reprocessed,No,,,,OD 6.5 mm; WL 330 mm,,,,,,,,Each,Adult,Thoracoscopy Tissue Retractor,,Verified - manufacturer catalog; current U.S. status pending,Hidden - current U.S. status unverified,SRC021,pp. 53-55,2025,Global VI25 catalog; current U.S. availability and labeling must be confirmed.,Country availability may vary.,{}
PRD-388B36D2E2,MFR-27E7CF849C,Richard Wolf,,Richard Wolf THORAX,TipControl Articulated Biopsy Forceps,823400001,,,,,Rigid bronchoscopy,Articulated rigid bronchoscopic instrument,Reusable instrument,Reusable,Reprocessed,No,,,,OD 5.2 mm; WL 483 mm,5.2,,,,48.3,,,Each,Adult,TipControl Articulated Biopsy Forceps,Match bronchoscope tube ID and Luer sealing cap.,Verified - manufacturer catalog; current U.S. status pending,Hidden - current U.S. status unverified,SRC021,p. 13,2025,Global VI25 catalog; current U.S. availability and labeling must be confirmed.,Country availability may vary.,{}
PRD-0BA1BB5296,MFR-27E7CF849C,Richard Wolf,,Richard Wolf THORAX,TipControl Articulated Grasping Forceps,823400002,,,,,Rigid bronchoscopy,Articulated rigid bronchoscopic instrument,Reusable instrument,Reusable,Reprocessed,No,,,,OD 5.2 mm; WL 485 mm,5.2,,,,48.5,,,Each,Adult,TipControl Articulated Grasping Forceps,Match bronchoscope tube ID and Luer sealing cap.,Verified - manufacturer catalog; current U.S. status pending,Hidden - current U.S. status unverified,SRC021,p. 13,2025,Global VI25 catalog; current U.S. availability and labeling must be confirmed.,Country availability may vary.,{}
PRD-027269F110,MFR-27E7CF849C,Richard Wolf,,Richard Wolf THORAX,TipControl Articulated Scissors,823400003,,,,,Rigid bronchoscopy,Articulated rigid bronchoscopic instrument,Reusable instrument,Reusable,Reprocessed,No,,,,OD 5.2 mm; WL 482 mm,5.2,,,,48.2,,,Each,Adult,TipControl Articulated Scissors,Match bronchoscope tube ID and Luer sealing cap.,Verified - manufacturer catalog; current U.S. status pending,Hidden - current U.S. status unverified,SRC021,p. 13,2025,Global VI25 catalog; current U.S. availability and labeling must be confirmed.,Country availability may vary.,{}
PRD-BA7CBE6482,MFR-27E7CF849C,Richard Wolf,,Richard Wolf THORAX,Trocar Sleeve with Membrane Valve,8905.331,,,,,Medical thoracoscopy,Thoracoscopy trocar,Reusable instrument,Reusable,Reprocessed,No,,,,Capacity 5.8 mm; WL 62 mm,,,,,,,,Each,Adult,Trocar Sleeve with Membrane Valve,Select trocar capacity for scope/instrument outer diameter.,Verified - manufacturer catalog; current U.S. status pending,Hidden - current U.S. status unverified,SRC021,pp. 49-51,2025,Global VI25 catalog; current U.S. availability and labeling must be confirmed.,Country availability may vary.,{}
PRD-ED212D7E3C,MFR-27E7CF849C,Richard Wolf,,Richard Wolf THORAX,Trocar Sleeve with Membrane Valve,8905.351,,,,,Medical thoracoscopy,Thoracoscopy trocar,Reusable instrument,Reusable,Reprocessed,No,,,,Capacity 5.8 mm; WL 102 mm,,,,,,,,Each,Adult,Trocar Sleeve with Membrane Valve,Select trocar capacity for scope/instrument outer diameter.,Verified - manufacturer catalog; current U.S. status pending,Hidden - current U.S. status unverified,SRC021,pp. 49-51,2025,Global VI25 catalog; current U.S. availability and labeling must be confirmed.,Country availability may vary.,{}
PRD-C1F90B7445,MFR-27E7CF849C,Richard Wolf,,Richard Wolf THORAX,Trocar Sleeve with Membrane Valve,8919.331,,,,,Medical thoracoscopy,Thoracoscopy trocar,Reusable instrument,Reusable,Reprocessed,No,,,,Capacity 5.5 mm; WL 62 mm,,,,,,,,Each,Adult,Trocar Sleeve with Membrane Valve,Select trocar capacity for scope/instrument outer diameter.,Verified - manufacturer catalog; current U.S. status pending,Hidden - current U.S. status unverified,SRC021,pp. 49-51,2025,Global VI25 catalog; current U.S. availability and labeling must be confirmed.,Country availability may vary.,{}
PRD-8287E5FFEF,MFR-27E7CF849C,Richard Wolf,,Richard Wolf THORAX,Trocar Sleeve with Membrane Valve,8919.351,,,,,Medical thoracoscopy,Thoracoscopy trocar,Reusable instrument,Reusable,Reprocessed,No,,,,Capacity 5.5 mm; WL 102 mm,,,,,,,,Each,Adult,Trocar Sleeve with Membrane Valve,Select trocar capacity for scope/instrument outer diameter.,Verified - manufacturer catalog; current U.S. status pending,Hidden - current U.S. status unverified,SRC021,pp. 49-51,2025,Global VI25 catalog; current U.S. availability and labeling must be confirmed.,Country availability may vary.,{}
PRD-7E7BC96506,MFR-27E7CF849C,Richard Wolf,,Richard Wolf THORAX,Trocar Sleeve with Rubber Cap,8906.051,,,,,Medical thoracoscopy,Thoracoscopy trocar,Reusable instrument,Reusable,Reprocessed,No,,,,Capacity 5.7 mm; WL 60 mm,,,,,,,,Each,Adult,Trocar Sleeve with Rubber Cap,Select trocar capacity for scope/instrument outer diameter.,Verified - manufacturer catalog; current U.S. status pending,Hidden - current U.S. status unverified,SRC021,pp. 49-51,2025,Global VI25 catalog; current U.S. availability and labeling must be confirmed.,Country availability may vary.,{}
PRD-AD1CD2C1B2,MFR-27E7CF849C,Richard Wolf,,Richard Wolf THORAX,Trocar Sleeve with Stopcock,8919.333,,,,,Medical thoracoscopy,Thoracoscopy trocar,Reusable instrument,Reusable,Reprocessed,No,,,,Capacity 5.5 mm; WL 62 mm,,,,,,,,Each,Adult,Trocar Sleeve with Stopcock,Select trocar capacity for scope/instrument outer diameter.,Verified - manufacturer catalog; current U.S. status pending,Hidden - current U.S. status unverified,SRC021,pp. 49-51,2025,Global VI25 catalog; current U.S. availability and labeling must be confirmed.,Country availability may vary.,{}
PRD-3236D0CEDC,MFR-27E7CF849C,Richard Wolf,,Richard Wolf THORAX,Trocar Sleeve with Stopcock,8919.353,,,,,Medical thoracoscopy,Thoracoscopy trocar,Reusable instrument,Reusable,Reprocessed,No,,,,Capacity 5.5 mm; WL 102 mm,,,,,,,,Each,Adult,Trocar Sleeve with Stopcock,Select trocar capacity for scope/instrument outer diameter.,Verified - manufacturer catalog; current U.S. status pending,Hidden - current U.S. status unverified,SRC021,pp. 49-51,2025,Global VI25 catalog; current U.S. availability and labeling must be confirmed.,Country availability may vary.,{}
PRD-FF9CE26B43,MFR-27E7CF849C,Richard Wolf,,Richard Wolf THORAX,Tube with Luer-Lock Connector,886.00,,,,,Rigid bronchoscopy,Flexible bronchoscope accessory,Accessory,Reusable or disposable per IFU,,No,,,,,,,,,,,,Each,Adult,Tube with Luer-Lock Connector,Accessory for Richard Wolf flexible bronchoscope platform.,Verified - manufacturer catalog; current U.S. status pending,Hidden - current U.S. status unverified,SRC021,p. 5,2025,Global VI25 catalog; current U.S. availability and labeling must be confirmed.,Country availability may vary.,{}
PRD-6C99AA9B16,MFR-27E7CF849C,Richard Wolf,,Richard Wolf THORAX,"Tumor Forceps, Severing",8280.45,,,,,Rigid bronchoscopy,Rigid bronchoscopy forceps,Reusable instrument,Reusable,Reprocessed,No,,,,WL 460 mm,,,,,,,,Each,Adult,"Tumor Forceps, Severing",Select working length and shaft diameter for bronchoscope tube.,Verified - manufacturer catalog; current U.S. status pending,Hidden - current U.S. status unverified,SRC021,p. 25,2025,Global VI25 catalog; current U.S. availability and labeling must be confirmed.,Country availability may vary.,{}
PRD-9B0EE44246,MFR-27E7CF849C,Richard Wolf,,Richard Wolf THORAX,Two-Pedal Footswitch,2304.901,,,,,Rigid bronchoscopy,Rigid bronchoscopic shaver accessory,Reusable accessory,Reusable,Reprocessed,No,,,,,,,,,,,,Each,Adult,Two-Pedal Footswitch,,Verified - manufacturer catalog; current U.S. status pending,Hidden - current U.S. status unverified,SRC021,p. 11,2025,Global VI25 catalog; current U.S. availability and labeling must be confirmed.,Country availability may vary.,{}
PRD-9C1CF84490,MFR-27E7CF849C,Richard Wolf,,Richard Wolf THORAX,Universal Bronchoscope Cap,8020.15,,,,,Rigid bronchoscopy,Rigid bronchoscope accessory,Accessory,Reusable,Reprocessed,No,,,,,,,,,,,,Each,Adult,Universal Bronchoscope Cap,Use with matching Richard Wolf WOLF/HEMER bronchoscope system.,Verified - manufacturer catalog; current U.S. status pending,Hidden - current U.S. status unverified,SRC021,p. 18,2025,Global VI25 catalog; current U.S. availability and labeling must be confirmed.,Country availability may vary.,{}
PRD-CE081B3A72,MFR-27E7CF849C,Richard Wolf,,Richard Wolf THORAX,"Universal Forceps, Serrated",8280.42,,,,,Rigid bronchoscopy,Rigid bronchoscopy forceps,Reusable instrument,Reusable,Reprocessed,No,,,,WL 465 mm,,,,,,,,Each,Adult,"Universal Forceps, Serrated",Select working length and shaft diameter for bronchoscope tube.,Verified - manufacturer catalog; current U.S. status pending,Hidden - current U.S. status unverified,SRC021,p. 25,2025,Global VI25 catalog; current U.S. availability and labeling must be confirmed.,Country availability may vary.,{}
PRD-9C5FCF73E5,MFR-27E7CF849C,Richard Wolf,,Richard Wolf THORAX,"Vessel Clamp, Curved Left",8242.651,,,,,Medical thoracoscopy,Thoracoscopy instrument,Reusable instrument,Reusable,Reprocessed,No,,,,OD 5 mm; WL 260 mm,,,,,,,,Each,Adult,"Vessel Clamp, Curved Left",,Verified - manufacturer catalog; current U.S. status pending,Hidden - current U.S. status unverified,SRC021,pp. 53-55,2025,Global VI25 catalog; current U.S. availability and labeling must be confirmed.,Country availability may vary.,{}
PRD-6D2D08656C,MFR-27E7CF849C,Richard Wolf,,Richard Wolf THORAX,"Vessel Clamp, Curved Right",8242.652,,,,,Medical thoracoscopy,Thoracoscopy instrument,Reusable instrument,Reusable,Reprocessed,No,,,,OD 5 mm; WL 260 mm,,,,,,,,Each,Adult,"Vessel Clamp, Curved Right",,Verified - manufacturer catalog; current U.S. status pending,Hidden - current U.S. status unverified,SRC021,pp. 53-55,2025,Global VI25 catalog; current U.S. availability and labeling must be confirmed.,Country availability may vary.,{}
PRD-598FB0AD5D,MFR-27E7CF849C,Richard Wolf,,Richard Wolf THORAX,WOLF Bronchoscope Tube Bundle,8214.0721,,,,,Rigid bronchoscopy,Rigid bronchoscope/tracheoscope tube,Reusable instrument,Reusable,Reprocessed,No,,,,ID 7.5 mm; OD 8.5 mm; WL 357 mm,8.5,357,,,,,,Each,Adult,WOLF Bronchoscope Tube Bundle,"Match telescope, adapter, sealing cap, and instrument OD to internal diameter.",Verified - manufacturer catalog; current U.S. status pending,Hidden - current U.S. status unverified,SRC021,p. 15,2025,Global VI25 catalog; current U.S. availability and labeling must be confirmed.,Country availability may vary.,"{""inner_diameter_mm"": 7.5, ""outer_diameter_mm"": 8.5, ""working_length_mm"": 357}"
PRD-18F33007D6,MFR-27E7CF849C,Richard Wolf,,Richard Wolf THORAX,WOLF Bronchoscope Tube Bundle,8214.0821,,,,,Rigid bronchoscopy,Rigid bronchoscope/tracheoscope tube,Reusable instrument,Reusable,Reprocessed,No,,,,ID 8.5 mm; OD 9.5 mm; WL 357 mm,9.5,357,,,,,,Each,Adult,WOLF Bronchoscope Tube Bundle,"Match telescope, adapter, sealing cap, and instrument OD to internal diameter.",Verified - manufacturer catalog; current U.S. status pending,Hidden - current U.S. status unverified,SRC021,p. 15,2025,Global VI25 catalog; current U.S. availability and labeling must be confirmed.,Country availability may vary.,"{""inner_diameter_mm"": 8.5, ""outer_diameter_mm"": 9.5, ""working_length_mm"": 357}"
PRD-5C40D8FE80,MFR-27E7CF849C,Richard Wolf,,Richard Wolf THORAX,WOLF Bronchoscope Tube Bundle,8214.0921,,,,,Rigid bronchoscopy,Rigid bronchoscope/tracheoscope tube,Reusable instrument,Reusable,Reprocessed,No,,,,ID 9.5 mm; OD 10.5 mm; WL 357 mm,10.5,357,,,,,,Each,Adult,WOLF Bronchoscope Tube Bundle,"Match telescope, adapter, sealing cap, and instrument OD to internal diameter.",Verified - manufacturer catalog; current U.S. status pending,Hidden - current U.S. status unverified,SRC021,p. 15,2025,Global VI25 catalog; current U.S. availability and labeling must be confirmed.,Country availability may vary.,"{""inner_diameter_mm"": 9.5, ""outer_diameter_mm"": 10.5, ""working_length_mm"": 357}"
PRD-1DCE96086D,MFR-27E7CF849C,Richard Wolf,,Richard Wolf THORAX,WOLF Bronchoscope Tube Bundle,8214.1021,,,,,Rigid bronchoscopy,Rigid bronchoscope/tracheoscope tube,Reusable instrument,Reusable,Reprocessed,No,,,,ID 10.5 mm; OD 11.5 mm; WL 387 mm,11.5,387,,,,,,Each,Adult,WOLF Bronchoscope Tube Bundle,"Match telescope, adapter, sealing cap, and instrument OD to internal diameter.",Verified - manufacturer catalog; current U.S. status pending,Hidden - current U.S. status unverified,SRC021,p. 15,2025,Global VI25 catalog; current U.S. availability and labeling must be confirmed.,Country availability may vary.,"{""inner_diameter_mm"": 10.5, ""outer_diameter_mm"": 11.5, ""working_length_mm"": 387}"
PRD-60C171D0E6,MFR-C37FF1F1D1,Rocket Medical,,Rocket IPC,Rocket IPC 1000 mL Discharge Pack,R51411-DP,,,,,Pleural procedures,IPC drainage supply,Single-use kit,Single use,Sterile,No,,,,1000 mL,,,,,,,,1 per box (4 drainage kits),Adult,Rocket IPC system component for pleural or peritoneal drainage.,Use with the Rocket IPC system and approved drainage/valve components.,Verified - U.S. manufacturer brochure,Prototype visible - reverify before production,SRC026,p. 6,2021-09-10,U.S. brochure; current orderability and payer/homecare workflow require recheck.,"Rocket IPC catheter is 15.5 Fr silicone, 67.5 cm, with 30 fenestrations, polyester cuff, direct-flow safety valve, and barium sulfate stripe.","{""component_type"": ""IPC drainage supply"", ""package"": ""1 per box (4 drainage kits)"", ""system"": ""Rocket IPC""}"
PRD-BACF8FDE9B,MFR-C37FF1F1D1,Rocket Medical,,Rocket IPC,Rocket IPC 1000 mL Vacuum Bottle & Dressing Pack,R51411,,,,,Pleural procedures,IPC drainage supply,Single-use kit,Single use,Sterile,No,,,,1000 mL,,,,,,,,5 per box,Adult,Rocket IPC system component for pleural or peritoneal drainage.,Use with the Rocket IPC system and approved drainage/valve components.,Verified - U.S. manufacturer brochure,Prototype visible - reverify before production,SRC026,p. 6,2021-09-10,U.S. brochure; current orderability and payer/homecare workflow require recheck.,"Rocket IPC catheter is 15.5 Fr silicone, 67.5 cm, with 30 fenestrations, polyester cuff, direct-flow safety valve, and barium sulfate stripe.","{""component_type"": ""IPC drainage supply"", ""package"": ""5 per box"", ""system"": ""Rocket IPC""}"
PRD-9FFD95C095,MFR-C37FF1F1D1,Rocket Medical,,Rocket IPC,Rocket IPC 1000 mL Vacuum Bottle Only,R51411-00-00,,,,,Pleural procedures,IPC drainage supply,Single-use kit,Single use,Sterile,No,,,,1000 mL,,,,,,,,5 per box,Adult,Rocket IPC system component for pleural or peritoneal drainage.,Use with the Rocket IPC system and approved drainage/valve components.,Verified - U.S. manufacturer brochure,Prototype visible - reverify before production,SRC026,p. 6,2021-09-10,U.S. brochure; current orderability and payer/homecare workflow require recheck.,"Rocket IPC catheter is 15.5 Fr silicone, 67.5 cm, with 30 fenestrations, polyester cuff, direct-flow safety valve, and barium sulfate stripe.","{""component_type"": ""IPC drainage supply"", ""package"": ""5 per box"", ""system"": ""Rocket IPC""}"
PRD-22A349ADEC,MFR-C37FF1F1D1,Rocket Medical,,Rocket IPC,Rocket IPC 2000 mL Drainage Bag & Dressing Pack,R51401,,,,,Pleural procedures,IPC drainage supply,Single-use kit,Single use,Sterile,No,,,,2000 mL,,,,,,,,5 per box,Adult,Rocket IPC system component for pleural or peritoneal drainage.,Use with the Rocket IPC system and approved drainage/valve components.,Verified - U.S. manufacturer brochure,Prototype visible - reverify before production,SRC026,p. 6,2021-09-10,U.S. brochure; current orderability and payer/homecare workflow require recheck.,"Rocket IPC catheter is 15.5 Fr silicone, 67.5 cm, with 30 fenestrations, polyester cuff, direct-flow safety valve, and barium sulfate stripe.","{""component_type"": ""IPC drainage supply"", ""package"": ""5 per box"", ""system"": ""Rocket IPC""}"
PRD-2C648B78A4,MFR-C37FF1F1D1,Rocket Medical,,Rocket IPC,Rocket IPC 500 mL Discharge Pack,R51400-DP,,,,,Pleural procedures,IPC drainage supply,Single-use kit,Single use,Sterile,No,,,,500 mL,,,,,,,,1 per box (4 drainage kits),Adult,Rocket IPC system component for pleural or peritoneal drainage.,Use with the Rocket IPC system and approved drainage/valve components.,Verified - U.S. manufacturer brochure,Prototype visible - reverify before production,SRC026,p. 6,2021-09-10,U.S. brochure; current orderability and payer/homecare workflow require recheck.,"Rocket IPC catheter is 15.5 Fr silicone, 67.5 cm, with 30 fenestrations, polyester cuff, direct-flow safety valve, and barium sulfate stripe.","{""component_type"": ""IPC drainage supply"", ""package"": ""1 per box (4 drainage kits)"", ""system"": ""Rocket IPC""}"
PRD-6F8A951376,MFR-C37FF1F1D1,Rocket Medical,,Rocket IPC,Rocket IPC 500 mL Vacuum Bottle & Dressing Pack,R51400,,,,,Pleural procedures,IPC drainage supply,Single-use kit,Single use,Sterile,No,,,,500 mL,,,,,,,,5 per box,Adult,Rocket IPC system component for pleural or peritoneal drainage.,Use with the Rocket IPC system and approved drainage/valve components.,Verified - U.S. manufacturer brochure,Prototype visible - reverify before production,SRC026,p. 6,2021-09-10,U.S. brochure; current orderability and payer/homecare workflow require recheck.,"Rocket IPC catheter is 15.5 Fr silicone, 67.5 cm, with 30 fenestrations, polyester cuff, direct-flow safety valve, and barium sulfate stripe.","{""component_type"": ""IPC drainage supply"", ""package"": ""5 per box"", ""system"": ""Rocket IPC""}"
PRD-A8F80E7C94,MFR-C37FF1F1D1,Rocket Medical,,Rocket IPC,Rocket IPC 500 mL Vacuum Bottle Only,R51410,,,,,Pleural procedures,IPC drainage supply,Single-use kit,Single use,Sterile,No,,,,500 mL,,,,,,,,5 per box,Adult,Rocket IPC system component for pleural or peritoneal drainage.,Use with the Rocket IPC system and approved drainage/valve components.,Verified - U.S. manufacturer brochure,Prototype visible - reverify before production,SRC026,p. 6,2021-09-10,U.S. brochure; current orderability and payer/homecare workflow require recheck.,"Rocket IPC catheter is 15.5 Fr silicone, 67.5 cm, with 30 fenestrations, polyester cuff, direct-flow safety valve, and barium sulfate stripe.","{""component_type"": ""IPC drainage supply"", ""package"": ""5 per box"", ""system"": ""Rocket IPC""}"
PRD-6B7E932D54,MFR-C37FF1F1D1,Rocket Medical,,Rocket IPC,Rocket IPC Catheter Insertion Kit - Complete,R51400-16-PL,,,,,Pleural procedures,IPC insertion kit,Single-use kit,Single use,Sterile,Yes,15.5 Fr silicone catheter with polyester cuff,,Tunneled indwelling pleural/peritoneal catheter placement,,,,,,,,,5 per box,Adult,Rocket IPC system component for pleural or peritoneal drainage.,Use with the Rocket IPC system and approved drainage/valve components.,Verified - U.S. manufacturer brochure,Prototype visible - reverify before production,SRC026,p. 6,2021-09-10,U.S. brochure; current orderability and payer/homecare workflow require recheck.,"Rocket IPC catheter is 15.5 Fr silicone, 67.5 cm, with 30 fenestrations, polyester cuff, direct-flow safety valve, and barium sulfate stripe.","{""component_type"": ""IPC insertion kit"", ""package"": ""5 per box"", ""system"": ""Rocket IPC""}"
PRD-412ADCED34,MFR-C37FF1F1D1,Rocket Medical,,Rocket IPC,Rocket IPC Catheter Insertion Kit - Drug Free,R51400-16-00,,,,,Pleural procedures,IPC insertion kit,Single-use kit,Single use,Sterile,Yes,15.5 Fr silicone catheter with polyester cuff,,Tunneled indwelling pleural/peritoneal catheter placement,,,,,,,,,5 per box,Adult,Rocket IPC system component for pleural or peritoneal drainage.,Use with the Rocket IPC system and approved drainage/valve components.,Verified - U.S. manufacturer brochure,Prototype visible - reverify before production,SRC026,p. 6,2021-09-10,U.S. brochure; current orderability and payer/homecare workflow require recheck.,"Rocket IPC catheter is 15.5 Fr silicone, 67.5 cm, with 30 fenestrations, polyester cuff, direct-flow safety valve, and barium sulfate stripe.","{""component_type"": ""IPC insertion kit"", ""package"": ""5 per box"", ""system"": ""Rocket IPC""}"
PRD-13CE349B91,MFR-C37FF1F1D1,Rocket Medical,,Rocket IPC,Rocket IPC Catheter Insertion Kit - Mini (VATS),R51400-MI-PL,,,,,Pleural procedures,IPC insertion kit,Single-use kit,Single use,Sterile,Yes,15.5 Fr silicone catheter with polyester cuff,,Tunneled indwelling pleural/peritoneal catheter placement,,,,,,,,,10 per box,Adult,Rocket IPC system component for pleural or peritoneal drainage.,Use with the Rocket IPC system and approved drainage/valve components.,Verified - U.S. manufacturer brochure,Prototype visible - reverify before production,SRC026,p. 6,2021-09-10,U.S. brochure; current orderability and payer/homecare workflow require recheck.,"Rocket IPC catheter is 15.5 Fr silicone, 67.5 cm, with 30 fenestrations, polyester cuff, direct-flow safety valve, and barium sulfate stripe.","{""component_type"": ""IPC insertion kit"", ""package"": ""10 per box"", ""system"": ""Rocket IPC""}"
PRD-F96AA87958,MFR-C37FF1F1D1,Rocket Medical,,Rocket IPC,Rocket IPC Catheter Removal Kit,R54400-00-RK,,,,,Pleural procedures,IPC management accessory,Accessory,Single use,Sterile,No,,,,,,,,,,,,5 per box,Adult,Rocket IPC system component for pleural or peritoneal drainage.,Use with the Rocket IPC system and approved drainage/valve components.,Verified - U.S. manufacturer brochure,Prototype visible - reverify before production,SRC026,p. 6,2021-09-10,U.S. brochure; current orderability and payer/homecare workflow require recheck.,"Rocket IPC catheter is 15.5 Fr silicone, 67.5 cm, with 30 fenestrations, polyester cuff, direct-flow safety valve, and barium sulfate stripe.","{""component_type"": ""IPC management accessory"", ""package"": ""5 per box"", ""system"": ""Rocket IPC""}"
PRD-7578C8D45A,MFR-C37FF1F1D1,Rocket Medical,,Rocket IPC,Rocket IPC Drainage Line,R54410-00-DL,,,,,Pleural procedures,IPC management accessory,Accessory,Single use,Sterile,No,,,,,,,,,,,,10 per box,Adult,Rocket IPC system component for pleural or peritoneal drainage.,Use with the Rocket IPC system and approved drainage/valve components.,Verified - U.S. manufacturer brochure,Prototype visible - reverify before production,SRC026,p. 6,2021-09-10,U.S. brochure; current orderability and payer/homecare workflow require recheck.,"Rocket IPC catheter is 15.5 Fr silicone, 67.5 cm, with 30 fenestrations, polyester cuff, direct-flow safety valve, and barium sulfate stripe.","{""component_type"": ""IPC management accessory"", ""package"": ""10 per box"", ""system"": ""Rocket IPC""}"
PRD-C6BE641E4E,MFR-C37FF1F1D1,Rocket Medical,,Rocket IPC,Rocket IPC Dressing Pack,R54400-00-00,,,,,Pleural procedures,IPC dressing kit,Single-use kit,Single use,Sterile,No,,,,,,,,,,,,5 per box,Adult,Rocket IPC system component for pleural or peritoneal drainage.,Use with the Rocket IPC system and approved drainage/valve components.,Verified - U.S. manufacturer brochure,Prototype visible - reverify before production,SRC026,p. 6,2021-09-10,U.S. brochure; current orderability and payer/homecare workflow require recheck.,"Rocket IPC catheter is 15.5 Fr silicone, 67.5 cm, with 30 fenestrations, polyester cuff, direct-flow safety valve, and barium sulfate stripe.","{""component_type"": ""IPC dressing kit"", ""package"": ""5 per box"", ""system"": ""Rocket IPC""}"
PRD-2E6996BA6A,MFR-C37FF1F1D1,Rocket Medical,,Rocket IPC,Rocket IPC Replacement Valve Kit,R54410-00-VV,,,,,Pleural procedures,IPC management accessory,Accessory,Single use,Sterile,No,,,,,,,,,,,,10 per box,Adult,Rocket IPC system component for pleural or peritoneal drainage.,Use with the Rocket IPC system and approved drainage/valve components.,Verified - U.S. manufacturer brochure,Prototype visible - reverify before production,SRC026,p. 6,2021-09-10,U.S. brochure; current orderability and payer/homecare workflow require recheck.,"Rocket IPC catheter is 15.5 Fr silicone, 67.5 cm, with 30 fenestrations, polyester cuff, direct-flow safety valve, and barium sulfate stripe.","{""component_type"": ""IPC management accessory"", ""package"": ""10 per box"", ""system"": ""Rocket IPC""}"
PRD-6E2197DFEE,MFR-C37FF1F1D1,Rocket Medical,,Rocket IPC,Rocket IPC Split Sheath Dilator 11 cm x 16G,R54410-16-11,,,,,Pleural procedures,IPC management accessory,Accessory,Single use,Sterile,No,,,,16G x 11 cm,,,,,,,,10 per box,Adult,Rocket IPC system component for pleural or peritoneal drainage.,Use with the Rocket IPC system and approved drainage/valve components.,Verified - U.S. manufacturer brochure,Prototype visible - reverify before production,SRC026,p. 6,2021-09-10,U.S. brochure; current orderability and payer/homecare workflow require recheck.,"Rocket IPC catheter is 15.5 Fr silicone, 67.5 cm, with 30 fenestrations, polyester cuff, direct-flow safety valve, and barium sulfate stripe.","{""component_type"": ""IPC management accessory"", ""package"": ""10 per box"", ""system"": ""Rocket IPC""}"
PRD-F3BBB75E29,MFR-C37FF1F1D1,Rocket Medical,,Rocket IPC,Rocket IPC Split Sheath Dilator 17 cm x 16G,R54410-16-17,,,,,Pleural procedures,IPC management accessory,Accessory,Single use,Sterile,No,,,,16G x 17 cm,,,,,,,,10 per box,Adult,Rocket IPC system component for pleural or peritoneal drainage.,Use with the Rocket IPC system and approved drainage/valve components.,Verified - U.S. manufacturer brochure,Prototype visible - reverify before production,SRC026,p. 6,2021-09-10,U.S. brochure; current orderability and payer/homecare workflow require recheck.,"Rocket IPC catheter is 15.5 Fr silicone, 67.5 cm, with 30 fenestrations, polyester cuff, direct-flow safety valve, and barium sulfate stripe.","{""component_type"": ""IPC management accessory"", ""package"": ""10 per box"", ""system"": ""Rocket IPC""}"
PRD-8D82B325C6,MFR-C37FF1F1D1,Rocket Medical,,Rocket IPC,Rocket IPC Valve Cap,R54410-00-CP,,,,,Pleural procedures,IPC management accessory,Accessory,Single use,Sterile,No,,,,,,,,,,,,10 per box,Adult,Rocket IPC system component for pleural or peritoneal drainage.,Use with the Rocket IPC system and approved drainage/valve components.,Verified - U.S. manufacturer brochure,Prototype visible - reverify before production,SRC026,p. 6,2021-09-10,U.S. brochure; current orderability and payer/homecare workflow require recheck.,"Rocket IPC catheter is 15.5 Fr silicone, 67.5 cm, with 30 fenestrations, polyester cuff, direct-flow safety valve, and barium sulfate stripe.","{""component_type"": ""IPC management accessory"", ""package"": ""10 per box"", ""system"": ""Rocket IPC""}"
PRD-D3E1DD19D2,MFR-C37FF1F1D1,Rocket Medical,,Rocket IPC,Rocket IPC Wide-Bore Drainage Line,R54410-WB-DL,,,,,Pleural procedures,IPC management accessory,Accessory,Single use,Sterile,No,,,,,,,,,,,,10 per box,Adult,Rocket IPC system component for pleural or peritoneal drainage.,Use with the Rocket IPC system and approved drainage/valve components.,Verified - U.S. manufacturer brochure,Prototype visible - reverify before production,SRC026,p. 6,2021-09-10,U.S. brochure; current orderability and payer/homecare workflow require recheck.,"Rocket IPC catheter is 15.5 Fr silicone, 67.5 cm, with 30 fenestrations, polyester cuff, direct-flow safety valve, and barium sulfate stripe.","{""component_type"": ""IPC management accessory"", ""package"": ""10 per box"", ""system"": ""Rocket IPC""}"
PRD-A72E811F09,MFR-31D4851787,Teleflex,,,Arrow Pleura‑Seal Thoracentesis Kit – 8 Fr catheter‑over‑needle,AK-01000,,,,,Pleural procedures,Thoracentesis Kit,Candidate,,,,,,,,,,,,,,,,Both,Catheter‑over‑needle,,Candidate - user seed; primary source required,Hidden until verified,SRC008,CSV row 29,,Prime Vendor: Yes; ECAT: Yes (unverified compiled claims),,{}
PRD-7E17F5F17E,MFR-31D4851787,Teleflex,,,Arrow Pneumothorax Kit – 8 Fr catheter‑over‑needle,AK-01500,,,,,Pleural procedures,Pneumothorax Aspiration Kit,Candidate,,,,,,,,,,,,,,,,Both,Includes Heimlich valve,,Candidate - user seed; primary source required,Hidden until verified,SRC008,CSV row 30,,Prime Vendor: Yes; ECAT: Yes (unverified compiled claims),,{}
PRD-6EFB8B3386,MFR-CC1ABBE64F,Thoracent / M.I.Tech,,Bonastent,Bonastent Tracheobronchial Stent,BTB-102009,,,,,Airway stent,Covered SEMS,Implant,,,Yes,,,,10 mm x 20 mm,10,20,,,90,,8,,,,,Candidate - user seed; primary source required,Hidden until verified,SRC006,Product list 2025!bonastent,2025,,,{}
PRD-733F2370BA,MFR-CC1ABBE64F,Thoracent / M.I.Tech,,Bonastent,Bonastent Tracheobronchial Stent,BTB-103009,,,,,Airway stent,Covered SEMS,Implant,,,Yes,,,,10 mm x 30 mm,10,30,,,90,,8,,,,,Candidate - user seed; primary source required,Hidden until verified,SRC006,Product list 2025!bonastent,2025,,,{}
PRD-138ECF4319,MFR-CC1ABBE64F,Thoracent / M.I.Tech,,Bonastent,Bonastent Tracheobronchial Stent,BTB-104009,,,,,Airway stent,Covered SEMS,Implant,,,Yes,,,,10 mm x 40 mm,10,40,,,90,,8,,,,,Candidate - user seed; primary source required,Hidden until verified,SRC006,Product list 2025!bonastent,2025,,,{}
PRD-CBD72081E8,MFR-CC1ABBE64F,Thoracent / M.I.Tech,,Bonastent,Bonastent Tracheobronchial Stent,BTB-105009,,,,,Airway stent,Covered SEMS,Implant,,,Yes,,,,10 mm x 50 mm,10,50,,,90,,8,,,,,Candidate - user seed; primary source required,Hidden until verified,SRC006,Product list 2025!bonastent,2025,,,{}
PRD-FBE99854E1,MFR-CC1ABBE64F,Thoracent / M.I.Tech,,Bonastent,Bonastent Tracheobronchial Stent,BTB-122009,,,,,Airway stent,Covered SEMS,Implant,,,Yes,,,,12 mm x 20 mm,12,20,,,90,,9,,,,,Candidate - user seed; primary source required,Hidden until verified,SRC006,Product list 2025!bonastent,2025,,,{}
PRD-7ACC124BE1,MFR-CC1ABBE64F,Thoracent / M.I.Tech,,Bonastent,Bonastent Tracheobronchial Stent,BTB-123009,,,,,Airway stent,Covered SEMS,Implant,,,Yes,,,,12 mm x 30 mm,12,30,,,90,,9,,,,,Candidate - user seed; primary source required,Hidden until verified,SRC006,Product list 2025!bonastent,2025,,,{}
PRD-A0DF0074DB,MFR-CC1ABBE64F,Thoracent / M.I.Tech,,Bonastent,Bonastent Tracheobronchial Stent,BTB-124009,,,,,Airway stent,Covered SEMS,Implant,,,Yes,,,,12 mm x 40 mm,12,40,,,90,,9,,,,,Candidate - user seed; primary source required,Hidden until verified,SRC006,Product list 2025!bonastent,2025,,,{}
PRD-7AA19EC9FD,MFR-CC1ABBE64F,Thoracent / M.I.Tech,,Bonastent,Bonastent Tracheobronchial Stent,BTB-125009,,,,,Airway stent,Covered SEMS,Implant,,,Yes,,,,12 mm x 50 mm,12,50,,,90,,9,,,,,Candidate - user seed; primary source required,Hidden until verified,SRC006,Product list 2025!bonastent,2025,,,{}
PRD-6DB8E6BC3D,MFR-CC1ABBE64F,Thoracent / M.I.Tech,,Bonastent,Bonastent Tracheobronchial Stent,BTB-126009,,,,,Airway stent,Covered SEMS,Implant,,,Yes,,,,12 mm x 60 mm,12,60,,,90,,9,,,,,Candidate - user seed; primary source required,Hidden until verified,SRC006,Product list 2025!bonastent,2025,,,{}
PRD-BBBE3C6465,MFR-CC1ABBE64F,Thoracent / M.I.Tech,,Bonastent,Bonastent Tracheobronchial Stent,BTB-127009,,,,,Airway stent,Covered SEMS,Implant,,,Yes,,,,12 mm x 70 mm,12,70,,,90,,9,,,,,Candidate - user seed; primary source required,Hidden until verified,SRC006,Product list 2025!bonastent,2025,,,{}
PRD-D2C6029A70,MFR-CC1ABBE64F,Thoracent / M.I.Tech,,Bonastent,Bonastent Tracheobronchial Stent,BTB-128009,,,,,Airway stent,Covered SEMS,Implant,,,Yes,,,,12 mm x 80 mm,12,80,,,90,,9,,,,,Candidate - user seed; primary source required,Hidden until verified,SRC006,Product list 2025!bonastent,2025,,,{}
PRD-6F74CF87DF,MFR-CC1ABBE64F,Thoracent / M.I.Tech,,Bonastent,Bonastent Tracheobronchial Stent,BTB-142009,,,,,Airway stent,Covered SEMS,Implant,,,Yes,,,,14 mm x 20 mm,14,20,,,90,,12,,,,,Candidate - user seed; primary source required,Hidden until verified,SRC006,Product list 2025!bonastent,2025,,,{}
PRD-908A7EB205,MFR-CC1ABBE64F,Thoracent / M.I.Tech,,Bonastent,Bonastent Tracheobronchial Stent,BTB-143009,,,,,Airway stent,Covered SEMS,Implant,,,Yes,,,,14 mm x 30 mm,14,30,,,90,,12,,,,,Candidate - user seed; primary source required,Hidden until verified,SRC006,Product list 2025!bonastent,2025,,,{}
PRD-7EE559B95F,MFR-CC1ABBE64F,Thoracent / M.I.Tech,,Bonastent,Bonastent Tracheobronchial Stent,BTB-144009,,,,,Airway stent,Covered SEMS,Implant,,,Yes,,,,14 mm x 40 mm,14,40,,,90,,12,,,,,Candidate - user seed; primary source required,Hidden until verified,SRC006,Product list 2025!bonastent,2025,,,{}
PRD-81325BA145,MFR-CC1ABBE64F,Thoracent / M.I.Tech,,Bonastent,Bonastent Tracheobronchial Stent,BTB-145009,,,,,Airway stent,Covered SEMS,Implant,,,Yes,,,,14 mm x 50 mm,14,50,,,90,,12,,,,,Candidate - user seed; primary source required,Hidden until verified,SRC006,Product list 2025!bonastent,2025,,,{}
PRD-0C3327D71D,MFR-CC1ABBE64F,Thoracent / M.I.Tech,,Bonastent,Bonastent Tracheobronchial Stent,BTB-146009,,,,,Airway stent,Covered SEMS,Implant,,,Yes,,,,14 mm x 60 mm,14,60,,,90,,12,,,,,Candidate - user seed; primary source required,Hidden until verified,SRC006,Product list 2025!bonastent,2025,,,{}
PRD-0581A0B7D2,MFR-CC1ABBE64F,Thoracent / M.I.Tech,,Bonastent,Bonastent Tracheobronchial Stent,BTB-147009,,,,,Airway stent,Covered SEMS,Implant,,,Yes,,,,14 mm x 70 mm,14,70,,,90,,12,,,,,Candidate - user seed; primary source required,Hidden until verified,SRC006,Product list 2025!bonastent,2025,,,{}
PRD-EF96863018,MFR-CC1ABBE64F,Thoracent / M.I.Tech,,Bonastent,Bonastent Tracheobronchial Stent,BTB-148009,,,,,Airway stent,Covered SEMS,Implant,,,Yes,,,,14 mm x 80 mm,14,80,,,90,,12,,,,,Candidate - user seed; primary source required,Hidden until verified,SRC006,Product list 2025!bonastent,2025,,,{}
PRD-5255AADD2C,MFR-CC1ABBE64F,Thoracent / M.I.Tech,,Bonastent,Bonastent Tracheobronchial Stent,BTB-162009,,,,,Airway stent,Covered SEMS,Implant,,,Yes,,,,16 mm x 20 mm,16,20,,,90,,12,,,,,Candidate - user seed; primary source required,Hidden until verified,SRC006,Product list 2025!bonastent,2025,,,{}
PRD-2CEB73CB15,MFR-CC1ABBE64F,Thoracent / M.I.Tech,,Bonastent,Bonastent Tracheobronchial Stent,BTB-163009,,,,,Airway stent,Covered SEMS,Implant,,,Yes,,,,16 mm x 30 mm,16,30,,,90,,12,,,,,Candidate - user seed; primary source required,Hidden until verified,SRC006,Product list 2025!bonastent,2025,,,{}
PRD-9BBDA8D7D6,MFR-CC1ABBE64F,Thoracent / M.I.Tech,,Bonastent,Bonastent Tracheobronchial Stent,BTB-164009,,,,,Airway stent,Covered SEMS,Implant,,,Yes,,,,16 mm x 40 mm,16,40,,,90,,12,,,,,Candidate - user seed; primary source required,Hidden until verified,SRC006,Product list 2025!bonastent,2025,,,{}
PRD-F980B28A34,MFR-CC1ABBE64F,Thoracent / M.I.Tech,,Bonastent,Bonastent Tracheobronchial Stent,BTB-165009,,,,,Airway stent,Covered SEMS,Implant,,,Yes,,,,16 mm x 50 mm,16,50,,,90,,12,,,,,Candidate - user seed; primary source required,Hidden until verified,SRC006,Product list 2025!bonastent,2025,,,{}
PRD-8C9CE98C9B,MFR-CC1ABBE64F,Thoracent / M.I.Tech,,Bonastent,Bonastent Tracheobronchial Stent,BTB-166009,,,,,Airway stent,Covered SEMS,Implant,,,Yes,,,,16 mm x 60 mm,16,60,,,90,,12,,,,,Candidate - user seed; primary source required,Hidden until verified,SRC006,Product list 2025!bonastent,2025,,,{}
PRD-13EE4FE542,MFR-CC1ABBE64F,Thoracent / M.I.Tech,,Bonastent,Bonastent Tracheobronchial Stent,BTB-167009,,,,,Airway stent,Covered SEMS,Implant,,,Yes,,,,16 mm x 70 mm,16,70,,,90,,12,,,,,Candidate - user seed; primary source required,Hidden until verified,SRC006,Product list 2025!bonastent,2025,,,{}
PRD-DF6218682C,MFR-CC1ABBE64F,Thoracent / M.I.Tech,,Bonastent,Bonastent Tracheobronchial Stent,BTB-168009,,,,,Airway stent,Covered SEMS,Implant,,,Yes,,,,16 mm x 80 mm,16,80,,,90,,12,,,,,Candidate - user seed; primary source required,Hidden until verified,SRC006,Product list 2025!bonastent,2025,,,{}
PRD-03B374F7B8,MFR-CC1ABBE64F,Thoracent / M.I.Tech,,Bonastent,Bonastent Tracheobronchial Stent,BTB-182009,,,,,Airway stent,Covered SEMS,Implant,,,Yes,,,,18 mm x 20 mm,18,20,,,90,,16,,,,,Candidate - user seed; primary source required,Hidden until verified,SRC006,Product list 2025!bonastent,2025,,,{}
PRD-EFB3CF2E71,MFR-CC1ABBE64F,Thoracent / M.I.Tech,,Bonastent,Bonastent Tracheobronchial Stent,BTB-183009,,,,,Airway stent,Covered SEMS,Implant,,,Yes,,,,18 mm x 30 mm,18,30,,,90,,16,,,,,Candidate - user seed; primary source required,Hidden until verified,SRC006,Product list 2025!bonastent,2025,,,{}
PRD-470EA6C7BA,MFR-CC1ABBE64F,Thoracent / M.I.Tech,,Bonastent,Bonastent Tracheobronchial Stent,BTB-184009,,,,,Airway stent,Covered SEMS,Implant,,,Yes,,,,18 mm x 40 mm,18,40,,,90,,16,,,,,Candidate - user seed; primary source required,Hidden until verified,SRC006,Product list 2025!bonastent,2025,,,{}
PRD-4AECEED0C8,MFR-CC1ABBE64F,Thoracent / M.I.Tech,,Bonastent,Bonastent Tracheobronchial Stent,BTB-185009,,,,,Airway stent,Covered SEMS,Implant,,,Yes,,,,18 mm x 50 mm,18,50,,,90,,16,,,,,Candidate - user seed; primary source required,Hidden until verified,SRC006,Product list 2025!bonastent,2025,,,{}
PRD-56932BDE51,MFR-CC1ABBE64F,Thoracent / M.I.Tech,,Bonastent,Bonastent Tracheobronchial Stent,BTB-186009,,,,,Airway stent,Covered SEMS,Implant,,,Yes,,,,18 mm x 60 mm,18,60,,,90,,16,,,,,Candidate - user seed; primary source required,Hidden until verified,SRC006,Product list 2025!bonastent,2025,,,{}
PRD-D968D7AB8E,MFR-CC1ABBE64F,Thoracent / M.I.Tech,,Bonastent,Bonastent Tracheobronchial Stent,BTB-187009,,,,,Airway stent,Covered SEMS,Implant,,,Yes,,,,18 mm x 70 mm,18,70,,,90,,16,,,,,Candidate - user seed; primary source required,Hidden until verified,SRC006,Product list 2025!bonastent,2025,,,{}
PRD-6BC9B48573,MFR-CC1ABBE64F,Thoracent / M.I.Tech,,Bonastent,Bonastent Tracheobronchial Stent,BTB-188009,,,,,Airway stent,Covered SEMS,Implant,,,Yes,,,,18 mm x 80 mm,18,80,,,90,,16,,,,,Candidate - user seed; primary source required,Hidden until verified,SRC006,Product list 2025!bonastent,2025,,,{}
PRD-95C0E7E548,MFR-CC1ABBE64F,Thoracent / M.I.Tech,,Bonastent,Bonastent Tracheobronchial Stent,BTB-202009,,,,,Airway stent,Covered SEMS,Implant,,,Yes,,,,20 mm x 20 mm,20,20,,,90,,16,,,,,Candidate - user seed; primary source required,Hidden until verified,SRC006,Product list 2025!bonastent,2025,,,{}
PRD-34598AB94A,MFR-CC1ABBE64F,Thoracent / M.I.Tech,,Bonastent,Bonastent Tracheobronchial Stent,BTB-203009,,,,,Airway stent,Covered SEMS,Implant,,,Yes,,,,20 mm x 30 mm,20,30,,,90,,16,,,,,Candidate - user seed; primary source required,Hidden until verified,SRC006,Product list 2025!bonastent,2025,,,{}
PRD-9C53328A79,MFR-CC1ABBE64F,Thoracent / M.I.Tech,,Bonastent,Bonastent Tracheobronchial Stent,BTB-204009,,,,,Airway stent,Covered SEMS,Implant,,,Yes,,,,20 mm x 40 mm,20,40,,,90,,16,,,,,Candidate - user seed; primary source required,Hidden until verified,SRC006,Product list 2025!bonastent,2025,,,{}
PRD-9DCC51E06A,MFR-CC1ABBE64F,Thoracent / M.I.Tech,,Bonastent,Bonastent Tracheobronchial Stent,BTB-205009,,,,,Airway stent,Covered SEMS,Implant,,,Yes,,,,20 mm x 50 mm,20,50,,,90,,16,,,,,Candidate - user seed; primary source required,Hidden until verified,SRC006,Product list 2025!bonastent,2025,,,{}
PRD-963930CE88,MFR-CC1ABBE64F,Thoracent / M.I.Tech,,Bonastent,Bonastent Tracheobronchial Stent,BTB-206009,,,,,Airway stent,Covered SEMS,Implant,,,Yes,,,,20 mm x 60 mm,20,60,,,90,,16,,,,,Candidate - user seed; primary source required,Hidden until verified,SRC006,Product list 2025!bonastent,2025,,,{}
PRD-9BAC333008,MFR-CC1ABBE64F,Thoracent / M.I.Tech,,Bonastent,Bonastent Tracheobronchial Stent,BTB-207009,,,,,Airway stent,Covered SEMS,Implant,,,Yes,,,,20 mm x 70 mm,20,70,,,90,,16,,,,,Candidate - user seed; primary source required,Hidden until verified,SRC006,Product list 2025!bonastent,2025,,,{}
PRD-78354BF30F,MFR-CC1ABBE64F,Thoracent / M.I.Tech,,Bonastent,Bonastent Tracheobronchial Stent,BTB-208009,,,,,Airway stent,Covered SEMS,Implant,,,Yes,,,,20 mm x 80 mm,20,80,,,90,,16,,,,,Candidate - user seed; primary source required,Hidden until verified,SRC006,Product list 2025!bonastent,2025,,,{}
PRD-FFA21E88CC,MFR-6C37CDDB39,TRACOE,,,TRACOE experc Dilation Set,REF 520,,,,,Percutaneous tracheostomy,,Candidate kit,,,,,,,,,,,,,,,,,Dilation set,,Candidate - user seed; primary source required,Hidden until verified,SRC007,Perc trach and WLL,,,,{}
PRD-C7EB76131F,MFR-6C37CDDB39,TRACOE,,,TRACOE experc Packaged Set with Tube,330,,,,,Percutaneous tracheostomy,,Candidate kit,,,,,,,,,,,,,,,,,,,Candidate - user seed; primary source required,Hidden until verified,SRC007,Perc trach and WLL,,,,{}
PRD-EA6F3E44C1,MFR-6C37CDDB39,TRACOE,,,TRACOE experc Packaged Set with Tube,331,,,,,Percutaneous tracheostomy,,Candidate kit,,,,,,,,,,,,,,,,,,,Candidate - user seed; primary source required,Hidden until verified,SRC007,Perc trach and WLL,,,,{}
PRD-64481A5C4F,MFR-6C37CDDB39,TRACOE,,,TRACOE experc Packaged Set with Tube,332,,,,,Percutaneous tracheostomy,,Candidate kit,,,,,,,,,,,,,,,,,,,Candidate - user seed; primary source required,Hidden until verified,SRC007,Perc trach and WLL,,,,{}
PRD-20CB4910F8,MFR-6C37CDDB39,TRACOE,,,TRACOE experc Packaged Set with Tube,888-322,,,,,Percutaneous tracheostomy,,Candidate kit,,,,,,,,,,,,,,,,,,,Candidate - user seed; primary source required,Hidden until verified,SRC007,Perc trach and WLL,,,,{}
PRD-1A152615A0,MFR-122B7208FA,VisionAir Solutions,,,Patient-Specific Airway Stent Design and Manufacturing Service,CUSTOM-SERVICE,,,,,Airway stent,Custom service,Service,,,,,,,,,,,,,,,,,CT/DICOM-based custom airway stent design workflow; exact regulatory/commercial details require verification.,,Candidate - user seed; primary source required,Hidden until verified,SRC006,Product list 2025!Sheet8,2025,,,{}
