source_id,filename,sheet_or_location,row_number,raw_json
SRC006,Procuct list 2025.xlsx,BS TBS,1,"[null, ""Ultraflex Single-Use Partially Covered Tracheobronchial Stent System*"", null, null, null, null, null, null, null]"
SRC006,Procuct list 2025.xlsx,BS TBS,10,"[""Ultraflex Single-Use Partially Covered Tracheobronchial Stent System*"", 8714729842392, ""M00576590"", 14, 60, 9, 45, 4, ""Each""]"
SRC006,Procuct list 2025.xlsx,BS TBS,11,"[""Ultraflex Single-Use Partially Covered Tracheobronchial Stent System*"", 8714729842408, ""M00576600"", 14, 80, 9, 65, 4, ""Each""]"
SRC006,Procuct list 2025.xlsx,BS TBS,12,"[""Ultraflex Single-Use Partially Covered Tracheobronchial Stent System*"", 8714729842415, ""M00576610"", 16, 40, 9, 25, 5.1, ""Each""]"
SRC006,Procuct list 2025.xlsx,BS TBS,13,"[""Ultraflex Single-Use Partially Covered Tracheobronchial Stent System*"", 8714729842422, ""M00576620"", 16, 60, 9, 45, 5.1, ""Each""]"
SRC006,Procuct list 2025.xlsx,BS TBS,14,"[""Ultraflex Single-Use Partially Covered Tracheobronchial Stent System*"", 8714729842439, ""M00576630"", 16, 80, 9, 65, 5.1, ""Each""]"
SRC006,Procuct list 2025.xlsx,BS TBS,15,"[""Ultraflex Single-Use Partially Covered Tracheobronchial Stent System*"", 8714729842446, ""M00576640"", 18, 40, 11, 25, 5.1, ""Each""]"
SRC006,Procuct list 2025.xlsx,BS TBS,16,"[""Ultraflex Single-Use Partially Covered Tracheobronchial Stent System*"", 8714729842453, ""M00576650"", 18, 60, 11, 45, 5.1, ""Each""]"
SRC006,Procuct list 2025.xlsx,BS TBS,17,"[""Ultraflex Single-Use Partially Covered Tracheobronchial Stent System*"", 8714729842460, ""M00576660"", 18, 80, 11, 65, 5.1, ""Each""]"
SRC006,Procuct list 2025.xlsx,BS TBS,18,"[""Ultraflex Single-Use Partially Covered Tracheobronchial Stent System*"", 8714729842477, ""M00576670"", 20, 40, 11, 25, 5.1, ""Each""]"
SRC006,Procuct list 2025.xlsx,BS TBS,19,"[""Ultraflex Single-Use Partially Covered Tracheobronchial Stent System*"", 8714729842484, ""M00576680"", 20, 60, 11, 45, 5.1, ""Each""]"
SRC006,Procuct list 2025.xlsx,BS TBS,2,"[null, ""GTIN"", ""Order Number"", ""Expanded Stent O.D. (mm)"", ""Expanded Stent Length (mm)"", ""Compressed Stent O.D. (mm)**"", ""Cover Length (mm)"", ""Tip Max O.D. (mm)"", ""Packaging""]"
SRC006,Procuct list 2025.xlsx,BS TBS,20,"[""Ultraflex Single-Use Partially Covered Tracheobronchial Stent System*"", 8714729842491, ""M00576690"", 20, 80, 11, 65, 5.1, ""Each""]"
SRC006,Procuct list 2025.xlsx,BS TBS,21,"[""Ultraflex Single-Use Uncovered Tracheobronchial Stent System – Proximal Release*"", null, null, null, null, null, null, null, null]"
SRC006,Procuct list 2025.xlsx,BS TBS,22,"[""Ultraflex Single-Use Uncovered Tracheobronchial Stent System – Proximal Release*"", 8714729837770, ""M00576410"", 8, 20, 7, 4.1, ""Each"", null]"
SRC006,Procuct list 2025.xlsx,BS TBS,23,"[""Ultraflex Single-Use Uncovered Tracheobronchial Stent System – Proximal Release*"", 8714729837787, ""M00576420"", 8, 40, 7, 4.1, ""Each"", null]"
SRC006,Procuct list 2025.xlsx,BS TBS,24,"[""Ultraflex Single-Use Uncovered Tracheobronchial Stent System – Proximal Release*"", 8714729837794, ""M00576430"", 10, 20, 7, 4.1, ""Each"", null]"
SRC006,Procuct list 2025.xlsx,BS TBS,25,"[""Ultraflex Single-Use Uncovered Tracheobronchial Stent System – Proximal Release*"", 8714729837800, ""M00576440"", 10, 40, 7, 4.1, ""Each"", null]"
SRC006,Procuct list 2025.xlsx,BS TBS,26,"[""Ultraflex Single-Use Uncovered Tracheobronchial Stent System – Proximal Release*"", 8714729837817, ""M00576450"", 12, 20, 7, 4.1, ""Each"", null]"
SRC006,Procuct list 2025.xlsx,BS TBS,27,"[""Ultraflex Single-Use Uncovered Tracheobronchial Stent System – Proximal Release*"", 8714729837824, ""M00576460"", 12, 40, 7, 4.1, ""Each"", null]"
SRC006,Procuct list 2025.xlsx,BS TBS,28,"[""Ultraflex Single-Use Uncovered Tracheobronchial Stent System – Proximal Release*"", 8714729837831, ""M00576470"", 14, 20, 9, 4.1, ""Each"", null]"
SRC006,Procuct list 2025.xlsx,BS TBS,29,"[""Ultraflex Single-Use Uncovered Tracheobronchial Stent System – Proximal Release*"", 8714729837848, ""M00576480"", 14, 40, 9, 4.1, ""Each"", null]"
SRC006,Procuct list 2025.xlsx,BS TBS,3,"[""Ultraflex Single-Use Partially Covered Tracheobronchial Stent System*"", 8714729842323, ""M00576520"", 8, 40, 7, 25, 4, ""Each""]"
SRC006,Procuct list 2025.xlsx,BS TBS,30,"[""Ultraflex Single-Use Uncovered Tracheobronchial Stent System – Proximal Release*"", 8714729837855, ""M00576490"", 14, 60, 9, 4.1, ""Each"", null]"
SRC006,Procuct list 2025.xlsx,BS TBS,4,"[""Ultraflex Single-Use Partially Covered Tracheobronchial Stent System*"", 8714729842330, ""M00576530"", 10, 30, 7, 15, 4, ""Each""]"
SRC006,Procuct list 2025.xlsx,BS TBS,5,"[""Ultraflex Single-Use Partially Covered Tracheobronchial Stent System*"", 8714729842347, ""M00576540"", 10, 40, 7, 25, 4, ""Each""]"
SRC006,Procuct list 2025.xlsx,BS TBS,6,"[""Ultraflex Single-Use Partially Covered Tracheobronchial Stent System*"", 8714729842354, ""M00576550"", 12, 30, 7, 15, 4, ""Each""]"
SRC006,Procuct list 2025.xlsx,BS TBS,7,"[""Ultraflex Single-Use Partially Covered Tracheobronchial Stent System*"", 8714729842361, ""M00576560"", 12, 40, 7, 25, 4, ""Each""]"
SRC006,Procuct list 2025.xlsx,BS TBS,8,"[""Ultraflex Single-Use Partially Covered Tracheobronchial Stent System*"", 8714729842378, ""M00576570"", 14, 30, 9, 15, 4, ""Each""]"
SRC006,Procuct list 2025.xlsx,BS TBS,9,"[""Ultraflex Single-Use Partially Covered Tracheobronchial Stent System*"", 8714729842385, ""M00576580"", 14, 40, 9, 25, 4, ""Each""]"
SRC006,Procuct list 2025.xlsx,Sheet1,1,"[""Manufacturer"", ""Product line (family)"", ""Type / material"", ""Coverage"", ""Placement method†"", ""Adult size range (mm Ø × L)"", ""Example catalog # / SKU"", ""DMLSS listing""]"
SRC006,Procuct list 2025.xlsx,Sheet1,10,"[null, ""Dumon® TF (thin wall)"", ""Silicone (1 mm)"", ""Solid"", ""Rigid"", "" 12 – 20 Ø × 30 – 110 L"", "" TF16‑50"", ""ECAT""]"
SRC006,Procuct list 2025.xlsx,Sheet1,11,"[null, ""Dumon® BD (bronchial)"", ""Silicone"", ""Solid"", ""Rigid"", "" 9 – 12 Ø × 20 – 80 L"", "" BD10‑40"", ""ECAT""]"
SRC006,Procuct list 2025.xlsx,Sheet1,12,"[null, ""Dumon® Y‑Stent"", ""Silicone (bifurcated)"", ""Solid"", ""Rigid"", "" Tr 13–16 Ø / Br 10–12 Ø"", "" Y‑14/12/12"", ""ECAT""]"
SRC006,Procuct list 2025.xlsx,Sheet1,13,"[null, ""GSS™ TD (radiopaque)"", ""Silicone + gold/barium studs"", ""Solid"", ""Rigid"", "" 11 – 18 Ø × 20 – 110 L"", "" GSS TD14‑40"", ""ECAT""]"
SRC006,Procuct list 2025.xlsx,Sheet1,14,"[null, ""GSS™ TF (thin, radiopaque)"", ""Silicone 1 mm"", ""Solid"", ""Rigid"", "" 12 – 20 Ø × 30 – 110 L"", "" GSS TF16‑60"", ""ECAT""]"
SRC006,Procuct list 2025.xlsx,Sheet1,2,"[""Boston Scientific"", ""Ultraflex™ Tracheobronchial – partially covered"", ""SEMS – nitinol"", ""Partial silicone"", ""OTW catheter ⇒ flex/rigid"", "" 8 – 20 Ø × 20 – 80 L"", ""M00576540 (10 × 40)"", ""Prime‑vendor""]"
SRC006,Procuct list 2025.xlsx,Sheet1,3,"[null, ""Ultraflex™ – uncovered"", ""SEMS – nitinol"", ""None"", ""OTW catheter ⇒ flex/rigid"", ""8 – 20 Ø × 20 – 80 L"", ""M00568960 (12 × 20)"", ""Prime‑vendor""]"
SRC006,Procuct list 2025.xlsx,Sheet1,4,"[""Merit Medical"", ""AERO® (standard adult)"", ""SEMS – nitinol"", ""Fully covered"", ""OTW / endoscopic"", ""10 – 20 Ø × 20 – 80 L"", ""90129‑214 (14 × 30) / 90129‑318 (20 × 80)"", ""Prime‑vendor""]"
SRC006,Procuct list 2025.xlsx,Sheet1,5,"[null, ""AEROmini®"", ""SEMS – nitinol"", ""Fully covered"", ""TTS (through‑scope)"", "" 6 – 14 Ø × 10 – 20 L"", "" AERO610 (6 × 10) / AERO1015 (10 × 15)"", ""Prime‑vendor""]"
SRC006,Procuct list 2025.xlsx,Sheet1,6,"[null, ""AERO DV®"", ""SEMS – nitinol"", ""Fully covered"", ""Direct‑visualization catheter"", ""up to 18 Ø (fixed length)"", "" 90129‑501"", ""Prime‑vendor""]"
SRC006,Procuct list 2025.xlsx,Sheet1,7,"[""Thoracent"", ""Bonastent® Tracheobronchial"", ""SEMS – nitinol"", ""Fully covered (inner layer)"", ""Ultra‑thin coaxial ⇒ flex/rigid"", "" 10 – 20 Ø × 40 – 80 L"", "" BTB‑100605 (10 × 60); BTB‑120409 (12 × 40)"", ""ECAT""]"
SRC006,Procuct list 2025.xlsx,Sheet1,8,"[null, ""Micro‑Tech Y‑Stent*"", ""SEMS – nitinol (Y)"", ""Partial / full"", ""Self‑expanding Y ⇒ flex/rigid"", "" 14 – 18 Ø × 40 – 60 L"", "" ST02‑962‑18.050; ST02‑331‑14.040"", ""ECAT""]"
SRC006,Procuct list 2025.xlsx,Sheet1,9,"[""Novatech / Boston Medical"", ""Dumon® TD (straight)"", ""Silicone"", ""Solid (no mesh)"", ""Rigid bronchoscopy"", "" 11 – 18 Ø × 20 – 110 L"", "" TD14‑40; TD16‑60"", ""ECAT""]"
SRC006,Procuct list 2025.xlsx,Sheet2,1,"[""Category"", ""Device"", ""Gauge / Size"", ""Product No."", ""Manufacturer → Distributor"", ""DMLSS Availability""]"
SRC006,Procuct list 2025.xlsx,Sheet2,10,"[null, null, ""25G"", ""—"", ""Boston Scientific"", ""Prime Vendor, ECAT""]"
SRC006,Procuct list 2025.xlsx,Sheet2,11,"[""EBUS Needles"", ""Cook EchoTip Ultra / ProCore"", ""22G"", ""—"", ""Cook Medical"", ""Prime Vendor, ECAT""]"
SRC006,Procuct list 2025.xlsx,Sheet2,12,"[null, null, ""25G"", ""—"", ""Cook Medical"", ""Prime Vendor, ECAT""]"
SRC006,Procuct list 2025.xlsx,Sheet2,13,"[""EBUS Needles"", ""Micro‑Tech Areus / Trident"", ""19, 22, 25G"", ""—"", ""Micro-Tech USA"", ""Open market / ECAT (new entry)""]"
SRC006,Procuct list 2025.xlsx,Sheet2,14,"[""Blind TBNA Needles"", ""ConMed WANG TBNA"", ""19–22G"", ""—"", ""ConMed"", ""Prime Vendor, ECAT""]"
SRC006,Procuct list 2025.xlsx,Sheet2,15,"[null, ""Olympus SmoothShot TBNA"", ""21G"", ""—"", ""Olympus America"", ""Prime Vendor, ECAT""]"
SRC006,Procuct list 2025.xlsx,Sheet2,16,"[null, null, ""(side‑hole, dual)"", ""—"", ""Olympus America"", ""Prime Vendor, ECAT""]"
SRC006,Procuct list 2025.xlsx,Sheet2,17,"[""Biopsy Forceps"", ""Olympus EndoJaw Pulmonary"", ""1.2–1.8 mm"", ""—"", ""Olympus America"", ""Prime Vendor, ECAT""]"
SRC006,Procuct list 2025.xlsx,Sheet2,18,"[null, ""Boston Scientific Radial Jaw 4 Pulmonary"", ""~1.8 mm"", ""—"", ""Boston Scientific"", ""Prime Vendor, ECAT""]"
SRC006,Procuct list 2025.xlsx,Sheet2,19,"[null, ""ConMed Precisor Broncho"", ""~1.8 mm"", ""—"", ""ConMed"", ""Prime Vendor, ECAT""]"
SRC006,Procuct list 2025.xlsx,Sheet2,2,"[""EBUS Needles"", ""Olympus ViziShot 2"", ""21G"", ""NA‑U401SX‑4021"", ""Olympus America"", ""Prime Vendor, ECAT""]"
SRC006,Procuct list 2025.xlsx,Sheet2,20,"[null, ""Micro‑Tech Disposable Forceps"", ""~1.8 mm"", ""—"", ""Micro-Tech USA"", ""Open market""]"
SRC006,Procuct list 2025.xlsx,Sheet2,21,"[""Cytology Brushes"", ""Olympus Covered/Uncovered Brushes"", ""various"", ""—"", ""Olympus America"", ""Prime Vendor, ECAT""]"
SRC006,Procuct list 2025.xlsx,Sheet2,22,"[null, ""Boston Scientific Cellebrity Brush"", ""~140 cm"", ""—"", ""Boston Scientific"", ""Prime Vendor, ECAT""]"
SRC006,Procuct list 2025.xlsx,Sheet2,23,"[null, ""ConMed Cytology / Microbiology Brushes"", ""various"", ""—"", ""ConMed"", ""Prime Vendor, ECAT""]"
SRC006,Procuct list 2025.xlsx,Sheet2,24,"[null, ""Micro‑Tech Brushes"", ""various"", ""—"", ""Micro-Tech USA"", ""Open market""]"
SRC006,Procuct list 2025.xlsx,Sheet2,25,"[""Navigational Robotic Needles"", ""Medtronic Arcpoint Pulmonary Needle"", ""18 or 21G"", ""—"", ""Medtronic"", ""Prime Vendor, ECAT""]"
SRC006,Procuct list 2025.xlsx,Sheet2,26,"[null, ""Medtronic GenCut Core Biopsy"", ""1.9 mm"", ""—"", ""Medtronic"", ""Prime Vendor, ECAT""]"
SRC006,Procuct list 2025.xlsx,Sheet2,27,"[""Robotic Bronchoscopy Tools"", ""Auris (Monarch) Needle / Forceps / Brush"", ""2.1 mm"", ""—"", ""Auris (J&J)"", ""Open market""]"
SRC006,Procuct list 2025.xlsx,Sheet2,28,"[null, ""Intuitive Ion Flexision Needle"", ""~2.0 mm"", ""—"", ""Intuitive"", ""Open market""]"
SRC006,Procuct list 2025.xlsx,Sheet2,3,"[null, null, ""22G"", ""NA‑U401SX‑4022"", ""Olympus America"", ""Prime Vendor, ECAT""]"
SRC006,Procuct list 2025.xlsx,Sheet2,4,"[null, null, ""25G"", ""NA‑U401SX‑4025N"", ""Olympus America"", ""Prime Vendor, ECAT""]"
SRC006,Procuct list 2025.xlsx,Sheet2,5,"[null, ""ViziShot (orig.)"", ""22G"", ""NA‑201SX‑4022"", ""Olympus America"", ""Prime Vendor, ECAT""]"
SRC006,Procuct list 2025.xlsx,Sheet2,6,"[null, ""ViziShot (orig.)"", ""21G"", ""NA‑201SX‑4021"", ""Olympus America"", ""Prime Vendor, ECAT""]"
SRC006,Procuct list 2025.xlsx,Sheet2,7,"[""EBUS Needles"", ""Boston Scientific Expect Pulmonary"", ""22G"", ""M00558220"", ""Boston Scientific"", ""Prime Vendor, ECAT""]"
SRC006,Procuct list 2025.xlsx,Sheet2,8,"[null, null, ""25G"", ""M00558250"", ""Boston Scientific"", ""Prime Vendor, ECAT""]"
SRC006,Procuct list 2025.xlsx,Sheet2,9,"[""EBUS Needles (FNB)"", ""Boston Scientific Acquire Pulmonary"", ""22G"", ""(varies)"", ""Boston Scientific"", ""Prime Vendor, ECAT""]"
SRC006,Procuct list 2025.xlsx,Sheet3,1,"[""Manufacturer ↕"", ""Product Name ↕"", ""Product Numbers ↕"", ""Type ↕"", ""Material ↕"", ""Sizes ↕"", ""Key Features ↕"", ""Contact/Distributor ↕"", ""DMLSS/ECAT Status ↕""]"
SRC006,Procuct list 2025.xlsx,Sheet3,10,"[""TaeWoong Medical"", ""Niti-S Brand Stents"", ""Not publicly available"", ""SEM"", ""Nitinol construction"", ""Various"", ""High radial force; less buckling"", ""Olympus (acquired 2024)"", ""Not identified""]"
SRC006,Procuct list 2025.xlsx,Sheet3,11,"[""Hood Laboratories"", ""Hood Bronchial Stents"", ""Not publicly available"", ""Silicone"", ""Implant-grade silicone"", ""Various adult sizes"", ""Ultra-smooth Plus surface; with/without posts; thromboresistant"", ""800-942-5227"", ""Not identified""]"
SRC006,Procuct list 2025.xlsx,Sheet3,12,"[""Hood Laboratories"", ""Hood Tracheal Stents"", ""Not publicly available"", ""Silicone"", ""Implant-grade silicone"", ""Various configurations"", ""Posts or rings; mesh-reinforced; hour glass options"", ""800-942-5227"", ""Not publicly available""]"
SRC006,Procuct list 2025.xlsx,Sheet3,13,"[""Novatech SA"", ""DUMON Stent System"", ""TD, TF, BD, Y, ST variants"", ""Silicone"", ""Medical-grade silicone"", ""Multiple configurations"", ""Gold-filled studs; NOVATECH/LOT printed"", ""Boston Medical Products: 800-433-2674"", ""Not identified""]"
SRC006,Procuct list 2025.xlsx,Sheet3,14,"[""Novatech SA"", ""NOVATECH GSS Stents"", ""Not specified"", ""Silicone"", ""Transparent silicone"", ""Various"", ""Gold/barium sulphate studs; since 2011"", ""Boston Medical Products: 800-433-2674"", ""Not identified""]"
SRC006,Procuct list 2025.xlsx,Sheet3,15,"[""Novatech SA"", ""NOVATECH 3D Stents"", ""Custom"", ""Innovative"", ""Silicone"", ""Patient-specific"", ""CT-based design; 3D-pdf review"", ""Boston Medical Products: 800-433-2674"", ""Not applicable""]"
SRC006,Procuct list 2025.xlsx,Sheet3,16,"[""Boston Medical Products"", ""Montgomery T-Tubes"", ""Not specified"", ""Silicone"", ""Implant-grade silicone"", ""4.5-16mm external diameter"", ""T-shaped; circumferential ridges"", ""800-433-2674"", ""Not publicly available""]"
SRC006,Procuct list 2025.xlsx,Sheet3,17,"[""Boston Medical Products"", ""Montgomery Safe-T-Tube"", ""Not specified"", ""Silicone"", ""Implant-grade silicone"", ""Various"", ""Clear/radiopaque models"", ""800-433-2674"", ""Not publicly available""]"
SRC006,Procuct list 2025.xlsx,Sheet3,18,"[""Peytant Solutions"", ""AMStent System"", ""Not available"", ""Innovative"", ""Metal frame with human amnion membrane"", ""Various"", ""Reduced migration/inflammation; FDA De Novo 2024"", ""Peytant Solutions, Plymouth, MN"", ""Not yet established""]"
SRC006,Procuct list 2025.xlsx,Sheet3,19,"[""VisionAir Solutions"", ""3D Patient-Specific Stents"", ""Custom"", ""Innovative"", ""Silicone from 3D-printed molds"", ""Patient-specific"", ""CT scan-based; 5-10 day turnaround"", ""Theken Companies"", ""Not applicable""]"
SRC006,Procuct list 2025.xlsx,Sheet3,2,"[""Boston Scientific"", ""Ultraflex Tracheobronchial Stent System"", ""Not publicly available"", ""SEM"", ""Nitinol (nickel-titanium alloy)"", ""Tracheal: 16mm, 20mm; Bronchial: 10mm, 12mm"", ""Covered/uncovered versions; distal/proximal release; 95cm delivery catheter; MR conditional"", ""888-272-1001"", ""Not publicly identified""]"
SRC006,Procuct list 2025.xlsx,Sheet3,3,"[""Boston Scientific"", ""Wallstent Endoprosthesis"", ""M001711090, M001711240, M001711330, 71-103, 40432"", ""SEM"", ""Elgiloy (cobalt-based alloy)"", ""6-20mm diameter, various lengths"", ""Self-expanding closed-cell; HALO Technology; UniStep Plus 6Fr delivery"", ""888-272-1001"", ""Not publicly available""]"
SRC006,Procuct list 2025.xlsx,Sheet3,4,"[""Merit Medical"", ""AERO Fully-Covered Stent"", ""Not publicly available"", ""SEM"", ""Laser-cut nitinol with hydrophilic coating"", ""Multiple adult sizes"", ""Fully covered; anti-migration struts; 7.4mm delivery catheter"", ""Merit Medical, South Jordan, UT"", ""Not identified""]"
SRC006,Procuct list 2025.xlsx,Sheet3,5,"[""Merit Medical"", ""AEROmini Fully Covered Stent"", ""Not publicly available"", ""SEM"", ""Laser-cut nitinol with polyurethane"", ""TTS: 6mm x 10-15mm; OTW: 8-14mm x 10mm"", ""Suture eyelets; anti-migration struts; 7.9F TTS or 12F/16F OTW"", ""Merit Medical, South Jordan, UT"", ""Not publicly identified""]"
SRC006,Procuct list 2025.xlsx,Sheet3,6,"[""Cook Medical"", ""Cook-Z Tracheobronchial Stent"", ""G08683"", ""SEM"", ""Stainless steel wire (Gianturco-Z)"", ""Multiple adult sizes"", ""Self-expanding; for extrinsic compression"", ""Cook Medical, Bloomington, IN"", ""ECAT contract (April 2024)""]"
SRC006,Procuct list 2025.xlsx,Sheet3,7,"[""Alveolus Inc."", ""AERO Hybrid Stent System"", ""90129-302 series"", ""SEM"", ""Nitinol frame with covering"", ""Including 18x60mm"", ""Anti-migration fins; dedicated deployment device"", ""Alveolus Inc., Charlotte, NC"", ""Not specified""]"
SRC006,Procuct list 2025.xlsx,Sheet3,8,"[""Bard/BD"", ""Fluency Plus Stent Graft"", ""Not publicly available"", ""SEM"", ""Nitinol with dual-layer ePTFE"", ""6-10mm diameter"", ""Minimal foreshortening; radiopaque markers"", ""BD Peripheral Vascular"", ""Not identified""]"
SRC006,Procuct list 2025.xlsx,Sheet3,9,"[""M.I.Tech"", ""HANAROSTENT Series"", ""Not publicly available"", ""SEM"", ""Nitinol with hook-cross design"", ""Various"", ""Flared ends; conformable design"", ""Boston Scientific (minority investor)"", ""Not available""]"
SRC006,Procuct list 2025.xlsx,Sheet4,1,"[""Tracheobronchial Stent Product and Procurement Spreadsheet"", null, null, null, null, null, null, null]"
SRC006,Procuct list 2025.xlsx,Sheet4,10,"[""VisionAir Solutions"", ""Self"", ""Patient-Specific Stent"", ""Silicone"", ""Custom 3D-Printed"", ""N/A (Service-based)"", ""A system, not a product. Stents are custom-designed by a physician based on a patient's CT scan and then manufactured."", ""No ECAT contract identified.""]"
SRC006,Procuct list 2025.xlsx,Sheet4,11,"[""Boston Medical Products"", ""Self"", ""Montgomery® T-Tube"", ""Silicone"", ""T-Shape"", ""N/A"", ""A classic T-shaped prosthesis where the main barrel stents the trachea and an external limb exits through a tracheostoma."", ""No ECAT contract; same procurement path as DUMON®.""]"
SRC006,Procuct list 2025.xlsx,Sheet4,2,"[""Manufacturer"", ""U.S. Distributor"", ""Product Line"", ""Stent Type"", ""Configuration / Specifics"", ""Example Order Number(s)"", ""Brief Description"", ""Federal Procurement Status""]"
SRC006,Procuct list 2025.xlsx,Sheet4,3,"[""Boston Scientific"", ""Self"", ""Ultraflex™"", ""SEMS - Nitinol"", ""Uncovered, Partially Covered, Fully Covered"", ""M00576410, M00576420"", ""Self-expanding stent made from a single strand of nitinol wire, designed to exert constant, gentle radial pressure."", ""Available via DMLSS/Prime Vendor & likely ECAT.""]"
SRC006,Procuct list 2025.xlsx,Sheet4,4,"[""Merit Medical Endotek"", ""Self"", ""AERO® / AEROmini®"", ""SEMS - Nitinol"", ""Fully Covered (Over-the-Wire, Direct-Viz, Through-the-Scope)"", ""90129-207, 90129-210"", ""Laser-cut nitinol stent with anti-migration struts and a hydrophilic coating. Designed for minimal foreshortening."", ""No ECAT contract identified.""]"
SRC006,Procuct list 2025.xlsx,Sheet4,5,"[""Micro-Tech Endoscopy"", ""Thoracent, Inc."", ""Y-Shaped Stent"", ""SEMS - Nitinol"", ""Partially Covered, Y-Shape"", ""ST05-152.16.040"", ""Specifically designed for malignant strictures at the carina, scaffolding the distal trachea and both mainstem bronchi."", ""No ECAT contract identified.""]"
SRC006,Procuct list 2025.xlsx,Sheet4,6,"[""(Various)"", ""Thoracent, Inc."", ""BONASTENT®"", ""SEMS - Nitinol"", ""Fully Covered"", ""N/A (per distributor)"", ""Woven nitinol wire in a \""hook & cross\"" pattern for flexibility. Silicone covering is on the interior surface to reduce migration."", ""No ECAT contract identified.""]"
SRC006,Procuct list 2025.xlsx,Sheet4,7,"[""Peytant Solutions"", ""Self"", ""AMStent®"", ""SEMS - Nitinol"", ""Fully Covered (Human Amnion)"", ""N/A (New Product)"", ""A novel stent with a proprietary covering made from human amnion, intended to improve biocompatibility and reduce complications."", ""No ECAT contract identified.""]"
SRC006,Procuct list 2025.xlsx,Sheet4,8,"[""Novatech"", ""Boston Medical Products, Inc."", ""DUMON®"", ""Silicone"", ""Straight (Tracheal, Bronchial), Y-Shape, Hourglass"", ""N/A (See GSS for examples)"", ""The benchmark for silicone stents, made of implant-grade silicone with external studs to resist migration."", ""No ECAT contract; VA Sole Source Notice Identified.""]"
SRC006,Procuct list 2025.xlsx,Sheet4,9,"[""Novatech"", ""Boston Medical Products, Inc."", ""GSS™"", ""Silicone"", ""Straight (Tracheal, Bronchial), Y-Shape"", ""01BD1040, 01TD1260"", ""An evolution of the DUMON®, made of transparent silicone with gold/barium-filled studs for excellent radiopacity and endoscopic visibility."", ""No ECAT contract; VA Sole Source Notice Identified.""]"
SRC006,Procuct list 2025.xlsx,Sheet5,1,"[""Merit Medical AERO® Tracheobronchial Stent Catalog"", null, null]"
SRC006,Procuct list 2025.xlsx,Sheet5,10,"[14, 30, ""90129-214""]"
SRC006,Procuct list 2025.xlsx,Sheet5,11,"[14, 40, ""90129-215""]"
SRC006,Procuct list 2025.xlsx,Sheet5,12,"[16, 40, ""90129-204""]"
SRC006,Procuct list 2025.xlsx,Sheet5,13,"[16, 60, ""90129-205""]"
SRC006,Procuct list 2025.xlsx,Sheet5,14,"[16, 80, ""90129-206""]"
SRC006,Procuct list 2025.xlsx,Sheet5,15,"[18, 40, ""90129-201""]"
SRC006,Procuct list 2025.xlsx,Sheet5,16,"[18, 60, ""90129-202""]"
SRC006,Procuct list 2025.xlsx,Sheet5,17,"[18, 80, ""90129-203""]"
SRC006,Procuct list 2025.xlsx,Sheet5,18,"[20, 40, ""90129-216""]"
SRC006,Procuct list 2025.xlsx,Sheet5,19,"[20, 60, ""90129-217""]"
SRC006,Procuct list 2025.xlsx,Sheet5,2,"[""Stent Diameter (mm)"", ""Stent Length (mm)"", ""Catalog Number""]"
SRC006,Procuct list 2025.xlsx,Sheet5,20,"[20, 80, ""90129-218""]"
SRC006,Procuct list 2025.xlsx,Sheet5,3,"[10, 20, ""90129-207""]"
SRC006,Procuct list 2025.xlsx,Sheet5,4,"[10, 30, ""90129-208""]"
SRC006,Procuct list 2025.xlsx,Sheet5,5,"[10, 40, ""90129-209""]"
SRC006,Procuct list 2025.xlsx,Sheet5,6,"[12, 20, ""90129-210""]"
SRC006,Procuct list 2025.xlsx,Sheet5,7,"[12, 30, ""90129-211""]"
SRC006,Procuct list 2025.xlsx,Sheet5,8,"[12, 40, ""90129-212""]"
SRC006,Procuct list 2025.xlsx,Sheet5,9,"[14, 20, ""90129-213""]"
SRC006,Procuct list 2025.xlsx,Sheet6,1,"[""Micro-Tech Endoscopy (Y-Stent)"", null, null, null, null]"
SRC006,Procuct list 2025.xlsx,Sheet6,2,"[""REF"", ""Trachea Diameter (mm)"", ""Trachea Length (mm)"", ""Main Bronchi Diameter (mm)"", ""Main Bronchi Length (mm) (Right/Left)""]"
SRC006,Procuct list 2025.xlsx,Sheet6,3,"[""ST05-152.16.040"", 16, 40, 12, ""20 / 30""]"
SRC006,Procuct list 2025.xlsx,Sheet6,4,"[""ST05-152.20.050"", 20, 50, 14, ""20 / 30""]"
SRC006,Procuct list 2025.xlsx,Sheet6,5,"[""ST05-155.16.040"", 16, 40, 12, ""15 / 30""]"
SRC006,Procuct list 2025.xlsx,Sheet6,6,"[""ST05-155.20.050"", 20, 50, 14, ""15 / 30""]"
SRC006,Procuct list 2025.xlsx,Sheet7,1,"["" Novatech (Distributor: Boston Medical Products)"", null, null]"
SRC006,Procuct list 2025.xlsx,Sheet7,10,"[""01Y141010"", ""GSS Y"", ""Trachea: 14 OD, 110 L1; Bronchi: 10 OD, 50 L2/L3""]"
SRC006,Procuct list 2025.xlsx,Sheet7,11,"[""01Y161313"", ""GSS Y"", ""Trachea: 16 OD, 110 L1; Bronchi: 13 OD, 50 L2/L3""]"
SRC006,Procuct list 2025.xlsx,Sheet7,2,"[""Product Code"", ""Product Description"", ""Size / Dimensions (mm)""]"
SRC006,Procuct list 2025.xlsx,Sheet7,3,"[""GSS Straight Stents"", null, null]"
SRC006,Procuct list 2025.xlsx,Sheet7,4,"[""01BD1040"", ""GSS BD (Bronchial)"", ""10 OD, 40 L""]"
SRC006,Procuct list 2025.xlsx,Sheet7,5,"[""01TD1260"", ""GSS TD (Tracheal)"", ""12 OD, 60 L""]"
SRC006,Procuct list 2025.xlsx,Sheet7,6,"[""01TF1450"", ""GSS TF (Thin Tracheal)"", ""14 OD, 50 L""]"
SRC006,Procuct list 2025.xlsx,Sheet7,7,"[""01TD16100"", ""GSS TD (Tracheal)"", ""16 OD, 100 L""]"
SRC006,Procuct list 2025.xlsx,Sheet7,8,"[""01TF1860"", ""GSS TF (Thin Tracheal)"", ""18 OD, 60 L""]"
SRC006,Procuct list 2025.xlsx,Sheet7,9,"[""GSS Y Stents"", null, null]"
SRC006,Procuct list 2025.xlsx,Sheet8,1,"[""VisionAir Solutions"", null, null]"
SRC006,Procuct list 2025.xlsx,Sheet8,2,"[""Step"", ""Action"", ""Description""]"
SRC006,Procuct list 2025.xlsx,Sheet8,3,"[1, ""Upload CT Scan"", ""The treating physician uploads the patient's DICOM CT scan images to the secure VisionAir 3D Stent Architect cloud platform.""]"
SRC006,Procuct list 2025.xlsx,Sheet8,4,"[2, ""Create 3D Model"", ""VisionAir engineers process the images to create a 3D model of the patient's airway, which serves as the design template.""]"
SRC006,Procuct list 2025.xlsx,Sheet8,5,"[3, ""Physician Design"", ""Using the web-based software, the physician designs the patient-specific stent, tailoring all dimensions for an ideal fit.""]"
SRC006,Procuct list 2025.xlsx,Sheet8,6,"[4, ""Approve \""3D Prescription\"""", ""The physician finalizes and approves the design, which becomes the formal order request.""]"
SRC006,Procuct list 2025.xlsx,Sheet8,7,"[5, ""Issue Purchase Order"", ""The physician's medical center issues a purchase order to VisionAir Solutions to initiate manufacturing.""]"
SRC006,Procuct list 2025.xlsx,Sheet8,8,"[6, ""Manufacture & Delivery"", ""VisionAir manufactures the custom stent and delivers it to the medical center within 4-6 business days.""]"
SRC006,Procuct list 2025.xlsx,bonastent,1,"[""Order Number"", null, ""Stent Diameter"", ""Stent Total Length"", ""Delivery Device Diameter"", ""DeliveryDevice UsableLength "", null]"
SRC006,Procuct list 2025.xlsx,bonastent,10,"[""BTB-120609"", null, 12, 60, null, 9, 900]"
SRC006,Procuct list 2025.xlsx,bonastent,11,"[""BTB-120709"", null, 12, 70, null, 9, 900]"
SRC006,Procuct list 2025.xlsx,bonastent,12,"[""BTB-120809"", null, 12, 80, null, 9, 900]"
SRC006,Procuct list 2025.xlsx,bonastent,13,"[""BTB-140209"", null, 14, 20, null, 12, 900]"
SRC006,Procuct list 2025.xlsx,bonastent,14,"[""BTB-140309"", null, 14, 30, null, 12, 900]"
SRC006,Procuct list 2025.xlsx,bonastent,15,"[""BTB-140409"", null, 14, 40, null, 12, 900]"
SRC006,Procuct list 2025.xlsx,bonastent,16,"[""BTB-140509"", null, 14, 50, null, 12, 900]"
SRC006,Procuct list 2025.xlsx,bonastent,17,"[""BTB-140609"", null, 14, 60, null, 12, 900]"
SRC006,Procuct list 2025.xlsx,bonastent,18,"[""BTB-140709"", null, 14, 70, null, 12, 900]"
SRC006,Procuct list 2025.xlsx,bonastent,19,"[""BTB-140809"", null, 14, 80, null, 12, 900]"
SRC006,Procuct list 2025.xlsx,bonastent,2,"[""BTB-100209"", null, 10, 20, null, 8, 900]"
SRC006,Procuct list 2025.xlsx,bonastent,20,"[""BTB-160209"", null, 16, 20, null, 12, 900]"
SRC006,Procuct list 2025.xlsx,bonastent,21,"[""BTB-160309"", null, 16, 30, null, 12, 900]"
SRC006,Procuct list 2025.xlsx,bonastent,22,"[""BTB-160409"", null, 16, 40, null, 12, 900]"
SRC006,Procuct list 2025.xlsx,bonastent,23,"[""BTB-160509"", null, 16, 50, null, 12, 900]"
SRC006,Procuct list 2025.xlsx,bonastent,24,"[""BTB-160609"", null, 16, 60, null, 12, 900]"
SRC006,Procuct list 2025.xlsx,bonastent,25,"[""BTB-160709"", null, 16, 70, null, 12, 900]"
SRC006,Procuct list 2025.xlsx,bonastent,26,"[""BTB-160809"", null, 16, 80, null, 12, 900]"
SRC006,Procuct list 2025.xlsx,bonastent,27,"[""BTB-180209"", null, 18, 20, null, 16, 900]"
SRC006,Procuct list 2025.xlsx,bonastent,28,"[""BTB-180309"", null, 18, 30, null, 16, 900]"
SRC006,Procuct list 2025.xlsx,bonastent,29,"[""BTB-180409"", null, 18, 40, null, 16, 900]"
SRC006,Procuct list 2025.xlsx,bonastent,3,"[""BTB-100309"", null, 10, 30, null, 8, 900]"
SRC006,Procuct list 2025.xlsx,bonastent,30,"[""BTB-180509"", null, 18, 50, null, 16, 900]"
SRC006,Procuct list 2025.xlsx,bonastent,31,"[""BTB-180609"", null, 18, 60, null, 16, 900]"
SRC006,Procuct list 2025.xlsx,bonastent,32,"[""BTB-180709"", null, 18, 70, null, 16, 900]"
SRC006,Procuct list 2025.xlsx,bonastent,33,"[""BTB-180809"", null, 18, 80, null, 16, 900]"
SRC006,Procuct list 2025.xlsx,bonastent,34,"[""BTB-200209"", null, 20, 20, null, 16, 900]"
SRC006,Procuct list 2025.xlsx,bonastent,35,"[""BTB-200309"", null, 20, 30, null, 16, 900]"
SRC006,Procuct list 2025.xlsx,bonastent,36,"[""BTB-200409"", null, 20, 40, null, 16, 900]"
SRC006,Procuct list 2025.xlsx,bonastent,37,"[""BTB-200509"", null, 20, 50, null, 16, 900]"
SRC006,Procuct list 2025.xlsx,bonastent,38,"[""BTB-200609"", null, 20, 60, null, 16, 900]"
SRC006,Procuct list 2025.xlsx,bonastent,39,"[""BTB-200709"", null, 20, 70, null, 16, 900]"
SRC006,Procuct list 2025.xlsx,bonastent,4,"[""BTB-100409"", null, 10, 40, null, 8, 900]"
SRC006,Procuct list 2025.xlsx,bonastent,40,"[""BTB-200809"", null, 20, 80, null, 16, 900]"
SRC006,Procuct list 2025.xlsx,bonastent,5,"[""BTB-100509"", null, 10, 50, null, 8, 900]"
SRC006,Procuct list 2025.xlsx,bonastent,6,"[""BTB-120209"", null, 12, 20, null, 9, 900]"
SRC006,Procuct list 2025.xlsx,bonastent,7,"[""BTB-120309"", null, 12, 30, null, 9, 900]"
SRC006,Procuct list 2025.xlsx,bonastent,8,"[""BTB-120409"", null, 12, 40, null, 9, 900]"
SRC006,Procuct list 2025.xlsx,bonastent,9,"[""BTB-120509"", null, 12, 50, null, 9, 900]"
SRC006,Procuct list 2025.xlsx,thoracent,1,"[""SKU"", ""Description"", ""Size"", ""Needle Length"", ""Sheath Diameter"", ""Minimum Channel Size""]"
SRC006,Procuct list 2025.xlsx,thoracent,10,"[""SKU"", ""Description"", ""Sheath Diameter"", ""Length"", ""UOM"", null]"
SRC006,Procuct list 2025.xlsx,thoracent,11,"[""MED-114-FOR"", ""Biopsy Forceps"", ""1.8mm"", ""160cm"", ""Box 10"", null]"
SRC006,Procuct list 2025.xlsx,thoracent,13,"[""SKU"", ""Description"", ""Size"", ""Sheath Diameter"", ""Length"", ""UOM""]"
SRC006,Procuct list 2025.xlsx,thoracent,14,"[""MED-194-NET"", ""Micro retrieval net"", ""25×45"", 1.8, 160, ""Box 10""]"
SRC006,Procuct list 2025.xlsx,thoracent,15,"[""MED-200-NET"", ""Bronch retrieval net"", ""10×25"", 1.8, 120, ""Box 10""]"
SRC006,Procuct list 2025.xlsx,thoracent,2,"[""BU49211"", ""Areus EBUS FNA Nitinol Needle"", ""19 GA"", ""4 cm"", ""1.8 mm"", ""2.0 mm""]"
SRC006,Procuct list 2025.xlsx,thoracent,3,"[""BU49221"", ""Areus EBUS FNA Nitinol Needle"", ""22 GA"", ""4 cm"", ""1.8 mm"", ""2.0 mm""]"
SRC006,Procuct list 2025.xlsx,thoracent,4,"[""BU49231"", ""Areus EBUS FNA Nitinol Needle"", ""25 GA"", ""4 cm"", ""1.8 mm"", ""2.0 mm""]"
SRC006,Procuct list 2025.xlsx,thoracent,5,"[""BU49241"", ""Trident EBUS FNB Nitinol Needle"", ""19 GA"", ""4 cm"", ""1.8 mm"", ""2.0 mm""]"
SRC006,Procuct list 2025.xlsx,thoracent,6,"[""BU49251"", ""Trident EBUS FNB Nitinol Needle"", ""22 GA"", ""4 cm"", ""1.8 mm"", ""2.0 mm""]"
SRC006,Procuct list 2025.xlsx,thoracent,7,"[""BU49261"", ""Trident EBUS FNB Nitinol Needle"", ""25 GA"", ""4 cm"", ""1.8 mm"", ""2.0 mm""]"
SRC007,Equipment seeds.xlsx,Flexible bronchoscopy platforms,1,"[""Role"", ""Manufacturer"", ""Product and manufacturer ID"", ""Description for your dropdown"", ""Best-fit procedures"", ""Source""]"
SRC007,Equipment seeds.xlsx,Flexible bronchoscopy platforms,10,"[""Single-use bronchoscope"", ""Boston Scientific"", ""EXALT Model B Slim M00542711"", ""3.8 mm OD, 1.0 mm channel, minimum DLT compatibility 35 Fr"", ""DLT confirmation, airway checks, narrower airways"", 18]"
SRC007,Equipment seeds.xlsx,Flexible bronchoscopy platforms,11,"[""Single-use bronchoscope"", ""Boston Scientific"", ""EXALT Model B Regular M00542731"", ""5.0 mm OD, 2.0 mm channel, minimum DLT compatibility 41 Fr"", ""ICU bronchoscopy, BAL, PDT guidance"", 18]"
SRC007,Equipment seeds.xlsx,Flexible bronchoscopy platforms,12,"[""Single-use bronchoscope"", ""Boston Scientific"", ""EXALT Model B Large M00542751"", ""5.8 mm OD, 2.6 mm channel"", ""Therapeutic/airway bedside bronchoscopy"", 18]"
SRC007,Equipment seeds.xlsx,Flexible bronchoscopy platforms,13,"[""Single-use pulmonary biopsy forceps"", ""Olympus"", ""FB-221D.A"", ""Alligator jaw-step with needle; 5.0 mm cup opening, 115 cm working length, 2.0 mm channel compatible"", ""TB rule-out bronchoscopy, diagnostic bronchoscopy"", 19]"
SRC007,Equipment seeds.xlsx,Flexible bronchoscopy platforms,14,"[""Single-use pulmonary biopsy forceps"", ""Olympus"", ""FB-241D.A"", ""Standard oval with needle; 5.0 mm cup opening, 115 cm working length, 2.0 mm channel compatible"", ""Endobronchial biopsy, diagnostic bronchoscopy"", 20]"
SRC007,Equipment seeds.xlsx,Flexible bronchoscopy platforms,15,"[""Pulmonary cytology brush"", ""Olympus"", ""BC-201C-1006"", ""Uncovered sheath brush; compatible with bronchoscopes with minimum 1.2 mm channel"", ""TB rule-out bronchoscopy, diagnostic cytology"", 21]"
SRC007,Equipment seeds.xlsx,Flexible bronchoscopy platforms,16,"[""Pulmonary cytology brush"", ""Olympus"", ""BC-202D-5010"", ""Covered-sheath brush; 115 cm working length, 10.0/5.0 mm brush, minimum channel 2.0 mm"", ""Protected brushing, diagnostic bronchoscopy"", 22]"
SRC007,Equipment seeds.xlsx,Flexible bronchoscopy platforms,17,"[""Specimen trap"", ""Cardinal Health"", ""C30200A"", ""40 cc sterile mucus/specimen trap with gradations; widely listed for respiratory specimen collection"", ""BAL, TB bronchoscopy, ICU bronchoscopy"", 23]"
SRC007,Equipment seeds.xlsx,Flexible bronchoscopy platforms,2,"[""Therapeutic bronchoscope"", ""Olympus"", ""BF-1TH190"", ""2.8 mm channel, 60 cm working length, 6.0 mm insertion tube, 6.2 mm distal end; designed for therapeutic bronchoscopy"", ""Therapeutic bronchoscopy, endobronchial valve, advanced airway work"", 2]"
SRC007,Equipment seeds.xlsx,Flexible bronchoscopy platforms,3,"[""Diagnostic bronchoscope"", ""Olympus"", ""BF-P190"", ""Standard-definition diagnostic scope; official Olympus comparison sheet lists 4.2 mm outer diameter, 2.0 mm channel, 60 cm working length"", ""TB rule-out bronchoscopy, ICU bronchoscopy, diagnostic flexible bronchoscopy"", 15]"
SRC007,Equipment seeds.xlsx,Flexible bronchoscopy platforms,4,"[""Diagnostic bronchoscope"", ""Olympus"", ""BF-H190"", ""High-definition diagnostic scope; official Olympus comparison sheet lists 5.5 mm outer diameter, 2.0 mm channel"", ""ICU bronchoscopy, diagnostic bronchoscopy, larger-channel diagnostic work"", 15]"
SRC007,Equipment seeds.xlsx,Flexible bronchoscopy platforms,5,"[""Processor/light platform"", ""Olympus"", ""CV-190"", ""EVIS EXERA III video system center for Olympus endoscopy/bronchoscopy stack"", ""Reusable Olympus bronchoscope rooms"", 16]"
SRC007,Equipment seeds.xlsx,Flexible bronchoscopy platforms,6,"[""Processor/light platform"", ""Olympus"", ""CV-1500"", ""EVIS X1 video system center with integrated LED light source"", ""Reusable Olympus bronchoscope and pleuroscope rooms"", 4]"
SRC007,Equipment seeds.xlsx,Flexible bronchoscopy platforms,7,"[""Single-use bronchoscope"", ""Ambu"", ""aScope 4 Broncho Slim 476101000"", ""3.8/1.2 mm, minimum ETT 5.0 mm, minimum DLT 35 Fr; expressly positioned for intubation and DLT/bronchial blocker placement"", ""WLL setup, difficult airway bronchoscopy, OR guidance"", 17]"
SRC007,Equipment seeds.xlsx,Flexible bronchoscopy platforms,8,"[""Single-use bronchoscope"", ""Ambu"", ""aScope 4 Broncho Regular 477101000"", ""5.0/2.2 mm; Ambu lists bedside bronchoscopy, BAL, and PDT as use cases"", ""ICU bronchoscopy, BAL, PDT guidance"", 17]"
SRC007,Equipment seeds.xlsx,Flexible bronchoscopy platforms,9,"[""Single-use bronchoscope"", ""Ambu"", ""aScope 4 Broncho Large 478101000"", ""5.8/2.8 mm; designed for BAL and bronchial wash workflows"", ""ICU bronchoscopy, therapeutic bedside bronchoscopy"", 17]"
SRC007,Equipment seeds.xlsx,Perc trachand WLL,1,"[""Role"", ""Manufacturer"", ""Product and manufacturer ID"", ""Description for your dropdown"", ""Best-fit procedures"", ""Source""]"
SRC007,Equipment seeds.xlsx,Perc trachand WLL,10,"[""Left double-lumen endobronchial tube"", ""Medtronic"", ""125035 / 125037 / 125039 / 125041"", ""Shiley left DLT family, 35–41 Fr"", ""Whole lung lavage"", 45]"
SRC007,Equipment seeds.xlsx,Perc trachand WLL,11,"[""Right double-lumen endobronchial tube"", ""Medtronic"", ""126035 / 126037 / 126039 / 126041"", ""Shiley right DLT family, 35–41 Fr"", ""Whole lung lavage backup or selected thoracic cases"", 45]"
SRC007,Equipment seeds.xlsx,Perc trachand WLL,12,"[""Bronchoscopy confirmation scope"", ""Ambu"", ""aScope 4 Slim 476101000"", ""Minimum DLT compatibility 35 Fr, making it a practical airway-confirmation scope for DLT positioning"", ""Whole lung lavage, difficult airway setups"", 17]"
SRC007,Equipment seeds.xlsx,Perc trachand WLL,2,"[""Percutaneous trach tray"", ""Cook Medical"", ""G57703 / C-PTISY-100-HC-G-NA"", ""Blue Rhino G2-Multi tray with loading dilators 7.5, 8.5, 9.0 mm; includes standard PDT tray components"", ""Percutaneous tracheostomy"", 1]"
SRC007,Equipment seeds.xlsx,Perc trachand WLL,3,"[""Percutaneous trach tray"", ""Cook Medical"", ""G57704 / C-PTISY-100-UNS-HC-G-NA"", ""Blue Rhino G2-Multi tray with loading dilators 6.5, 7.0, 7.5, 8.0 mm"", ""Percutaneous tracheostomy"", 1]"
SRC007,Equipment seeds.xlsx,Perc trachand WLL,4,"[""Percutaneous trach tray"", ""Cook Medical"", ""G57706 / C-PTISY-100-UNL-HC-G-NA"", ""Blue Rhino G2-Multi tray with loading dilators 8.5, 9.0, 10.0 mm"", ""Percutaneous tracheostomy"", 1]"
SRC007,Equipment seeds.xlsx,Perc trachand WLL,5,"[""Percutaneous trach set"", ""TRACOE"", ""REF 520"", ""TRACOE experc dilation set"", ""Percutaneous tracheostomy"", 43]"
SRC007,Equipment seeds.xlsx,Perc trachand WLL,6,"[""Percutaneous trach set with tube"", ""TRACOE"", ""330 / 331 / 332 / 888-322"", ""Official TRACOE experc packaged set variants linked to specific Twist/Twist Plus tube families"", ""Percutaneous tracheostomy"", 43]"
SRC007,Equipment seeds.xlsx,Perc trachand WLL,7,"[""Adult cuffed trach tube"", ""Medtronic"", ""6CN75H / 7CN80H / 8CN85H / 9CN90H / 10CN10H"", ""Shiley flexible adult trach tube with TaperGuard cuff, disposable inner cannula"", ""Percutaneous tracheostomy, trach exchange"", 44]"
SRC007,Equipment seeds.xlsx,Perc trachand WLL,8,"[""Adult cuffless trach tube"", ""Medtronic"", ""6UN75H / 7UN80H / 8UN85H / 9UN90H / 10UN10H"", ""Shiley flexible cuffless trach tube family"", ""Percutaneous tracheostomy, downsizing/exchange"", 44]"
SRC007,Equipment seeds.xlsx,Perc trachand WLL,9,"[""Evac trach tube"", ""Medtronic"", ""6CN75ED / 7CN80ED / 8CN85ED / 9CN90ED / 10CN10ED"", ""Shiley flexible evac trach tube with TaperGuard cuff and subglottic suction lumen"", ""Percutaneous tracheostomy where subglottic suction is desired"", 44]"
SRC007,Equipment seeds.xlsx,Procedure maps,1,"[""Procedure"", ""Required role blocks"", ""Common optional role blocks"", ""Why this matters"", ""Source""]"
SRC007,Equipment seeds.xlsx,Procedure maps,10,"[""Thoracentesis"", ""Ultrasound-compatible centesis kit, drainage tubing, specimen containers"", ""Valved catheter, vacuum bottle adapter, wall suction adapter"", ""BD and Merit both market thoracentesis sets as integrated drainage systems; product families differ by valved/non-valved design and catheter size."", 13]"
SRC007,Equipment seeds.xlsx,Procedure maps,11,"[""Chest tube insertion"", ""Small-bore Seldinger kit or large-bore chest tube set, drainage unit"", ""Digital drainage, tunneled pleural catheter, Heimlich/ambulatory options"", ""Cook publishes separate pneumothorax and chest tube sets across small- and large-bore sizes; tunneled pleural catheter systems have their own insertion packs and drainage kits."", 14]"
SRC007,Equipment seeds.xlsx,Procedure maps,2,"[""ICU bronchoscopy"", ""Single-use or reusable flexible bronchoscope, monitor/processor, suction/specimen trap, BAL supplies"", ""Biopsy forceps, cytology brush, bronchoscopy adapter"", ""Single-use bronchoscopes are marketed specifically for bedside bronchoscopy, BAL, and PDT guidance; bronchoscopy standards expect oxygen, suction, and resuscitation capability."", 5]"
SRC007,Equipment seeds.xlsx,Procedure maps,3,"[""TB rule-out bronchoscopy"", ""Flexible bronchoscope, BAL/specimen trap, sealed transport/lab labeling workflow, airborne-isolation PPE"", ""Brush/forceps if another diagnosis is being pursued"", ""CDC states sputum induction is preferred when possible and bronchoscopy is typically used when sputum is nondiagnostic; bronchoscopy specimens should be labeled as bronchoscopy specimens, and infection-control measures are required."", 6]"
SRC007,Equipment seeds.xlsx,Procedure maps,4,"[""Therapeutic bronchoscopy"", ""Therapeutic bronchoscope, energy/hemostasis platform, therapeutic accessory library"", ""Cryoprobe, foreign-body forceps, balloon dilator, stent tools, APC/cautery probes"", ""Olympus positions the BF-1TH190 specifically as a therapeutic scope; ERBE and Olympus provide bronchoscopy-focused therapeutic device families."", 7]"
SRC007,Equipment seeds.xlsx,Procedure maps,5,"[""Rigid bronchoscopy"", ""Rigid bronchoscope barrel set, telescope/optics, ventilation setup, rigid accessory instruments"", ""Flexible bronchoscope through rigid barrel, stent tools, cryo/debulking tools"", ""Rigid bronchoscopy requires a separate family of rigid barrels and optics; Karl Storz and EFER publish dedicated bronchoscopy systems."", 8]"
SRC007,Equipment seeds.xlsx,Procedure maps,6,"[""Percutaneous tracheostomy"", ""Bronchoscopic guidance scope, PDT kit, tracheostomy tube"", ""Evac trach tube, extended-length tube, backup open-trach instruments"", ""Cook, ICU Medical, and TRACOE all market dedicated percutaneous trach systems; Ambu specifically cites PDT as a bronchoscopy use case."", 9]"
SRC007,Equipment seeds.xlsx,Procedure maps,7,"[""Medical thoracoscopy"", ""Pleuroscope, pleuroscopy trocar, pleural biopsy forceps, chest drain pathway"", ""Talc poudrage kit, tunneled pleural catheter, suction/irrigation"", ""Olympus lists a pleuroscope/trocar/biopsy-forceps ecosystem; talc poudrage kits are sold as dedicated pleurodesis products."", 10]"
SRC007,Equipment seeds.xlsx,Procedure maps,8,"[""Whole lung lavage"", ""Left-sided DLT, bronchoscope for confirmation, warmed saline, lavage tubing/drainage, suction collection"", ""Chest percussion workflow, backup bronchial blocker, second bronchoscope"", ""WLL guidance describes left-sided double-lumen isolation, warmed 37 °C saline, bronchoscopy confirmation, and large-volume lavage/drainage."", 11]"
SRC007,Equipment seeds.xlsx,Procedure maps,9,"[""Endobronchial valve placement"", ""Therapeutic bronchoscope, valve(s), deployment catheter, sizing/assessment workflow"", ""Collateral ventilation assessment platform, retrieval instruments"", ""FDA-cleared systems include Zephyr and Spiration; both publish valve sizes and delivery hardware."", 12]"
SRC007,Equipment seeds.xlsx,Therapeutic bronchoscopy,1,"[""Role"", ""Manufacturer"", ""Product and manufacturer ID"", ""Description for your dropdown"", ""Best-fit procedures"", ""Source""]"
SRC007,Equipment seeds.xlsx,Therapeutic bronchoscopy,10,"[""Rigid bronchoscopy system component"", ""EFER"", ""BB2401-3"", ""Adult ventilating obturator for the EFER bronchoscopy system"", ""Rigid bronchoscopy"", 31]"
SRC007,Equipment seeds.xlsx,Therapeutic bronchoscopy,11,"[""Rigid bronchoscopy optics"", ""EFER"", ""BX-5500-FA"", ""Autoclavable bronchial endoscope, 5.5 mm diameter, 0° view"", ""Rigid bronchoscopy"", 31]"
SRC007,Equipment seeds.xlsx,Therapeutic bronchoscopy,12,"[""Zephyr valve"", ""Pulmonx"", ""EBV-TS-4.0"", ""Zephyr endobronchial valve for 4.0–7.0 mm airways"", ""Endobronchial valve placement"", 32]"
SRC007,Equipment seeds.xlsx,Therapeutic bronchoscopy,13,"[""Zephyr valve"", ""Pulmonx"", ""EBV-TS-4.0-LP"", ""Low-profile Zephyr valve for shorter 4.0–7.0 mm airways"", ""Endobronchial valve placement"", 32]"
SRC007,Equipment seeds.xlsx,Therapeutic bronchoscopy,14,"[""Zephyr valve"", ""Pulmonx"", ""EBV-TS-5.5"", ""Zephyr valve for 5.5–8.5 mm airways"", ""Endobronchial valve placement"", 32]"
SRC007,Equipment seeds.xlsx,Therapeutic bronchoscopy,15,"[""Zephyr valve"", ""Pulmonx"", ""EBV-TS-5.5-LP"", ""Low-profile Zephyr valve for shorter 5.5–8.5 mm airways"", ""Endobronchial valve placement"", 32]"
SRC007,Equipment seeds.xlsx,Therapeutic bronchoscopy,16,"[""Zephyr delivery catheter"", ""Pulmonx"", ""EDC-TS-4.0 / EDC-TS-4.0-J / EDC-TS-5.5-DM"", ""Delivery catheter family matched to valve size/anatomy"", ""Endobronchial valve placement"", 32]"
SRC007,Equipment seeds.xlsx,Therapeutic bronchoscopy,17,"[""Spiration valve"", ""Olympus"", ""SVS-V5-00 / N5535500"", ""5 mm Spiration valve cartridge"", ""Endobronchial valve placement, selected air-leak management"", 33]"
SRC007,Equipment seeds.xlsx,Therapeutic bronchoscopy,18,"[""Spiration valve"", ""Olympus"", ""SVS-V6-00 / N5535600"", ""6 mm Spiration valve cartridge"", ""Endobronchial valve placement, selected air-leak management"", 33]"
SRC007,Equipment seeds.xlsx,Therapeutic bronchoscopy,19,"[""Spiration valve"", ""Olympus"", ""SVS-V7-00 / N5535700"", ""7 mm Spiration valve cartridge"", ""Endobronchial valve placement, selected air-leak management"", 33]"
SRC007,Equipment seeds.xlsx,Therapeutic bronchoscopy,2,"[""Flexible cryoprobe"", ""ERBE"", ""20402-401"", ""Single-use flexible cryoprobe, 1.1 mm OD, with oversheath; requires working channel ≥ 2.8 mm"", ""Cryobiopsy, clot/tissue extraction, selected airway work"", 24]"
SRC007,Equipment seeds.xlsx,Therapeutic bronchoscopy,20,"[""Spiration valve"", ""Olympus"", ""SVS-V9-00 / N5535900"", ""9 mm Spiration valve cartridge"", ""Endobronchial valve placement, selected air-leak management"", 33]"
SRC007,Equipment seeds.xlsx,Therapeutic bronchoscopy,21,"[""Spiration deployment catheter"", ""Olympus"", ""SVS-C26N-06 / N5538900"", ""1020 mm deployment catheter; bronchoscope channel inner diameter 2.6 mm or greater"", ""Endobronchial valve placement"", 33]"
SRC007,Equipment seeds.xlsx,Therapeutic bronchoscopy,3,"[""Flexible cryoprobe"", ""ERBE"", ""20402-410"", ""Single-use flexible cryoprobe, 1.7 mm OD"", ""Cryobiopsy and therapeutic cryo applications"", 25]"
SRC007,Equipment seeds.xlsx,Therapeutic bronchoscopy,4,"[""Flexible cryoprobe"", ""ERBE"", ""20402-411"", ""Single-use flexible cryoprobe, 2.4 mm OD"", ""Larger-specimen cryobiopsy or heavier therapeutic use"", 26]"
SRC007,Equipment seeds.xlsx,Therapeutic bronchoscopy,5,"[""Rigid bronchoscope barrel"", ""Karl Storz"", ""10318DP"", ""Universal bronchoscope, size 6.5, working length 43 cm, inner diameter 8.5 mm"", ""Rigid bronchoscopy in smaller adult airways"", 27]"
SRC007,Equipment seeds.xlsx,Therapeutic bronchoscopy,6,"[""Rigid bronchoscope barrel"", ""Karl Storz"", ""10318CP"", ""Universal bronchoscope, size 7.5, working length 43 cm, inner diameter 9.5 mm"", ""Standard adult rigid bronchoscopy"", 28]"
SRC007,Equipment seeds.xlsx,Therapeutic bronchoscopy,7,"[""Rigid bronchoscope barrel"", ""Karl Storz"", ""10318BK"", ""Universal bronchoscope, size 8.5, working length 43 cm, inner diameter 10.5 mm"", ""Standard/large adult rigid bronchoscopy"", 29]"
SRC007,Equipment seeds.xlsx,Therapeutic bronchoscopy,8,"[""Rigid bronchoscope barrel"", ""Karl Storz"", ""10318FL"", ""Bronchoscope, size 12 mm, working length 43 cm, inner diameter 11 mm"", ""Large adult rigid bronchoscopy and stent work"", 30]"
SRC007,Equipment seeds.xlsx,Therapeutic bronchoscopy,9,"[""Rigid bronchoscopy system component"", ""EFER"", ""BD2410-3"", ""Adult universal base, length 36 cm"", ""Rigid bronchoscopy"", 31]"
SRC007,Equipment seeds.xlsx,pleuralRole_x0009_Manufacturer_x0009_Produc,1,"[""Role"", ""Manufacturer"", ""Product and manufacturer ID"", ""Description for your dropdown"", ""Best-fit procedures"", ""Source""]"
SRC007,Equipment seeds.xlsx,pleuralRole_x0009_Manufacturer_x0009_Produc,10,"[""Large-bore chest tube set"", ""Cook Medical"", ""G05462 / C-TQTSY-1600"", ""Thal-Quick chest tube tray, 16 Fr"", ""Chest tube insertion"", 38]"
SRC007,Equipment seeds.xlsx,pleuralRole_x0009_Manufacturer_x0009_Produc,11,"[""Large-bore chest tube set"", ""Cook Medical"", ""G05461 / C-TQTSY-1800"", ""Thal-Quick chest tube tray, 18 Fr"", ""Chest tube insertion"", 38]"
SRC007,Equipment seeds.xlsx,pleuralRole_x0009_Manufacturer_x0009_Produc,12,"[""Large-bore chest tube set"", ""Cook Medical"", ""G05463 / C-TQTSY-2000"", ""Thal-Quick chest tube tray, 20 Fr"", ""Chest tube insertion"", 38]"
SRC007,Equipment seeds.xlsx,pleuralRole_x0009_Manufacturer_x0009_Produc,13,"[""Large-bore chest tube set"", ""Cook Medical"", ""G04226 / C-TQTSY-2800"", ""Thal-Quick chest tube tray, 28 Fr"", ""Hemothorax/large-bore drainage workflows"", 38]"
SRC007,Equipment seeds.xlsx,pleuralRole_x0009_Manufacturer_x0009_Produc,14,"[""Large-bore chest tube set"", ""Cook Medical"", ""G07242 / C-TQTSY-3200"", ""Thal-Quick chest tube tray, 32 Fr"", ""Large-bore drainage workflows"", 38]"
SRC007,Equipment seeds.xlsx,pleuralRole_x0009_Manufacturer_x0009_Produc,15,"[""Tunneled pleural catheter kit"", ""BD"", ""50-7000b"", ""PleurX pleural catheter kit"", ""Recurrent pleural effusion management"", 39]"
SRC007,Equipment seeds.xlsx,pleuralRole_x0009_Manufacturer_x0009_Produc,16,"[""Tunneled pleural catheter starter set"", ""BD"", ""50-7700"", ""PleurX pleural catheter and starter kit with four 1,000 mL bottles"", ""Recurrent pleural effusion management"", 39]"
SRC007,Equipment seeds.xlsx,pleuralRole_x0009_Manufacturer_x0009_Produc,17,"[""Tunneled pleural catheter drainage kit"", ""BD"", ""50-7510 / 50-7500b"", ""PleurX drainage kit with 1,000 mL or 500 mL bottle"", ""IPC drainage follow-up"", 39]"
SRC007,Equipment seeds.xlsx,pleuralRole_x0009_Manufacturer_x0009_Produc,18,"[""PleurX procedure pack"", ""BD"", ""50-7290a"", ""Procedure pack for PleurX/PeritX systems"", ""IPC placement support"", 39]"
SRC007,Equipment seeds.xlsx,pleuralRole_x0009_Manufacturer_x0009_Produc,19,"[""Pleuroscope"", ""Olympus"", ""LTF-H290 / 91643"", ""Pleura videoscope with 3.0 mm channel; compatible with EVIS X1 and pleuroscopy accessories"", ""Medical thoracoscopy"", 10]"
SRC007,Equipment seeds.xlsx,pleuralRole_x0009_Manufacturer_x0009_Produc,2,"[""Thoracentesis/paracentesis set"", ""Merit Medical"", ""APS-100"", ""Thoracentesis and Paracentesis Set family"", ""Thoracentesis"", 34]"
SRC007,Equipment seeds.xlsx,pleuralRole_x0009_Manufacturer_x0009_Produc,20,"[""Pleuroscopy trocar"", ""Olympus"", ""MAJ-1058"", ""Flexible 8 mm trocar for pleuroscopy"", ""Medical thoracoscopy"", 40]"
SRC007,Equipment seeds.xlsx,pleuralRole_x0009_Manufacturer_x0009_Produc,21,"[""Pleural biopsy forceps"", ""Olympus"", ""FB-420K / 86518"", ""Single-use biopsy forceps listed as compatible with the LTF-H290"", ""Medical thoracoscopy"", 41]"
SRC007,Equipment seeds.xlsx,pleuralRole_x0009_Manufacturer_x0009_Produc,22,"[""Talc poudrage kit"", ""Novatech"", ""16863 STERITALC PF3"", ""3 g poudrage kit with balloon and cannula"", ""Talc pleurodesis during medical thoracoscopy"", 42]"
SRC007,Equipment seeds.xlsx,pleuralRole_x0009_Manufacturer_x0009_Produc,23,"[""Talc vial"", ""Novatech"", ""16903 STERITALC F2"", ""2 g vial for slurry or atomizer use"", ""Talc pleurodesis"", 42]"
SRC007,Equipment seeds.xlsx,pleuralRole_x0009_Manufacturer_x0009_Produc,24,"[""Talc vial"", ""Novatech"", ""16913 STERITALC F4"", ""4 g vial for slurry or atomizer use"", ""Talc pleurodesis"", 42]"
SRC007,Equipment seeds.xlsx,pleuralRole_x0009_Manufacturer_x0009_Produc,3,"[""Thoracentesis/paracentesis set"", ""Merit Medical"", ""TAPS-5F-10LT"", ""5F, 10 cm, straight, fixed"", ""Thoracentesis"", 35]"
SRC007,Equipment seeds.xlsx,pleuralRole_x0009_Manufacturer_x0009_Produc,4,"[""Thoracentesis/paracentesis set"", ""Merit Medical"", ""TAPS-6F-10LT"", ""6F, 10 cm, straight, fixed"", ""Thoracentesis"", 35]"
SRC007,Equipment seeds.xlsx,pleuralRole_x0009_Manufacturer_x0009_Produc,5,"[""Thoracentesis/paracentesis set"", ""Merit Medical"", ""TAPS-8F-7LT / TAPS-8F-10LT"", ""8F options for larger drainage needs"", ""Thoracentesis"", 35]"
SRC007,Equipment seeds.xlsx,pleuralRole_x0009_Manufacturer_x0009_Produc,6,"[""Thoracentesis drainage kit"", ""BD"", ""PIG1260K"", ""Safe-T-Centesis pigtail drainage kit, 6F, 18G"", ""Thoracentesis"", 36]"
SRC007,Equipment seeds.xlsx,pleuralRole_x0009_Manufacturer_x0009_Produc,7,"[""Thoracentesis drainage kit"", ""BD"", ""PIG1280K"", ""Safe-T-Centesis pigtail drainage kit, 8F, 16G"", ""Thoracentesis"", 36]"
SRC007,Equipment seeds.xlsx,pleuralRole_x0009_Manufacturer_x0009_Produc,8,"[""Thoracentesis tray"", ""BD"", ""PIG1260TSP / PIG1280TSP"", ""Safe-T-Centesis PLUS tray options with lidocaine and safety accessories"", ""Thoracentesis"", 37]"
SRC007,Equipment seeds.xlsx,pleuralRole_x0009_Manufacturer_x0009_Produc,9,"[""Small-bore pneumothorax set"", ""Cook Medical"", ""G56535 / C-UTPT-1400-WAYNE-112497-IMH"", ""Wayne pneumothorax Seldinger set, 14 Fr catheter, 29 cm"", ""Pneumothorax tube insertion"", 14]"
SRC008,FDA_Pleural_Drainage_Devices_US.csv,CSV,10,"{""Product #"": ""8888560805"", ""Product Name"": ""Argyle Trocar Catheter – 8 Fr × 9 in (sharp tip)"", ""Category"": ""Small‑Bore Chest Tube (Trocar)"", ""Manufacturer"": ""Cardinal Health"", ""Prime Vendor"": ""Yes"", ""ECAT"": ""Yes"", ""Adult/Peds"": ""Peds/Adult"", ""Key Specs"": ""Aluminum trocar""}"
SRC008,FDA_Pleural_Drainage_Devices_US.csv,CSV,11,"{""Product #"": ""8888561068"", ""Product Name"": ""Argyle Trocar Catheter – 28 Fr"", ""Category"": ""Surgical Chest Tube (Trocar)"", ""Manufacturer"": ""Cardinal Health"", ""Prime Vendor"": ""Yes"", ""ECAT"": ""Yes"", ""Adult/Peds"": ""Adult"", ""Key Specs"": ""Numerical depth marks""}"
SRC008,FDA_Pleural_Drainage_Devices_US.csv,CSV,12,"{""Product #"": ""8888561076"", ""Product Name"": ""Argyle Trocar Catheter – 32 Fr"", ""Category"": ""Surgical Chest Tube (Trocar)"", ""Manufacturer"": ""Cardinal Health"", ""Prime Vendor"": ""Yes"", ""ECAT"": ""Yes"", ""Adult/Peds"": ""Adult"", ""Key Specs"": ""Right‑angle trocar""}"
SRC008,FDA_Pleural_Drainage_Devices_US.csv,CSV,13,"{""Product #"": ""2210"", ""Product Name"": ""Blake Silicone Drain – Flat 7 mm, ¾‑fluted"", ""Category"": ""Post‑op Surgical Drain"", ""Manufacturer"": ""Ethicon"", ""Prime Vendor"": ""Yes"", ""ECAT"": ""Yes"", ""Adult/Peds"": ""Both"", ""Key Specs"": ""Silicone, multi‑channel""}"
SRC008,FDA_Pleural_Drainage_Devices_US.csv,CSV,14,"{""Product #"": ""2215"", ""Product Name"": ""Blake Silicone Drain – Flat 10 mm, full‑fluted w/ trocar"", ""Category"": ""Post‑op Surgical Drain"", ""Manufacturer"": ""Ethicon"", ""Prime Vendor"": ""Yes"", ""ECAT"": ""Yes"", ""Adult/Peds"": ""Adult"", ""Key Specs"": ""Includes 3/16″ trocar""}"
SRC008,FDA_Pleural_Drainage_Devices_US.csv,CSV,15,"{""Product #"": ""2226"", ""Product Name"": ""Blake Silicone Drain – Hubless Round 10 Fr"", ""Category"": ""Post‑op Surgical Drain"", ""Manufacturer"": ""Ethicon"", ""Prime Vendor"": ""Yes"", ""ECAT"": ""Yes"", ""Adult/Peds"": ""Both"", ""Key Specs"": ""Round, hubless""}"
SRC008,FDA_Pleural_Drainage_Devices_US.csv,CSV,16,"{""Product #"": ""2227"", ""Product Name"": ""Blake Silicone Drain – Round 10 Fr w/ 1⁄8″ trocar"", ""Category"": ""Post‑op Surgical Drain"", ""Manufacturer"": ""Ethicon"", ""Prime Vendor"": ""Yes"", ""ECAT"": ""Yes"", ""Adult/Peds"": ""Peds/Adult"", ""Key Specs"": ""Trocar‑assisted""}"
SRC008,FDA_Pleural_Drainage_Devices_US.csv,CSV,17,"{""Product #"": ""2230"", ""Product Name"": ""Blake Silicone Drain – Round 19 Fr"", ""Category"": ""Post‑op Surgical Drain"", ""Manufacturer"": ""Ethicon"", ""Prime Vendor"": ""Yes"", ""ECAT"": ""Yes"", ""Adult/Peds"": ""Adult"", ""Key Specs"": ""Round hubless""}"
SRC008,FDA_Pleural_Drainage_Devices_US.csv,CSV,18,"{""Product #"": ""G55713"", ""Product Name"": ""Fuhrman Pleural Drainage Set – 5 Fr (C‑PPD‑500‑WCE‑IMH)"", ""Category"": ""Small‑Bore Chest Drain"", ""Manufacturer"": ""Cook Medical"", ""Prime Vendor"": ""Yes"", ""ECAT"": ""Yes"", ""Adult/Peds"": ""Peds"", ""Key Specs"": ""Pigtail, 15 cm""}"
SRC008,FDA_Pleural_Drainage_Devices_US.csv,CSV,19,"{""Product #"": ""G55714"", ""Product Name"": ""Fuhrman Pleural Drainage Set – 6 Fr"", ""Category"": ""Small‑Bore Chest Drain"", ""Manufacturer"": ""Cook Medical"", ""Prime Vendor"": ""Yes"", ""ECAT"": ""Yes"", ""Adult/Peds"": ""Peds"", ""Key Specs"": ""Pigtail, 15 cm""}"
SRC008,FDA_Pleural_Drainage_Devices_US.csv,CSV,2,"{""Product #"": ""8888570515"", ""Product Name"": ""Argyle PVC Thoracic Catheter – Straight, 16 Fr × 20 in"", ""Category"": ""Surgical Chest Tube"", ""Manufacturer"": ""Cardinal Health"", ""Prime Vendor"": ""Yes"", ""ECAT"": ""Yes"", ""Adult/Peds"": ""Both"", ""Key Specs"": ""PVC, radiopaque stripe, 6 side-eyes""}"
SRC008,FDA_Pleural_Drainage_Devices_US.csv,CSV,20,"{""Product #"": ""G55723"", ""Product Name"": ""Fuhrman Pleural Drainage Set – 8.5 Fr"", ""Category"": ""Small‑Bore Chest Drain"", ""Manufacturer"": ""Cook Medical"", ""Prime Vendor"": ""Yes"", ""ECAT"": ""Yes"", ""Adult/Peds"": ""Both"", ""Key Specs"": ""Pigtail, 15 cm""}"
SRC008,FDA_Pleural_Drainage_Devices_US.csv,CSV,21,"{""Product #"": ""G55716"", ""Product Name"": ""Fuhrman Pleural Drainage Set – 10.2 Fr"", ""Category"": ""Small‑Bore Chest Drain"", ""Manufacturer"": ""Cook Medical"", ""Prime Vendor"": ""Yes"", ""ECAT"": ""Yes"", ""Adult/Peds"": ""Adult"", ""Key Specs"": ""Pigtail, 15 cm""}"
SRC008,FDA_Pleural_Drainage_Devices_US.csv,CSV,22,"{""Product #"": ""G56535"", ""Product Name"": ""Wayne Pneumothorax Set – 14 Fr (Seldinger)"", ""Category"": ""Pneumothorax Aspiration Kit"", ""Manufacturer"": ""Cook Medical"", ""Prime Vendor"": ""Yes"", ""ECAT"": ""Yes"", ""Adult/Peds"": ""Adult"", ""Key Specs"": ""Seldinger kit, pigtail""}"
SRC008,FDA_Pleural_Drainage_Devices_US.csv,CSV,23,"{""Product #"": ""G56532"", ""Product Name"": ""Wayne Pneumothorax Set – 10.2 Fr (Trocar)"", ""Category"": ""Pneumothorax Aspiration Kit"", ""Manufacturer"": ""Cook Medical"", ""Prime Vendor"": ""Yes"", ""ECAT"": ""Yes"", ""Adult/Peds"": ""Adult"", ""Key Specs"": ""Trocar, straight catheter""}"
SRC008,FDA_Pleural_Drainage_Devices_US.csv,CSV,24,"{""Product #"": ""G36224"", ""Product Name"": ""Thal‑Quick Chest Tube Set – Double Lumen 24 Fr × 40 cm"", ""Category"": ""Percutaneous Chest Tube"", ""Manufacturer"": ""Cook Medical"", ""Prime Vendor"": ""Yes"", ""ECAT"": ""Yes"", ""Adult/Peds"": ""Adult"", ""Key Specs"": ""Percutaneous kit""}"
SRC008,FDA_Pleural_Drainage_Devices_US.csv,CSV,25,"{""Product #"": ""PIG1260T"", ""Product Name"": ""Safe‑T‑Centesis Catheter Tray – 6 Fr"", ""Category"": ""Thoracentesis Catheter"", ""Manufacturer"": ""BD"", ""Prime Vendor"": ""Yes"", ""ECAT"": ""Yes"", ""Adult/Peds"": ""Both"", ""Key Specs"": ""Blunt obturator, self‑sealing""}"
SRC008,FDA_Pleural_Drainage_Devices_US.csv,CSV,26,"{""Product #"": ""PIG1280TSP"", ""Product Name"": ""Safe‑T‑Centesis PLUS Tray – 8 Fr"", ""Category"": ""Thoracentesis Catheter"", ""Manufacturer"": ""BD"", ""Prime Vendor"": ""Yes"", ""ECAT"": ""Yes"", ""Adult/Peds"": ""Adult"", ""Key Specs"": ""8 Fr, 16 cm""}"
SRC008,FDA_Pleural_Drainage_Devices_US.csv,CSV,27,"{""Product #"": ""TAPS-5F-7LT"", ""Product Name"": ""TAPS Thoracentesis & Paracentesis Set – 5 Fr × 7 cm"", ""Category"": ""Thoracentesis Catheter"", ""Manufacturer"": ""Merit Medical"", ""Prime Vendor"": ""Yes"", ""ECAT"": ""Yes"", ""Adult/Peds"": ""Peds/Adult"", ""Key Specs"": ""Valved One‑Step catheter""}"
SRC008,FDA_Pleural_Drainage_Devices_US.csv,CSV,28,"{""Product #"": ""TAPS-6F-12PLT"", ""Product Name"": ""TAPS Set – 6 Fr × 12 cm, pigtail"", ""Category"": ""Thoracentesis Catheter"", ""Manufacturer"": ""Merit Medical"", ""Prime Vendor"": ""Yes"", ""ECAT"": ""Yes"", ""Adult/Peds"": ""Both"", ""Key Specs"": ""Pigtail, fixed luer""}"
SRC008,FDA_Pleural_Drainage_Devices_US.csv,CSV,29,"{""Product #"": ""AK-01000"", ""Product Name"": ""Arrow Pleura‑Seal Thoracentesis Kit – 8 Fr catheter‑over‑needle"", ""Category"": ""Thoracentesis Kit"", ""Manufacturer"": ""Teleflex"", ""Prime Vendor"": ""Yes"", ""ECAT"": ""Yes"", ""Adult/Peds"": ""Both"", ""Key Specs"": ""Catheter‑over‑needle""}"
SRC008,FDA_Pleural_Drainage_Devices_US.csv,CSV,3,"{""Product #"": ""8888570523"", ""Product Name"": ""Argyle PVC Thoracic Catheter – Straight, 20 Fr × 20 in"", ""Category"": ""Surgical Chest Tube"", ""Manufacturer"": ""Cardinal Health"", ""Prime Vendor"": ""Yes"", ""ECAT"": ""Yes"", ""Adult/Peds"": ""Both"", ""Key Specs"": ""PVC, radiopaque stripe""}"
SRC008,FDA_Pleural_Drainage_Devices_US.csv,CSV,30,"{""Product #"": ""AK-01500"", ""Product Name"": ""Arrow Pneumothorax Kit – 8 Fr catheter‑over‑needle"", ""Category"": ""Pneumothorax Aspiration Kit"", ""Manufacturer"": ""Teleflex"", ""Prime Vendor"": ""Yes"", ""ECAT"": ""Yes"", ""Adult/Peds"": ""Both"", ""Key Specs"": ""Includes Heimlich valve""}"
SRC008,FDA_Pleural_Drainage_Devices_US.csv,CSV,31,"{""Product #"": ""50-7000B"", ""Product Name"": ""PleurX Pleural Catheter Starter Kit – 15.5 Fr"", ""Category"": ""Indwelling Pleural Catheter"", ""Manufacturer"": ""BD"", ""Prime Vendor"": ""Yes"", ""ECAT"": ""Yes"", ""Adult/Peds"": ""Adult"", ""Key Specs"": ""Catheter + insertion tray""}"
SRC008,FDA_Pleural_Drainage_Devices_US.csv,CSV,32,"{""Product #"": ""50-7510"", ""Product Name"": ""PleurX Drainage Kit – 1 L vacuum bottle"", ""Category"": ""IPC Drainage Accessory"", ""Manufacturer"": ""BD"", ""Prime Vendor"": ""Yes"", ""ECAT"": ""Yes"", ""Adult/Peds"": ""Adult"", ""Key Specs"": ""1000 mL bottle""}"
SRC008,FDA_Pleural_Drainage_Devices_US.csv,CSV,33,"{""Product #"": ""4992506"", ""Product Name"": ""Aspira Pleural Catheter Kit – Catheter only"", ""Category"": ""Indwelling Pleural Catheter"", ""Manufacturer"": ""Merit Medical"", ""Prime Vendor"": ""Yes"", ""ECAT"": ""Yes"", ""Adult/Peds"": ""Adult"", ""Key Specs"": ""Insertion tray + catheter""}"
SRC008,FDA_Pleural_Drainage_Devices_US.csv,CSV,34,"{""Product #"": ""4992509"", ""Product Name"": ""Aspira Pleural Drainage Starter Kit – 15.5 Fr + 5 drainage sets"", ""Category"": ""Indwelling Pleural Catheter"", ""Manufacturer"": ""Merit Medical"", ""Prime Vendor"": ""Yes"", ""ECAT"": ""Yes"", ""Adult/Peds"": ""Adult"", ""Key Specs"": ""Hand‑pump bottles""}"
SRC008,FDA_Pleural_Drainage_Devices_US.csv,CSV,35,"{""Product #"": ""R51401"", ""Product Name"": ""Rocket IPC Pleural Drainage Kit – 2 L drainage bag"", ""Category"": ""Indwelling Pleural Catheter"", ""Manufacturer"": ""Rocket Medical"", ""Prime Vendor"": ""No"", ""ECAT"": ""Special Order"", ""Adult/Peds"": ""Adult"", ""Key Specs"": ""Drainage bag + dressing pack""}"
SRC008,FDA_Pleural_Drainage_Devices_US.csv,CSV,4,"{""Product #"": ""8888570531"", ""Product Name"": ""Argyle PVC Thoracic Catheter – Straight, 24 Fr × 20 in"", ""Category"": ""Surgical Chest Tube"", ""Manufacturer"": ""Cardinal Health"", ""Prime Vendor"": ""Yes"", ""ECAT"": ""Yes"", ""Adult/Peds"": ""Both"", ""Key Specs"": ""PVC""}"
SRC008,FDA_Pleural_Drainage_Devices_US.csv,CSV,5,"{""Product #"": ""8888570549"", ""Product Name"": ""Argyle PVC Thoracic Catheter – Straight, 28 Fr × 20 in"", ""Category"": ""Surgical Chest Tube"", ""Manufacturer"": ""Cardinal Health"", ""Prime Vendor"": ""Yes"", ""ECAT"": ""Yes"", ""Adult/Peds"": ""Both"", ""Key Specs"": ""PVC""}"
SRC008,FDA_Pleural_Drainage_Devices_US.csv,CSV,6,"{""Product #"": ""8888570556"", ""Product Name"": ""Argyle PVC Thoracic Catheter – Straight, 32 Fr × 20 in"", ""Category"": ""Surgical Chest Tube"", ""Manufacturer"": ""Cardinal Health"", ""Prime Vendor"": ""Yes"", ""ECAT"": ""Yes"", ""Adult/Peds"": ""Both"", ""Key Specs"": ""PVC""}"
SRC008,FDA_Pleural_Drainage_Devices_US.csv,CSV,7,"{""Product #"": ""8888570564"", ""Product Name"": ""Argyle PVC Thoracic Catheter – Straight, 36 Fr × 20 in"", ""Category"": ""Surgical Chest Tube"", ""Manufacturer"": ""Cardinal Health"", ""Prime Vendor"": ""Yes"", ""ECAT"": ""Yes"", ""Adult/Peds"": ""Both"", ""Key Specs"": ""PVC""}"
SRC008,FDA_Pleural_Drainage_Devices_US.csv,CSV,8,"{""Product #"": ""8888570572"", ""Product Name"": ""Argyle PVC Thoracic Catheter – Straight, 40 Fr × 20 in"", ""Category"": ""Surgical Chest Tube"", ""Manufacturer"": ""Cardinal Health"", ""Prime Vendor"": ""Yes"", ""ECAT"": ""Yes"", ""Adult/Peds"": ""Adult"", ""Key Specs"": ""PVC""}"
SRC008,FDA_Pleural_Drainage_Devices_US.csv,CSV,9,"{""Product #"": ""8888571042"", ""Product Name"": ""Argyle PVC Thoracic Catheter – Right‑Angle, 28 Fr × 20 in"", ""Category"": ""Surgical Chest Tube"", ""Manufacturer"": ""Cardinal Health"", ""Prime Vendor"": ""Yes"", ""ECAT"": ""Yes"", ""Adult/Peds"": ""Adult"", ""Key Specs"": ""Right‑angle tip""}"
SRC011,List of EBUS Needles and Bronchoscopic Peripheral Biopsy Tools (U.S. Market).pdf,Source manifest,0,"{""title"":""List of EBUS Needles and Bronchoscopic Peripheral Biopsy Tools (U.S. Market)"",""publisher"":""User-provided"",""revision_date"":"""",""as_of_date"":"""",""use_policy"":""Discovery only; do not expose a product from this source alone.""}"
SRC012,OAIET0124CAT51005_EndoTherapy Catalog_Interactive_2024.pdf,Source manifest,0,"{""title"":""Olympus EndoTherapy Endoscopic Devices Product Catalog"",""publisher"":""Olympus"",""revision_date"":""2024 catalog"",""as_of_date"":""2024"",""use_policy"":""Exact respiratory catalog numbers are eligible for the prototype dropdown; current U.S. availability and IFU compatibility must still be reverified.""}"
SRC013,tracheal-bronchial-stents-catalog.pdf,Source manifest,0,"{""title"":""Micro-Tech GI Endoscopy Devices & Accessories Product Catalog"",""publisher"":""Micro-Tech Endoscopy"",""revision_date"":""B-1-201911 Rev. 8.0"",""as_of_date"":""2019"",""use_policy"":""Exact catalog numbers may be stored, but remain hidden from the U.S. prototype dropdown until current U.S. clearance and distribution are confirmed.""}"
SRC014,Tracheobronchial Stents (U.S. Adult Interventional Pulmonology).pdf,Source manifest,0,"{""title"":""Tracheobronchial Stents (U.S. Adult Interventional Pulmonology)"",""publisher"":""User-provided"",""revision_date"":"""",""as_of_date"":"""",""use_policy"":""Discovery only; no product should be promoted from this source alone.""}"
SRC015,Ultraflex Tracheobronchial Uncovered Stent System - Boston Scientific.pdf,Source manifest,0,"{""title"":""Ultraflex Tracheobronchial Stent System manufacturer product page"",""publisher"":""Boston Scientific"",""revision_date"":""Captured 2025-06-26"",""as_of_date"":""2025-06-26"",""use_policy"":""Eligible for prototype dropdown for exact order numbers shown; reverify current IFU and availability before production.""}"
SRC016,Y-Stent-Brochure-2022.pdf,Source manifest,0,"{""title"":""Y-Shaped Tracheal Stent brochure"",""publisher"":""Micro-Tech Endoscopy / Thoracent"",""revision_date"":""Rev. 8.22"",""as_of_date"":""2022-08"",""use_policy"":""Exact TT-series order numbers are eligible for prototype use, but U.S. regulatory/current commercial status must be reverified before production.""}"
SRC017,85100-165_Cables-and-adapters.pdf,Source manifest,0,"{""title"":""ERBE Connecting Cables and Adapters"",""publisher"":""Erbe Elektromedizin"",""revision_date"":""2024-05"",""as_of_date"":""2024-05"",""use_policy"":""Store exact part numbers for reference; hide from U.S. dropdown because the catalog explicitly states it is not intended for U.S. use.""}"
SRC018,85100-170_Cryosurgery.pdf,Source manifest,0,"{""title"":""ERBE Instruments and Accessories for Cryosurgery"",""publisher"":""Erbe Elektromedizin"",""revision_date"":""2023-10"",""as_of_date"":""2023-10"",""use_policy"":""Store exact part numbers for reference; hide from U.S. dropdown because the catalog explicitly states it is not intended for U.S. use.""}"
SRC019,85100-169_APC-accessories.pdf,Source manifest,0,"{""title"":""ERBE Instruments and Accessories for Argon Plasma Coagulation"",""publisher"":""Erbe Elektromedizin"",""revision_date"":""2025-06"",""as_of_date"":""2025-06"",""use_policy"":""Store exact part numbers for reference; hide from U.S. dropdown because the catalog explicitly states it is not intended for U.S. use.""}"
SRC020,cookmedical.docx,Source manifest,0,"{""title"":""Cook Medical Chest Tubes and Catheters for Pleural and Pericardial Drainage"",""publisher"":""Cook Medical"",""revision_date"":"""",""as_of_date"":"""",""use_policy"":""Product-family and SKU identity evidence may be stored; exact configuration remains hidden unless the uploaded source shows the complete order table.""}"
SRC021,Richard Wolfe.pdf,Source manifest,,"{""publisher"": ""Richard Wolf GmbH"", ""revision_date"": ""VI25"", ""title"": ""Richard Wolf Bronchoscopy / Thoracoscopy / Mediastinoscopy Catalog"", ""use_policy"": ""Exact model and accessory records may be used as source-backed candidates; U.S. availability must be reverified.""}"
SRC021,Richard Wolfe.pdf,p. 10,,"{""catalog_number"": ""82520.0641"", ""manufacturer"": ""Richard Wolf"", ""product_name"": ""TEXAS Bronchoscope Tube ID 9.2 mm"", ""size_display"": ""ID 9.2 mm; OD 11.4 mm; WL 305 mm"", ""spec_json"": {""inner_diameter_mm"": 9.2, ""outer_diameter_mm"": 11.4, ""working_length_mm"": 305}}"
SRC021,Richard Wolfe.pdf,p. 10,,"{""catalog_number"": ""82520.0841"", ""manufacturer"": ""Richard Wolf"", ""product_name"": ""TEXAS Bronchoscope Tube ID 11 mm"", ""size_display"": ""ID 11 mm; OD 13.2 mm; WL 310 mm"", ""spec_json"": {""inner_diameter_mm"": 11, ""outer_diameter_mm"": 13.2, ""working_length_mm"": 310}}"
SRC021,Richard Wolfe.pdf,p. 10,,"{""catalog_number"": ""82520.0842"", ""manufacturer"": ""Richard Wolf"", ""product_name"": ""TEXAS Bronchoscope Tube ID 11 mm, no distal viewing window"", ""size_display"": ""ID 11 mm; OD 13.2 mm; WL 310 mm"", ""spec_json"": {""inner_diameter_mm"": 11, ""outer_diameter_mm"": 13.2, ""working_length_mm"": 310}}"
SRC021,Richard Wolfe.pdf,p. 10,,"{""catalog_number"": ""82520.1041"", ""manufacturer"": ""Richard Wolf"", ""product_name"": ""TEXAS Bronchoscope Tube ID 13 mm"", ""size_display"": ""ID 13 mm; OD 15.2 mm; WL 318 mm"", ""spec_json"": {""inner_diameter_mm"": 13, ""outer_diameter_mm"": 15.2, ""working_length_mm"": 318}}"
SRC021,Richard Wolfe.pdf,p. 10,,"{""catalog_number"": ""82520.1241"", ""manufacturer"": ""Richard Wolf"", ""product_name"": ""TEXAS Tracheoscope Tube ID 15 mm"", ""size_display"": ""ID 15 mm; OD 17.2 mm; WL 325 mm"", ""spec_json"": {""inner_diameter_mm"": 15, ""outer_diameter_mm"": 17.2, ""working_length_mm"": 325}}"
SRC021,Richard Wolfe.pdf,p. 10,,"{""catalog_number"": ""82520.1441"", ""manufacturer"": ""Richard Wolf"", ""product_name"": ""TEXAS Tracheoscope Tube ID 17.1 mm"", ""size_display"": ""ID 17.1 mm; OD 19.3 mm; WL 330 mm"", ""spec_json"": {""inner_diameter_mm"": 17.1, ""outer_diameter_mm"": 19.3, ""working_length_mm"": 330}}"
SRC021,Richard Wolfe.pdf,p. 10,,"{""catalog_number"": ""825210830"", ""manufacturer"": ""Richard Wolf"", ""product_name"": ""TEXAS Tracheoscope Tube ID 11 mm"", ""size_display"": ""ID 11 mm; OD 13.2 mm; WL 295.5 mm"", ""spec_json"": {""inner_diameter_mm"": 11, ""outer_diameter_mm"": 13.2, ""working_length_mm"": 295.5}}"
SRC021,Richard Wolfe.pdf,p. 10,,"{""catalog_number"": ""825211030"", ""manufacturer"": ""Richard Wolf"", ""product_name"": ""TEXAS Tracheoscope Tube ID 13 mm"", ""size_display"": ""ID 13 mm; OD 15.2 mm; WL 300 mm"", ""spec_json"": {""inner_diameter_mm"": 13, ""outer_diameter_mm"": 15.2, ""working_length_mm"": 300}}"
SRC021,Richard Wolfe.pdf,p. 10,,"{""catalog_number"": ""825211230"", ""manufacturer"": ""Richard Wolf"", ""product_name"": ""TEXAS Tracheoscope Tube ID 15 mm"", ""size_display"": ""ID 15 mm; OD 17.2 mm; WL 300 mm"", ""spec_json"": {""inner_diameter_mm"": 15, ""outer_diameter_mm"": 17.2, ""working_length_mm"": 300}}"
SRC021,Richard Wolfe.pdf,p. 10,,"{""catalog_number"": ""825211430"", ""manufacturer"": ""Richard Wolf"", ""product_name"": ""TEXAS Tracheoscope Tube ID 17 mm"", ""size_display"": ""ID 17 mm; OD 19.3 mm; WL 300 mm"", ""spec_json"": {""inner_diameter_mm"": 17, ""outer_diameter_mm"": 19.3, ""working_length_mm"": 300}}"
SRC021,Richard Wolfe.pdf,p. 11,,"{""catalog_number"": ""2304.001"", ""manufacturer"": ""Richard Wolf"", ""product_name"": ""Motor Control Unit 2304"", ""size_display"": """", ""spec_json"": {}}"
SRC021,Richard Wolfe.pdf,p. 11,,"{""catalog_number"": ""2304.901"", ""manufacturer"": ""Richard Wolf"", ""product_name"": ""Two-Pedal Footswitch"", ""size_display"": """", ""spec_json"": {}}"
SRC021,Richard Wolfe.pdf,p. 11,,"{""catalog_number"": ""89951.0001"", ""manufacturer"": ""Richard Wolf"", ""product_name"": ""Motor Handpiece, max 3000 rpm"", ""size_display"": """", ""spec_json"": {}}"
SRC021,Richard Wolfe.pdf,p. 12,,"{""catalog_number"": ""825620446"", ""manufacturer"": ""Richard Wolf"", ""product_name"": ""Endobronchial Resector, Curved"", ""size_display"": ""OD 4.5 mm; WL 460 mm"", ""spec_json"": {}}"
SRC021,Richard Wolfe.pdf,p. 12,,"{""catalog_number"": ""825610446"", ""manufacturer"": ""Richard Wolf"", ""product_name"": ""Endobronchial Resector, Curved Smooth"", ""size_display"": ""OD 4.5 mm; WL 460 mm"", ""spec_json"": {}}"
SRC021,Richard Wolfe.pdf,p. 12,,"{""catalog_number"": ""825630546"", ""manufacturer"": ""Richard Wolf"", ""product_name"": ""Endobronchial Resector, Aggressive"", ""size_display"": ""OD 5.5 mm; WL 460 mm"", ""spec_json"": {}}"
SRC021,Richard Wolfe.pdf,p. 12,,"{""catalog_number"": ""825640546"", ""manufacturer"": ""Richard Wolf"", ""product_name"": ""Endobronchial Secretion Remover"", ""size_display"": ""OD 5.5 mm; WL 448 mm"", ""spec_json"": {}}"
SRC021,Richard Wolfe.pdf,p. 12,,"{""catalog_number"": ""844202110"", ""manufacturer"": ""Richard Wolf"", ""product_name"": ""HF Coagulation Suction Tube"", ""size_display"": ""OD 5.2 mm; WL 460 mm"", ""spec_json"": {}}"
SRC021,Richard Wolfe.pdf,p. 13,,"{""catalog_number"": ""823400001"", ""manufacturer"": ""Richard Wolf"", ""product_name"": ""TipControl Articulated Biopsy Forceps"", ""size_display"": ""OD 5.2 mm; WL 483 mm"", ""spec_json"": {}}"
SRC021,Richard Wolfe.pdf,p. 13,,"{""catalog_number"": ""823400002"", ""manufacturer"": ""Richard Wolf"", ""product_name"": ""TipControl Articulated Grasping Forceps"", ""size_display"": ""OD 5.2 mm; WL 485 mm"", ""spec_json"": {}}"
SRC021,Richard Wolfe.pdf,p. 13,,"{""catalog_number"": ""823400003"", ""manufacturer"": ""Richard Wolf"", ""product_name"": ""TipControl Articulated Scissors"", ""size_display"": ""OD 5.2 mm; WL 482 mm"", ""spec_json"": {}}"
SRC021,Richard Wolfe.pdf,p. 14,,"{""catalog_number"": ""82340014"", ""manufacturer"": ""Richard Wolf"", ""product_name"": ""ERAGONbipolar Forceps Bundle"", ""size_display"": """", ""spec_json"": {}}"
SRC021,Richard Wolfe.pdf,p. 14,,"{""catalog_number"": ""82340024"", ""manufacturer"": ""Richard Wolf"", ""product_name"": ""ERAGONbipolar Jaw Insert"", ""size_display"": """", ""spec_json"": {}}"
SRC021,Richard Wolfe.pdf,p. 14,,"{""catalog_number"": ""839300102"", ""manufacturer"": ""Richard Wolf"", ""product_name"": ""ERAGONbipolar Sheath Tube 5.5 mm x 435 mm"", ""size_display"": ""Sheath OD 5.5 mm; length 435 mm"", ""spec_json"": {}}"
SRC021,Richard Wolfe.pdf,p. 14,,"{""catalog_number"": ""823400005"", ""manufacturer"": ""Richard Wolf"", ""product_name"": ""ERAGONbipolar Pistol Handle"", ""size_display"": """", ""spec_json"": {}}"
SRC021,Richard Wolfe.pdf,p. 15,,"{""catalog_number"": ""8214.0721"", ""manufacturer"": ""Richard Wolf"", ""product_name"": ""WOLF Bronchoscope Tube Bundle"", ""size_display"": ""ID 7.5 mm; OD 8.5 mm; WL 357 mm"", ""spec_json"": {""inner_diameter_mm"": 7.5, ""outer_diameter_mm"": 8.5, ""working_length_mm"": 357}}"
SRC021,Richard Wolfe.pdf,p. 15,,"{""catalog_number"": ""8214.0821"", ""manufacturer"": ""Richard Wolf"", ""product_name"": ""WOLF Bronchoscope Tube Bundle"", ""size_display"": ""ID 8.5 mm; OD 9.5 mm; WL 357 mm"", ""spec_json"": {""inner_diameter_mm"": 8.5, ""outer_diameter_mm"": 9.5, ""working_length_mm"": 357}}"
SRC021,Richard Wolfe.pdf,p. 15,,"{""catalog_number"": ""8214.0921"", ""manufacturer"": ""Richard Wolf"", ""product_name"": ""WOLF Bronchoscope Tube Bundle"", ""size_display"": ""ID 9.5 mm; OD 10.5 mm; WL 357 mm"", ""spec_json"": {""inner_diameter_mm"": 9.5, ""outer_diameter_mm"": 10.5, ""working_length_mm"": 357}}"
SRC021,Richard Wolfe.pdf,p. 15,,"{""catalog_number"": ""8214.1021"", ""manufacturer"": ""Richard Wolf"", ""product_name"": ""WOLF Bronchoscope Tube Bundle"", ""size_display"": ""ID 10.5 mm; OD 11.5 mm; WL 387 mm"", ""spec_json"": {""inner_diameter_mm"": 10.5, ""outer_diameter_mm"": 11.5, ""working_length_mm"": 387}}"
SRC021,Richard Wolfe.pdf,p. 16,,"{""catalog_number"": ""8214.0641"", ""manufacturer"": ""Richard Wolf"", ""product_name"": ""HEMER Bronchoscope Tube Bundle"", ""size_display"": ""ID 6.5 mm; OD 7.5 mm; WL 357 mm"", ""spec_json"": {""inner_diameter_mm"": 6.5, ""outer_diameter_mm"": 7.5, ""working_length_mm"": 357}}"
SRC021,Richard Wolfe.pdf,p. 16,,"{""catalog_number"": ""8214.0741"", ""manufacturer"": ""Richard Wolf"", ""product_name"": ""HEMER Bronchoscope Tube Bundle"", ""size_display"": ""ID 7.5 mm; OD 8.5 mm; WL 357 mm"", ""spec_json"": {""inner_diameter_mm"": 7.5, ""outer_diameter_mm"": 8.5, ""working_length_mm"": 357}}"
SRC021,Richard Wolfe.pdf,p. 16,,"{""catalog_number"": ""8214.0841"", ""manufacturer"": ""Richard Wolf"", ""product_name"": ""HEMER Bronchoscope Tube Bundle"", ""size_display"": ""ID 8.5 mm; OD 9.5 mm; WL 357 mm"", ""spec_json"": {""inner_diameter_mm"": 8.5, ""outer_diameter_mm"": 9.5, ""working_length_mm"": 357}}"
SRC021,Richard Wolfe.pdf,p. 16,,"{""catalog_number"": ""8214.0941"", ""manufacturer"": ""Richard Wolf"", ""product_name"": ""HEMER Bronchoscope Tube Bundle"", ""size_display"": ""ID 9.5 mm; OD 10.5 mm; WL 387 mm"", ""spec_json"": {""inner_diameter_mm"": 9.5, ""outer_diameter_mm"": 10.5, ""working_length_mm"": 387}}"
SRC021,Richard Wolfe.pdf,p. 16,,"{""catalog_number"": ""8214.1041"", ""manufacturer"": ""Richard Wolf"", ""product_name"": ""HEMER Bronchoscope Tube Bundle"", ""size_display"": ""ID 10.5 mm; OD 11.5 mm; WL 387 mm"", ""spec_json"": {""inner_diameter_mm"": 10.5, ""outer_diameter_mm"": 11.5, ""working_length_mm"": 387}}"
SRC021,Richard Wolfe.pdf,p. 16,,"{""catalog_number"": ""8214.1261"", ""manufacturer"": ""Richard Wolf"", ""product_name"": ""HEMER Bronchoscope Tube Bundle"", ""size_display"": ""ID 12 mm; OD 13 mm; WL 387 mm"", ""spec_json"": {""inner_diameter_mm"": 12, ""outer_diameter_mm"": 13, ""working_length_mm"": 387}}"
SRC021,Richard Wolfe.pdf,p. 17,,"{""catalog_number"": ""8214.1241"", ""manufacturer"": ""Richard Wolf"", ""product_name"": ""HEMER Tracheoscope Tube Bundle"", ""size_display"": ""ID 12 mm; OD 13 mm; WL 307 mm"", ""spec_json"": {""inner_diameter_mm"": 12, ""outer_diameter_mm"": 13, ""working_length_mm"": 307}}"
SRC021,Richard Wolfe.pdf,p. 17,,"{""catalog_number"": ""8214.1281"", ""manufacturer"": ""Richard Wolf"", ""product_name"": ""HEMER Tracheoscope Tube Bundle"", ""size_display"": ""ID 12 mm; OD 13 mm; WL 257 mm"", ""spec_json"": {""inner_diameter_mm"": 12, ""outer_diameter_mm"": 13, ""working_length_mm"": 257}}"
SRC021,Richard Wolfe.pdf,p. 17,,"{""catalog_number"": ""8214.1441"", ""manufacturer"": ""Richard Wolf"", ""product_name"": ""HEMER Tracheoscope Tube Bundle"", ""size_display"": ""ID 14 mm; OD 15 mm; WL 257 mm"", ""spec_json"": {""inner_diameter_mm"": 14, ""outer_diameter_mm"": 15, ""working_length_mm"": 257}}"
SRC021,Richard Wolfe.pdf,p. 18,,"{""catalog_number"": ""8205.12"", ""manufacturer"": ""Richard Wolf"", ""product_name"": ""Sealing Cap with Monitoring Window"", ""size_display"": """", ""spec_json"": {}}"
SRC021,Richard Wolfe.pdf,p. 18,,"{""catalog_number"": ""8205.13"", ""manufacturer"": ""Richard Wolf"", ""product_name"": ""Blue Sealing Cap"", ""size_display"": """", ""spec_json"": {}}"
SRC021,Richard Wolfe.pdf,p. 18,,"{""catalog_number"": ""8020.18"", ""manufacturer"": ""Richard Wolf"", ""product_name"": ""Bronchoscope Sealing Cap for 5.5 mm Telescope"", ""size_display"": """", ""spec_json"": {}}"
SRC021,Richard Wolfe.pdf,p. 18,,"{""catalog_number"": ""8021.18"", ""manufacturer"": ""Richard Wolf"", ""product_name"": ""Bronchoscope Sealing Cap for 4/3.4/2.7 mm Telescope"", ""size_display"": """", ""spec_json"": {}}"
SRC021,Richard Wolfe.pdf,p. 18,,"{""catalog_number"": ""8020.15"", ""manufacturer"": ""Richard Wolf"", ""product_name"": ""Universal Bronchoscope Cap"", ""size_display"": """", ""spec_json"": {}}"
SRC021,Richard Wolfe.pdf,p. 18,,"{""catalog_number"": ""8238.502"", ""manufacturer"": ""Richard Wolf"", ""product_name"": ""Jet Ventilation Respiration Adapter Bundle"", ""size_display"": """", ""spec_json"": {}}"
SRC021,Richard Wolfe.pdf,p. 18,,"{""catalog_number"": ""8238.5021"", ""manufacturer"": ""Richard Wolf"", ""product_name"": ""Jet Ventilation Respiration Adapter"", ""size_display"": """", ""spec_json"": {}}"
SRC021,Richard Wolfe.pdf,p. 18,,"{""catalog_number"": ""15401.071"", ""manufacturer"": ""Richard Wolf"", ""product_name"": ""Luer Connector"", ""size_display"": """", ""spec_json"": {}}"
SRC021,Richard Wolfe.pdf,p. 18,,"{""catalog_number"": ""8217.12"", ""manufacturer"": ""Richard Wolf"", ""product_name"": ""Illumination Insert"", ""size_display"": """", ""spec_json"": {}}"
SRC021,Richard Wolfe.pdf,p. 18,,"{""catalog_number"": ""8095.00"", ""manufacturer"": ""Richard Wolf"", ""product_name"": ""Endoscope-Side Light Cable Adapter"", ""size_display"": """", ""spec_json"": {}}"
SRC021,Richard Wolfe.pdf,p. 18,,"{""catalog_number"": ""8256.99"", ""manufacturer"": ""Richard Wolf"", ""product_name"": ""Sealing Plug 25 mm"", ""size_display"": """", ""spec_json"": {}}"
SRC021,Richard Wolfe.pdf,p. 19,,"{""catalog_number"": ""8464.30"", ""manufacturer"": ""Richard Wolf"", ""product_name"": ""PANOVIEW Telescope"", ""size_display"": ""0°; OD 3.4 mm; WL 378 mm"", ""spec_json"": {""direction_of_view_deg"": 0, ""outer_diameter_mm"": 3.4, ""working_length_mm"": 378}}"
SRC021,Richard Wolfe.pdf,p. 19,,"{""catalog_number"": ""82514.431"", ""manufacturer"": ""Richard Wolf"", ""product_name"": ""PANOVIEW PLUS Telescope"", ""size_display"": ""0°; OD 4.0 mm; WL 519 mm"", ""spec_json"": {""direction_of_view_deg"": 0, ""outer_diameter_mm"": 4.0, ""working_length_mm"": 519}}"
SRC021,Richard Wolfe.pdf,p. 19,,"{""catalog_number"": ""82514.433"", ""manufacturer"": ""Richard Wolf"", ""product_name"": ""PANOVIEW PLUS Telescope"", ""size_display"": ""30°; OD 4.0 mm; WL 519 mm"", ""spec_json"": {""direction_of_view_deg"": 30, ""outer_diameter_mm"": 4.0, ""working_length_mm"": 519}}"
SRC021,Richard Wolfe.pdf,p. 19,,"{""catalog_number"": ""8465.30"", ""manufacturer"": ""Richard Wolf"", ""product_name"": ""PANOVIEW Telescope"", ""size_display"": ""0°; OD 5.5 mm; WL 488 mm"", ""spec_json"": {""direction_of_view_deg"": 0, ""outer_diameter_mm"": 5.5, ""working_length_mm"": 488}}"
SRC021,Richard Wolfe.pdf,p. 19,,"{""catalog_number"": ""8465.32"", ""manufacturer"": ""Richard Wolf"", ""product_name"": ""PANOVIEW Telescope"", ""size_display"": ""30°; OD 5.5 mm; WL 489 mm"", ""spec_json"": {""direction_of_view_deg"": 30, ""outer_diameter_mm"": 5.5, ""working_length_mm"": 489}}"
SRC021,Richard Wolfe.pdf,p. 20,,"{""catalog_number"": ""8464.61"", ""manufacturer"": ""Richard Wolf"", ""product_name"": ""Optical Pike-Mouth Grasping Forceps"", ""size_display"": ""OD 3.5 mm; WL 359 mm"", ""spec_json"": {}}"
SRC021,Richard Wolfe.pdf,p. 20,,"{""catalog_number"": ""8464.63"", ""manufacturer"": ""Richard Wolf"", ""product_name"": ""Optical Double-Spoon Biopsy Forceps"", ""size_display"": ""OD 3.5 mm; WL 359 mm"", ""spec_json"": {}}"
SRC021,Richard Wolfe.pdf,p. 20,,"{""catalog_number"": ""8464.64"", ""manufacturer"": ""Richard Wolf"", ""product_name"": ""Optical Retrograde Biopsy Forceps"", ""size_display"": ""OD 3.5 mm; WL 359 mm"", ""spec_json"": {}}"
SRC021,Richard Wolfe.pdf,p. 20,,"{""catalog_number"": ""82530.0404"", ""manufacturer"": ""Richard Wolf"", ""product_name"": ""Optical Grasping Forceps, Straight"", ""size_display"": ""OD 3.4 mm; WL 358 mm"", ""spec_json"": {}}"
SRC021,Richard Wolfe.pdf,p. 20,,"{""catalog_number"": ""82530.0405"", ""manufacturer"": ""Richard Wolf"", ""product_name"": ""Optical Universal Forceps"", ""size_display"": ""OD 3.4 mm; WL 358 mm"", ""spec_json"": {}}"
SRC021,Richard Wolfe.pdf,p. 21,,"{""catalog_number"": ""8465.61"", ""manufacturer"": ""Richard Wolf"", ""product_name"": ""Optical Grasping Forceps"", ""size_display"": ""OD 5.6 mm; WL 473 mm"", ""spec_json"": {}}"
SRC021,Richard Wolfe.pdf,p. 21,,"{""catalog_number"": ""8465.63"", ""manufacturer"": ""Richard Wolf"", ""product_name"": ""Optical Biopsy Forceps, Straight"", ""size_display"": ""OD 5.6 mm; WL 472 mm"", ""spec_json"": {}}"
SRC021,Richard Wolfe.pdf,p. 21,,"{""catalog_number"": ""8465.64"", ""manufacturer"": ""Richard Wolf"", ""product_name"": ""Optical Retrograde Biopsy Forceps"", ""size_display"": ""OD 5.6 mm; WL 473 mm"", ""spec_json"": {}}"
SRC021,Richard Wolfe.pdf,p. 21,,"{""catalog_number"": ""82530.0701"", ""manufacturer"": ""Richard Wolf"", ""product_name"": ""Optical Biopsy Forceps, Curved Up"", ""size_display"": ""OD 4.1 mm; WL 500 mm"", ""spec_json"": {}}"
SRC021,Richard Wolfe.pdf,p. 21,,"{""catalog_number"": ""82530.0702"", ""manufacturer"": ""Richard Wolf"", ""product_name"": ""Optical Retrograde Biopsy Forceps"", ""size_display"": ""OD 4.1 mm; WL 498 mm"", ""spec_json"": {}}"
SRC021,Richard Wolfe.pdf,p. 22,,"{""catalog_number"": ""82530.0703"", ""manufacturer"": ""Richard Wolf"", ""product_name"": ""Optical Grasping Forceps, Curved Up"", ""size_display"": ""OD 4.1 mm; WL 500 mm"", ""spec_json"": {}}"
SRC021,Richard Wolfe.pdf,p. 22,,"{""catalog_number"": ""82530.0704"", ""manufacturer"": ""Richard Wolf"", ""product_name"": ""Optical Grasping Forceps, Straight"", ""size_display"": ""OD 4.1 mm; WL 504 mm"", ""spec_json"": {}}"
SRC021,Richard Wolfe.pdf,p. 22,,"{""catalog_number"": ""82530.0705"", ""manufacturer"": ""Richard Wolf"", ""product_name"": ""Optical Universal Forceps, Curved Up"", ""size_display"": ""OD 4.1 mm; WL 500 mm"", ""spec_json"": {}}"
SRC021,Richard Wolfe.pdf,p. 22,,"{""catalog_number"": ""8466.651"", ""manufacturer"": ""Richard Wolf"", ""product_name"": ""Optical Reichle Biopsy Forceps Bagger XL"", ""size_display"": ""OD 5.6 mm; WL 474 mm"", ""spec_json"": {}}"
SRC021,Richard Wolfe.pdf,p. 22,,"{""catalog_number"": ""8466.652"", ""manufacturer"": ""Richard Wolf"", ""product_name"": ""Optical Reichle Biopsy Forceps Bagger XXL"", ""size_display"": ""OD 5.6 mm; WL 478 mm"", ""spec_json"": {}}"
SRC021,Richard Wolfe.pdf,p. 23,,"{""catalog_number"": ""8466.653"", ""manufacturer"": ""Richard Wolf"", ""product_name"": ""Optical Reichle Grasping Forceps Grasper XXL"", ""size_display"": ""OD 4.1 mm; WL 479 mm"", ""spec_json"": {}}"
SRC021,Richard Wolfe.pdf,p. 23,,"{""catalog_number"": ""8466654"", ""manufacturer"": ""Richard Wolf"", ""product_name"": ""Optical Grasping Forceps Grasper 3XL"", ""size_display"": ""OD 5.7 mm; WL 482 mm"", ""spec_json"": {}}"
SRC021,Richard Wolfe.pdf,p. 23,,"{""catalog_number"": ""82530.0601"", ""manufacturer"": ""Richard Wolf"", ""product_name"": ""Optical Biopsy Forceps, Curved Up"", ""size_display"": ""OD 5.6 mm; WL 462 mm"", ""spec_json"": {}}"
SRC021,Richard Wolfe.pdf,p. 23,,"{""catalog_number"": ""82530.0602"", ""manufacturer"": ""Richard Wolf"", ""product_name"": ""Optical Retrograde Biopsy Forceps"", ""size_display"": ""OD 5.6 mm; WL 462 mm"", ""spec_json"": {}}"
SRC021,Richard Wolfe.pdf,p. 23,,"{""catalog_number"": ""82530.0604"", ""manufacturer"": ""Richard Wolf"", ""product_name"": ""Optical Grasping Forceps, Straight"", ""size_display"": ""OD 5.6 mm; WL 469 mm"", ""spec_json"": {}}"
SRC021,Richard Wolfe.pdf,p. 24,,"{""catalog_number"": ""82530.0605"", ""manufacturer"": ""Richard Wolf"", ""product_name"": ""Optical Universal Forceps"", ""size_display"": ""OD 5.6 mm; WL 464 mm"", ""spec_json"": {}}"
SRC021,Richard Wolfe.pdf,p. 25,,"{""catalog_number"": ""8280.41"", ""manufacturer"": ""Richard Wolf"", ""product_name"": ""Grasping Forceps, Serrated"", ""size_display"": ""WL 465 mm"", ""spec_json"": {}}"
SRC021,Richard Wolfe.pdf,p. 25,,"{""catalog_number"": ""8281.311"", ""manufacturer"": ""Richard Wolf"", ""product_name"": ""Foreign Body Grasping Forceps, Serrated"", ""size_display"": ""OD 3 mm; TL 450 mm"", ""spec_json"": {}}"
SRC021,Richard Wolfe.pdf,p. 25,,"{""catalog_number"": ""8280.42"", ""manufacturer"": ""Richard Wolf"", ""product_name"": ""Universal Forceps, Serrated"", ""size_display"": ""WL 465 mm"", ""spec_json"": {}}"
SRC021,Richard Wolfe.pdf,p. 25,,"{""catalog_number"": ""8280.43"", ""manufacturer"": ""Richard Wolf"", ""product_name"": ""Biopsy Forceps, Smooth"", ""size_display"": ""WL 460 mm"", ""spec_json"": {}}"
SRC021,Richard Wolfe.pdf,p. 25,,"{""catalog_number"": ""8282.33"", ""manufacturer"": ""Richard Wolf"", ""product_name"": ""Biopsy Forceps, Smooth"", ""size_display"": ""WL 335 mm"", ""spec_json"": {}}"
SRC021,Richard Wolfe.pdf,p. 25,,"{""catalog_number"": ""8280.44"", ""manufacturer"": ""Richard Wolf"", ""product_name"": ""Spoon Forceps, Smooth"", ""size_display"": ""WL 460 mm"", ""spec_json"": {}}"
SRC021,Richard Wolfe.pdf,p. 25,,"{""catalog_number"": ""8280.45"", ""manufacturer"": ""Richard Wolf"", ""product_name"": ""Tumor Forceps, Severing"", ""size_display"": ""WL 460 mm"", ""spec_json"": {}}"
SRC021,Richard Wolfe.pdf,p. 25,,"{""catalog_number"": ""8280.46"", ""manufacturer"": ""Richard Wolf"", ""product_name"": ""Rotation Forceps for Hard Foreign Bodies"", ""size_display"": ""WL 465 mm"", ""spec_json"": {}}"
SRC021,Richard Wolfe.pdf,p. 25,,"{""catalog_number"": ""8280.47"", ""manufacturer"": ""Richard Wolf"", ""product_name"": ""Grasping Forceps for Soft Foreign Bodies"", ""size_display"": ""WL 465 mm"", ""spec_json"": {}}"
SRC021,Richard Wolfe.pdf,p. 25,,"{""catalog_number"": ""8281.37"", ""manufacturer"": ""Richard Wolf"", ""product_name"": ""Grasping Forceps for Soft Foreign Bodies"", ""size_display"": ""WL 365 mm"", ""spec_json"": {}}"
SRC021,Richard Wolfe.pdf,p. 25,,"{""catalog_number"": ""8282.37"", ""manufacturer"": ""Richard Wolf"", ""product_name"": ""Grasping Forceps for Soft Foreign Bodies"", ""size_display"": ""WL 330 mm"", ""spec_json"": {}}"
SRC021,Richard Wolfe.pdf,p. 25,,"{""catalog_number"": ""8281.33"", ""manufacturer"": ""Richard Wolf"", ""product_name"": ""Biopsy Forceps"", ""size_display"": ""WL 360 mm"", ""spec_json"": {}}"
SRC021,Richard Wolfe.pdf,p. 26,,"{""catalog_number"": ""8291.45"", ""manufacturer"": ""Richard Wolf"", ""product_name"": ""Rigid Suction Tube, Central/Lateral Openings"", ""size_display"": ""OD 4 mm; WL 500 mm"", ""spec_json"": {}}"
SRC021,Richard Wolfe.pdf,p. 26,,"{""catalog_number"": ""8295.35"", ""manufacturer"": ""Richard Wolf"", ""product_name"": ""Cotton Swab"", ""size_display"": ""OD 3 mm; WL 350 mm"", ""spec_json"": {}}"
SRC021,Richard Wolfe.pdf,p. 26,,"{""catalog_number"": ""8295.50"", ""manufacturer"": ""Richard Wolf"", ""product_name"": ""Cotton Swab"", ""size_display"": ""OD 3 mm; WL 500 mm"", ""spec_json"": {}}"
SRC021,Richard Wolfe.pdf,p. 26,,"{""catalog_number"": ""8296.51"", ""manufacturer"": ""Richard Wolf"", ""product_name"": ""Cotton Applicator"", ""size_display"": ""OD 3.4 mm; WL 490 mm"", ""spec_json"": {}}"
SRC021,Richard Wolfe.pdf,p. 26,,"{""catalog_number"": ""412700"", ""manufacturer"": ""Richard Wolf"", ""product_name"": ""Hand Blower with Sterile Disposable Filter"", ""size_display"": ""TL 567 mm"", ""spec_json"": {}}"
SRC021,Richard Wolfe.pdf,p. 3,,"{""catalog_number"": ""7235011"", ""manufacturer"": ""Richard Wolf"", ""product_name"": ""Flexible 1-Channel Sensor Bronchoscope \""Slim\"""", ""size_display"": ""OD 3.3 mm; channel 1.5 mm; WL 680 mm"", ""spec_json"": {""angle_of_view"": ""90°"", ""angulation"": ""150° up/down"", ""channel_mm"": 1.5, ""outer_od_mm"": 3.3, ""working_length_mm"": 680}}"
SRC021,Richard Wolfe.pdf,p. 4,,"{""catalog_number"": ""55253011"", ""manufacturer"": ""Richard Wolf"", ""product_name"": ""ENDOCAM Logic 4K Camera Control Unit Bundle"", ""size_display"": ""4K camera control bundle"", ""spec_json"": {}}"
SRC021,Richard Wolfe.pdf,p. 43,,"{""catalog_number"": ""8920.4011"", ""manufacturer"": ""Richard Wolf"", ""product_name"": ""Mini Thoracoscope OR Endoscope Bundle"", ""size_display"": ""OD 5.5 mm; working channel 3.5 mm; SL 215 mm"", ""spec_json"": {""direction_of_view_deg"": 0, ""outer_diameter_mm"": 5.5, ""shaft_length_mm"": 215, ""working_channel_mm"": 3.5}}"
SRC021,Richard Wolfe.pdf,p. 44,,"{""catalog_number"": ""8913.60"", ""manufacturer"": ""Richard Wolf"", ""product_name"": ""Optical Thoracoscopy Grasping Forceps"", ""size_display"": ""OD 7 mm; WL 281 mm"", ""spec_json"": {}}"
SRC021,Richard Wolfe.pdf,p. 5,,"{""catalog_number"": ""828.651"", ""manufacturer"": ""Richard Wolf"", ""product_name"": ""Flexible Grasping Forceps"", ""size_display"": ""OD 1.0 mm; WL 920 mm"", ""spec_json"": {}}"
SRC021,Richard Wolfe.pdf,p. 5,,"{""catalog_number"": ""829.601"", ""manufacturer"": ""Richard Wolf"", ""product_name"": ""Flexible Biopsy Forceps"", ""size_display"": ""OD 1.0 mm; WL 920 mm"", ""spec_json"": {}}"
SRC021,Richard Wolfe.pdf,p. 5,,"{""catalog_number"": ""15114175"", ""manufacturer"": ""Richard Wolf"", ""product_name"": ""Biopsy Valve Receptacle"", ""size_display"": """", ""spec_json"": {}}"
SRC021,Richard Wolfe.pdf,p. 5,,"{""catalog_number"": ""15114.052"", ""manufacturer"": ""Richard Wolf"", ""product_name"": ""Sealing Valve Bundle (20 pcs)"", ""size_display"": """", ""spec_json"": {}}"
SRC021,Richard Wolfe.pdf,p. 5,,"{""catalog_number"": ""8290020"", ""manufacturer"": ""Richard Wolf"", ""product_name"": ""Clamping Attachment"", ""size_display"": """", ""spec_json"": {}}"
SRC021,Richard Wolfe.pdf,p. 5,,"{""catalog_number"": ""15176173"", ""manufacturer"": ""Richard Wolf"", ""product_name"": ""Seal"", ""size_display"": """", ""spec_json"": {}}"
SRC021,Richard Wolfe.pdf,p. 5,,"{""catalog_number"": ""4565901M"", ""manufacturer"": ""Richard Wolf"", ""product_name"": ""Sterile Suction Valve (20 pcs)"", ""size_display"": """", ""spec_json"": {}}"
SRC021,Richard Wolfe.pdf,p. 5,,"{""catalog_number"": ""163912"", ""manufacturer"": ""Richard Wolf"", ""product_name"": ""Irrigation Adapter"", ""size_display"": """", ""spec_json"": {}}"
SRC021,Richard Wolfe.pdf,p. 5,,"{""catalog_number"": ""886.00"", ""manufacturer"": ""Richard Wolf"", ""product_name"": ""Tube with Luer-Lock Connector"", ""size_display"": """", ""spec_json"": {}}"
SRC021,Richard Wolfe.pdf,p. 5,,"{""catalog_number"": ""15023205"", ""manufacturer"": ""Richard Wolf"", ""product_name"": ""Luer Sealing Cap"", ""size_display"": """", ""spec_json"": {}}"
SRC021,Richard Wolfe.pdf,p. 5,,"{""catalog_number"": ""163.905"", ""manufacturer"": ""Richard Wolf"", ""product_name"": ""Automatic Leak Test Adapter"", ""size_display"": """", ""spec_json"": {}}"
SRC021,Richard Wolfe.pdf,p. 5,,"{""catalog_number"": ""163.903"", ""manufacturer"": ""Richard Wolf"", ""product_name"": ""Leak Tester"", ""size_display"": """", ""spec_json"": {}}"
SRC021,Richard Wolfe.pdf,p. 5,,"{""catalog_number"": ""163.904"", ""manufacturer"": ""Richard Wolf"", ""product_name"": ""Pressure Equalization Valve"", ""size_display"": """", ""spec_json"": {}}"
SRC021,Richard Wolfe.pdf,p. 5,,"{""catalog_number"": ""7990001"", ""manufacturer"": ""Richard Wolf"", ""product_name"": ""Cleaning Brush"", ""size_display"": """", ""spec_json"": {}}"
SRC021,Richard Wolfe.pdf,p. 5,,"{""catalog_number"": ""7980002"", ""manufacturer"": ""Richard Wolf"", ""product_name"": ""Cleaning Brush"", ""size_display"": """", ""spec_json"": {}}"
SRC021,Richard Wolfe.pdf,p. 5,,"{""catalog_number"": ""8691"", ""manufacturer"": ""Richard Wolf"", ""product_name"": ""Cleaning Brush"", ""size_display"": """", ""spec_json"": {}}"
SRC021,Richard Wolfe.pdf,p. 52,,"{""catalog_number"": ""8379.672"", ""manufacturer"": ""Richard Wolf"", ""product_name"": ""Surgical Probe"", ""size_display"": ""OD 3.5 mm; WL 350 mm"", ""spec_json"": {}}"
SRC021,Richard Wolfe.pdf,p. 52,,"{""catalog_number"": ""8383.66"", ""manufacturer"": ""Richard Wolf"", ""product_name"": ""Surgical Probe"", ""size_display"": ""OD 5 mm; WL 448 mm"", ""spec_json"": {}}"
SRC021,Richard Wolfe.pdf,p. 52,,"{""catalog_number"": ""8384.66"", ""manufacturer"": ""Richard Wolf"", ""product_name"": ""Surgical Probe"", ""size_display"": ""OD 5 mm; WL 328 mm"", ""spec_json"": {}}"
SRC021,Richard Wolfe.pdf,p. 6,,"{""catalog_number"": ""825101401"", ""manufacturer"": ""Richard Wolf"", ""product_name"": ""TEXAS Optic Element Bundle"", ""size_display"": """", ""spec_json"": {}}"
SRC021,Richard Wolfe.pdf,p. 6,,"{""catalog_number"": ""806625231"", ""manufacturer"": ""Richard Wolf"", ""product_name"": ""Fiber Light Cable Bundle, 2.5 mm x 2.3 m"", ""size_display"": ""2.5 mm x 2.3 m"", ""spec_json"": {}}"
SRC021,Richard Wolfe.pdf,pp. 15-17,,"{""catalog_number"": ""8215.714"", ""manufacturer"": ""Richard Wolf"", ""product_name"": ""Telescope Adapter"", ""size_display"": ""TL 94 mm"", ""spec_json"": {}}"
SRC021,Richard Wolfe.pdf,pp. 15-17,,"{""catalog_number"": ""8215.715"", ""manufacturer"": ""Richard Wolf"", ""product_name"": ""Telescope Adapter"", ""size_display"": ""TL 124 mm"", ""spec_json"": {}}"
SRC021,Richard Wolfe.pdf,pp. 15-17,,"{""catalog_number"": ""8215.716"", ""manufacturer"": ""Richard Wolf"", ""product_name"": ""Telescope Adapter"", ""size_display"": ""TL 174 mm"", ""spec_json"": {}}"
SRC021,Richard Wolfe.pdf,pp. 15-17,,"{""catalog_number"": ""8215.713"", ""manufacturer"": ""Richard Wolf"", ""product_name"": ""Telescope Adapter"", ""size_display"": ""TL 211 mm"", ""spec_json"": {}}"
SRC021,Richard Wolfe.pdf,pp. 44-48,,"{""catalog_number"": ""8650.414"", ""manufacturer"": ""Richard Wolf"", ""product_name"": ""PANOVIEW Thoracoscopy Telescope"", ""size_display"": ""OD 4 mm; WL 289 mm; 0°"", ""spec_json"": {""direction_of_view_deg"": 0, ""outer_diameter_mm"": 4, ""working_length_mm"": 289}}"
SRC021,Richard Wolfe.pdf,pp. 44-48,,"{""catalog_number"": ""8935.441"", ""manufacturer"": ""Richard Wolf"", ""product_name"": ""PANOVIEW Telescope"", ""size_display"": ""OD 5.3 mm; WL 303 mm; 0°"", ""spec_json"": {""direction_of_view_deg"": 0, ""outer_diameter_mm"": 5.3, ""working_length_mm"": 303}}"
SRC021,Richard Wolfe.pdf,pp. 44-48,,"{""catalog_number"": ""8935.442"", ""manufacturer"": ""Richard Wolf"", ""product_name"": ""PANOVIEW Telescope"", ""size_display"": ""OD 5.3 mm; WL 303 mm; 30°"", ""spec_json"": {""direction_of_view_deg"": 30, ""outer_diameter_mm"": 5.3, ""working_length_mm"": 303}}"
SRC021,Richard Wolfe.pdf,pp. 44-48,,"{""catalog_number"": ""8935.443"", ""manufacturer"": ""Richard Wolf"", ""product_name"": ""PANOVIEW Telescope"", ""size_display"": ""OD 5.3 mm; WL 309 mm; 50°"", ""spec_json"": {""direction_of_view_deg"": 50, ""outer_diameter_mm"": 5.3, ""working_length_mm"": 309}}"
SRC021,Richard Wolfe.pdf,pp. 44-48,,"{""catalog_number"": ""8935461"", ""manufacturer"": ""Richard Wolf"", ""product_name"": ""PANOVIEW ULTRA Telescope"", ""size_display"": ""OD 5.5 mm; WL 300 mm; 0°"", ""spec_json"": {""direction_of_view_deg"": 0, ""outer_diameter_mm"": 5.5, ""working_length_mm"": 300}}"
SRC021,Richard Wolfe.pdf,pp. 44-48,,"{""catalog_number"": ""8935462"", ""manufacturer"": ""Richard Wolf"", ""product_name"": ""PANOVIEW ULTRA Telescope"", ""size_display"": ""OD 5.5 mm; WL 300 mm; 30°"", ""spec_json"": {""direction_of_view_deg"": 30, ""outer_diameter_mm"": 5.5, ""working_length_mm"": 300}}"
SRC021,Richard Wolfe.pdf,pp. 44-48,,"{""catalog_number"": ""89354416"", ""manufacturer"": ""Richard Wolf"", ""product_name"": ""PANOVIEW ULTRA Telescope"", ""size_display"": ""OD 5.5 mm; WL 430 mm; 0°"", ""spec_json"": {""direction_of_view_deg"": 0, ""outer_diameter_mm"": 5.5, ""working_length_mm"": 430}}"
SRC021,Richard Wolfe.pdf,pp. 44-48,,"{""catalog_number"": ""89354426"", ""manufacturer"": ""Richard Wolf"", ""product_name"": ""PANOVIEW ULTRA Telescope"", ""size_display"": ""OD 5.5 mm; WL 430 mm; 30°"", ""spec_json"": {""direction_of_view_deg"": 30, ""outer_diameter_mm"": 5.5, ""working_length_mm"": 430}}"
SRC021,Richard Wolfe.pdf,pp. 44-48,,"{""catalog_number"": ""8933.431"", ""manufacturer"": ""Richard Wolf"", ""product_name"": ""PANOVIEW PLUS Telescope"", ""size_display"": ""OD 7 mm; WL 297 mm; 0°"", ""spec_json"": {""direction_of_view_deg"": 0, ""outer_diameter_mm"": 7, ""working_length_mm"": 297}}"
SRC021,Richard Wolfe.pdf,pp. 44-48,,"{""catalog_number"": ""8933.432"", ""manufacturer"": ""Richard Wolf"", ""product_name"": ""PANOVIEW Telescope"", ""size_display"": ""OD 7 mm; WL 297 mm; 30°"", ""spec_json"": {""direction_of_view_deg"": 30, ""outer_diameter_mm"": 7, ""working_length_mm"": 297}}"
SRC021,Richard Wolfe.pdf,pp. 44-48,,"{""catalog_number"": ""8933.433"", ""manufacturer"": ""Richard Wolf"", ""product_name"": ""PANOVIEW Telescope"", ""size_display"": ""OD 7 mm; WL 300 mm; 50°"", ""spec_json"": {""direction_of_view_deg"": 50, ""outer_diameter_mm"": 7, ""working_length_mm"": 300}}"
SRC021,Richard Wolfe.pdf,pp. 44-48,,"{""catalog_number"": ""8934.431"", ""manufacturer"": ""Richard Wolf"", ""product_name"": ""PANOVIEW Telescope"", ""size_display"": ""OD 10 mm; WL 307 mm; 0°"", ""spec_json"": {""direction_of_view_deg"": 0, ""outer_diameter_mm"": 10, ""working_length_mm"": 307}}"
SRC021,Richard Wolfe.pdf,pp. 44-48,,"{""catalog_number"": ""8934.432"", ""manufacturer"": ""Richard Wolf"", ""product_name"": ""PANOVIEW Telescope"", ""size_display"": ""OD 10 mm; WL 307 mm; 30°"", ""spec_json"": {""direction_of_view_deg"": 30, ""outer_diameter_mm"": 10, ""working_length_mm"": 307}}"
SRC021,Richard Wolfe.pdf,pp. 44-48,,"{""catalog_number"": ""8934.433"", ""manufacturer"": ""Richard Wolf"", ""product_name"": ""PANOVIEW Telescope"", ""size_display"": ""OD 10 mm; WL 310 mm; 50°"", ""spec_json"": {""direction_of_view_deg"": 50, ""outer_diameter_mm"": 10, ""working_length_mm"": 310}}"
SRC021,Richard Wolfe.pdf,pp. 44-48,,"{""catalog_number"": ""8934.4424"", ""manufacturer"": ""Richard Wolf"", ""product_name"": ""PANOVIEW PLUS Telescope"", ""size_display"": ""OD 10 mm; WL 438 mm; 25°"", ""spec_json"": {""direction_of_view_deg"": 25, ""outer_diameter_mm"": 10, ""working_length_mm"": 438}}"
SRC021,Richard Wolfe.pdf,pp. 44-48,,"{""catalog_number"": ""8934.4434"", ""manufacturer"": ""Richard Wolf"", ""product_name"": ""PANOVIEW PLUS Telescope"", ""size_display"": ""OD 10 mm; WL 447 mm; 50°"", ""spec_json"": {""direction_of_view_deg"": 50, ""outer_diameter_mm"": 10, ""working_length_mm"": 447}}"
SRC021,Richard Wolfe.pdf,pp. 49-51,,"{""catalog_number"": ""8919.331"", ""manufacturer"": ""Richard Wolf"", ""product_name"": ""Trocar Sleeve with Membrane Valve"", ""size_display"": ""Capacity 5.5 mm; WL 62 mm"", ""spec_json"": {}}"
SRC021,Richard Wolfe.pdf,pp. 49-51,,"{""catalog_number"": ""8919.333"", ""manufacturer"": ""Richard Wolf"", ""product_name"": ""Trocar Sleeve with Stopcock"", ""size_display"": ""Capacity 5.5 mm; WL 62 mm"", ""spec_json"": {}}"
SRC021,Richard Wolfe.pdf,pp. 49-51,,"{""catalog_number"": ""8919.351"", ""manufacturer"": ""Richard Wolf"", ""product_name"": ""Trocar Sleeve with Membrane Valve"", ""size_display"": ""Capacity 5.5 mm; WL 102 mm"", ""spec_json"": {}}"
SRC021,Richard Wolfe.pdf,pp. 49-51,,"{""catalog_number"": ""8919.353"", ""manufacturer"": ""Richard Wolf"", ""product_name"": ""Trocar Sleeve with Stopcock"", ""size_display"": ""Capacity 5.5 mm; WL 102 mm"", ""spec_json"": {}}"
SRC021,Richard Wolfe.pdf,pp. 49-51,,"{""catalog_number"": ""8905.331"", ""manufacturer"": ""Richard Wolf"", ""product_name"": ""Trocar Sleeve with Membrane Valve"", ""size_display"": ""Capacity 5.8 mm; WL 62 mm"", ""spec_json"": {}}"
SRC021,Richard Wolfe.pdf,pp. 49-51,,"{""catalog_number"": ""8905.351"", ""manufacturer"": ""Richard Wolf"", ""product_name"": ""Trocar Sleeve with Membrane Valve"", ""size_display"": ""Capacity 5.8 mm; WL 102 mm"", ""spec_json"": {}}"
SRC021,Richard Wolfe.pdf,pp. 49-51,,"{""catalog_number"": ""8906.051"", ""manufacturer"": ""Richard Wolf"", ""product_name"": ""Trocar Sleeve with Rubber Cap"", ""size_display"": ""Capacity 5.7 mm; WL 60 mm"", ""spec_json"": {}}"
SRC021,Richard Wolfe.pdf,pp. 49-51,,"{""catalog_number"": ""8906.001"", ""manufacturer"": ""Richard Wolf"", ""product_name"": ""Flexible Trocar Sleeve"", ""size_display"": ""Capacity 7 mm; WL 74 mm"", ""spec_json"": {}}"
SRC021,Richard Wolfe.pdf,pp. 49-51,,"{""catalog_number"": ""8906.011"", ""manufacturer"": ""Richard Wolf"", ""product_name"": ""Flexible Trocar Sleeve"", ""size_display"": ""Capacity 10 mm; WL 56 mm"", ""spec_json"": {}}"
SRC021,Richard Wolfe.pdf,pp. 49-51,,"{""catalog_number"": ""8906.031"", ""manufacturer"": ""Richard Wolf"", ""product_name"": ""Flexible Trocar Sleeve"", ""size_display"": ""Capacity 12.5 mm; WL 57 mm"", ""spec_json"": {}}"
SRC021,Richard Wolfe.pdf,pp. 49-51,,"{""catalog_number"": ""8906.081"", ""manufacturer"": ""Richard Wolf"", ""product_name"": ""Stainless Steel Trocar Sleeve"", ""size_display"": ""Capacity 13.6 x 18 mm; WL 56 mm"", ""spec_json"": {}}"
SRC021,Richard Wolfe.pdf,pp. 49-51,,"{""catalog_number"": ""8923.014"", ""manufacturer"": ""Richard Wolf"", ""product_name"": ""RIWO-ART Straight Trocar Sleeve"", ""size_display"": ""Capacity 10 mm; WL 100 mm"", ""spec_json"": {}}"
SRC021,Richard Wolfe.pdf,pp. 49-51,,"{""catalog_number"": ""8923.013"", ""manufacturer"": ""Richard Wolf"", ""product_name"": ""RIWO-ART Slanted Trocar Sleeve"", ""size_display"": ""Capacity 10 mm; WL 100 mm"", ""spec_json"": {}}"
SRC021,Richard Wolfe.pdf,pp. 49-51,,"{""catalog_number"": ""8923.024"", ""manufacturer"": ""Richard Wolf"", ""product_name"": ""RIWO-ART Straight Trocar Sleeve with Thread"", ""size_display"": ""Capacity 10 mm; WL 100 mm"", ""spec_json"": {}}"
SRC021,Richard Wolfe.pdf,pp. 49-51,,"{""catalog_number"": ""8923.023"", ""manufacturer"": ""Richard Wolf"", ""product_name"": ""RIWO-ART Slanted Trocar Sleeve with Thread"", ""size_display"": ""Capacity 10 mm; WL 100 mm"", ""spec_json"": {}}"
SRC021,Richard Wolfe.pdf,pp. 49-51,,"{""catalog_number"": ""8923.016"", ""manufacturer"": ""Richard Wolf"", ""product_name"": ""RIWO-ART Straight Trocar Sleeve"", ""size_display"": ""Capacity 10 mm; WL 150 mm"", ""spec_json"": {}}"
SRC021,Richard Wolfe.pdf,pp. 49-51,,"{""catalog_number"": ""8923.026"", ""manufacturer"": ""Richard Wolf"", ""product_name"": ""RIWO-ART Straight Trocar Sleeve with Thread"", ""size_display"": ""Capacity 10 mm; WL 150 mm"", ""spec_json"": {}}"
SRC021,Richard Wolfe.pdf,pp. 53-55,,"{""catalog_number"": ""8242.651"", ""manufacturer"": ""Richard Wolf"", ""product_name"": ""Vessel Clamp, Curved Left"", ""size_display"": ""OD 5 mm; WL 260 mm"", ""spec_json"": {}}"
SRC021,Richard Wolfe.pdf,pp. 53-55,,"{""catalog_number"": ""8242.652"", ""manufacturer"": ""Richard Wolf"", ""product_name"": ""Vessel Clamp, Curved Right"", ""size_display"": ""OD 5 mm; WL 260 mm"", ""spec_json"": {}}"
SRC021,Richard Wolfe.pdf,pp. 53-55,,"{""catalog_number"": ""8242.601"", ""manufacturer"": ""Richard Wolf"", ""product_name"": ""Parenchyma Forceps, Curved Left"", ""size_display"": ""OD 5 mm; WL 270 mm"", ""spec_json"": {}}"
SRC021,Richard Wolfe.pdf,pp. 53-55,,"{""catalog_number"": ""8242.602"", ""manufacturer"": ""Richard Wolf"", ""product_name"": ""Parenchyma Forceps, Curved Right"", ""size_display"": ""OD 5 mm; WL 270 mm"", ""spec_json"": {}}"
SRC021,Richard Wolfe.pdf,pp. 53-55,,"{""catalog_number"": ""8242.603"", ""manufacturer"": ""Richard Wolf"", ""product_name"": ""Parenchyma Forceps 50 mm, Curved Left"", ""size_display"": ""OD 5 mm; WL 280 mm"", ""spec_json"": {}}"
SRC021,Richard Wolfe.pdf,pp. 53-55,,"{""catalog_number"": ""8242.604"", ""manufacturer"": ""Richard Wolf"", ""product_name"": ""Parenchyma Forceps 50 mm, Curved Right"", ""size_display"": ""OD 5 mm; WL 280 mm"", ""spec_json"": {}}"
SRC021,Richard Wolfe.pdf,pp. 53-55,,"{""catalog_number"": ""8242.611"", ""manufacturer"": ""Richard Wolf"", ""product_name"": ""Lung Grasping Forceps, Angled"", ""size_display"": ""OD 5 mm; WL 270 mm"", ""spec_json"": {}}"
SRC021,Richard Wolfe.pdf,pp. 53-55,,"{""catalog_number"": ""8243.603"", ""manufacturer"": ""Richard Wolf"", ""product_name"": ""Parenchyma Grasping Forceps, Straight"", ""size_display"": ""OD 7 mm; WL 270 mm"", ""spec_json"": {}}"
SRC021,Richard Wolfe.pdf,pp. 53-55,,"{""catalog_number"": ""8243.604"", ""manufacturer"": ""Richard Wolf"", ""product_name"": ""Parenchyma Grasping Forceps, Curved"", ""size_display"": ""OD 7 mm; WL 264 mm"", ""spec_json"": {}}"
SRC021,Richard Wolfe.pdf,pp. 53-55,,"{""catalog_number"": ""8243.711"", ""manufacturer"": ""Richard Wolf"", ""product_name"": ""Bypass Forceps, Jaw Curved Left"", ""size_display"": ""OD 7 mm; WL 400 mm"", ""spec_json"": {}}"
SRC021,Richard Wolfe.pdf,pp. 53-55,,"{""catalog_number"": ""8243.403"", ""manufacturer"": ""Richard Wolf"", ""product_name"": ""Thoracoscopy Scissors, Straight"", ""size_display"": ""OD 6.5 mm; WL 260 mm"", ""spec_json"": {}}"
SRC021,Richard Wolfe.pdf,pp. 53-55,,"{""catalog_number"": ""8243.404"", ""manufacturer"": ""Richard Wolf"", ""product_name"": ""Thoracoscopy Scissors, Curved"", ""size_display"": ""OD 7 mm; WL 260 mm"", ""spec_json"": {}}"
SRC021,Richard Wolfe.pdf,pp. 53-55,,"{""catalog_number"": ""8243.701"", ""manufacturer"": ""Richard Wolf"", ""product_name"": ""Thoracoscopy Tissue Retractor"", ""size_display"": ""OD 6.5 mm; WL 330 mm"", ""spec_json"": {}}"
SRC021,Richard Wolfe.pdf,pp. 6-7,,"{""catalog_number"": ""825101100"", ""manufacturer"": ""Richard Wolf"", ""product_name"": ""TEXAS Distal Illumination Head System"", ""size_display"": """", ""spec_json"": {}}"
SRC021,Richard Wolfe.pdf,pp. 6-7,,"{""catalog_number"": ""825101200"", ""manufacturer"": ""Richard Wolf"", ""product_name"": ""TEXAS Proximal Illumination Head System"", ""size_display"": """", ""spec_json"": {}}"
SRC022,OAIGI0121CAT38678_RA.pdf,Source manifest,,"{""publisher"": ""Olympus America"", ""revision_date"": ""2021"", ""title"": ""Endoscopy Accessories Product Catalog"", ""use_policy"": ""Use exact catalog/model records as source-backed candidates; current commercial status requires recheck.""}"
SRC022,OAIGI0121CAT38678_RA.pdf,p. 2.02,,"{""catalog_number"": ""WM-NP3"", ""manufacturer"": ""Olympus"", ""product_name"": ""WM-NP3 Series Workstation"", ""size_display"": """", ""spec_json"": {}}"
SRC022,OAIGI0121CAT38678_RA.pdf,p. 2.04,,"{""catalog_number"": ""K10035361"", ""manufacturer"": ""Olympus"", ""product_name"": ""WM-NP3 Basic Workstation Configuration"", ""size_display"": """", ""spec_json"": {}}"
SRC022,OAIGI0121CAT38678_RA.pdf,p. 2.04,,"{""catalog_number"": ""K10035366"", ""manufacturer"": ""Olympus"", ""product_name"": ""WM-NP3 GI Standard Workstation Configuration"", ""size_display"": """", ""spec_json"": {}}"
SRC022,OAIGI0121CAT38678_RA.pdf,p. 2.04,,"{""catalog_number"": ""K10035371"", ""manufacturer"": ""Olympus"", ""product_name"": ""WM-NP3 Urology Workstation Configuration"", ""size_display"": """", ""spec_json"": {}}"
SRC022,OAIGI0121CAT38678_RA.pdf,p. 2.05,,"{""catalog_number"": ""WM-DP3"", ""manufacturer"": ""Olympus"", ""product_name"": ""WM-DP3 Series Workstation"", ""size_display"": """", ""spec_json"": {}}"
SRC022,OAIGI0121CAT38678_RA.pdf,p. 2.13,,"{""catalog_number"": ""K10029884"", ""manufacturer"": ""Olympus"", ""product_name"": ""TC-C4 Series Workstation Set"", ""size_display"": """", ""spec_json"": {}}"
SRC022,OAIGI0121CAT38678_RA.pdf,p. 2.13,,"{""catalog_number"": ""K10029889"", ""manufacturer"": ""Olympus"", ""product_name"": ""TC-C4 Series Workstation Set"", ""size_display"": """", ""spec_json"": {}}"
SRC022,OAIGI0121CAT38678_RA.pdf,p. 2.13,,"{""catalog_number"": ""K10029894"", ""manufacturer"": ""Olympus"", ""product_name"": ""TC-C4 Series Workstation Set"", ""size_display"": """", ""spec_json"": {}}"
SRC022,OAIGI0121CAT38678_RA.pdf,p. 2.13,,"{""catalog_number"": ""K10029899"", ""manufacturer"": ""Olympus"", ""product_name"": ""TC-C4 Series Workstation Set"", ""size_display"": """", ""spec_json"": {}}"
SRC022,OAIGI0121CAT38678_RA.pdf,p. 2.16,,"{""catalog_number"": ""K10030126"", ""manufacturer"": ""Olympus"", ""product_name"": ""TC-C3 Series Workstation Set"", ""size_display"": """", ""spec_json"": {}}"
SRC022,OAIGI0121CAT38678_RA.pdf,p. 2.16,,"{""catalog_number"": ""K10034675"", ""manufacturer"": ""Olympus"", ""product_name"": ""TC-C3 Series Workstation Set"", ""size_display"": """", ""spec_json"": {}}"
SRC022,OAIGI0121CAT38678_RA.pdf,p. 2.16,,"{""catalog_number"": ""K10030136"", ""manufacturer"": ""Olympus"", ""product_name"": ""TC-C3 Series Workstation Set"", ""size_display"": """", ""spec_json"": {}}"
SRC022,OAIGI0121CAT38678_RA.pdf,p. 2.16,,"{""catalog_number"": ""K10034676"", ""manufacturer"": ""Olympus"", ""product_name"": ""TC-C3 Series Workstation Set"", ""size_display"": """", ""spec_json"": {}}"
SRC022,OAIGI0121CAT38678_RA.pdf,p. 4.02,,"{""catalog_number"": ""OEV-262H"", ""manufacturer"": ""Olympus"", ""product_name"": ""OEV-262H 26-inch Medical Monitor"", ""size_display"": """", ""spec_json"": {}}"
SRC022,OAIGI0121CAT38678_RA.pdf,p. 6.02,,"{""catalog_number"": ""UCR"", ""manufacturer"": ""Olympus"", ""product_name"": ""UCR CO2 Regulation Unit"", ""size_display"": """", ""spec_json"": {}}"
SRC022,OAIGI0121CAT38678_RA.pdf,p. 6.04,,"{""catalog_number"": ""MAJ-1084"", ""manufacturer"": ""Olympus"", ""product_name"": ""UCR High-Pressure CO2 Hose"", ""size_display"": """", ""spec_json"": {}}"
SRC022,OAIGI0121CAT38678_RA.pdf,p. 6.04,,"{""catalog_number"": ""MAJ-1085"", ""manufacturer"": ""Olympus"", ""product_name"": ""UCR Low-Pressure CO2 Hose"", ""size_display"": """", ""spec_json"": {}}"
SRC022,OAIGI0121CAT38678_RA.pdf,p. 6.04,,"{""catalog_number"": ""MAJ-1080"", ""manufacturer"": ""Olympus"", ""product_name"": ""UCR Gas Cylinder Hose"", ""size_display"": """", ""spec_json"": {}}"
SRC022,OAIGI0121CAT38678_RA.pdf,p. 7.02,,"{""catalog_number"": ""OFP-2"", ""manufacturer"": ""Olympus"", ""product_name"": ""OFP-2 Flushing Pump"", ""size_display"": """", ""spec_json"": {}}"
SRC022,OAIGI0121CAT38678_RA.pdf,p. 7.04,,"{""catalog_number"": ""MAJ-1651"", ""manufacturer"": ""Olympus"", ""product_name"": ""OFP-2 Irrigation Tubing"", ""size_display"": """", ""spec_json"": {}}"
SRC022,OAIGI0121CAT38678_RA.pdf,p. 7.04,,"{""catalog_number"": ""MAJ-1652"", ""manufacturer"": ""Olympus"", ""product_name"": ""OFP-2 Irrigation Tubing"", ""size_display"": """", ""spec_json"": {}}"
SRC022,OAIGI0121CAT38678_RA.pdf,p. 7.05,,"{""catalog_number"": ""KV-6"", ""manufacturer"": ""Olympus"", ""product_name"": ""KV-6 Suction Pump"", ""size_display"": """", ""spec_json"": {}}"
SRC022,OAIGI0121CAT38678_RA.pdf,p. 7.07,,"{""catalog_number"": ""K10021882"", ""manufacturer"": ""Olympus"", ""product_name"": ""KV-6 Suction Tubing Set"", ""size_display"": """", ""spec_json"": {}}"
SRC022,OAIGI0121CAT38678_RA.pdf,p. 7.07,,"{""catalog_number"": ""K10021893"", ""manufacturer"": ""Olympus"", ""product_name"": ""KV-6 Suction Tubing Set"", ""size_display"": """", ""spec_json"": {}}"
SRC022,OAIGI0121CAT38678_RA.pdf,p. 7.08,,"{""catalog_number"": ""SSU-2"", ""manufacturer"": ""Olympus"", ""product_name"": ""SSU-2 Simple Suction Unit"", ""size_display"": """", ""spec_json"": {}}"
SRC022,OAIGI0121CAT38678_RA.pdf,p. 7.10,,"{""catalog_number"": ""K7505595"", ""manufacturer"": ""Olympus"", ""product_name"": ""SSU-2 Suction Tubing/Accessory"", ""size_display"": """", ""spec_json"": {}}"
SRC023,CC-BUSCALAM-EBSMP-EN-201407_1654867609049.pdf,Source manifest,,"{""publisher"": ""Cook Medical"", ""revision_date"": ""2014-07"", ""title"": ""Endobronchial Blocker Sets"", ""use_policy"": ""Use exact order numbers and compatibility dimensions as source-backed candidates; current availability requires recheck.""}"
SRC023,CC-BUSCALAM-EBSMP-EN-201407_1654867609049.pdf,p. 2,,"{""catalog_number"": ""G44109"", ""manufacturer"": ""Cook Medical"", ""product_name"": ""Arndt Endobronchial Blocker Set"", ""size_display"": ""5 Fr; ETT ≥ 4.5 mm; bronchoscope OD ≤ 2.8 mm"", ""spec_json"": {""average_balloon_inflation_volume"": ""0.5–2 mL"", ""balloon_configuration"": ""spherical"", ""blocker_fr"": 5.0, ""maximum_bronchoscope_od_mm"": 2.8, ""minimum_ett_id_mm"": 4.5, ""reference_part_number"": ""C-AEBS-5.0-50-SPH-AS""}}"
SRC023,CC-BUSCALAM-EBSMP-EN-201407_1654867609049.pdf,p. 2,,"{""catalog_number"": ""G44114"", ""manufacturer"": ""Cook Medical"", ""product_name"": ""Arndt Endobronchial Blocker Set"", ""size_display"": ""7 Fr; ETT ≥ 6 mm; bronchoscope OD ≤ 3.6 mm"", ""spec_json"": {""average_balloon_inflation_volume"": ""2–6 mL"", ""balloon_configuration"": ""spherical"", ""blocker_fr"": 7.0, ""maximum_bronchoscope_od_mm"": 3.6, ""minimum_ett_id_mm"": 6.0, ""reference_part_number"": ""C-AEBS-7.0-65-SPH-AS""}}"
SRC023,CC-BUSCALAM-EBSMP-EN-201407_1654867609049.pdf,p. 2,,"{""catalog_number"": ""G44120"", ""manufacturer"": ""Cook Medical"", ""product_name"": ""Arndt Endobronchial Blocker Set"", ""size_display"": ""9 Fr; ETT ≥ 7.5 mm; bronchoscope OD ≤ 4.2 mm"", ""spec_json"": {""average_balloon_inflation_volume"": ""4–8 mL"", ""balloon_configuration"": ""spherical"", ""blocker_fr"": 9.0, ""maximum_bronchoscope_od_mm"": 4.2, ""minimum_ett_id_mm"": 7.5, ""reference_part_number"": ""C-AEBS-9.0-78-SPH-AS""}}"
SRC023,CC-BUSCALAM-EBSMP-EN-201407_1654867609049.pdf,p. 3,,"{""catalog_number"": ""G44122"", ""manufacturer"": ""Cook Medical"", ""product_name"": ""Cohen Endobronchial Blocker Set"", ""size_display"": ""9 Fr; ETT ≥ 7 mm; bronchoscope OD ≤ 4.2 mm"", ""spec_json"": {""average_balloon_inflation_volume"": ""6–9 mL"", ""balloon_configuration"": ""spherical"", ""blocker_fr"": 9.0, ""maximum_bronchoscope_od_mm"": 4.2, ""minimum_ett_id_mm"": 7.0, ""reference_part_number"": ""C-AEBTS-9.0-65-SPH-AS""}}"
SRC024,CC-WF912959-EN-F_M3_1771864966276.pdf,Source manifest,,"{""publisher"": ""Cook Medical"", ""revision_date"": ""2026-01"", ""title"": ""EchoTip ProCore and EchoTip Ultra Endobronchial HD Ultrasound Needles"", ""use_policy"": ""Use exact current order numbers and compatibility details for prototype dropdowns, subject to IFU/formulary verification.""}"
SRC024,CC-WF912959-EN-F_M3_1771864966276.pdf,p. 2,,"{""catalog_number"": ""G52011"", ""manufacturer"": ""Cook Medical"", ""product_name"": ""EchoTip Endobronchial HD Ultrasound Needle"", ""size_display"": ""22G; 0–5 cm extension; 4.1 Fr sheath"", ""spec_json"": {""needle_extension_cm"": ""0-5"", ""needle_gauge"": 22, ""reference_part_number"": ""ECHO-HD-22-EBUS-O"", ""scope_connection"": ""Olympus EBUS scope with non-Luer metal hub"", ""sheath_fr"": 4.1, ""stylet_tip"": ""beveled""}}"
SRC024,CC-WF912959-EN-F_M3_1771864966276.pdf,p. 2,,"{""catalog_number"": ""G53408"", ""manufacturer"": ""Cook Medical"", ""product_name"": ""EchoTip Endobronchial HD Ultrasound Needle"", ""size_display"": ""22G; 0–5 cm extension; 4.1 Fr sheath"", ""spec_json"": {""needle_extension_cm"": ""0-5"", ""needle_gauge"": 22, ""reference_part_number"": ""ECHO-HD-22-EBUS-P"", ""scope_connection"": ""Pentax EBUS scope with Luer metal hub"", ""sheath_fr"": 4.1, ""stylet_tip"": ""beveled""}}"
SRC024,CC-WF912959-EN-F_M3_1771864966276.pdf,p. 2,,"{""catalog_number"": ""G24062"", ""manufacturer"": ""Cook Medical"", ""product_name"": ""EchoTip Endobronchial HD Ultrasound Needle"", ""size_display"": ""25G; 0–5 cm extension; 4.1 Fr sheath"", ""spec_json"": {""needle_extension_cm"": ""0-5"", ""needle_gauge"": 25, ""reference_part_number"": ""ECHO-HD-25-EBUS-O"", ""scope_connection"": ""Olympus EBUS scope with non-Luer metal hub"", ""sheath_fr"": 4.1, ""stylet_tip"": ""beveled""}}"
SRC024,CC-WF912959-EN-F_M3_1771864966276.pdf,p. 2,,"{""catalog_number"": ""G24061"", ""manufacturer"": ""Cook Medical"", ""product_name"": ""EchoTip Endobronchial HD Ultrasound Needle"", ""size_display"": ""25G; 0–5 cm extension; 4.1 Fr sheath"", ""spec_json"": {""needle_extension_cm"": ""0-5"", ""needle_gauge"": 25, ""reference_part_number"": ""ECHO-HD-25-EBUS-P"", ""scope_connection"": ""Pentax EBUS scope with Luer metal hub"", ""sheath_fr"": 4.1, ""stylet_tip"": ""beveled""}}"
SRC024,CC-WF912959-EN-F_M3_1771864966276.pdf,p. 2,,"{""catalog_number"": ""G34281"", ""manufacturer"": ""Cook Medical"", ""product_name"": ""EchoTip Endobronchial HD Ultrasound Needle"", ""size_display"": ""22G; 0–5 cm extension; 4.1 Fr sheath"", ""spec_json"": {""needle_extension_cm"": ""0-5"", ""needle_gauge"": 22, ""reference_part_number"": ""ECHO-HD-22-EBUS-O-C"", ""scope_connection"": ""Olympus EBUS scope with non-Luer metal hub"", ""sheath_fr"": 4.1, ""stylet_tip"": ""recessed ball tip""}}"
SRC024,CC-WF912959-EN-F_M3_1771864966276.pdf,p. 2,,"{""catalog_number"": ""G34279"", ""manufacturer"": ""Cook Medical"", ""product_name"": ""EchoTip Endobronchial HD Ultrasound Needle"", ""size_display"": ""22G; 0–5 cm extension; 4.1 Fr sheath"", ""spec_json"": {""needle_extension_cm"": ""0-5"", ""needle_gauge"": 22, ""reference_part_number"": ""ECHO-HD-22-EBUS-P-C"", ""scope_connection"": ""Pentax EBUS scope with Luer metal hub"", ""sheath_fr"": 4.1, ""stylet_tip"": ""recessed ball tip""}}"
SRC024,CC-WF912959-EN-F_M3_1771864966276.pdf,p. 2,,"{""catalog_number"": ""G34282"", ""manufacturer"": ""Cook Medical"", ""product_name"": ""EchoTip Endobronchial HD Ultrasound Needle"", ""size_display"": ""25G; 0–5 cm extension; 4.1 Fr sheath"", ""spec_json"": {""needle_extension_cm"": ""0-5"", ""needle_gauge"": 25, ""reference_part_number"": ""ECHO-HD-25-EBUS-O-C"", ""scope_connection"": ""Olympus EBUS scope with non-Luer metal hub"", ""sheath_fr"": 4.1, ""stylet_tip"": ""beveled""}}"
SRC024,CC-WF912959-EN-F_M3_1771864966276.pdf,p. 2,,"{""catalog_number"": ""G34280"", ""manufacturer"": ""Cook Medical"", ""product_name"": ""EchoTip Endobronchial HD Ultrasound Needle"", ""size_display"": ""25G; 0–5 cm extension; 4.1 Fr sheath"", ""spec_json"": {""needle_extension_cm"": ""0-5"", ""needle_gauge"": 25, ""reference_part_number"": ""ECHO-HD-25-EBUS-P-C"", ""scope_connection"": ""Pentax EBUS scope with Luer metal hub"", ""sheath_fr"": 4.1, ""stylet_tip"": ""beveled""}}"
SRC025,404900001EN.pdf,Source manifest,,"{""publisher"": ""Merit Medical"", ""revision_date"": ""2019-01-29"", ""title"": ""Aspira Pleural Drainage Catheter Instructions for Use"", ""use_policy"": ""Use for system identity, intended use, and component compatibility; exact commercial kit configuration comes from current ordering catalog.""}"
SRC026,RocketMedical-US-IPC-Sales-Brochure-Trifold-v14-web.pdf,Source manifest,,"{""publisher"": ""Rocket Medical"", ""revision_date"": ""2021-09-10"", ""title"": ""Rocket IPC U.S. Sales Brochure"", ""use_policy"": ""Use exact U.S. product codes and package quantities as source-backed candidates; current orderability must be rechecked.""}"
SRC026,RocketMedical-US-IPC-Sales-Brochure-Trifold-v14-web.pdf,p. 6,,"{""catalog_number"": ""R51401"", ""manufacturer"": ""Rocket Medical"", ""product_name"": ""Rocket IPC 2000 mL Drainage Bag & Dressing Pack"", ""size_display"": ""2000 mL"", ""spec_json"": {""component_type"": ""IPC drainage supply"", ""package"": ""5 per box"", ""system"": ""Rocket IPC""}}"
SRC026,RocketMedical-US-IPC-Sales-Brochure-Trifold-v14-web.pdf,p. 6,,"{""catalog_number"": ""R51400-16-PL"", ""manufacturer"": ""Rocket Medical"", ""product_name"": ""Rocket IPC Catheter Insertion Kit - Complete"", ""size_display"": """", ""spec_json"": {""component_type"": ""IPC insertion kit"", ""package"": ""5 per box"", ""system"": ""Rocket IPC""}}"
SRC026,RocketMedical-US-IPC-Sales-Brochure-Trifold-v14-web.pdf,p. 6,,"{""catalog_number"": ""R51400-16-00"", ""manufacturer"": ""Rocket Medical"", ""product_name"": ""Rocket IPC Catheter Insertion Kit - Drug Free"", ""size_display"": """", ""spec_json"": {""component_type"": ""IPC insertion kit"", ""package"": ""5 per box"", ""system"": ""Rocket IPC""}}"
SRC026,RocketMedical-US-IPC-Sales-Brochure-Trifold-v14-web.pdf,p. 6,,"{""catalog_number"": ""R51400-MI-PL"", ""manufacturer"": ""Rocket Medical"", ""product_name"": ""Rocket IPC Catheter Insertion Kit - Mini (VATS)"", ""size_display"": """", ""spec_json"": {""component_type"": ""IPC insertion kit"", ""package"": ""10 per box"", ""system"": ""Rocket IPC""}}"
SRC026,RocketMedical-US-IPC-Sales-Brochure-Trifold-v14-web.pdf,p. 6,,"{""catalog_number"": ""R51400"", ""manufacturer"": ""Rocket Medical"", ""product_name"": ""Rocket IPC 500 mL Vacuum Bottle & Dressing Pack"", ""size_display"": ""500 mL"", ""spec_json"": {""component_type"": ""IPC drainage supply"", ""package"": ""5 per box"", ""system"": ""Rocket IPC""}}"
SRC026,RocketMedical-US-IPC-Sales-Brochure-Trifold-v14-web.pdf,p. 6,,"{""catalog_number"": ""R51411"", ""manufacturer"": ""Rocket Medical"", ""product_name"": ""Rocket IPC 1000 mL Vacuum Bottle & Dressing Pack"", ""size_display"": ""1000 mL"", ""spec_json"": {""component_type"": ""IPC drainage supply"", ""package"": ""5 per box"", ""system"": ""Rocket IPC""}}"
SRC026,RocketMedical-US-IPC-Sales-Brochure-Trifold-v14-web.pdf,p. 6,,"{""catalog_number"": ""R51400-DP"", ""manufacturer"": ""Rocket Medical"", ""product_name"": ""Rocket IPC 500 mL Discharge Pack"", ""size_display"": ""500 mL"", ""spec_json"": {""component_type"": ""IPC drainage supply"", ""package"": ""1 per box (4 drainage kits)"", ""system"": ""Rocket IPC""}}"
SRC026,RocketMedical-US-IPC-Sales-Brochure-Trifold-v14-web.pdf,p. 6,,"{""catalog_number"": ""R51411-DP"", ""manufacturer"": ""Rocket Medical"", ""product_name"": ""Rocket IPC 1000 mL Discharge Pack"", ""size_display"": ""1000 mL"", ""spec_json"": {""component_type"": ""IPC drainage supply"", ""package"": ""1 per box (4 drainage kits)"", ""system"": ""Rocket IPC""}}"
SRC026,RocketMedical-US-IPC-Sales-Brochure-Trifold-v14-web.pdf,p. 6,,"{""catalog_number"": ""R51410"", ""manufacturer"": ""Rocket Medical"", ""product_name"": ""Rocket IPC 500 mL Vacuum Bottle Only"", ""size_display"": ""500 mL"", ""spec_json"": {""component_type"": ""IPC drainage supply"", ""package"": ""5 per box"", ""system"": ""Rocket IPC""}}"
SRC026,RocketMedical-US-IPC-Sales-Brochure-Trifold-v14-web.pdf,p. 6,,"{""catalog_number"": ""R51411-00-00"", ""manufacturer"": ""Rocket Medical"", ""product_name"": ""Rocket IPC 1000 mL Vacuum Bottle Only"", ""size_display"": ""1000 mL"", ""spec_json"": {""component_type"": ""IPC drainage supply"", ""package"": ""5 per box"", ""system"": ""Rocket IPC""}}"
SRC026,RocketMedical-US-IPC-Sales-Brochure-Trifold-v14-web.pdf,p. 6,,"{""catalog_number"": ""R54400-00-00"", ""manufacturer"": ""Rocket Medical"", ""product_name"": ""Rocket IPC Dressing Pack"", ""size_display"": """", ""spec_json"": {""component_type"": ""IPC dressing kit"", ""package"": ""5 per box"", ""system"": ""Rocket IPC""}}"
SRC026,RocketMedical-US-IPC-Sales-Brochure-Trifold-v14-web.pdf,p. 6,,"{""catalog_number"": ""R54410-00-CP"", ""manufacturer"": ""Rocket Medical"", ""product_name"": ""Rocket IPC Valve Cap"", ""size_display"": """", ""spec_json"": {""component_type"": ""IPC management accessory"", ""package"": ""10 per box"", ""system"": ""Rocket IPC""}}"
SRC026,RocketMedical-US-IPC-Sales-Brochure-Trifold-v14-web.pdf,p. 6,,"{""catalog_number"": ""R54410-00-DL"", ""manufacturer"": ""Rocket Medical"", ""product_name"": ""Rocket IPC Drainage Line"", ""size_display"": """", ""spec_json"": {""component_type"": ""IPC management accessory"", ""package"": ""10 per box"", ""system"": ""Rocket IPC""}}"
SRC026,RocketMedical-US-IPC-Sales-Brochure-Trifold-v14-web.pdf,p. 6,,"{""catalog_number"": ""R54410-WB-DL"", ""manufacturer"": ""Rocket Medical"", ""product_name"": ""Rocket IPC Wide-Bore Drainage Line"", ""size_display"": """", ""spec_json"": {""component_type"": ""IPC management accessory"", ""package"": ""10 per box"", ""system"": ""Rocket IPC""}}"
SRC026,RocketMedical-US-IPC-Sales-Brochure-Trifold-v14-web.pdf,p. 6,,"{""catalog_number"": ""R54410-00-VV"", ""manufacturer"": ""Rocket Medical"", ""product_name"": ""Rocket IPC Replacement Valve Kit"", ""size_display"": """", ""spec_json"": {""component_type"": ""IPC management accessory"", ""package"": ""10 per box"", ""system"": ""Rocket IPC""}}"
SRC026,RocketMedical-US-IPC-Sales-Brochure-Trifold-v14-web.pdf,p. 6,,"{""catalog_number"": ""R54400-00-RK"", ""manufacturer"": ""Rocket Medical"", ""product_name"": ""Rocket IPC Catheter Removal Kit"", ""size_display"": """", ""spec_json"": {""component_type"": ""IPC management accessory"", ""package"": ""5 per box"", ""system"": ""Rocket IPC""}}"
SRC026,RocketMedical-US-IPC-Sales-Brochure-Trifold-v14-web.pdf,p. 6,,"{""catalog_number"": ""R54410-16-11"", ""manufacturer"": ""Rocket Medical"", ""product_name"": ""Rocket IPC Split Sheath Dilator 11 cm x 16G"", ""size_display"": ""16G x 11 cm"", ""spec_json"": {""component_type"": ""IPC management accessory"", ""package"": ""10 per box"", ""system"": ""Rocket IPC""}}"
SRC026,RocketMedical-US-IPC-Sales-Brochure-Trifold-v14-web.pdf,p. 6,,"{""catalog_number"": ""R54410-16-17"", ""manufacturer"": ""Rocket Medical"", ""product_name"": ""Rocket IPC Split Sheath Dilator 17 cm x 16G"", ""size_display"": ""16G x 17 cm"", ""spec_json"": {""component_type"": ""IPC management accessory"", ""package"": ""10 per box"", ""system"": ""Rocket IPC""}}"
SRC027,405057001.pdf,Source manifest,,"{""publisher"": ""Merit Medical"", ""revision_date"": ""2024-04"", ""title"": ""Merit Endotek Pulmonary Product Catalog"", ""use_policy"": ""Use exact product codes, sizes, and package quantities for prototype dropdowns, subject to current IFU/formulary verification.""}"
SRC027,405057001.pdf,p. 11,,"{""catalog_number"": ""EN-AL6012"", ""manufacturer"": ""Merit Medical"", ""product_name"": ""BasixCompak Analog Inflation Device"", ""size_display"": ""12 atm; 60 mL"", ""spec_json"": {""max_pressure"": ""12 atm"", ""syringe_volume"": ""60 mL""}}"
SRC027,405057001.pdf,p. 11,,"{""catalog_number"": ""ENDO-AN6012"", ""manufacturer"": ""Merit Medical"", ""product_name"": ""BasixCompak Analog Inflation Device"", ""size_display"": ""12 atm; 60 mL"", ""spec_json"": {""max_pressure"": ""12 atm"", ""syringe_volume"": ""60 mL""}}"
SRC027,405057001.pdf,p. 11,,"{""catalog_number"": ""ENDO-AN2030"", ""manufacturer"": ""Merit Medical"", ""product_name"": ""BasixCompak Analog Inflation Device"", ""size_display"": ""30 atm; 20 mL"", ""spec_json"": {""max_pressure"": ""30 atm"", ""syringe_volume"": ""20 mL""}}"
SRC027,405057001.pdf,p. 11,,"{""catalog_number"": ""ENDO-DI2030"", ""manufacturer"": ""Merit Medical"", ""product_name"": ""BasixCompak Digital Inflation Device"", ""size_display"": ""30 atm; 20 mL"", ""spec_json"": {""max_pressure"": ""30 atm"", ""syringe_volume"": ""20 mL""}}"
SRC027,405057001.pdf,p. 12,,"{""catalog_number"": ""BRC-BAL-INT-FL"", ""manufacturer"": ""Merit Medical"", ""product_name"": ""BAL Convenience Kit - Luer Lock"", ""size_display"": """", ""spec_json"": {}}"
SRC027,405057001.pdf,p. 12,,"{""catalog_number"": ""BRC-BAL-INT-SL"", ""manufacturer"": ""Merit Medical"", ""product_name"": ""BAL Convenience Kit - Slip Tip"", ""size_display"": """", ""spec_json"": {}}"
SRC027,405057001.pdf,p. 12,,"{""catalog_number"": ""K08-03014"", ""manufacturer"": ""Merit Medical"", ""product_name"": ""BAL Anti-Reflux Tubing"", ""size_display"": """", ""spec_json"": {}}"
SRC027,405057001.pdf,p. 13,,"{""catalog_number"": ""ENDO-VAC20"", ""manufacturer"": ""Merit Medical"", ""product_name"": ""VacLok 20 mL Vacuum Pressure Syringe"", ""size_display"": ""20 mL; 4 positions"", ""spec_json"": {}}"
SRC027,405057001.pdf,p. 13,,"{""catalog_number"": ""ENDO-VAC20-SC"", ""manufacturer"": ""Merit Medical"", ""product_name"": ""VacLok 20 mL Vacuum Pressure Syringe with Stopcock"", ""size_display"": ""20 mL; 4 positions; stopcock"", ""spec_json"": {}}"
SRC027,405057001.pdf,p. 13,,"{""catalog_number"": ""ENDO-VAC30"", ""manufacturer"": ""Merit Medical"", ""product_name"": ""VacLok 30 mL Vacuum Pressure Syringe"", ""size_display"": ""30 mL; 6 positions"", ""spec_json"": {}}"
SRC027,405057001.pdf,p. 13,,"{""catalog_number"": ""ENDO-VAC30-SC"", ""manufacturer"": ""Merit Medical"", ""product_name"": ""VacLok 30 mL Vacuum Pressure Syringe with Stopcock"", ""size_display"": ""30 mL; 6 positions; stopcock"", ""spec_json"": {}}"
SRC027,405057001.pdf,p. 13,,"{""catalog_number"": ""ENDO-VAC60"", ""manufacturer"": ""Merit Medical"", ""product_name"": ""VacLok 60 mL Vacuum Pressure Syringe"", ""size_display"": ""60 mL; 6 positions"", ""spec_json"": {}}"
SRC027,405057001.pdf,p. 14,,"{""catalog_number"": ""4992506"", ""manufacturer"": ""Merit Medical"", ""product_name"": ""Aspira Pleural Drainage Catheter Insertion Tray Only"", ""size_display"": """", ""spec_json"": {""contents"": ""Insertion tray only"", ""system"": ""Aspira""}}"
SRC027,405057001.pdf,p. 14,,"{""catalog_number"": ""4992509"", ""manufacturer"": ""Merit Medical"", ""product_name"": ""Aspira Pleural Drainage System with 5 Bag Kits"", ""size_display"": """", ""spec_json"": {""contents"": ""Insertion tray + 5 bag kits/dressings"", ""system"": ""Aspira""}}"
SRC027,405057001.pdf,p. 14,,"{""catalog_number"": ""4992507"", ""manufacturer"": ""Merit Medical"", ""product_name"": ""Aspira Pleural Drainage System with 5 Bag Kits and 20 Vouchers"", ""size_display"": """", ""spec_json"": {""contents"": ""Insertion tray + 5 bag kits/dressings + 20 vouchers"", ""system"": ""Aspira""}}"
SRC027,405057001.pdf,p. 14,,"{""catalog_number"": ""4992508"", ""manufacturer"": ""Merit Medical"", ""product_name"": ""Aspira Pleural Drainage System with 20 Bag Kits"", ""size_display"": """", ""spec_json"": {""contents"": ""Insertion tray + 20 bag kits/dressings"", ""system"": ""Aspira""}}"
SRC027,405057001.pdf,p. 14,,"{""catalog_number"": ""4992504"", ""manufacturer"": ""Merit Medical"", ""product_name"": ""Aspira Pleural Drainage System with 4 Bottle Kits"", ""size_display"": """", ""spec_json"": {""contents"": ""Insertion tray + 4 bottle dressing kits"", ""system"": ""Aspira""}}"
SRC027,405057001.pdf,p. 14,,"{""catalog_number"": ""4992524"", ""manufacturer"": ""Merit Medical"", ""product_name"": ""Aspira Pleural Drainage System with 4 Bottle Kits and 20 Vouchers"", ""size_display"": """", ""spec_json"": {""contents"": ""Insertion tray + 4 bottle kits + 20 vouchers"", ""system"": ""Aspira""}}"
SRC027,405057001.pdf,p. 15,,"{""catalog_number"": ""K20T-00033"", ""manufacturer"": ""Merit Medical"", ""product_name"": ""Aspira Pulmonary Accessories Kit"", ""size_display"": """", ""spec_json"": {}}"
SRC027,405057001.pdf,p. 15,,"{""catalog_number"": ""4991503"", ""manufacturer"": ""Merit Medical"", ""product_name"": ""Aspira Dressing Kit"", ""size_display"": """", ""spec_json"": {}}"
SRC027,405057001.pdf,p. 15,,"{""catalog_number"": ""4992301"", ""manufacturer"": ""Merit Medical"", ""product_name"": ""Aspira 1000 mL Drainage Bag"", ""size_display"": """", ""spec_json"": {}}"
SRC027,405057001.pdf,p. 15,,"{""catalog_number"": ""ASP-4"", ""manufacturer"": ""Merit Medical"", ""product_name"": ""Aspira Drainage Bottle and Dressing Kit"", ""size_display"": """", ""spec_json"": {}}"
SRC027,405057001.pdf,p. 15,,"{""catalog_number"": ""ASP-10"", ""manufacturer"": ""Merit Medical"", ""product_name"": ""Aspira Drainage Bottle and Dressing Kit"", ""size_display"": """", ""spec_json"": {}}"
SRC027,405057001.pdf,p. 15,,"{""catalog_number"": ""4992305"", ""manufacturer"": ""Merit Medical"", ""product_name"": ""Aspira Luer Adapter"", ""size_display"": """", ""spec_json"": {}}"
SRC027,405057001.pdf,p. 15,,"{""catalog_number"": ""4992306"", ""manufacturer"": ""Merit Medical"", ""product_name"": ""Aspira Valved Repair Kit"", ""size_display"": """", ""spec_json"": {}}"
SRC027,405057001.pdf,p. 15,,"{""catalog_number"": ""4992307"", ""manufacturer"": ""Merit Medical"", ""product_name"": ""Aspira Universal Tubing Adapter"", ""size_display"": """", ""spec_json"": {}}"
SRC027,405057001.pdf,p. 15,,"{""catalog_number"": ""RTT14038MB"", ""manufacturer"": ""Merit Medical"", ""product_name"": ""ReSolve Thoracostomy Tray"", ""size_display"": ""14 Fr x 25 cm pigtail"", ""spec_json"": {}}"
SRC027,405057001.pdf,p. 5,,"{""catalog_number"": ""90129-201"", ""manufacturer"": ""Merit Medical"", ""product_name"": ""AERO Fully Covered Tracheobronchial Stent"", ""size_display"": ""18 mm x 40 mm; 22 Fr delivery system"", ""spec_json"": {""delivery_working_diameter_fr"": 22, ""delivery_working_length_cm"": 61, ""stent_diameter_mm"": 18, ""stent_length_mm"": 40}}"
SRC027,405057001.pdf,p. 5,,"{""catalog_number"": ""90129-202"", ""manufacturer"": ""Merit Medical"", ""product_name"": ""AERO Fully Covered Tracheobronchial Stent"", ""size_display"": ""18 mm x 60 mm; 22 Fr delivery system"", ""spec_json"": {""delivery_working_diameter_fr"": 22, ""delivery_working_length_cm"": 59, ""stent_diameter_mm"": 18, ""stent_length_mm"": 60}}"
SRC027,405057001.pdf,p. 5,,"{""catalog_number"": ""90129-203"", ""manufacturer"": ""Merit Medical"", ""product_name"": ""AERO Fully Covered Tracheobronchial Stent"", ""size_display"": ""18 mm x 80 mm; 22 Fr delivery system"", ""spec_json"": {""delivery_working_diameter_fr"": 22, ""delivery_working_length_cm"": 56, ""stent_diameter_mm"": 18, ""stent_length_mm"": 80}}"
SRC027,405057001.pdf,p. 5,,"{""catalog_number"": ""90129-204"", ""manufacturer"": ""Merit Medical"", ""product_name"": ""AERO Fully Covered Tracheobronchial Stent"", ""size_display"": ""16 mm x 40 mm; 22 Fr delivery system"", ""spec_json"": {""delivery_working_diameter_fr"": 22, ""delivery_working_length_cm"": 61, ""stent_diameter_mm"": 16, ""stent_length_mm"": 40}}"
SRC027,405057001.pdf,p. 5,,"{""catalog_number"": ""90129-205"", ""manufacturer"": ""Merit Medical"", ""product_name"": ""AERO Fully Covered Tracheobronchial Stent"", ""size_display"": ""16 mm x 60 mm; 22 Fr delivery system"", ""spec_json"": {""delivery_working_diameter_fr"": 22, ""delivery_working_length_cm"": 59, ""stent_diameter_mm"": 16, ""stent_length_mm"": 60}}"
SRC027,405057001.pdf,p. 5,,"{""catalog_number"": ""90129-206"", ""manufacturer"": ""Merit Medical"", ""product_name"": ""AERO Fully Covered Tracheobronchial Stent"", ""size_display"": ""16 mm x 80 mm; 22 Fr delivery system"", ""spec_json"": {""delivery_working_diameter_fr"": 22, ""delivery_working_length_cm"": 56, ""stent_diameter_mm"": 16, ""stent_length_mm"": 80}}"
SRC027,405057001.pdf,p. 5,,"{""catalog_number"": ""90129-207"", ""manufacturer"": ""Merit Medical"", ""product_name"": ""AERO Fully Covered Tracheobronchial Stent"", ""size_display"": ""10 mm x 20 mm; 16 Fr delivery system"", ""spec_json"": {""delivery_working_diameter_fr"": 16, ""delivery_working_length_cm"": 70, ""stent_diameter_mm"": 10, ""stent_length_mm"": 20}}"
SRC027,405057001.pdf,p. 5,,"{""catalog_number"": ""90129-208"", ""manufacturer"": ""Merit Medical"", ""product_name"": ""AERO Fully Covered Tracheobronchial Stent"", ""size_display"": ""10 mm x 30 mm; 16 Fr delivery system"", ""spec_json"": {""delivery_working_diameter_fr"": 16, ""delivery_working_length_cm"": 70, ""stent_diameter_mm"": 10, ""stent_length_mm"": 30}}"
SRC027,405057001.pdf,p. 5,,"{""catalog_number"": ""90129-209"", ""manufacturer"": ""Merit Medical"", ""product_name"": ""AERO Fully Covered Tracheobronchial Stent"", ""size_display"": ""10 mm x 40 mm; 16 Fr delivery system"", ""spec_json"": {""delivery_working_diameter_fr"": 16, ""delivery_working_length_cm"": 70, ""stent_diameter_mm"": 10, ""stent_length_mm"": 40}}"
SRC027,405057001.pdf,p. 5,,"{""catalog_number"": ""90129-210"", ""manufacturer"": ""Merit Medical"", ""product_name"": ""AERO Fully Covered Tracheobronchial Stent"", ""size_display"": ""12 mm x 20 mm; 16 Fr delivery system"", ""spec_json"": {""delivery_working_diameter_fr"": 16, ""delivery_working_length_cm"": 70, ""stent_diameter_mm"": 12, ""stent_length_mm"": 20}}"
SRC027,405057001.pdf,p. 5,,"{""catalog_number"": ""90129-211"", ""manufacturer"": ""Merit Medical"", ""product_name"": ""AERO Fully Covered Tracheobronchial Stent"", ""size_display"": ""12 mm x 30 mm; 16 Fr delivery system"", ""spec_json"": {""delivery_working_diameter_fr"": 16, ""delivery_working_length_cm"": 70, ""stent_diameter_mm"": 12, ""stent_length_mm"": 30}}"
SRC027,405057001.pdf,p. 5,,"{""catalog_number"": ""90129-212"", ""manufacturer"": ""Merit Medical"", ""product_name"": ""AERO Fully Covered Tracheobronchial Stent"", ""size_display"": ""12 mm x 40 mm; 16 Fr delivery system"", ""spec_json"": {""delivery_working_diameter_fr"": 16, ""delivery_working_length_cm"": 70, ""stent_diameter_mm"": 12, ""stent_length_mm"": 40}}"
SRC027,405057001.pdf,p. 5,,"{""catalog_number"": ""90129-213"", ""manufacturer"": ""Merit Medical"", ""product_name"": ""AERO Fully Covered Tracheobronchial Stent"", ""size_display"": ""14 mm x 20 mm; 16 Fr delivery system"", ""spec_json"": {""delivery_working_diameter_fr"": 16, ""delivery_working_length_cm"": 70, ""stent_diameter_mm"": 14, ""stent_length_mm"": 20}}"
SRC027,405057001.pdf,p. 5,,"{""catalog_number"": ""90129-214"", ""manufacturer"": ""Merit Medical"", ""product_name"": ""AERO Fully Covered Tracheobronchial Stent"", ""size_display"": ""14 mm x 30 mm; 16 Fr delivery system"", ""spec_json"": {""delivery_working_diameter_fr"": 16, ""delivery_working_length_cm"": 70, ""stent_diameter_mm"": 14, ""stent_length_mm"": 30}}"
SRC027,405057001.pdf,p. 5,,"{""catalog_number"": ""90129-215"", ""manufacturer"": ""Merit Medical"", ""product_name"": ""AERO Fully Covered Tracheobronchial Stent"", ""size_display"": ""14 mm x 40 mm; 16 Fr delivery system"", ""spec_json"": {""delivery_working_diameter_fr"": 16, ""delivery_working_length_cm"": 70, ""stent_diameter_mm"": 14, ""stent_length_mm"": 40}}"
SRC027,405057001.pdf,p. 5,,"{""catalog_number"": ""90129-216"", ""manufacturer"": ""Merit Medical"", ""product_name"": ""AERO Fully Covered Tracheobronchial Stent"", ""size_display"": ""20 mm x 40 mm; 22 Fr delivery system"", ""spec_json"": {""delivery_working_diameter_fr"": 22, ""delivery_working_length_cm"": 61, ""stent_diameter_mm"": 20, ""stent_length_mm"": 40}}"
SRC027,405057001.pdf,p. 5,,"{""catalog_number"": ""90129-217"", ""manufacturer"": ""Merit Medical"", ""product_name"": ""AERO Fully Covered Tracheobronchial Stent"", ""size_display"": ""20 mm x 60 mm; 22 Fr delivery system"", ""spec_json"": {""delivery_working_diameter_fr"": 22, ""delivery_working_length_cm"": 59, ""stent_diameter_mm"": 20, ""stent_length_mm"": 60}}"
SRC027,405057001.pdf,p. 5,,"{""catalog_number"": ""90129-218"", ""manufacturer"": ""Merit Medical"", ""product_name"": ""AERO Fully Covered Tracheobronchial Stent"", ""size_display"": ""20 mm x 80 mm; 22 Fr delivery system"", ""spec_json"": {""delivery_working_diameter_fr"": 22, ""delivery_working_length_cm"": 56, ""stent_diameter_mm"": 20, ""stent_length_mm"": 80}}"
SRC027,405057001.pdf,p. 5,,"{""catalog_number"": ""AERO610"", ""manufacturer"": ""Merit Medical"", ""product_name"": ""AEROmini Fully Covered Tracheobronchial Stent"", ""size_display"": ""6 mm x 10 mm; 7.9 Fr; TTS"", ""spec_json"": {""delivery_method"": ""TTS"", ""delivery_working_diameter_fr"": 7.9, ""delivery_working_length_cm"": 110, ""stent_diameter_mm"": 6, ""stent_length_mm"": 10}}"
SRC027,405057001.pdf,p. 5,,"{""catalog_number"": ""AERO615"", ""manufacturer"": ""Merit Medical"", ""product_name"": ""AEROmini Fully Covered Tracheobronchial Stent"", ""size_display"": ""6 mm x 15 mm; 7.9 Fr; TTS"", ""spec_json"": {""delivery_method"": ""TTS"", ""delivery_working_diameter_fr"": 7.9, ""delivery_working_length_cm"": 110, ""stent_diameter_mm"": 6, ""stent_length_mm"": 15}}"
SRC027,405057001.pdf,p. 5,,"{""catalog_number"": ""AERO810"", ""manufacturer"": ""Merit Medical"", ""product_name"": ""AEROmini Fully Covered Tracheobronchial Stent"", ""size_display"": ""8 mm x 10 mm; 12.5 Fr; OTW"", ""spec_json"": {""delivery_method"": ""OTW"", ""delivery_working_diameter_fr"": 12.5, ""delivery_working_length_cm"": 70, ""stent_diameter_mm"": 8, ""stent_length_mm"": 10}}"
SRC027,405057001.pdf,p. 5,,"{""catalog_number"": ""AERO815"", ""manufacturer"": ""Merit Medical"", ""product_name"": ""AEROmini Fully Covered Tracheobronchial Stent"", ""size_display"": ""8 mm x 15 mm; 12.5 Fr; OTW"", ""spec_json"": {""delivery_method"": ""OTW"", ""delivery_working_diameter_fr"": 12.5, ""delivery_working_length_cm"": 70, ""stent_diameter_mm"": 8, ""stent_length_mm"": 15}}"
SRC027,405057001.pdf,p. 5,,"{""catalog_number"": ""AERO820"", ""manufacturer"": ""Merit Medical"", ""product_name"": ""AEROmini Fully Covered Tracheobronchial Stent"", ""size_display"": ""8 mm x 20 mm; 12.5 Fr; OTW"", ""spec_json"": {""delivery_method"": ""OTW"", ""delivery_working_diameter_fr"": 12.5, ""delivery_working_length_cm"": 70, ""stent_diameter_mm"": 8, ""stent_length_mm"": 20}}"
SRC027,405057001.pdf,p. 5,,"{""catalog_number"": ""AERO1010"", ""manufacturer"": ""Merit Medical"", ""product_name"": ""AEROmini Fully Covered Tracheobronchial Stent"", ""size_display"": ""10 mm x 10 mm; 12.5 Fr; OTW"", ""spec_json"": {""delivery_method"": ""OTW"", ""delivery_working_diameter_fr"": 12.5, ""delivery_working_length_cm"": 70, ""stent_diameter_mm"": 10, ""stent_length_mm"": 10}}"
SRC027,405057001.pdf,p. 5,,"{""catalog_number"": ""AERO1015"", ""manufacturer"": ""Merit Medical"", ""product_name"": ""AEROmini Fully Covered Tracheobronchial Stent"", ""size_display"": ""10 mm x 15 mm; 12.5 Fr; OTW"", ""spec_json"": {""delivery_method"": ""OTW"", ""delivery_working_diameter_fr"": 12.5, ""delivery_working_length_cm"": 70, ""stent_diameter_mm"": 10, ""stent_length_mm"": 15}}"
SRC027,405057001.pdf,p. 5,,"{""catalog_number"": ""AERO1210"", ""manufacturer"": ""Merit Medical"", ""product_name"": ""AEROmini Fully Covered Tracheobronchial Stent"", ""size_display"": ""12 mm x 10 mm; 16 Fr; OTW"", ""spec_json"": {""delivery_method"": ""OTW"", ""delivery_working_diameter_fr"": 16, ""delivery_working_length_cm"": 70, ""stent_diameter_mm"": 12, ""stent_length_mm"": 10}}"
SRC027,405057001.pdf,p. 5,,"{""catalog_number"": ""AERO1215"", ""manufacturer"": ""Merit Medical"", ""product_name"": ""AEROmini Fully Covered Tracheobronchial Stent"", ""size_display"": ""12 mm x 15 mm; 16 Fr; OTW"", ""spec_json"": {""delivery_method"": ""OTW"", ""delivery_working_diameter_fr"": 16, ""delivery_working_length_cm"": 70, ""stent_diameter_mm"": 12, ""stent_length_mm"": 15}}"
SRC027,405057001.pdf,p. 5,,"{""catalog_number"": ""AERO1410"", ""manufacturer"": ""Merit Medical"", ""product_name"": ""AEROmini Fully Covered Tracheobronchial Stent"", ""size_display"": ""14 mm x 10 mm; 16 Fr; OTW"", ""spec_json"": {""delivery_method"": ""OTW"", ""delivery_working_diameter_fr"": 16, ""delivery_working_length_cm"": 70, ""stent_diameter_mm"": 14, ""stent_length_mm"": 10}}"
SRC027,405057001.pdf,p. 5,,"{""catalog_number"": ""AERO1415"", ""manufacturer"": ""Merit Medical"", ""product_name"": ""AEROmini Fully Covered Tracheobronchial Stent"", ""size_display"": ""14 mm x 15 mm; 16 Fr; OTW"", ""spec_json"": {""delivery_method"": ""OTW"", ""delivery_working_diameter_fr"": 16, ""delivery_working_length_cm"": 70, ""stent_diameter_mm"": 14, ""stent_length_mm"": 15}}"
SRC027,405057001.pdf,p. 7,,"{""catalog_number"": ""90129-310"", ""manufacturer"": ""Merit Medical"", ""product_name"": ""AERO DV Direct Visualization Tracheobronchial Stent"", ""size_display"": ""12 mm x 20 mm; 28 Fr delivery system"", ""spec_json"": {""delivery_method"": ""direct visualization"", ""delivery_working_diameter_fr"": 28, ""delivery_working_length_cm"": 41, ""stent_diameter_mm"": 12, ""stent_length_mm"": 20}}"
SRC027,405057001.pdf,p. 7,,"{""catalog_number"": ""90129-311"", ""manufacturer"": ""Merit Medical"", ""product_name"": ""AERO DV Direct Visualization Tracheobronchial Stent"", ""size_display"": ""12 mm x 30 mm; 28 Fr delivery system"", ""spec_json"": {""delivery_method"": ""direct visualization"", ""delivery_working_diameter_fr"": 28, ""delivery_working_length_cm"": 40, ""stent_diameter_mm"": 12, ""stent_length_mm"": 30}}"
SRC027,405057001.pdf,p. 7,,"{""catalog_number"": ""90129-312"", ""manufacturer"": ""Merit Medical"", ""product_name"": ""AERO DV Direct Visualization Tracheobronchial Stent"", ""size_display"": ""12 mm x 40 mm; 28 Fr delivery system"", ""spec_json"": {""delivery_method"": ""direct visualization"", ""delivery_working_diameter_fr"": 28, ""delivery_working_length_cm"": 39, ""stent_diameter_mm"": 12, ""stent_length_mm"": 40}}"
SRC027,405057001.pdf,p. 7,,"{""catalog_number"": ""90129-313"", ""manufacturer"": ""Merit Medical"", ""product_name"": ""AERO DV Direct Visualization Tracheobronchial Stent"", ""size_display"": ""14 mm x 20 mm; 28 Fr delivery system"", ""spec_json"": {""delivery_method"": ""direct visualization"", ""delivery_working_diameter_fr"": 28, ""delivery_working_length_cm"": 41, ""stent_diameter_mm"": 14, ""stent_length_mm"": 20}}"
SRC027,405057001.pdf,p. 7,,"{""catalog_number"": ""90129-314"", ""manufacturer"": ""Merit Medical"", ""product_name"": ""AERO DV Direct Visualization Tracheobronchial Stent"", ""size_display"": ""14 mm x 30 mm; 28 Fr delivery system"", ""spec_json"": {""delivery_method"": ""direct visualization"", ""delivery_working_diameter_fr"": 28, ""delivery_working_length_cm"": 40, ""stent_diameter_mm"": 14, ""stent_length_mm"": 30}}"
SRC027,405057001.pdf,p. 7,,"{""catalog_number"": ""90129-315"", ""manufacturer"": ""Merit Medical"", ""product_name"": ""AERO DV Direct Visualization Tracheobronchial Stent"", ""size_display"": ""14 mm x 40 mm; 28 Fr delivery system"", ""spec_json"": {""delivery_method"": ""direct visualization"", ""delivery_working_diameter_fr"": 28, ""delivery_working_length_cm"": 39, ""stent_diameter_mm"": 14, ""stent_length_mm"": 40}}"
SRC027,405057001.pdf,p. 7,,"{""catalog_number"": ""90129-304"", ""manufacturer"": ""Merit Medical"", ""product_name"": ""AERO DV Direct Visualization Tracheobronchial Stent"", ""size_display"": ""16 mm x 40 mm; 30 Fr delivery system"", ""spec_json"": {""delivery_method"": ""direct visualization"", ""delivery_working_diameter_fr"": 30, ""delivery_working_length_cm"": 39, ""stent_diameter_mm"": 16, ""stent_length_mm"": 40}}"
SRC027,405057001.pdf,p. 7,,"{""catalog_number"": ""90129-305"", ""manufacturer"": ""Merit Medical"", ""product_name"": ""AERO DV Direct Visualization Tracheobronchial Stent"", ""size_display"": ""16 mm x 60 mm; 30 Fr delivery system"", ""spec_json"": {""delivery_method"": ""direct visualization"", ""delivery_working_diameter_fr"": 30, ""delivery_working_length_cm"": 39, ""stent_diameter_mm"": 16, ""stent_length_mm"": 60}}"
SRC027,405057001.pdf,p. 7,,"{""catalog_number"": ""90129-306"", ""manufacturer"": ""Merit Medical"", ""product_name"": ""AERO DV Direct Visualization Tracheobronchial Stent"", ""size_display"": ""16 mm x 80 mm; 30 Fr delivery system"", ""spec_json"": {""delivery_method"": ""direct visualization"", ""delivery_working_diameter_fr"": 30, ""delivery_working_length_cm"": 39, ""stent_diameter_mm"": 16, ""stent_length_mm"": 80}}"
SRC027,405057001.pdf,p. 7,,"{""catalog_number"": ""90129-301"", ""manufacturer"": ""Merit Medical"", ""product_name"": ""AERO DV Direct Visualization Tracheobronchial Stent"", ""size_display"": ""18 mm x 40 mm; 30 Fr delivery system"", ""spec_json"": {""delivery_method"": ""direct visualization"", ""delivery_working_diameter_fr"": 30, ""delivery_working_length_cm"": 39, ""stent_diameter_mm"": 18, ""stent_length_mm"": 40}}"
SRC027,405057001.pdf,p. 7,,"{""catalog_number"": ""90129-302"", ""manufacturer"": ""Merit Medical"", ""product_name"": ""AERO DV Direct Visualization Tracheobronchial Stent"", ""size_display"": ""18 mm x 60 mm; 30 Fr delivery system"", ""spec_json"": {""delivery_method"": ""direct visualization"", ""delivery_working_diameter_fr"": 30, ""delivery_working_length_cm"": 39, ""stent_diameter_mm"": 18, ""stent_length_mm"": 60}}"
SRC027,405057001.pdf,p. 7,,"{""catalog_number"": ""90129-303"", ""manufacturer"": ""Merit Medical"", ""product_name"": ""AERO DV Direct Visualization Tracheobronchial Stent"", ""size_display"": ""18 mm x 80 mm; 30 Fr delivery system"", ""spec_json"": {""delivery_method"": ""direct visualization"", ""delivery_working_diameter_fr"": 30, ""delivery_working_length_cm"": 39, ""stent_diameter_mm"": 18, ""stent_length_mm"": 80}}"
SRC027,405057001.pdf,p. 7,,"{""catalog_number"": ""90129-316"", ""manufacturer"": ""Merit Medical"", ""product_name"": ""AERO DV Direct Visualization Tracheobronchial Stent"", ""size_display"": ""20 mm x 40 mm; 30 Fr delivery system"", ""spec_json"": {""delivery_method"": ""direct visualization"", ""delivery_working_diameter_fr"": 30, ""delivery_working_length_cm"": 39, ""stent_diameter_mm"": 20, ""stent_length_mm"": 40}}"
SRC027,405057001.pdf,p. 7,,"{""catalog_number"": ""90129-317"", ""manufacturer"": ""Merit Medical"", ""product_name"": ""AERO DV Direct Visualization Tracheobronchial Stent"", ""size_display"": ""20 mm x 60 mm; 30 Fr delivery system"", ""spec_json"": {""delivery_method"": ""direct visualization"", ""delivery_working_diameter_fr"": 30, ""delivery_working_length_cm"": 39, ""stent_diameter_mm"": 20, ""stent_length_mm"": 60}}"
SRC027,405057001.pdf,p. 7,,"{""catalog_number"": ""90129-318"", ""manufacturer"": ""Merit Medical"", ""product_name"": ""AERO DV Direct Visualization Tracheobronchial Stent"", ""size_display"": ""20 mm x 80 mm; 30 Fr delivery system"", ""spec_json"": {""delivery_method"": ""direct visualization"", ""delivery_working_diameter_fr"": 30, ""delivery_working_length_cm"": 39, ""stent_diameter_mm"": 20, ""stent_length_mm"": 80}}"
SRC027,405057001.pdf,p. 8,,"{""catalog_number"": ""90129-501"", ""manufacturer"": ""Merit Medical"", ""product_name"": ""AEROSIZER Airway Sizing Device"", ""size_display"": ""0.035 in; 90 cm"", ""spec_json"": {""diameter_in"": 0.035, ""working_length_cm"": 90}}"
SRC027,405057001.pdf,p. 8,,"{""catalog_number"": ""80129-404"", ""manufacturer"": ""Merit Medical"", ""product_name"": ""MAXXwire Guide Wire"", ""size_display"": ""0.035 in x 180 cm"", ""spec_json"": {""diameter_in"": 0.035, ""length_cm"": 180}}"
SRC027,405057001.pdf,p. 8,,"{""catalog_number"": ""80129-406"", ""manufacturer"": ""Merit Medical"", ""product_name"": ""MAXXwire Guide Wire"", ""size_display"": ""0.035 in x 260 cm"", ""spec_json"": {""diameter_in"": 0.035, ""length_cm"": 260}}"
SRC027,405057001.pdf,pp. 9-10,,"{""catalog_number"": ""P4L15"", ""manufacturer"": ""Merit Medical"", ""product_name"": ""Elation Pulmonary Balloon Dilator"", ""size_display"": ""4/5/6 mm; balloon length 1.5 cm"", ""spec_json"": {""balloon_length"": ""1.5 cm"", ""balloon_stages"": ""4/5/6 mm""}}"
SRC027,405057001.pdf,pp. 9-10,,"{""catalog_number"": ""P6L20"", ""manufacturer"": ""Merit Medical"", ""product_name"": ""Elation Pulmonary Balloon Dilator"", ""size_display"": ""6/7/8 mm; balloon length 2 cm"", ""spec_json"": {""balloon_length"": ""2 cm"", ""balloon_stages"": ""6/7/8 mm""}}"
SRC027,405057001.pdf,pp. 9-10,,"{""catalog_number"": ""P8L20"", ""manufacturer"": ""Merit Medical"", ""product_name"": ""Elation Pulmonary Balloon Dilator"", ""size_display"": ""8/9/10 mm; balloon length 2 cm"", ""spec_json"": {""balloon_length"": ""2 cm"", ""balloon_stages"": ""8/9/10 mm""}}"
SRC027,405057001.pdf,pp. 9-10,,"{""catalog_number"": ""P10L20"", ""manufacturer"": ""Merit Medical"", ""product_name"": ""Elation Pulmonary Balloon Dilator"", ""size_display"": ""10/11/12 mm; balloon length 2 cm"", ""spec_json"": {""balloon_length"": ""2 cm"", ""balloon_stages"": ""10/11/12 mm""}}"
SRC027,405057001.pdf,pp. 9-10,,"{""catalog_number"": ""P12L20"", ""manufacturer"": ""Merit Medical"", ""product_name"": ""Elation Pulmonary Balloon Dilator"", ""size_display"": ""12/13.5/15 mm; balloon length 2 cm"", ""spec_json"": {""balloon_length"": ""2 cm"", ""balloon_stages"": ""12/13.5/15 mm""}}"
SRC027,405057001.pdf,pp. 9-10,,"{""catalog_number"": ""P6L30"", ""manufacturer"": ""Merit Medical"", ""product_name"": ""Elation Pulmonary Balloon Dilator"", ""size_display"": ""6/7/8 mm; balloon length 3 cm"", ""spec_json"": {""balloon_length"": ""3 cm"", ""balloon_stages"": ""6/7/8 mm""}}"
SRC027,405057001.pdf,pp. 9-10,,"{""catalog_number"": ""P8L30"", ""manufacturer"": ""Merit Medical"", ""product_name"": ""Elation Pulmonary Balloon Dilator"", ""size_display"": ""8/9/10 mm; balloon length 3 cm"", ""spec_json"": {""balloon_length"": ""3 cm"", ""balloon_stages"": ""8/9/10 mm""}}"
SRC027,405057001.pdf,pp. 9-10,,"{""catalog_number"": ""P10L30"", ""manufacturer"": ""Merit Medical"", ""product_name"": ""Elation Pulmonary Balloon Dilator"", ""size_display"": ""10/11/12 mm; balloon length 3 cm"", ""spec_json"": {""balloon_length"": ""3 cm"", ""balloon_stages"": ""10/11/12 mm""}}"
SRC027,405057001.pdf,pp. 9-10,,"{""catalog_number"": ""P12L30"", ""manufacturer"": ""Merit Medical"", ""product_name"": ""Elation Pulmonary Balloon Dilator"", ""size_display"": ""12/13.5/15 mm; balloon length 3 cm"", ""spec_json"": {""balloon_length"": ""3 cm"", ""balloon_stages"": ""12/13.5/15 mm""}}"
SRC027,405057001.pdf,pp. 9-10,,"{""catalog_number"": ""P12L55"", ""manufacturer"": ""Merit Medical"", ""product_name"": ""Elation Pulmonary Balloon Dilator"", ""size_display"": ""12/13.5/15 mm; balloon length 5.5 cm"", ""spec_json"": {""balloon_length"": ""5.5 cm"", ""balloon_stages"": ""12/13.5/15 mm""}}"
SRC027,405057001.pdf,pp. 9-10,,"{""catalog_number"": ""P15L55"", ""manufacturer"": ""Merit Medical"", ""product_name"": ""Elation Pulmonary Balloon Dilator"", ""size_display"": ""15/16.5/18 mm; balloon length 5.5 cm"", ""spec_json"": {""balloon_length"": ""5.5 cm"", ""balloon_stages"": ""15/16.5/18 mm""}}"
SRC027,405057001.pdf,pp. 9-10,,"{""catalog_number"": ""P18L55"", ""manufacturer"": ""Merit Medical"", ""product_name"": ""Elation Pulmonary Balloon Dilator"", ""size_display"": ""18/19/20 mm; balloon length 5.5 cm"", ""spec_json"": {""balloon_length"": ""5.5 cm"", ""balloon_stages"": ""18/19/20 mm""}}"
SRC028,Product-Catalog-MPW10000H-Rev-5-DIGITAL-3-compressed.pdf,Source manifest,,"{""publisher"": ""Micro-Tech Endoscopy USA"", ""revision_date"": ""Rev 5"", ""title"": ""Micro-Tech Endoscopy USA Product Catalog"", ""use_policy"": ""Reviewed for pulmonary relevance; do not import GI-only devices into IP dropdowns without a pulmonary indication/source.""}"
SRC029,E0428710_Diagnosis_SPN_Flyer_EN_2023.pdf,Source manifest,,"{""publisher"": ""Olympus Europe"", ""revision_date"": ""2023-04"", ""title"": ""Olympus Peripheral Bronchoscopy Solutions"", ""use_policy"": ""Use specifications as source-backed candidates; current U.S. availability must be reverified.""}"
SRC029,E0428710_Diagnosis_SPN_Flyer_EN_2023.pdf,p. 1,,"{""catalog_number"": ""BF-P190"", ""manufacturer"": ""Olympus"", ""product_name"": ""BF-P190 Video Bronchoscope"", ""size_display"": ""Insertion tube 4.1 mm; distal 4.2 mm; channel 2.0 mm; WL 600 mm"", ""spec_json"": {""bending"": ""210/130"", ""channel_id_mm"": 2.0, ""depth_of_field"": ""2–50 mm"", ""distal_end_od_mm"": 4.2, ""field_of_view"": ""110°"", ""insertion_tube_od_mm"": 4.1, ""rotation"": ""120/120"", ""working_length_mm"": 600}}"
SRC029,E0428710_Diagnosis_SPN_Flyer_EN_2023.pdf,p. 1,,"{""catalog_number"": ""K-402"", ""manufacturer"": ""Olympus"", ""product_name"": ""GuideSheathKit 2"", ""size_display"": ""Minimum channel 2.0 mm; guide sheath SG-400C"", ""spec_json"": {""brush"": """", ""forceps"": ""FB-433D"", ""guide_sheath"": ""SG-400C"", ""minimum_channel_mm"": 2.0, ""stoppers"": ""3 white ET stoppers; 1 dark-gray US stopper""}}"
SRC029,E0428710_Diagnosis_SPN_Flyer_EN_2023.pdf,p. 1,,"{""catalog_number"": ""K-401"", ""manufacturer"": ""Olympus"", ""product_name"": ""GuideSheathKit 2"", ""size_display"": ""Minimum channel 2.0 mm; guide sheath SG-400C"", ""spec_json"": {""brush"": ""BC-205D-2010"", ""forceps"": ""FB-433D"", ""guide_sheath"": ""SG-400C"", ""minimum_channel_mm"": 2.0, ""stoppers"": ""4 white ET stoppers; 1 dark-gray US stopper""}}"
SRC029,E0428710_Diagnosis_SPN_Flyer_EN_2023.pdf,p. 1,,"{""catalog_number"": ""NA-403D-2021"", ""manufacturer"": ""Olympus"", ""product_name"": ""PeriView FLEX Needle"", ""size_display"": ""21G; 20 mm needle"", ""spec_json"": {""details"": ""21G; 20 mm needle"", ""minimum_channel_mm"": 1.7, ""working_length_mm"": 1150}}"
SRC029,E0428710_Diagnosis_SPN_Flyer_EN_2023.pdf,p. 1,,"{""catalog_number"": ""FB-433D"", ""manufacturer"": ""Olympus"", ""product_name"": ""Peripheral Biopsy Forceps"", ""size_display"": ""Oval fenestrated cups"", ""spec_json"": {""details"": ""Oval fenestrated cups"", ""minimum_channel_mm"": 1.7, ""working_length_mm"": 1150}}"
SRC029,E0428710_Diagnosis_SPN_Flyer_EN_2023.pdf,p. 1,,"{""catalog_number"": ""CC-220DR"", ""manufacturer"": ""Olympus"", ""product_name"": ""Single-Use Guiding Device"", ""size_display"": ""Working length 115 cm; min channel 2.0 mm"", ""spec_json"": {""details"": """", ""minimum_channel_mm"": 2.0, ""working_length_mm"": 1150}}"
SRC029,E0428710_Diagnosis_SPN_Flyer_EN_2023.pdf,p. 1,,"{""catalog_number"": ""BF-MP190F"", ""manufacturer"": ""Olympus"", ""product_name"": ""BF-MP190F Video Bronchoscope"", ""size_display"": ""Insertion tube 3.7 mm; distal 3.0 mm; channel 1.7 mm; WL 600 mm"", ""spec_json"": {""bending"": ""210/130"", ""channel_id_mm"": 1.7, ""depth_of_field"": ""2–50 mm"", ""distal_end_od_mm"": 3.0, ""field_of_view"": ""90°"", ""insertion_tube_od_mm"": 3.7, ""rotation"": ""120/120"", ""working_length_mm"": 600}}"
SRC029,E0428710_Diagnosis_SPN_Flyer_EN_2023.pdf,p. 1,,"{""catalog_number"": ""BF-XP190"", ""manufacturer"": ""Olympus"", ""product_name"": ""BF-XP190 Ultrathin Video Bronchoscope"", ""size_display"": ""Insertion tube 2.8 mm; distal 3.1 mm; channel 1.2 mm; WL 600 mm"", ""spec_json"": {""bending"": ""210/130"", ""channel_id_mm"": 1.2, ""depth_of_field"": ""2–50 mm"", ""distal_end_od_mm"": 3.1, ""field_of_view"": ""110°"", ""insertion_tube_od_mm"": 2.8, ""rotation"": ""120/120"", ""working_length_mm"": 600}}"
SRC029,E0428710_Diagnosis_SPN_Flyer_EN_2023.pdf,p. 1,,"{""catalog_number"": ""UM-S20-17S"", ""manufacturer"": ""Olympus"", ""product_name"": ""Radial Ultrasound Miniature Probe"", ""size_display"": ""20 MHz; WL 2150 mm; min channel 1.7 mm"", ""spec_json"": {""compatible_guide_sheath_kits"": ""K-401; K-402"", ""frequency_mhz"": 20, ""minimum_channel_mm"": 1.7, ""scanning_mode"": ""mechanical radial"", ""working_length_mm"": 2150}}"
SRC029,E0428710_Diagnosis_SPN_Flyer_EN_2023.pdf,p. 1,,"{""catalog_number"": ""UM-S20-20R"", ""manufacturer"": ""Olympus"", ""product_name"": ""Radial Ultrasound Miniature Probe"", ""size_display"": ""20 MHz; WL 2050 mm; min channel 2.0 mm"", ""spec_json"": {""compatible_guide_sheath_kits"": ""K-403; K-404"", ""frequency_mhz"": 20, ""minimum_channel_mm"": 2.0, ""scanning_mode"": ""mechanical radial"", ""working_length_mm"": 2050}}"
SRC029,E0428710_Diagnosis_SPN_Flyer_EN_2023.pdf,p. 1,,"{""catalog_number"": ""BC-205D-2010"", ""manufacturer"": ""Olympus"", ""product_name"": ""Peripheral Cytology Brush"", ""size_display"": ""Brush diameter 2 mm; brush length 10 mm"", ""spec_json"": {""details"": ""Brush diameter 2 mm; brush length 10 mm"", ""minimum_channel_mm"": 1.7, ""working_length_mm"": 1150}}"
SRC029,E0428710_Diagnosis_SPN_Flyer_EN_2023.pdf,p. 1,,"{""catalog_number"": ""K-403"", ""manufacturer"": ""Olympus"", ""product_name"": ""GuideSheathKit 2"", ""size_display"": ""Minimum channel 2.8 mm; guide sheath SG-401C"", ""spec_json"": {""brush"": ""BC-202D-2010"", ""forceps"": ""FB-231D"", ""guide_sheath"": ""SG-401C"", ""minimum_channel_mm"": 2.8, ""stoppers"": ""1 white + 3 gray ET stoppers; 1 dark-gray US stopper""}}"
SRC029,E0428710_Diagnosis_SPN_Flyer_EN_2023.pdf,p. 1,,"{""catalog_number"": ""K-404"", ""manufacturer"": ""Olympus"", ""product_name"": ""GuideSheathKit 2"", ""size_display"": ""Minimum channel 2.8 mm; guide sheath SG-401C"", ""spec_json"": {""brush"": """", ""forceps"": ""FB-231D"", ""guide_sheath"": ""SG-401C"", ""minimum_channel_mm"": 2.8, ""stoppers"": ""1 white + 2 gray ET stoppers; 1 dark-gray US stopper""}}"
SRC029,E0428710_Diagnosis_SPN_Flyer_EN_2023.pdf,p. 2,,"{""catalog_number"": ""MAJ-1720"", ""manufacturer"": ""Olympus"", ""product_name"": ""Probe Driving Unit"", ""size_display"": """", ""spec_json"": {}}"
SRC029,E0428710_Diagnosis_SPN_Flyer_EN_2023.pdf,p. 2,,"{""catalog_number"": ""EU-ME3"", ""manufacturer"": ""Olympus"", ""product_name"": ""Universal Endoscopic Ultrasound Center"", ""size_display"": """", ""spec_json"": {}}"
SRC030,Karl Storz.pdf,Source manifest,,"{""publisher"": ""KARL STORZ Endoscopy-America"", ""revision_date"": ""2011-02"", ""title"": ""KARL STORZ THORAX, 3rd Edition 2/2011 US"", ""use_policy"": ""Retain exact product references for historical/platform identification; hide by default until current U.S. availability and labeling are verified.""}"
SRC030,Karl Storz.pdf,p. 143,,"{""catalog_number"": ""26072BA"", ""manufacturer"": ""Karl Storz"", ""product_name"": ""HOPKINS II Thoracoscopy Telescope"", ""size_display"": ""30°; OD 4 mm; length 29 cm"", ""spec_json"": {}}"
SRC030,Karl Storz.pdf,p. 143,,"{""catalog_number"": ""26072A"", ""manufacturer"": ""Karl Storz"", ""product_name"": ""Optical Biopsy Forceps"", ""size_display"": """", ""spec_json"": {}}"
SRC030,Karl Storz.pdf,p. 143,,"{""catalog_number"": ""26072SU"", ""manufacturer"": ""Karl Storz"", ""product_name"": ""Optical Suction Tube"", ""size_display"": """", ""spec_json"": {}}"
SRC030,Karl Storz.pdf,p. 143,,"{""catalog_number"": ""26072TK"", ""manufacturer"": ""Karl Storz"", ""product_name"": ""Optical Powder Blower"", ""size_display"": """", ""spec_json"": {}}"
SRC030,Karl Storz.pdf,p. 144,,"{""catalog_number"": ""30120NOL"", ""manufacturer"": ""Karl Storz"", ""product_name"": ""Flexible Trocar with Blunt Tip and Valve"", ""size_display"": ""Size 6 mm; working length 8.5 cm"", ""spec_json"": {}}"
SRC030,Karl Storz.pdf,p. 144,,"{""catalog_number"": ""30120NL"", ""manufacturer"": ""Karl Storz"", ""product_name"": ""Flexible Cannula with Silicone Leaflet Valve"", ""size_display"": ""Size 6 mm; working length 8.5 cm"", ""spec_json"": {}}"
SRC030,Karl Storz.pdf,p. 144,,"{""catalog_number"": ""30120NO"", ""manufacturer"": ""Karl Storz"", ""product_name"": ""Trocar Only, Blunt Tip"", ""size_display"": ""Size 6 mm; working length 8.5 cm"", ""spec_json"": {}}"
SRC030,Karl Storz.pdf,p. 144,,"{""catalog_number"": ""30120X"", ""manufacturer"": ""Karl Storz"", ""product_name"": ""Autoclavable Plastic Cannula, Pack of 5"", ""size_display"": ""Size 6 mm; working length 8.5 cm"", ""spec_json"": {}}"
SRC030,Karl Storz.pdf,p. 144,,"{""catalog_number"": ""40120NAL"", ""manufacturer"": ""Karl Storz"", ""product_name"": ""Flexible Trocar with Blunt Tip, No Valve"", ""size_display"": ""Size 6 mm; working length 8.5 cm"", ""spec_json"": {}}"
SRC030,Karl Storz.pdf,p. 144,,"{""catalog_number"": ""40120NL"", ""manufacturer"": ""Karl Storz"", ""product_name"": ""Flexible Cannula, No Valve"", ""size_display"": ""Size 6 mm; working length 8.5 cm"", ""spec_json"": {}}"
SRC030,Karl Storz.pdf,p. 144,,"{""catalog_number"": ""40120A"", ""manufacturer"": ""Karl Storz"", ""product_name"": ""Trocar Only, No Valve"", ""size_display"": ""Size 6 mm; working length 8.5 cm"", ""spec_json"": {}}"
SRC030,Karl Storz.pdf,p. 145,,"{""catalog_number"": ""10995"", ""manufacturer"": ""Karl Storz"", ""product_name"": ""Application Cannula for Thoracic Drainage"", ""size_display"": ""Outer cannula OD 2.1 mm x 15 cm; inner cannula 1.5 mm x 16.5 cm"", ""spec_json"": {}}"
SRC030,Karl Storz.pdf,p. 145,,"{""catalog_number"": ""10990"", ""manufacturer"": ""Karl Storz"", ""product_name"": ""RAMEL Pleurabiopsy Needle"", ""size_display"": ""Cannula size 3 mm; working length 6.5 cm"", ""spec_json"": {}}"
SRC030,Karl Storz.pdf,p. 146,,"{""catalog_number"": ""26120J"", ""manufacturer"": ""Karl Storz"", ""product_name"": ""VERESS Pneumoperitoneum Needle"", ""size_display"": ""OD 2.1 mm; length 10 cm"", ""spec_json"": {}}"
SRC030,Karl Storz.pdf,p. 66,,"{""catalog_number"": ""10318B"", ""manufacturer"": ""Karl Storz"", ""product_name"": ""Universal Bronchoscope, Distal Illumination, Size 8.5"", ""size_display"": ""Size 8.5; length 43 cm"", ""spec_json"": {}}"
SRC030,Karl Storz.pdf,p. 66,,"{""catalog_number"": ""10318C"", ""manufacturer"": ""Karl Storz"", ""product_name"": ""Universal Bronchoscope, Distal Illumination, Size 7.5"", ""size_display"": ""Size 7.5; length 43 cm"", ""spec_json"": {}}"
SRC030,Karl Storz.pdf,p. 66,,"{""catalog_number"": ""10318D"", ""manufacturer"": ""Karl Storz"", ""product_name"": ""Universal Bronchoscope, Distal Illumination, Size 6.5"", ""size_display"": ""Size 6.5; length 43 cm"", ""spec_json"": {}}"
SRC030,Karl Storz.pdf,p. 67,,"{""catalog_number"": ""10318DP"", ""manufacturer"": ""Karl Storz"", ""product_name"": ""Universal Bronchoscope Tube, Proximal Illumination, Size 6.5"", ""size_display"": ""Size 6.5; length 43 cm"", ""spec_json"": {}}"
SRC030,Karl Storz.pdf,p. 67,,"{""catalog_number"": ""10318CP"", ""manufacturer"": ""Karl Storz"", ""product_name"": ""Universal Bronchoscope Tube, Proximal Illumination, Size 7.5"", ""size_display"": ""Size 7.5; length 43 cm"", ""spec_json"": {}}"
SRC030,Karl Storz.pdf,p. 67,,"{""catalog_number"": ""10318BP"", ""manufacturer"": ""Karl Storz"", ""product_name"": ""Universal Bronchoscope Tube, Proximal Illumination, Size 8.5"", ""size_display"": ""Size 8.5; length 43 cm"", ""spec_json"": {}}"
SRC030,Karl Storz.pdf,p. 70,,"{""catalog_number"": ""10337R"", ""manufacturer"": ""Karl Storz"", ""product_name"": ""GRONINGEN Optical Dilation Tracheoscope"", ""size_display"": ""OD 12 mm; length 30 cm"", ""spec_json"": {}}"
SRC030,Karl Storz.pdf,p. 70,,"{""catalog_number"": ""10337S"", ""manufacturer"": ""Karl Storz"", ""product_name"": ""GRONINGEN Optical Dilation Tracheoscope"", ""size_display"": ""OD 8 mm; length 30 cm"", ""spec_json"": {}}"
SRC030,Karl Storz.pdf,p. 70,,"{""catalog_number"": ""10337T"", ""manufacturer"": ""Karl Storz"", ""product_name"": ""GRONINGEN Optical Intubation Tracheoscope"", ""size_display"": ""OD 5.5 mm; length 30 cm"", ""spec_json"": {}}"
SRC030,Karl Storz.pdf,p. 72,,"{""catalog_number"": ""10350HF"", ""manufacturer"": ""Karl Storz"", ""product_name"": ""Optical Alligator Forceps for Hard Foreign Bodies"", ""size_display"": """", ""spec_json"": {}}"
SRC030,Karl Storz.pdf,p. 72,,"{""catalog_number"": ""10350KF"", ""manufacturer"": ""Karl Storz"", ""product_name"": ""Optical Forceps for Peanuts/Soft Foreign Bodies"", ""size_display"": """", ""spec_json"": {}}"
SRC030,Karl Storz.pdf,p. 72,,"{""catalog_number"": ""10350L"", ""manufacturer"": ""Karl Storz"", ""product_name"": ""Optical Spoon Biopsy Forceps"", ""size_display"": """", ""spec_json"": {}}"
SRC030,Karl Storz.pdf,p. 72,,"{""catalog_number"": ""10350U"", ""manufacturer"": ""Karl Storz"", ""product_name"": ""Optical Universal Forceps"", ""size_display"": """", ""spec_json"": {}}"
SRC030,Karl Storz.pdf,p. 72,,"{""catalog_number"": ""10350M"", ""manufacturer"": ""Karl Storz"", ""product_name"": ""Optical Large Sharp Tissue Forceps"", ""size_display"": """", ""spec_json"": {}}"
SRC030,Karl Storz.pdf,p. 72,,"{""catalog_number"": ""10350MS"", ""manufacturer"": ""Karl Storz"", ""product_name"": ""Optical Large Blunt Serrated Foreign Body Forceps"", ""size_display"": """", ""spec_json"": {}}"
SRC030,Karl Storz.pdf,p. 72,,"{""catalog_number"": ""10350ST"", ""manufacturer"": ""Karl Storz"", ""product_name"": ""Optical Stent Repositioning/Removal Forceps"", ""size_display"": """", ""spec_json"": {}}"
SRC030,Karl Storz.pdf,p. 73,,"{""catalog_number"": ""10352H"", ""manufacturer"": ""Karl Storz"", ""product_name"": ""Optical Alligator Forceps"", ""size_display"": """", ""spec_json"": {}}"
SRC030,Karl Storz.pdf,p. 73,,"{""catalog_number"": ""10352KF"", ""manufacturer"": ""Karl Storz"", ""product_name"": ""Optical Soft-Foreign-Body Forceps"", ""size_display"": """", ""spec_json"": {}}"
SRC030,Karl Storz.pdf,p. 73,,"{""catalog_number"": ""10352L"", ""manufacturer"": ""Karl Storz"", ""product_name"": ""Optical Spoon Biopsy Forceps"", ""size_display"": """", ""spec_json"": {}}"
SRC030,Karl Storz.pdf,p. 73,,"{""catalog_number"": ""10352U"", ""manufacturer"": ""Karl Storz"", ""product_name"": ""Optical Universal Forceps"", ""size_display"": """", ""spec_json"": {}}"
SRC030,Karl Storz.pdf,p. 74,,"{""catalog_number"": ""10357"", ""manufacturer"": ""Karl Storz"", ""product_name"": ""Deflecting Device"", ""size_display"": ""Working length 43 cm"", ""spec_json"": {}}"
SRC030,Karl Storz.pdf,p. 74,,"{""catalog_number"": ""10358A"", ""manufacturer"": ""Karl Storz"", ""product_name"": ""Flexible Spoon Biopsy Forceps"", ""size_display"": ""Working length 60 cm"", ""spec_json"": {}}"
SRC030,Karl Storz.pdf,p. 74,,"{""catalog_number"": ""10358B"", ""manufacturer"": ""Karl Storz"", ""product_name"": ""Flexible Small Biopsy Forceps"", ""size_display"": ""Working length 65 cm"", ""spec_json"": {}}"
SRC030,Karl Storz.pdf,p. 75,,"{""catalog_number"": ""10329A"", ""manufacturer"": ""Karl Storz"", ""product_name"": ""Rigid Instrument Guide with Anti-Fog System"", ""size_display"": """", ""spec_json"": {}}"
SRC030,Karl Storz.pdf,p. 75,,"{""catalog_number"": ""10435A"", ""manufacturer"": ""Karl Storz"", ""product_name"": ""Puncture Needle for Histology"", ""size_display"": ""OD 1.4 mm; working length 48 cm"", ""spec_json"": {}}"
SRC030,Karl Storz.pdf,p. 75,,"{""catalog_number"": ""10468B"", ""manufacturer"": ""Karl Storz"", ""product_name"": ""Suction Catheter 7 Fr with Adapter"", ""size_display"": ""7 Fr; adapter 10479 B"", ""spec_json"": {}}"
SRC030,Karl Storz.pdf,p. 75,,"{""catalog_number"": ""10468C"", ""manufacturer"": ""Karl Storz"", ""product_name"": ""Suction Catheter 6 Fr with Adapter"", ""size_display"": ""6 Fr; adapter 10479 C"", ""spec_json"": {}}"
SRC030,Karl Storz.pdf,p. 75,,"{""catalog_number"": ""10468D"", ""manufacturer"": ""Karl Storz"", ""product_name"": ""Suction Catheter 5 Fr with Adapter"", ""size_display"": ""5 Fr; adapter 10479 F"", ""spec_json"": {}}"
SRC030,Karl Storz.pdf,p. 75,,"{""catalog_number"": ""10478D"", ""manufacturer"": ""Karl Storz"", ""product_name"": ""Suction Catheter 5 Fr, Pack of 6"", ""size_display"": """", ""spec_json"": {}}"
SRC030,Karl Storz.pdf,p. 75,,"{""catalog_number"": ""10479B"", ""manufacturer"": ""Karl Storz"", ""product_name"": ""Adapter for 7 Fr Suction Catheter"", ""size_display"": """", ""spec_json"": {}}"
SRC030,Karl Storz.pdf,p. 75,,"{""catalog_number"": ""10479C"", ""manufacturer"": ""Karl Storz"", ""product_name"": ""Adapter for 6 Fr Suction Catheter"", ""size_display"": """", ""spec_json"": {}}"
SRC030,Karl Storz.pdf,p. 75,,"{""catalog_number"": ""10479F"", ""manufacturer"": ""Karl Storz"", ""product_name"": ""Adapter for 5 Fr Suction Catheter"", ""size_display"": """", ""spec_json"": {}}"
SRC030,Karl Storz.pdf,p. 77,,"{""catalog_number"": ""10520"", ""manufacturer"": ""Karl Storz"", ""product_name"": ""TONN Stent Applicator 14-18 mm, max 10 cm"", ""size_display"": """", ""spec_json"": {}}"
SRC030,Karl Storz.pdf,p. 77,,"{""catalog_number"": ""10530"", ""manufacturer"": ""Karl Storz"", ""product_name"": ""TONN Stent Applicator 14-18 mm, max 16 cm"", ""size_display"": """", ""spec_json"": {}}"
SRC030,Karl Storz.pdf,p. 77,,"{""catalog_number"": ""10540"", ""manufacturer"": ""Karl Storz"", ""product_name"": ""TONN Stent Applicator 8-13 mm, max 10 cm"", ""size_display"": """", ""spec_json"": {}}"
SRC030,Karl Storz.pdf,p. 77,,"{""catalog_number"": ""10550"", ""manufacturer"": ""Karl Storz"", ""product_name"": ""TONN Stent Applicator 9-12 mm, max 6 cm"", ""size_display"": """", ""spec_json"": {}}"
SRC030,Karl Storz.pdf,p. 78,,"{""catalog_number"": ""10510N"", ""manufacturer"": ""Karl Storz"", ""product_name"": ""FREITAG Stent Forceps"", ""size_display"": """", ""spec_json"": {}}"
SRC030,Karl Storz.pdf,p. 86,,"{""catalog_number"": ""10366H"", ""manufacturer"": ""Karl Storz"", ""product_name"": ""Alligator Forceps for Hard Foreign Bodies"", ""size_display"": ""OD 2.5 mm; working length 50 cm"", ""spec_json"": {}}"
SRC030,Karl Storz.pdf,p. 86,,"{""catalog_number"": ""10366K"", ""manufacturer"": ""Karl Storz"", ""product_name"": ""Forceps for Peanuts/Soft Foreign Bodies"", ""size_display"": ""OD 2.5 mm; working length 50 cm"", ""spec_json"": {}}"
SRC030,Karl Storz.pdf,p. 86,,"{""catalog_number"": ""10366L"", ""manufacturer"": ""Karl Storz"", ""product_name"": ""Round Spoon Biopsy Forceps"", ""size_display"": ""OD 2.5 mm; working length 50 cm"", ""spec_json"": {}}"
SRC030,Karl Storz.pdf,p. 86,,"{""catalog_number"": ""10366U"", ""manufacturer"": ""Karl Storz"", ""product_name"": ""Universal Forceps"", ""size_display"": ""OD 2.5 mm; working length 50 cm"", ""spec_json"": {}}"
SRC030,Karl Storz.pdf,p. 86,,"{""catalog_number"": ""10366S"", ""manufacturer"": ""Karl Storz"", ""product_name"": ""Straight Scissors"", ""size_display"": ""OD 2.5 mm; working length 50 cm"", ""spec_json"": {}}"
SRC030,Karl Storz.pdf,p. 86,,"{""catalog_number"": ""10367H"", ""manufacturer"": ""Karl Storz"", ""product_name"": ""Alligator Forceps for Hard Foreign Bodies"", ""size_display"": ""OD 2.5 mm; working length 35 cm"", ""spec_json"": {}}"
SRC030,Karl Storz.pdf,p. 86,,"{""catalog_number"": ""10367K"", ""manufacturer"": ""Karl Storz"", ""product_name"": ""Forceps for Peanuts/Soft Foreign Bodies"", ""size_display"": ""OD 2.5 mm; working length 35 cm"", ""spec_json"": {}}"
SRC030,Karl Storz.pdf,p. 86,,"{""catalog_number"": ""10367L"", ""manufacturer"": ""Karl Storz"", ""product_name"": ""Round Spoon Biopsy Forceps"", ""size_display"": ""OD 2.5 mm; working length 35 cm"", ""spec_json"": {}}"
SRC030,Karl Storz.pdf,p. 87,,"{""catalog_number"": ""10370H"", ""manufacturer"": ""Karl Storz"", ""product_name"": ""Alligator Forceps"", ""size_display"": ""OD 2.5 mm; working length 50 cm"", ""spec_json"": {}}"
SRC030,Karl Storz.pdf,p. 87,,"{""catalog_number"": ""10370J"", ""manufacturer"": ""Karl Storz"", ""product_name"": ""Pointed Serrated Forceps for Coins/Flat Bodies"", ""size_display"": ""OD 2.5 mm; working length 50 cm"", ""spec_json"": {}}"
SRC030,Karl Storz.pdf,p. 87,,"{""catalog_number"": ""10370K"", ""manufacturer"": ""Karl Storz"", ""product_name"": ""Forceps for Peanuts/Soft Foreign Bodies"", ""size_display"": ""OD 2.5 mm; working length 50 cm"", ""spec_json"": {}}"
SRC030,Karl Storz.pdf,p. 87,,"{""catalog_number"": ""10370L"", ""manufacturer"": ""Karl Storz"", ""product_name"": ""Round Spoon Biopsy Forceps"", ""size_display"": ""OD 2.5 mm; working length 50 cm"", ""spec_json"": {}}"
SRC030,Karl Storz.pdf,p. 87,,"{""catalog_number"": ""10370M"", ""manufacturer"": ""Karl Storz"", ""product_name"": ""Malleable Round Spoon Biopsy Forceps"", ""size_display"": ""OD 2.5 mm; working length 50 cm"", ""spec_json"": {}}"
SRC030,Karl Storz.pdf,p. 87,,"{""catalog_number"": ""10370P"", ""manufacturer"": ""Karl Storz"", ""product_name"": ""Oval Fenestrated Biopsy Forceps"", ""size_display"": ""OD 2.5 mm; working length 50 cm"", ""spec_json"": {}}"
SRC030,Karl Storz.pdf,p. 87,,"{""catalog_number"": ""10370U"", ""manufacturer"": ""Karl Storz"", ""product_name"": ""Universal Forceps"", ""size_display"": ""OD 2.5 mm; working length 50 cm"", ""spec_json"": {}}"
SRC030,Karl Storz.pdf,p. 88,,"{""catalog_number"": ""10371HL"", ""manufacturer"": ""Karl Storz"", ""product_name"": ""Alligator Forceps"", ""size_display"": ""OD 2.0 mm; working length 45 cm"", ""spec_json"": {}}"
SRC030,Karl Storz.pdf,p. 88,,"{""catalog_number"": ""10371KL"", ""manufacturer"": ""Karl Storz"", ""product_name"": ""Forceps for Peanuts/Soft Foreign Bodies"", ""size_display"": ""OD 2.0 mm; working length 45 cm"", ""spec_json"": {}}"
SRC030,Karl Storz.pdf,p. 88,,"{""catalog_number"": ""10371LL"", ""manufacturer"": ""Karl Storz"", ""product_name"": ""Round Spoon Biopsy Forceps"", ""size_display"": ""OD 2.0 mm; working length 45 cm"", ""spec_json"": {}}"
SRC030,Karl Storz.pdf,p. 88,,"{""catalog_number"": ""10371UL"", ""manufacturer"": ""Karl Storz"", ""product_name"": ""Universal Forceps"", ""size_display"": ""OD 2.0 mm; working length 45 cm"", ""spec_json"": {}}"
SRC030,Karl Storz.pdf,p. 88,,"{""catalog_number"": ""10371H"", ""manufacturer"": ""Karl Storz"", ""product_name"": ""Alligator Forceps"", ""size_display"": ""OD 2.0 mm; working length 35 cm"", ""spec_json"": {}}"
SRC030,Karl Storz.pdf,p. 88,,"{""catalog_number"": ""10371J"", ""manufacturer"": ""Karl Storz"", ""product_name"": ""Pointed Serrated Forceps for Coins/Flat Bodies"", ""size_display"": ""OD 2.0 mm; working length 35 cm"", ""spec_json"": {}}"
SRC030,Karl Storz.pdf,p. 88,,"{""catalog_number"": ""10371K"", ""manufacturer"": ""Karl Storz"", ""product_name"": ""Forceps for Peanuts/Soft Foreign Bodies"", ""size_display"": ""OD 2.0 mm; working length 35 cm"", ""spec_json"": {}}"
SRC030,Karl Storz.pdf,p. 88,,"{""catalog_number"": ""10371L"", ""manufacturer"": ""Karl Storz"", ""product_name"": ""Round Spoon Biopsy Forceps"", ""size_display"": ""OD 2.0 mm; working length 35 cm"", ""spec_json"": {}}"
SRC030,Karl Storz.pdf,p. 88,,"{""catalog_number"": ""10371P"", ""manufacturer"": ""Karl Storz"", ""product_name"": ""Oval Fenestrated Biopsy Forceps"", ""size_display"": ""OD 2.0 mm; working length 35 cm"", ""spec_json"": {}}"
SRC030,Karl Storz.pdf,p. 88,,"{""catalog_number"": ""10371U"", ""manufacturer"": ""Karl Storz"", ""product_name"": ""Universal Forceps"", ""size_display"": ""OD 2.0 mm; working length 35 cm"", ""spec_json"": {}}"
SRC030,Karl Storz.pdf,p. 89,,"{""catalog_number"": ""10372HL"", ""manufacturer"": ""Karl Storz"", ""product_name"": ""Alligator Forceps"", ""size_display"": ""OD 1.5 mm; working length 35 cm"", ""spec_json"": {}}"
SRC030,Karl Storz.pdf,p. 89,,"{""catalog_number"": ""10372JL"", ""manufacturer"": ""Karl Storz"", ""product_name"": ""Pointed Serrated Forceps"", ""size_display"": ""OD 1.5 mm; working length 35 cm"", ""spec_json"": {}}"
SRC030,Karl Storz.pdf,p. 89,,"{""catalog_number"": ""10372KL"", ""manufacturer"": ""Karl Storz"", ""product_name"": ""Forceps for Peanuts/Soft Foreign Bodies"", ""size_display"": ""OD 1.5 mm; working length 35 cm"", ""spec_json"": {}}"
SRC030,Karl Storz.pdf,p. 89,,"{""catalog_number"": ""10372LL"", ""manufacturer"": ""Karl Storz"", ""product_name"": ""Round Spoon Biopsy Forceps"", ""size_display"": ""OD 1.5 mm; working length 35 cm"", ""spec_json"": {}}"
SRC030,Karl Storz.pdf,p. 89,,"{""catalog_number"": ""10372UL"", ""manufacturer"": ""Karl Storz"", ""product_name"": ""Universal Forceps"", ""size_display"": ""OD 1.5 mm; working length 35 cm"", ""spec_json"": {}}"
SRC030,Karl Storz.pdf,p. 89,,"{""catalog_number"": ""10372H"", ""manufacturer"": ""Karl Storz"", ""product_name"": ""Alligator Forceps"", ""size_display"": ""OD 1.5 mm; working length 25 cm"", ""spec_json"": {}}"
SRC030,Karl Storz.pdf,p. 89,,"{""catalog_number"": ""10372K"", ""manufacturer"": ""Karl Storz"", ""product_name"": ""Forceps for Peanuts/Soft Foreign Bodies"", ""size_display"": ""OD 1.5 mm; working length 25 cm"", ""spec_json"": {}}"
SRC030,Karl Storz.pdf,p. 91,,"{""catalog_number"": ""10380A"", ""manufacturer"": ""Karl Storz"", ""product_name"": ""Suction Tube"", ""size_display"": ""OD 4 mm; working length 50 cm"", ""spec_json"": {}}"
SRC030,Karl Storz.pdf,p. 91,,"{""catalog_number"": ""10380D"", ""manufacturer"": ""Karl Storz"", ""product_name"": ""Suction Tube"", ""size_display"": ""OD 2.5 mm; working length 50 cm"", ""spec_json"": {}}"
SRC030,Karl Storz.pdf,p. 91,,"{""catalog_number"": ""10380H"", ""manufacturer"": ""Karl Storz"", ""product_name"": ""Suction Tube"", ""size_display"": ""OD 5 mm; working length 50 cm"", ""spec_json"": {}}"
SRC030,Karl Storz.pdf,p. 91,,"{""catalog_number"": ""10383A"", ""manufacturer"": ""Karl Storz"", ""product_name"": ""Suction Tube with Cut-Off Hole"", ""size_display"": ""OD 4 mm; working length 50 cm"", ""spec_json"": {}}"
SRC030,Karl Storz.pdf,p. 91,,"{""catalog_number"": ""10381A"", ""manufacturer"": ""Karl Storz"", ""product_name"": ""Suction Tube with Rubber Tip, Straight"", ""size_display"": ""OD 4 mm; working length 50 cm"", ""spec_json"": {}}"
SRC030,Karl Storz.pdf,p. 91,,"{""catalog_number"": ""10382A"", ""manufacturer"": ""Karl Storz"", ""product_name"": ""Suction Tube with Rubber Tip, Curved"", ""size_display"": ""OD 4 mm; working length 50 cm"", ""spec_json"": {}}"
SRC030,Karl Storz.pdf,p. 91,,"{""catalog_number"": ""10390AN"", ""manufacturer"": ""Karl Storz"", ""product_name"": ""Coagulation Suction Tube"", ""size_display"": ""OD 4 mm; working length 50 cm"", ""spec_json"": {}}"
SRC030,Karl Storz.pdf,p. 91,,"{""catalog_number"": ""10380AK"", ""manufacturer"": ""Karl Storz"", ""product_name"": ""Suction Tube"", ""size_display"": ""OD 4 mm; working length 35 cm"", ""spec_json"": {}}"
SRC030,Karl Storz.pdf,p. 91,,"{""catalog_number"": ""10380B"", ""manufacturer"": ""Karl Storz"", ""product_name"": ""Suction Tube"", ""size_display"": ""OD 3 mm; working length 35 cm"", ""spec_json"": {}}"
SRC030,Karl Storz.pdf,p. 91,,"{""catalog_number"": ""10380CB"", ""manufacturer"": ""Karl Storz"", ""product_name"": ""Suction Tube"", ""size_display"": ""OD 2 mm; working length 35 cm"", ""spec_json"": {}}"
SRC030,Karl Storz.pdf,p. 91,,"{""catalog_number"": ""10383B"", ""manufacturer"": ""Karl Storz"", ""product_name"": ""Suction Tube with Cut-Off Hole"", ""size_display"": ""OD 3 mm; working length 35 cm"", ""spec_json"": {}}"
SRC030,Karl Storz.pdf,p. 91,,"{""catalog_number"": ""10383BL"", ""manufacturer"": ""Karl Storz"", ""product_name"": ""Suction Tube with Cut-Off Hole"", ""size_display"": ""OD 5.5 mm; working length 35 cm"", ""spec_json"": {}}"
SRC030,Karl Storz.pdf,p. 91,,"{""catalog_number"": ""10381B"", ""manufacturer"": ""Karl Storz"", ""product_name"": ""Suction Tube with Rubber Tip, Straight"", ""size_display"": ""OD 2 mm; working length 35 cm"", ""spec_json"": {}}"
SRC030,Karl Storz.pdf,p. 91,,"{""catalog_number"": ""10382B"", ""manufacturer"": ""Karl Storz"", ""product_name"": ""Suction Tube with Rubber Tip, Curved"", ""size_display"": ""OD 2 mm; working length 35 cm"", ""spec_json"": {}}"
SRC030,Karl Storz.pdf,p. 91,,"{""catalog_number"": ""10390BN"", ""manufacturer"": ""Karl Storz"", ""product_name"": ""Coagulation Suction Tube"", ""size_display"": ""OD 3 mm; working length 35 cm"", ""spec_json"": {}}"
SRC030,Karl Storz.pdf,p. 91,,"{""catalog_number"": ""10383DD"", ""manufacturer"": ""Karl Storz"", ""product_name"": ""Suction Tube with Cut-Off Hole"", ""size_display"": ""OD 2 mm; working length 30 cm"", ""spec_json"": {}}"
SRC030,Karl Storz.pdf,p. 91,,"{""catalog_number"": ""10383F"", ""manufacturer"": ""Karl Storz"", ""product_name"": ""Suction Tube with Cut-Off Hole"", ""size_display"": ""OD 3 mm; working length 30 cm"", ""spec_json"": {}}"
SRC030,Karl Storz.pdf,p. 91,,"{""catalog_number"": ""10380C"", ""manufacturer"": ""Karl Storz"", ""product_name"": ""Suction Tube"", ""size_display"": ""OD 2 mm; working length 25 cm"", ""spec_json"": {}}"
SRC030,Karl Storz.pdf,p. 91,,"{""catalog_number"": ""10383C"", ""manufacturer"": ""Karl Storz"", ""product_name"": ""Suction Tube with Cut-Off Hole"", ""size_display"": ""OD 2 mm; working length 25 cm"", ""spec_json"": {}}"
SRC030,Karl Storz.pdf,p. 91,,"{""catalog_number"": ""10383CC"", ""manufacturer"": ""Karl Storz"", ""product_name"": ""Suction Tube with Cut-Off Hole"", ""size_display"": ""OD 1 mm; working length 25 cm"", ""spec_json"": {}}"
SRC030,Karl Storz.pdf,p. 91,,"{""catalog_number"": ""10383D"", ""manufacturer"": ""Karl Storz"", ""product_name"": ""Suction Tube with Cut-Off Hole"", ""size_display"": ""OD 3 mm; working length 25 cm"", ""spec_json"": {}}"
SRC030,Karl Storz.pdf,p. 91,,"{""catalog_number"": ""10383E"", ""manufacturer"": ""Karl Storz"", ""product_name"": ""Suction Tube with Cut-Off Hole"", ""size_display"": ""OD 4 mm; working length 25 cm"", ""spec_json"": {}}"
SRC030,Karl Storz.pdf,p. 91,,"{""catalog_number"": ""10384A"", ""manufacturer"": ""Karl Storz"", ""product_name"": ""Cotton Applicator 50 cm"", ""size_display"": """", ""spec_json"": {}}"
SRC030,Karl Storz.pdf,p. 91,,"{""catalog_number"": ""10385A"", ""manufacturer"": ""Karl Storz"", ""product_name"": ""Sponge Holder 50 cm"", ""size_display"": """", ""spec_json"": {}}"
SRC030,Karl Storz.pdf,p. 91,,"{""catalog_number"": ""10387A"", ""manufacturer"": ""Karl Storz"", ""product_name"": ""Spring-Handle Sponge Holder 50 cm"", ""size_display"": """", ""spec_json"": {}}"
SRC030,Karl Storz.pdf,p. 91,,"{""catalog_number"": ""10388A"", ""manufacturer"": ""Karl Storz"", ""product_name"": ""Sponge Holder for Sterile Smears"", ""size_display"": """", ""spec_json"": {}}"
SRC030,Karl Storz.pdf,p. 91,,"{""catalog_number"": ""10384B"", ""manufacturer"": ""Karl Storz"", ""product_name"": ""Cotton Applicator 35 cm"", ""size_display"": """", ""spec_json"": {}}"
SRC030,Karl Storz.pdf,p. 91,,"{""catalog_number"": ""10385B"", ""manufacturer"": ""Karl Storz"", ""product_name"": ""Sponge Holder 35 cm"", ""size_display"": """", ""spec_json"": {}}"
SRC030,Karl Storz.pdf,p. 91,,"{""catalog_number"": ""10387B"", ""manufacturer"": ""Karl Storz"", ""product_name"": ""Spring-Handle Sponge Holder 35 cm"", ""size_display"": """", ""spec_json"": {}}"
SRC030,Karl Storz.pdf,p. 92,,"{""catalog_number"": ""10432N"", ""manufacturer"": ""Karl Storz"", ""product_name"": ""Aspirator for Collecting Secretions with Cut-Off Hole"", ""size_display"": """", ""spec_json"": {}}"
SRC030,Karl Storz.pdf,p. 92,,"{""catalog_number"": ""10432T"", ""manufacturer"": ""Karl Storz"", ""product_name"": ""Aspirator for Collecting Secretions without Cut-Off Hole"", ""size_display"": """", ""spec_json"": {}}"
SRC030,Karl Storz.pdf,p. 92,,"{""catalog_number"": ""10432ED"", ""manufacturer"": ""Karl Storz"", ""product_name"": ""Single-Use Plastic Collection Device, Pack of 100"", ""size_display"": """", ""spec_json"": {}}"
SRC030,Karl Storz.pdf,p. 92,,"{""catalog_number"": ""10434"", ""manufacturer"": ""Karl Storz"", ""product_name"": ""HUZLY Aspirator and Bronchus Irrigator"", ""size_display"": """", ""spec_json"": {}}"
SRC030,Karl Storz.pdf,p. 92,,"{""catalog_number"": ""10434A"", ""manufacturer"": ""Karl Storz"", ""product_name"": ""HUZLY Suction Tube 4 mm x 50 cm"", ""size_display"": """", ""spec_json"": {}}"
SRC030,Karl Storz.pdf,p. 92,,"{""catalog_number"": ""10434B"", ""manufacturer"": ""Karl Storz"", ""product_name"": ""HUZLY Suction Tube 3 mm x 35 cm"", ""size_display"": """", ""spec_json"": {}}"
SRC030,Karl Storz.pdf,p. 92,,"{""catalog_number"": ""10436"", ""manufacturer"": ""Karl Storz"", ""product_name"": ""Straight Aspiration Biopsy Needle 1.6 mm x 47 cm"", ""size_display"": """", ""spec_json"": {}}"
SRC030,Karl Storz.pdf,p. 92,,"{""catalog_number"": ""10438"", ""manufacturer"": ""Karl Storz"", ""product_name"": ""Angled Aspiration Biopsy Needle 1.6 mm x 47 cm"", ""size_display"": """", ""spec_json"": {}}"
SRC030,Karl Storz.pdf,p. 93,,"{""catalog_number"": ""10452A"", ""manufacturer"": ""Karl Storz"", ""product_name"": ""Bronchial Atomizer, 50 cm"", ""size_display"": """", ""spec_json"": {}}"
SRC030,Karl Storz.pdf,p. 93,,"{""catalog_number"": ""10452B"", ""manufacturer"": ""Karl Storz"", ""product_name"": ""Bronchial Atomizer, 40 cm"", ""size_display"": """", ""spec_json"": {}}"
SRC030,Karl Storz.pdf,p. 93,,"{""catalog_number"": ""10454"", ""manufacturer"": ""Karl Storz"", ""product_name"": ""Laryngeal Atomizer"", ""size_display"": """", ""spec_json"": {}}"
SRC030,Karl Storz.pdf,p. 93,,"{""catalog_number"": ""10455A"", ""manufacturer"": ""Karl Storz"", ""product_name"": ""Graduated Container"", ""size_display"": """", ""spec_json"": {}}"
SRC030,Karl Storz.pdf,p. 93,,"{""catalog_number"": ""10386A"", ""manufacturer"": ""Karl Storz"", ""product_name"": ""Foreign Body Basket, 50 cm"", ""size_display"": """", ""spec_json"": {}}"
SRC030,Karl Storz.pdf,p. 93,,"{""catalog_number"": ""10386B"", ""manufacturer"": ""Karl Storz"", ""product_name"": ""Foreign Body Basket, 35 cm"", ""size_display"": """", ""spec_json"": {}}"
SRC030,Karl Storz.pdf,pp. 66-70,,"{""catalog_number"": ""10315M"", ""manufacturer"": ""Karl Storz"", ""product_name"": ""Glass Window Plug"", ""size_display"": """", ""spec_json"": {}}"
SRC030,Karl Storz.pdf,pp. 66-70,,"{""catalog_number"": ""10315N"", ""manufacturer"": ""Karl Storz"", ""product_name"": ""Rubber Telescope Guide"", ""size_display"": """", ""spec_json"": {}}"
SRC030,Karl Storz.pdf,pp. 66-70,,"{""catalog_number"": ""10315P"", ""manufacturer"": ""Karl Storz"", ""product_name"": ""FLUVOG Adapter"", ""size_display"": """", ""spec_json"": {}}"
SRC030,Karl Storz.pdf,pp. 66-70,,"{""catalog_number"": ""10314BM"", ""manufacturer"": ""Karl Storz"", ""product_name"": ""Glass Window Plug"", ""size_display"": """", ""spec_json"": {}}"
SRC030,Karl Storz.pdf,pp. 66-70,,"{""catalog_number"": ""10314BN"", ""manufacturer"": ""Karl Storz"", ""product_name"": ""Rubber Telescope Guide"", ""size_display"": """", ""spec_json"": {}}"
SRC030,Karl Storz.pdf,pp. 66-70,,"{""catalog_number"": ""10314P"", ""manufacturer"": ""Karl Storz"", ""product_name"": ""FLUVOG Adapter"", ""size_display"": """", ""spec_json"": {}}"
SRC030,Karl Storz.pdf,pp. 66-70,,"{""catalog_number"": ""10318K"", ""manufacturer"": ""Karl Storz"", ""product_name"": ""Positive-Pressure Ventilation Injection Cannula"", ""size_display"": """", ""spec_json"": {}}"
SRC030,Karl Storz.pdf,pp. 66-70,,"{""catalog_number"": ""10318S"", ""manufacturer"": ""Karl Storz"", ""product_name"": ""Instrument Guide for Suction Catheter"", ""size_display"": """", ""spec_json"": {}}"
SRC030,Karl Storz.pdf,pp. 66-70,,"{""catalog_number"": ""10338TRA"", ""manufacturer"": ""Karl Storz"", ""product_name"": ""Adjustable Magnifier"", ""size_display"": """", ""spec_json"": {}}"
SRC030,Karl Storz.pdf,pp. 66-70,,"{""catalog_number"": ""10924D"", ""manufacturer"": ""Karl Storz"", ""product_name"": ""Respirator Adapter"", ""size_display"": """", ""spec_json"": {}}"
SRC030,Karl Storz.pdf,pp. 66-70,,"{""catalog_number"": ""10924DL"", ""manufacturer"": ""Karl Storz"", ""product_name"": ""Long Respirator Adapter"", ""size_display"": """", ""spec_json"": {}}"
SRC030,Karl Storz.pdf,pp. 66-70,,"{""catalog_number"": ""10101FA"", ""manufacturer"": ""Karl Storz"", ""product_name"": ""Prismatic Light Deflector"", ""size_display"": """", ""spec_json"": {}}"
SRC030,Karl Storz.pdf,pp. 66-70,,"{""catalog_number"": ""10316LR"", ""manufacturer"": ""Karl Storz"", ""product_name"": ""Respirator Adapter for GRONINGEN Tracheoscope"", ""size_display"": """", ""spec_json"": {}}"
SRC030,Karl Storz.pdf,pp. 68-69,,"{""catalog_number"": ""10318FL"", ""manufacturer"": ""Karl Storz"", ""product_name"": ""Full Lumen Operating Bronchoscope"", ""size_display"": ""Size 12 mm; length 43 cm"", ""spec_json"": {}}"
SRC030,Karl Storz.pdf,pp. 68-69,,"{""catalog_number"": ""10318F"", ""manufacturer"": ""Karl Storz"", ""product_name"": ""Full Lumen Operating Tracheoscope"", ""size_display"": ""Size 12 mm; length 33 cm"", ""spec_json"": {}}"
SRC030,Karl Storz.pdf,pp. 68-69,,"{""catalog_number"": ""10318G"", ""manufacturer"": ""Karl Storz"", ""product_name"": ""Full Lumen Operating Tracheoscope"", ""size_display"": ""Size 14 mm; length 33 cm"", ""spec_json"": {}}"
SRC030,Karl Storz.pdf,pp. 68-69,,"{""catalog_number"": ""10318ER"", ""manufacturer"": ""Karl Storz"", ""product_name"": ""Full Lumen Operating Bronchoscope for Stent Application"", ""size_display"": ""Size 11 mm; length 43 cm"", ""spec_json"": {}}"
SRC030,Karl Storz.pdf,pp. 68-69,,"{""catalog_number"": ""10318GL"", ""manufacturer"": ""Karl Storz"", ""product_name"": ""Full Lumen Operating Bronchoscope for Stent Application"", ""size_display"": ""Size 14 mm; length 43 cm"", ""spec_json"": {}}"
SRC030,Karl Storz.pdf,pp. 70-73,,"{""catalog_number"": ""10005AA"", ""manufacturer"": ""Karl Storz"", ""product_name"": ""HOPKINS II Straight Forward Telescope"", ""size_display"": ""0°; OD 4 mm; length 30 cm"", ""spec_json"": {""direction_of_view_deg"": 0, ""outer_diameter_mm"": 4, ""working_length_mm"": 300}}"
SRC030,Karl Storz.pdf,pp. 70-73,,"{""catalog_number"": ""10005BA"", ""manufacturer"": ""Karl Storz"", ""product_name"": ""HOPKINS II Forward-Oblique Telescope"", ""size_display"": ""30°; OD 4 mm; length 30 cm"", ""spec_json"": {""direction_of_view_deg"": 30, ""outer_diameter_mm"": 4, ""working_length_mm"": 300}}"
SRC030,Karl Storz.pdf,pp. 70-73,,"{""catalog_number"": ""10320AA"", ""manufacturer"": ""Karl Storz"", ""product_name"": ""HOPKINS Straight Forward Telescope"", ""size_display"": ""0°; OD 5.5 mm; length 50 cm"", ""spec_json"": {""direction_of_view_deg"": 0, ""outer_diameter_mm"": 5.5, ""working_length_mm"": 500}}"
SRC030,Karl Storz.pdf,pp. 70-73,,"{""catalog_number"": ""10320BA"", ""manufacturer"": ""Karl Storz"", ""product_name"": ""HOPKINS Forward-Oblique Telescope"", ""size_display"": ""30°; OD 5.5 mm; length 50 cm"", ""spec_json"": {""direction_of_view_deg"": 30, ""outer_diameter_mm"": 5.5, ""working_length_mm"": 500}}"
SRC030,Karl Storz.pdf,pp. 70-73,,"{""catalog_number"": ""10320DA"", ""manufacturer"": ""Karl Storz"", ""product_name"": ""HOPKINS Lateral Telescope"", ""size_display"": ""90°; OD 5.5 mm; length 50 cm"", ""spec_json"": {""direction_of_view_deg"": 90, ""outer_diameter_mm"": 5.5, ""working_length_mm"": 500}}"
SRC030,Karl Storz.pdf,pp. 70-73,,"{""catalog_number"": ""10328AA"", ""manufacturer"": ""Karl Storz"", ""product_name"": ""HOPKINS Straight Forward Telescope"", ""size_display"": ""0°; OD 4.5 mm; length 50 cm"", ""spec_json"": {""direction_of_view_deg"": 0, ""outer_diameter_mm"": 4.5, ""working_length_mm"": 500}}"
