slot_id,product_id,role_code,eligibility_status,visible_by_default,reason
SLOT-42AC1F18B2,PRD-A6CF0E2BA4,FLEX_SCOPE_SINGLE_USE,Unverified candidate,No,Primary fit for FLEX_SCOPE_SINGLE_USE; Hidden until verified.
SLOT-42AC1F18B2,PRD-F2C87C4908,FLEX_SCOPE_SINGLE_USE,Unverified candidate,No,Primary fit for FLEX_SCOPE_SINGLE_USE; Hidden until verified.
SLOT-42AC1F18B2,PRD-E907C0EB2E,FLEX_SCOPE_SINGLE_USE,Unverified candidate,No,Primary fit for FLEX_SCOPE_SINGLE_USE; Hidden until verified.
SLOT-42AC1F18B2,PRD-972FD7E1D0,FLEX_SCOPE_SINGLE_USE,Unverified candidate,No,Primary fit for FLEX_SCOPE_SINGLE_USE; Hidden until verified.
SLOT-42AC1F18B2,PRD-BF2B39F2F3,FLEX_SCOPE_SINGLE_USE,Unverified candidate,No,Primary fit for FLEX_SCOPE_SINGLE_USE; Hidden until verified.
SLOT-42AC1F18B2,PRD-27506A7423,FLEX_SCOPE_SINGLE_USE,Unverified candidate,No,Primary fit for FLEX_SCOPE_SINGLE_USE; Hidden until verified.
SLOT-42AC1F18B2,PRD-212CEA70A3,FLEX_SCOPE_SINGLE_USE,Prototype candidate,Yes,Primary fit for FLEX_SCOPE_SINGLE_USE; source-backed and prototype-visible.
SLOT-42AC1F18B2,PRD-34895D701B,FLEX_SCOPE_SINGLE_USE,Prototype candidate,Yes,Primary fit for FLEX_SCOPE_SINGLE_USE; source-backed and prototype-visible.
SLOT-42AC1F18B2,PRD-7C8F860816,FLEX_SCOPE_SINGLE_USE,Prototype candidate,Yes,Primary fit for FLEX_SCOPE_SINGLE_USE; source-backed and prototype-visible.
SLOT-42AC1F18B2,PRD-9CE6992373,FLEX_SCOPE_SINGLE_USE,Prototype candidate,Yes,Primary fit for FLEX_SCOPE_SINGLE_USE; source-backed and prototype-visible.
SLOT-42AC1F18B2,PRD-BC936E9D71,FLEX_SCOPE_SINGLE_USE,Prototype candidate,Yes,Primary fit for FLEX_SCOPE_SINGLE_USE; source-backed and prototype-visible.
SLOT-7BAF2FC882,PRD-CEED2FDA83,VIDEO_PROCESSOR,Unverified candidate,No,Primary fit for VIDEO_PROCESSOR; Hidden until verified.
SLOT-7BAF2FC882,PRD-AE9BC99FAA,VIDEO_PROCESSOR,Unverified candidate,No,Primary fit for VIDEO_PROCESSOR; Hidden until verified.
SLOT-7BAF2FC882,PRD-EA1D57AC9A,VIDEO_PROCESSOR,Prototype candidate,Yes,Primary fit for VIDEO_PROCESSOR; source-backed and prototype-visible.
SLOT-7BAF2FC882,PRD-CE23D2A34E,VIDEO_PROCESSOR,Unverified candidate,No,Exact fit for VIDEO_PROCESSOR; Hidden - current U.S. status unverified.
SLOT-8790F5F0AE,PRD-0BAE92E0E1,SPECIMEN_TRAP,Unverified candidate,No,Primary fit for SPECIMEN_TRAP; Hidden until verified.
SLOT-8790F5F0AE,PRD-129E6C270A,SPECIMEN_TRAP,Unverified candidate,No,Exact fit for SPECIMEN_TRAP; Hidden - current U.S. status unverified.
SLOT-8790F5F0AE,PRD-019030A1C7,SPECIMEN_TRAP,Unverified candidate,No,Exact fit for SPECIMEN_TRAP; Hidden - current U.S. status unverified.
SLOT-8790F5F0AE,PRD-0A2ABE77F9,SPECIMEN_TRAP,Unverified candidate,No,Exact fit for SPECIMEN_TRAP; Hidden - current U.S. status unverified.
SLOT-B138BA994E,PRD-8DDD9F07C0,BIOPSY_FORCEPS_FLEX,Prototype candidate,Yes,Primary fit for BIOPSY_FORCEPS_FLEX; source-backed and prototype-visible.
SLOT-B138BA994E,PRD-72889F9CE3,BIOPSY_FORCEPS_FLEX,Prototype candidate,Yes,Primary fit for BIOPSY_FORCEPS_FLEX; source-backed and prototype-visible.
SLOT-B138BA994E,PRD-BF2EC6AB5E,BIOPSY_FORCEPS_FLEX,Prototype candidate,Yes,Primary fit for BIOPSY_FORCEPS_FLEX; source-backed and prototype-visible.
SLOT-B138BA994E,PRD-27BF9F087E,BIOPSY_FORCEPS_FLEX,Prototype candidate,Yes,Primary fit for BIOPSY_FORCEPS_FLEX; source-backed and prototype-visible.
SLOT-B138BA994E,PRD-A83C7ADE90,BIOPSY_FORCEPS_FLEX,Prototype candidate,Yes,Primary fit for BIOPSY_FORCEPS_FLEX; source-backed and prototype-visible.
SLOT-B138BA994E,PRD-217AB10438,BIOPSY_FORCEPS_FLEX,Prototype candidate,Yes,Primary fit for BIOPSY_FORCEPS_FLEX; source-backed and prototype-visible.
SLOT-B138BA994E,PRD-615CDFB8AB,BIOPSY_FORCEPS_FLEX,Unverified candidate,No,Exact fit for BIOPSY_FORCEPS_FLEX; Hidden - current U.S. status unverified.
SLOT-B138BA994E,PRD-F9A98419EA,BIOPSY_FORCEPS_FLEX,Unverified candidate,No,Exact fit for BIOPSY_FORCEPS_FLEX; Hidden - current U.S. status unverified.
SLOT-B138BA994E,PRD-BA02119C36,BIOPSY_FORCEPS_FLEX,Unverified candidate,No,Primary fit for BIOPSY_FORCEPS_FLEX; Hidden until verified.
SLOT-B138BA994E,PRD-882E06A5A9,BIOPSY_FORCEPS_FLEX,Prototype candidate,Yes,Primary fit for BIOPSY_FORCEPS_FLEX; source-backed and prototype-visible.
SLOT-B138BA994E,PRD-9CFCC838A3,BIOPSY_FORCEPS_FLEX,Prototype candidate,Yes,Primary fit for BIOPSY_FORCEPS_FLEX; source-backed and prototype-visible.
SLOT-B138BA994E,PRD-E7FAE36160,BIOPSY_FORCEPS_FLEX,Prototype candidate,Yes,Primary fit for BIOPSY_FORCEPS_FLEX; source-backed and prototype-visible.
SLOT-B138BA994E,PRD-EF6C5DE6CC,BIOPSY_FORCEPS_FLEX,Prototype candidate,Yes,Primary fit for BIOPSY_FORCEPS_FLEX; source-backed and prototype-visible.
SLOT-B138BA994E,PRD-2C4537F4D4,BIOPSY_FORCEPS_FLEX,Unverified candidate,No,Primary fit for BIOPSY_FORCEPS_FLEX; Hidden - current U.S. status unverified.
SLOT-B138BA994E,PRD-3D26E84017,BIOPSY_FORCEPS_FLEX,Prototype candidate,Yes,Primary fit for BIOPSY_FORCEPS_FLEX; source-backed and prototype-visible.
SLOT-B138BA994E,PRD-58DE7D49C4,BIOPSY_FORCEPS_FLEX,Prototype candidate,Yes,Primary fit for BIOPSY_FORCEPS_FLEX; source-backed and prototype-visible.
SLOT-B138BA994E,PRD-A2F4A953C4,BIOPSY_FORCEPS_FLEX,Unverified candidate,No,Exact fit for BIOPSY_FORCEPS_FLEX; Hidden - current U.S. status unverified.
SLOT-4CC66ADF82,PRD-2F3F39DBA3,CYTOLOGY_BRUSH,Prototype candidate,Yes,Primary fit for CYTOLOGY_BRUSH; source-backed and prototype-visible.
SLOT-4CC66ADF82,PRD-81331808E3,CYTOLOGY_BRUSH,Prototype candidate,Yes,Primary fit for CYTOLOGY_BRUSH; source-backed and prototype-visible.
SLOT-4CC66ADF82,PRD-1239820D80,CYTOLOGY_BRUSH,Prototype candidate,Yes,Primary fit for CYTOLOGY_BRUSH; source-backed and prototype-visible.
SLOT-4CC66ADF82,PRD-251B275384,CYTOLOGY_BRUSH,Prototype candidate,Yes,Primary fit for CYTOLOGY_BRUSH; source-backed and prototype-visible.
SLOT-4CC66ADF82,PRD-1292C69B1E,CYTOLOGY_BRUSH,Prototype candidate,Yes,Primary fit for CYTOLOGY_BRUSH; source-backed and prototype-visible.
SLOT-4CC66ADF82,PRD-4C745881F9,CYTOLOGY_BRUSH,Prototype candidate,Yes,Primary fit for CYTOLOGY_BRUSH; source-backed and prototype-visible.
SLOT-4CC66ADF82,PRD-E7724A6977,CYTOLOGY_BRUSH,Prototype candidate,Yes,Primary fit for CYTOLOGY_BRUSH; source-backed and prototype-visible.
SLOT-4CC66ADF82,PRD-B091070F8D,CYTOLOGY_BRUSH,Prototype candidate,Yes,Primary fit for CYTOLOGY_BRUSH; source-backed and prototype-visible.
SLOT-4CC66ADF82,PRD-B2C431C0F9,CYTOLOGY_BRUSH,Prototype candidate,Yes,Primary fit for CYTOLOGY_BRUSH; source-backed and prototype-visible.
SLOT-4CC66ADF82,PRD-5831011F6E,CYTOLOGY_BRUSH,Prototype candidate,Yes,Primary fit for CYTOLOGY_BRUSH; source-backed and prototype-visible.
SLOT-4CC66ADF82,PRD-CB09A823A5,CYTOLOGY_BRUSH,Unverified candidate,No,Exact fit for CYTOLOGY_BRUSH; Hidden - current U.S. status unverified.
SLOT-53400A7A7C,PRD-9844E2B578,FOREIGN_BODY_FORCEPS_FLEX,Prototype candidate,Yes,Primary fit for FOREIGN_BODY_FORCEPS_FLEX; source-backed and prototype-visible.
SLOT-53400A7A7C,PRD-D630438171,FOREIGN_BODY_FORCEPS_FLEX,Prototype candidate,Yes,Primary fit for FOREIGN_BODY_FORCEPS_FLEX; source-backed and prototype-visible.
SLOT-53400A7A7C,PRD-2677F0C69F,FOREIGN_BODY_FORCEPS_FLEX,Prototype candidate,Yes,Primary fit for FOREIGN_BODY_FORCEPS_FLEX; source-backed and prototype-visible.
SLOT-53400A7A7C,PRD-D5A6823E45,FOREIGN_BODY_FORCEPS_FLEX,Prototype candidate,Yes,Primary fit for FOREIGN_BODY_FORCEPS_FLEX; source-backed and prototype-visible.
SLOT-53400A7A7C,PRD-C88B1CD284,FOREIGN_BODY_FORCEPS_FLEX,Prototype candidate,Yes,Primary fit for FOREIGN_BODY_FORCEPS_FLEX; source-backed and prototype-visible.
SLOT-53400A7A7C,PRD-9C633556C2,FOREIGN_BODY_FORCEPS_FLEX,Prototype candidate,Yes,Primary fit for FOREIGN_BODY_FORCEPS_FLEX; source-backed and prototype-visible.
SLOT-53400A7A7C,PRD-BEB189750B,FOREIGN_BODY_FORCEPS_FLEX,Prototype candidate,Yes,Primary fit for FOREIGN_BODY_FORCEPS_FLEX; source-backed and prototype-visible.
SLOT-53400A7A7C,PRD-0F30F277C1,FOREIGN_BODY_FORCEPS_FLEX,Unverified candidate,No,Exact fit for FOREIGN_BODY_FORCEPS_FLEX; Hidden - current U.S. status unverified.
SLOT-3BE665D0CA,PRD-2F7DDD739E,BRONCH_REPROCESSING_KIT,Prototype candidate,Yes,Primary fit for BRONCH_REPROCESSING_KIT; source-backed and prototype-visible.
SLOT-3BE665D0CA,PRD-3ED9411F2F,BRONCH_REPROCESSING_KIT,Prototype candidate,Yes,Primary fit for BRONCH_REPROCESSING_KIT; source-backed and prototype-visible.
SLOT-63E328321A,PRD-5902F1C231,BAL_KIT,Unverified candidate,No,Exact fit for BAL_KIT; Hidden - current U.S. status unverified.
SLOT-63E328321A,PRD-FB2A9A64D9,BAL_KIT,Prototype candidate,Yes,Exact fit for BAL_KIT; source-backed and prototype-visible.
SLOT-63E328321A,PRD-7F97F4EC47,BAL_KIT,Prototype candidate,Yes,Exact fit for BAL_KIT; source-backed and prototype-visible.
SLOT-63E328321A,PRD-9AB8A5ECAC,BAL_KIT,Prototype candidate,Yes,Exact fit for BAL_KIT; source-backed and prototype-visible.
SLOT-0F96B1FA45,PRD-A6CF0E2BA4,FLEX_SCOPE_SINGLE_USE,Unverified candidate,No,Primary fit for FLEX_SCOPE_SINGLE_USE; Hidden until verified.
SLOT-0F96B1FA45,PRD-F2C87C4908,FLEX_SCOPE_SINGLE_USE,Unverified candidate,No,Primary fit for FLEX_SCOPE_SINGLE_USE; Hidden until verified.
SLOT-0F96B1FA45,PRD-E907C0EB2E,FLEX_SCOPE_SINGLE_USE,Unverified candidate,No,Primary fit for FLEX_SCOPE_SINGLE_USE; Hidden until verified.
SLOT-0F96B1FA45,PRD-972FD7E1D0,FLEX_SCOPE_SINGLE_USE,Unverified candidate,No,Primary fit for FLEX_SCOPE_SINGLE_USE; Hidden until verified.
SLOT-0F96B1FA45,PRD-BF2B39F2F3,FLEX_SCOPE_SINGLE_USE,Unverified candidate,No,Primary fit for FLEX_SCOPE_SINGLE_USE; Hidden until verified.
SLOT-0F96B1FA45,PRD-27506A7423,FLEX_SCOPE_SINGLE_USE,Unverified candidate,No,Primary fit for FLEX_SCOPE_SINGLE_USE; Hidden until verified.
SLOT-0F96B1FA45,PRD-212CEA70A3,FLEX_SCOPE_SINGLE_USE,Prototype candidate,Yes,Primary fit for FLEX_SCOPE_SINGLE_USE; source-backed and prototype-visible.
SLOT-0F96B1FA45,PRD-34895D701B,FLEX_SCOPE_SINGLE_USE,Prototype candidate,Yes,Primary fit for FLEX_SCOPE_SINGLE_USE; source-backed and prototype-visible.
SLOT-0F96B1FA45,PRD-7C8F860816,FLEX_SCOPE_SINGLE_USE,Prototype candidate,Yes,Primary fit for FLEX_SCOPE_SINGLE_USE; source-backed and prototype-visible.
SLOT-0F96B1FA45,PRD-9CE6992373,FLEX_SCOPE_SINGLE_USE,Prototype candidate,Yes,Primary fit for FLEX_SCOPE_SINGLE_USE; source-backed and prototype-visible.
SLOT-0F96B1FA45,PRD-BC936E9D71,FLEX_SCOPE_SINGLE_USE,Prototype candidate,Yes,Primary fit for FLEX_SCOPE_SINGLE_USE; source-backed and prototype-visible.
SLOT-A19D105581,PRD-CEED2FDA83,VIDEO_PROCESSOR,Unverified candidate,No,Primary fit for VIDEO_PROCESSOR; Hidden until verified.
SLOT-A19D105581,PRD-AE9BC99FAA,VIDEO_PROCESSOR,Unverified candidate,No,Primary fit for VIDEO_PROCESSOR; Hidden until verified.
SLOT-A19D105581,PRD-EA1D57AC9A,VIDEO_PROCESSOR,Prototype candidate,Yes,Primary fit for VIDEO_PROCESSOR; source-backed and prototype-visible.
SLOT-A19D105581,PRD-CE23D2A34E,VIDEO_PROCESSOR,Unverified candidate,No,Exact fit for VIDEO_PROCESSOR; Hidden - current U.S. status unverified.
SLOT-46FDDCCF7C,PRD-0BAE92E0E1,SPECIMEN_TRAP,Unverified candidate,No,Primary fit for SPECIMEN_TRAP; Hidden until verified.
SLOT-46FDDCCF7C,PRD-129E6C270A,SPECIMEN_TRAP,Unverified candidate,No,Exact fit for SPECIMEN_TRAP; Hidden - current U.S. status unverified.
SLOT-46FDDCCF7C,PRD-019030A1C7,SPECIMEN_TRAP,Unverified candidate,No,Exact fit for SPECIMEN_TRAP; Hidden - current U.S. status unverified.
SLOT-46FDDCCF7C,PRD-0A2ABE77F9,SPECIMEN_TRAP,Unverified candidate,No,Exact fit for SPECIMEN_TRAP; Hidden - current U.S. status unverified.
SLOT-2E7FF49D2D,PRD-2F3F39DBA3,CYTOLOGY_BRUSH,Prototype candidate,Yes,Primary fit for CYTOLOGY_BRUSH; source-backed and prototype-visible.
SLOT-2E7FF49D2D,PRD-81331808E3,CYTOLOGY_BRUSH,Prototype candidate,Yes,Primary fit for CYTOLOGY_BRUSH; source-backed and prototype-visible.
SLOT-2E7FF49D2D,PRD-1239820D80,CYTOLOGY_BRUSH,Prototype candidate,Yes,Primary fit for CYTOLOGY_BRUSH; source-backed and prototype-visible.
SLOT-2E7FF49D2D,PRD-251B275384,CYTOLOGY_BRUSH,Prototype candidate,Yes,Primary fit for CYTOLOGY_BRUSH; source-backed and prototype-visible.
SLOT-2E7FF49D2D,PRD-1292C69B1E,CYTOLOGY_BRUSH,Prototype candidate,Yes,Primary fit for CYTOLOGY_BRUSH; source-backed and prototype-visible.
SLOT-2E7FF49D2D,PRD-4C745881F9,CYTOLOGY_BRUSH,Prototype candidate,Yes,Primary fit for CYTOLOGY_BRUSH; source-backed and prototype-visible.
SLOT-2E7FF49D2D,PRD-E7724A6977,CYTOLOGY_BRUSH,Prototype candidate,Yes,Primary fit for CYTOLOGY_BRUSH; source-backed and prototype-visible.
SLOT-2E7FF49D2D,PRD-B091070F8D,CYTOLOGY_BRUSH,Prototype candidate,Yes,Primary fit for CYTOLOGY_BRUSH; source-backed and prototype-visible.
SLOT-2E7FF49D2D,PRD-B2C431C0F9,CYTOLOGY_BRUSH,Prototype candidate,Yes,Primary fit for CYTOLOGY_BRUSH; source-backed and prototype-visible.
SLOT-2E7FF49D2D,PRD-5831011F6E,CYTOLOGY_BRUSH,Prototype candidate,Yes,Primary fit for CYTOLOGY_BRUSH; source-backed and prototype-visible.
SLOT-2E7FF49D2D,PRD-CB09A823A5,CYTOLOGY_BRUSH,Unverified candidate,No,Exact fit for CYTOLOGY_BRUSH; Hidden - current U.S. status unverified.
SLOT-05F71417F2,PRD-8DDD9F07C0,BIOPSY_FORCEPS_FLEX,Prototype candidate,Yes,Primary fit for BIOPSY_FORCEPS_FLEX; source-backed and prototype-visible.
SLOT-05F71417F2,PRD-72889F9CE3,BIOPSY_FORCEPS_FLEX,Prototype candidate,Yes,Primary fit for BIOPSY_FORCEPS_FLEX; source-backed and prototype-visible.
SLOT-05F71417F2,PRD-BF2EC6AB5E,BIOPSY_FORCEPS_FLEX,Prototype candidate,Yes,Primary fit for BIOPSY_FORCEPS_FLEX; source-backed and prototype-visible.
SLOT-05F71417F2,PRD-27BF9F087E,BIOPSY_FORCEPS_FLEX,Prototype candidate,Yes,Primary fit for BIOPSY_FORCEPS_FLEX; source-backed and prototype-visible.
SLOT-05F71417F2,PRD-A83C7ADE90,BIOPSY_FORCEPS_FLEX,Prototype candidate,Yes,Primary fit for BIOPSY_FORCEPS_FLEX; source-backed and prototype-visible.
SLOT-05F71417F2,PRD-217AB10438,BIOPSY_FORCEPS_FLEX,Prototype candidate,Yes,Primary fit for BIOPSY_FORCEPS_FLEX; source-backed and prototype-visible.
SLOT-05F71417F2,PRD-615CDFB8AB,BIOPSY_FORCEPS_FLEX,Unverified candidate,No,Exact fit for BIOPSY_FORCEPS_FLEX; Hidden - current U.S. status unverified.
SLOT-05F71417F2,PRD-F9A98419EA,BIOPSY_FORCEPS_FLEX,Unverified candidate,No,Exact fit for BIOPSY_FORCEPS_FLEX; Hidden - current U.S. status unverified.
SLOT-05F71417F2,PRD-BA02119C36,BIOPSY_FORCEPS_FLEX,Unverified candidate,No,Primary fit for BIOPSY_FORCEPS_FLEX; Hidden until verified.
SLOT-05F71417F2,PRD-882E06A5A9,BIOPSY_FORCEPS_FLEX,Prototype candidate,Yes,Primary fit for BIOPSY_FORCEPS_FLEX; source-backed and prototype-visible.
SLOT-05F71417F2,PRD-9CFCC838A3,BIOPSY_FORCEPS_FLEX,Prototype candidate,Yes,Primary fit for BIOPSY_FORCEPS_FLEX; source-backed and prototype-visible.
SLOT-05F71417F2,PRD-E7FAE36160,BIOPSY_FORCEPS_FLEX,Prototype candidate,Yes,Primary fit for BIOPSY_FORCEPS_FLEX; source-backed and prototype-visible.
SLOT-05F71417F2,PRD-EF6C5DE6CC,BIOPSY_FORCEPS_FLEX,Prototype candidate,Yes,Primary fit for BIOPSY_FORCEPS_FLEX; source-backed and prototype-visible.
SLOT-05F71417F2,PRD-2C4537F4D4,BIOPSY_FORCEPS_FLEX,Unverified candidate,No,Primary fit for BIOPSY_FORCEPS_FLEX; Hidden - current U.S. status unverified.
SLOT-05F71417F2,PRD-3D26E84017,BIOPSY_FORCEPS_FLEX,Prototype candidate,Yes,Primary fit for BIOPSY_FORCEPS_FLEX; source-backed and prototype-visible.
SLOT-05F71417F2,PRD-58DE7D49C4,BIOPSY_FORCEPS_FLEX,Prototype candidate,Yes,Primary fit for BIOPSY_FORCEPS_FLEX; source-backed and prototype-visible.
SLOT-05F71417F2,PRD-A2F4A953C4,BIOPSY_FORCEPS_FLEX,Unverified candidate,No,Exact fit for BIOPSY_FORCEPS_FLEX; Hidden - current U.S. status unverified.
SLOT-313877F69F,PRD-2F7DDD739E,BRONCH_REPROCESSING_KIT,Prototype candidate,Yes,Primary fit for BRONCH_REPROCESSING_KIT; source-backed and prototype-visible.
SLOT-313877F69F,PRD-3ED9411F2F,BRONCH_REPROCESSING_KIT,Prototype candidate,Yes,Primary fit for BRONCH_REPROCESSING_KIT; source-backed and prototype-visible.
SLOT-9029673D34,PRD-5902F1C231,BAL_KIT,Unverified candidate,No,Exact fit for BAL_KIT; Hidden - current U.S. status unverified.
SLOT-9029673D34,PRD-FB2A9A64D9,BAL_KIT,Prototype candidate,Yes,Exact fit for BAL_KIT; source-backed and prototype-visible.
SLOT-9029673D34,PRD-7F97F4EC47,BAL_KIT,Prototype candidate,Yes,Exact fit for BAL_KIT; source-backed and prototype-visible.
SLOT-9029673D34,PRD-9AB8A5ECAC,BAL_KIT,Prototype candidate,Yes,Exact fit for BAL_KIT; source-backed and prototype-visible.
SLOT-34A46FFBA2,PRD-34895D701B,FLEX_SCOPE_DIAGNOSTIC,Prototype candidate,Yes,Primary fit for FLEX_SCOPE_DIAGNOSTIC; source-backed and prototype-visible.
SLOT-34A46FFBA2,PRD-7C8F860816,FLEX_SCOPE_DIAGNOSTIC,Prototype candidate,Yes,Primary fit for FLEX_SCOPE_DIAGNOSTIC; source-backed and prototype-visible.
SLOT-34A46FFBA2,PRD-D6F54A6D11,FLEX_SCOPE_DIAGNOSTIC,Unverified candidate,No,Primary fit for FLEX_SCOPE_DIAGNOSTIC; Hidden until verified.
SLOT-34A46FFBA2,PRD-CB1622624D,FLEX_SCOPE_DIAGNOSTIC,Unverified candidate,No,Exact fit for FLEX_SCOPE_DIAGNOSTIC; Hidden - current U.S. status unverified.
SLOT-34A46FFBA2,PRD-AD22EAA0EC,FLEX_SCOPE_DIAGNOSTIC,Prototype candidate,Yes,Primary fit for FLEX_SCOPE_DIAGNOSTIC; source-backed and prototype-visible.
SLOT-34A46FFBA2,PRD-88DA368B9C,FLEX_SCOPE_DIAGNOSTIC,Unverified candidate,No,Exact fit for FLEX_SCOPE_DIAGNOSTIC; Hidden - current U.S. status unverified.
SLOT-34A46FFBA2,PRD-1F54DB1DE4,FLEX_SCOPE_DIAGNOSTIC,Unverified candidate,No,Exact fit for FLEX_SCOPE_DIAGNOSTIC; Hidden - current U.S. status unverified.
SLOT-6BFE5046B8,PRD-CEED2FDA83,VIDEO_PROCESSOR,Unverified candidate,No,Primary fit for VIDEO_PROCESSOR; Hidden until verified.
SLOT-6BFE5046B8,PRD-AE9BC99FAA,VIDEO_PROCESSOR,Unverified candidate,No,Primary fit for VIDEO_PROCESSOR; Hidden until verified.
SLOT-6BFE5046B8,PRD-EA1D57AC9A,VIDEO_PROCESSOR,Prototype candidate,Yes,Primary fit for VIDEO_PROCESSOR; source-backed and prototype-visible.
SLOT-6BFE5046B8,PRD-CE23D2A34E,VIDEO_PROCESSOR,Unverified candidate,No,Exact fit for VIDEO_PROCESSOR; Hidden - current U.S. status unverified.
SLOT-F969CF31B0,PRD-0BAE92E0E1,SPECIMEN_TRAP,Unverified candidate,No,Primary fit for SPECIMEN_TRAP; Hidden until verified.
SLOT-F969CF31B0,PRD-129E6C270A,SPECIMEN_TRAP,Unverified candidate,No,Exact fit for SPECIMEN_TRAP; Hidden - current U.S. status unverified.
SLOT-F969CF31B0,PRD-019030A1C7,SPECIMEN_TRAP,Unverified candidate,No,Exact fit for SPECIMEN_TRAP; Hidden - current U.S. status unverified.
SLOT-F969CF31B0,PRD-0A2ABE77F9,SPECIMEN_TRAP,Unverified candidate,No,Exact fit for SPECIMEN_TRAP; Hidden - current U.S. status unverified.
SLOT-EFF8BA9B93,PRD-8DDD9F07C0,BIOPSY_FORCEPS_FLEX,Prototype candidate,Yes,Primary fit for BIOPSY_FORCEPS_FLEX; source-backed and prototype-visible.
SLOT-EFF8BA9B93,PRD-72889F9CE3,BIOPSY_FORCEPS_FLEX,Prototype candidate,Yes,Primary fit for BIOPSY_FORCEPS_FLEX; source-backed and prototype-visible.
SLOT-EFF8BA9B93,PRD-BF2EC6AB5E,BIOPSY_FORCEPS_FLEX,Prototype candidate,Yes,Primary fit for BIOPSY_FORCEPS_FLEX; source-backed and prototype-visible.
SLOT-EFF8BA9B93,PRD-27BF9F087E,BIOPSY_FORCEPS_FLEX,Prototype candidate,Yes,Primary fit for BIOPSY_FORCEPS_FLEX; source-backed and prototype-visible.
SLOT-EFF8BA9B93,PRD-A83C7ADE90,BIOPSY_FORCEPS_FLEX,Prototype candidate,Yes,Primary fit for BIOPSY_FORCEPS_FLEX; source-backed and prototype-visible.
SLOT-EFF8BA9B93,PRD-217AB10438,BIOPSY_FORCEPS_FLEX,Prototype candidate,Yes,Primary fit for BIOPSY_FORCEPS_FLEX; source-backed and prototype-visible.
SLOT-EFF8BA9B93,PRD-615CDFB8AB,BIOPSY_FORCEPS_FLEX,Unverified candidate,No,Exact fit for BIOPSY_FORCEPS_FLEX; Hidden - current U.S. status unverified.
SLOT-EFF8BA9B93,PRD-F9A98419EA,BIOPSY_FORCEPS_FLEX,Unverified candidate,No,Exact fit for BIOPSY_FORCEPS_FLEX; Hidden - current U.S. status unverified.
SLOT-EFF8BA9B93,PRD-BA02119C36,BIOPSY_FORCEPS_FLEX,Unverified candidate,No,Primary fit for BIOPSY_FORCEPS_FLEX; Hidden until verified.
SLOT-EFF8BA9B93,PRD-882E06A5A9,BIOPSY_FORCEPS_FLEX,Prototype candidate,Yes,Primary fit for BIOPSY_FORCEPS_FLEX; source-backed and prototype-visible.
SLOT-EFF8BA9B93,PRD-9CFCC838A3,BIOPSY_FORCEPS_FLEX,Prototype candidate,Yes,Primary fit for BIOPSY_FORCEPS_FLEX; source-backed and prototype-visible.
SLOT-EFF8BA9B93,PRD-E7FAE36160,BIOPSY_FORCEPS_FLEX,Prototype candidate,Yes,Primary fit for BIOPSY_FORCEPS_FLEX; source-backed and prototype-visible.
SLOT-EFF8BA9B93,PRD-EF6C5DE6CC,BIOPSY_FORCEPS_FLEX,Prototype candidate,Yes,Primary fit for BIOPSY_FORCEPS_FLEX; source-backed and prototype-visible.
SLOT-EFF8BA9B93,PRD-2C4537F4D4,BIOPSY_FORCEPS_FLEX,Unverified candidate,No,Primary fit for BIOPSY_FORCEPS_FLEX; Hidden - current U.S. status unverified.
SLOT-EFF8BA9B93,PRD-3D26E84017,BIOPSY_FORCEPS_FLEX,Prototype candidate,Yes,Primary fit for BIOPSY_FORCEPS_FLEX; source-backed and prototype-visible.
SLOT-EFF8BA9B93,PRD-58DE7D49C4,BIOPSY_FORCEPS_FLEX,Prototype candidate,Yes,Primary fit for BIOPSY_FORCEPS_FLEX; source-backed and prototype-visible.
SLOT-EFF8BA9B93,PRD-A2F4A953C4,BIOPSY_FORCEPS_FLEX,Unverified candidate,No,Exact fit for BIOPSY_FORCEPS_FLEX; Hidden - current U.S. status unverified.
SLOT-CD96ECF1DB,PRD-2F3F39DBA3,CYTOLOGY_BRUSH,Prototype candidate,Yes,Primary fit for CYTOLOGY_BRUSH; source-backed and prototype-visible.
SLOT-CD96ECF1DB,PRD-81331808E3,CYTOLOGY_BRUSH,Prototype candidate,Yes,Primary fit for CYTOLOGY_BRUSH; source-backed and prototype-visible.
SLOT-CD96ECF1DB,PRD-1239820D80,CYTOLOGY_BRUSH,Prototype candidate,Yes,Primary fit for CYTOLOGY_BRUSH; source-backed and prototype-visible.
SLOT-CD96ECF1DB,PRD-251B275384,CYTOLOGY_BRUSH,Prototype candidate,Yes,Primary fit for CYTOLOGY_BRUSH; source-backed and prototype-visible.
SLOT-CD96ECF1DB,PRD-1292C69B1E,CYTOLOGY_BRUSH,Prototype candidate,Yes,Primary fit for CYTOLOGY_BRUSH; source-backed and prototype-visible.
SLOT-CD96ECF1DB,PRD-4C745881F9,CYTOLOGY_BRUSH,Prototype candidate,Yes,Primary fit for CYTOLOGY_BRUSH; source-backed and prototype-visible.
SLOT-CD96ECF1DB,PRD-E7724A6977,CYTOLOGY_BRUSH,Prototype candidate,Yes,Primary fit for CYTOLOGY_BRUSH; source-backed and prototype-visible.
SLOT-CD96ECF1DB,PRD-B091070F8D,CYTOLOGY_BRUSH,Prototype candidate,Yes,Primary fit for CYTOLOGY_BRUSH; source-backed and prototype-visible.
SLOT-CD96ECF1DB,PRD-B2C431C0F9,CYTOLOGY_BRUSH,Prototype candidate,Yes,Primary fit for CYTOLOGY_BRUSH; source-backed and prototype-visible.
SLOT-CD96ECF1DB,PRD-5831011F6E,CYTOLOGY_BRUSH,Prototype candidate,Yes,Primary fit for CYTOLOGY_BRUSH; source-backed and prototype-visible.
SLOT-CD96ECF1DB,PRD-CB09A823A5,CYTOLOGY_BRUSH,Unverified candidate,No,Exact fit for CYTOLOGY_BRUSH; Hidden - current U.S. status unverified.
SLOT-9363E589C4,PRD-E803315936,TBNA_NEEDLE,Prototype candidate,Yes,Primary fit for TBNA_NEEDLE; source-backed and prototype-visible.
SLOT-9363E589C4,PRD-152A0BFA3B,TBNA_NEEDLE,Prototype candidate,Yes,Primary fit for TBNA_NEEDLE; source-backed and prototype-visible.
SLOT-9363E589C4,PRD-F408B46806,TBNA_NEEDLE,Prototype candidate,Yes,Primary fit for TBNA_NEEDLE; source-backed and prototype-visible.
SLOT-9363E589C4,PRD-934DA56D92,TBNA_NEEDLE,Unverified candidate,No,Exact fit for TBNA_NEEDLE; Hidden - current U.S. status unverified.
SLOT-9363E589C4,PRD-DF989CBDCB,TBNA_NEEDLE,Unverified candidate,No,Exact fit for TBNA_NEEDLE; Hidden - current U.S. status unverified.
SLOT-9363E589C4,PRD-2F1A67DE53,TBNA_NEEDLE,Unverified candidate,No,Exact fit for TBNA_NEEDLE; Hidden - current U.S. status unverified.
SLOT-9363E589C4,PRD-A457429809,TBNA_NEEDLE,Prototype candidate,Yes,Primary fit for TBNA_NEEDLE; source-backed and prototype-visible.
SLOT-9363E589C4,PRD-D4228B0E6F,TBNA_NEEDLE,Prototype candidate,Yes,Primary fit for TBNA_NEEDLE; source-backed and prototype-visible.
SLOT-9363E589C4,PRD-25415AA480,TBNA_NEEDLE,Unverified candidate,No,Primary fit for TBNA_NEEDLE; Hidden - current U.S. status unverified.
SLOT-9363E589C4,PRD-7E601C1D9F,TBNA_NEEDLE,Prototype candidate,Yes,Primary fit for TBNA_NEEDLE; source-backed and prototype-visible.
SLOT-9363E589C4,PRD-77145058F8,TBNA_NEEDLE,Prototype candidate,Yes,Primary fit for TBNA_NEEDLE; source-backed and prototype-visible.
SLOT-9363E589C4,PRD-5788C21B1E,TBNA_NEEDLE,Prototype candidate,Yes,Primary fit for TBNA_NEEDLE; source-backed and prototype-visible.
SLOT-EA38AE186D,PRD-2F7DDD739E,BRONCH_REPROCESSING_KIT,Prototype candidate,Yes,Primary fit for BRONCH_REPROCESSING_KIT; source-backed and prototype-visible.
SLOT-EA38AE186D,PRD-3ED9411F2F,BRONCH_REPROCESSING_KIT,Prototype candidate,Yes,Primary fit for BRONCH_REPROCESSING_KIT; source-backed and prototype-visible.
SLOT-7BFC6EB54E,PRD-0790420A76,GUIDE_SHEATH_KIT,Prototype candidate,Yes,Primary fit for GUIDE_SHEATH_KIT; source-backed and prototype-visible.
SLOT-7BFC6EB54E,PRD-E2EB4E573F,GUIDE_SHEATH_KIT,Prototype candidate,Yes,Primary fit for GUIDE_SHEATH_KIT; source-backed and prototype-visible.
SLOT-7BFC6EB54E,PRD-6D7A0E9DA8,GUIDE_SHEATH_KIT,Prototype candidate,Yes,Exact fit for GUIDE_SHEATH_KIT; source-backed and prototype-visible.
SLOT-7BFC6EB54E,PRD-6FF6668D03,GUIDE_SHEATH_KIT,Prototype candidate,Yes,Exact fit for GUIDE_SHEATH_KIT; source-backed and prototype-visible.
SLOT-09EF760638,PRD-707B8A1974,GUIDING_DEVICE,Unverified candidate,No,Primary fit for GUIDING_DEVICE; Hidden - current U.S. status unverified.
SLOT-54D7E08779,PRD-5EF986AAB1,BITE_BLOCK,Prototype candidate,Yes,Primary fit for BITE_BLOCK; source-backed and prototype-visible.
SLOT-54D7E08779,PRD-426476A0AB,BITE_BLOCK,Prototype candidate,Yes,Primary fit for BITE_BLOCK; source-backed and prototype-visible.
SLOT-EB37262191,PRD-E1E020F3BF,ENDOSCOPE_CLEANING_BRUSH,Prototype candidate,Yes,Primary fit for ENDOSCOPE_CLEANING_BRUSH; source-backed and prototype-visible.
SLOT-EB37262191,PRD-DD8657352D,ENDOSCOPE_CLEANING_BRUSH,Prototype candidate,Yes,Primary fit for ENDOSCOPE_CLEANING_BRUSH; source-backed and prototype-visible.
SLOT-EB37262191,PRD-D49EB30A21,ENDOSCOPE_CLEANING_BRUSH,Prototype candidate,Yes,Primary fit for ENDOSCOPE_CLEANING_BRUSH; source-backed and prototype-visible.
SLOT-EB37262191,PRD-D771E6D06A,ENDOSCOPE_CLEANING_BRUSH,Prototype candidate,Yes,Primary fit for ENDOSCOPE_CLEANING_BRUSH; source-backed and prototype-visible.
SLOT-EB37262191,PRD-2EAA2EFE2C,ENDOSCOPE_CLEANING_BRUSH,Prototype candidate,Yes,Primary fit for ENDOSCOPE_CLEANING_BRUSH; source-backed and prototype-visible.
SLOT-EB37262191,PRD-705623F89A,ENDOSCOPE_CLEANING_BRUSH,Prototype candidate,Yes,Primary fit for ENDOSCOPE_CLEANING_BRUSH; source-backed and prototype-visible.
SLOT-EB37262191,PRD-2616E505ED,ENDOSCOPE_CLEANING_BRUSH,Unverified candidate,No,Exact fit for ENDOSCOPE_CLEANING_BRUSH; Hidden - current U.S. status unverified.
SLOT-EB37262191,PRD-4BD7E911C3,ENDOSCOPE_CLEANING_BRUSH,Unverified candidate,No,Exact fit for ENDOSCOPE_CLEANING_BRUSH; Hidden - current U.S. status unverified.
SLOT-EB37262191,PRD-4E59B4CEB3,ENDOSCOPE_CLEANING_BRUSH,Unverified candidate,No,Exact fit for ENDOSCOPE_CLEANING_BRUSH; Hidden - current U.S. status unverified.
SLOT-239938A6A9,PRD-DF5BFBB99D,RADIAL_EBUS_PROBE,Unverified candidate,No,Exact fit for RADIAL_EBUS_PROBE; Hidden - current U.S. status unverified.
SLOT-239938A6A9,PRD-2E043ED827,RADIAL_EBUS_PROBE,Unverified candidate,No,Exact fit for RADIAL_EBUS_PROBE; Hidden - current U.S. status unverified.
SLOT-C9A4F576D5,PRD-34BAA70074,RADIAL_EBUS_DRIVE_UNIT,Unverified candidate,No,Exact fit for RADIAL_EBUS_DRIVE_UNIT; Hidden - current U.S. status unverified.
SLOT-4C2FE905D3,PRD-5902F1C231,BAL_KIT,Unverified candidate,No,Exact fit for BAL_KIT; Hidden - current U.S. status unverified.
SLOT-4C2FE905D3,PRD-FB2A9A64D9,BAL_KIT,Prototype candidate,Yes,Exact fit for BAL_KIT; source-backed and prototype-visible.
SLOT-4C2FE905D3,PRD-7F97F4EC47,BAL_KIT,Prototype candidate,Yes,Exact fit for BAL_KIT; source-backed and prototype-visible.
SLOT-4C2FE905D3,PRD-9AB8A5ECAC,BAL_KIT,Prototype candidate,Yes,Exact fit for BAL_KIT; source-backed and prototype-visible.
SLOT-4648848CC3,PRD-2FFEEB98B2,EBUS_SCOPE,Prototype candidate,Yes,Primary fit for EBUS_SCOPE; source-backed and prototype-visible.
SLOT-7DFA66EA2D,PRD-CEED2FDA83,VIDEO_PROCESSOR,Unverified candidate,No,Primary fit for VIDEO_PROCESSOR; Hidden until verified.
SLOT-7DFA66EA2D,PRD-AE9BC99FAA,VIDEO_PROCESSOR,Unverified candidate,No,Primary fit for VIDEO_PROCESSOR; Hidden until verified.
SLOT-7DFA66EA2D,PRD-EA1D57AC9A,VIDEO_PROCESSOR,Prototype candidate,Yes,Primary fit for VIDEO_PROCESSOR; source-backed and prototype-visible.
SLOT-7DFA66EA2D,PRD-CE23D2A34E,VIDEO_PROCESSOR,Unverified candidate,No,Exact fit for VIDEO_PROCESSOR; Hidden - current U.S. status unverified.
SLOT-92874E31E1,PRD-E04326B8E4,ULTRASOUND_PROCESSOR,Prototype candidate,Yes,Primary fit for ULTRASOUND_PROCESSOR; source-backed and prototype-visible.
SLOT-92874E31E1,PRD-2B8AACAB67,ULTRASOUND_PROCESSOR,Unverified candidate,No,Exact fit for ULTRASOUND_PROCESSOR; Hidden - current U.S. status unverified.
SLOT-B19121A5B9,PRD-B3B30BCEE7,ULTRASOUND_CABLE,Prototype candidate,Yes,Primary fit for ULTRASOUND_CABLE; source-backed and prototype-visible.
SLOT-93655BF7C4,PRD-C094F5AF07,EBUS_BALLOON,Prototype candidate,Yes,Primary fit for EBUS_BALLOON; source-backed and prototype-visible.
SLOT-1AF4BEFE3B,PRD-2302DA77DA,EBUS_NEEDLE_FNA,Prototype candidate,Yes,Primary fit for EBUS_NEEDLE_FNA; source-backed and prototype-visible.
SLOT-1AF4BEFE3B,PRD-73BBBA8747,EBUS_NEEDLE_FNA,Prototype candidate,Yes,Primary fit for EBUS_NEEDLE_FNA; source-backed and prototype-visible.
SLOT-1AF4BEFE3B,PRD-DF30B54282,EBUS_NEEDLE_FNA,Prototype candidate,Yes,Primary fit for EBUS_NEEDLE_FNA; source-backed and prototype-visible.
SLOT-1AF4BEFE3B,PRD-5CBD1FD1E3,EBUS_NEEDLE_FNA,Prototype candidate,Yes,Primary fit for EBUS_NEEDLE_FNA; source-backed and prototype-visible.
SLOT-1AF4BEFE3B,PRD-F2007DBCC0,EBUS_NEEDLE_FNA,Prototype candidate,Yes,Primary fit for EBUS_NEEDLE_FNA; source-backed and prototype-visible.
SLOT-1AF4BEFE3B,PRD-F82300D570,EBUS_NEEDLE_FNA,Prototype candidate,Yes,Exact fit for EBUS_NEEDLE_FNA; source-backed and prototype-visible.
SLOT-1AF4BEFE3B,PRD-F3307DB1D4,EBUS_NEEDLE_FNA,Prototype candidate,Yes,Exact fit for EBUS_NEEDLE_FNA; source-backed and prototype-visible.
SLOT-1AF4BEFE3B,PRD-2D0C9B936A,EBUS_NEEDLE_FNA,Prototype candidate,Yes,Exact fit for EBUS_NEEDLE_FNA; source-backed and prototype-visible.
SLOT-1AF4BEFE3B,PRD-3F51C7D66F,EBUS_NEEDLE_FNA,Prototype candidate,Yes,Exact fit for EBUS_NEEDLE_FNA; source-backed and prototype-visible.
SLOT-1AF4BEFE3B,PRD-5CC8131FDE,EBUS_NEEDLE_FNA,Prototype candidate,Yes,Exact fit for EBUS_NEEDLE_FNA; source-backed and prototype-visible.
SLOT-1AF4BEFE3B,PRD-2DA93F54B9,EBUS_NEEDLE_FNA,Prototype candidate,Yes,Exact fit for EBUS_NEEDLE_FNA; source-backed and prototype-visible.
SLOT-1AF4BEFE3B,PRD-86388D0916,EBUS_NEEDLE_FNA,Prototype candidate,Yes,Exact fit for EBUS_NEEDLE_FNA; source-backed and prototype-visible.
SLOT-1AF4BEFE3B,PRD-19AC7F0794,EBUS_NEEDLE_FNA,Prototype candidate,Yes,Exact fit for EBUS_NEEDLE_FNA; source-backed and prototype-visible.
SLOT-1AF4BEFE3B,PRD-62FB291C50,EBUS_NEEDLE_FNA,Unverified candidate,No,Primary fit for EBUS_NEEDLE_FNA; Hidden until verified.
SLOT-1AF4BEFE3B,PRD-4A3F2CCBBF,EBUS_NEEDLE_FNA,Unverified candidate,No,Primary fit for EBUS_NEEDLE_FNA; Hidden until verified.
SLOT-1AF4BEFE3B,PRD-D44D27C76E,EBUS_NEEDLE_FNA,Unverified candidate,No,Primary fit for EBUS_NEEDLE_FNA; Hidden until verified.
SLOT-1AF4BEFE3B,PRD-DF1BEBD0C9,EBUS_NEEDLE_FNA,Prototype candidate,Yes,Primary fit for EBUS_NEEDLE_FNA; source-backed and prototype-visible.
SLOT-1AF4BEFE3B,PRD-664CA0CB26,EBUS_NEEDLE_FNA,Prototype candidate,Yes,Primary fit for EBUS_NEEDLE_FNA; source-backed and prototype-visible.
SLOT-1AF4BEFE3B,PRD-E393622AEC,EBUS_NEEDLE_FNA,Prototype candidate,Yes,Primary fit for EBUS_NEEDLE_FNA; source-backed and prototype-visible.
SLOT-1AF4BEFE3B,PRD-365451442E,EBUS_NEEDLE_FNA,Prototype candidate,Yes,Primary fit for EBUS_NEEDLE_FNA; source-backed and prototype-visible.
SLOT-1AF4BEFE3B,PRD-B9CF43923C,EBUS_NEEDLE_FNA,Prototype candidate,Yes,Primary fit for EBUS_NEEDLE_FNA; source-backed and prototype-visible.
SLOT-1AF4BEFE3B,PRD-1BCD8D38BC,EBUS_NEEDLE_FNA,Prototype candidate,Yes,Primary fit for EBUS_NEEDLE_FNA; source-backed and prototype-visible.
SLOT-1AF4BEFE3B,PRD-2EBBDD96EC,EBUS_NEEDLE_FNA,Prototype candidate,Yes,Primary fit for EBUS_NEEDLE_FNA; source-backed and prototype-visible.
SLOT-1AF4BEFE3B,PRD-6D9A7A7E79,EBUS_NEEDLE_FNA,Prototype candidate,Yes,Primary fit for EBUS_NEEDLE_FNA; source-backed and prototype-visible.
SLOT-1AF4BEFE3B,PRD-0D6E4DB711,EBUS_NEEDLE_FNA,Prototype candidate,Yes,Primary fit for EBUS_NEEDLE_FNA; source-backed and prototype-visible.
SLOT-B83EBD2FBB,PRD-EB513BCB63,EBUS_NEEDLE_FNB,Prototype candidate,Yes,Primary fit for EBUS_NEEDLE_FNB; source-backed and prototype-visible.
SLOT-B83EBD2FBB,PRD-D826F63F9A,EBUS_NEEDLE_FNB,Prototype candidate,Yes,Primary fit for EBUS_NEEDLE_FNB; source-backed and prototype-visible.
SLOT-B83EBD2FBB,PRD-DF1D438D54,EBUS_NEEDLE_FNB,Prototype candidate,Yes,Primary fit for EBUS_NEEDLE_FNB; source-backed and prototype-visible.
SLOT-B83EBD2FBB,PRD-E6ED309802,EBUS_NEEDLE_FNB,Prototype candidate,Yes,Primary fit for EBUS_NEEDLE_FNB; source-backed and prototype-visible.
SLOT-B83EBD2FBB,PRD-AEEAFB2957,EBUS_NEEDLE_FNB,Unverified candidate,No,Primary fit for EBUS_NEEDLE_FNB; Hidden until verified.
SLOT-B83EBD2FBB,PRD-609D197124,EBUS_NEEDLE_FNB,Unverified candidate,No,Primary fit for EBUS_NEEDLE_FNB; Hidden until verified.
SLOT-B83EBD2FBB,PRD-B54B621217,EBUS_NEEDLE_FNB,Unverified candidate,No,Primary fit for EBUS_NEEDLE_FNB; Hidden until verified.
SLOT-B83EBD2FBB,PRD-0D6E4DB711,EBUS_NEEDLE_FNB,Prototype candidate,Yes,Primary fit for EBUS_NEEDLE_FNB; source-backed and prototype-visible.
SLOT-D08C74941A,PRD-C2875D269C,EBUS_MINIFORCEPS,Prototype candidate,Yes,Primary fit for EBUS_MINIFORCEPS; source-backed and prototype-visible.
SLOT-76F4405D68,PRD-0BAE92E0E1,SPECIMEN_TRAP,Unverified candidate,No,Primary fit for SPECIMEN_TRAP; Hidden until verified.
SLOT-76F4405D68,PRD-129E6C270A,SPECIMEN_TRAP,Unverified candidate,No,Exact fit for SPECIMEN_TRAP; Hidden - current U.S. status unverified.
SLOT-76F4405D68,PRD-019030A1C7,SPECIMEN_TRAP,Unverified candidate,No,Exact fit for SPECIMEN_TRAP; Hidden - current U.S. status unverified.
SLOT-76F4405D68,PRD-0A2ABE77F9,SPECIMEN_TRAP,Unverified candidate,No,Exact fit for SPECIMEN_TRAP; Hidden - current U.S. status unverified.
SLOT-CD12842559,PRD-EB1A3E8F85,EBUS_NEEDLE_ADAPTER,Prototype candidate,Yes,Primary fit for EBUS_NEEDLE_ADAPTER; source-backed and prototype-visible.
SLOT-E8F0B48B49,PRD-60785178C9,VACUUM_LOCKING_SYRINGE,Prototype candidate,Yes,Exact fit for VACUUM_LOCKING_SYRINGE; source-backed and prototype-visible.
SLOT-E8F0B48B49,PRD-17F5A03227,VACUUM_LOCKING_SYRINGE,Prototype candidate,Yes,Exact fit for VACUUM_LOCKING_SYRINGE; source-backed and prototype-visible.
SLOT-E8F0B48B49,PRD-188391A3A6,VACUUM_LOCKING_SYRINGE,Prototype candidate,Yes,Exact fit for VACUUM_LOCKING_SYRINGE; source-backed and prototype-visible.
SLOT-E8F0B48B49,PRD-7CAB35AC24,VACUUM_LOCKING_SYRINGE,Prototype candidate,Yes,Exact fit for VACUUM_LOCKING_SYRINGE; source-backed and prototype-visible.
SLOT-E8F0B48B49,PRD-1469E79896,VACUUM_LOCKING_SYRINGE,Prototype candidate,Yes,Exact fit for VACUUM_LOCKING_SYRINGE; source-backed and prototype-visible.
SLOT-B79D3CF198,PRD-9CE6992373,FLEX_SCOPE_THERAPEUTIC,Prototype candidate,Yes,Primary fit for FLEX_SCOPE_THERAPEUTIC; source-backed and prototype-visible.
SLOT-B79D3CF198,PRD-BC936E9D71,FLEX_SCOPE_THERAPEUTIC,Prototype candidate,Yes,Primary fit for FLEX_SCOPE_THERAPEUTIC; source-backed and prototype-visible.
SLOT-B79D3CF198,PRD-4A04124FF2,FLEX_SCOPE_THERAPEUTIC,Unverified candidate,No,Primary fit for FLEX_SCOPE_THERAPEUTIC; Hidden until verified.
SLOT-6BCA0B7A49,PRD-CEED2FDA83,VIDEO_PROCESSOR,Unverified candidate,No,Primary fit for VIDEO_PROCESSOR; Hidden until verified.
SLOT-6BCA0B7A49,PRD-AE9BC99FAA,VIDEO_PROCESSOR,Unverified candidate,No,Primary fit for VIDEO_PROCESSOR; Hidden until verified.
SLOT-6BCA0B7A49,PRD-EA1D57AC9A,VIDEO_PROCESSOR,Prototype candidate,Yes,Primary fit for VIDEO_PROCESSOR; source-backed and prototype-visible.
SLOT-6BCA0B7A49,PRD-CE23D2A34E,VIDEO_PROCESSOR,Unverified candidate,No,Exact fit for VIDEO_PROCESSOR; Hidden - current U.S. status unverified.
SLOT-14453819D5,PRD-A2C49C9352,CRYOPROBE_FLEX,Unverified candidate,No,Primary fit for CRYOPROBE_FLEX; Hidden - non-U.S. catalog / U.S. status unverified.
SLOT-14453819D5,PRD-6C2199C862,CRYOPROBE_FLEX,Unverified candidate,No,Primary fit for CRYOPROBE_FLEX; Hidden - non-U.S. catalog / U.S. status unverified.
SLOT-14453819D5,PRD-7DC3645CFA,CRYOPROBE_FLEX,Unverified candidate,No,Primary fit for CRYOPROBE_FLEX; Hidden - non-U.S. catalog / U.S. status unverified.
SLOT-14453819D5,PRD-05670F1B5F,CRYOPROBE_FLEX,Unverified candidate,No,Primary fit for CRYOPROBE_FLEX; Hidden - non-U.S. catalog / U.S. status unverified.
SLOT-1647A73048,PRD-9844E2B578,FOREIGN_BODY_FORCEPS_FLEX,Prototype candidate,Yes,Primary fit for FOREIGN_BODY_FORCEPS_FLEX; source-backed and prototype-visible.
SLOT-1647A73048,PRD-D630438171,FOREIGN_BODY_FORCEPS_FLEX,Prototype candidate,Yes,Primary fit for FOREIGN_BODY_FORCEPS_FLEX; source-backed and prototype-visible.
SLOT-1647A73048,PRD-2677F0C69F,FOREIGN_BODY_FORCEPS_FLEX,Prototype candidate,Yes,Primary fit for FOREIGN_BODY_FORCEPS_FLEX; source-backed and prototype-visible.
SLOT-1647A73048,PRD-D5A6823E45,FOREIGN_BODY_FORCEPS_FLEX,Prototype candidate,Yes,Primary fit for FOREIGN_BODY_FORCEPS_FLEX; source-backed and prototype-visible.
SLOT-1647A73048,PRD-C88B1CD284,FOREIGN_BODY_FORCEPS_FLEX,Prototype candidate,Yes,Primary fit for FOREIGN_BODY_FORCEPS_FLEX; source-backed and prototype-visible.
SLOT-1647A73048,PRD-9C633556C2,FOREIGN_BODY_FORCEPS_FLEX,Prototype candidate,Yes,Primary fit for FOREIGN_BODY_FORCEPS_FLEX; source-backed and prototype-visible.
SLOT-1647A73048,PRD-BEB189750B,FOREIGN_BODY_FORCEPS_FLEX,Prototype candidate,Yes,Primary fit for FOREIGN_BODY_FORCEPS_FLEX; source-backed and prototype-visible.
SLOT-1647A73048,PRD-0F30F277C1,FOREIGN_BODY_FORCEPS_FLEX,Unverified candidate,No,Exact fit for FOREIGN_BODY_FORCEPS_FLEX; Hidden - current U.S. status unverified.
SLOT-115310F554,PRD-B1203FF71F,FOREIGN_BODY_BASKET,Prototype candidate,Yes,Primary fit for FOREIGN_BODY_BASKET; source-backed and prototype-visible.
SLOT-115310F554,PRD-4E9069C30F,FOREIGN_BODY_BASKET,Prototype candidate,Yes,Primary fit for FOREIGN_BODY_BASKET; source-backed and prototype-visible.
SLOT-115310F554,PRD-A2FCA81CFA,FOREIGN_BODY_BASKET,Unverified candidate,No,Exact fit for FOREIGN_BODY_BASKET; Hidden - current U.S. status unverified.
SLOT-115310F554,PRD-212BC58910,FOREIGN_BODY_BASKET,Unverified candidate,No,Exact fit for FOREIGN_BODY_BASKET; Hidden - current U.S. status unverified.
SLOT-115310F554,PRD-F43B951B75,FOREIGN_BODY_BASKET,Unverified candidate,No,Primary fit for FOREIGN_BODY_BASKET; Hidden until verified.
SLOT-115310F554,PRD-D532D5406F,FOREIGN_BODY_BASKET,Unverified candidate,No,Primary fit for FOREIGN_BODY_BASKET; Hidden until verified.
SLOT-115310F554,PRD-C2CB78AC4C,FOREIGN_BODY_BASKET,Prototype candidate,Yes,Primary fit for FOREIGN_BODY_BASKET; source-backed and prototype-visible.
SLOT-3FE6796B6D,PRD-94E33ED243,AIRWAY_BALLOON_DILATOR,Prototype candidate,Yes,Primary fit for AIRWAY_BALLOON_DILATOR; source-backed and prototype-visible.
SLOT-3FE6796B6D,PRD-B8BB774CB6,AIRWAY_BALLOON_DILATOR,Prototype candidate,Yes,Primary fit for AIRWAY_BALLOON_DILATOR; source-backed and prototype-visible.
SLOT-3FE6796B6D,PRD-BDC093DB61,AIRWAY_BALLOON_DILATOR,Prototype candidate,Yes,Primary fit for AIRWAY_BALLOON_DILATOR; source-backed and prototype-visible.
SLOT-3FE6796B6D,PRD-9E6034F109,AIRWAY_BALLOON_DILATOR,Prototype candidate,Yes,Primary fit for AIRWAY_BALLOON_DILATOR; source-backed and prototype-visible.
SLOT-3FE6796B6D,PRD-2B5132F8C5,AIRWAY_BALLOON_DILATOR,Prototype candidate,Yes,Primary fit for AIRWAY_BALLOON_DILATOR; source-backed and prototype-visible.
SLOT-3FE6796B6D,PRD-189E7EF27A,AIRWAY_BALLOON_DILATOR,Prototype candidate,Yes,Primary fit for AIRWAY_BALLOON_DILATOR; source-backed and prototype-visible.
SLOT-3FE6796B6D,PRD-771F462726,AIRWAY_BALLOON_DILATOR,Prototype candidate,Yes,Exact fit for AIRWAY_BALLOON_DILATOR; source-backed and prototype-visible.
SLOT-3FE6796B6D,PRD-E1B889E869,AIRWAY_BALLOON_DILATOR,Prototype candidate,Yes,Exact fit for AIRWAY_BALLOON_DILATOR; source-backed and prototype-visible.
SLOT-3FE6796B6D,PRD-BD2D495AB7,AIRWAY_BALLOON_DILATOR,Prototype candidate,Yes,Exact fit for AIRWAY_BALLOON_DILATOR; source-backed and prototype-visible.
SLOT-3FE6796B6D,PRD-4361785147,AIRWAY_BALLOON_DILATOR,Prototype candidate,Yes,Exact fit for AIRWAY_BALLOON_DILATOR; source-backed and prototype-visible.
SLOT-3FE6796B6D,PRD-7ED371400F,AIRWAY_BALLOON_DILATOR,Prototype candidate,Yes,Exact fit for AIRWAY_BALLOON_DILATOR; source-backed and prototype-visible.
SLOT-3FE6796B6D,PRD-937DC338A9,AIRWAY_BALLOON_DILATOR,Prototype candidate,Yes,Exact fit for AIRWAY_BALLOON_DILATOR; source-backed and prototype-visible.
SLOT-3FE6796B6D,PRD-36CD5DBC39,AIRWAY_BALLOON_DILATOR,Prototype candidate,Yes,Exact fit for AIRWAY_BALLOON_DILATOR; source-backed and prototype-visible.
SLOT-3FE6796B6D,PRD-698A0D25B4,AIRWAY_BALLOON_DILATOR,Prototype candidate,Yes,Exact fit for AIRWAY_BALLOON_DILATOR; source-backed and prototype-visible.
SLOT-3FE6796B6D,PRD-9D5C45AA6F,AIRWAY_BALLOON_DILATOR,Prototype candidate,Yes,Exact fit for AIRWAY_BALLOON_DILATOR; source-backed and prototype-visible.
SLOT-3FE6796B6D,PRD-1EC996BD63,AIRWAY_BALLOON_DILATOR,Prototype candidate,Yes,Exact fit for AIRWAY_BALLOON_DILATOR; source-backed and prototype-visible.
SLOT-3FE6796B6D,PRD-E46E521D1C,AIRWAY_BALLOON_DILATOR,Prototype candidate,Yes,Exact fit for AIRWAY_BALLOON_DILATOR; source-backed and prototype-visible.
SLOT-3FE6796B6D,PRD-6A26802196,AIRWAY_BALLOON_DILATOR,Prototype candidate,Yes,Exact fit for AIRWAY_BALLOON_DILATOR; source-backed and prototype-visible.
SLOT-D43C866FB5,PRD-602AA2F147,PULMONARY_GUIDEWIRE,Prototype candidate,Yes,Primary fit for PULMONARY_GUIDEWIRE; source-backed and prototype-visible.
SLOT-D43C866FB5,PRD-5F801B5A8E,PULMONARY_GUIDEWIRE,Prototype candidate,Yes,Primary fit for PULMONARY_GUIDEWIRE; source-backed and prototype-visible.
SLOT-D43C866FB5,PRD-02BE5F7D32,PULMONARY_GUIDEWIRE,Prototype candidate,Yes,Exact fit for PULMONARY_GUIDEWIRE; source-backed and prototype-visible.
SLOT-D43C866FB5,PRD-C2115BE6BB,PULMONARY_GUIDEWIRE,Prototype candidate,Yes,Exact fit for PULMONARY_GUIDEWIRE; source-backed and prototype-visible.
SLOT-7412B3318B,PRD-8A08163BA1,INFLATION_DEVICE,Prototype candidate,Yes,Primary fit for INFLATION_DEVICE; source-backed and prototype-visible.
SLOT-7412B3318B,PRD-35EC8EE328,INFLATION_DEVICE,Prototype candidate,Yes,Primary fit for INFLATION_DEVICE; source-backed and prototype-visible.
SLOT-7412B3318B,PRD-61915862CE,INFLATION_DEVICE,Prototype candidate,Yes,Primary fit for INFLATION_DEVICE; source-backed and prototype-visible.
SLOT-7412B3318B,PRD-B8D6260C23,INFLATION_DEVICE,Prototype candidate,Yes,Exact fit for INFLATION_DEVICE; source-backed and prototype-visible.
SLOT-7412B3318B,PRD-1D568615A4,INFLATION_DEVICE,Prototype candidate,Yes,Exact fit for INFLATION_DEVICE; source-backed and prototype-visible.
SLOT-7412B3318B,PRD-CF1E28501A,INFLATION_DEVICE,Prototype candidate,Yes,Exact fit for INFLATION_DEVICE; source-backed and prototype-visible.
SLOT-7412B3318B,PRD-DAA7B0A0DF,INFLATION_DEVICE,Prototype candidate,Yes,Exact fit for INFLATION_DEVICE; source-backed and prototype-visible.
SLOT-45D721710F,PRD-44704ED825,AIRWAY_STENT_SEMS_COVERED,Prototype candidate,Yes,Primary fit for AIRWAY_STENT_SEMS_COVERED; source-backed and prototype-visible.
SLOT-45D721710F,PRD-63EDA47A7D,AIRWAY_STENT_SEMS_COVERED,Prototype candidate,Yes,Primary fit for AIRWAY_STENT_SEMS_COVERED; source-backed and prototype-visible.
SLOT-45D721710F,PRD-237B24FE49,AIRWAY_STENT_SEMS_COVERED,Prototype candidate,Yes,Primary fit for AIRWAY_STENT_SEMS_COVERED; source-backed and prototype-visible.
SLOT-45D721710F,PRD-633391A337,AIRWAY_STENT_SEMS_COVERED,Prototype candidate,Yes,Primary fit for AIRWAY_STENT_SEMS_COVERED; source-backed and prototype-visible.
SLOT-45D721710F,PRD-05780FEDD7,AIRWAY_STENT_SEMS_COVERED,Prototype candidate,Yes,Primary fit for AIRWAY_STENT_SEMS_COVERED; source-backed and prototype-visible.
SLOT-45D721710F,PRD-EB0DE6C03A,AIRWAY_STENT_SEMS_COVERED,Prototype candidate,Yes,Primary fit for AIRWAY_STENT_SEMS_COVERED; source-backed and prototype-visible.
SLOT-45D721710F,PRD-071DA49031,AIRWAY_STENT_SEMS_COVERED,Prototype candidate,Yes,Primary fit for AIRWAY_STENT_SEMS_COVERED; source-backed and prototype-visible.
SLOT-45D721710F,PRD-3D8AEACE11,AIRWAY_STENT_SEMS_COVERED,Prototype candidate,Yes,Primary fit for AIRWAY_STENT_SEMS_COVERED; source-backed and prototype-visible.
SLOT-45D721710F,PRD-3296D18171,AIRWAY_STENT_SEMS_COVERED,Prototype candidate,Yes,Primary fit for AIRWAY_STENT_SEMS_COVERED; source-backed and prototype-visible.
SLOT-45D721710F,PRD-3402724B0E,AIRWAY_STENT_SEMS_COVERED,Prototype candidate,Yes,Primary fit for AIRWAY_STENT_SEMS_COVERED; source-backed and prototype-visible.
SLOT-45D721710F,PRD-91F4E30038,AIRWAY_STENT_SEMS_COVERED,Prototype candidate,Yes,Primary fit for AIRWAY_STENT_SEMS_COVERED; source-backed and prototype-visible.
SLOT-45D721710F,PRD-BB4B62BE1F,AIRWAY_STENT_SEMS_COVERED,Prototype candidate,Yes,Primary fit for AIRWAY_STENT_SEMS_COVERED; source-backed and prototype-visible.
SLOT-45D721710F,PRD-B53F0F16C8,AIRWAY_STENT_SEMS_COVERED,Prototype candidate,Yes,Primary fit for AIRWAY_STENT_SEMS_COVERED; source-backed and prototype-visible.
SLOT-45D721710F,PRD-CBA9A6E9B4,AIRWAY_STENT_SEMS_COVERED,Prototype candidate,Yes,Primary fit for AIRWAY_STENT_SEMS_COVERED; source-backed and prototype-visible.
SLOT-45D721710F,PRD-A5D3D731DC,AIRWAY_STENT_SEMS_COVERED,Prototype candidate,Yes,Primary fit for AIRWAY_STENT_SEMS_COVERED; source-backed and prototype-visible.
SLOT-45D721710F,PRD-AF70FFC15E,AIRWAY_STENT_SEMS_COVERED,Prototype candidate,Yes,Primary fit for AIRWAY_STENT_SEMS_COVERED; source-backed and prototype-visible.
SLOT-45D721710F,PRD-C1653676C1,AIRWAY_STENT_SEMS_COVERED,Prototype candidate,Yes,Primary fit for AIRWAY_STENT_SEMS_COVERED; source-backed and prototype-visible.
SLOT-45D721710F,PRD-948F3069B3,AIRWAY_STENT_SEMS_COVERED,Prototype candidate,Yes,Primary fit for AIRWAY_STENT_SEMS_COVERED; source-backed and prototype-visible.
SLOT-45D721710F,PRD-BA677F5907,AIRWAY_STENT_SEMS_COVERED,Prototype candidate,Yes,Primary fit for AIRWAY_STENT_SEMS_COVERED; source-backed and prototype-visible.
SLOT-45D721710F,PRD-6488B1F637,AIRWAY_STENT_SEMS_COVERED,Prototype candidate,Yes,Primary fit for AIRWAY_STENT_SEMS_COVERED; source-backed and prototype-visible.
SLOT-45D721710F,PRD-23E592FF23,AIRWAY_STENT_SEMS_COVERED,Prototype candidate,Yes,Primary fit for AIRWAY_STENT_SEMS_COVERED; source-backed and prototype-visible.
SLOT-45D721710F,PRD-58DB5E4909,AIRWAY_STENT_SEMS_COVERED,Prototype candidate,Yes,Primary fit for AIRWAY_STENT_SEMS_COVERED; source-backed and prototype-visible.
SLOT-45D721710F,PRD-2A67871443,AIRWAY_STENT_SEMS_COVERED,Prototype candidate,Yes,Primary fit for AIRWAY_STENT_SEMS_COVERED; source-backed and prototype-visible.
SLOT-45D721710F,PRD-8E2214C53F,AIRWAY_STENT_SEMS_COVERED,Prototype candidate,Yes,Primary fit for AIRWAY_STENT_SEMS_COVERED; source-backed and prototype-visible.
SLOT-45D721710F,PRD-C65DDE0FEC,AIRWAY_STENT_SEMS_COVERED,Prototype candidate,Yes,Primary fit for AIRWAY_STENT_SEMS_COVERED; source-backed and prototype-visible.
SLOT-45D721710F,PRD-EC1BF76FBC,AIRWAY_STENT_SEMS_COVERED,Prototype candidate,Yes,Primary fit for AIRWAY_STENT_SEMS_COVERED; source-backed and prototype-visible.
SLOT-45D721710F,PRD-2E03B33575,AIRWAY_STENT_SEMS_COVERED,Prototype candidate,Yes,Primary fit for AIRWAY_STENT_SEMS_COVERED; source-backed and prototype-visible.
SLOT-45D721710F,PRD-29E6B2C2D0,AIRWAY_STENT_SEMS_COVERED,Prototype candidate,Yes,Primary fit for AIRWAY_STENT_SEMS_COVERED; source-backed and prototype-visible.
SLOT-45D721710F,PRD-BD9FC1E209,AIRWAY_STENT_SEMS_COVERED,Prototype candidate,Yes,Primary fit for AIRWAY_STENT_SEMS_COVERED; source-backed and prototype-visible.
SLOT-45D721710F,PRD-C37147C7D7,AIRWAY_STENT_SEMS_COVERED,Prototype candidate,Yes,Primary fit for AIRWAY_STENT_SEMS_COVERED; source-backed and prototype-visible.
SLOT-45D721710F,PRD-0EF1C15F6B,AIRWAY_STENT_SEMS_COVERED,Prototype candidate,Yes,Primary fit for AIRWAY_STENT_SEMS_COVERED; source-backed and prototype-visible.
SLOT-45D721710F,PRD-FA59BE320F,AIRWAY_STENT_SEMS_COVERED,Prototype candidate,Yes,Primary fit for AIRWAY_STENT_SEMS_COVERED; source-backed and prototype-visible.
SLOT-45D721710F,PRD-BDE6A1058E,AIRWAY_STENT_SEMS_COVERED,Prototype candidate,Yes,Primary fit for AIRWAY_STENT_SEMS_COVERED; source-backed and prototype-visible.
SLOT-45D721710F,PRD-438D71C59C,AIRWAY_STENT_SEMS_COVERED,Prototype candidate,Yes,Primary fit for AIRWAY_STENT_SEMS_COVERED; source-backed and prototype-visible.
SLOT-45D721710F,PRD-7389E0BD35,AIRWAY_STENT_SEMS_COVERED,Prototype candidate,Yes,Primary fit for AIRWAY_STENT_SEMS_COVERED; source-backed and prototype-visible.
SLOT-45D721710F,PRD-BAC7605565,AIRWAY_STENT_SEMS_COVERED,Prototype candidate,Yes,Primary fit for AIRWAY_STENT_SEMS_COVERED; source-backed and prototype-visible.
SLOT-45D721710F,PRD-BFE5B739F0,AIRWAY_STENT_SEMS_COVERED,Prototype candidate,Yes,Exact fit for AIRWAY_STENT_SEMS_COVERED; source-backed and prototype-visible.
SLOT-45D721710F,PRD-8B87F7D42B,AIRWAY_STENT_SEMS_COVERED,Prototype candidate,Yes,Exact fit for AIRWAY_STENT_SEMS_COVERED; source-backed and prototype-visible.
SLOT-45D721710F,PRD-2EE09F18D7,AIRWAY_STENT_SEMS_COVERED,Prototype candidate,Yes,Exact fit for AIRWAY_STENT_SEMS_COVERED; source-backed and prototype-visible.
SLOT-45D721710F,PRD-65629D3931,AIRWAY_STENT_SEMS_COVERED,Prototype candidate,Yes,Exact fit for AIRWAY_STENT_SEMS_COVERED; source-backed and prototype-visible.
SLOT-45D721710F,PRD-3C2043D9ED,AIRWAY_STENT_SEMS_COVERED,Prototype candidate,Yes,Exact fit for AIRWAY_STENT_SEMS_COVERED; source-backed and prototype-visible.
SLOT-45D721710F,PRD-6407CF16C1,AIRWAY_STENT_SEMS_COVERED,Prototype candidate,Yes,Exact fit for AIRWAY_STENT_SEMS_COVERED; source-backed and prototype-visible.
SLOT-45D721710F,PRD-04F9EBA54C,AIRWAY_STENT_SEMS_COVERED,Prototype candidate,Yes,Exact fit for AIRWAY_STENT_SEMS_COVERED; source-backed and prototype-visible.
SLOT-45D721710F,PRD-71B93D1EA0,AIRWAY_STENT_SEMS_COVERED,Prototype candidate,Yes,Exact fit for AIRWAY_STENT_SEMS_COVERED; source-backed and prototype-visible.
SLOT-45D721710F,PRD-534A17E0C9,AIRWAY_STENT_SEMS_COVERED,Prototype candidate,Yes,Exact fit for AIRWAY_STENT_SEMS_COVERED; source-backed and prototype-visible.
SLOT-45D721710F,PRD-F32CE903FF,AIRWAY_STENT_SEMS_COVERED,Prototype candidate,Yes,Exact fit for AIRWAY_STENT_SEMS_COVERED; source-backed and prototype-visible.
SLOT-45D721710F,PRD-41BE0FC18C,AIRWAY_STENT_SEMS_COVERED,Prototype candidate,Yes,Exact fit for AIRWAY_STENT_SEMS_COVERED; source-backed and prototype-visible.
SLOT-45D721710F,PRD-9C399CB432,AIRWAY_STENT_SEMS_COVERED,Prototype candidate,Yes,Exact fit for AIRWAY_STENT_SEMS_COVERED; source-backed and prototype-visible.
SLOT-45D721710F,PRD-941D1C2633,AIRWAY_STENT_SEMS_COVERED,Prototype candidate,Yes,Exact fit for AIRWAY_STENT_SEMS_COVERED; source-backed and prototype-visible.
SLOT-45D721710F,PRD-F227995333,AIRWAY_STENT_SEMS_COVERED,Prototype candidate,Yes,Exact fit for AIRWAY_STENT_SEMS_COVERED; source-backed and prototype-visible.
SLOT-45D721710F,PRD-DA836B059E,AIRWAY_STENT_SEMS_COVERED,Prototype candidate,Yes,Exact fit for AIRWAY_STENT_SEMS_COVERED; source-backed and prototype-visible.
SLOT-45D721710F,PRD-86009D6403,AIRWAY_STENT_SEMS_COVERED,Prototype candidate,Yes,Exact fit for AIRWAY_STENT_SEMS_COVERED; source-backed and prototype-visible.
SLOT-45D721710F,PRD-D09AAAFB72,AIRWAY_STENT_SEMS_COVERED,Prototype candidate,Yes,Exact fit for AIRWAY_STENT_SEMS_COVERED; source-backed and prototype-visible.
SLOT-45D721710F,PRD-6556097624,AIRWAY_STENT_SEMS_COVERED,Prototype candidate,Yes,Exact fit for AIRWAY_STENT_SEMS_COVERED; source-backed and prototype-visible.
SLOT-45D721710F,PRD-99532BAC7D,AIRWAY_STENT_SEMS_COVERED,Prototype candidate,Yes,Exact fit for AIRWAY_STENT_SEMS_COVERED; source-backed and prototype-visible.
SLOT-45D721710F,PRD-A8D6EE3E6F,AIRWAY_STENT_SEMS_COVERED,Prototype candidate,Yes,Exact fit for AIRWAY_STENT_SEMS_COVERED; source-backed and prototype-visible.
SLOT-45D721710F,PRD-ECDF9A7AFB,AIRWAY_STENT_SEMS_COVERED,Prototype candidate,Yes,Exact fit for AIRWAY_STENT_SEMS_COVERED; source-backed and prototype-visible.
SLOT-45D721710F,PRD-88100A4D7B,AIRWAY_STENT_SEMS_COVERED,Prototype candidate,Yes,Exact fit for AIRWAY_STENT_SEMS_COVERED; source-backed and prototype-visible.
SLOT-45D721710F,PRD-DB10C3EACC,AIRWAY_STENT_SEMS_COVERED,Prototype candidate,Yes,Exact fit for AIRWAY_STENT_SEMS_COVERED; source-backed and prototype-visible.
SLOT-45D721710F,PRD-57D0D10F0F,AIRWAY_STENT_SEMS_COVERED,Prototype candidate,Yes,Exact fit for AIRWAY_STENT_SEMS_COVERED; source-backed and prototype-visible.
SLOT-45D721710F,PRD-ED3B1867AC,AIRWAY_STENT_SEMS_COVERED,Prototype candidate,Yes,Exact fit for AIRWAY_STENT_SEMS_COVERED; source-backed and prototype-visible.
SLOT-45D721710F,PRD-55F29BC1F9,AIRWAY_STENT_SEMS_COVERED,Prototype candidate,Yes,Exact fit for AIRWAY_STENT_SEMS_COVERED; source-backed and prototype-visible.
SLOT-45D721710F,PRD-A5971F1DE3,AIRWAY_STENT_SEMS_COVERED,Unverified candidate,No,Primary fit for AIRWAY_STENT_SEMS_COVERED; Hidden - current U.S. status unverified.
SLOT-45D721710F,PRD-E0A45CB3A7,AIRWAY_STENT_SEMS_COVERED,Unverified candidate,No,Primary fit for AIRWAY_STENT_SEMS_COVERED; Hidden - current U.S. status unverified.
SLOT-45D721710F,PRD-B20E716435,AIRWAY_STENT_SEMS_COVERED,Unverified candidate,No,Primary fit for AIRWAY_STENT_SEMS_COVERED; Hidden - current U.S. status unverified.
SLOT-45D721710F,PRD-3A6898898E,AIRWAY_STENT_SEMS_COVERED,Unverified candidate,No,Primary fit for AIRWAY_STENT_SEMS_COVERED; Hidden - current U.S. status unverified.
SLOT-45D721710F,PRD-F7981773F7,AIRWAY_STENT_SEMS_COVERED,Unverified candidate,No,Primary fit for AIRWAY_STENT_SEMS_COVERED; Hidden - current U.S. status unverified.
SLOT-45D721710F,PRD-112FA15A7C,AIRWAY_STENT_SEMS_COVERED,Unverified candidate,No,Primary fit for AIRWAY_STENT_SEMS_COVERED; Hidden - current U.S. status unverified.
SLOT-45D721710F,PRD-369E8F396B,AIRWAY_STENT_SEMS_COVERED,Unverified candidate,No,Primary fit for AIRWAY_STENT_SEMS_COVERED; Hidden - current U.S. status unverified.
SLOT-45D721710F,PRD-2644946D4C,AIRWAY_STENT_SEMS_COVERED,Unverified candidate,No,Primary fit for AIRWAY_STENT_SEMS_COVERED; Hidden - current U.S. status unverified.
SLOT-45D721710F,PRD-70A8B88A8D,AIRWAY_STENT_SEMS_COVERED,Unverified candidate,No,Primary fit for AIRWAY_STENT_SEMS_COVERED; Hidden - current U.S. status unverified.
SLOT-45D721710F,PRD-8A6658D379,AIRWAY_STENT_SEMS_COVERED,Unverified candidate,No,Primary fit for AIRWAY_STENT_SEMS_COVERED; Hidden - current U.S. status unverified.
SLOT-45D721710F,PRD-063913C3C0,AIRWAY_STENT_SEMS_COVERED,Unverified candidate,No,Primary fit for AIRWAY_STENT_SEMS_COVERED; Hidden - current U.S. status unverified.
SLOT-45D721710F,PRD-7A4AE2E955,AIRWAY_STENT_SEMS_COVERED,Unverified candidate,No,Primary fit for AIRWAY_STENT_SEMS_COVERED; Hidden - current U.S. status unverified.
SLOT-45D721710F,PRD-87E491F131,AIRWAY_STENT_SEMS_COVERED,Unverified candidate,No,Primary fit for AIRWAY_STENT_SEMS_COVERED; Hidden - current U.S. status unverified.
SLOT-45D721710F,PRD-CD315440D5,AIRWAY_STENT_SEMS_COVERED,Unverified candidate,No,Primary fit for AIRWAY_STENT_SEMS_COVERED; Hidden - current U.S. status unverified.
SLOT-45D721710F,PRD-BF31F89558,AIRWAY_STENT_SEMS_COVERED,Unverified candidate,No,Primary fit for AIRWAY_STENT_SEMS_COVERED; Hidden - current U.S. status unverified.
SLOT-45D721710F,PRD-BBEB73374B,AIRWAY_STENT_SEMS_COVERED,Unverified candidate,No,Primary fit for AIRWAY_STENT_SEMS_COVERED; Hidden - current U.S. status unverified.
SLOT-45D721710F,PRD-D92BDB1551,AIRWAY_STENT_SEMS_COVERED,Unverified candidate,No,Primary fit for AIRWAY_STENT_SEMS_COVERED; Hidden - current U.S. status unverified.
SLOT-45D721710F,PRD-84F7ABC615,AIRWAY_STENT_SEMS_COVERED,Unverified candidate,No,Primary fit for AIRWAY_STENT_SEMS_COVERED; Hidden - current U.S. status unverified.
SLOT-45D721710F,PRD-148F8BC5BA,AIRWAY_STENT_SEMS_COVERED,Unverified candidate,No,Primary fit for AIRWAY_STENT_SEMS_COVERED; Hidden until verified.
SLOT-45D721710F,PRD-DF0AB82B2D,AIRWAY_STENT_SEMS_COVERED,Unverified candidate,No,Primary fit for AIRWAY_STENT_SEMS_COVERED; Hidden until verified.
SLOT-45D721710F,PRD-82CCE45D12,AIRWAY_STENT_SEMS_COVERED,Unverified candidate,No,Primary fit for AIRWAY_STENT_SEMS_COVERED; Hidden until verified.
SLOT-45D721710F,PRD-2D588804C5,AIRWAY_STENT_SEMS_COVERED,Unverified candidate,No,Primary fit for AIRWAY_STENT_SEMS_COVERED; Hidden until verified.
SLOT-45D721710F,PRD-1A0C09927F,AIRWAY_STENT_SEMS_COVERED,Prototype candidate,Yes,Primary fit for AIRWAY_STENT_SEMS_COVERED; source-backed and prototype-visible.
SLOT-45D721710F,PRD-0D187D741A,AIRWAY_STENT_SEMS_COVERED,Prototype candidate,Yes,Primary fit for AIRWAY_STENT_SEMS_COVERED; source-backed and prototype-visible.
SLOT-45D721710F,PRD-5D09EFABDD,AIRWAY_STENT_SEMS_COVERED,Prototype candidate,Yes,Primary fit for AIRWAY_STENT_SEMS_COVERED; source-backed and prototype-visible.
SLOT-45D721710F,PRD-61B1C43B5C,AIRWAY_STENT_SEMS_COVERED,Prototype candidate,Yes,Primary fit for AIRWAY_STENT_SEMS_COVERED; source-backed and prototype-visible.
SLOT-45D721710F,PRD-71D6D8E081,AIRWAY_STENT_SEMS_COVERED,Prototype candidate,Yes,Primary fit for AIRWAY_STENT_SEMS_COVERED; source-backed and prototype-visible.
SLOT-45D721710F,PRD-F5CEB7234A,AIRWAY_STENT_SEMS_COVERED,Prototype candidate,Yes,Primary fit for AIRWAY_STENT_SEMS_COVERED; source-backed and prototype-visible.
SLOT-45D721710F,PRD-89BCEE2895,AIRWAY_STENT_SEMS_COVERED,Prototype candidate,Yes,Primary fit for AIRWAY_STENT_SEMS_COVERED; source-backed and prototype-visible.
SLOT-45D721710F,PRD-6124E1A326,AIRWAY_STENT_SEMS_COVERED,Prototype candidate,Yes,Primary fit for AIRWAY_STENT_SEMS_COVERED; source-backed and prototype-visible.
SLOT-45D721710F,PRD-21832A5DCA,AIRWAY_STENT_SEMS_COVERED,Prototype candidate,Yes,Primary fit for AIRWAY_STENT_SEMS_COVERED; source-backed and prototype-visible.
SLOT-45D721710F,PRD-6D8A97CC06,AIRWAY_STENT_SEMS_COVERED,Prototype candidate,Yes,Primary fit for AIRWAY_STENT_SEMS_COVERED; source-backed and prototype-visible.
SLOT-45D721710F,PRD-ACA2322DB2,AIRWAY_STENT_SEMS_COVERED,Prototype candidate,Yes,Primary fit for AIRWAY_STENT_SEMS_COVERED; source-backed and prototype-visible.
SLOT-45D721710F,PRD-AAFEA61B28,AIRWAY_STENT_SEMS_COVERED,Prototype candidate,Yes,Primary fit for AIRWAY_STENT_SEMS_COVERED; source-backed and prototype-visible.
SLOT-45D721710F,PRD-F9EB14C69E,AIRWAY_STENT_SEMS_COVERED,Prototype candidate,Yes,Primary fit for AIRWAY_STENT_SEMS_COVERED; source-backed and prototype-visible.
SLOT-45D721710F,PRD-98610CE8EB,AIRWAY_STENT_SEMS_COVERED,Prototype candidate,Yes,Primary fit for AIRWAY_STENT_SEMS_COVERED; source-backed and prototype-visible.
SLOT-45D721710F,PRD-D5A436E755,AIRWAY_STENT_SEMS_COVERED,Prototype candidate,Yes,Primary fit for AIRWAY_STENT_SEMS_COVERED; source-backed and prototype-visible.
SLOT-45D721710F,PRD-0FC4F02CEE,AIRWAY_STENT_SEMS_COVERED,Prototype candidate,Yes,Primary fit for AIRWAY_STENT_SEMS_COVERED; source-backed and prototype-visible.
SLOT-45D721710F,PRD-900AA8F053,AIRWAY_STENT_SEMS_COVERED,Prototype candidate,Yes,Primary fit for AIRWAY_STENT_SEMS_COVERED; source-backed and prototype-visible.
SLOT-45D721710F,PRD-B07610EC95,AIRWAY_STENT_SEMS_COVERED,Prototype candidate,Yes,Primary fit for AIRWAY_STENT_SEMS_COVERED; source-backed and prototype-visible.
SLOT-45D721710F,PRD-D29CE0D10F,AIRWAY_STENT_SEMS_COVERED,Prototype candidate,Yes,Primary fit for AIRWAY_STENT_SEMS_COVERED; source-backed and prototype-visible.
SLOT-45D721710F,PRD-6EFB8B3386,AIRWAY_STENT_SEMS_COVERED,Unverified candidate,No,Primary fit for AIRWAY_STENT_SEMS_COVERED; Hidden until verified.
SLOT-45D721710F,PRD-733F2370BA,AIRWAY_STENT_SEMS_COVERED,Unverified candidate,No,Primary fit for AIRWAY_STENT_SEMS_COVERED; Hidden until verified.
SLOT-45D721710F,PRD-138ECF4319,AIRWAY_STENT_SEMS_COVERED,Unverified candidate,No,Primary fit for AIRWAY_STENT_SEMS_COVERED; Hidden until verified.
SLOT-45D721710F,PRD-CBD72081E8,AIRWAY_STENT_SEMS_COVERED,Unverified candidate,No,Primary fit for AIRWAY_STENT_SEMS_COVERED; Hidden until verified.
SLOT-45D721710F,PRD-FBE99854E1,AIRWAY_STENT_SEMS_COVERED,Unverified candidate,No,Primary fit for AIRWAY_STENT_SEMS_COVERED; Hidden until verified.
SLOT-45D721710F,PRD-7ACC124BE1,AIRWAY_STENT_SEMS_COVERED,Unverified candidate,No,Primary fit for AIRWAY_STENT_SEMS_COVERED; Hidden until verified.
SLOT-45D721710F,PRD-A0DF0074DB,AIRWAY_STENT_SEMS_COVERED,Unverified candidate,No,Primary fit for AIRWAY_STENT_SEMS_COVERED; Hidden until verified.
SLOT-45D721710F,PRD-7AA19EC9FD,AIRWAY_STENT_SEMS_COVERED,Unverified candidate,No,Primary fit for AIRWAY_STENT_SEMS_COVERED; Hidden until verified.
SLOT-45D721710F,PRD-6DB8E6BC3D,AIRWAY_STENT_SEMS_COVERED,Unverified candidate,No,Primary fit for AIRWAY_STENT_SEMS_COVERED; Hidden until verified.
SLOT-45D721710F,PRD-BBBE3C6465,AIRWAY_STENT_SEMS_COVERED,Unverified candidate,No,Primary fit for AIRWAY_STENT_SEMS_COVERED; Hidden until verified.
SLOT-45D721710F,PRD-D2C6029A70,AIRWAY_STENT_SEMS_COVERED,Unverified candidate,No,Primary fit for AIRWAY_STENT_SEMS_COVERED; Hidden until verified.
SLOT-45D721710F,PRD-6F74CF87DF,AIRWAY_STENT_SEMS_COVERED,Unverified candidate,No,Primary fit for AIRWAY_STENT_SEMS_COVERED; Hidden until verified.
SLOT-45D721710F,PRD-908A7EB205,AIRWAY_STENT_SEMS_COVERED,Unverified candidate,No,Primary fit for AIRWAY_STENT_SEMS_COVERED; Hidden until verified.
SLOT-45D721710F,PRD-7EE559B95F,AIRWAY_STENT_SEMS_COVERED,Unverified candidate,No,Primary fit for AIRWAY_STENT_SEMS_COVERED; Hidden until verified.
SLOT-45D721710F,PRD-81325BA145,AIRWAY_STENT_SEMS_COVERED,Unverified candidate,No,Primary fit for AIRWAY_STENT_SEMS_COVERED; Hidden until verified.
SLOT-45D721710F,PRD-0C3327D71D,AIRWAY_STENT_SEMS_COVERED,Unverified candidate,No,Primary fit for AIRWAY_STENT_SEMS_COVERED; Hidden until verified.
SLOT-45D721710F,PRD-0581A0B7D2,AIRWAY_STENT_SEMS_COVERED,Unverified candidate,No,Primary fit for AIRWAY_STENT_SEMS_COVERED; Hidden until verified.
SLOT-45D721710F,PRD-EF96863018,AIRWAY_STENT_SEMS_COVERED,Unverified candidate,No,Primary fit for AIRWAY_STENT_SEMS_COVERED; Hidden until verified.
SLOT-45D721710F,PRD-5255AADD2C,AIRWAY_STENT_SEMS_COVERED,Unverified candidate,No,Primary fit for AIRWAY_STENT_SEMS_COVERED; Hidden until verified.
SLOT-45D721710F,PRD-2CEB73CB15,AIRWAY_STENT_SEMS_COVERED,Unverified candidate,No,Primary fit for AIRWAY_STENT_SEMS_COVERED; Hidden until verified.
SLOT-45D721710F,PRD-9BBDA8D7D6,AIRWAY_STENT_SEMS_COVERED,Unverified candidate,No,Primary fit for AIRWAY_STENT_SEMS_COVERED; Hidden until verified.
SLOT-45D721710F,PRD-F980B28A34,AIRWAY_STENT_SEMS_COVERED,Unverified candidate,No,Primary fit for AIRWAY_STENT_SEMS_COVERED; Hidden until verified.
SLOT-45D721710F,PRD-8C9CE98C9B,AIRWAY_STENT_SEMS_COVERED,Unverified candidate,No,Primary fit for AIRWAY_STENT_SEMS_COVERED; Hidden until verified.
SLOT-45D721710F,PRD-13EE4FE542,AIRWAY_STENT_SEMS_COVERED,Unverified candidate,No,Primary fit for AIRWAY_STENT_SEMS_COVERED; Hidden until verified.
SLOT-45D721710F,PRD-DF6218682C,AIRWAY_STENT_SEMS_COVERED,Unverified candidate,No,Primary fit for AIRWAY_STENT_SEMS_COVERED; Hidden until verified.
SLOT-45D721710F,PRD-03B374F7B8,AIRWAY_STENT_SEMS_COVERED,Unverified candidate,No,Primary fit for AIRWAY_STENT_SEMS_COVERED; Hidden until verified.
SLOT-45D721710F,PRD-EFB3CF2E71,AIRWAY_STENT_SEMS_COVERED,Unverified candidate,No,Primary fit for AIRWAY_STENT_SEMS_COVERED; Hidden until verified.
SLOT-45D721710F,PRD-470EA6C7BA,AIRWAY_STENT_SEMS_COVERED,Unverified candidate,No,Primary fit for AIRWAY_STENT_SEMS_COVERED; Hidden until verified.
SLOT-45D721710F,PRD-4AECEED0C8,AIRWAY_STENT_SEMS_COVERED,Unverified candidate,No,Primary fit for AIRWAY_STENT_SEMS_COVERED; Hidden until verified.
SLOT-45D721710F,PRD-56932BDE51,AIRWAY_STENT_SEMS_COVERED,Unverified candidate,No,Primary fit for AIRWAY_STENT_SEMS_COVERED; Hidden until verified.
SLOT-45D721710F,PRD-D968D7AB8E,AIRWAY_STENT_SEMS_COVERED,Unverified candidate,No,Primary fit for AIRWAY_STENT_SEMS_COVERED; Hidden until verified.
SLOT-45D721710F,PRD-6BC9B48573,AIRWAY_STENT_SEMS_COVERED,Unverified candidate,No,Primary fit for AIRWAY_STENT_SEMS_COVERED; Hidden until verified.
SLOT-45D721710F,PRD-95C0E7E548,AIRWAY_STENT_SEMS_COVERED,Unverified candidate,No,Primary fit for AIRWAY_STENT_SEMS_COVERED; Hidden until verified.
SLOT-45D721710F,PRD-34598AB94A,AIRWAY_STENT_SEMS_COVERED,Unverified candidate,No,Primary fit for AIRWAY_STENT_SEMS_COVERED; Hidden until verified.
SLOT-45D721710F,PRD-9C53328A79,AIRWAY_STENT_SEMS_COVERED,Unverified candidate,No,Primary fit for AIRWAY_STENT_SEMS_COVERED; Hidden until verified.
SLOT-45D721710F,PRD-9DCC51E06A,AIRWAY_STENT_SEMS_COVERED,Unverified candidate,No,Primary fit for AIRWAY_STENT_SEMS_COVERED; Hidden until verified.
SLOT-45D721710F,PRD-963930CE88,AIRWAY_STENT_SEMS_COVERED,Unverified candidate,No,Primary fit for AIRWAY_STENT_SEMS_COVERED; Hidden until verified.
SLOT-45D721710F,PRD-9BAC333008,AIRWAY_STENT_SEMS_COVERED,Unverified candidate,No,Primary fit for AIRWAY_STENT_SEMS_COVERED; Hidden until verified.
SLOT-45D721710F,PRD-78354BF30F,AIRWAY_STENT_SEMS_COVERED,Unverified candidate,No,Primary fit for AIRWAY_STENT_SEMS_COVERED; Hidden until verified.
SLOT-09A64B2C62,PRD-4F9AA3907F,AIRWAY_STENT_SEMS_UNCOVERED,Prototype candidate,Yes,Primary fit for AIRWAY_STENT_SEMS_UNCOVERED; source-backed and prototype-visible.
SLOT-09A64B2C62,PRD-4E186C03D4,AIRWAY_STENT_SEMS_UNCOVERED,Prototype candidate,Yes,Primary fit for AIRWAY_STENT_SEMS_UNCOVERED; source-backed and prototype-visible.
SLOT-09A64B2C62,PRD-2CCE54EDFD,AIRWAY_STENT_SEMS_UNCOVERED,Prototype candidate,Yes,Primary fit for AIRWAY_STENT_SEMS_UNCOVERED; source-backed and prototype-visible.
SLOT-09A64B2C62,PRD-4B4F1501DE,AIRWAY_STENT_SEMS_UNCOVERED,Prototype candidate,Yes,Primary fit for AIRWAY_STENT_SEMS_UNCOVERED; source-backed and prototype-visible.
SLOT-09A64B2C62,PRD-1D78A1B240,AIRWAY_STENT_SEMS_UNCOVERED,Prototype candidate,Yes,Primary fit for AIRWAY_STENT_SEMS_UNCOVERED; source-backed and prototype-visible.
SLOT-09A64B2C62,PRD-ED3D613CD2,AIRWAY_STENT_SEMS_UNCOVERED,Prototype candidate,Yes,Primary fit for AIRWAY_STENT_SEMS_UNCOVERED; source-backed and prototype-visible.
SLOT-09A64B2C62,PRD-B8971B556C,AIRWAY_STENT_SEMS_UNCOVERED,Prototype candidate,Yes,Primary fit for AIRWAY_STENT_SEMS_UNCOVERED; source-backed and prototype-visible.
SLOT-09A64B2C62,PRD-235F9C6FBD,AIRWAY_STENT_SEMS_UNCOVERED,Prototype candidate,Yes,Primary fit for AIRWAY_STENT_SEMS_UNCOVERED; source-backed and prototype-visible.
SLOT-09A64B2C62,PRD-27B1BEE50C,AIRWAY_STENT_SEMS_UNCOVERED,Prototype candidate,Yes,Primary fit for AIRWAY_STENT_SEMS_UNCOVERED; source-backed and prototype-visible.
SLOT-09A64B2C62,PRD-5A822E57C6,AIRWAY_STENT_SEMS_UNCOVERED,Prototype candidate,Yes,Primary fit for AIRWAY_STENT_SEMS_UNCOVERED; source-backed and prototype-visible.
SLOT-09A64B2C62,PRD-5798E6CA9D,AIRWAY_STENT_SEMS_UNCOVERED,Prototype candidate,Yes,Primary fit for AIRWAY_STENT_SEMS_UNCOVERED; source-backed and prototype-visible.
SLOT-09A64B2C62,PRD-6ED2313A9C,AIRWAY_STENT_SEMS_UNCOVERED,Prototype candidate,Yes,Primary fit for AIRWAY_STENT_SEMS_UNCOVERED; source-backed and prototype-visible.
SLOT-09A64B2C62,PRD-904D5B29E4,AIRWAY_STENT_SEMS_UNCOVERED,Prototype candidate,Yes,Primary fit for AIRWAY_STENT_SEMS_UNCOVERED; source-backed and prototype-visible.
SLOT-09A64B2C62,PRD-DCD9FB53E5,AIRWAY_STENT_SEMS_UNCOVERED,Prototype candidate,Yes,Primary fit for AIRWAY_STENT_SEMS_UNCOVERED; source-backed and prototype-visible.
SLOT-09A64B2C62,PRD-635895FDEF,AIRWAY_STENT_SEMS_UNCOVERED,Prototype candidate,Yes,Primary fit for AIRWAY_STENT_SEMS_UNCOVERED; source-backed and prototype-visible.
SLOT-09A64B2C62,PRD-AC9799F503,AIRWAY_STENT_SEMS_UNCOVERED,Prototype candidate,Yes,Primary fit for AIRWAY_STENT_SEMS_UNCOVERED; source-backed and prototype-visible.
SLOT-09A64B2C62,PRD-87B6764F8B,AIRWAY_STENT_SEMS_UNCOVERED,Prototype candidate,Yes,Primary fit for AIRWAY_STENT_SEMS_UNCOVERED; source-backed and prototype-visible.
SLOT-09A64B2C62,PRD-D1E3BFD9D3,AIRWAY_STENT_SEMS_UNCOVERED,Prototype candidate,Yes,Primary fit for AIRWAY_STENT_SEMS_UNCOVERED; source-backed and prototype-visible.
SLOT-09A64B2C62,PRD-C3FA589A20,AIRWAY_STENT_SEMS_UNCOVERED,Unverified candidate,No,Primary fit for AIRWAY_STENT_SEMS_UNCOVERED; Hidden - current U.S. status unverified.
SLOT-09A64B2C62,PRD-B865D0FAF0,AIRWAY_STENT_SEMS_UNCOVERED,Unverified candidate,No,Primary fit for AIRWAY_STENT_SEMS_UNCOVERED; Hidden - current U.S. status unverified.
SLOT-09A64B2C62,PRD-3C6D28844E,AIRWAY_STENT_SEMS_UNCOVERED,Unverified candidate,No,Primary fit for AIRWAY_STENT_SEMS_UNCOVERED; Hidden - current U.S. status unverified.
SLOT-09A64B2C62,PRD-4724EA02A3,AIRWAY_STENT_SEMS_UNCOVERED,Unverified candidate,No,Primary fit for AIRWAY_STENT_SEMS_UNCOVERED; Hidden - current U.S. status unverified.
SLOT-09A64B2C62,PRD-A64069C0A0,AIRWAY_STENT_SEMS_UNCOVERED,Unverified candidate,No,Primary fit for AIRWAY_STENT_SEMS_UNCOVERED; Hidden - current U.S. status unverified.
SLOT-09A64B2C62,PRD-C7E66C10DC,AIRWAY_STENT_SEMS_UNCOVERED,Unverified candidate,No,Primary fit for AIRWAY_STENT_SEMS_UNCOVERED; Hidden - current U.S. status unverified.
SLOT-09A64B2C62,PRD-C9704EAA93,AIRWAY_STENT_SEMS_UNCOVERED,Unverified candidate,No,Primary fit for AIRWAY_STENT_SEMS_UNCOVERED; Hidden - current U.S. status unverified.
SLOT-09A64B2C62,PRD-045F1D520E,AIRWAY_STENT_SEMS_UNCOVERED,Unverified candidate,No,Primary fit for AIRWAY_STENT_SEMS_UNCOVERED; Hidden - current U.S. status unverified.
SLOT-D2974FC11B,PRD-8DDD9F07C0,BIOPSY_FORCEPS_FLEX,Prototype candidate,Yes,Primary fit for BIOPSY_FORCEPS_FLEX; source-backed and prototype-visible.
SLOT-D2974FC11B,PRD-72889F9CE3,BIOPSY_FORCEPS_FLEX,Prototype candidate,Yes,Primary fit for BIOPSY_FORCEPS_FLEX; source-backed and prototype-visible.
SLOT-D2974FC11B,PRD-BF2EC6AB5E,BIOPSY_FORCEPS_FLEX,Prototype candidate,Yes,Primary fit for BIOPSY_FORCEPS_FLEX; source-backed and prototype-visible.
SLOT-D2974FC11B,PRD-27BF9F087E,BIOPSY_FORCEPS_FLEX,Prototype candidate,Yes,Primary fit for BIOPSY_FORCEPS_FLEX; source-backed and prototype-visible.
SLOT-D2974FC11B,PRD-A83C7ADE90,BIOPSY_FORCEPS_FLEX,Prototype candidate,Yes,Primary fit for BIOPSY_FORCEPS_FLEX; source-backed and prototype-visible.
SLOT-D2974FC11B,PRD-217AB10438,BIOPSY_FORCEPS_FLEX,Prototype candidate,Yes,Primary fit for BIOPSY_FORCEPS_FLEX; source-backed and prototype-visible.
SLOT-D2974FC11B,PRD-615CDFB8AB,BIOPSY_FORCEPS_FLEX,Unverified candidate,No,Exact fit for BIOPSY_FORCEPS_FLEX; Hidden - current U.S. status unverified.
SLOT-D2974FC11B,PRD-F9A98419EA,BIOPSY_FORCEPS_FLEX,Unverified candidate,No,Exact fit for BIOPSY_FORCEPS_FLEX; Hidden - current U.S. status unverified.
SLOT-D2974FC11B,PRD-BA02119C36,BIOPSY_FORCEPS_FLEX,Unverified candidate,No,Primary fit for BIOPSY_FORCEPS_FLEX; Hidden until verified.
SLOT-D2974FC11B,PRD-882E06A5A9,BIOPSY_FORCEPS_FLEX,Prototype candidate,Yes,Primary fit for BIOPSY_FORCEPS_FLEX; source-backed and prototype-visible.
SLOT-D2974FC11B,PRD-9CFCC838A3,BIOPSY_FORCEPS_FLEX,Prototype candidate,Yes,Primary fit for BIOPSY_FORCEPS_FLEX; source-backed and prototype-visible.
SLOT-D2974FC11B,PRD-E7FAE36160,BIOPSY_FORCEPS_FLEX,Prototype candidate,Yes,Primary fit for BIOPSY_FORCEPS_FLEX; source-backed and prototype-visible.
SLOT-D2974FC11B,PRD-EF6C5DE6CC,BIOPSY_FORCEPS_FLEX,Prototype candidate,Yes,Primary fit for BIOPSY_FORCEPS_FLEX; source-backed and prototype-visible.
SLOT-D2974FC11B,PRD-2C4537F4D4,BIOPSY_FORCEPS_FLEX,Unverified candidate,No,Primary fit for BIOPSY_FORCEPS_FLEX; Hidden - current U.S. status unverified.
SLOT-D2974FC11B,PRD-3D26E84017,BIOPSY_FORCEPS_FLEX,Prototype candidate,Yes,Primary fit for BIOPSY_FORCEPS_FLEX; source-backed and prototype-visible.
SLOT-D2974FC11B,PRD-58DE7D49C4,BIOPSY_FORCEPS_FLEX,Prototype candidate,Yes,Primary fit for BIOPSY_FORCEPS_FLEX; source-backed and prototype-visible.
SLOT-D2974FC11B,PRD-A2F4A953C4,BIOPSY_FORCEPS_FLEX,Unverified candidate,No,Exact fit for BIOPSY_FORCEPS_FLEX; Hidden - current U.S. status unverified.
SLOT-97CFA5C9A2,PRD-A48A455A5E,APC_PROBE_FLEX,Unverified candidate,No,Primary fit for APC_PROBE_FLEX; Hidden - non-U.S. catalog / U.S. status unverified.
SLOT-97CFA5C9A2,PRD-5445BFA070,APC_PROBE_FLEX,Unverified candidate,No,Primary fit for APC_PROBE_FLEX; Hidden - non-U.S. catalog / U.S. status unverified.
SLOT-97CFA5C9A2,PRD-C3FDFF59E0,APC_PROBE_FLEX,Unverified candidate,No,Primary fit for APC_PROBE_FLEX; Hidden - non-U.S. catalog / U.S. status unverified.
SLOT-97CFA5C9A2,PRD-3A183102CF,APC_PROBE_FLEX,Unverified candidate,No,Primary fit for APC_PROBE_FLEX; Hidden - non-U.S. catalog / U.S. status unverified.
SLOT-97CFA5C9A2,PRD-DE4182B356,APC_PROBE_FLEX,Unverified candidate,No,Primary fit for APC_PROBE_FLEX; Hidden - non-U.S. catalog / U.S. status unverified.
SLOT-97CFA5C9A2,PRD-C492434340,APC_PROBE_FLEX,Unverified candidate,No,Primary fit for APC_PROBE_FLEX; Hidden - non-U.S. catalog / U.S. status unverified.
SLOT-97CFA5C9A2,PRD-99494D8DD0,APC_PROBE_FLEX,Unverified candidate,No,Primary fit for APC_PROBE_FLEX; Hidden - non-U.S. catalog / U.S. status unverified.
SLOT-97CFA5C9A2,PRD-21F6CB5BAC,APC_PROBE_FLEX,Unverified candidate,No,Primary fit for APC_PROBE_FLEX; Hidden - non-U.S. catalog / U.S. status unverified.
SLOT-97CFA5C9A2,PRD-19BAA6E1D6,APC_PROBE_FLEX,Unverified candidate,No,Primary fit for APC_PROBE_FLEX; Hidden - non-U.S. catalog / U.S. status unverified.
SLOT-97CFA5C9A2,PRD-4E9412A49F,APC_PROBE_FLEX,Unverified candidate,No,Primary fit for APC_PROBE_FLEX; Hidden - non-U.S. catalog / U.S. status unverified.
SLOT-97CFA5C9A2,PRD-5AB3F8988B,APC_PROBE_FLEX,Unverified candidate,No,Primary fit for APC_PROBE_FLEX; Hidden - non-U.S. catalog / U.S. status unverified.
SLOT-90A43CBAEF,PRD-456C006CCE,ENERGY_CABLE_ADAPTER,Unverified candidate,No,Primary fit for ENERGY_CABLE_ADAPTER; Hidden - non-U.S. catalog / U.S. status unverified.
SLOT-90A43CBAEF,PRD-9349B7D1F6,ENERGY_CABLE_ADAPTER,Unverified candidate,No,Primary fit for ENERGY_CABLE_ADAPTER; Hidden - non-U.S. catalog / U.S. status unverified.
SLOT-90A43CBAEF,PRD-7A53694B65,ENERGY_CABLE_ADAPTER,Unverified candidate,No,Primary fit for ENERGY_CABLE_ADAPTER; Hidden - non-U.S. catalog / U.S. status unverified.
SLOT-90A43CBAEF,PRD-63E9945A0A,ENERGY_CABLE_ADAPTER,Unverified candidate,No,Primary fit for ENERGY_CABLE_ADAPTER; Hidden - non-U.S. catalog / U.S. status unverified.
SLOT-90A43CBAEF,PRD-EC8FB40FB0,ENERGY_CABLE_ADAPTER,Unverified candidate,No,Primary fit for ENERGY_CABLE_ADAPTER; Hidden - non-U.S. catalog / U.S. status unverified.
SLOT-90A43CBAEF,PRD-D723C6FF62,ENERGY_CABLE_ADAPTER,Unverified candidate,No,Primary fit for ENERGY_CABLE_ADAPTER; Hidden - non-U.S. catalog / U.S. status unverified.
SLOT-90A43CBAEF,PRD-E5D003B78D,ENERGY_CABLE_ADAPTER,Unverified candidate,No,Primary fit for ENERGY_CABLE_ADAPTER; Hidden - non-U.S. catalog / U.S. status unverified.
SLOT-90A43CBAEF,PRD-EE226986CB,ENERGY_CABLE_ADAPTER,Unverified candidate,No,Primary fit for ENERGY_CABLE_ADAPTER; Hidden - non-U.S. catalog / U.S. status unverified.
SLOT-90A43CBAEF,PRD-E4FE22C28D,ENERGY_CABLE_ADAPTER,Unverified candidate,No,Primary fit for ENERGY_CABLE_ADAPTER; Hidden - non-U.S. catalog / U.S. status unverified.
SLOT-90A43CBAEF,PRD-704E468EF5,ENERGY_CABLE_ADAPTER,Unverified candidate,No,Primary fit for ENERGY_CABLE_ADAPTER; Hidden - non-U.S. catalog / U.S. status unverified.
SLOT-90A43CBAEF,PRD-574BC79D2B,ENERGY_CABLE_ADAPTER,Unverified candidate,No,Primary fit for ENERGY_CABLE_ADAPTER; Hidden - non-U.S. catalog / U.S. status unverified.
SLOT-90A43CBAEF,PRD-27460DB568,ENERGY_CABLE_ADAPTER,Unverified candidate,No,Primary fit for ENERGY_CABLE_ADAPTER; Hidden - non-U.S. catalog / U.S. status unverified.
SLOT-90A43CBAEF,PRD-DCA951086F,ENERGY_CABLE_ADAPTER,Unverified candidate,No,Primary fit for ENERGY_CABLE_ADAPTER; Hidden - non-U.S. catalog / U.S. status unverified.
SLOT-90A43CBAEF,PRD-1425225614,ENERGY_CABLE_ADAPTER,Unverified candidate,No,Primary fit for ENERGY_CABLE_ADAPTER; Hidden - non-U.S. catalog / U.S. status unverified.
SLOT-90A43CBAEF,PRD-DA396EF06D,ENERGY_CABLE_ADAPTER,Unverified candidate,No,Primary fit for ENERGY_CABLE_ADAPTER; Hidden - non-U.S. catalog / U.S. status unverified.
SLOT-90A43CBAEF,PRD-6BC32547CD,ENERGY_CABLE_ADAPTER,Unverified candidate,No,Primary fit for ENERGY_CABLE_ADAPTER; Hidden - non-U.S. catalog / U.S. status unverified.
SLOT-90A43CBAEF,PRD-40F9EDE43C,ENERGY_CABLE_ADAPTER,Unverified candidate,No,Primary fit for ENERGY_CABLE_ADAPTER; Hidden - non-U.S. catalog / U.S. status unverified.
SLOT-90A43CBAEF,PRD-6DF43B832B,ENERGY_CABLE_ADAPTER,Unverified candidate,No,Primary fit for ENERGY_CABLE_ADAPTER; Hidden - non-U.S. catalog / U.S. status unverified.
SLOT-90A43CBAEF,PRD-27BD1F9DB6,ENERGY_CABLE_ADAPTER,Unverified candidate,No,Primary fit for ENERGY_CABLE_ADAPTER; Hidden - non-U.S. catalog / U.S. status unverified.
SLOT-90A43CBAEF,PRD-BBCDFBC541,ENERGY_CABLE_ADAPTER,Unverified candidate,No,Primary fit for ENERGY_CABLE_ADAPTER; Hidden - non-U.S. catalog / U.S. status unverified.
SLOT-90A43CBAEF,PRD-24DF8E0987,ENERGY_CABLE_ADAPTER,Unverified candidate,No,Primary fit for ENERGY_CABLE_ADAPTER; Hidden - non-U.S. catalog / U.S. status unverified.
SLOT-90A43CBAEF,PRD-95ADE8F814,ENERGY_CABLE_ADAPTER,Unverified candidate,No,Primary fit for ENERGY_CABLE_ADAPTER; Hidden - non-U.S. catalog / U.S. status unverified.
SLOT-90A43CBAEF,PRD-F9C809D277,ENERGY_CABLE_ADAPTER,Unverified candidate,No,Primary fit for ENERGY_CABLE_ADAPTER; Hidden - non-U.S. catalog / U.S. status unverified.
SLOT-90A43CBAEF,PRD-CB585AE377,ENERGY_CABLE_ADAPTER,Unverified candidate,No,Primary fit for ENERGY_CABLE_ADAPTER; Hidden - non-U.S. catalog / U.S. status unverified.
SLOT-90A43CBAEF,PRD-E91AF4A4B3,ENERGY_CABLE_ADAPTER,Unverified candidate,No,Primary fit for ENERGY_CABLE_ADAPTER; Hidden - non-U.S. catalog / U.S. status unverified.
SLOT-90A43CBAEF,PRD-D41DE241C1,ENERGY_CABLE_ADAPTER,Unverified candidate,No,Primary fit for ENERGY_CABLE_ADAPTER; Hidden - non-U.S. catalog / U.S. status unverified.
SLOT-90A43CBAEF,PRD-DA3218ED45,ENERGY_CABLE_ADAPTER,Unverified candidate,No,Primary fit for ENERGY_CABLE_ADAPTER; Hidden - non-U.S. catalog / U.S. status unverified.
SLOT-90A43CBAEF,PRD-D85D52F0CD,ENERGY_CABLE_ADAPTER,Unverified candidate,No,Primary fit for ENERGY_CABLE_ADAPTER; Hidden - non-U.S. catalog / U.S. status unverified.
SLOT-90A43CBAEF,PRD-14ED7EA20B,ENERGY_CABLE_ADAPTER,Unverified candidate,No,Primary fit for ENERGY_CABLE_ADAPTER; Hidden - non-U.S. catalog / U.S. status unverified.
SLOT-90A43CBAEF,PRD-241DE5F6DF,ENERGY_CABLE_ADAPTER,Unverified candidate,No,Primary fit for ENERGY_CABLE_ADAPTER; Hidden - non-U.S. catalog / U.S. status unverified.
SLOT-90A43CBAEF,PRD-A1BB9D424D,ENERGY_CABLE_ADAPTER,Unverified candidate,No,Primary fit for ENERGY_CABLE_ADAPTER; Hidden - non-U.S. catalog / U.S. status unverified.
SLOT-90A43CBAEF,PRD-D063F090C6,ENERGY_CABLE_ADAPTER,Unverified candidate,No,Primary fit for ENERGY_CABLE_ADAPTER; Hidden - non-U.S. catalog / U.S. status unverified.
SLOT-90A43CBAEF,PRD-0F561988AB,ENERGY_CABLE_ADAPTER,Unverified candidate,No,Primary fit for ENERGY_CABLE_ADAPTER; Hidden - non-U.S. catalog / U.S. status unverified.
SLOT-90A43CBAEF,PRD-71FB94BD46,ENERGY_CABLE_ADAPTER,Unverified candidate,No,Primary fit for ENERGY_CABLE_ADAPTER; Hidden - non-U.S. catalog / U.S. status unverified.
SLOT-90A43CBAEF,PRD-CDCBBB4171,ENERGY_CABLE_ADAPTER,Unverified candidate,No,Primary fit for ENERGY_CABLE_ADAPTER; Hidden - non-U.S. catalog / U.S. status unverified.
SLOT-90A43CBAEF,PRD-D194D5A02B,ENERGY_CABLE_ADAPTER,Unverified candidate,No,Primary fit for ENERGY_CABLE_ADAPTER; Hidden - non-U.S. catalog / U.S. status unverified.
SLOT-90A43CBAEF,PRD-415D12A635,ENERGY_CABLE_ADAPTER,Unverified candidate,No,Primary fit for ENERGY_CABLE_ADAPTER; Hidden - non-U.S. catalog / U.S. status unverified.
SLOT-90A43CBAEF,PRD-4D06DCE96B,ENERGY_CABLE_ADAPTER,Unverified candidate,No,Primary fit for ENERGY_CABLE_ADAPTER; Hidden - non-U.S. catalog / U.S. status unverified.
SLOT-90A43CBAEF,PRD-8905E9BA40,ENERGY_CABLE_ADAPTER,Unverified candidate,No,Primary fit for ENERGY_CABLE_ADAPTER; Hidden - non-U.S. catalog / U.S. status unverified.
SLOT-90A43CBAEF,PRD-E060DC2383,ENERGY_CABLE_ADAPTER,Unverified candidate,No,Primary fit for ENERGY_CABLE_ADAPTER; Hidden - non-U.S. catalog / U.S. status unverified.
SLOT-90A43CBAEF,PRD-EC8645595D,ENERGY_CABLE_ADAPTER,Unverified candidate,No,Primary fit for ENERGY_CABLE_ADAPTER; Hidden - non-U.S. catalog / U.S. status unverified.
SLOT-90A43CBAEF,PRD-27BE0EC96A,ENERGY_CABLE_ADAPTER,Unverified candidate,No,Primary fit for ENERGY_CABLE_ADAPTER; Hidden - non-U.S. catalog / U.S. status unverified.
SLOT-90A43CBAEF,PRD-BCD783DD13,ENERGY_CABLE_ADAPTER,Unverified candidate,No,Primary fit for ENERGY_CABLE_ADAPTER; Hidden - non-U.S. catalog / U.S. status unverified.
SLOT-90A43CBAEF,PRD-19D03D9B14,ENERGY_CABLE_ADAPTER,Unverified candidate,No,Primary fit for ENERGY_CABLE_ADAPTER; Hidden - non-U.S. catalog / U.S. status unverified.
SLOT-90A43CBAEF,PRD-A24DAA76C6,ENERGY_CABLE_ADAPTER,Unverified candidate,No,Primary fit for ENERGY_CABLE_ADAPTER; Hidden - non-U.S. catalog / U.S. status unverified.
SLOT-90A43CBAEF,PRD-9DCC5EC86C,ENERGY_CABLE_ADAPTER,Unverified candidate,No,Primary fit for ENERGY_CABLE_ADAPTER; Hidden - non-U.S. catalog / U.S. status unverified.
SLOT-90A43CBAEF,PRD-486F6703A9,ENERGY_CABLE_ADAPTER,Unverified candidate,No,Primary fit for ENERGY_CABLE_ADAPTER; Hidden - non-U.S. catalog / U.S. status unverified.
SLOT-90A43CBAEF,PRD-57A313D4DB,ENERGY_CABLE_ADAPTER,Unverified candidate,No,Primary fit for ENERGY_CABLE_ADAPTER; Hidden - non-U.S. catalog / U.S. status unverified.
SLOT-90A43CBAEF,PRD-0A9806F6F2,ENERGY_CABLE_ADAPTER,Unverified candidate,No,Primary fit for ENERGY_CABLE_ADAPTER; Hidden - non-U.S. catalog / U.S. status unverified.
SLOT-90A43CBAEF,PRD-E27A6FA17A,ENERGY_CABLE_ADAPTER,Unverified candidate,No,Primary fit for ENERGY_CABLE_ADAPTER; Hidden - non-U.S. catalog / U.S. status unverified.
SLOT-90A43CBAEF,PRD-0ADECF7C68,ENERGY_CABLE_ADAPTER,Unverified candidate,No,Primary fit for ENERGY_CABLE_ADAPTER; Hidden - non-U.S. catalog / U.S. status unverified.
SLOT-90A43CBAEF,PRD-6F4B58CFF2,ENERGY_CABLE_ADAPTER,Unverified candidate,No,Primary fit for ENERGY_CABLE_ADAPTER; Hidden - non-U.S. catalog / U.S. status unverified.
SLOT-90A43CBAEF,PRD-3353BDD6CD,ENERGY_CABLE_ADAPTER,Unverified candidate,No,Primary fit for ENERGY_CABLE_ADAPTER; Hidden - non-U.S. catalog / U.S. status unverified.
SLOT-90A43CBAEF,PRD-695BD279A8,ENERGY_CABLE_ADAPTER,Unverified candidate,No,Primary fit for ENERGY_CABLE_ADAPTER; Hidden - non-U.S. catalog / U.S. status unverified.
SLOT-90A43CBAEF,PRD-88D778F3A4,ENERGY_CABLE_ADAPTER,Unverified candidate,No,Primary fit for ENERGY_CABLE_ADAPTER; Hidden - non-U.S. catalog / U.S. status unverified.
SLOT-90A43CBAEF,PRD-93A3E7F825,ENERGY_CABLE_ADAPTER,Unverified candidate,No,Primary fit for ENERGY_CABLE_ADAPTER; Hidden - non-U.S. catalog / U.S. status unverified.
SLOT-90A43CBAEF,PRD-79B8CF6846,ENERGY_CABLE_ADAPTER,Unverified candidate,No,Primary fit for ENERGY_CABLE_ADAPTER; Hidden - non-U.S. catalog / U.S. status unverified.
SLOT-90A43CBAEF,PRD-1DDAD96A7B,ENERGY_CABLE_ADAPTER,Unverified candidate,No,Primary fit for ENERGY_CABLE_ADAPTER; Hidden - non-U.S. catalog / U.S. status unverified.
SLOT-90A43CBAEF,PRD-535FE6B186,ENERGY_CABLE_ADAPTER,Unverified candidate,No,Primary fit for ENERGY_CABLE_ADAPTER; Hidden - non-U.S. catalog / U.S. status unverified.
SLOT-90A43CBAEF,PRD-E94BC99DC8,ENERGY_CABLE_ADAPTER,Unverified candidate,No,Primary fit for ENERGY_CABLE_ADAPTER; Hidden - non-U.S. catalog / U.S. status unverified.
SLOT-90A43CBAEF,PRD-1062EA74E3,ENERGY_CABLE_ADAPTER,Unverified candidate,No,Primary fit for ENERGY_CABLE_ADAPTER; Hidden - non-U.S. catalog / U.S. status unverified.
SLOT-90A43CBAEF,PRD-E0E5A0320D,ENERGY_CABLE_ADAPTER,Unverified candidate,No,Primary fit for ENERGY_CABLE_ADAPTER; Hidden - non-U.S. catalog / U.S. status unverified.
SLOT-90A43CBAEF,PRD-C47EB33229,ENERGY_CABLE_ADAPTER,Unverified candidate,No,Primary fit for ENERGY_CABLE_ADAPTER; Hidden - non-U.S. catalog / U.S. status unverified.
SLOT-90A43CBAEF,PRD-4896D3D636,ENERGY_CABLE_ADAPTER,Unverified candidate,No,Primary fit for ENERGY_CABLE_ADAPTER; Hidden - non-U.S. catalog / U.S. status unverified.
SLOT-90A43CBAEF,PRD-0C7A44B87D,ENERGY_CABLE_ADAPTER,Unverified candidate,No,Primary fit for ENERGY_CABLE_ADAPTER; Hidden - non-U.S. catalog / U.S. status unverified.
SLOT-90A43CBAEF,PRD-77DCFC650E,ENERGY_CABLE_ADAPTER,Unverified candidate,No,Primary fit for ENERGY_CABLE_ADAPTER; Hidden - non-U.S. catalog / U.S. status unverified.
SLOT-90A43CBAEF,PRD-9CAAE08C97,ENERGY_CABLE_ADAPTER,Unverified candidate,No,Primary fit for ENERGY_CABLE_ADAPTER; Hidden - non-U.S. catalog / U.S. status unverified.
SLOT-90A43CBAEF,PRD-5CD3FA131B,ENERGY_CABLE_ADAPTER,Unverified candidate,No,Primary fit for ENERGY_CABLE_ADAPTER; Hidden - non-U.S. catalog / U.S. status unverified.
SLOT-90A43CBAEF,PRD-55D98AAFB1,ENERGY_CABLE_ADAPTER,Unverified candidate,No,Primary fit for ENERGY_CABLE_ADAPTER; Hidden - non-U.S. catalog / U.S. status unverified.
SLOT-971BBE6BF8,PRD-913352C891,CRYO_SYSTEM_ACCESSORY,Unverified candidate,No,Primary fit for CRYO_SYSTEM_ACCESSORY; Hidden - non-U.S. catalog / U.S. status unverified.
SLOT-971BBE6BF8,PRD-0C821995AC,CRYO_SYSTEM_ACCESSORY,Unverified candidate,No,Primary fit for CRYO_SYSTEM_ACCESSORY; Hidden - non-U.S. catalog / U.S. status unverified.
SLOT-971BBE6BF8,PRD-C684D9ADCF,CRYO_SYSTEM_ACCESSORY,Unverified candidate,No,Primary fit for CRYO_SYSTEM_ACCESSORY; Hidden - non-U.S. catalog / U.S. status unverified.
SLOT-971BBE6BF8,PRD-C3FB38433F,CRYO_SYSTEM_ACCESSORY,Unverified candidate,No,Primary fit for CRYO_SYSTEM_ACCESSORY; Hidden - non-U.S. catalog / U.S. status unverified.
SLOT-971BBE6BF8,PRD-D54D46A95B,CRYO_SYSTEM_ACCESSORY,Unverified candidate,No,Primary fit for CRYO_SYSTEM_ACCESSORY; Hidden - non-U.S. catalog / U.S. status unverified.
SLOT-971BBE6BF8,PRD-5AEEF62066,CRYO_SYSTEM_ACCESSORY,Unverified candidate,No,Primary fit for CRYO_SYSTEM_ACCESSORY; Hidden - non-U.S. catalog / U.S. status unverified.
SLOT-971BBE6BF8,PRD-DA286027ED,CRYO_SYSTEM_ACCESSORY,Unverified candidate,No,Primary fit for CRYO_SYSTEM_ACCESSORY; Hidden - non-U.S. catalog / U.S. status unverified.
SLOT-971BBE6BF8,PRD-5DFC2E8E8B,CRYO_SYSTEM_ACCESSORY,Unverified candidate,No,Primary fit for CRYO_SYSTEM_ACCESSORY; Hidden - non-U.S. catalog / U.S. status unverified.
SLOT-971BBE6BF8,PRD-B68845E997,CRYO_SYSTEM_ACCESSORY,Unverified candidate,No,Primary fit for CRYO_SYSTEM_ACCESSORY; Hidden - non-U.S. catalog / U.S. status unverified.
SLOT-971BBE6BF8,PRD-9AE343BC8D,CRYO_SYSTEM_ACCESSORY,Unverified candidate,No,Primary fit for CRYO_SYSTEM_ACCESSORY; Hidden - non-U.S. catalog / U.S. status unverified.
SLOT-971BBE6BF8,PRD-3097FD9A2E,CRYO_SYSTEM_ACCESSORY,Unverified candidate,No,Primary fit for CRYO_SYSTEM_ACCESSORY; Hidden - non-U.S. catalog / U.S. status unverified.
SLOT-971BBE6BF8,PRD-A93BE6938D,CRYO_SYSTEM_ACCESSORY,Unverified candidate,No,Primary fit for CRYO_SYSTEM_ACCESSORY; Hidden - non-U.S. catalog / U.S. status unverified.
SLOT-971BBE6BF8,PRD-F1632F4CEC,CRYO_SYSTEM_ACCESSORY,Unverified candidate,No,Primary fit for CRYO_SYSTEM_ACCESSORY; Hidden - non-U.S. catalog / U.S. status unverified.
SLOT-971BBE6BF8,PRD-D03502FFB4,CRYO_SYSTEM_ACCESSORY,Unverified candidate,No,Primary fit for CRYO_SYSTEM_ACCESSORY; Hidden - non-U.S. catalog / U.S. status unverified.
SLOT-D6B291DC80,PRD-5EF986AAB1,BITE_BLOCK,Prototype candidate,Yes,Primary fit for BITE_BLOCK; source-backed and prototype-visible.
SLOT-D6B291DC80,PRD-426476A0AB,BITE_BLOCK,Prototype candidate,Yes,Primary fit for BITE_BLOCK; source-backed and prototype-visible.
SLOT-D7F2D36301,PRD-E1E020F3BF,ENDOSCOPE_CLEANING_BRUSH,Prototype candidate,Yes,Primary fit for ENDOSCOPE_CLEANING_BRUSH; source-backed and prototype-visible.
SLOT-D7F2D36301,PRD-DD8657352D,ENDOSCOPE_CLEANING_BRUSH,Prototype candidate,Yes,Primary fit for ENDOSCOPE_CLEANING_BRUSH; source-backed and prototype-visible.
SLOT-D7F2D36301,PRD-D49EB30A21,ENDOSCOPE_CLEANING_BRUSH,Prototype candidate,Yes,Primary fit for ENDOSCOPE_CLEANING_BRUSH; source-backed and prototype-visible.
SLOT-D7F2D36301,PRD-D771E6D06A,ENDOSCOPE_CLEANING_BRUSH,Prototype candidate,Yes,Primary fit for ENDOSCOPE_CLEANING_BRUSH; source-backed and prototype-visible.
SLOT-D7F2D36301,PRD-2EAA2EFE2C,ENDOSCOPE_CLEANING_BRUSH,Prototype candidate,Yes,Primary fit for ENDOSCOPE_CLEANING_BRUSH; source-backed and prototype-visible.
SLOT-D7F2D36301,PRD-705623F89A,ENDOSCOPE_CLEANING_BRUSH,Prototype candidate,Yes,Primary fit for ENDOSCOPE_CLEANING_BRUSH; source-backed and prototype-visible.
SLOT-D7F2D36301,PRD-2616E505ED,ENDOSCOPE_CLEANING_BRUSH,Unverified candidate,No,Exact fit for ENDOSCOPE_CLEANING_BRUSH; Hidden - current U.S. status unverified.
SLOT-D7F2D36301,PRD-4BD7E911C3,ENDOSCOPE_CLEANING_BRUSH,Unverified candidate,No,Exact fit for ENDOSCOPE_CLEANING_BRUSH; Hidden - current U.S. status unverified.
SLOT-D7F2D36301,PRD-4E59B4CEB3,ENDOSCOPE_CLEANING_BRUSH,Unverified candidate,No,Exact fit for ENDOSCOPE_CLEANING_BRUSH; Hidden - current U.S. status unverified.
SLOT-1538BC9076,PRD-B21BCEFB54,APC_GAS_ACCESSORY,Unverified candidate,No,Primary fit for APC_GAS_ACCESSORY; Hidden - non-U.S. catalog / U.S. status unverified.
SLOT-1538BC9076,PRD-9DA3B7C48B,APC_GAS_ACCESSORY,Unverified candidate,No,Primary fit for APC_GAS_ACCESSORY; Hidden - non-U.S. catalog / U.S. status unverified.
SLOT-1538BC9076,PRD-B79F76C6D6,APC_GAS_ACCESSORY,Unverified candidate,No,Primary fit for APC_GAS_ACCESSORY; Hidden - non-U.S. catalog / U.S. status unverified.
SLOT-1538BC9076,PRD-D454A9C046,APC_GAS_ACCESSORY,Unverified candidate,No,Primary fit for APC_GAS_ACCESSORY; Hidden - non-U.S. catalog / U.S. status unverified.
SLOT-1538BC9076,PRD-78096620FF,APC_GAS_ACCESSORY,Unverified candidate,No,Primary fit for APC_GAS_ACCESSORY; Hidden - non-U.S. catalog / U.S. status unverified.
SLOT-1538BC9076,PRD-207F57235E,APC_GAS_ACCESSORY,Unverified candidate,No,Primary fit for APC_GAS_ACCESSORY; Hidden - non-U.S. catalog / U.S. status unverified.
SLOT-1538BC9076,PRD-83ADF2581C,APC_GAS_ACCESSORY,Unverified candidate,No,Primary fit for APC_GAS_ACCESSORY; Hidden - non-U.S. catalog / U.S. status unverified.
SLOT-1538BC9076,PRD-1BD0F9BD70,APC_GAS_ACCESSORY,Unverified candidate,No,Primary fit for APC_GAS_ACCESSORY; Hidden - non-U.S. catalog / U.S. status unverified.
SLOT-1538BC9076,PRD-3CAAB4D79C,APC_GAS_ACCESSORY,Unverified candidate,No,Primary fit for APC_GAS_ACCESSORY; Hidden - non-U.S. catalog / U.S. status unverified.
SLOT-1538BC9076,PRD-55E5D08ADC,APC_GAS_ACCESSORY,Unverified candidate,No,Primary fit for APC_GAS_ACCESSORY; Hidden - non-U.S. catalog / U.S. status unverified.
SLOT-1538BC9076,PRD-09AF1B1AE5,APC_GAS_ACCESSORY,Unverified candidate,No,Primary fit for APC_GAS_ACCESSORY; Hidden - non-U.S. catalog / U.S. status unverified.
SLOT-1538BC9076,PRD-293EEBCDF0,APC_GAS_ACCESSORY,Unverified candidate,No,Primary fit for APC_GAS_ACCESSORY; Hidden - non-U.S. catalog / U.S. status unverified.
SLOT-081FB0C695,PRD-513E7E5BCD,AIRWAY_STENT_SIZING_DEVICE,Prototype candidate,Yes,Exact fit for AIRWAY_STENT_SIZING_DEVICE; source-backed and prototype-visible.
SLOT-FDF73730B0,PRD-5902F1C231,BAL_KIT,Unverified candidate,No,Exact fit for BAL_KIT; Hidden - current U.S. status unverified.
SLOT-FDF73730B0,PRD-FB2A9A64D9,BAL_KIT,Prototype candidate,Yes,Exact fit for BAL_KIT; source-backed and prototype-visible.
SLOT-FDF73730B0,PRD-7F97F4EC47,BAL_KIT,Prototype candidate,Yes,Exact fit for BAL_KIT; source-backed and prototype-visible.
SLOT-FDF73730B0,PRD-9AB8A5ECAC,BAL_KIT,Prototype candidate,Yes,Exact fit for BAL_KIT; source-backed and prototype-visible.
SLOT-04C940D8B9,PRD-40F16EE5D5,RIGID_BRONCHOSCOPE_HEAD,Unverified candidate,No,Primary fit for RIGID_BRONCHOSCOPE_HEAD; Hidden until verified.
SLOT-04C940D8B9,PRD-5E4F566AA2,RIGID_BRONCHOSCOPE_HEAD,Prototype candidate,Yes,Primary fit for RIGID_BRONCHOSCOPE_HEAD; source-backed and prototype-visible.
SLOT-04C940D8B9,PRD-C4480F30D2,RIGID_BRONCHOSCOPE_HEAD,Prototype candidate,Yes,Primary fit for RIGID_BRONCHOSCOPE_HEAD; source-backed and prototype-visible.
SLOT-04C940D8B9,PRD-54CEDAAE5B,RIGID_BRONCHOSCOPE_HEAD,Unverified candidate,No,Exact fit for RIGID_BRONCHOSCOPE_HEAD; Hidden - current U.S. status unverified.
SLOT-04C940D8B9,PRD-AC9CC6E8A4,RIGID_BRONCHOSCOPE_HEAD,Unverified candidate,No,Exact fit for RIGID_BRONCHOSCOPE_HEAD; Hidden - current U.S. status unverified.
SLOT-04C940D8B9,PRD-0F20768341,RIGID_BRONCHOSCOPE_HEAD,Unverified candidate,No,Exact fit for RIGID_BRONCHOSCOPE_HEAD; Hidden - current U.S. status unverified.
SLOT-113FCB30ED,PRD-6707AC67D1,RIGID_BRONCHOSCOPE_BARREL,Unverified candidate,No,Exact fit for RIGID_BRONCHOSCOPE_BARREL; Hidden - current U.S. status unverified.
SLOT-113FCB30ED,PRD-F1D5F37924,RIGID_BRONCHOSCOPE_BARREL,Unverified candidate,No,Primary fit for RIGID_BRONCHOSCOPE_BARREL; Hidden until verified.
SLOT-113FCB30ED,PRD-E6A1370266,RIGID_BRONCHOSCOPE_BARREL,Unverified candidate,No,Exact fit for RIGID_BRONCHOSCOPE_BARREL; Hidden - current U.S. status unverified.
SLOT-113FCB30ED,PRD-D273A067EA,RIGID_BRONCHOSCOPE_BARREL,Unverified candidate,No,Exact fit for RIGID_BRONCHOSCOPE_BARREL; Hidden - current U.S. status unverified.
SLOT-113FCB30ED,PRD-99F825C44F,RIGID_BRONCHOSCOPE_BARREL,Unverified candidate,No,Primary fit for RIGID_BRONCHOSCOPE_BARREL; Hidden - current U.S. status unverified.
SLOT-113FCB30ED,PRD-5D0F775ADC,RIGID_BRONCHOSCOPE_BARREL,Unverified candidate,No,Exact fit for RIGID_BRONCHOSCOPE_BARREL; Hidden - current U.S. status unverified.
SLOT-113FCB30ED,PRD-F146CD24CF,RIGID_BRONCHOSCOPE_BARREL,Unverified candidate,No,Primary fit for RIGID_BRONCHOSCOPE_BARREL; Hidden - current U.S. status unverified.
SLOT-113FCB30ED,PRD-B99F53FBC5,RIGID_BRONCHOSCOPE_BARREL,Unverified candidate,No,Exact fit for RIGID_BRONCHOSCOPE_BARREL; Hidden - current U.S. status unverified.
SLOT-113FCB30ED,PRD-F96DCD2AC6,RIGID_BRONCHOSCOPE_BARREL,Unverified candidate,No,Exact fit for RIGID_BRONCHOSCOPE_BARREL; Hidden - current U.S. status unverified.
SLOT-113FCB30ED,PRD-71D13E3955,RIGID_BRONCHOSCOPE_BARREL,Unverified candidate,No,Primary fit for RIGID_BRONCHOSCOPE_BARREL; Hidden - current U.S. status unverified.
SLOT-113FCB30ED,PRD-8D0C9F35DB,RIGID_BRONCHOSCOPE_BARREL,Unverified candidate,No,Exact fit for RIGID_BRONCHOSCOPE_BARREL; Hidden - current U.S. status unverified.
SLOT-113FCB30ED,PRD-33120D5BE2,RIGID_BRONCHOSCOPE_BARREL,Unverified candidate,No,Exact fit for RIGID_BRONCHOSCOPE_BARREL; Hidden - current U.S. status unverified.
SLOT-113FCB30ED,PRD-BC16136731,RIGID_BRONCHOSCOPE_BARREL,Unverified candidate,No,Exact fit for RIGID_BRONCHOSCOPE_BARREL; Hidden - current U.S. status unverified.
SLOT-113FCB30ED,PRD-CA32599DA2,RIGID_BRONCHOSCOPE_BARREL,Unverified candidate,No,Exact fit for RIGID_BRONCHOSCOPE_BARREL; Hidden - current U.S. status unverified.
SLOT-113FCB30ED,PRD-2110EC2BCF,RIGID_BRONCHOSCOPE_BARREL,Unverified candidate,No,Exact fit for RIGID_BRONCHOSCOPE_BARREL; Hidden - current U.S. status unverified.
SLOT-113FCB30ED,PRD-9EB174FBB0,RIGID_BRONCHOSCOPE_BARREL,Prototype candidate,Yes,Primary fit for RIGID_BRONCHOSCOPE_BARREL; source-backed and prototype-visible.
SLOT-113FCB30ED,PRD-9C6ECA3162,RIGID_BRONCHOSCOPE_BARREL,Prototype candidate,Yes,Primary fit for RIGID_BRONCHOSCOPE_BARREL; source-backed and prototype-visible.
SLOT-113FCB30ED,PRD-6D6815FAE1,RIGID_BRONCHOSCOPE_BARREL,Prototype candidate,Yes,Primary fit for RIGID_BRONCHOSCOPE_BARREL; source-backed and prototype-visible.
SLOT-113FCB30ED,PRD-7677972FA0,RIGID_BRONCHOSCOPE_BARREL,Prototype candidate,Yes,Primary fit for RIGID_BRONCHOSCOPE_BARREL; source-backed and prototype-visible.
SLOT-113FCB30ED,PRD-492FC6BE35,RIGID_BRONCHOSCOPE_BARREL,Prototype candidate,Yes,Primary fit for RIGID_BRONCHOSCOPE_BARREL; source-backed and prototype-visible.
SLOT-113FCB30ED,PRD-125BCF3BDD,RIGID_BRONCHOSCOPE_BARREL,Unverified candidate,No,Exact fit for RIGID_BRONCHOSCOPE_BARREL; Hidden - current U.S. status unverified.
SLOT-113FCB30ED,PRD-598FB0AD5D,RIGID_BRONCHOSCOPE_BARREL,Unverified candidate,No,Exact fit for RIGID_BRONCHOSCOPE_BARREL; Hidden - current U.S. status unverified.
SLOT-113FCB30ED,PRD-B4FCC0198A,RIGID_BRONCHOSCOPE_BARREL,Unverified candidate,No,Exact fit for RIGID_BRONCHOSCOPE_BARREL; Hidden - current U.S. status unverified.
SLOT-113FCB30ED,PRD-18F33007D6,RIGID_BRONCHOSCOPE_BARREL,Unverified candidate,No,Exact fit for RIGID_BRONCHOSCOPE_BARREL; Hidden - current U.S. status unverified.
SLOT-113FCB30ED,PRD-7B69AB81B4,RIGID_BRONCHOSCOPE_BARREL,Unverified candidate,No,Exact fit for RIGID_BRONCHOSCOPE_BARREL; Hidden - current U.S. status unverified.
SLOT-113FCB30ED,PRD-5C40D8FE80,RIGID_BRONCHOSCOPE_BARREL,Unverified candidate,No,Exact fit for RIGID_BRONCHOSCOPE_BARREL; Hidden - current U.S. status unverified.
SLOT-113FCB30ED,PRD-E4277B23A8,RIGID_BRONCHOSCOPE_BARREL,Unverified candidate,No,Exact fit for RIGID_BRONCHOSCOPE_BARREL; Hidden - current U.S. status unverified.
SLOT-113FCB30ED,PRD-1DCE96086D,RIGID_BRONCHOSCOPE_BARREL,Unverified candidate,No,Exact fit for RIGID_BRONCHOSCOPE_BARREL; Hidden - current U.S. status unverified.
SLOT-113FCB30ED,PRD-53FF14A0C3,RIGID_BRONCHOSCOPE_BARREL,Unverified candidate,No,Exact fit for RIGID_BRONCHOSCOPE_BARREL; Hidden - current U.S. status unverified.
SLOT-113FCB30ED,PRD-A0214EBAC0,RIGID_BRONCHOSCOPE_BARREL,Unverified candidate,No,Exact fit for RIGID_BRONCHOSCOPE_BARREL; Hidden - current U.S. status unverified.
SLOT-113FCB30ED,PRD-CB5FB20E4F,RIGID_BRONCHOSCOPE_BARREL,Unverified candidate,No,Exact fit for RIGID_BRONCHOSCOPE_BARREL; Hidden - current U.S. status unverified.
SLOT-113FCB30ED,PRD-91BFC52CEC,RIGID_BRONCHOSCOPE_BARREL,Unverified candidate,No,Exact fit for RIGID_BRONCHOSCOPE_BARREL; Hidden - current U.S. status unverified.
SLOT-113FCB30ED,PRD-DE28F9BAFD,RIGID_BRONCHOSCOPE_BARREL,Unverified candidate,No,Exact fit for RIGID_BRONCHOSCOPE_BARREL; Hidden - current U.S. status unverified.
SLOT-113FCB30ED,PRD-924AFC41F8,RIGID_BRONCHOSCOPE_BARREL,Unverified candidate,No,Exact fit for RIGID_BRONCHOSCOPE_BARREL; Hidden - current U.S. status unverified.
SLOT-113FCB30ED,PRD-B077E82907,RIGID_BRONCHOSCOPE_BARREL,Unverified candidate,No,Exact fit for RIGID_BRONCHOSCOPE_BARREL; Hidden - current U.S. status unverified.
SLOT-113FCB30ED,PRD-5E6845A633,RIGID_BRONCHOSCOPE_BARREL,Unverified candidate,No,Exact fit for RIGID_BRONCHOSCOPE_BARREL; Hidden - current U.S. status unverified.
SLOT-113FCB30ED,PRD-095515E20C,RIGID_BRONCHOSCOPE_BARREL,Unverified candidate,No,Exact fit for RIGID_BRONCHOSCOPE_BARREL; Hidden - current U.S. status unverified.
SLOT-113FCB30ED,PRD-59D2DF4F88,RIGID_BRONCHOSCOPE_BARREL,Unverified candidate,No,Exact fit for RIGID_BRONCHOSCOPE_BARREL; Hidden - current U.S. status unverified.
SLOT-113FCB30ED,PRD-00C13A59AA,RIGID_BRONCHOSCOPE_BARREL,Unverified candidate,No,Exact fit for RIGID_BRONCHOSCOPE_BARREL; Hidden - current U.S. status unverified.
SLOT-113FCB30ED,PRD-523148A737,RIGID_BRONCHOSCOPE_BARREL,Unverified candidate,No,Exact fit for RIGID_BRONCHOSCOPE_BARREL; Hidden - current U.S. status unverified.
SLOT-113FCB30ED,PRD-D18E672989,RIGID_BRONCHOSCOPE_BARREL,Unverified candidate,No,Exact fit for RIGID_BRONCHOSCOPE_BARREL; Hidden - current U.S. status unverified.
SLOT-113FCB30ED,PRD-3C756110F0,RIGID_BRONCHOSCOPE_BARREL,Unverified candidate,No,Exact fit for RIGID_BRONCHOSCOPE_BARREL; Hidden - current U.S. status unverified.
SLOT-113FCB30ED,PRD-2EB7F5EEC1,RIGID_BRONCHOSCOPE_BARREL,Unverified candidate,No,Exact fit for RIGID_BRONCHOSCOPE_BARREL; Hidden - current U.S. status unverified.
SLOT-175CA9F5B4,PRD-B68F5C38B4,RIGID_BRONCHOSCOPE_ACCESSORY,Unverified candidate,No,Primary fit for RIGID_BRONCHOSCOPE_ACCESSORY; Hidden until verified.
SLOT-175CA9F5B4,PRD-6C1DE73547,RIGID_BRONCHOSCOPE_ACCESSORY,Unverified candidate,No,Primary fit for RIGID_BRONCHOSCOPE_ACCESSORY; Hidden until verified.
SLOT-175CA9F5B4,PRD-0EA2B293A4,RIGID_BRONCHOSCOPE_ACCESSORY,Unverified candidate,No,Exact fit for RIGID_BRONCHOSCOPE_ACCESSORY; Hidden - current U.S. status unverified.
SLOT-175CA9F5B4,PRD-B05D337994,RIGID_BRONCHOSCOPE_ACCESSORY,Unverified candidate,No,Exact fit for RIGID_BRONCHOSCOPE_ACCESSORY; Hidden - current U.S. status unverified.
SLOT-175CA9F5B4,PRD-3AAC1114C7,RIGID_BRONCHOSCOPE_ACCESSORY,Unverified candidate,No,Exact fit for RIGID_BRONCHOSCOPE_ACCESSORY; Hidden - current U.S. status unverified.
SLOT-175CA9F5B4,PRD-AF93E56FE5,RIGID_BRONCHOSCOPE_ACCESSORY,Unverified candidate,No,Exact fit for RIGID_BRONCHOSCOPE_ACCESSORY; Hidden - current U.S. status unverified.
SLOT-175CA9F5B4,PRD-A504350406,RIGID_BRONCHOSCOPE_ACCESSORY,Unverified candidate,No,Exact fit for RIGID_BRONCHOSCOPE_ACCESSORY; Hidden - current U.S. status unverified.
SLOT-175CA9F5B4,PRD-087FFD6337,RIGID_BRONCHOSCOPE_ACCESSORY,Unverified candidate,No,Exact fit for RIGID_BRONCHOSCOPE_ACCESSORY; Hidden - current U.S. status unverified.
SLOT-175CA9F5B4,PRD-758E53CAAF,RIGID_BRONCHOSCOPE_ACCESSORY,Unverified candidate,No,Exact fit for RIGID_BRONCHOSCOPE_ACCESSORY; Hidden - current U.S. status unverified.
SLOT-175CA9F5B4,PRD-D0E745FF62,RIGID_BRONCHOSCOPE_ACCESSORY,Unverified candidate,No,Exact fit for RIGID_BRONCHOSCOPE_ACCESSORY; Hidden - current U.S. status unverified.
SLOT-175CA9F5B4,PRD-06D2F10782,RIGID_BRONCHOSCOPE_ACCESSORY,Unverified candidate,No,Exact fit for RIGID_BRONCHOSCOPE_ACCESSORY; Hidden - current U.S. status unverified.
SLOT-175CA9F5B4,PRD-1EEDD71C53,RIGID_BRONCHOSCOPE_ACCESSORY,Unverified candidate,No,Exact fit for RIGID_BRONCHOSCOPE_ACCESSORY; Hidden - current U.S. status unverified.
SLOT-175CA9F5B4,PRD-1C70287572,RIGID_BRONCHOSCOPE_ACCESSORY,Unverified candidate,No,Exact fit for RIGID_BRONCHOSCOPE_ACCESSORY; Hidden - current U.S. status unverified.
SLOT-175CA9F5B4,PRD-3CF45A4BFF,RIGID_BRONCHOSCOPE_ACCESSORY,Unverified candidate,No,Exact fit for RIGID_BRONCHOSCOPE_ACCESSORY; Hidden - current U.S. status unverified.
SLOT-175CA9F5B4,PRD-2BC12F8AEF,RIGID_BRONCHOSCOPE_ACCESSORY,Unverified candidate,No,Exact fit for RIGID_BRONCHOSCOPE_ACCESSORY; Hidden - current U.S. status unverified.
SLOT-175CA9F5B4,PRD-11ADF871FE,RIGID_BRONCHOSCOPE_ACCESSORY,Unverified candidate,No,Exact fit for RIGID_BRONCHOSCOPE_ACCESSORY; Hidden - current U.S. status unverified.
SLOT-175CA9F5B4,PRD-1E5D7D510F,RIGID_BRONCHOSCOPE_ACCESSORY,Unverified candidate,No,Exact fit for RIGID_BRONCHOSCOPE_ACCESSORY; Hidden - current U.S. status unverified.
SLOT-175CA9F5B4,PRD-108394A19E,RIGID_BRONCHOSCOPE_ACCESSORY,Unverified candidate,No,Exact fit for RIGID_BRONCHOSCOPE_ACCESSORY; Hidden - current U.S. status unverified.
SLOT-175CA9F5B4,PRD-921CB1B912,RIGID_BRONCHOSCOPE_ACCESSORY,Unverified candidate,No,Exact fit for RIGID_BRONCHOSCOPE_ACCESSORY; Hidden - current U.S. status unverified.
SLOT-175CA9F5B4,PRD-DF791E6D1F,RIGID_BRONCHOSCOPE_ACCESSORY,Unverified candidate,No,Exact fit for RIGID_BRONCHOSCOPE_ACCESSORY; Hidden - current U.S. status unverified.
SLOT-175CA9F5B4,PRD-81DDCD50B9,RIGID_BRONCHOSCOPE_ACCESSORY,Unverified candidate,No,Exact fit for RIGID_BRONCHOSCOPE_ACCESSORY; Hidden - current U.S. status unverified.
SLOT-175CA9F5B4,PRD-481074A513,RIGID_BRONCHOSCOPE_ACCESSORY,Unverified candidate,No,Exact fit for RIGID_BRONCHOSCOPE_ACCESSORY; Hidden - current U.S. status unverified.
SLOT-175CA9F5B4,PRD-99BC8714FF,RIGID_BRONCHOSCOPE_ACCESSORY,Unverified candidate,No,Exact fit for RIGID_BRONCHOSCOPE_ACCESSORY; Hidden - current U.S. status unverified.
SLOT-175CA9F5B4,PRD-17DB23EBC0,RIGID_BRONCHOSCOPE_ACCESSORY,Unverified candidate,No,Exact fit for RIGID_BRONCHOSCOPE_ACCESSORY; Hidden - current U.S. status unverified.
SLOT-175CA9F5B4,PRD-050EDDE140,RIGID_BRONCHOSCOPE_ACCESSORY,Unverified candidate,No,Exact fit for RIGID_BRONCHOSCOPE_ACCESSORY; Hidden - current U.S. status unverified.
SLOT-175CA9F5B4,PRD-C737E93B1B,RIGID_BRONCHOSCOPE_ACCESSORY,Unverified candidate,No,Exact fit for RIGID_BRONCHOSCOPE_ACCESSORY; Hidden - current U.S. status unverified.
SLOT-175CA9F5B4,PRD-F14EF79E1A,RIGID_BRONCHOSCOPE_ACCESSORY,Unverified candidate,No,Exact fit for RIGID_BRONCHOSCOPE_ACCESSORY; Hidden - current U.S. status unverified.
SLOT-175CA9F5B4,PRD-768CEEE32B,RIGID_BRONCHOSCOPE_ACCESSORY,Unverified candidate,No,Exact fit for RIGID_BRONCHOSCOPE_ACCESSORY; Hidden - current U.S. status unverified.
SLOT-175CA9F5B4,PRD-042B406005,RIGID_BRONCHOSCOPE_ACCESSORY,Prototype candidate,Yes,Primary fit for RIGID_BRONCHOSCOPE_ACCESSORY; source-backed and prototype-visible.
SLOT-175CA9F5B4,PRD-B5644A6608,RIGID_BRONCHOSCOPE_ACCESSORY,Prototype candidate,Yes,Primary fit for RIGID_BRONCHOSCOPE_ACCESSORY; source-backed and prototype-visible.
SLOT-175CA9F5B4,PRD-93C248AE98,RIGID_BRONCHOSCOPE_ACCESSORY,Prototype candidate,Yes,Primary fit for RIGID_BRONCHOSCOPE_ACCESSORY; source-backed and prototype-visible.
SLOT-175CA9F5B4,PRD-BCF7612DDB,RIGID_BRONCHOSCOPE_ACCESSORY,Prototype candidate,Yes,Primary fit for RIGID_BRONCHOSCOPE_ACCESSORY; source-backed and prototype-visible.
SLOT-175CA9F5B4,PRD-D81F566A09,RIGID_BRONCHOSCOPE_ACCESSORY,Prototype candidate,Yes,Primary fit for RIGID_BRONCHOSCOPE_ACCESSORY; source-backed and prototype-visible.
SLOT-175CA9F5B4,PRD-E05104FF37,RIGID_BRONCHOSCOPE_ACCESSORY,Prototype candidate,Yes,Primary fit for RIGID_BRONCHOSCOPE_ACCESSORY; source-backed and prototype-visible.
SLOT-175CA9F5B4,PRD-09192221FE,RIGID_BRONCHOSCOPE_ACCESSORY,Prototype candidate,Yes,Primary fit for RIGID_BRONCHOSCOPE_ACCESSORY; source-backed and prototype-visible.
SLOT-175CA9F5B4,PRD-5402A5D241,RIGID_BRONCHOSCOPE_ACCESSORY,Prototype candidate,Yes,Primary fit for RIGID_BRONCHOSCOPE_ACCESSORY; source-backed and prototype-visible.
SLOT-175CA9F5B4,PRD-D5CBD6E254,RIGID_BRONCHOSCOPE_ACCESSORY,Prototype candidate,Yes,Primary fit for RIGID_BRONCHOSCOPE_ACCESSORY; source-backed and prototype-visible.
SLOT-175CA9F5B4,PRD-5BA5F9BD46,RIGID_BRONCHOSCOPE_ACCESSORY,Prototype candidate,Yes,Primary fit for RIGID_BRONCHOSCOPE_ACCESSORY; source-backed and prototype-visible.
SLOT-175CA9F5B4,PRD-55094F0EC3,RIGID_BRONCHOSCOPE_ACCESSORY,Prototype candidate,Yes,Primary fit for RIGID_BRONCHOSCOPE_ACCESSORY; source-backed and prototype-visible.
SLOT-175CA9F5B4,PRD-BADEC639F4,RIGID_BRONCHOSCOPE_ACCESSORY,Prototype candidate,Yes,Primary fit for RIGID_BRONCHOSCOPE_ACCESSORY; source-backed and prototype-visible.
SLOT-175CA9F5B4,PRD-89259B5C28,RIGID_BRONCHOSCOPE_ACCESSORY,Prototype candidate,Yes,Primary fit for RIGID_BRONCHOSCOPE_ACCESSORY; source-backed and prototype-visible.
SLOT-175CA9F5B4,PRD-E0331EA66D,RIGID_BRONCHOSCOPE_ACCESSORY,Prototype candidate,Yes,Primary fit for RIGID_BRONCHOSCOPE_ACCESSORY; source-backed and prototype-visible.
SLOT-175CA9F5B4,PRD-BB33BD7BE9,RIGID_BRONCHOSCOPE_ACCESSORY,Prototype candidate,Yes,Primary fit for RIGID_BRONCHOSCOPE_ACCESSORY; source-backed and prototype-visible.
SLOT-175CA9F5B4,PRD-1215DE841C,RIGID_BRONCHOSCOPE_ACCESSORY,Prototype candidate,Yes,Primary fit for RIGID_BRONCHOSCOPE_ACCESSORY; source-backed and prototype-visible.
SLOT-175CA9F5B4,PRD-57EB842692,RIGID_BRONCHOSCOPE_ACCESSORY,Prototype candidate,Yes,Primary fit for RIGID_BRONCHOSCOPE_ACCESSORY; source-backed and prototype-visible.
SLOT-175CA9F5B4,PRD-F4B03B6DFA,RIGID_BRONCHOSCOPE_ACCESSORY,Prototype candidate,Yes,Primary fit for RIGID_BRONCHOSCOPE_ACCESSORY; source-backed and prototype-visible.
SLOT-175CA9F5B4,PRD-A4793529B7,RIGID_BRONCHOSCOPE_ACCESSORY,Prototype candidate,Yes,Primary fit for RIGID_BRONCHOSCOPE_ACCESSORY; source-backed and prototype-visible.
SLOT-175CA9F5B4,PRD-5BDAA5E440,RIGID_BRONCHOSCOPE_ACCESSORY,Prototype candidate,Yes,Primary fit for RIGID_BRONCHOSCOPE_ACCESSORY; source-backed and prototype-visible.
SLOT-175CA9F5B4,PRD-631CFE65BD,RIGID_BRONCHOSCOPE_ACCESSORY,Prototype candidate,Yes,Primary fit for RIGID_BRONCHOSCOPE_ACCESSORY; source-backed and prototype-visible.
SLOT-175CA9F5B4,PRD-85E1F8359A,RIGID_BRONCHOSCOPE_ACCESSORY,Prototype candidate,Yes,Primary fit for RIGID_BRONCHOSCOPE_ACCESSORY; source-backed and prototype-visible.
SLOT-175CA9F5B4,PRD-76C2832C18,RIGID_BRONCHOSCOPE_ACCESSORY,Unverified candidate,No,Exact fit for RIGID_BRONCHOSCOPE_ACCESSORY; Hidden - current U.S. status unverified.
SLOT-175CA9F5B4,PRD-4A329E27C5,RIGID_BRONCHOSCOPE_ACCESSORY,Unverified candidate,No,Exact fit for RIGID_BRONCHOSCOPE_ACCESSORY; Hidden - current U.S. status unverified.
SLOT-175CA9F5B4,PRD-ED5A6147B6,RIGID_BRONCHOSCOPE_ACCESSORY,Unverified candidate,No,Exact fit for RIGID_BRONCHOSCOPE_ACCESSORY; Hidden - current U.S. status unverified.
SLOT-175CA9F5B4,PRD-5941DF2464,RIGID_BRONCHOSCOPE_ACCESSORY,Unverified candidate,No,Exact fit for RIGID_BRONCHOSCOPE_ACCESSORY; Hidden - current U.S. status unverified.
SLOT-175CA9F5B4,PRD-BFAC46626D,RIGID_BRONCHOSCOPE_ACCESSORY,Unverified candidate,No,Exact fit for RIGID_BRONCHOSCOPE_ACCESSORY; Hidden - current U.S. status unverified.
SLOT-175CA9F5B4,PRD-E353F2E250,RIGID_BRONCHOSCOPE_ACCESSORY,Unverified candidate,No,Exact fit for RIGID_BRONCHOSCOPE_ACCESSORY; Hidden - current U.S. status unverified.
SLOT-175CA9F5B4,PRD-B9B63919B0,RIGID_BRONCHOSCOPE_ACCESSORY,Unverified candidate,No,Exact fit for RIGID_BRONCHOSCOPE_ACCESSORY; Hidden - current U.S. status unverified.
SLOT-175CA9F5B4,PRD-CB102A8291,RIGID_BRONCHOSCOPE_ACCESSORY,Unverified candidate,No,Exact fit for RIGID_BRONCHOSCOPE_ACCESSORY; Hidden - current U.S. status unverified.
SLOT-175CA9F5B4,PRD-5B0D81C458,RIGID_BRONCHOSCOPE_ACCESSORY,Unverified candidate,No,Exact fit for RIGID_BRONCHOSCOPE_ACCESSORY; Hidden - current U.S. status unverified.
SLOT-175CA9F5B4,PRD-FCD805E954,RIGID_BRONCHOSCOPE_ACCESSORY,Unverified candidate,No,Exact fit for RIGID_BRONCHOSCOPE_ACCESSORY; Hidden - current U.S. status unverified.
SLOT-175CA9F5B4,PRD-5CD03F0708,RIGID_BRONCHOSCOPE_ACCESSORY,Unverified candidate,No,Exact fit for RIGID_BRONCHOSCOPE_ACCESSORY; Hidden - current U.S. status unverified.
SLOT-175CA9F5B4,PRD-9C1CF84490,RIGID_BRONCHOSCOPE_ACCESSORY,Unverified candidate,No,Exact fit for RIGID_BRONCHOSCOPE_ACCESSORY; Hidden - current U.S. status unverified.
SLOT-175CA9F5B4,PRD-473C35E94F,RIGID_BRONCHOSCOPE_ACCESSORY,Unverified candidate,No,Exact fit for RIGID_BRONCHOSCOPE_ACCESSORY; Hidden - current U.S. status unverified.
SLOT-175CA9F5B4,PRD-83DE1D08C4,RIGID_BRONCHOSCOPE_ACCESSORY,Unverified candidate,No,Exact fit for RIGID_BRONCHOSCOPE_ACCESSORY; Hidden - current U.S. status unverified.
SLOT-175CA9F5B4,PRD-2DBF0805A2,RIGID_BRONCHOSCOPE_ACCESSORY,Unverified candidate,No,Exact fit for RIGID_BRONCHOSCOPE_ACCESSORY; Hidden - current U.S. status unverified.
SLOT-175CA9F5B4,PRD-993274DBA5,RIGID_BRONCHOSCOPE_ACCESSORY,Unverified candidate,No,Exact fit for RIGID_BRONCHOSCOPE_ACCESSORY; Hidden - current U.S. status unverified.
SLOT-175CA9F5B4,PRD-25D4F080A3,RIGID_BRONCHOSCOPE_ACCESSORY,Unverified candidate,No,Exact fit for RIGID_BRONCHOSCOPE_ACCESSORY; Hidden - current U.S. status unverified.
SLOT-175CA9F5B4,PRD-36F32A458B,RIGID_BRONCHOSCOPE_ACCESSORY,Unverified candidate,No,Exact fit for RIGID_BRONCHOSCOPE_ACCESSORY; Hidden - current U.S. status unverified.
SLOT-175CA9F5B4,PRD-2EB4F34219,RIGID_BRONCHOSCOPE_ACCESSORY,Unverified candidate,No,Exact fit for RIGID_BRONCHOSCOPE_ACCESSORY; Hidden - current U.S. status unverified.
SLOT-175CA9F5B4,PRD-5C35FB169D,RIGID_BRONCHOSCOPE_ACCESSORY,Unverified candidate,No,Exact fit for RIGID_BRONCHOSCOPE_ACCESSORY; Hidden - current U.S. status unverified.
SLOT-175CA9F5B4,PRD-A3EBA86219,RIGID_BRONCHOSCOPE_ACCESSORY,Unverified candidate,No,Exact fit for RIGID_BRONCHOSCOPE_ACCESSORY; Hidden - current U.S. status unverified.
SLOT-175CA9F5B4,PRD-97B68B1ECE,RIGID_BRONCHOSCOPE_ACCESSORY,Unverified candidate,No,Exact fit for RIGID_BRONCHOSCOPE_ACCESSORY; Hidden - current U.S. status unverified.
SLOT-175CA9F5B4,PRD-7058C81A50,RIGID_BRONCHOSCOPE_ACCESSORY,Unverified candidate,No,Exact fit for RIGID_BRONCHOSCOPE_ACCESSORY; Hidden - current U.S. status unverified.
SLOT-175CA9F5B4,PRD-AEB8017EDB,RIGID_BRONCHOSCOPE_ACCESSORY,Unverified candidate,No,Exact fit for RIGID_BRONCHOSCOPE_ACCESSORY; Hidden - current U.S. status unverified.
SLOT-175CA9F5B4,PRD-E6B6E0ACC5,RIGID_BRONCHOSCOPE_ACCESSORY,Unverified candidate,No,Exact fit for RIGID_BRONCHOSCOPE_ACCESSORY; Hidden - current U.S. status unverified.
SLOT-175CA9F5B4,PRD-985ACD0324,RIGID_BRONCHOSCOPE_ACCESSORY,Unverified candidate,No,Exact fit for RIGID_BRONCHOSCOPE_ACCESSORY; Hidden - current U.S. status unverified.
SLOT-175CA9F5B4,PRD-0BCFAC0926,RIGID_BRONCHOSCOPE_ACCESSORY,Unverified candidate,No,Exact fit for RIGID_BRONCHOSCOPE_ACCESSORY; Hidden - current U.S. status unverified.
SLOT-175CA9F5B4,PRD-3FE0E7E391,RIGID_BRONCHOSCOPE_ACCESSORY,Unverified candidate,No,Exact fit for RIGID_BRONCHOSCOPE_ACCESSORY; Hidden - current U.S. status unverified.
SLOT-175CA9F5B4,PRD-DFDC63935D,RIGID_BRONCHOSCOPE_ACCESSORY,Unverified candidate,No,Exact fit for RIGID_BRONCHOSCOPE_ACCESSORY; Hidden - current U.S. status unverified.
SLOT-175CA9F5B4,PRD-FF9CE26B43,RIGID_BRONCHOSCOPE_ACCESSORY,Unverified candidate,No,Exact fit for RIGID_BRONCHOSCOPE_ACCESSORY; Hidden - current U.S. status unverified.
SLOT-6BDDC6260B,PRD-CEED2FDA83,VIDEO_PROCESSOR,Unverified candidate,No,Primary fit for VIDEO_PROCESSOR; Hidden until verified.
SLOT-6BDDC6260B,PRD-AE9BC99FAA,VIDEO_PROCESSOR,Unverified candidate,No,Primary fit for VIDEO_PROCESSOR; Hidden until verified.
SLOT-6BDDC6260B,PRD-EA1D57AC9A,VIDEO_PROCESSOR,Prototype candidate,Yes,Primary fit for VIDEO_PROCESSOR; source-backed and prototype-visible.
SLOT-6BDDC6260B,PRD-CE23D2A34E,VIDEO_PROCESSOR,Unverified candidate,No,Exact fit for VIDEO_PROCESSOR; Hidden - current U.S. status unverified.
SLOT-94783C387D,PRD-9CE6992373,FLEX_SCOPE_THERAPEUTIC,Prototype candidate,Yes,Primary fit for FLEX_SCOPE_THERAPEUTIC; source-backed and prototype-visible.
SLOT-94783C387D,PRD-BC936E9D71,FLEX_SCOPE_THERAPEUTIC,Prototype candidate,Yes,Primary fit for FLEX_SCOPE_THERAPEUTIC; source-backed and prototype-visible.
SLOT-94783C387D,PRD-4A04124FF2,FLEX_SCOPE_THERAPEUTIC,Unverified candidate,No,Primary fit for FLEX_SCOPE_THERAPEUTIC; Hidden until verified.
SLOT-BC936B7BD8,PRD-1905FD9828,RIGID_FORCEPS,Unverified candidate,No,Exact fit for RIGID_FORCEPS; Hidden - current U.S. status unverified.
SLOT-BC936B7BD8,PRD-A9183C4F8F,RIGID_FORCEPS,Unverified candidate,No,Exact fit for RIGID_FORCEPS; Hidden - current U.S. status unverified.
SLOT-BC936B7BD8,PRD-50DCC12BE8,RIGID_FORCEPS,Unverified candidate,No,Exact fit for RIGID_FORCEPS; Hidden - current U.S. status unverified.
SLOT-BC936B7BD8,PRD-10B24D66DD,RIGID_FORCEPS,Unverified candidate,No,Exact fit for RIGID_FORCEPS; Hidden - current U.S. status unverified.
SLOT-BC936B7BD8,PRD-2274F20402,RIGID_FORCEPS,Unverified candidate,No,Exact fit for RIGID_FORCEPS; Hidden - current U.S. status unverified.
SLOT-BC936B7BD8,PRD-B540AFF326,RIGID_FORCEPS,Unverified candidate,No,Exact fit for RIGID_FORCEPS; Hidden - current U.S. status unverified.
SLOT-BC936B7BD8,PRD-E56FC05269,RIGID_FORCEPS,Unverified candidate,No,Exact fit for RIGID_FORCEPS; Hidden - current U.S. status unverified.
SLOT-BC936B7BD8,PRD-4A98F07FC6,RIGID_FORCEPS,Unverified candidate,No,Exact fit for RIGID_FORCEPS; Hidden - current U.S. status unverified.
SLOT-BC936B7BD8,PRD-EB01698273,RIGID_FORCEPS,Unverified candidate,No,Exact fit for RIGID_FORCEPS; Hidden - current U.S. status unverified.
SLOT-BC936B7BD8,PRD-2DACCAD2B4,RIGID_FORCEPS,Unverified candidate,No,Exact fit for RIGID_FORCEPS; Hidden - current U.S. status unverified.
SLOT-BC936B7BD8,PRD-E02F46CDAD,RIGID_FORCEPS,Unverified candidate,No,Exact fit for RIGID_FORCEPS; Hidden - current U.S. status unverified.
SLOT-BC936B7BD8,PRD-60ED7DF50E,RIGID_FORCEPS,Unverified candidate,No,Exact fit for RIGID_FORCEPS; Hidden - current U.S. status unverified.
SLOT-BC936B7BD8,PRD-4A023D6489,RIGID_FORCEPS,Unverified candidate,No,Exact fit for RIGID_FORCEPS; Hidden - current U.S. status unverified.
SLOT-BC936B7BD8,PRD-0F34939AF6,RIGID_FORCEPS,Unverified candidate,No,Exact fit for RIGID_FORCEPS; Hidden - current U.S. status unverified.
SLOT-BC936B7BD8,PRD-011BE58B2D,RIGID_FORCEPS,Unverified candidate,No,Exact fit for RIGID_FORCEPS; Hidden - current U.S. status unverified.
SLOT-BC936B7BD8,PRD-7BC31438E7,RIGID_FORCEPS,Unverified candidate,No,Exact fit for RIGID_FORCEPS; Hidden - current U.S. status unverified.
SLOT-BC936B7BD8,PRD-354ECD3DC4,RIGID_FORCEPS,Unverified candidate,No,Exact fit for RIGID_FORCEPS; Hidden - current U.S. status unverified.
SLOT-BC936B7BD8,PRD-DB7366704E,RIGID_FORCEPS,Unverified candidate,No,Exact fit for RIGID_FORCEPS; Hidden - current U.S. status unverified.
SLOT-BC936B7BD8,PRD-698F9E72B0,RIGID_FORCEPS,Unverified candidate,No,Exact fit for RIGID_FORCEPS; Hidden - current U.S. status unverified.
SLOT-BC936B7BD8,PRD-B4CA5FDE98,RIGID_FORCEPS,Unverified candidate,No,Exact fit for RIGID_FORCEPS; Hidden - current U.S. status unverified.
SLOT-BC936B7BD8,PRD-90A0B83AA5,RIGID_FORCEPS,Unverified candidate,No,Exact fit for RIGID_FORCEPS; Hidden - current U.S. status unverified.
SLOT-BC936B7BD8,PRD-C649B4B9C5,RIGID_FORCEPS,Unverified candidate,No,Exact fit for RIGID_FORCEPS; Hidden - current U.S. status unverified.
SLOT-BC936B7BD8,PRD-ABB6EC1153,RIGID_FORCEPS,Unverified candidate,No,Exact fit for RIGID_FORCEPS; Hidden - current U.S. status unverified.
SLOT-BC936B7BD8,PRD-17C3809F8C,RIGID_FORCEPS,Unverified candidate,No,Exact fit for RIGID_FORCEPS; Hidden - current U.S. status unverified.
SLOT-BC936B7BD8,PRD-79E356AFDC,RIGID_FORCEPS,Unverified candidate,No,Exact fit for RIGID_FORCEPS; Hidden - current U.S. status unverified.
SLOT-BC936B7BD8,PRD-38F9E96675,RIGID_FORCEPS,Unverified candidate,No,Exact fit for RIGID_FORCEPS; Hidden - current U.S. status unverified.
SLOT-BC936B7BD8,PRD-6CCE68D268,RIGID_FORCEPS,Unverified candidate,No,Exact fit for RIGID_FORCEPS; Hidden - current U.S. status unverified.
SLOT-BC936B7BD8,PRD-AC1E0D8CCC,RIGID_FORCEPS,Unverified candidate,No,Exact fit for RIGID_FORCEPS; Hidden - current U.S. status unverified.
SLOT-BC936B7BD8,PRD-1E613C92C3,RIGID_FORCEPS,Unverified candidate,No,Exact fit for RIGID_FORCEPS; Hidden - current U.S. status unverified.
SLOT-BC936B7BD8,PRD-D07AD62770,RIGID_FORCEPS,Unverified candidate,No,Exact fit for RIGID_FORCEPS; Hidden - current U.S. status unverified.
SLOT-BC936B7BD8,PRD-02641F9166,RIGID_FORCEPS,Unverified candidate,No,Exact fit for RIGID_FORCEPS; Hidden - current U.S. status unverified.
SLOT-BC936B7BD8,PRD-7A57FE10A2,RIGID_FORCEPS,Unverified candidate,No,Exact fit for RIGID_FORCEPS; Hidden - current U.S. status unverified.
SLOT-BC936B7BD8,PRD-843BE1E573,RIGID_FORCEPS,Unverified candidate,No,Exact fit for RIGID_FORCEPS; Hidden - current U.S. status unverified.
SLOT-BC936B7BD8,PRD-1CA81E960D,RIGID_FORCEPS,Unverified candidate,No,Exact fit for RIGID_FORCEPS; Hidden - current U.S. status unverified.
SLOT-BC936B7BD8,PRD-1E339ED4FF,RIGID_FORCEPS,Unverified candidate,No,Exact fit for RIGID_FORCEPS; Hidden - current U.S. status unverified.
SLOT-BC936B7BD8,PRD-BB5D8FBEA3,RIGID_FORCEPS,Unverified candidate,No,Exact fit for RIGID_FORCEPS; Hidden - current U.S. status unverified.
SLOT-BC936B7BD8,PRD-9A5C5FEF7D,RIGID_FORCEPS,Unverified candidate,No,Exact fit for RIGID_FORCEPS; Hidden - current U.S. status unverified.
SLOT-BC936B7BD8,PRD-694417C2F5,RIGID_FORCEPS,Unverified candidate,No,Exact fit for RIGID_FORCEPS; Hidden - current U.S. status unverified.
SLOT-BC936B7BD8,PRD-FF130FCDC6,RIGID_FORCEPS,Unverified candidate,No,Exact fit for RIGID_FORCEPS; Hidden - current U.S. status unverified.
SLOT-BC936B7BD8,PRD-190EC613D0,RIGID_FORCEPS,Unverified candidate,No,Exact fit for RIGID_FORCEPS; Hidden - current U.S. status unverified.
SLOT-BC936B7BD8,PRD-C48BF25736,RIGID_FORCEPS,Unverified candidate,No,Exact fit for RIGID_FORCEPS; Hidden - current U.S. status unverified.
SLOT-BC936B7BD8,PRD-2FACCCFC02,RIGID_FORCEPS,Unverified candidate,No,Exact fit for RIGID_FORCEPS; Hidden - current U.S. status unverified.
SLOT-BC936B7BD8,PRD-750BCA0F02,RIGID_FORCEPS,Unverified candidate,No,Exact fit for RIGID_FORCEPS; Hidden - current U.S. status unverified.
SLOT-BC936B7BD8,PRD-1894515971,RIGID_FORCEPS,Prototype candidate,Yes,Primary fit for RIGID_FORCEPS; source-backed and prototype-visible.
SLOT-BC936B7BD8,PRD-5A3334BDDC,RIGID_FORCEPS,Prototype candidate,Yes,Primary fit for RIGID_FORCEPS; source-backed and prototype-visible.
SLOT-BC936B7BD8,PRD-2538CEF181,RIGID_FORCEPS,Prototype candidate,Yes,Primary fit for RIGID_FORCEPS; source-backed and prototype-visible.
SLOT-BC936B7BD8,PRD-EA133128FD,RIGID_FORCEPS,Prototype candidate,Yes,Primary fit for RIGID_FORCEPS; source-backed and prototype-visible.
SLOT-BC936B7BD8,PRD-2952D06A3F,RIGID_FORCEPS,Prototype candidate,Yes,Primary fit for RIGID_FORCEPS; source-backed and prototype-visible.
SLOT-BC936B7BD8,PRD-8CDDDC5158,RIGID_FORCEPS,Prototype candidate,Yes,Primary fit for RIGID_FORCEPS; source-backed and prototype-visible.
SLOT-BC936B7BD8,PRD-A7A7DF79BA,RIGID_FORCEPS,Prototype candidate,Yes,Primary fit for RIGID_FORCEPS; source-backed and prototype-visible.
SLOT-BC936B7BD8,PRD-66110A69CE,RIGID_FORCEPS,Prototype candidate,Yes,Primary fit for RIGID_FORCEPS; source-backed and prototype-visible.
SLOT-BC936B7BD8,PRD-C6E7ED547F,RIGID_FORCEPS,Prototype candidate,Yes,Primary fit for RIGID_FORCEPS; source-backed and prototype-visible.
SLOT-BC936B7BD8,PRD-028E85E656,RIGID_FORCEPS,Prototype candidate,Yes,Primary fit for RIGID_FORCEPS; source-backed and prototype-visible.
SLOT-BC936B7BD8,PRD-2A8E02EC0E,RIGID_FORCEPS,Prototype candidate,Yes,Primary fit for RIGID_FORCEPS; source-backed and prototype-visible.
SLOT-BC936B7BD8,PRD-7B30A285F1,RIGID_FORCEPS,Prototype candidate,Yes,Primary fit for RIGID_FORCEPS; source-backed and prototype-visible.
SLOT-BC936B7BD8,PRD-66A04F5119,RIGID_FORCEPS,Prototype candidate,Yes,Primary fit for RIGID_FORCEPS; source-backed and prototype-visible.
SLOT-BC936B7BD8,PRD-E37704D087,RIGID_FORCEPS,Prototype candidate,Yes,Primary fit for RIGID_FORCEPS; source-backed and prototype-visible.
SLOT-BC936B7BD8,PRD-388B36D2E2,RIGID_FORCEPS,Unverified candidate,No,Exact fit for RIGID_FORCEPS; Hidden - current U.S. status unverified.
SLOT-BC936B7BD8,PRD-0BA1BB5296,RIGID_FORCEPS,Unverified candidate,No,Exact fit for RIGID_FORCEPS; Hidden - current U.S. status unverified.
SLOT-BC936B7BD8,PRD-027269F110,RIGID_FORCEPS,Unverified candidate,No,Exact fit for RIGID_FORCEPS; Hidden - current U.S. status unverified.
SLOT-BC936B7BD8,PRD-41F9791461,RIGID_FORCEPS,Unverified candidate,No,Exact fit for RIGID_FORCEPS; Hidden - current U.S. status unverified.
SLOT-BC936B7BD8,PRD-3A4F408F18,RIGID_FORCEPS,Unverified candidate,No,Exact fit for RIGID_FORCEPS; Hidden - current U.S. status unverified.
SLOT-BC936B7BD8,PRD-663E85AB45,RIGID_FORCEPS,Unverified candidate,No,Exact fit for RIGID_FORCEPS; Hidden - current U.S. status unverified.
SLOT-BC936B7BD8,PRD-D217637957,RIGID_FORCEPS,Unverified candidate,No,Exact fit for RIGID_FORCEPS; Hidden - current U.S. status unverified.
SLOT-BC936B7BD8,PRD-891A7CBCBC,RIGID_FORCEPS,Unverified candidate,No,Exact fit for RIGID_FORCEPS; Hidden - current U.S. status unverified.
SLOT-BC936B7BD8,PRD-7EAB3D4582,RIGID_FORCEPS,Unverified candidate,No,Exact fit for RIGID_FORCEPS; Hidden - current U.S. status unverified.
SLOT-BC936B7BD8,PRD-FF384E6481,RIGID_FORCEPS,Unverified candidate,No,Exact fit for RIGID_FORCEPS; Hidden - current U.S. status unverified.
SLOT-BC936B7BD8,PRD-6B09435B5B,RIGID_FORCEPS,Unverified candidate,No,Exact fit for RIGID_FORCEPS; Hidden - current U.S. status unverified.
SLOT-BC936B7BD8,PRD-14D0927E5A,RIGID_FORCEPS,Unverified candidate,No,Exact fit for RIGID_FORCEPS; Hidden - current U.S. status unverified.
SLOT-BC936B7BD8,PRD-8337850C95,RIGID_FORCEPS,Unverified candidate,No,Exact fit for RIGID_FORCEPS; Hidden - current U.S. status unverified.
SLOT-BC936B7BD8,PRD-167A020826,RIGID_FORCEPS,Unverified candidate,No,Exact fit for RIGID_FORCEPS; Hidden - current U.S. status unverified.
SLOT-BC936B7BD8,PRD-75434A8582,RIGID_FORCEPS,Unverified candidate,No,Exact fit for RIGID_FORCEPS; Hidden - current U.S. status unverified.
SLOT-BC936B7BD8,PRD-CE081B3A72,RIGID_FORCEPS,Unverified candidate,No,Exact fit for RIGID_FORCEPS; Hidden - current U.S. status unverified.
SLOT-BC936B7BD8,PRD-716AA24BEF,RIGID_FORCEPS,Unverified candidate,No,Exact fit for RIGID_FORCEPS; Hidden - current U.S. status unverified.
SLOT-BC936B7BD8,PRD-AF3652245F,RIGID_FORCEPS,Unverified candidate,No,Exact fit for RIGID_FORCEPS; Hidden - current U.S. status unverified.
SLOT-BC936B7BD8,PRD-6C99AA9B16,RIGID_FORCEPS,Unverified candidate,No,Exact fit for RIGID_FORCEPS; Hidden - current U.S. status unverified.
SLOT-BC936B7BD8,PRD-C717487CFD,RIGID_FORCEPS,Unverified candidate,No,Exact fit for RIGID_FORCEPS; Hidden - current U.S. status unverified.
SLOT-BC936B7BD8,PRD-0C13E4001B,RIGID_FORCEPS,Unverified candidate,No,Exact fit for RIGID_FORCEPS; Hidden - current U.S. status unverified.
SLOT-BC936B7BD8,PRD-AE3B2BA40B,RIGID_FORCEPS,Unverified candidate,No,Exact fit for RIGID_FORCEPS; Hidden - current U.S. status unverified.
SLOT-BC936B7BD8,PRD-C01DCF9726,RIGID_FORCEPS,Unverified candidate,No,Exact fit for RIGID_FORCEPS; Hidden - current U.S. status unverified.
SLOT-BC936B7BD8,PRD-4298F66678,RIGID_FORCEPS,Unverified candidate,No,Exact fit for RIGID_FORCEPS; Hidden - current U.S. status unverified.
SLOT-BC936B7BD8,PRD-ED98C24F0E,RIGID_FORCEPS,Unverified candidate,No,Exact fit for RIGID_FORCEPS; Hidden - current U.S. status unverified.
SLOT-BC936B7BD8,PRD-FB1867A930,RIGID_FORCEPS,Unverified candidate,No,Exact fit for RIGID_FORCEPS; Hidden - current U.S. status unverified.
SLOT-BC936B7BD8,PRD-058B06F45B,RIGID_FORCEPS,Unverified candidate,No,Exact fit for RIGID_FORCEPS; Hidden - current U.S. status unverified.
SLOT-BC936B7BD8,PRD-F1DC24ED97,RIGID_FORCEPS,Unverified candidate,No,Exact fit for RIGID_FORCEPS; Hidden - current U.S. status unverified.
SLOT-BC936B7BD8,PRD-7F94CAD8E8,RIGID_FORCEPS,Unverified candidate,No,Exact fit for RIGID_FORCEPS; Hidden - current U.S. status unverified.
SLOT-BC936B7BD8,PRD-DFBA1DB7E3,RIGID_FORCEPS,Unverified candidate,No,Exact fit for RIGID_FORCEPS; Hidden - current U.S. status unverified.
SLOT-BC936B7BD8,PRD-F40F385751,RIGID_FORCEPS,Unverified candidate,No,Exact fit for RIGID_FORCEPS; Hidden - current U.S. status unverified.
SLOT-BC936B7BD8,PRD-7563085A90,RIGID_FORCEPS,Unverified candidate,No,Exact fit for RIGID_FORCEPS; Hidden - current U.S. status unverified.
SLOT-BC936B7BD8,PRD-4F06212417,RIGID_FORCEPS,Unverified candidate,No,Exact fit for RIGID_FORCEPS; Hidden - current U.S. status unverified.
SLOT-BC936B7BD8,PRD-4DBE64B0DA,RIGID_FORCEPS,Unverified candidate,No,Exact fit for RIGID_FORCEPS; Hidden - current U.S. status unverified.
SLOT-BC936B7BD8,PRD-CB9242F78E,RIGID_FORCEPS,Unverified candidate,No,Exact fit for RIGID_FORCEPS; Hidden - current U.S. status unverified.
SLOT-BC936B7BD8,PRD-0577F2977F,RIGID_FORCEPS,Unverified candidate,No,Exact fit for RIGID_FORCEPS; Hidden - current U.S. status unverified.
SLOT-2D59E32F4B,PRD-277D52B6BC,RIGID_SUCTION_CATHETER,Unverified candidate,No,Exact fit for RIGID_SUCTION_CATHETER; Hidden - current U.S. status unverified.
SLOT-2D59E32F4B,PRD-1CFFD3C377,RIGID_SUCTION_CATHETER,Unverified candidate,No,Exact fit for RIGID_SUCTION_CATHETER; Hidden - current U.S. status unverified.
SLOT-2D59E32F4B,PRD-1411E60176,RIGID_SUCTION_CATHETER,Unverified candidate,No,Exact fit for RIGID_SUCTION_CATHETER; Hidden - current U.S. status unverified.
SLOT-2D59E32F4B,PRD-E09A4CA6E0,RIGID_SUCTION_CATHETER,Unverified candidate,No,Exact fit for RIGID_SUCTION_CATHETER; Hidden - current U.S. status unverified.
SLOT-2D59E32F4B,PRD-9BD2C36817,RIGID_SUCTION_CATHETER,Unverified candidate,No,Exact fit for RIGID_SUCTION_CATHETER; Hidden - current U.S. status unverified.
SLOT-2D59E32F4B,PRD-33C62E2093,RIGID_SUCTION_CATHETER,Unverified candidate,No,Exact fit for RIGID_SUCTION_CATHETER; Hidden - current U.S. status unverified.
SLOT-2D59E32F4B,PRD-C00C2E4E80,RIGID_SUCTION_CATHETER,Unverified candidate,No,Exact fit for RIGID_SUCTION_CATHETER; Hidden - current U.S. status unverified.
SLOT-2D59E32F4B,PRD-2644647C19,RIGID_SUCTION_CATHETER,Unverified candidate,No,Exact fit for RIGID_SUCTION_CATHETER; Hidden - current U.S. status unverified.
SLOT-2D59E32F4B,PRD-C64D0F8310,RIGID_SUCTION_CATHETER,Unverified candidate,No,Exact fit for RIGID_SUCTION_CATHETER; Hidden - current U.S. status unverified.
SLOT-2D59E32F4B,PRD-B2AC1ECC92,RIGID_SUCTION_CATHETER,Unverified candidate,No,Exact fit for RIGID_SUCTION_CATHETER; Hidden - current U.S. status unverified.
SLOT-2D59E32F4B,PRD-B728AA11AB,RIGID_SUCTION_CATHETER,Unverified candidate,No,Exact fit for RIGID_SUCTION_CATHETER; Hidden - current U.S. status unverified.
SLOT-2D59E32F4B,PRD-2522C4A9A6,RIGID_SUCTION_CATHETER,Unverified candidate,No,Exact fit for RIGID_SUCTION_CATHETER; Hidden - current U.S. status unverified.
SLOT-2D59E32F4B,PRD-0FECB0AD06,RIGID_SUCTION_CATHETER,Unverified candidate,No,Exact fit for RIGID_SUCTION_CATHETER; Hidden - current U.S. status unverified.
SLOT-2D59E32F4B,PRD-E4B27EE86A,RIGID_SUCTION_CATHETER,Unverified candidate,No,Exact fit for RIGID_SUCTION_CATHETER; Hidden - current U.S. status unverified.
SLOT-2D59E32F4B,PRD-87F3E56C0D,RIGID_SUCTION_CATHETER,Unverified candidate,No,Exact fit for RIGID_SUCTION_CATHETER; Hidden - current U.S. status unverified.
SLOT-2D59E32F4B,PRD-F4B4C5FC4D,RIGID_SUCTION_CATHETER,Unverified candidate,No,Exact fit for RIGID_SUCTION_CATHETER; Hidden - current U.S. status unverified.
SLOT-2D59E32F4B,PRD-B6BECFE095,RIGID_SUCTION_CATHETER,Unverified candidate,No,Exact fit for RIGID_SUCTION_CATHETER; Hidden - current U.S. status unverified.
SLOT-2D59E32F4B,PRD-CC88761929,RIGID_SUCTION_CATHETER,Unverified candidate,No,Exact fit for RIGID_SUCTION_CATHETER; Hidden - current U.S. status unverified.
SLOT-2D59E32F4B,PRD-400BEF3640,RIGID_SUCTION_CATHETER,Unverified candidate,No,Exact fit for RIGID_SUCTION_CATHETER; Hidden - current U.S. status unverified.
SLOT-2D59E32F4B,PRD-F12AF814EE,RIGID_SUCTION_CATHETER,Unverified candidate,No,Exact fit for RIGID_SUCTION_CATHETER; Hidden - current U.S. status unverified.
SLOT-2D59E32F4B,PRD-042A57F191,RIGID_SUCTION_CATHETER,Unverified candidate,No,Exact fit for RIGID_SUCTION_CATHETER; Hidden - current U.S. status unverified.
SLOT-2D59E32F4B,PRD-825B745D18,RIGID_SUCTION_CATHETER,Unverified candidate,No,Exact fit for RIGID_SUCTION_CATHETER; Hidden - current U.S. status unverified.
SLOT-2D59E32F4B,PRD-8A19FB9627,RIGID_SUCTION_CATHETER,Unverified candidate,No,Exact fit for RIGID_SUCTION_CATHETER; Hidden - current U.S. status unverified.
SLOT-2D59E32F4B,PRD-06811F5515,RIGID_SUCTION_CATHETER,Unverified candidate,No,Exact fit for RIGID_SUCTION_CATHETER; Hidden - current U.S. status unverified.
SLOT-2D59E32F4B,PRD-9188CC0F47,RIGID_SUCTION_CATHETER,Unverified candidate,No,Exact fit for RIGID_SUCTION_CATHETER; Hidden - current U.S. status unverified.
SLOT-2D59E32F4B,PRD-C0C6302286,RIGID_SUCTION_CATHETER,Unverified candidate,No,Exact fit for RIGID_SUCTION_CATHETER; Hidden - current U.S. status unverified.
SLOT-2D59E32F4B,PRD-28C10C5EE9,RIGID_SUCTION_CATHETER,Unverified candidate,No,Exact fit for RIGID_SUCTION_CATHETER; Hidden - current U.S. status unverified.
SLOT-2D59E32F4B,PRD-D7A7620198,RIGID_SUCTION_CATHETER,Unverified candidate,No,Exact fit for RIGID_SUCTION_CATHETER; Hidden - current U.S. status unverified.
SLOT-2D59E32F4B,PRD-526F08F11A,RIGID_SUCTION_CATHETER,Unverified candidate,No,Exact fit for RIGID_SUCTION_CATHETER; Hidden - current U.S. status unverified.
SLOT-2D59E32F4B,PRD-57C0ED84C2,RIGID_SUCTION_CATHETER,Unverified candidate,No,Exact fit for RIGID_SUCTION_CATHETER; Hidden - current U.S. status unverified.
SLOT-2D59E32F4B,PRD-9E7BDDB1CC,RIGID_SUCTION_CATHETER,Unverified candidate,No,Exact fit for RIGID_SUCTION_CATHETER; Hidden - current U.S. status unverified.
SLOT-2D59E32F4B,PRD-762DCA1D6D,RIGID_SUCTION_CATHETER,Unverified candidate,No,Exact fit for RIGID_SUCTION_CATHETER; Hidden - current U.S. status unverified.
SLOT-2D59E32F4B,PRD-07EA3DD76E,RIGID_SUCTION_CATHETER,Prototype candidate,Yes,Primary fit for RIGID_SUCTION_CATHETER; source-backed and prototype-visible.
SLOT-2D59E32F4B,PRD-B98EADB33D,RIGID_SUCTION_CATHETER,Prototype candidate,Yes,Primary fit for RIGID_SUCTION_CATHETER; source-backed and prototype-visible.
SLOT-2D59E32F4B,PRD-5A28AF1C52,RIGID_SUCTION_CATHETER,Prototype candidate,Yes,Primary fit for RIGID_SUCTION_CATHETER; source-backed and prototype-visible.
SLOT-2D59E32F4B,PRD-952A7B928E,RIGID_SUCTION_CATHETER,Prototype candidate,Yes,Primary fit for RIGID_SUCTION_CATHETER; source-backed and prototype-visible.
SLOT-2D59E32F4B,PRD-53805EF31F,RIGID_SUCTION_CATHETER,Unverified candidate,No,Exact fit for RIGID_SUCTION_CATHETER; Hidden - current U.S. status unverified.
SLOT-00E8CCAE2A,PRD-A2C49C9352,CRYOPROBE_FLEX,Unverified candidate,No,Primary fit for CRYOPROBE_FLEX; Hidden - non-U.S. catalog / U.S. status unverified.
SLOT-00E8CCAE2A,PRD-6C2199C862,CRYOPROBE_FLEX,Unverified candidate,No,Primary fit for CRYOPROBE_FLEX; Hidden - non-U.S. catalog / U.S. status unverified.
SLOT-00E8CCAE2A,PRD-7DC3645CFA,CRYOPROBE_FLEX,Unverified candidate,No,Primary fit for CRYOPROBE_FLEX; Hidden - non-U.S. catalog / U.S. status unverified.
SLOT-00E8CCAE2A,PRD-05670F1B5F,CRYOPROBE_FLEX,Unverified candidate,No,Primary fit for CRYOPROBE_FLEX; Hidden - non-U.S. catalog / U.S. status unverified.
SLOT-3D6358F157,PRD-94E33ED243,AIRWAY_BALLOON_DILATOR,Prototype candidate,Yes,Primary fit for AIRWAY_BALLOON_DILATOR; source-backed and prototype-visible.
SLOT-3D6358F157,PRD-B8BB774CB6,AIRWAY_BALLOON_DILATOR,Prototype candidate,Yes,Primary fit for AIRWAY_BALLOON_DILATOR; source-backed and prototype-visible.
SLOT-3D6358F157,PRD-BDC093DB61,AIRWAY_BALLOON_DILATOR,Prototype candidate,Yes,Primary fit for AIRWAY_BALLOON_DILATOR; source-backed and prototype-visible.
SLOT-3D6358F157,PRD-9E6034F109,AIRWAY_BALLOON_DILATOR,Prototype candidate,Yes,Primary fit for AIRWAY_BALLOON_DILATOR; source-backed and prototype-visible.
SLOT-3D6358F157,PRD-2B5132F8C5,AIRWAY_BALLOON_DILATOR,Prototype candidate,Yes,Primary fit for AIRWAY_BALLOON_DILATOR; source-backed and prototype-visible.
SLOT-3D6358F157,PRD-189E7EF27A,AIRWAY_BALLOON_DILATOR,Prototype candidate,Yes,Primary fit for AIRWAY_BALLOON_DILATOR; source-backed and prototype-visible.
SLOT-3D6358F157,PRD-771F462726,AIRWAY_BALLOON_DILATOR,Prototype candidate,Yes,Exact fit for AIRWAY_BALLOON_DILATOR; source-backed and prototype-visible.
SLOT-3D6358F157,PRD-E1B889E869,AIRWAY_BALLOON_DILATOR,Prototype candidate,Yes,Exact fit for AIRWAY_BALLOON_DILATOR; source-backed and prototype-visible.
SLOT-3D6358F157,PRD-BD2D495AB7,AIRWAY_BALLOON_DILATOR,Prototype candidate,Yes,Exact fit for AIRWAY_BALLOON_DILATOR; source-backed and prototype-visible.
SLOT-3D6358F157,PRD-4361785147,AIRWAY_BALLOON_DILATOR,Prototype candidate,Yes,Exact fit for AIRWAY_BALLOON_DILATOR; source-backed and prototype-visible.
SLOT-3D6358F157,PRD-7ED371400F,AIRWAY_BALLOON_DILATOR,Prototype candidate,Yes,Exact fit for AIRWAY_BALLOON_DILATOR; source-backed and prototype-visible.
SLOT-3D6358F157,PRD-937DC338A9,AIRWAY_BALLOON_DILATOR,Prototype candidate,Yes,Exact fit for AIRWAY_BALLOON_DILATOR; source-backed and prototype-visible.
SLOT-3D6358F157,PRD-36CD5DBC39,AIRWAY_BALLOON_DILATOR,Prototype candidate,Yes,Exact fit for AIRWAY_BALLOON_DILATOR; source-backed and prototype-visible.
SLOT-3D6358F157,PRD-698A0D25B4,AIRWAY_BALLOON_DILATOR,Prototype candidate,Yes,Exact fit for AIRWAY_BALLOON_DILATOR; source-backed and prototype-visible.
SLOT-3D6358F157,PRD-9D5C45AA6F,AIRWAY_BALLOON_DILATOR,Prototype candidate,Yes,Exact fit for AIRWAY_BALLOON_DILATOR; source-backed and prototype-visible.
SLOT-3D6358F157,PRD-1EC996BD63,AIRWAY_BALLOON_DILATOR,Prototype candidate,Yes,Exact fit for AIRWAY_BALLOON_DILATOR; source-backed and prototype-visible.
SLOT-3D6358F157,PRD-E46E521D1C,AIRWAY_BALLOON_DILATOR,Prototype candidate,Yes,Exact fit for AIRWAY_BALLOON_DILATOR; source-backed and prototype-visible.
SLOT-3D6358F157,PRD-6A26802196,AIRWAY_BALLOON_DILATOR,Prototype candidate,Yes,Exact fit for AIRWAY_BALLOON_DILATOR; source-backed and prototype-visible.
SLOT-5F3642C851,PRD-9CE203EA1C,AIRWAY_STENT_SILICONE_STRAIGHT,Unverified candidate,No,Primary fit for AIRWAY_STENT_SILICONE_STRAIGHT; Hidden until verified.
SLOT-5F3642C851,PRD-62E4A72F9D,AIRWAY_STENT_SILICONE_STRAIGHT,Unverified candidate,No,Primary fit for AIRWAY_STENT_SILICONE_STRAIGHT; Hidden until verified.
SLOT-5F3642C851,PRD-5070336E33,AIRWAY_STENT_SILICONE_STRAIGHT,Unverified candidate,No,Primary fit for AIRWAY_STENT_SILICONE_STRAIGHT; Hidden until verified.
SLOT-5F3642C851,PRD-7051E83D62,AIRWAY_STENT_SILICONE_STRAIGHT,Unverified candidate,No,Primary fit for AIRWAY_STENT_SILICONE_STRAIGHT; Hidden until verified.
SLOT-5F3642C851,PRD-CC378D0981,AIRWAY_STENT_SILICONE_STRAIGHT,Unverified candidate,No,Primary fit for AIRWAY_STENT_SILICONE_STRAIGHT; Hidden until verified.
SLOT-5F3642C851,PRD-7C4A3CE094,AIRWAY_STENT_SILICONE_STRAIGHT,Prototype candidate,Yes,Primary fit for AIRWAY_STENT_SILICONE_STRAIGHT; source-backed and prototype-visible.
SLOT-5F3642C851,PRD-F0279D2028,AIRWAY_STENT_SILICONE_STRAIGHT,Prototype candidate,Yes,Primary fit for AIRWAY_STENT_SILICONE_STRAIGHT; source-backed and prototype-visible.
SLOT-5F3642C851,PRD-F63C06E063,AIRWAY_STENT_SILICONE_STRAIGHT,Prototype candidate,Yes,Primary fit for AIRWAY_STENT_SILICONE_STRAIGHT; source-backed and prototype-visible.
SLOT-5F3642C851,PRD-FCAC63DE74,AIRWAY_STENT_SILICONE_STRAIGHT,Prototype candidate,Yes,Primary fit for AIRWAY_STENT_SILICONE_STRAIGHT; source-backed and prototype-visible.
SLOT-5F3642C851,PRD-5A54E4A232,AIRWAY_STENT_SILICONE_STRAIGHT,Prototype candidate,Yes,Primary fit for AIRWAY_STENT_SILICONE_STRAIGHT; source-backed and prototype-visible.
SLOT-5F3642C851,PRD-DA69A8016A,AIRWAY_STENT_SILICONE_STRAIGHT,Prototype candidate,Yes,Primary fit for AIRWAY_STENT_SILICONE_STRAIGHT; source-backed and prototype-visible.
SLOT-5F3642C851,PRD-1339050168,AIRWAY_STENT_SILICONE_STRAIGHT,Prototype candidate,Yes,Primary fit for AIRWAY_STENT_SILICONE_STRAIGHT; source-backed and prototype-visible.
SLOT-5F3642C851,PRD-81E1C78F57,AIRWAY_STENT_SILICONE_STRAIGHT,Prototype candidate,Yes,Primary fit for AIRWAY_STENT_SILICONE_STRAIGHT; source-backed and prototype-visible.
SLOT-5F3642C851,PRD-1F9597C1B1,AIRWAY_STENT_SILICONE_STRAIGHT,Prototype candidate,Yes,Primary fit for AIRWAY_STENT_SILICONE_STRAIGHT; source-backed and prototype-visible.
SLOT-5F3642C851,PRD-E13F890A8D,AIRWAY_STENT_SILICONE_STRAIGHT,Prototype candidate,Yes,Primary fit for AIRWAY_STENT_SILICONE_STRAIGHT; source-backed and prototype-visible.
SLOT-5F3642C851,PRD-94C76DB87E,AIRWAY_STENT_SILICONE_STRAIGHT,Prototype candidate,Yes,Primary fit for AIRWAY_STENT_SILICONE_STRAIGHT; source-backed and prototype-visible.
SLOT-5F3642C851,PRD-E03ACFD7C6,AIRWAY_STENT_SILICONE_STRAIGHT,Prototype candidate,Yes,Primary fit for AIRWAY_STENT_SILICONE_STRAIGHT; source-backed and prototype-visible.
SLOT-5F3642C851,PRD-9FDA372767,AIRWAY_STENT_SILICONE_STRAIGHT,Prototype candidate,Yes,Primary fit for AIRWAY_STENT_SILICONE_STRAIGHT; source-backed and prototype-visible.
SLOT-5F3642C851,PRD-24BB958E53,AIRWAY_STENT_SILICONE_STRAIGHT,Prototype candidate,Yes,Primary fit for AIRWAY_STENT_SILICONE_STRAIGHT; source-backed and prototype-visible.
SLOT-5F3642C851,PRD-35D1C951DD,AIRWAY_STENT_SILICONE_STRAIGHT,Prototype candidate,Yes,Primary fit for AIRWAY_STENT_SILICONE_STRAIGHT; source-backed and prototype-visible.
SLOT-5F3642C851,PRD-8C4F3E180E,AIRWAY_STENT_SILICONE_STRAIGHT,Prototype candidate,Yes,Primary fit for AIRWAY_STENT_SILICONE_STRAIGHT; source-backed and prototype-visible.
SLOT-5F3642C851,PRD-946F2F821B,AIRWAY_STENT_SILICONE_STRAIGHT,Prototype candidate,Yes,Primary fit for AIRWAY_STENT_SILICONE_STRAIGHT; source-backed and prototype-visible.
SLOT-5F3642C851,PRD-7C94BF3D70,AIRWAY_STENT_SILICONE_STRAIGHT,Prototype candidate,Yes,Primary fit for AIRWAY_STENT_SILICONE_STRAIGHT; source-backed and prototype-visible.
SLOT-5F3642C851,PRD-704850C991,AIRWAY_STENT_SILICONE_STRAIGHT,Prototype candidate,Yes,Primary fit for AIRWAY_STENT_SILICONE_STRAIGHT; source-backed and prototype-visible.
SLOT-5F3642C851,PRD-50F36C0CF9,AIRWAY_STENT_SILICONE_STRAIGHT,Prototype candidate,Yes,Primary fit for AIRWAY_STENT_SILICONE_STRAIGHT; source-backed and prototype-visible.
SLOT-5F3642C851,PRD-394135E376,AIRWAY_STENT_SILICONE_STRAIGHT,Prototype candidate,Yes,Primary fit for AIRWAY_STENT_SILICONE_STRAIGHT; source-backed and prototype-visible.
SLOT-5F3642C851,PRD-57CB9C3B69,AIRWAY_STENT_SILICONE_STRAIGHT,Prototype candidate,Yes,Primary fit for AIRWAY_STENT_SILICONE_STRAIGHT; source-backed and prototype-visible.
SLOT-5F3642C851,PRD-014290DBD6,AIRWAY_STENT_SILICONE_STRAIGHT,Prototype candidate,Yes,Primary fit for AIRWAY_STENT_SILICONE_STRAIGHT; source-backed and prototype-visible.
SLOT-5F3642C851,PRD-0B65831FF3,AIRWAY_STENT_SILICONE_STRAIGHT,Prototype candidate,Yes,Primary fit for AIRWAY_STENT_SILICONE_STRAIGHT; source-backed and prototype-visible.
SLOT-5F3642C851,PRD-83292E8BA3,AIRWAY_STENT_SILICONE_STRAIGHT,Prototype candidate,Yes,Primary fit for AIRWAY_STENT_SILICONE_STRAIGHT; source-backed and prototype-visible.
SLOT-5F3642C851,PRD-69CC9C6D05,AIRWAY_STENT_SILICONE_STRAIGHT,Prototype candidate,Yes,Primary fit for AIRWAY_STENT_SILICONE_STRAIGHT; source-backed and prototype-visible.
SLOT-5F3642C851,PRD-E91BAEC04F,AIRWAY_STENT_SILICONE_STRAIGHT,Prototype candidate,Yes,Primary fit for AIRWAY_STENT_SILICONE_STRAIGHT; source-backed and prototype-visible.
SLOT-5F3642C851,PRD-246C3ADE5E,AIRWAY_STENT_SILICONE_STRAIGHT,Prototype candidate,Yes,Primary fit for AIRWAY_STENT_SILICONE_STRAIGHT; source-backed and prototype-visible.
SLOT-5F3642C851,PRD-B4AC755EAE,AIRWAY_STENT_SILICONE_STRAIGHT,Prototype candidate,Yes,Primary fit for AIRWAY_STENT_SILICONE_STRAIGHT; source-backed and prototype-visible.
SLOT-5F3642C851,PRD-861D4EA14A,AIRWAY_STENT_SILICONE_STRAIGHT,Prototype candidate,Yes,Primary fit for AIRWAY_STENT_SILICONE_STRAIGHT; source-backed and prototype-visible.
SLOT-5F3642C851,PRD-ACB6E2620B,AIRWAY_STENT_SILICONE_STRAIGHT,Prototype candidate,Yes,Primary fit for AIRWAY_STENT_SILICONE_STRAIGHT; source-backed and prototype-visible.
SLOT-5F3642C851,PRD-128B8E1F80,AIRWAY_STENT_SILICONE_STRAIGHT,Prototype candidate,Yes,Primary fit for AIRWAY_STENT_SILICONE_STRAIGHT; source-backed and prototype-visible.
SLOT-5F3642C851,PRD-39EB1A695C,AIRWAY_STENT_SILICONE_STRAIGHT,Prototype candidate,Yes,Primary fit for AIRWAY_STENT_SILICONE_STRAIGHT; source-backed and prototype-visible.
SLOT-5F3642C851,PRD-5955133BB7,AIRWAY_STENT_SILICONE_STRAIGHT,Prototype candidate,Yes,Primary fit for AIRWAY_STENT_SILICONE_STRAIGHT; source-backed and prototype-visible.
SLOT-5F3642C851,PRD-C4EB1DBADB,AIRWAY_STENT_SILICONE_STRAIGHT,Prototype candidate,Yes,Primary fit for AIRWAY_STENT_SILICONE_STRAIGHT; source-backed and prototype-visible.
SLOT-5F3642C851,PRD-1C368932FF,AIRWAY_STENT_SILICONE_STRAIGHT,Prototype candidate,Yes,Primary fit for AIRWAY_STENT_SILICONE_STRAIGHT; source-backed and prototype-visible.
SLOT-5F3642C851,PRD-F2F9633FBF,AIRWAY_STENT_SILICONE_STRAIGHT,Prototype candidate,Yes,Primary fit for AIRWAY_STENT_SILICONE_STRAIGHT; source-backed and prototype-visible.
SLOT-5F3642C851,PRD-23D7DAB53A,AIRWAY_STENT_SILICONE_STRAIGHT,Prototype candidate,Yes,Primary fit for AIRWAY_STENT_SILICONE_STRAIGHT; source-backed and prototype-visible.
SLOT-5F3642C851,PRD-00FC2A29AC,AIRWAY_STENT_SILICONE_STRAIGHT,Prototype candidate,Yes,Primary fit for AIRWAY_STENT_SILICONE_STRAIGHT; source-backed and prototype-visible.
SLOT-5F3642C851,PRD-5A90A3DABC,AIRWAY_STENT_SILICONE_STRAIGHT,Prototype candidate,Yes,Primary fit for AIRWAY_STENT_SILICONE_STRAIGHT; source-backed and prototype-visible.
SLOT-5F3642C851,PRD-AC566D2949,AIRWAY_STENT_SILICONE_STRAIGHT,Prototype candidate,Yes,Primary fit for AIRWAY_STENT_SILICONE_STRAIGHT; source-backed and prototype-visible.
SLOT-5F3642C851,PRD-BE0B6A0B53,AIRWAY_STENT_SILICONE_STRAIGHT,Prototype candidate,Yes,Primary fit for AIRWAY_STENT_SILICONE_STRAIGHT; source-backed and prototype-visible.
SLOT-5F3642C851,PRD-8532C675A6,AIRWAY_STENT_SILICONE_STRAIGHT,Prototype candidate,Yes,Primary fit for AIRWAY_STENT_SILICONE_STRAIGHT; source-backed and prototype-visible.
SLOT-5F3642C851,PRD-EC55EE1E59,AIRWAY_STENT_SILICONE_STRAIGHT,Prototype candidate,Yes,Primary fit for AIRWAY_STENT_SILICONE_STRAIGHT; source-backed and prototype-visible.
SLOT-5F3642C851,PRD-E07985974F,AIRWAY_STENT_SILICONE_STRAIGHT,Prototype candidate,Yes,Primary fit for AIRWAY_STENT_SILICONE_STRAIGHT; source-backed and prototype-visible.
SLOT-5F3642C851,PRD-BE121B185B,AIRWAY_STENT_SILICONE_STRAIGHT,Prototype candidate,Yes,Primary fit for AIRWAY_STENT_SILICONE_STRAIGHT; source-backed and prototype-visible.
SLOT-5F3642C851,PRD-6A9E4504F4,AIRWAY_STENT_SILICONE_STRAIGHT,Prototype candidate,Yes,Primary fit for AIRWAY_STENT_SILICONE_STRAIGHT; source-backed and prototype-visible.
SLOT-5F3642C851,PRD-F54BF5D38E,AIRWAY_STENT_SILICONE_STRAIGHT,Prototype candidate,Yes,Primary fit for AIRWAY_STENT_SILICONE_STRAIGHT; source-backed and prototype-visible.
SLOT-5F3642C851,PRD-FE7880EF7E,AIRWAY_STENT_SILICONE_STRAIGHT,Prototype candidate,Yes,Primary fit for AIRWAY_STENT_SILICONE_STRAIGHT; source-backed and prototype-visible.
SLOT-5F3642C851,PRD-DC7E693F2A,AIRWAY_STENT_SILICONE_STRAIGHT,Prototype candidate,Yes,Primary fit for AIRWAY_STENT_SILICONE_STRAIGHT; source-backed and prototype-visible.
SLOT-5F3642C851,PRD-81D89E1E76,AIRWAY_STENT_SILICONE_STRAIGHT,Prototype candidate,Yes,Primary fit for AIRWAY_STENT_SILICONE_STRAIGHT; source-backed and prototype-visible.
SLOT-5F3642C851,PRD-B5A96A4F81,AIRWAY_STENT_SILICONE_STRAIGHT,Prototype candidate,Yes,Primary fit for AIRWAY_STENT_SILICONE_STRAIGHT; source-backed and prototype-visible.
SLOT-5F3642C851,PRD-29DCCCAF2B,AIRWAY_STENT_SILICONE_STRAIGHT,Prototype candidate,Yes,Primary fit for AIRWAY_STENT_SILICONE_STRAIGHT; source-backed and prototype-visible.
SLOT-5F3642C851,PRD-A412BD40C1,AIRWAY_STENT_SILICONE_STRAIGHT,Prototype candidate,Yes,Primary fit for AIRWAY_STENT_SILICONE_STRAIGHT; source-backed and prototype-visible.
SLOT-5F3642C851,PRD-E04E24D3CD,AIRWAY_STENT_SILICONE_STRAIGHT,Prototype candidate,Yes,Primary fit for AIRWAY_STENT_SILICONE_STRAIGHT; source-backed and prototype-visible.
SLOT-5F3642C851,PRD-B226B5873B,AIRWAY_STENT_SILICONE_STRAIGHT,Prototype candidate,Yes,Primary fit for AIRWAY_STENT_SILICONE_STRAIGHT; source-backed and prototype-visible.
SLOT-5F3642C851,PRD-3D383F0834,AIRWAY_STENT_SILICONE_STRAIGHT,Prototype candidate,Yes,Primary fit for AIRWAY_STENT_SILICONE_STRAIGHT; source-backed and prototype-visible.
SLOT-5F3642C851,PRD-7C4B36F5CB,AIRWAY_STENT_SILICONE_STRAIGHT,Prototype candidate,Yes,Primary fit for AIRWAY_STENT_SILICONE_STRAIGHT; source-backed and prototype-visible.
SLOT-5F3642C851,PRD-A9C2F393B9,AIRWAY_STENT_SILICONE_STRAIGHT,Prototype candidate,Yes,Primary fit for AIRWAY_STENT_SILICONE_STRAIGHT; source-backed and prototype-visible.
SLOT-5F3642C851,PRD-231DEF421E,AIRWAY_STENT_SILICONE_STRAIGHT,Prototype candidate,Yes,Primary fit for AIRWAY_STENT_SILICONE_STRAIGHT; source-backed and prototype-visible.
SLOT-5F3642C851,PRD-5AD92B5438,AIRWAY_STENT_SILICONE_STRAIGHT,Prototype candidate,Yes,Primary fit for AIRWAY_STENT_SILICONE_STRAIGHT; source-backed and prototype-visible.
SLOT-5F3642C851,PRD-241E54356E,AIRWAY_STENT_SILICONE_STRAIGHT,Prototype candidate,Yes,Primary fit for AIRWAY_STENT_SILICONE_STRAIGHT; source-backed and prototype-visible.
SLOT-5F3642C851,PRD-42804464C2,AIRWAY_STENT_SILICONE_STRAIGHT,Prototype candidate,Yes,Primary fit for AIRWAY_STENT_SILICONE_STRAIGHT; source-backed and prototype-visible.
SLOT-5F3642C851,PRD-408A683593,AIRWAY_STENT_SILICONE_STRAIGHT,Prototype candidate,Yes,Primary fit for AIRWAY_STENT_SILICONE_STRAIGHT; source-backed and prototype-visible.
SLOT-5F3642C851,PRD-CEFAA61748,AIRWAY_STENT_SILICONE_STRAIGHT,Prototype candidate,Yes,Primary fit for AIRWAY_STENT_SILICONE_STRAIGHT; source-backed and prototype-visible.
SLOT-5F3642C851,PRD-D76BFAD4AA,AIRWAY_STENT_SILICONE_STRAIGHT,Prototype candidate,Yes,Primary fit for AIRWAY_STENT_SILICONE_STRAIGHT; source-backed and prototype-visible.
SLOT-5F3642C851,PRD-66935DEE7B,AIRWAY_STENT_SILICONE_STRAIGHT,Prototype candidate,Yes,Primary fit for AIRWAY_STENT_SILICONE_STRAIGHT; source-backed and prototype-visible.
SLOT-5F3642C851,PRD-15E6B259A7,AIRWAY_STENT_SILICONE_STRAIGHT,Prototype candidate,Yes,Primary fit for AIRWAY_STENT_SILICONE_STRAIGHT; source-backed and prototype-visible.
SLOT-5F3642C851,PRD-2E1A3E4B68,AIRWAY_STENT_SILICONE_STRAIGHT,Prototype candidate,Yes,Primary fit for AIRWAY_STENT_SILICONE_STRAIGHT; source-backed and prototype-visible.
SLOT-5F3642C851,PRD-3FF143180F,AIRWAY_STENT_SILICONE_STRAIGHT,Prototype candidate,Yes,Primary fit for AIRWAY_STENT_SILICONE_STRAIGHT; source-backed and prototype-visible.
SLOT-5F3642C851,PRD-48CBAB53FF,AIRWAY_STENT_SILICONE_STRAIGHT,Prototype candidate,Yes,Primary fit for AIRWAY_STENT_SILICONE_STRAIGHT; source-backed and prototype-visible.
SLOT-5F3642C851,PRD-48EEBAD727,AIRWAY_STENT_SILICONE_STRAIGHT,Prototype candidate,Yes,Primary fit for AIRWAY_STENT_SILICONE_STRAIGHT; source-backed and prototype-visible.
SLOT-5F3642C851,PRD-DBCBF4AF27,AIRWAY_STENT_SILICONE_STRAIGHT,Prototype candidate,Yes,Primary fit for AIRWAY_STENT_SILICONE_STRAIGHT; source-backed and prototype-visible.
SLOT-5F3642C851,PRD-C7B4627CB2,AIRWAY_STENT_SILICONE_STRAIGHT,Prototype candidate,Yes,Primary fit for AIRWAY_STENT_SILICONE_STRAIGHT; source-backed and prototype-visible.
SLOT-5F3642C851,PRD-4D5E28D425,AIRWAY_STENT_SILICONE_STRAIGHT,Prototype candidate,Yes,Primary fit for AIRWAY_STENT_SILICONE_STRAIGHT; source-backed and prototype-visible.
SLOT-5F3642C851,PRD-44A6CBF184,AIRWAY_STENT_SILICONE_STRAIGHT,Prototype candidate,Yes,Primary fit for AIRWAY_STENT_SILICONE_STRAIGHT; source-backed and prototype-visible.
SLOT-5F3642C851,PRD-FA325AD5F8,AIRWAY_STENT_SILICONE_STRAIGHT,Prototype candidate,Yes,Primary fit for AIRWAY_STENT_SILICONE_STRAIGHT; source-backed and prototype-visible.
SLOT-5F3642C851,PRD-87011FE827,AIRWAY_STENT_SILICONE_STRAIGHT,Prototype candidate,Yes,Primary fit for AIRWAY_STENT_SILICONE_STRAIGHT; source-backed and prototype-visible.
SLOT-5F3642C851,PRD-0D2C2802C8,AIRWAY_STENT_SILICONE_STRAIGHT,Prototype candidate,Yes,Primary fit for AIRWAY_STENT_SILICONE_STRAIGHT; source-backed and prototype-visible.
SLOT-5F3642C851,PRD-7359DC8555,AIRWAY_STENT_SILICONE_STRAIGHT,Prototype candidate,Yes,Primary fit for AIRWAY_STENT_SILICONE_STRAIGHT; source-backed and prototype-visible.
SLOT-5F3642C851,PRD-6BE691A444,AIRWAY_STENT_SILICONE_STRAIGHT,Prototype candidate,Yes,Primary fit for AIRWAY_STENT_SILICONE_STRAIGHT; source-backed and prototype-visible.
SLOT-5F3642C851,PRD-2C8EBB26DF,AIRWAY_STENT_SILICONE_STRAIGHT,Prototype candidate,Yes,Primary fit for AIRWAY_STENT_SILICONE_STRAIGHT; source-backed and prototype-visible.
SLOT-5F3642C851,PRD-26349CF364,AIRWAY_STENT_SILICONE_STRAIGHT,Prototype candidate,Yes,Primary fit for AIRWAY_STENT_SILICONE_STRAIGHT; source-backed and prototype-visible.
SLOT-5F3642C851,PRD-64B1BB919D,AIRWAY_STENT_SILICONE_STRAIGHT,Prototype candidate,Yes,Primary fit for AIRWAY_STENT_SILICONE_STRAIGHT; source-backed and prototype-visible.
SLOT-5F3642C851,PRD-32203FFD61,AIRWAY_STENT_SILICONE_STRAIGHT,Prototype candidate,Yes,Primary fit for AIRWAY_STENT_SILICONE_STRAIGHT; source-backed and prototype-visible.
SLOT-5F3642C851,PRD-6AE3D5D976,AIRWAY_STENT_SILICONE_STRAIGHT,Prototype candidate,Yes,Primary fit for AIRWAY_STENT_SILICONE_STRAIGHT; source-backed and prototype-visible.
SLOT-5F3642C851,PRD-44839F0522,AIRWAY_STENT_SILICONE_STRAIGHT,Prototype candidate,Yes,Primary fit for AIRWAY_STENT_SILICONE_STRAIGHT; source-backed and prototype-visible.
SLOT-5F3642C851,PRD-ACF77D4FD4,AIRWAY_STENT_SILICONE_STRAIGHT,Prototype candidate,Yes,Primary fit for AIRWAY_STENT_SILICONE_STRAIGHT; source-backed and prototype-visible.
SLOT-5F3642C851,PRD-F010140B5E,AIRWAY_STENT_SILICONE_STRAIGHT,Prototype candidate,Yes,Primary fit for AIRWAY_STENT_SILICONE_STRAIGHT; source-backed and prototype-visible.
SLOT-5F3642C851,PRD-08C3139357,AIRWAY_STENT_SILICONE_STRAIGHT,Prototype candidate,Yes,Primary fit for AIRWAY_STENT_SILICONE_STRAIGHT; source-backed and prototype-visible.
SLOT-5F3642C851,PRD-26A160D11E,AIRWAY_STENT_SILICONE_STRAIGHT,Prototype candidate,Yes,Primary fit for AIRWAY_STENT_SILICONE_STRAIGHT; source-backed and prototype-visible.
SLOT-5F3642C851,PRD-071D7736C1,AIRWAY_STENT_SILICONE_STRAIGHT,Prototype candidate,Yes,Primary fit for AIRWAY_STENT_SILICONE_STRAIGHT; source-backed and prototype-visible.
SLOT-5F3642C851,PRD-457AC85266,AIRWAY_STENT_SILICONE_STRAIGHT,Prototype candidate,Yes,Primary fit for AIRWAY_STENT_SILICONE_STRAIGHT; source-backed and prototype-visible.
SLOT-5F3642C851,PRD-9CE6425CE0,AIRWAY_STENT_SILICONE_STRAIGHT,Prototype candidate,Yes,Primary fit for AIRWAY_STENT_SILICONE_STRAIGHT; source-backed and prototype-visible.
SLOT-5F3642C851,PRD-863ABAE464,AIRWAY_STENT_SILICONE_STRAIGHT,Prototype candidate,Yes,Primary fit for AIRWAY_STENT_SILICONE_STRAIGHT; source-backed and prototype-visible.
SLOT-5F3642C851,PRD-65A15D079A,AIRWAY_STENT_SILICONE_STRAIGHT,Prototype candidate,Yes,Primary fit for AIRWAY_STENT_SILICONE_STRAIGHT; source-backed and prototype-visible.
SLOT-5F3642C851,PRD-5ACC570E45,AIRWAY_STENT_SILICONE_STRAIGHT,Prototype candidate,Yes,Primary fit for AIRWAY_STENT_SILICONE_STRAIGHT; source-backed and prototype-visible.
SLOT-5F3642C851,PRD-FD2FA688FB,AIRWAY_STENT_SILICONE_STRAIGHT,Prototype candidate,Yes,Primary fit for AIRWAY_STENT_SILICONE_STRAIGHT; source-backed and prototype-visible.
SLOT-5F3642C851,PRD-F527A8F44E,AIRWAY_STENT_SILICONE_STRAIGHT,Prototype candidate,Yes,Primary fit for AIRWAY_STENT_SILICONE_STRAIGHT; source-backed and prototype-visible.
SLOT-5F3642C851,PRD-102569C82C,AIRWAY_STENT_SILICONE_STRAIGHT,Prototype candidate,Yes,Primary fit for AIRWAY_STENT_SILICONE_STRAIGHT; source-backed and prototype-visible.
SLOT-D6B6FF156F,PRD-A5DD232514,AIRWAY_STENT_SILICONE_Y,Unverified candidate,No,Primary fit for AIRWAY_STENT_SILICONE_Y; Hidden until verified.
SLOT-D6B6FF156F,PRD-5C46BC7DA9,AIRWAY_STENT_SILICONE_Y,Unverified candidate,No,Primary fit for AIRWAY_STENT_SILICONE_Y; Hidden until verified.
SLOT-D6B6FF156F,PRD-E00759020E,AIRWAY_STENT_SILICONE_Y,Prototype candidate,Yes,Primary fit for AIRWAY_STENT_SILICONE_Y; source-backed and prototype-visible.
SLOT-D6B6FF156F,PRD-6A53041E10,AIRWAY_STENT_SILICONE_Y,Prototype candidate,Yes,Primary fit for AIRWAY_STENT_SILICONE_Y; source-backed and prototype-visible.
SLOT-D6B6FF156F,PRD-E9AD59995F,AIRWAY_STENT_SILICONE_Y,Prototype candidate,Yes,Primary fit for AIRWAY_STENT_SILICONE_Y; source-backed and prototype-visible.
SLOT-D6B6FF156F,PRD-7A1E356519,AIRWAY_STENT_SILICONE_Y,Prototype candidate,Yes,Primary fit for AIRWAY_STENT_SILICONE_Y; source-backed and prototype-visible.
SLOT-6A75E6D661,PRD-70B22ED90D,AIRWAY_STENT_SILICONE_HOURGLASS,Prototype candidate,Yes,Primary fit for AIRWAY_STENT_SILICONE_HOURGLASS; source-backed and prototype-visible.
SLOT-6A75E6D661,PRD-D630FEC072,AIRWAY_STENT_SILICONE_HOURGLASS,Prototype candidate,Yes,Primary fit for AIRWAY_STENT_SILICONE_HOURGLASS; source-backed and prototype-visible.
SLOT-6A75E6D661,PRD-32BD35D821,AIRWAY_STENT_SILICONE_HOURGLASS,Prototype candidate,Yes,Primary fit for AIRWAY_STENT_SILICONE_HOURGLASS; source-backed and prototype-visible.
SLOT-6A75E6D661,PRD-CB29EF7937,AIRWAY_STENT_SILICONE_HOURGLASS,Prototype candidate,Yes,Primary fit for AIRWAY_STENT_SILICONE_HOURGLASS; source-backed and prototype-visible.
SLOT-3FFB2D272E,PRD-BB11C206A4,STENT_APPLICATOR,Unverified candidate,No,Exact fit for STENT_APPLICATOR; Hidden - current U.S. status unverified.
SLOT-3FFB2D272E,PRD-2158C0F6D1,STENT_APPLICATOR,Unverified candidate,No,Exact fit for STENT_APPLICATOR; Hidden - current U.S. status unverified.
SLOT-3FFB2D272E,PRD-F00EF2568E,STENT_APPLICATOR,Unverified candidate,No,Exact fit for STENT_APPLICATOR; Hidden - current U.S. status unverified.
SLOT-3FFB2D272E,PRD-DADAA6184C,STENT_APPLICATOR,Unverified candidate,No,Exact fit for STENT_APPLICATOR; Hidden - current U.S. status unverified.
SLOT-3FFB2D272E,PRD-3BEF064A41,STENT_APPLICATOR,Prototype candidate,Yes,Primary fit for STENT_APPLICATOR; source-backed and prototype-visible.
SLOT-3FFB2D272E,PRD-F765071278,STENT_APPLICATOR,Prototype candidate,Yes,Primary fit for STENT_APPLICATOR; source-backed and prototype-visible.
SLOT-3FFB2D272E,PRD-B5E107E3AE,STENT_APPLICATOR,Prototype candidate,Yes,Primary fit for STENT_APPLICATOR; source-backed and prototype-visible.
SLOT-3FFB2D272E,PRD-0CD8E49B3D,STENT_APPLICATOR,Prototype candidate,Yes,Primary fit for STENT_APPLICATOR; source-backed and prototype-visible.
SLOT-99199F9B11,PRD-44704ED825,AIRWAY_STENT_SEMS_COVERED,Prototype candidate,Yes,Primary fit for AIRWAY_STENT_SEMS_COVERED; source-backed and prototype-visible.
SLOT-99199F9B11,PRD-63EDA47A7D,AIRWAY_STENT_SEMS_COVERED,Prototype candidate,Yes,Primary fit for AIRWAY_STENT_SEMS_COVERED; source-backed and prototype-visible.
SLOT-99199F9B11,PRD-237B24FE49,AIRWAY_STENT_SEMS_COVERED,Prototype candidate,Yes,Primary fit for AIRWAY_STENT_SEMS_COVERED; source-backed and prototype-visible.
SLOT-99199F9B11,PRD-633391A337,AIRWAY_STENT_SEMS_COVERED,Prototype candidate,Yes,Primary fit for AIRWAY_STENT_SEMS_COVERED; source-backed and prototype-visible.
SLOT-99199F9B11,PRD-05780FEDD7,AIRWAY_STENT_SEMS_COVERED,Prototype candidate,Yes,Primary fit for AIRWAY_STENT_SEMS_COVERED; source-backed and prototype-visible.
SLOT-99199F9B11,PRD-EB0DE6C03A,AIRWAY_STENT_SEMS_COVERED,Prototype candidate,Yes,Primary fit for AIRWAY_STENT_SEMS_COVERED; source-backed and prototype-visible.
SLOT-99199F9B11,PRD-071DA49031,AIRWAY_STENT_SEMS_COVERED,Prototype candidate,Yes,Primary fit for AIRWAY_STENT_SEMS_COVERED; source-backed and prototype-visible.
SLOT-99199F9B11,PRD-3D8AEACE11,AIRWAY_STENT_SEMS_COVERED,Prototype candidate,Yes,Primary fit for AIRWAY_STENT_SEMS_COVERED; source-backed and prototype-visible.
SLOT-99199F9B11,PRD-3296D18171,AIRWAY_STENT_SEMS_COVERED,Prototype candidate,Yes,Primary fit for AIRWAY_STENT_SEMS_COVERED; source-backed and prototype-visible.
SLOT-99199F9B11,PRD-3402724B0E,AIRWAY_STENT_SEMS_COVERED,Prototype candidate,Yes,Primary fit for AIRWAY_STENT_SEMS_COVERED; source-backed and prototype-visible.
SLOT-99199F9B11,PRD-91F4E30038,AIRWAY_STENT_SEMS_COVERED,Prototype candidate,Yes,Primary fit for AIRWAY_STENT_SEMS_COVERED; source-backed and prototype-visible.
SLOT-99199F9B11,PRD-BB4B62BE1F,AIRWAY_STENT_SEMS_COVERED,Prototype candidate,Yes,Primary fit for AIRWAY_STENT_SEMS_COVERED; source-backed and prototype-visible.
SLOT-99199F9B11,PRD-B53F0F16C8,AIRWAY_STENT_SEMS_COVERED,Prototype candidate,Yes,Primary fit for AIRWAY_STENT_SEMS_COVERED; source-backed and prototype-visible.
SLOT-99199F9B11,PRD-CBA9A6E9B4,AIRWAY_STENT_SEMS_COVERED,Prototype candidate,Yes,Primary fit for AIRWAY_STENT_SEMS_COVERED; source-backed and prototype-visible.
SLOT-99199F9B11,PRD-A5D3D731DC,AIRWAY_STENT_SEMS_COVERED,Prototype candidate,Yes,Primary fit for AIRWAY_STENT_SEMS_COVERED; source-backed and prototype-visible.
SLOT-99199F9B11,PRD-AF70FFC15E,AIRWAY_STENT_SEMS_COVERED,Prototype candidate,Yes,Primary fit for AIRWAY_STENT_SEMS_COVERED; source-backed and prototype-visible.
SLOT-99199F9B11,PRD-C1653676C1,AIRWAY_STENT_SEMS_COVERED,Prototype candidate,Yes,Primary fit for AIRWAY_STENT_SEMS_COVERED; source-backed and prototype-visible.
SLOT-99199F9B11,PRD-948F3069B3,AIRWAY_STENT_SEMS_COVERED,Prototype candidate,Yes,Primary fit for AIRWAY_STENT_SEMS_COVERED; source-backed and prototype-visible.
SLOT-99199F9B11,PRD-BA677F5907,AIRWAY_STENT_SEMS_COVERED,Prototype candidate,Yes,Primary fit for AIRWAY_STENT_SEMS_COVERED; source-backed and prototype-visible.
SLOT-99199F9B11,PRD-6488B1F637,AIRWAY_STENT_SEMS_COVERED,Prototype candidate,Yes,Primary fit for AIRWAY_STENT_SEMS_COVERED; source-backed and prototype-visible.
SLOT-99199F9B11,PRD-23E592FF23,AIRWAY_STENT_SEMS_COVERED,Prototype candidate,Yes,Primary fit for AIRWAY_STENT_SEMS_COVERED; source-backed and prototype-visible.
SLOT-99199F9B11,PRD-58DB5E4909,AIRWAY_STENT_SEMS_COVERED,Prototype candidate,Yes,Primary fit for AIRWAY_STENT_SEMS_COVERED; source-backed and prototype-visible.
SLOT-99199F9B11,PRD-2A67871443,AIRWAY_STENT_SEMS_COVERED,Prototype candidate,Yes,Primary fit for AIRWAY_STENT_SEMS_COVERED; source-backed and prototype-visible.
SLOT-99199F9B11,PRD-8E2214C53F,AIRWAY_STENT_SEMS_COVERED,Prototype candidate,Yes,Primary fit for AIRWAY_STENT_SEMS_COVERED; source-backed and prototype-visible.
SLOT-99199F9B11,PRD-C65DDE0FEC,AIRWAY_STENT_SEMS_COVERED,Prototype candidate,Yes,Primary fit for AIRWAY_STENT_SEMS_COVERED; source-backed and prototype-visible.
SLOT-99199F9B11,PRD-EC1BF76FBC,AIRWAY_STENT_SEMS_COVERED,Prototype candidate,Yes,Primary fit for AIRWAY_STENT_SEMS_COVERED; source-backed and prototype-visible.
SLOT-99199F9B11,PRD-2E03B33575,AIRWAY_STENT_SEMS_COVERED,Prototype candidate,Yes,Primary fit for AIRWAY_STENT_SEMS_COVERED; source-backed and prototype-visible.
SLOT-99199F9B11,PRD-29E6B2C2D0,AIRWAY_STENT_SEMS_COVERED,Prototype candidate,Yes,Primary fit for AIRWAY_STENT_SEMS_COVERED; source-backed and prototype-visible.
SLOT-99199F9B11,PRD-BD9FC1E209,AIRWAY_STENT_SEMS_COVERED,Prototype candidate,Yes,Primary fit for AIRWAY_STENT_SEMS_COVERED; source-backed and prototype-visible.
SLOT-99199F9B11,PRD-C37147C7D7,AIRWAY_STENT_SEMS_COVERED,Prototype candidate,Yes,Primary fit for AIRWAY_STENT_SEMS_COVERED; source-backed and prototype-visible.
SLOT-99199F9B11,PRD-0EF1C15F6B,AIRWAY_STENT_SEMS_COVERED,Prototype candidate,Yes,Primary fit for AIRWAY_STENT_SEMS_COVERED; source-backed and prototype-visible.
SLOT-99199F9B11,PRD-FA59BE320F,AIRWAY_STENT_SEMS_COVERED,Prototype candidate,Yes,Primary fit for AIRWAY_STENT_SEMS_COVERED; source-backed and prototype-visible.
SLOT-99199F9B11,PRD-BDE6A1058E,AIRWAY_STENT_SEMS_COVERED,Prototype candidate,Yes,Primary fit for AIRWAY_STENT_SEMS_COVERED; source-backed and prototype-visible.
SLOT-99199F9B11,PRD-438D71C59C,AIRWAY_STENT_SEMS_COVERED,Prototype candidate,Yes,Primary fit for AIRWAY_STENT_SEMS_COVERED; source-backed and prototype-visible.
SLOT-99199F9B11,PRD-7389E0BD35,AIRWAY_STENT_SEMS_COVERED,Prototype candidate,Yes,Primary fit for AIRWAY_STENT_SEMS_COVERED; source-backed and prototype-visible.
SLOT-99199F9B11,PRD-BAC7605565,AIRWAY_STENT_SEMS_COVERED,Prototype candidate,Yes,Primary fit for AIRWAY_STENT_SEMS_COVERED; source-backed and prototype-visible.
SLOT-99199F9B11,PRD-BFE5B739F0,AIRWAY_STENT_SEMS_COVERED,Prototype candidate,Yes,Exact fit for AIRWAY_STENT_SEMS_COVERED; source-backed and prototype-visible.
SLOT-99199F9B11,PRD-8B87F7D42B,AIRWAY_STENT_SEMS_COVERED,Prototype candidate,Yes,Exact fit for AIRWAY_STENT_SEMS_COVERED; source-backed and prototype-visible.
SLOT-99199F9B11,PRD-2EE09F18D7,AIRWAY_STENT_SEMS_COVERED,Prototype candidate,Yes,Exact fit for AIRWAY_STENT_SEMS_COVERED; source-backed and prototype-visible.
SLOT-99199F9B11,PRD-65629D3931,AIRWAY_STENT_SEMS_COVERED,Prototype candidate,Yes,Exact fit for AIRWAY_STENT_SEMS_COVERED; source-backed and prototype-visible.
SLOT-99199F9B11,PRD-3C2043D9ED,AIRWAY_STENT_SEMS_COVERED,Prototype candidate,Yes,Exact fit for AIRWAY_STENT_SEMS_COVERED; source-backed and prototype-visible.
SLOT-99199F9B11,PRD-6407CF16C1,AIRWAY_STENT_SEMS_COVERED,Prototype candidate,Yes,Exact fit for AIRWAY_STENT_SEMS_COVERED; source-backed and prototype-visible.
SLOT-99199F9B11,PRD-04F9EBA54C,AIRWAY_STENT_SEMS_COVERED,Prototype candidate,Yes,Exact fit for AIRWAY_STENT_SEMS_COVERED; source-backed and prototype-visible.
SLOT-99199F9B11,PRD-71B93D1EA0,AIRWAY_STENT_SEMS_COVERED,Prototype candidate,Yes,Exact fit for AIRWAY_STENT_SEMS_COVERED; source-backed and prototype-visible.
SLOT-99199F9B11,PRD-534A17E0C9,AIRWAY_STENT_SEMS_COVERED,Prototype candidate,Yes,Exact fit for AIRWAY_STENT_SEMS_COVERED; source-backed and prototype-visible.
SLOT-99199F9B11,PRD-F32CE903FF,AIRWAY_STENT_SEMS_COVERED,Prototype candidate,Yes,Exact fit for AIRWAY_STENT_SEMS_COVERED; source-backed and prototype-visible.
SLOT-99199F9B11,PRD-41BE0FC18C,AIRWAY_STENT_SEMS_COVERED,Prototype candidate,Yes,Exact fit for AIRWAY_STENT_SEMS_COVERED; source-backed and prototype-visible.
SLOT-99199F9B11,PRD-9C399CB432,AIRWAY_STENT_SEMS_COVERED,Prototype candidate,Yes,Exact fit for AIRWAY_STENT_SEMS_COVERED; source-backed and prototype-visible.
SLOT-99199F9B11,PRD-941D1C2633,AIRWAY_STENT_SEMS_COVERED,Prototype candidate,Yes,Exact fit for AIRWAY_STENT_SEMS_COVERED; source-backed and prototype-visible.
SLOT-99199F9B11,PRD-F227995333,AIRWAY_STENT_SEMS_COVERED,Prototype candidate,Yes,Exact fit for AIRWAY_STENT_SEMS_COVERED; source-backed and prototype-visible.
SLOT-99199F9B11,PRD-DA836B059E,AIRWAY_STENT_SEMS_COVERED,Prototype candidate,Yes,Exact fit for AIRWAY_STENT_SEMS_COVERED; source-backed and prototype-visible.
SLOT-99199F9B11,PRD-86009D6403,AIRWAY_STENT_SEMS_COVERED,Prototype candidate,Yes,Exact fit for AIRWAY_STENT_SEMS_COVERED; source-backed and prototype-visible.
SLOT-99199F9B11,PRD-D09AAAFB72,AIRWAY_STENT_SEMS_COVERED,Prototype candidate,Yes,Exact fit for AIRWAY_STENT_SEMS_COVERED; source-backed and prototype-visible.
SLOT-99199F9B11,PRD-6556097624,AIRWAY_STENT_SEMS_COVERED,Prototype candidate,Yes,Exact fit for AIRWAY_STENT_SEMS_COVERED; source-backed and prototype-visible.
SLOT-99199F9B11,PRD-99532BAC7D,AIRWAY_STENT_SEMS_COVERED,Prototype candidate,Yes,Exact fit for AIRWAY_STENT_SEMS_COVERED; source-backed and prototype-visible.
SLOT-99199F9B11,PRD-A8D6EE3E6F,AIRWAY_STENT_SEMS_COVERED,Prototype candidate,Yes,Exact fit for AIRWAY_STENT_SEMS_COVERED; source-backed and prototype-visible.
SLOT-99199F9B11,PRD-ECDF9A7AFB,AIRWAY_STENT_SEMS_COVERED,Prototype candidate,Yes,Exact fit for AIRWAY_STENT_SEMS_COVERED; source-backed and prototype-visible.
SLOT-99199F9B11,PRD-88100A4D7B,AIRWAY_STENT_SEMS_COVERED,Prototype candidate,Yes,Exact fit for AIRWAY_STENT_SEMS_COVERED; source-backed and prototype-visible.
SLOT-99199F9B11,PRD-DB10C3EACC,AIRWAY_STENT_SEMS_COVERED,Prototype candidate,Yes,Exact fit for AIRWAY_STENT_SEMS_COVERED; source-backed and prototype-visible.
SLOT-99199F9B11,PRD-57D0D10F0F,AIRWAY_STENT_SEMS_COVERED,Prototype candidate,Yes,Exact fit for AIRWAY_STENT_SEMS_COVERED; source-backed and prototype-visible.
SLOT-99199F9B11,PRD-ED3B1867AC,AIRWAY_STENT_SEMS_COVERED,Prototype candidate,Yes,Exact fit for AIRWAY_STENT_SEMS_COVERED; source-backed and prototype-visible.
SLOT-99199F9B11,PRD-55F29BC1F9,AIRWAY_STENT_SEMS_COVERED,Prototype candidate,Yes,Exact fit for AIRWAY_STENT_SEMS_COVERED; source-backed and prototype-visible.
SLOT-99199F9B11,PRD-A5971F1DE3,AIRWAY_STENT_SEMS_COVERED,Unverified candidate,No,Primary fit for AIRWAY_STENT_SEMS_COVERED; Hidden - current U.S. status unverified.
SLOT-99199F9B11,PRD-E0A45CB3A7,AIRWAY_STENT_SEMS_COVERED,Unverified candidate,No,Primary fit for AIRWAY_STENT_SEMS_COVERED; Hidden - current U.S. status unverified.
SLOT-99199F9B11,PRD-B20E716435,AIRWAY_STENT_SEMS_COVERED,Unverified candidate,No,Primary fit for AIRWAY_STENT_SEMS_COVERED; Hidden - current U.S. status unverified.
SLOT-99199F9B11,PRD-3A6898898E,AIRWAY_STENT_SEMS_COVERED,Unverified candidate,No,Primary fit for AIRWAY_STENT_SEMS_COVERED; Hidden - current U.S. status unverified.
SLOT-99199F9B11,PRD-F7981773F7,AIRWAY_STENT_SEMS_COVERED,Unverified candidate,No,Primary fit for AIRWAY_STENT_SEMS_COVERED; Hidden - current U.S. status unverified.
SLOT-99199F9B11,PRD-112FA15A7C,AIRWAY_STENT_SEMS_COVERED,Unverified candidate,No,Primary fit for AIRWAY_STENT_SEMS_COVERED; Hidden - current U.S. status unverified.
SLOT-99199F9B11,PRD-369E8F396B,AIRWAY_STENT_SEMS_COVERED,Unverified candidate,No,Primary fit for AIRWAY_STENT_SEMS_COVERED; Hidden - current U.S. status unverified.
SLOT-99199F9B11,PRD-2644946D4C,AIRWAY_STENT_SEMS_COVERED,Unverified candidate,No,Primary fit for AIRWAY_STENT_SEMS_COVERED; Hidden - current U.S. status unverified.
SLOT-99199F9B11,PRD-70A8B88A8D,AIRWAY_STENT_SEMS_COVERED,Unverified candidate,No,Primary fit for AIRWAY_STENT_SEMS_COVERED; Hidden - current U.S. status unverified.
SLOT-99199F9B11,PRD-8A6658D379,AIRWAY_STENT_SEMS_COVERED,Unverified candidate,No,Primary fit for AIRWAY_STENT_SEMS_COVERED; Hidden - current U.S. status unverified.
SLOT-99199F9B11,PRD-063913C3C0,AIRWAY_STENT_SEMS_COVERED,Unverified candidate,No,Primary fit for AIRWAY_STENT_SEMS_COVERED; Hidden - current U.S. status unverified.
SLOT-99199F9B11,PRD-7A4AE2E955,AIRWAY_STENT_SEMS_COVERED,Unverified candidate,No,Primary fit for AIRWAY_STENT_SEMS_COVERED; Hidden - current U.S. status unverified.
SLOT-99199F9B11,PRD-87E491F131,AIRWAY_STENT_SEMS_COVERED,Unverified candidate,No,Primary fit for AIRWAY_STENT_SEMS_COVERED; Hidden - current U.S. status unverified.
SLOT-99199F9B11,PRD-CD315440D5,AIRWAY_STENT_SEMS_COVERED,Unverified candidate,No,Primary fit for AIRWAY_STENT_SEMS_COVERED; Hidden - current U.S. status unverified.
SLOT-99199F9B11,PRD-BF31F89558,AIRWAY_STENT_SEMS_COVERED,Unverified candidate,No,Primary fit for AIRWAY_STENT_SEMS_COVERED; Hidden - current U.S. status unverified.
SLOT-99199F9B11,PRD-BBEB73374B,AIRWAY_STENT_SEMS_COVERED,Unverified candidate,No,Primary fit for AIRWAY_STENT_SEMS_COVERED; Hidden - current U.S. status unverified.
SLOT-99199F9B11,PRD-D92BDB1551,AIRWAY_STENT_SEMS_COVERED,Unverified candidate,No,Primary fit for AIRWAY_STENT_SEMS_COVERED; Hidden - current U.S. status unverified.
SLOT-99199F9B11,PRD-84F7ABC615,AIRWAY_STENT_SEMS_COVERED,Unverified candidate,No,Primary fit for AIRWAY_STENT_SEMS_COVERED; Hidden - current U.S. status unverified.
SLOT-99199F9B11,PRD-148F8BC5BA,AIRWAY_STENT_SEMS_COVERED,Unverified candidate,No,Primary fit for AIRWAY_STENT_SEMS_COVERED; Hidden until verified.
SLOT-99199F9B11,PRD-DF0AB82B2D,AIRWAY_STENT_SEMS_COVERED,Unverified candidate,No,Primary fit for AIRWAY_STENT_SEMS_COVERED; Hidden until verified.
SLOT-99199F9B11,PRD-82CCE45D12,AIRWAY_STENT_SEMS_COVERED,Unverified candidate,No,Primary fit for AIRWAY_STENT_SEMS_COVERED; Hidden until verified.
SLOT-99199F9B11,PRD-2D588804C5,AIRWAY_STENT_SEMS_COVERED,Unverified candidate,No,Primary fit for AIRWAY_STENT_SEMS_COVERED; Hidden until verified.
SLOT-99199F9B11,PRD-1A0C09927F,AIRWAY_STENT_SEMS_COVERED,Prototype candidate,Yes,Primary fit for AIRWAY_STENT_SEMS_COVERED; source-backed and prototype-visible.
SLOT-99199F9B11,PRD-0D187D741A,AIRWAY_STENT_SEMS_COVERED,Prototype candidate,Yes,Primary fit for AIRWAY_STENT_SEMS_COVERED; source-backed and prototype-visible.
SLOT-99199F9B11,PRD-5D09EFABDD,AIRWAY_STENT_SEMS_COVERED,Prototype candidate,Yes,Primary fit for AIRWAY_STENT_SEMS_COVERED; source-backed and prototype-visible.
SLOT-99199F9B11,PRD-61B1C43B5C,AIRWAY_STENT_SEMS_COVERED,Prototype candidate,Yes,Primary fit for AIRWAY_STENT_SEMS_COVERED; source-backed and prototype-visible.
SLOT-99199F9B11,PRD-71D6D8E081,AIRWAY_STENT_SEMS_COVERED,Prototype candidate,Yes,Primary fit for AIRWAY_STENT_SEMS_COVERED; source-backed and prototype-visible.
SLOT-99199F9B11,PRD-F5CEB7234A,AIRWAY_STENT_SEMS_COVERED,Prototype candidate,Yes,Primary fit for AIRWAY_STENT_SEMS_COVERED; source-backed and prototype-visible.
SLOT-99199F9B11,PRD-89BCEE2895,AIRWAY_STENT_SEMS_COVERED,Prototype candidate,Yes,Primary fit for AIRWAY_STENT_SEMS_COVERED; source-backed and prototype-visible.
SLOT-99199F9B11,PRD-6124E1A326,AIRWAY_STENT_SEMS_COVERED,Prototype candidate,Yes,Primary fit for AIRWAY_STENT_SEMS_COVERED; source-backed and prototype-visible.
SLOT-99199F9B11,PRD-21832A5DCA,AIRWAY_STENT_SEMS_COVERED,Prototype candidate,Yes,Primary fit for AIRWAY_STENT_SEMS_COVERED; source-backed and prototype-visible.
SLOT-99199F9B11,PRD-6D8A97CC06,AIRWAY_STENT_SEMS_COVERED,Prototype candidate,Yes,Primary fit for AIRWAY_STENT_SEMS_COVERED; source-backed and prototype-visible.
SLOT-99199F9B11,PRD-ACA2322DB2,AIRWAY_STENT_SEMS_COVERED,Prototype candidate,Yes,Primary fit for AIRWAY_STENT_SEMS_COVERED; source-backed and prototype-visible.
SLOT-99199F9B11,PRD-AAFEA61B28,AIRWAY_STENT_SEMS_COVERED,Prototype candidate,Yes,Primary fit for AIRWAY_STENT_SEMS_COVERED; source-backed and prototype-visible.
SLOT-99199F9B11,PRD-F9EB14C69E,AIRWAY_STENT_SEMS_COVERED,Prototype candidate,Yes,Primary fit for AIRWAY_STENT_SEMS_COVERED; source-backed and prototype-visible.
SLOT-99199F9B11,PRD-98610CE8EB,AIRWAY_STENT_SEMS_COVERED,Prototype candidate,Yes,Primary fit for AIRWAY_STENT_SEMS_COVERED; source-backed and prototype-visible.
SLOT-99199F9B11,PRD-D5A436E755,AIRWAY_STENT_SEMS_COVERED,Prototype candidate,Yes,Primary fit for AIRWAY_STENT_SEMS_COVERED; source-backed and prototype-visible.
SLOT-99199F9B11,PRD-0FC4F02CEE,AIRWAY_STENT_SEMS_COVERED,Prototype candidate,Yes,Primary fit for AIRWAY_STENT_SEMS_COVERED; source-backed and prototype-visible.
SLOT-99199F9B11,PRD-900AA8F053,AIRWAY_STENT_SEMS_COVERED,Prototype candidate,Yes,Primary fit for AIRWAY_STENT_SEMS_COVERED; source-backed and prototype-visible.
SLOT-99199F9B11,PRD-B07610EC95,AIRWAY_STENT_SEMS_COVERED,Prototype candidate,Yes,Primary fit for AIRWAY_STENT_SEMS_COVERED; source-backed and prototype-visible.
SLOT-99199F9B11,PRD-D29CE0D10F,AIRWAY_STENT_SEMS_COVERED,Prototype candidate,Yes,Primary fit for AIRWAY_STENT_SEMS_COVERED; source-backed and prototype-visible.
SLOT-99199F9B11,PRD-6EFB8B3386,AIRWAY_STENT_SEMS_COVERED,Unverified candidate,No,Primary fit for AIRWAY_STENT_SEMS_COVERED; Hidden until verified.
SLOT-99199F9B11,PRD-733F2370BA,AIRWAY_STENT_SEMS_COVERED,Unverified candidate,No,Primary fit for AIRWAY_STENT_SEMS_COVERED; Hidden until verified.
SLOT-99199F9B11,PRD-138ECF4319,AIRWAY_STENT_SEMS_COVERED,Unverified candidate,No,Primary fit for AIRWAY_STENT_SEMS_COVERED; Hidden until verified.
SLOT-99199F9B11,PRD-CBD72081E8,AIRWAY_STENT_SEMS_COVERED,Unverified candidate,No,Primary fit for AIRWAY_STENT_SEMS_COVERED; Hidden until verified.
SLOT-99199F9B11,PRD-FBE99854E1,AIRWAY_STENT_SEMS_COVERED,Unverified candidate,No,Primary fit for AIRWAY_STENT_SEMS_COVERED; Hidden until verified.
SLOT-99199F9B11,PRD-7ACC124BE1,AIRWAY_STENT_SEMS_COVERED,Unverified candidate,No,Primary fit for AIRWAY_STENT_SEMS_COVERED; Hidden until verified.
SLOT-99199F9B11,PRD-A0DF0074DB,AIRWAY_STENT_SEMS_COVERED,Unverified candidate,No,Primary fit for AIRWAY_STENT_SEMS_COVERED; Hidden until verified.
SLOT-99199F9B11,PRD-7AA19EC9FD,AIRWAY_STENT_SEMS_COVERED,Unverified candidate,No,Primary fit for AIRWAY_STENT_SEMS_COVERED; Hidden until verified.
SLOT-99199F9B11,PRD-6DB8E6BC3D,AIRWAY_STENT_SEMS_COVERED,Unverified candidate,No,Primary fit for AIRWAY_STENT_SEMS_COVERED; Hidden until verified.
SLOT-99199F9B11,PRD-BBBE3C6465,AIRWAY_STENT_SEMS_COVERED,Unverified candidate,No,Primary fit for AIRWAY_STENT_SEMS_COVERED; Hidden until verified.
SLOT-99199F9B11,PRD-D2C6029A70,AIRWAY_STENT_SEMS_COVERED,Unverified candidate,No,Primary fit for AIRWAY_STENT_SEMS_COVERED; Hidden until verified.
SLOT-99199F9B11,PRD-6F74CF87DF,AIRWAY_STENT_SEMS_COVERED,Unverified candidate,No,Primary fit for AIRWAY_STENT_SEMS_COVERED; Hidden until verified.
SLOT-99199F9B11,PRD-908A7EB205,AIRWAY_STENT_SEMS_COVERED,Unverified candidate,No,Primary fit for AIRWAY_STENT_SEMS_COVERED; Hidden until verified.
SLOT-99199F9B11,PRD-7EE559B95F,AIRWAY_STENT_SEMS_COVERED,Unverified candidate,No,Primary fit for AIRWAY_STENT_SEMS_COVERED; Hidden until verified.
SLOT-99199F9B11,PRD-81325BA145,AIRWAY_STENT_SEMS_COVERED,Unverified candidate,No,Primary fit for AIRWAY_STENT_SEMS_COVERED; Hidden until verified.
SLOT-99199F9B11,PRD-0C3327D71D,AIRWAY_STENT_SEMS_COVERED,Unverified candidate,No,Primary fit for AIRWAY_STENT_SEMS_COVERED; Hidden until verified.
SLOT-99199F9B11,PRD-0581A0B7D2,AIRWAY_STENT_SEMS_COVERED,Unverified candidate,No,Primary fit for AIRWAY_STENT_SEMS_COVERED; Hidden until verified.
SLOT-99199F9B11,PRD-EF96863018,AIRWAY_STENT_SEMS_COVERED,Unverified candidate,No,Primary fit for AIRWAY_STENT_SEMS_COVERED; Hidden until verified.
SLOT-99199F9B11,PRD-5255AADD2C,AIRWAY_STENT_SEMS_COVERED,Unverified candidate,No,Primary fit for AIRWAY_STENT_SEMS_COVERED; Hidden until verified.
SLOT-99199F9B11,PRD-2CEB73CB15,AIRWAY_STENT_SEMS_COVERED,Unverified candidate,No,Primary fit for AIRWAY_STENT_SEMS_COVERED; Hidden until verified.
SLOT-99199F9B11,PRD-9BBDA8D7D6,AIRWAY_STENT_SEMS_COVERED,Unverified candidate,No,Primary fit for AIRWAY_STENT_SEMS_COVERED; Hidden until verified.
SLOT-99199F9B11,PRD-F980B28A34,AIRWAY_STENT_SEMS_COVERED,Unverified candidate,No,Primary fit for AIRWAY_STENT_SEMS_COVERED; Hidden until verified.
SLOT-99199F9B11,PRD-8C9CE98C9B,AIRWAY_STENT_SEMS_COVERED,Unverified candidate,No,Primary fit for AIRWAY_STENT_SEMS_COVERED; Hidden until verified.
SLOT-99199F9B11,PRD-13EE4FE542,AIRWAY_STENT_SEMS_COVERED,Unverified candidate,No,Primary fit for AIRWAY_STENT_SEMS_COVERED; Hidden until verified.
SLOT-99199F9B11,PRD-DF6218682C,AIRWAY_STENT_SEMS_COVERED,Unverified candidate,No,Primary fit for AIRWAY_STENT_SEMS_COVERED; Hidden until verified.
SLOT-99199F9B11,PRD-03B374F7B8,AIRWAY_STENT_SEMS_COVERED,Unverified candidate,No,Primary fit for AIRWAY_STENT_SEMS_COVERED; Hidden until verified.
SLOT-99199F9B11,PRD-EFB3CF2E71,AIRWAY_STENT_SEMS_COVERED,Unverified candidate,No,Primary fit for AIRWAY_STENT_SEMS_COVERED; Hidden until verified.
SLOT-99199F9B11,PRD-470EA6C7BA,AIRWAY_STENT_SEMS_COVERED,Unverified candidate,No,Primary fit for AIRWAY_STENT_SEMS_COVERED; Hidden until verified.
SLOT-99199F9B11,PRD-4AECEED0C8,AIRWAY_STENT_SEMS_COVERED,Unverified candidate,No,Primary fit for AIRWAY_STENT_SEMS_COVERED; Hidden until verified.
SLOT-99199F9B11,PRD-56932BDE51,AIRWAY_STENT_SEMS_COVERED,Unverified candidate,No,Primary fit for AIRWAY_STENT_SEMS_COVERED; Hidden until verified.
SLOT-99199F9B11,PRD-D968D7AB8E,AIRWAY_STENT_SEMS_COVERED,Unverified candidate,No,Primary fit for AIRWAY_STENT_SEMS_COVERED; Hidden until verified.
SLOT-99199F9B11,PRD-6BC9B48573,AIRWAY_STENT_SEMS_COVERED,Unverified candidate,No,Primary fit for AIRWAY_STENT_SEMS_COVERED; Hidden until verified.
SLOT-99199F9B11,PRD-95C0E7E548,AIRWAY_STENT_SEMS_COVERED,Unverified candidate,No,Primary fit for AIRWAY_STENT_SEMS_COVERED; Hidden until verified.
SLOT-99199F9B11,PRD-34598AB94A,AIRWAY_STENT_SEMS_COVERED,Unverified candidate,No,Primary fit for AIRWAY_STENT_SEMS_COVERED; Hidden until verified.
SLOT-99199F9B11,PRD-9C53328A79,AIRWAY_STENT_SEMS_COVERED,Unverified candidate,No,Primary fit for AIRWAY_STENT_SEMS_COVERED; Hidden until verified.
SLOT-99199F9B11,PRD-9DCC51E06A,AIRWAY_STENT_SEMS_COVERED,Unverified candidate,No,Primary fit for AIRWAY_STENT_SEMS_COVERED; Hidden until verified.
SLOT-99199F9B11,PRD-963930CE88,AIRWAY_STENT_SEMS_COVERED,Unverified candidate,No,Primary fit for AIRWAY_STENT_SEMS_COVERED; Hidden until verified.
SLOT-99199F9B11,PRD-9BAC333008,AIRWAY_STENT_SEMS_COVERED,Unverified candidate,No,Primary fit for AIRWAY_STENT_SEMS_COVERED; Hidden until verified.
SLOT-99199F9B11,PRD-78354BF30F,AIRWAY_STENT_SEMS_COVERED,Unverified candidate,No,Primary fit for AIRWAY_STENT_SEMS_COVERED; Hidden until verified.
SLOT-140B672D52,PRD-9844E2B578,FOREIGN_BODY_FORCEPS_FLEX,Prototype candidate,Yes,Primary fit for FOREIGN_BODY_FORCEPS_FLEX; source-backed and prototype-visible.
SLOT-140B672D52,PRD-D630438171,FOREIGN_BODY_FORCEPS_FLEX,Prototype candidate,Yes,Primary fit for FOREIGN_BODY_FORCEPS_FLEX; source-backed and prototype-visible.
SLOT-140B672D52,PRD-2677F0C69F,FOREIGN_BODY_FORCEPS_FLEX,Prototype candidate,Yes,Primary fit for FOREIGN_BODY_FORCEPS_FLEX; source-backed and prototype-visible.
SLOT-140B672D52,PRD-D5A6823E45,FOREIGN_BODY_FORCEPS_FLEX,Prototype candidate,Yes,Primary fit for FOREIGN_BODY_FORCEPS_FLEX; source-backed and prototype-visible.
SLOT-140B672D52,PRD-C88B1CD284,FOREIGN_BODY_FORCEPS_FLEX,Prototype candidate,Yes,Primary fit for FOREIGN_BODY_FORCEPS_FLEX; source-backed and prototype-visible.
SLOT-140B672D52,PRD-9C633556C2,FOREIGN_BODY_FORCEPS_FLEX,Prototype candidate,Yes,Primary fit for FOREIGN_BODY_FORCEPS_FLEX; source-backed and prototype-visible.
SLOT-140B672D52,PRD-BEB189750B,FOREIGN_BODY_FORCEPS_FLEX,Prototype candidate,Yes,Primary fit for FOREIGN_BODY_FORCEPS_FLEX; source-backed and prototype-visible.
SLOT-140B672D52,PRD-0F30F277C1,FOREIGN_BODY_FORCEPS_FLEX,Unverified candidate,No,Exact fit for FOREIGN_BODY_FORCEPS_FLEX; Hidden - current U.S. status unverified.
SLOT-18617846CD,PRD-D76C39F2B7,APC_APPLICATOR_RIGID,Unverified candidate,No,Primary fit for APC_APPLICATOR_RIGID; Hidden - non-U.S. catalog / U.S. status unverified.
SLOT-18617846CD,PRD-8C5BA93DCA,APC_APPLICATOR_RIGID,Unverified candidate,No,Primary fit for APC_APPLICATOR_RIGID; Hidden - non-U.S. catalog / U.S. status unverified.
SLOT-18617846CD,PRD-1708F37D2C,APC_APPLICATOR_RIGID,Unverified candidate,No,Primary fit for APC_APPLICATOR_RIGID; Hidden - non-U.S. catalog / U.S. status unverified.
SLOT-18617846CD,PRD-D7F9A3A5D0,APC_APPLICATOR_RIGID,Unverified candidate,No,Primary fit for APC_APPLICATOR_RIGID; Hidden - non-U.S. catalog / U.S. status unverified.
SLOT-18617846CD,PRD-2218769436,APC_APPLICATOR_RIGID,Unverified candidate,No,Primary fit for APC_APPLICATOR_RIGID; Hidden - non-U.S. catalog / U.S. status unverified.
SLOT-18617846CD,PRD-D9A63C6C45,APC_APPLICATOR_RIGID,Unverified candidate,No,Primary fit for APC_APPLICATOR_RIGID; Hidden - non-U.S. catalog / U.S. status unverified.
SLOT-18617846CD,PRD-A83D0CAAC1,APC_APPLICATOR_RIGID,Unverified candidate,No,Primary fit for APC_APPLICATOR_RIGID; Hidden - non-U.S. catalog / U.S. status unverified.
SLOT-18617846CD,PRD-DC7D6310BB,APC_APPLICATOR_RIGID,Unverified candidate,No,Primary fit for APC_APPLICATOR_RIGID; Hidden - non-U.S. catalog / U.S. status unverified.
SLOT-8AA6269352,PRD-456C006CCE,ENERGY_CABLE_ADAPTER,Unverified candidate,No,Primary fit for ENERGY_CABLE_ADAPTER; Hidden - non-U.S. catalog / U.S. status unverified.
SLOT-8AA6269352,PRD-9349B7D1F6,ENERGY_CABLE_ADAPTER,Unverified candidate,No,Primary fit for ENERGY_CABLE_ADAPTER; Hidden - non-U.S. catalog / U.S. status unverified.
SLOT-8AA6269352,PRD-7A53694B65,ENERGY_CABLE_ADAPTER,Unverified candidate,No,Primary fit for ENERGY_CABLE_ADAPTER; Hidden - non-U.S. catalog / U.S. status unverified.
SLOT-8AA6269352,PRD-63E9945A0A,ENERGY_CABLE_ADAPTER,Unverified candidate,No,Primary fit for ENERGY_CABLE_ADAPTER; Hidden - non-U.S. catalog / U.S. status unverified.
SLOT-8AA6269352,PRD-EC8FB40FB0,ENERGY_CABLE_ADAPTER,Unverified candidate,No,Primary fit for ENERGY_CABLE_ADAPTER; Hidden - non-U.S. catalog / U.S. status unverified.
SLOT-8AA6269352,PRD-D723C6FF62,ENERGY_CABLE_ADAPTER,Unverified candidate,No,Primary fit for ENERGY_CABLE_ADAPTER; Hidden - non-U.S. catalog / U.S. status unverified.
SLOT-8AA6269352,PRD-E5D003B78D,ENERGY_CABLE_ADAPTER,Unverified candidate,No,Primary fit for ENERGY_CABLE_ADAPTER; Hidden - non-U.S. catalog / U.S. status unverified.
SLOT-8AA6269352,PRD-EE226986CB,ENERGY_CABLE_ADAPTER,Unverified candidate,No,Primary fit for ENERGY_CABLE_ADAPTER; Hidden - non-U.S. catalog / U.S. status unverified.
SLOT-8AA6269352,PRD-E4FE22C28D,ENERGY_CABLE_ADAPTER,Unverified candidate,No,Primary fit for ENERGY_CABLE_ADAPTER; Hidden - non-U.S. catalog / U.S. status unverified.
SLOT-8AA6269352,PRD-704E468EF5,ENERGY_CABLE_ADAPTER,Unverified candidate,No,Primary fit for ENERGY_CABLE_ADAPTER; Hidden - non-U.S. catalog / U.S. status unverified.
SLOT-8AA6269352,PRD-574BC79D2B,ENERGY_CABLE_ADAPTER,Unverified candidate,No,Primary fit for ENERGY_CABLE_ADAPTER; Hidden - non-U.S. catalog / U.S. status unverified.
SLOT-8AA6269352,PRD-27460DB568,ENERGY_CABLE_ADAPTER,Unverified candidate,No,Primary fit for ENERGY_CABLE_ADAPTER; Hidden - non-U.S. catalog / U.S. status unverified.
SLOT-8AA6269352,PRD-DCA951086F,ENERGY_CABLE_ADAPTER,Unverified candidate,No,Primary fit for ENERGY_CABLE_ADAPTER; Hidden - non-U.S. catalog / U.S. status unverified.
SLOT-8AA6269352,PRD-1425225614,ENERGY_CABLE_ADAPTER,Unverified candidate,No,Primary fit for ENERGY_CABLE_ADAPTER; Hidden - non-U.S. catalog / U.S. status unverified.
SLOT-8AA6269352,PRD-DA396EF06D,ENERGY_CABLE_ADAPTER,Unverified candidate,No,Primary fit for ENERGY_CABLE_ADAPTER; Hidden - non-U.S. catalog / U.S. status unverified.
SLOT-8AA6269352,PRD-6BC32547CD,ENERGY_CABLE_ADAPTER,Unverified candidate,No,Primary fit for ENERGY_CABLE_ADAPTER; Hidden - non-U.S. catalog / U.S. status unverified.
SLOT-8AA6269352,PRD-40F9EDE43C,ENERGY_CABLE_ADAPTER,Unverified candidate,No,Primary fit for ENERGY_CABLE_ADAPTER; Hidden - non-U.S. catalog / U.S. status unverified.
SLOT-8AA6269352,PRD-6DF43B832B,ENERGY_CABLE_ADAPTER,Unverified candidate,No,Primary fit for ENERGY_CABLE_ADAPTER; Hidden - non-U.S. catalog / U.S. status unverified.
SLOT-8AA6269352,PRD-27BD1F9DB6,ENERGY_CABLE_ADAPTER,Unverified candidate,No,Primary fit for ENERGY_CABLE_ADAPTER; Hidden - non-U.S. catalog / U.S. status unverified.
SLOT-8AA6269352,PRD-BBCDFBC541,ENERGY_CABLE_ADAPTER,Unverified candidate,No,Primary fit for ENERGY_CABLE_ADAPTER; Hidden - non-U.S. catalog / U.S. status unverified.
SLOT-8AA6269352,PRD-24DF8E0987,ENERGY_CABLE_ADAPTER,Unverified candidate,No,Primary fit for ENERGY_CABLE_ADAPTER; Hidden - non-U.S. catalog / U.S. status unverified.
SLOT-8AA6269352,PRD-95ADE8F814,ENERGY_CABLE_ADAPTER,Unverified candidate,No,Primary fit for ENERGY_CABLE_ADAPTER; Hidden - non-U.S. catalog / U.S. status unverified.
SLOT-8AA6269352,PRD-F9C809D277,ENERGY_CABLE_ADAPTER,Unverified candidate,No,Primary fit for ENERGY_CABLE_ADAPTER; Hidden - non-U.S. catalog / U.S. status unverified.
SLOT-8AA6269352,PRD-CB585AE377,ENERGY_CABLE_ADAPTER,Unverified candidate,No,Primary fit for ENERGY_CABLE_ADAPTER; Hidden - non-U.S. catalog / U.S. status unverified.
SLOT-8AA6269352,PRD-E91AF4A4B3,ENERGY_CABLE_ADAPTER,Unverified candidate,No,Primary fit for ENERGY_CABLE_ADAPTER; Hidden - non-U.S. catalog / U.S. status unverified.
SLOT-8AA6269352,PRD-D41DE241C1,ENERGY_CABLE_ADAPTER,Unverified candidate,No,Primary fit for ENERGY_CABLE_ADAPTER; Hidden - non-U.S. catalog / U.S. status unverified.
SLOT-8AA6269352,PRD-DA3218ED45,ENERGY_CABLE_ADAPTER,Unverified candidate,No,Primary fit for ENERGY_CABLE_ADAPTER; Hidden - non-U.S. catalog / U.S. status unverified.
SLOT-8AA6269352,PRD-D85D52F0CD,ENERGY_CABLE_ADAPTER,Unverified candidate,No,Primary fit for ENERGY_CABLE_ADAPTER; Hidden - non-U.S. catalog / U.S. status unverified.
SLOT-8AA6269352,PRD-14ED7EA20B,ENERGY_CABLE_ADAPTER,Unverified candidate,No,Primary fit for ENERGY_CABLE_ADAPTER; Hidden - non-U.S. catalog / U.S. status unverified.
SLOT-8AA6269352,PRD-241DE5F6DF,ENERGY_CABLE_ADAPTER,Unverified candidate,No,Primary fit for ENERGY_CABLE_ADAPTER; Hidden - non-U.S. catalog / U.S. status unverified.
SLOT-8AA6269352,PRD-A1BB9D424D,ENERGY_CABLE_ADAPTER,Unverified candidate,No,Primary fit for ENERGY_CABLE_ADAPTER; Hidden - non-U.S. catalog / U.S. status unverified.
SLOT-8AA6269352,PRD-D063F090C6,ENERGY_CABLE_ADAPTER,Unverified candidate,No,Primary fit for ENERGY_CABLE_ADAPTER; Hidden - non-U.S. catalog / U.S. status unverified.
SLOT-8AA6269352,PRD-0F561988AB,ENERGY_CABLE_ADAPTER,Unverified candidate,No,Primary fit for ENERGY_CABLE_ADAPTER; Hidden - non-U.S. catalog / U.S. status unverified.
SLOT-8AA6269352,PRD-71FB94BD46,ENERGY_CABLE_ADAPTER,Unverified candidate,No,Primary fit for ENERGY_CABLE_ADAPTER; Hidden - non-U.S. catalog / U.S. status unverified.
SLOT-8AA6269352,PRD-CDCBBB4171,ENERGY_CABLE_ADAPTER,Unverified candidate,No,Primary fit for ENERGY_CABLE_ADAPTER; Hidden - non-U.S. catalog / U.S. status unverified.
SLOT-8AA6269352,PRD-D194D5A02B,ENERGY_CABLE_ADAPTER,Unverified candidate,No,Primary fit for ENERGY_CABLE_ADAPTER; Hidden - non-U.S. catalog / U.S. status unverified.
SLOT-8AA6269352,PRD-415D12A635,ENERGY_CABLE_ADAPTER,Unverified candidate,No,Primary fit for ENERGY_CABLE_ADAPTER; Hidden - non-U.S. catalog / U.S. status unverified.
SLOT-8AA6269352,PRD-4D06DCE96B,ENERGY_CABLE_ADAPTER,Unverified candidate,No,Primary fit for ENERGY_CABLE_ADAPTER; Hidden - non-U.S. catalog / U.S. status unverified.
SLOT-8AA6269352,PRD-8905E9BA40,ENERGY_CABLE_ADAPTER,Unverified candidate,No,Primary fit for ENERGY_CABLE_ADAPTER; Hidden - non-U.S. catalog / U.S. status unverified.
SLOT-8AA6269352,PRD-E060DC2383,ENERGY_CABLE_ADAPTER,Unverified candidate,No,Primary fit for ENERGY_CABLE_ADAPTER; Hidden - non-U.S. catalog / U.S. status unverified.
SLOT-8AA6269352,PRD-EC8645595D,ENERGY_CABLE_ADAPTER,Unverified candidate,No,Primary fit for ENERGY_CABLE_ADAPTER; Hidden - non-U.S. catalog / U.S. status unverified.
SLOT-8AA6269352,PRD-27BE0EC96A,ENERGY_CABLE_ADAPTER,Unverified candidate,No,Primary fit for ENERGY_CABLE_ADAPTER; Hidden - non-U.S. catalog / U.S. status unverified.
SLOT-8AA6269352,PRD-BCD783DD13,ENERGY_CABLE_ADAPTER,Unverified candidate,No,Primary fit for ENERGY_CABLE_ADAPTER; Hidden - non-U.S. catalog / U.S. status unverified.
SLOT-8AA6269352,PRD-19D03D9B14,ENERGY_CABLE_ADAPTER,Unverified candidate,No,Primary fit for ENERGY_CABLE_ADAPTER; Hidden - non-U.S. catalog / U.S. status unverified.
SLOT-8AA6269352,PRD-A24DAA76C6,ENERGY_CABLE_ADAPTER,Unverified candidate,No,Primary fit for ENERGY_CABLE_ADAPTER; Hidden - non-U.S. catalog / U.S. status unverified.
SLOT-8AA6269352,PRD-9DCC5EC86C,ENERGY_CABLE_ADAPTER,Unverified candidate,No,Primary fit for ENERGY_CABLE_ADAPTER; Hidden - non-U.S. catalog / U.S. status unverified.
SLOT-8AA6269352,PRD-486F6703A9,ENERGY_CABLE_ADAPTER,Unverified candidate,No,Primary fit for ENERGY_CABLE_ADAPTER; Hidden - non-U.S. catalog / U.S. status unverified.
SLOT-8AA6269352,PRD-57A313D4DB,ENERGY_CABLE_ADAPTER,Unverified candidate,No,Primary fit for ENERGY_CABLE_ADAPTER; Hidden - non-U.S. catalog / U.S. status unverified.
SLOT-8AA6269352,PRD-0A9806F6F2,ENERGY_CABLE_ADAPTER,Unverified candidate,No,Primary fit for ENERGY_CABLE_ADAPTER; Hidden - non-U.S. catalog / U.S. status unverified.
SLOT-8AA6269352,PRD-E27A6FA17A,ENERGY_CABLE_ADAPTER,Unverified candidate,No,Primary fit for ENERGY_CABLE_ADAPTER; Hidden - non-U.S. catalog / U.S. status unverified.
SLOT-8AA6269352,PRD-0ADECF7C68,ENERGY_CABLE_ADAPTER,Unverified candidate,No,Primary fit for ENERGY_CABLE_ADAPTER; Hidden - non-U.S. catalog / U.S. status unverified.
SLOT-8AA6269352,PRD-6F4B58CFF2,ENERGY_CABLE_ADAPTER,Unverified candidate,No,Primary fit for ENERGY_CABLE_ADAPTER; Hidden - non-U.S. catalog / U.S. status unverified.
SLOT-8AA6269352,PRD-3353BDD6CD,ENERGY_CABLE_ADAPTER,Unverified candidate,No,Primary fit for ENERGY_CABLE_ADAPTER; Hidden - non-U.S. catalog / U.S. status unverified.
SLOT-8AA6269352,PRD-695BD279A8,ENERGY_CABLE_ADAPTER,Unverified candidate,No,Primary fit for ENERGY_CABLE_ADAPTER; Hidden - non-U.S. catalog / U.S. status unverified.
SLOT-8AA6269352,PRD-88D778F3A4,ENERGY_CABLE_ADAPTER,Unverified candidate,No,Primary fit for ENERGY_CABLE_ADAPTER; Hidden - non-U.S. catalog / U.S. status unverified.
SLOT-8AA6269352,PRD-93A3E7F825,ENERGY_CABLE_ADAPTER,Unverified candidate,No,Primary fit for ENERGY_CABLE_ADAPTER; Hidden - non-U.S. catalog / U.S. status unverified.
SLOT-8AA6269352,PRD-79B8CF6846,ENERGY_CABLE_ADAPTER,Unverified candidate,No,Primary fit for ENERGY_CABLE_ADAPTER; Hidden - non-U.S. catalog / U.S. status unverified.
SLOT-8AA6269352,PRD-1DDAD96A7B,ENERGY_CABLE_ADAPTER,Unverified candidate,No,Primary fit for ENERGY_CABLE_ADAPTER; Hidden - non-U.S. catalog / U.S. status unverified.
SLOT-8AA6269352,PRD-535FE6B186,ENERGY_CABLE_ADAPTER,Unverified candidate,No,Primary fit for ENERGY_CABLE_ADAPTER; Hidden - non-U.S. catalog / U.S. status unverified.
SLOT-8AA6269352,PRD-E94BC99DC8,ENERGY_CABLE_ADAPTER,Unverified candidate,No,Primary fit for ENERGY_CABLE_ADAPTER; Hidden - non-U.S. catalog / U.S. status unverified.
SLOT-8AA6269352,PRD-1062EA74E3,ENERGY_CABLE_ADAPTER,Unverified candidate,No,Primary fit for ENERGY_CABLE_ADAPTER; Hidden - non-U.S. catalog / U.S. status unverified.
SLOT-8AA6269352,PRD-E0E5A0320D,ENERGY_CABLE_ADAPTER,Unverified candidate,No,Primary fit for ENERGY_CABLE_ADAPTER; Hidden - non-U.S. catalog / U.S. status unverified.
SLOT-8AA6269352,PRD-C47EB33229,ENERGY_CABLE_ADAPTER,Unverified candidate,No,Primary fit for ENERGY_CABLE_ADAPTER; Hidden - non-U.S. catalog / U.S. status unverified.
SLOT-8AA6269352,PRD-4896D3D636,ENERGY_CABLE_ADAPTER,Unverified candidate,No,Primary fit for ENERGY_CABLE_ADAPTER; Hidden - non-U.S. catalog / U.S. status unverified.
SLOT-8AA6269352,PRD-0C7A44B87D,ENERGY_CABLE_ADAPTER,Unverified candidate,No,Primary fit for ENERGY_CABLE_ADAPTER; Hidden - non-U.S. catalog / U.S. status unverified.
SLOT-8AA6269352,PRD-77DCFC650E,ENERGY_CABLE_ADAPTER,Unverified candidate,No,Primary fit for ENERGY_CABLE_ADAPTER; Hidden - non-U.S. catalog / U.S. status unverified.
SLOT-8AA6269352,PRD-9CAAE08C97,ENERGY_CABLE_ADAPTER,Unverified candidate,No,Primary fit for ENERGY_CABLE_ADAPTER; Hidden - non-U.S. catalog / U.S. status unverified.
SLOT-8AA6269352,PRD-5CD3FA131B,ENERGY_CABLE_ADAPTER,Unverified candidate,No,Primary fit for ENERGY_CABLE_ADAPTER; Hidden - non-U.S. catalog / U.S. status unverified.
SLOT-8AA6269352,PRD-55D98AAFB1,ENERGY_CABLE_ADAPTER,Unverified candidate,No,Primary fit for ENERGY_CABLE_ADAPTER; Hidden - non-U.S. catalog / U.S. status unverified.
SLOT-D6219069A9,PRD-913352C891,CRYO_SYSTEM_ACCESSORY,Unverified candidate,No,Primary fit for CRYO_SYSTEM_ACCESSORY; Hidden - non-U.S. catalog / U.S. status unverified.
SLOT-D6219069A9,PRD-0C821995AC,CRYO_SYSTEM_ACCESSORY,Unverified candidate,No,Primary fit for CRYO_SYSTEM_ACCESSORY; Hidden - non-U.S. catalog / U.S. status unverified.
SLOT-D6219069A9,PRD-C684D9ADCF,CRYO_SYSTEM_ACCESSORY,Unverified candidate,No,Primary fit for CRYO_SYSTEM_ACCESSORY; Hidden - non-U.S. catalog / U.S. status unverified.
SLOT-D6219069A9,PRD-C3FB38433F,CRYO_SYSTEM_ACCESSORY,Unverified candidate,No,Primary fit for CRYO_SYSTEM_ACCESSORY; Hidden - non-U.S. catalog / U.S. status unverified.
SLOT-D6219069A9,PRD-D54D46A95B,CRYO_SYSTEM_ACCESSORY,Unverified candidate,No,Primary fit for CRYO_SYSTEM_ACCESSORY; Hidden - non-U.S. catalog / U.S. status unverified.
SLOT-D6219069A9,PRD-5AEEF62066,CRYO_SYSTEM_ACCESSORY,Unverified candidate,No,Primary fit for CRYO_SYSTEM_ACCESSORY; Hidden - non-U.S. catalog / U.S. status unverified.
SLOT-D6219069A9,PRD-DA286027ED,CRYO_SYSTEM_ACCESSORY,Unverified candidate,No,Primary fit for CRYO_SYSTEM_ACCESSORY; Hidden - non-U.S. catalog / U.S. status unverified.
SLOT-D6219069A9,PRD-5DFC2E8E8B,CRYO_SYSTEM_ACCESSORY,Unverified candidate,No,Primary fit for CRYO_SYSTEM_ACCESSORY; Hidden - non-U.S. catalog / U.S. status unverified.
SLOT-D6219069A9,PRD-B68845E997,CRYO_SYSTEM_ACCESSORY,Unverified candidate,No,Primary fit for CRYO_SYSTEM_ACCESSORY; Hidden - non-U.S. catalog / U.S. status unverified.
SLOT-D6219069A9,PRD-9AE343BC8D,CRYO_SYSTEM_ACCESSORY,Unverified candidate,No,Primary fit for CRYO_SYSTEM_ACCESSORY; Hidden - non-U.S. catalog / U.S. status unverified.
SLOT-D6219069A9,PRD-3097FD9A2E,CRYO_SYSTEM_ACCESSORY,Unverified candidate,No,Primary fit for CRYO_SYSTEM_ACCESSORY; Hidden - non-U.S. catalog / U.S. status unverified.
SLOT-D6219069A9,PRD-A93BE6938D,CRYO_SYSTEM_ACCESSORY,Unverified candidate,No,Primary fit for CRYO_SYSTEM_ACCESSORY; Hidden - non-U.S. catalog / U.S. status unverified.
SLOT-D6219069A9,PRD-F1632F4CEC,CRYO_SYSTEM_ACCESSORY,Unverified candidate,No,Primary fit for CRYO_SYSTEM_ACCESSORY; Hidden - non-U.S. catalog / U.S. status unverified.
SLOT-D6219069A9,PRD-D03502FFB4,CRYO_SYSTEM_ACCESSORY,Unverified candidate,No,Primary fit for CRYO_SYSTEM_ACCESSORY; Hidden - non-U.S. catalog / U.S. status unverified.
SLOT-E8281AFEA1,PRD-B21BCEFB54,APC_GAS_ACCESSORY,Unverified candidate,No,Primary fit for APC_GAS_ACCESSORY; Hidden - non-U.S. catalog / U.S. status unverified.
SLOT-E8281AFEA1,PRD-9DA3B7C48B,APC_GAS_ACCESSORY,Unverified candidate,No,Primary fit for APC_GAS_ACCESSORY; Hidden - non-U.S. catalog / U.S. status unverified.
SLOT-E8281AFEA1,PRD-B79F76C6D6,APC_GAS_ACCESSORY,Unverified candidate,No,Primary fit for APC_GAS_ACCESSORY; Hidden - non-U.S. catalog / U.S. status unverified.
SLOT-E8281AFEA1,PRD-D454A9C046,APC_GAS_ACCESSORY,Unverified candidate,No,Primary fit for APC_GAS_ACCESSORY; Hidden - non-U.S. catalog / U.S. status unverified.
SLOT-E8281AFEA1,PRD-78096620FF,APC_GAS_ACCESSORY,Unverified candidate,No,Primary fit for APC_GAS_ACCESSORY; Hidden - non-U.S. catalog / U.S. status unverified.
SLOT-E8281AFEA1,PRD-207F57235E,APC_GAS_ACCESSORY,Unverified candidate,No,Primary fit for APC_GAS_ACCESSORY; Hidden - non-U.S. catalog / U.S. status unverified.
SLOT-E8281AFEA1,PRD-83ADF2581C,APC_GAS_ACCESSORY,Unverified candidate,No,Primary fit for APC_GAS_ACCESSORY; Hidden - non-U.S. catalog / U.S. status unverified.
SLOT-E8281AFEA1,PRD-1BD0F9BD70,APC_GAS_ACCESSORY,Unverified candidate,No,Primary fit for APC_GAS_ACCESSORY; Hidden - non-U.S. catalog / U.S. status unverified.
SLOT-E8281AFEA1,PRD-3CAAB4D79C,APC_GAS_ACCESSORY,Unverified candidate,No,Primary fit for APC_GAS_ACCESSORY; Hidden - non-U.S. catalog / U.S. status unverified.
SLOT-E8281AFEA1,PRD-55E5D08ADC,APC_GAS_ACCESSORY,Unverified candidate,No,Primary fit for APC_GAS_ACCESSORY; Hidden - non-U.S. catalog / U.S. status unverified.
SLOT-E8281AFEA1,PRD-09AF1B1AE5,APC_GAS_ACCESSORY,Unverified candidate,No,Primary fit for APC_GAS_ACCESSORY; Hidden - non-U.S. catalog / U.S. status unverified.
SLOT-E8281AFEA1,PRD-293EEBCDF0,APC_GAS_ACCESSORY,Unverified candidate,No,Primary fit for APC_GAS_ACCESSORY; Hidden - non-U.S. catalog / U.S. status unverified.
SLOT-19FC83049A,PRD-3D91F04C91,RIGID_TELESCOPE,Unverified candidate,No,Exact fit for RIGID_TELESCOPE; Hidden - current U.S. status unverified.
SLOT-19FC83049A,PRD-5CCBBDD4CF,RIGID_TELESCOPE,Unverified candidate,No,Exact fit for RIGID_TELESCOPE; Hidden - current U.S. status unverified.
SLOT-19FC83049A,PRD-EC45CB0F5D,RIGID_TELESCOPE,Unverified candidate,No,Exact fit for RIGID_TELESCOPE; Hidden - current U.S. status unverified.
SLOT-19FC83049A,PRD-0FD6CC7A8E,RIGID_TELESCOPE,Unverified candidate,No,Exact fit for RIGID_TELESCOPE; Hidden - current U.S. status unverified.
SLOT-19FC83049A,PRD-BB9A5CC0AE,RIGID_TELESCOPE,Unverified candidate,No,Exact fit for RIGID_TELESCOPE; Hidden - current U.S. status unverified.
SLOT-19FC83049A,PRD-6274807854,RIGID_TELESCOPE,Unverified candidate,No,Exact fit for RIGID_TELESCOPE; Hidden - current U.S. status unverified.
SLOT-19FC83049A,PRD-123BAC018B,RIGID_TELESCOPE,Unverified candidate,No,Exact fit for RIGID_TELESCOPE; Hidden - current U.S. status unverified.
SLOT-19FC83049A,PRD-FEA0F47B62,RIGID_TELESCOPE,Unverified candidate,No,Exact fit for RIGID_TELESCOPE; Hidden - current U.S. status unverified.
SLOT-19FC83049A,PRD-C32CFEC594,RIGID_TELESCOPE,Unverified candidate,No,Exact fit for RIGID_TELESCOPE; Hidden - current U.S. status unverified.
SLOT-19FC83049A,PRD-D736275364,RIGID_TELESCOPE,Unverified candidate,No,Exact fit for RIGID_TELESCOPE; Hidden - current U.S. status unverified.
SLOT-19FC83049A,PRD-50AAFE240E,RIGID_TELESCOPE,Unverified candidate,No,Exact fit for RIGID_TELESCOPE; Hidden - current U.S. status unverified.
SLOT-72BAE3EC7C,PRD-18D62EB4E8,ENDOSCOPY_LIGHT_CABLE,Unverified candidate,No,Exact fit for ENDOSCOPY_LIGHT_CABLE; Hidden - current U.S. status unverified.
SLOT-66C8ADA940,PRD-695162DE9E,RIGID_BRONCH_SHAVER,Unverified candidate,No,Exact fit for RIGID_BRONCH_SHAVER; Hidden - current U.S. status unverified.
SLOT-66C8ADA940,PRD-9B0EE44246,RIGID_BRONCH_SHAVER,Unverified candidate,No,Exact fit for RIGID_BRONCH_SHAVER; Hidden - current U.S. status unverified.
SLOT-66C8ADA940,PRD-96993E6593,RIGID_BRONCH_SHAVER,Unverified candidate,No,Exact fit for RIGID_BRONCH_SHAVER; Hidden - current U.S. status unverified.
SLOT-66C8ADA940,PRD-1C81CBF06E,RIGID_BRONCH_SHAVER,Unverified candidate,No,Exact fit for RIGID_BRONCH_SHAVER; Hidden - current U.S. status unverified.
SLOT-66C8ADA940,PRD-7CDBD7C74A,RIGID_BRONCH_SHAVER,Unverified candidate,No,Exact fit for RIGID_BRONCH_SHAVER; Hidden - current U.S. status unverified.
SLOT-66C8ADA940,PRD-DCD7CC99AF,RIGID_BRONCH_SHAVER,Unverified candidate,No,Exact fit for RIGID_BRONCH_SHAVER; Hidden - current U.S. status unverified.
SLOT-66C8ADA940,PRD-D58A0A54AA,RIGID_BRONCH_SHAVER,Unverified candidate,No,Exact fit for RIGID_BRONCH_SHAVER; Hidden - current U.S. status unverified.
SLOT-66C8ADA940,PRD-1058B185EB,RIGID_BRONCH_SHAVER,Unverified candidate,No,Exact fit for RIGID_BRONCH_SHAVER; Hidden - current U.S. status unverified.
SLOT-3C8165659D,PRD-543E5F36B7,RIGID_BIPOLAR_FORCEPS,Unverified candidate,No,Exact fit for RIGID_BIPOLAR_FORCEPS; Hidden - current U.S. status unverified.
SLOT-3C8165659D,PRD-7E9D9CEC94,RIGID_BIPOLAR_FORCEPS,Unverified candidate,No,Exact fit for RIGID_BIPOLAR_FORCEPS; Hidden - current U.S. status unverified.
SLOT-3C8165659D,PRD-F7968862EF,RIGID_BIPOLAR_FORCEPS,Unverified candidate,No,Exact fit for RIGID_BIPOLAR_FORCEPS; Hidden - current U.S. status unverified.
SLOT-3C8165659D,PRD-5D118F7388,RIGID_BIPOLAR_FORCEPS,Unverified candidate,No,Exact fit for RIGID_BIPOLAR_FORCEPS; Hidden - current U.S. status unverified.
SLOT-702FD644B7,PRD-513E7E5BCD,AIRWAY_STENT_SIZING_DEVICE,Prototype candidate,Yes,Exact fit for AIRWAY_STENT_SIZING_DEVICE; source-backed and prototype-visible.
SLOT-658CF18CF0,PRD-A6CF0E2BA4,FLEX_SCOPE_SINGLE_USE,Unverified candidate,No,Primary fit for FLEX_SCOPE_SINGLE_USE; Hidden until verified.
SLOT-658CF18CF0,PRD-F2C87C4908,FLEX_SCOPE_SINGLE_USE,Unverified candidate,No,Primary fit for FLEX_SCOPE_SINGLE_USE; Hidden until verified.
SLOT-658CF18CF0,PRD-E907C0EB2E,FLEX_SCOPE_SINGLE_USE,Unverified candidate,No,Primary fit for FLEX_SCOPE_SINGLE_USE; Hidden until verified.
SLOT-658CF18CF0,PRD-972FD7E1D0,FLEX_SCOPE_SINGLE_USE,Unverified candidate,No,Primary fit for FLEX_SCOPE_SINGLE_USE; Hidden until verified.
SLOT-658CF18CF0,PRD-BF2B39F2F3,FLEX_SCOPE_SINGLE_USE,Unverified candidate,No,Primary fit for FLEX_SCOPE_SINGLE_USE; Hidden until verified.
SLOT-658CF18CF0,PRD-27506A7423,FLEX_SCOPE_SINGLE_USE,Unverified candidate,No,Primary fit for FLEX_SCOPE_SINGLE_USE; Hidden until verified.
SLOT-658CF18CF0,PRD-212CEA70A3,FLEX_SCOPE_SINGLE_USE,Prototype candidate,Yes,Primary fit for FLEX_SCOPE_SINGLE_USE; source-backed and prototype-visible.
SLOT-658CF18CF0,PRD-34895D701B,FLEX_SCOPE_SINGLE_USE,Prototype candidate,Yes,Primary fit for FLEX_SCOPE_SINGLE_USE; source-backed and prototype-visible.
SLOT-658CF18CF0,PRD-7C8F860816,FLEX_SCOPE_SINGLE_USE,Prototype candidate,Yes,Primary fit for FLEX_SCOPE_SINGLE_USE; source-backed and prototype-visible.
SLOT-658CF18CF0,PRD-9CE6992373,FLEX_SCOPE_SINGLE_USE,Prototype candidate,Yes,Primary fit for FLEX_SCOPE_SINGLE_USE; source-backed and prototype-visible.
SLOT-658CF18CF0,PRD-BC936E9D71,FLEX_SCOPE_SINGLE_USE,Prototype candidate,Yes,Primary fit for FLEX_SCOPE_SINGLE_USE; source-backed and prototype-visible.
SLOT-2C4CF749E6,PRD-CEED2FDA83,VIDEO_PROCESSOR,Unverified candidate,No,Primary fit for VIDEO_PROCESSOR; Hidden until verified.
SLOT-2C4CF749E6,PRD-AE9BC99FAA,VIDEO_PROCESSOR,Unverified candidate,No,Primary fit for VIDEO_PROCESSOR; Hidden until verified.
SLOT-2C4CF749E6,PRD-EA1D57AC9A,VIDEO_PROCESSOR,Prototype candidate,Yes,Primary fit for VIDEO_PROCESSOR; source-backed and prototype-visible.
SLOT-2C4CF749E6,PRD-CE23D2A34E,VIDEO_PROCESSOR,Unverified candidate,No,Exact fit for VIDEO_PROCESSOR; Hidden - current U.S. status unverified.
SLOT-09D5542BAA,PRD-6AAA7898E9,PDT_KIT,Unverified candidate,No,Primary fit for PDT_KIT; Hidden until verified.
SLOT-09D5542BAA,PRD-8446D3EB4E,PDT_KIT,Unverified candidate,No,Primary fit for PDT_KIT; Hidden until verified.
SLOT-09D5542BAA,PRD-C4C8CC5CF5,PDT_KIT,Unverified candidate,No,Primary fit for PDT_KIT; Hidden until verified.
SLOT-09D5542BAA,PRD-C7EB76131F,PDT_KIT,Unverified candidate,No,Primary fit for PDT_KIT; Hidden until verified.
SLOT-09D5542BAA,PRD-EA6F3E44C1,PDT_KIT,Unverified candidate,No,Primary fit for PDT_KIT; Hidden until verified.
SLOT-09D5542BAA,PRD-64481A5C4F,PDT_KIT,Unverified candidate,No,Primary fit for PDT_KIT; Hidden until verified.
SLOT-09D5542BAA,PRD-20CB4910F8,PDT_KIT,Unverified candidate,No,Primary fit for PDT_KIT; Hidden until verified.
SLOT-09D5542BAA,PRD-FFA21E88CC,PDT_KIT,Unverified candidate,No,Primary fit for PDT_KIT; Hidden until verified.
SLOT-6EAB7FD727,PRD-6826FE4C0E,TRACH_TUBE_CUFFED,Unverified candidate,No,Primary fit for TRACH_TUBE_CUFFED; Hidden until verified.
SLOT-6EAB7FD727,PRD-E088452873,TRACH_TUBE_CUFFED,Unverified candidate,No,Primary fit for TRACH_TUBE_CUFFED; Hidden until verified.
SLOT-6EAB7FD727,PRD-849E1FCCA5,TRACH_TUBE_CUFFED,Unverified candidate,No,Primary fit for TRACH_TUBE_CUFFED; Hidden until verified.
SLOT-6EAB7FD727,PRD-A034F04BF1,TRACH_TUBE_CUFFED,Unverified candidate,No,Primary fit for TRACH_TUBE_CUFFED; Hidden until verified.
SLOT-6EAB7FD727,PRD-804529441A,TRACH_TUBE_CUFFED,Unverified candidate,No,Primary fit for TRACH_TUBE_CUFFED; Hidden until verified.
SLOT-738A987A4C,PRD-2663A0A0F5,TRACH_TUBE_EVAC,Unverified candidate,No,Primary fit for TRACH_TUBE_EVAC; Hidden until verified.
SLOT-738A987A4C,PRD-16A5369871,TRACH_TUBE_EVAC,Unverified candidate,No,Primary fit for TRACH_TUBE_EVAC; Hidden until verified.
SLOT-738A987A4C,PRD-709ED0842B,TRACH_TUBE_EVAC,Unverified candidate,No,Primary fit for TRACH_TUBE_EVAC; Hidden until verified.
SLOT-738A987A4C,PRD-8EE9A09E05,TRACH_TUBE_EVAC,Unverified candidate,No,Primary fit for TRACH_TUBE_EVAC; Hidden until verified.
SLOT-738A987A4C,PRD-02DC164D77,TRACH_TUBE_EVAC,Unverified candidate,No,Primary fit for TRACH_TUBE_EVAC; Hidden until verified.
SLOT-32739F7002,PRD-6826FE4C0E,TRACH_TUBE_CUFFED,Unverified candidate,No,Primary fit for TRACH_TUBE_CUFFED; Hidden until verified.
SLOT-32739F7002,PRD-E088452873,TRACH_TUBE_CUFFED,Unverified candidate,No,Primary fit for TRACH_TUBE_CUFFED; Hidden until verified.
SLOT-32739F7002,PRD-849E1FCCA5,TRACH_TUBE_CUFFED,Unverified candidate,No,Primary fit for TRACH_TUBE_CUFFED; Hidden until verified.
SLOT-32739F7002,PRD-A034F04BF1,TRACH_TUBE_CUFFED,Unverified candidate,No,Primary fit for TRACH_TUBE_CUFFED; Hidden until verified.
SLOT-32739F7002,PRD-804529441A,TRACH_TUBE_CUFFED,Unverified candidate,No,Primary fit for TRACH_TUBE_CUFFED; Hidden until verified.
SLOT-5A9EDD575F,PRD-ADAEAEFCA8,PLEUROSCOPE,Unverified candidate,No,Primary fit for PLEUROSCOPE; Hidden until verified.
SLOT-5A9EDD575F,PRD-5FA4880E82,PLEUROSCOPE,Unverified candidate,No,Exact fit for PLEUROSCOPE; Hidden - current U.S. status unverified.
SLOT-3CA143BB11,PRD-CEED2FDA83,VIDEO_PROCESSOR,Unverified candidate,No,Primary fit for VIDEO_PROCESSOR; Hidden until verified.
SLOT-3CA143BB11,PRD-AE9BC99FAA,VIDEO_PROCESSOR,Unverified candidate,No,Primary fit for VIDEO_PROCESSOR; Hidden until verified.
SLOT-3CA143BB11,PRD-EA1D57AC9A,VIDEO_PROCESSOR,Prototype candidate,Yes,Primary fit for VIDEO_PROCESSOR; source-backed and prototype-visible.
SLOT-3CA143BB11,PRD-CE23D2A34E,VIDEO_PROCESSOR,Unverified candidate,No,Exact fit for VIDEO_PROCESSOR; Hidden - current U.S. status unverified.
SLOT-9448C2A991,PRD-FE67FEA4F0,PLEUROSCOPY_TROCAR,Unverified candidate,No,Exact fit for PLEUROSCOPY_TROCAR; Hidden - current U.S. status unverified.
SLOT-9448C2A991,PRD-EAED780757,PLEUROSCOPY_TROCAR,Unverified candidate,No,Exact fit for PLEUROSCOPY_TROCAR; Hidden - current U.S. status unverified.
SLOT-9448C2A991,PRD-CCDCC41B7E,PLEUROSCOPY_TROCAR,Unverified candidate,No,Exact fit for PLEUROSCOPY_TROCAR; Hidden - current U.S. status unverified.
SLOT-9448C2A991,PRD-377440703A,PLEUROSCOPY_TROCAR,Unverified candidate,No,Exact fit for PLEUROSCOPY_TROCAR; Hidden - current U.S. status unverified.
SLOT-9448C2A991,PRD-427A070734,PLEUROSCOPY_TROCAR,Unverified candidate,No,Exact fit for PLEUROSCOPY_TROCAR; Hidden - current U.S. status unverified.
SLOT-9448C2A991,PRD-1F69D6AD05,PLEUROSCOPY_TROCAR,Unverified candidate,No,Exact fit for PLEUROSCOPY_TROCAR; Hidden - current U.S. status unverified.
SLOT-9448C2A991,PRD-247C9B978C,PLEUROSCOPY_TROCAR,Unverified candidate,No,Exact fit for PLEUROSCOPY_TROCAR; Hidden - current U.S. status unverified.
SLOT-9448C2A991,PRD-0EA65ED2D3,PLEUROSCOPY_TROCAR,Unverified candidate,No,Exact fit for PLEUROSCOPY_TROCAR; Hidden - current U.S. status unverified.
SLOT-9448C2A991,PRD-A7209784C9,PLEUROSCOPY_TROCAR,Unverified candidate,No,Primary fit for PLEUROSCOPY_TROCAR; Hidden until verified.
SLOT-9448C2A991,PRD-BA7CBE6482,PLEUROSCOPY_TROCAR,Unverified candidate,No,Exact fit for PLEUROSCOPY_TROCAR; Hidden - current U.S. status unverified.
SLOT-9448C2A991,PRD-ED212D7E3C,PLEUROSCOPY_TROCAR,Unverified candidate,No,Exact fit for PLEUROSCOPY_TROCAR; Hidden - current U.S. status unverified.
SLOT-9448C2A991,PRD-9CCC6DB32E,PLEUROSCOPY_TROCAR,Unverified candidate,No,Exact fit for PLEUROSCOPY_TROCAR; Hidden - current U.S. status unverified.
SLOT-9448C2A991,PRD-DFFE75EB48,PLEUROSCOPY_TROCAR,Unverified candidate,No,Exact fit for PLEUROSCOPY_TROCAR; Hidden - current U.S. status unverified.
SLOT-9448C2A991,PRD-68E4686E4B,PLEUROSCOPY_TROCAR,Unverified candidate,No,Exact fit for PLEUROSCOPY_TROCAR; Hidden - current U.S. status unverified.
SLOT-9448C2A991,PRD-7E7BC96506,PLEUROSCOPY_TROCAR,Unverified candidate,No,Exact fit for PLEUROSCOPY_TROCAR; Hidden - current U.S. status unverified.
SLOT-9448C2A991,PRD-A12A620A18,PLEUROSCOPY_TROCAR,Unverified candidate,No,Exact fit for PLEUROSCOPY_TROCAR; Hidden - current U.S. status unverified.
SLOT-9448C2A991,PRD-C1F90B7445,PLEUROSCOPY_TROCAR,Unverified candidate,No,Exact fit for PLEUROSCOPY_TROCAR; Hidden - current U.S. status unverified.
SLOT-9448C2A991,PRD-AD1CD2C1B2,PLEUROSCOPY_TROCAR,Unverified candidate,No,Exact fit for PLEUROSCOPY_TROCAR; Hidden - current U.S. status unverified.
SLOT-9448C2A991,PRD-8287E5FFEF,PLEUROSCOPY_TROCAR,Unverified candidate,No,Exact fit for PLEUROSCOPY_TROCAR; Hidden - current U.S. status unverified.
SLOT-9448C2A991,PRD-3236D0CEDC,PLEUROSCOPY_TROCAR,Unverified candidate,No,Exact fit for PLEUROSCOPY_TROCAR; Hidden - current U.S. status unverified.
SLOT-9448C2A991,PRD-67D1D03D3F,PLEUROSCOPY_TROCAR,Unverified candidate,No,Exact fit for PLEUROSCOPY_TROCAR; Hidden - current U.S. status unverified.
SLOT-9448C2A991,PRD-D2F1921685,PLEUROSCOPY_TROCAR,Unverified candidate,No,Exact fit for PLEUROSCOPY_TROCAR; Hidden - current U.S. status unverified.
SLOT-9448C2A991,PRD-4F64240AD0,PLEUROSCOPY_TROCAR,Unverified candidate,No,Exact fit for PLEUROSCOPY_TROCAR; Hidden - current U.S. status unverified.
SLOT-9448C2A991,PRD-A8B69D1E0B,PLEUROSCOPY_TROCAR,Unverified candidate,No,Exact fit for PLEUROSCOPY_TROCAR; Hidden - current U.S. status unverified.
SLOT-9448C2A991,PRD-40B834E981,PLEUROSCOPY_TROCAR,Unverified candidate,No,Exact fit for PLEUROSCOPY_TROCAR; Hidden - current U.S. status unverified.
SLOT-9448C2A991,PRD-8509EF4D1E,PLEUROSCOPY_TROCAR,Unverified candidate,No,Exact fit for PLEUROSCOPY_TROCAR; Hidden - current U.S. status unverified.
SLOT-545818F1DC,PRD-61EE4D5DE6,PLEURAL_BIOPSY_FORCEPS,Unverified candidate,No,Exact fit for PLEURAL_BIOPSY_FORCEPS; Hidden - current U.S. status unverified.
SLOT-545818F1DC,PRD-16C811C696,PLEURAL_BIOPSY_FORCEPS,Unverified candidate,No,Exact fit for PLEURAL_BIOPSY_FORCEPS; Hidden - current U.S. status unverified.
SLOT-545818F1DC,PRD-B76CB39194,PLEURAL_BIOPSY_FORCEPS,Unverified candidate,No,Primary fit for PLEURAL_BIOPSY_FORCEPS; Hidden until verified.
SLOT-545818F1DC,PRD-6CB8BD3445,PLEURAL_BIOPSY_FORCEPS,Unverified candidate,No,Exact fit for PLEURAL_BIOPSY_FORCEPS; Hidden - current U.S. status unverified.
SLOT-545818F1DC,PRD-A8A5497344,PLEURAL_BIOPSY_FORCEPS,Unverified candidate,No,Exact fit for PLEURAL_BIOPSY_FORCEPS; Hidden - current U.S. status unverified.
SLOT-545818F1DC,PRD-529E58AC8C,PLEURAL_BIOPSY_FORCEPS,Unverified candidate,No,Exact fit for PLEURAL_BIOPSY_FORCEPS; Hidden - current U.S. status unverified.
SLOT-545818F1DC,PRD-023092D446,PLEURAL_BIOPSY_FORCEPS,Unverified candidate,No,Exact fit for PLEURAL_BIOPSY_FORCEPS; Hidden - current U.S. status unverified.
SLOT-545818F1DC,PRD-2BD5C6261D,PLEURAL_BIOPSY_FORCEPS,Unverified candidate,No,Exact fit for PLEURAL_BIOPSY_FORCEPS; Hidden - current U.S. status unverified.
SLOT-545818F1DC,PRD-9C5FCF73E5,PLEURAL_BIOPSY_FORCEPS,Unverified candidate,No,Exact fit for PLEURAL_BIOPSY_FORCEPS; Hidden - current U.S. status unverified.
SLOT-545818F1DC,PRD-6D2D08656C,PLEURAL_BIOPSY_FORCEPS,Unverified candidate,No,Exact fit for PLEURAL_BIOPSY_FORCEPS; Hidden - current U.S. status unverified.
SLOT-545818F1DC,PRD-58CFB02C8E,PLEURAL_BIOPSY_FORCEPS,Unverified candidate,No,Exact fit for PLEURAL_BIOPSY_FORCEPS; Hidden - current U.S. status unverified.
SLOT-545818F1DC,PRD-901A1A1C5C,PLEURAL_BIOPSY_FORCEPS,Unverified candidate,No,Exact fit for PLEURAL_BIOPSY_FORCEPS; Hidden - current U.S. status unverified.
SLOT-545818F1DC,PRD-F6BB76BECF,PLEURAL_BIOPSY_FORCEPS,Unverified candidate,No,Exact fit for PLEURAL_BIOPSY_FORCEPS; Hidden - current U.S. status unverified.
SLOT-545818F1DC,PRD-635FE10D65,PLEURAL_BIOPSY_FORCEPS,Unverified candidate,No,Exact fit for PLEURAL_BIOPSY_FORCEPS; Hidden - current U.S. status unverified.
SLOT-545818F1DC,PRD-5E2713887A,PLEURAL_BIOPSY_FORCEPS,Unverified candidate,No,Exact fit for PLEURAL_BIOPSY_FORCEPS; Hidden - current U.S. status unverified.
SLOT-1D10D8A2BF,PRD-D14312CC6A,TALC_POUDRAGE_KIT,Unverified candidate,No,Exact fit for TALC_POUDRAGE_KIT; Hidden - current U.S. status unverified.
SLOT-1D10D8A2BF,PRD-D1DCE936D2,TALC_POUDRAGE_KIT,Unverified candidate,No,Primary fit for TALC_POUDRAGE_KIT; Hidden until verified.
SLOT-0B24E5F37A,PRD-EB27F8D657,TALC_VIAL,Unverified candidate,No,Primary fit for TALC_VIAL; Hidden until verified.
SLOT-0B24E5F37A,PRD-8C6A6B2ACE,TALC_VIAL,Unverified candidate,No,Primary fit for TALC_VIAL; Hidden until verified.
SLOT-57CA4B1298,PRD-BDA5B2EF14,CHEST_TUBE_SMALL_BORE,Unverified candidate,No,Primary fit for CHEST_TUBE_SMALL_BORE; Hidden - exact configuration table required.
SLOT-57CA4B1298,PRD-F351B4D76F,CHEST_TUBE_SMALL_BORE,Unverified candidate,No,Primary fit for CHEST_TUBE_SMALL_BORE; Hidden until verified.
SLOT-57CA4B1298,PRD-0410844D48,CHEST_TUBE_SMALL_BORE,Unverified candidate,No,Primary fit for CHEST_TUBE_SMALL_BORE; Hidden - exact configuration table required.
SLOT-57CA4B1298,PRD-F7FFFFA87F,CHEST_TUBE_SMALL_BORE,Unverified candidate,No,Primary fit for CHEST_TUBE_SMALL_BORE; Hidden until verified.
SLOT-57CA4B1298,PRD-993D8701CA,CHEST_TUBE_SMALL_BORE,Unverified candidate,No,Primary fit for CHEST_TUBE_SMALL_BORE; Hidden until verified.
SLOT-57CA4B1298,PRD-C0FA666A98,CHEST_TUBE_SMALL_BORE,Unverified candidate,No,Primary fit for CHEST_TUBE_SMALL_BORE; Hidden until verified.
SLOT-57CA4B1298,PRD-A88AEE6442,CHEST_TUBE_SMALL_BORE,Unverified candidate,No,Exact fit for CHEST_TUBE_SMALL_BORE; Hidden - current U.S. status unverified.
SLOT-57CA4B1298,PRD-B1E837841F,CHEST_TUBE_SMALL_BORE,Prototype candidate,Yes,Exact fit for CHEST_TUBE_SMALL_BORE; source-backed and prototype-visible.
SLOT-9A1C0491F9,PRD-78DC6578D9,IPC_INSERTION_KIT,Unverified candidate,No,Primary fit for IPC_INSERTION_KIT; Hidden until verified.
SLOT-9A1C0491F9,PRD-4423366610,IPC_INSERTION_KIT,Unverified candidate,No,Primary fit for IPC_INSERTION_KIT; Hidden until verified.
SLOT-9A1C0491F9,PRD-E2A3EFD37E,IPC_INSERTION_KIT,Unverified candidate,No,Primary fit for IPC_INSERTION_KIT; Hidden until verified.
SLOT-9A1C0491F9,PRD-460DB62059,IPC_INSERTION_KIT,Prototype candidate,Yes,Exact fit for IPC_INSERTION_KIT; source-backed and prototype-visible.
SLOT-9A1C0491F9,PRD-FEAA795BDD,IPC_INSERTION_KIT,Prototype candidate,Yes,Primary fit for IPC_INSERTION_KIT; source-backed and prototype-visible.
SLOT-9A1C0491F9,PRD-F54D35983D,IPC_INSERTION_KIT,Prototype candidate,Yes,Exact fit for IPC_INSERTION_KIT; source-backed and prototype-visible.
SLOT-9A1C0491F9,PRD-6A7E037C55,IPC_INSERTION_KIT,Prototype candidate,Yes,Exact fit for IPC_INSERTION_KIT; source-backed and prototype-visible.
SLOT-9A1C0491F9,PRD-6D1BDDE146,IPC_INSERTION_KIT,Prototype candidate,Yes,Primary fit for IPC_INSERTION_KIT; source-backed and prototype-visible.
SLOT-9A1C0491F9,PRD-3A7C0C418C,IPC_INSERTION_KIT,Prototype candidate,Yes,Exact fit for IPC_INSERTION_KIT; source-backed and prototype-visible.
SLOT-9A1C0491F9,PRD-412ADCED34,IPC_INSERTION_KIT,Prototype candidate,Yes,Exact fit for IPC_INSERTION_KIT; source-backed and prototype-visible.
SLOT-9A1C0491F9,PRD-6B7E932D54,IPC_INSERTION_KIT,Prototype candidate,Yes,Exact fit for IPC_INSERTION_KIT; source-backed and prototype-visible.
SLOT-9A1C0491F9,PRD-13CE349B91,IPC_INSERTION_KIT,Prototype candidate,Yes,Exact fit for IPC_INSERTION_KIT; source-backed and prototype-visible.
SLOT-9A1C0491F9,PRD-22A349ADEC,IPC_INSERTION_KIT,Prototype candidate,Yes,Primary fit for IPC_INSERTION_KIT; source-backed and prototype-visible.
SLOT-E63DC64C2F,PRD-F1712066B6,THORACOSCOPY_TELESCOPE,Unverified candidate,No,Exact fit for THORACOSCOPY_TELESCOPE; Hidden - current U.S. status unverified.
SLOT-E63DC64C2F,PRD-B6A919EF32,THORACOSCOPY_TELESCOPE,Unverified candidate,No,Exact fit for THORACOSCOPY_TELESCOPE; Hidden - current U.S. status unverified.
SLOT-E63DC64C2F,PRD-2058BA100A,THORACOSCOPY_TELESCOPE,Unverified candidate,No,Exact fit for THORACOSCOPY_TELESCOPE; Hidden - current U.S. status unverified.
SLOT-E63DC64C2F,PRD-AD5DB57EBC,THORACOSCOPY_TELESCOPE,Unverified candidate,No,Exact fit for THORACOSCOPY_TELESCOPE; Hidden - current U.S. status unverified.
SLOT-E63DC64C2F,PRD-5B271EC93B,THORACOSCOPY_TELESCOPE,Unverified candidate,No,Exact fit for THORACOSCOPY_TELESCOPE; Hidden - current U.S. status unverified.
SLOT-E63DC64C2F,PRD-B4E0EB9EFB,THORACOSCOPY_TELESCOPE,Unverified candidate,No,Exact fit for THORACOSCOPY_TELESCOPE; Hidden - current U.S. status unverified.
SLOT-E63DC64C2F,PRD-2FBD344316,THORACOSCOPY_TELESCOPE,Unverified candidate,No,Exact fit for THORACOSCOPY_TELESCOPE; Hidden - current U.S. status unverified.
SLOT-E63DC64C2F,PRD-1FE403B84C,THORACOSCOPY_TELESCOPE,Unverified candidate,No,Exact fit for THORACOSCOPY_TELESCOPE; Hidden - current U.S. status unverified.
SLOT-E63DC64C2F,PRD-2ACB51E58C,THORACOSCOPY_TELESCOPE,Unverified candidate,No,Exact fit for THORACOSCOPY_TELESCOPE; Hidden - current U.S. status unverified.
SLOT-E63DC64C2F,PRD-D99A37C035,THORACOSCOPY_TELESCOPE,Unverified candidate,No,Exact fit for THORACOSCOPY_TELESCOPE; Hidden - current U.S. status unverified.
SLOT-E63DC64C2F,PRD-BA86F45760,THORACOSCOPY_TELESCOPE,Unverified candidate,No,Exact fit for THORACOSCOPY_TELESCOPE; Hidden - current U.S. status unverified.
SLOT-E63DC64C2F,PRD-A1B7FC0BD4,THORACOSCOPY_TELESCOPE,Unverified candidate,No,Exact fit for THORACOSCOPY_TELESCOPE; Hidden - current U.S. status unverified.
SLOT-E63DC64C2F,PRD-6BF80B6E0D,THORACOSCOPY_TELESCOPE,Unverified candidate,No,Exact fit for THORACOSCOPY_TELESCOPE; Hidden - current U.S. status unverified.
SLOT-E63DC64C2F,PRD-4BB84F196B,THORACOSCOPY_TELESCOPE,Unverified candidate,No,Exact fit for THORACOSCOPY_TELESCOPE; Hidden - current U.S. status unverified.
SLOT-E63DC64C2F,PRD-01F519887A,THORACOSCOPY_TELESCOPE,Unverified candidate,No,Exact fit for THORACOSCOPY_TELESCOPE; Hidden - current U.S. status unverified.
SLOT-E63DC64C2F,PRD-0221D4FEAA,THORACOSCOPY_TELESCOPE,Unverified candidate,No,Exact fit for THORACOSCOPY_TELESCOPE; Hidden - current U.S. status unverified.
SLOT-E63DC64C2F,PRD-6E580584DD,THORACOSCOPY_TELESCOPE,Unverified candidate,No,Exact fit for THORACOSCOPY_TELESCOPE; Hidden - current U.S. status unverified.
SLOT-6D737D1334,PRD-18D62EB4E8,ENDOSCOPY_LIGHT_CABLE,Unverified candidate,No,Exact fit for ENDOSCOPY_LIGHT_CABLE; Hidden - current U.S. status unverified.
SLOT-65FFA3703B,PRD-DF239FD803,THORACOSCOPY_SCISSORS,Unverified candidate,No,Exact fit for THORACOSCOPY_SCISSORS; Hidden - current U.S. status unverified.
SLOT-65FFA3703B,PRD-759CE9B00A,THORACOSCOPY_SCISSORS,Unverified candidate,No,Exact fit for THORACOSCOPY_SCISSORS; Hidden - current U.S. status unverified.
SLOT-65FFA3703B,PRD-24AE19F5D2,THORACOSCOPY_SCISSORS,Unverified candidate,No,Exact fit for THORACOSCOPY_SCISSORS; Hidden - current U.S. status unverified.
SLOT-0037091804,PRD-EEA17CA0DB,THORACOSCOPY_PROBE,Unverified candidate,No,Exact fit for THORACOSCOPY_PROBE; Hidden - current U.S. status unverified.
SLOT-0037091804,PRD-0E6A5953F1,THORACOSCOPY_PROBE,Unverified candidate,No,Exact fit for THORACOSCOPY_PROBE; Hidden - current U.S. status unverified.
SLOT-0037091804,PRD-B94F3A417B,THORACOSCOPY_PROBE,Unverified candidate,No,Exact fit for THORACOSCOPY_PROBE; Hidden - current U.S. status unverified.
SLOT-694FCE203D,PRD-75E555BC77,CO2_INSUFFLATOR,Unverified candidate,No,Compatible fit for CO2_INSUFFLATOR; Hidden - current U.S. status unverified.
SLOT-694FCE203D,PRD-48AEE784DD,CO2_INSUFFLATOR,Unverified candidate,No,Compatible fit for CO2_INSUFFLATOR; Hidden - current U.S. status unverified.
SLOT-694FCE203D,PRD-CC458478A5,CO2_INSUFFLATOR,Unverified candidate,No,Compatible fit for CO2_INSUFFLATOR; Hidden - current U.S. status unverified.
SLOT-694FCE203D,PRD-AACBA3F0AD,CO2_INSUFFLATOR,Unverified candidate,No,Exact fit for CO2_INSUFFLATOR; Hidden - current U.S. status unverified.
SLOT-99F995A756,PRD-6CF2953F5E,ENDOBRONCHIAL_BLOCKER,Unverified candidate,No,Exact fit for ENDOBRONCHIAL_BLOCKER; Hidden - current U.S. status unverified.
SLOT-99F995A756,PRD-C41140BA51,ENDOBRONCHIAL_BLOCKER,Unverified candidate,No,Exact fit for ENDOBRONCHIAL_BLOCKER; Hidden - current U.S. status unverified.
SLOT-99F995A756,PRD-85248E91BA,ENDOBRONCHIAL_BLOCKER,Unverified candidate,No,Exact fit for ENDOBRONCHIAL_BLOCKER; Hidden - current U.S. status unverified.
SLOT-99F995A756,PRD-448C184685,ENDOBRONCHIAL_BLOCKER,Unverified candidate,No,Exact fit for ENDOBRONCHIAL_BLOCKER; Hidden - current U.S. status unverified.
SLOT-2947B0846D,PRD-F80927CE1B,DLT_LEFT,Unverified candidate,No,Primary fit for DLT_LEFT; Hidden until verified.
SLOT-2947B0846D,PRD-AAD09EDB4C,DLT_LEFT,Unverified candidate,No,Primary fit for DLT_LEFT; Hidden until verified.
SLOT-2947B0846D,PRD-A47AD72FD5,DLT_LEFT,Unverified candidate,No,Primary fit for DLT_LEFT; Hidden until verified.
SLOT-2947B0846D,PRD-52C5BEC3A1,DLT_LEFT,Unverified candidate,No,Primary fit for DLT_LEFT; Hidden until verified.
SLOT-C3D82E151B,PRD-69C70153C3,DLT_RIGHT,Unverified candidate,No,Primary fit for DLT_RIGHT; Hidden until verified.
SLOT-C3D82E151B,PRD-78D84A6D45,DLT_RIGHT,Unverified candidate,No,Primary fit for DLT_RIGHT; Hidden until verified.
SLOT-C3D82E151B,PRD-BCC4474447,DLT_RIGHT,Unverified candidate,No,Primary fit for DLT_RIGHT; Hidden until verified.
SLOT-C3D82E151B,PRD-E96FD33203,DLT_RIGHT,Unverified candidate,No,Primary fit for DLT_RIGHT; Hidden until verified.
SLOT-1039D6C9E8,PRD-A6CF0E2BA4,FLEX_SCOPE_SINGLE_USE,Unverified candidate,No,Primary fit for FLEX_SCOPE_SINGLE_USE; Hidden until verified.
SLOT-1039D6C9E8,PRD-F2C87C4908,FLEX_SCOPE_SINGLE_USE,Unverified candidate,No,Primary fit for FLEX_SCOPE_SINGLE_USE; Hidden until verified.
SLOT-1039D6C9E8,PRD-E907C0EB2E,FLEX_SCOPE_SINGLE_USE,Unverified candidate,No,Primary fit for FLEX_SCOPE_SINGLE_USE; Hidden until verified.
SLOT-1039D6C9E8,PRD-972FD7E1D0,FLEX_SCOPE_SINGLE_USE,Unverified candidate,No,Primary fit for FLEX_SCOPE_SINGLE_USE; Hidden until verified.
SLOT-1039D6C9E8,PRD-BF2B39F2F3,FLEX_SCOPE_SINGLE_USE,Unverified candidate,No,Primary fit for FLEX_SCOPE_SINGLE_USE; Hidden until verified.
SLOT-1039D6C9E8,PRD-27506A7423,FLEX_SCOPE_SINGLE_USE,Unverified candidate,No,Primary fit for FLEX_SCOPE_SINGLE_USE; Hidden until verified.
SLOT-1039D6C9E8,PRD-212CEA70A3,FLEX_SCOPE_SINGLE_USE,Prototype candidate,Yes,Primary fit for FLEX_SCOPE_SINGLE_USE; source-backed and prototype-visible.
SLOT-1039D6C9E8,PRD-34895D701B,FLEX_SCOPE_SINGLE_USE,Prototype candidate,Yes,Primary fit for FLEX_SCOPE_SINGLE_USE; source-backed and prototype-visible.
SLOT-1039D6C9E8,PRD-7C8F860816,FLEX_SCOPE_SINGLE_USE,Prototype candidate,Yes,Primary fit for FLEX_SCOPE_SINGLE_USE; source-backed and prototype-visible.
SLOT-1039D6C9E8,PRD-9CE6992373,FLEX_SCOPE_SINGLE_USE,Prototype candidate,Yes,Primary fit for FLEX_SCOPE_SINGLE_USE; source-backed and prototype-visible.
SLOT-1039D6C9E8,PRD-BC936E9D71,FLEX_SCOPE_SINGLE_USE,Prototype candidate,Yes,Primary fit for FLEX_SCOPE_SINGLE_USE; source-backed and prototype-visible.
SLOT-5B9AA7A469,PRD-CEED2FDA83,VIDEO_PROCESSOR,Unverified candidate,No,Primary fit for VIDEO_PROCESSOR; Hidden until verified.
SLOT-5B9AA7A469,PRD-AE9BC99FAA,VIDEO_PROCESSOR,Unverified candidate,No,Primary fit for VIDEO_PROCESSOR; Hidden until verified.
SLOT-5B9AA7A469,PRD-EA1D57AC9A,VIDEO_PROCESSOR,Prototype candidate,Yes,Primary fit for VIDEO_PROCESSOR; source-backed and prototype-visible.
SLOT-5B9AA7A469,PRD-CE23D2A34E,VIDEO_PROCESSOR,Unverified candidate,No,Exact fit for VIDEO_PROCESSOR; Hidden - current U.S. status unverified.
SLOT-ECF1B0860E,PRD-BDA5B2EF14,CHEST_TUBE_SMALL_BORE,Unverified candidate,No,Primary fit for CHEST_TUBE_SMALL_BORE; Hidden - exact configuration table required.
SLOT-ECF1B0860E,PRD-F351B4D76F,CHEST_TUBE_SMALL_BORE,Unverified candidate,No,Primary fit for CHEST_TUBE_SMALL_BORE; Hidden until verified.
SLOT-ECF1B0860E,PRD-0410844D48,CHEST_TUBE_SMALL_BORE,Unverified candidate,No,Primary fit for CHEST_TUBE_SMALL_BORE; Hidden - exact configuration table required.
SLOT-ECF1B0860E,PRD-F7FFFFA87F,CHEST_TUBE_SMALL_BORE,Unverified candidate,No,Primary fit for CHEST_TUBE_SMALL_BORE; Hidden until verified.
SLOT-ECF1B0860E,PRD-993D8701CA,CHEST_TUBE_SMALL_BORE,Unverified candidate,No,Primary fit for CHEST_TUBE_SMALL_BORE; Hidden until verified.
SLOT-ECF1B0860E,PRD-C0FA666A98,CHEST_TUBE_SMALL_BORE,Unverified candidate,No,Primary fit for CHEST_TUBE_SMALL_BORE; Hidden until verified.
SLOT-ECF1B0860E,PRD-A88AEE6442,CHEST_TUBE_SMALL_BORE,Unverified candidate,No,Exact fit for CHEST_TUBE_SMALL_BORE; Hidden - current U.S. status unverified.
SLOT-ECF1B0860E,PRD-B1E837841F,CHEST_TUBE_SMALL_BORE,Prototype candidate,Yes,Exact fit for CHEST_TUBE_SMALL_BORE; source-backed and prototype-visible.
SLOT-506C864DCC,PRD-6CF2953F5E,ENDOBRONCHIAL_BLOCKER,Unverified candidate,No,Exact fit for ENDOBRONCHIAL_BLOCKER; Hidden - current U.S. status unverified.
SLOT-506C864DCC,PRD-C41140BA51,ENDOBRONCHIAL_BLOCKER,Unverified candidate,No,Exact fit for ENDOBRONCHIAL_BLOCKER; Hidden - current U.S. status unverified.
SLOT-506C864DCC,PRD-85248E91BA,ENDOBRONCHIAL_BLOCKER,Unverified candidate,No,Exact fit for ENDOBRONCHIAL_BLOCKER; Hidden - current U.S. status unverified.
SLOT-506C864DCC,PRD-448C184685,ENDOBRONCHIAL_BLOCKER,Unverified candidate,No,Exact fit for ENDOBRONCHIAL_BLOCKER; Hidden - current U.S. status unverified.
SLOT-D49EAA8281,PRD-9CE6992373,FLEX_SCOPE_THERAPEUTIC,Prototype candidate,Yes,Primary fit for FLEX_SCOPE_THERAPEUTIC; source-backed and prototype-visible.
SLOT-D49EAA8281,PRD-BC936E9D71,FLEX_SCOPE_THERAPEUTIC,Prototype candidate,Yes,Primary fit for FLEX_SCOPE_THERAPEUTIC; source-backed and prototype-visible.
SLOT-D49EAA8281,PRD-4A04124FF2,FLEX_SCOPE_THERAPEUTIC,Unverified candidate,No,Primary fit for FLEX_SCOPE_THERAPEUTIC; Hidden until verified.
SLOT-A24CA7DB72,PRD-CEED2FDA83,VIDEO_PROCESSOR,Unverified candidate,No,Primary fit for VIDEO_PROCESSOR; Hidden until verified.
SLOT-A24CA7DB72,PRD-AE9BC99FAA,VIDEO_PROCESSOR,Unverified candidate,No,Primary fit for VIDEO_PROCESSOR; Hidden until verified.
SLOT-A24CA7DB72,PRD-EA1D57AC9A,VIDEO_PROCESSOR,Prototype candidate,Yes,Primary fit for VIDEO_PROCESSOR; source-backed and prototype-visible.
SLOT-A24CA7DB72,PRD-CE23D2A34E,VIDEO_PROCESSOR,Unverified candidate,No,Exact fit for VIDEO_PROCESSOR; Hidden - current U.S. status unverified.
SLOT-B14DF27813,PRD-34234ED158,EBV_VALVE,Prototype candidate,Yes,Primary fit for EBV_VALVE; source-backed and prototype-visible.
SLOT-B14DF27813,PRD-B9B15302A7,EBV_VALVE,Prototype candidate,Yes,Primary fit for EBV_VALVE; source-backed and prototype-visible.
SLOT-B14DF27813,PRD-0A2A8CB33F,EBV_VALVE,Prototype candidate,Yes,Primary fit for EBV_VALVE; source-backed and prototype-visible.
SLOT-B14DF27813,PRD-69DB2A28A9,EBV_VALVE,Prototype candidate,Yes,Primary fit for EBV_VALVE; source-backed and prototype-visible.
SLOT-B14DF27813,PRD-6C43A37366,EBV_VALVE,Unverified candidate,No,Primary fit for EBV_VALVE; Hidden until verified.
SLOT-B14DF27813,PRD-02AD30BCD3,EBV_VALVE,Unverified candidate,No,Primary fit for EBV_VALVE; Hidden until verified.
SLOT-B14DF27813,PRD-C12AB8BEA4,EBV_VALVE,Unverified candidate,No,Primary fit for EBV_VALVE; Hidden until verified.
SLOT-B14DF27813,PRD-FDC723362C,EBV_VALVE,Unverified candidate,No,Primary fit for EBV_VALVE; Hidden until verified.
SLOT-D48FE87D5A,PRD-A85A76CB3E,EBV_DELIVERY_CATHETER,Prototype candidate,Yes,Primary fit for EBV_DELIVERY_CATHETER; source-backed and prototype-visible.
SLOT-D48FE87D5A,PRD-6EE929E70C,EBV_DELIVERY_CATHETER,Unverified candidate,No,Primary fit for EBV_DELIVERY_CATHETER; Hidden until verified.
SLOT-D48FE87D5A,PRD-737BCEA43F,EBV_DELIVERY_CATHETER,Unverified candidate,No,Primary fit for EBV_DELIVERY_CATHETER; Hidden until verified.
SLOT-D48FE87D5A,PRD-0A72BF7A79,EBV_DELIVERY_CATHETER,Unverified candidate,No,Primary fit for EBV_DELIVERY_CATHETER; Hidden until verified.
SLOT-6AC64B5E3D,PRD-9844E2B578,FOREIGN_BODY_FORCEPS_FLEX,Prototype candidate,Yes,Primary fit for FOREIGN_BODY_FORCEPS_FLEX; source-backed and prototype-visible.
SLOT-6AC64B5E3D,PRD-D630438171,FOREIGN_BODY_FORCEPS_FLEX,Prototype candidate,Yes,Primary fit for FOREIGN_BODY_FORCEPS_FLEX; source-backed and prototype-visible.
SLOT-6AC64B5E3D,PRD-2677F0C69F,FOREIGN_BODY_FORCEPS_FLEX,Prototype candidate,Yes,Primary fit for FOREIGN_BODY_FORCEPS_FLEX; source-backed and prototype-visible.
SLOT-6AC64B5E3D,PRD-D5A6823E45,FOREIGN_BODY_FORCEPS_FLEX,Prototype candidate,Yes,Primary fit for FOREIGN_BODY_FORCEPS_FLEX; source-backed and prototype-visible.
SLOT-6AC64B5E3D,PRD-C88B1CD284,FOREIGN_BODY_FORCEPS_FLEX,Prototype candidate,Yes,Primary fit for FOREIGN_BODY_FORCEPS_FLEX; source-backed and prototype-visible.
SLOT-6AC64B5E3D,PRD-9C633556C2,FOREIGN_BODY_FORCEPS_FLEX,Prototype candidate,Yes,Primary fit for FOREIGN_BODY_FORCEPS_FLEX; source-backed and prototype-visible.
SLOT-6AC64B5E3D,PRD-BEB189750B,FOREIGN_BODY_FORCEPS_FLEX,Prototype candidate,Yes,Primary fit for FOREIGN_BODY_FORCEPS_FLEX; source-backed and prototype-visible.
SLOT-6AC64B5E3D,PRD-0F30F277C1,FOREIGN_BODY_FORCEPS_FLEX,Unverified candidate,No,Exact fit for FOREIGN_BODY_FORCEPS_FLEX; Hidden - current U.S. status unverified.
SLOT-030A408C27,PRD-BDA5B2EF14,CHEST_TUBE_SMALL_BORE,Unverified candidate,No,Primary fit for CHEST_TUBE_SMALL_BORE; Hidden - exact configuration table required.
SLOT-030A408C27,PRD-F351B4D76F,CHEST_TUBE_SMALL_BORE,Unverified candidate,No,Primary fit for CHEST_TUBE_SMALL_BORE; Hidden until verified.
SLOT-030A408C27,PRD-0410844D48,CHEST_TUBE_SMALL_BORE,Unverified candidate,No,Primary fit for CHEST_TUBE_SMALL_BORE; Hidden - exact configuration table required.
SLOT-030A408C27,PRD-F7FFFFA87F,CHEST_TUBE_SMALL_BORE,Unverified candidate,No,Primary fit for CHEST_TUBE_SMALL_BORE; Hidden until verified.
SLOT-030A408C27,PRD-993D8701CA,CHEST_TUBE_SMALL_BORE,Unverified candidate,No,Primary fit for CHEST_TUBE_SMALL_BORE; Hidden until verified.
SLOT-030A408C27,PRD-C0FA666A98,CHEST_TUBE_SMALL_BORE,Unverified candidate,No,Primary fit for CHEST_TUBE_SMALL_BORE; Hidden until verified.
SLOT-030A408C27,PRD-A88AEE6442,CHEST_TUBE_SMALL_BORE,Unverified candidate,No,Exact fit for CHEST_TUBE_SMALL_BORE; Hidden - current U.S. status unverified.
SLOT-030A408C27,PRD-B1E837841F,CHEST_TUBE_SMALL_BORE,Prototype candidate,Yes,Exact fit for CHEST_TUBE_SMALL_BORE; source-backed and prototype-visible.
SLOT-639A3A4E14,PRD-6D6BE53B9B,EBV_SIZING_KIT,Prototype candidate,Yes,Primary fit for EBV_SIZING_KIT; source-backed and prototype-visible.
SLOT-C657258C05,PRD-039120780F,EBV_SIZING_BALLOON,Prototype candidate,Yes,Primary fit for EBV_SIZING_BALLOON; source-backed and prototype-visible.
SLOT-C657258C05,PRD-6B70F708B5,EBV_SIZING_BALLOON,Prototype candidate,Yes,Primary fit for EBV_SIZING_BALLOON; source-backed and prototype-visible.
SLOT-A13A73CA93,PRD-B9381E6DD2,THORACENTESIS_KIT,Unverified candidate,No,Primary fit for THORACENTESIS_KIT; Hidden until verified.
SLOT-A13A73CA93,PRD-31DA7C7FF7,THORACENTESIS_KIT,Unverified candidate,No,Primary fit for THORACENTESIS_KIT; Hidden until verified.
SLOT-A13A73CA93,PRD-9371C2567D,THORACENTESIS_KIT,Unverified candidate,No,Primary fit for THORACENTESIS_KIT; Hidden until verified.
SLOT-A13A73CA93,PRD-D77666DBD4,THORACENTESIS_KIT,Unverified candidate,No,Primary fit for THORACENTESIS_KIT; Hidden until verified.
SLOT-A13A73CA93,PRD-C2C49B88CC,THORACENTESIS_KIT,Unverified candidate,No,Primary fit for THORACENTESIS_KIT; Hidden until verified.
SLOT-A13A73CA93,PRD-184B3719A2,THORACENTESIS_KIT,Unverified candidate,No,Primary fit for THORACENTESIS_KIT; Hidden until verified.
SLOT-A13A73CA93,PRD-806A35FA67,THORACENTESIS_KIT,Unverified candidate,No,Primary fit for THORACENTESIS_KIT; Hidden until verified.
SLOT-A13A73CA93,PRD-FCEC968C4E,THORACENTESIS_KIT,Unverified candidate,No,Primary fit for THORACENTESIS_KIT; Hidden until verified.
SLOT-A13A73CA93,PRD-8E8D4D1565,THORACENTESIS_KIT,Unverified candidate,No,Primary fit for THORACENTESIS_KIT; Hidden until verified.
SLOT-A13A73CA93,PRD-BEE0D63766,THORACENTESIS_KIT,Unverified candidate,No,Primary fit for THORACENTESIS_KIT; Hidden until verified.
SLOT-A13A73CA93,PRD-F5AE18C06E,THORACENTESIS_KIT,Unverified candidate,No,Primary fit for THORACENTESIS_KIT; Hidden until verified.
SLOT-A13A73CA93,PRD-A4575632E4,THORACENTESIS_KIT,Unverified candidate,No,Primary fit for THORACENTESIS_KIT; Hidden until verified.
SLOT-A13A73CA93,PRD-A72E811F09,THORACENTESIS_KIT,Unverified candidate,No,Primary fit for THORACENTESIS_KIT; Hidden until verified.
SLOT-C174DA0A4E,PRD-FD34401E04,PLEURAL_DRAINAGE_ACCESSORY,Unverified candidate,No,Primary fit for PLEURAL_DRAINAGE_ACCESSORY; Hidden - exact configuration table required.
SLOT-C174DA0A4E,PRD-1CCEDCCC76,PLEURAL_DRAINAGE_ACCESSORY,Unverified candidate,No,Primary fit for PLEURAL_DRAINAGE_ACCESSORY; Hidden - exact configuration table required.
SLOT-C174DA0A4E,PRD-070884900C,PLEURAL_DRAINAGE_ACCESSORY,Unverified candidate,No,Primary fit for PLEURAL_DRAINAGE_ACCESSORY; Hidden - exact configuration table required.
SLOT-C174DA0A4E,PRD-9428EBB5CF,PLEURAL_DRAINAGE_ACCESSORY,Unverified candidate,No,Primary fit for PLEURAL_DRAINAGE_ACCESSORY; Hidden - exact configuration table required.
SLOT-C174DA0A4E,PRD-10959CEA29,PLEURAL_DRAINAGE_ACCESSORY,Prototype candidate,Yes,Compatible fit for PLEURAL_DRAINAGE_ACCESSORY; source-backed and prototype-visible.
SLOT-C174DA0A4E,PRD-5C99BF6AB0,PLEURAL_DRAINAGE_ACCESSORY,Prototype candidate,Yes,Compatible fit for PLEURAL_DRAINAGE_ACCESSORY; source-backed and prototype-visible.
SLOT-C174DA0A4E,PRD-0E088FC681,PLEURAL_DRAINAGE_ACCESSORY,Prototype candidate,Yes,Compatible fit for PLEURAL_DRAINAGE_ACCESSORY; source-backed and prototype-visible.
SLOT-C174DA0A4E,PRD-56DF49383B,PLEURAL_DRAINAGE_ACCESSORY,Prototype candidate,Yes,Compatible fit for PLEURAL_DRAINAGE_ACCESSORY; source-backed and prototype-visible.
SLOT-C174DA0A4E,PRD-F96AA87958,PLEURAL_DRAINAGE_ACCESSORY,Prototype candidate,Yes,Compatible fit for PLEURAL_DRAINAGE_ACCESSORY; source-backed and prototype-visible.
SLOT-C174DA0A4E,PRD-8D82B325C6,PLEURAL_DRAINAGE_ACCESSORY,Prototype candidate,Yes,Compatible fit for PLEURAL_DRAINAGE_ACCESSORY; source-backed and prototype-visible.
SLOT-C174DA0A4E,PRD-7578C8D45A,PLEURAL_DRAINAGE_ACCESSORY,Prototype candidate,Yes,Compatible fit for PLEURAL_DRAINAGE_ACCESSORY; source-backed and prototype-visible.
SLOT-C174DA0A4E,PRD-2E6996BA6A,PLEURAL_DRAINAGE_ACCESSORY,Prototype candidate,Yes,Compatible fit for PLEURAL_DRAINAGE_ACCESSORY; source-backed and prototype-visible.
SLOT-C174DA0A4E,PRD-6E2197DFEE,PLEURAL_DRAINAGE_ACCESSORY,Prototype candidate,Yes,Compatible fit for PLEURAL_DRAINAGE_ACCESSORY; source-backed and prototype-visible.
SLOT-C174DA0A4E,PRD-F3BBB75E29,PLEURAL_DRAINAGE_ACCESSORY,Prototype candidate,Yes,Compatible fit for PLEURAL_DRAINAGE_ACCESSORY; source-backed and prototype-visible.
SLOT-C174DA0A4E,PRD-D3E1DD19D2,PLEURAL_DRAINAGE_ACCESSORY,Prototype candidate,Yes,Compatible fit for PLEURAL_DRAINAGE_ACCESSORY; source-backed and prototype-visible.
SLOT-708736B8C2,PRD-BDA5B2EF14,CHEST_TUBE_SMALL_BORE,Unverified candidate,No,Primary fit for CHEST_TUBE_SMALL_BORE; Hidden - exact configuration table required.
SLOT-708736B8C2,PRD-F351B4D76F,CHEST_TUBE_SMALL_BORE,Unverified candidate,No,Primary fit for CHEST_TUBE_SMALL_BORE; Hidden until verified.
SLOT-708736B8C2,PRD-0410844D48,CHEST_TUBE_SMALL_BORE,Unverified candidate,No,Primary fit for CHEST_TUBE_SMALL_BORE; Hidden - exact configuration table required.
SLOT-708736B8C2,PRD-F7FFFFA87F,CHEST_TUBE_SMALL_BORE,Unverified candidate,No,Primary fit for CHEST_TUBE_SMALL_BORE; Hidden until verified.
SLOT-708736B8C2,PRD-993D8701CA,CHEST_TUBE_SMALL_BORE,Unverified candidate,No,Primary fit for CHEST_TUBE_SMALL_BORE; Hidden until verified.
SLOT-708736B8C2,PRD-C0FA666A98,CHEST_TUBE_SMALL_BORE,Unverified candidate,No,Primary fit for CHEST_TUBE_SMALL_BORE; Hidden until verified.
SLOT-708736B8C2,PRD-A88AEE6442,CHEST_TUBE_SMALL_BORE,Unverified candidate,No,Exact fit for CHEST_TUBE_SMALL_BORE; Hidden - current U.S. status unverified.
SLOT-708736B8C2,PRD-B1E837841F,CHEST_TUBE_SMALL_BORE,Prototype candidate,Yes,Exact fit for CHEST_TUBE_SMALL_BORE; source-backed and prototype-visible.
SLOT-D5C3DB0027,PRD-F008B12AC0,CHEST_TUBE_LARGE_BORE,Unverified candidate,No,Primary fit for CHEST_TUBE_LARGE_BORE; Hidden until verified.
SLOT-D5C3DB0027,PRD-70B4B5EA83,CHEST_TUBE_LARGE_BORE,Unverified candidate,No,Primary fit for CHEST_TUBE_LARGE_BORE; Hidden until verified.
SLOT-D5C3DB0027,PRD-6DBE766019,CHEST_TUBE_LARGE_BORE,Unverified candidate,No,Primary fit for CHEST_TUBE_LARGE_BORE; Hidden until verified.
SLOT-D5C3DB0027,PRD-FE028163EB,CHEST_TUBE_LARGE_BORE,Unverified candidate,No,Primary fit for CHEST_TUBE_LARGE_BORE; Hidden until verified.
SLOT-D5C3DB0027,PRD-49A7F962D0,CHEST_TUBE_LARGE_BORE,Unverified candidate,No,Primary fit for CHEST_TUBE_LARGE_BORE; Hidden until verified.
SLOT-4D849E266F,PRD-DD4AFE7DE4,CHEST_TUBE_SURGICAL,Unverified candidate,No,Primary fit for CHEST_TUBE_SURGICAL; Hidden until verified.
SLOT-4D849E266F,PRD-6DAF9E3AA4,CHEST_TUBE_SURGICAL,Unverified candidate,No,Primary fit for CHEST_TUBE_SURGICAL; Hidden until verified.
SLOT-4D849E266F,PRD-9F5884AD09,CHEST_TUBE_SURGICAL,Unverified candidate,No,Primary fit for CHEST_TUBE_SURGICAL; Hidden until verified.
SLOT-4D849E266F,PRD-3EDAA08D62,CHEST_TUBE_SURGICAL,Unverified candidate,No,Primary fit for CHEST_TUBE_SURGICAL; Hidden until verified.
SLOT-4D849E266F,PRD-1F48992C6C,CHEST_TUBE_SURGICAL,Unverified candidate,No,Primary fit for CHEST_TUBE_SURGICAL; Hidden until verified.
SLOT-4D849E266F,PRD-3A27A7B76D,CHEST_TUBE_SURGICAL,Unverified candidate,No,Primary fit for CHEST_TUBE_SURGICAL; Hidden until verified.
SLOT-4D849E266F,PRD-8776B50EA8,CHEST_TUBE_SURGICAL,Unverified candidate,No,Primary fit for CHEST_TUBE_SURGICAL; Hidden until verified.
SLOT-4D849E266F,PRD-C73E87B7EE,CHEST_TUBE_SURGICAL,Unverified candidate,No,Primary fit for CHEST_TUBE_SURGICAL; Hidden until verified.
SLOT-4D849E266F,PRD-6C9FB1DC9F,CHEST_TUBE_SURGICAL,Unverified candidate,No,Primary fit for CHEST_TUBE_SURGICAL; Hidden until verified.
SLOT-4D849E266F,PRD-90D21D9281,CHEST_TUBE_SURGICAL,Unverified candidate,No,Primary fit for CHEST_TUBE_SURGICAL; Hidden until verified.
SLOT-4D849E266F,PRD-F8B8727229,CHEST_TUBE_SURGICAL,Unverified candidate,No,Primary fit for CHEST_TUBE_SURGICAL; Hidden until verified.
SLOT-4D849E266F,PRD-FD3915EF93,CHEST_TUBE_SURGICAL,Unverified candidate,No,Primary fit for CHEST_TUBE_SURGICAL; Hidden until verified.
SLOT-4D849E266F,PRD-36D0F6CBA0,CHEST_TUBE_SURGICAL,Unverified candidate,No,Primary fit for CHEST_TUBE_SURGICAL; Hidden until verified.
SLOT-4D849E266F,PRD-27CF357590,CHEST_TUBE_SURGICAL,Unverified candidate,No,Primary fit for CHEST_TUBE_SURGICAL; Hidden until verified.
SLOT-4D849E266F,PRD-2CE58D8A14,CHEST_TUBE_SURGICAL,Unverified candidate,No,Primary fit for CHEST_TUBE_SURGICAL; Hidden until verified.
SLOT-4D849E266F,PRD-1CBA97E863,CHEST_TUBE_SURGICAL,Unverified candidate,No,Primary fit for CHEST_TUBE_SURGICAL; Hidden until verified.
SLOT-20D17E94D4,PRD-7518A5B1E1,PNEUMOTHORAX_KIT,Unverified candidate,No,Primary fit for PNEUMOTHORAX_KIT; Hidden - exact configuration table required.
SLOT-20D17E94D4,PRD-6F32150552,PNEUMOTHORAX_KIT,Unverified candidate,No,Primary fit for PNEUMOTHORAX_KIT; Hidden - exact configuration table required.
SLOT-20D17E94D4,PRD-848FD7C902,PNEUMOTHORAX_KIT,Unverified candidate,No,Primary fit for PNEUMOTHORAX_KIT; Hidden - exact configuration table required.
SLOT-20D17E94D4,PRD-12231F4168,PNEUMOTHORAX_KIT,Unverified candidate,No,Primary fit for PNEUMOTHORAX_KIT; Hidden - exact configuration table required.
SLOT-20D17E94D4,PRD-8C6C29BE46,PNEUMOTHORAX_KIT,Unverified candidate,No,Primary fit for PNEUMOTHORAX_KIT; Hidden - exact configuration table required.
SLOT-20D17E94D4,PRD-7E17F5F17E,PNEUMOTHORAX_KIT,Unverified candidate,No,Primary fit for PNEUMOTHORAX_KIT; Hidden until verified.
SLOT-D02F71E583,PRD-78DC6578D9,IPC_INSERTION_KIT,Unverified candidate,No,Primary fit for IPC_INSERTION_KIT; Hidden until verified.
SLOT-D02F71E583,PRD-4423366610,IPC_INSERTION_KIT,Unverified candidate,No,Primary fit for IPC_INSERTION_KIT; Hidden until verified.
SLOT-D02F71E583,PRD-E2A3EFD37E,IPC_INSERTION_KIT,Unverified candidate,No,Primary fit for IPC_INSERTION_KIT; Hidden until verified.
SLOT-D02F71E583,PRD-460DB62059,IPC_INSERTION_KIT,Prototype candidate,Yes,Exact fit for IPC_INSERTION_KIT; source-backed and prototype-visible.
SLOT-D02F71E583,PRD-FEAA795BDD,IPC_INSERTION_KIT,Prototype candidate,Yes,Primary fit for IPC_INSERTION_KIT; source-backed and prototype-visible.
SLOT-D02F71E583,PRD-F54D35983D,IPC_INSERTION_KIT,Prototype candidate,Yes,Exact fit for IPC_INSERTION_KIT; source-backed and prototype-visible.
SLOT-D02F71E583,PRD-6A7E037C55,IPC_INSERTION_KIT,Prototype candidate,Yes,Exact fit for IPC_INSERTION_KIT; source-backed and prototype-visible.
SLOT-D02F71E583,PRD-6D1BDDE146,IPC_INSERTION_KIT,Prototype candidate,Yes,Primary fit for IPC_INSERTION_KIT; source-backed and prototype-visible.
SLOT-D02F71E583,PRD-3A7C0C418C,IPC_INSERTION_KIT,Prototype candidate,Yes,Exact fit for IPC_INSERTION_KIT; source-backed and prototype-visible.
SLOT-D02F71E583,PRD-412ADCED34,IPC_INSERTION_KIT,Prototype candidate,Yes,Exact fit for IPC_INSERTION_KIT; source-backed and prototype-visible.
SLOT-D02F71E583,PRD-6B7E932D54,IPC_INSERTION_KIT,Prototype candidate,Yes,Exact fit for IPC_INSERTION_KIT; source-backed and prototype-visible.
SLOT-D02F71E583,PRD-13CE349B91,IPC_INSERTION_KIT,Prototype candidate,Yes,Exact fit for IPC_INSERTION_KIT; source-backed and prototype-visible.
SLOT-D02F71E583,PRD-22A349ADEC,IPC_INSERTION_KIT,Prototype candidate,Yes,Primary fit for IPC_INSERTION_KIT; source-backed and prototype-visible.
SLOT-B4E5C6A7A9,PRD-B2B0419598,IPC_DRAINAGE_KIT,Unverified candidate,No,Primary fit for IPC_DRAINAGE_KIT; Hidden until verified.
SLOT-B4E5C6A7A9,PRD-41BA4FDFE6,IPC_DRAINAGE_KIT,Unverified candidate,No,Primary fit for IPC_DRAINAGE_KIT; Hidden until verified.
SLOT-B4E5C6A7A9,PRD-77C1FEFC4F,IPC_DRAINAGE_KIT,Prototype candidate,Yes,Exact fit for IPC_DRAINAGE_KIT; source-backed and prototype-visible.
SLOT-B4E5C6A7A9,PRD-CC55BDA6C8,IPC_DRAINAGE_KIT,Prototype candidate,Yes,Exact fit for IPC_DRAINAGE_KIT; source-backed and prototype-visible.
SLOT-B4E5C6A7A9,PRD-A5F6B25BCB,IPC_DRAINAGE_KIT,Prototype candidate,Yes,Exact fit for IPC_DRAINAGE_KIT; source-backed and prototype-visible.
SLOT-B4E5C6A7A9,PRD-6F8A951376,IPC_DRAINAGE_KIT,Prototype candidate,Yes,Exact fit for IPC_DRAINAGE_KIT; source-backed and prototype-visible.
SLOT-B4E5C6A7A9,PRD-2C648B78A4,IPC_DRAINAGE_KIT,Prototype candidate,Yes,Exact fit for IPC_DRAINAGE_KIT; source-backed and prototype-visible.
SLOT-B4E5C6A7A9,PRD-22A349ADEC,IPC_DRAINAGE_KIT,Prototype candidate,Yes,Exact fit for IPC_DRAINAGE_KIT; source-backed and prototype-visible.
SLOT-B4E5C6A7A9,PRD-A8F80E7C94,IPC_DRAINAGE_KIT,Prototype candidate,Yes,Exact fit for IPC_DRAINAGE_KIT; source-backed and prototype-visible.
SLOT-B4E5C6A7A9,PRD-BACF8FDE9B,IPC_DRAINAGE_KIT,Prototype candidate,Yes,Exact fit for IPC_DRAINAGE_KIT; source-backed and prototype-visible.
SLOT-B4E5C6A7A9,PRD-9FFD95C095,IPC_DRAINAGE_KIT,Prototype candidate,Yes,Exact fit for IPC_DRAINAGE_KIT; source-backed and prototype-visible.
SLOT-B4E5C6A7A9,PRD-60C171D0E6,IPC_DRAINAGE_KIT,Prototype candidate,Yes,Exact fit for IPC_DRAINAGE_KIT; source-backed and prototype-visible.
SLOT-AECDA16326,PRD-FD34401E04,PLEURAL_DRAINAGE_ACCESSORY,Unverified candidate,No,Primary fit for PLEURAL_DRAINAGE_ACCESSORY; Hidden - exact configuration table required.
SLOT-AECDA16326,PRD-1CCEDCCC76,PLEURAL_DRAINAGE_ACCESSORY,Unverified candidate,No,Primary fit for PLEURAL_DRAINAGE_ACCESSORY; Hidden - exact configuration table required.
SLOT-AECDA16326,PRD-070884900C,PLEURAL_DRAINAGE_ACCESSORY,Unverified candidate,No,Primary fit for PLEURAL_DRAINAGE_ACCESSORY; Hidden - exact configuration table required.
SLOT-AECDA16326,PRD-9428EBB5CF,PLEURAL_DRAINAGE_ACCESSORY,Unverified candidate,No,Primary fit for PLEURAL_DRAINAGE_ACCESSORY; Hidden - exact configuration table required.
SLOT-AECDA16326,PRD-10959CEA29,PLEURAL_DRAINAGE_ACCESSORY,Prototype candidate,Yes,Compatible fit for PLEURAL_DRAINAGE_ACCESSORY; source-backed and prototype-visible.
SLOT-AECDA16326,PRD-5C99BF6AB0,PLEURAL_DRAINAGE_ACCESSORY,Prototype candidate,Yes,Compatible fit for PLEURAL_DRAINAGE_ACCESSORY; source-backed and prototype-visible.
SLOT-AECDA16326,PRD-0E088FC681,PLEURAL_DRAINAGE_ACCESSORY,Prototype candidate,Yes,Compatible fit for PLEURAL_DRAINAGE_ACCESSORY; source-backed and prototype-visible.
SLOT-AECDA16326,PRD-56DF49383B,PLEURAL_DRAINAGE_ACCESSORY,Prototype candidate,Yes,Compatible fit for PLEURAL_DRAINAGE_ACCESSORY; source-backed and prototype-visible.
SLOT-AECDA16326,PRD-F96AA87958,PLEURAL_DRAINAGE_ACCESSORY,Prototype candidate,Yes,Compatible fit for PLEURAL_DRAINAGE_ACCESSORY; source-backed and prototype-visible.
SLOT-AECDA16326,PRD-8D82B325C6,PLEURAL_DRAINAGE_ACCESSORY,Prototype candidate,Yes,Compatible fit for PLEURAL_DRAINAGE_ACCESSORY; source-backed and prototype-visible.
SLOT-AECDA16326,PRD-7578C8D45A,PLEURAL_DRAINAGE_ACCESSORY,Prototype candidate,Yes,Compatible fit for PLEURAL_DRAINAGE_ACCESSORY; source-backed and prototype-visible.
SLOT-AECDA16326,PRD-2E6996BA6A,PLEURAL_DRAINAGE_ACCESSORY,Prototype candidate,Yes,Compatible fit for PLEURAL_DRAINAGE_ACCESSORY; source-backed and prototype-visible.
SLOT-AECDA16326,PRD-6E2197DFEE,PLEURAL_DRAINAGE_ACCESSORY,Prototype candidate,Yes,Compatible fit for PLEURAL_DRAINAGE_ACCESSORY; source-backed and prototype-visible.
SLOT-AECDA16326,PRD-F3BBB75E29,PLEURAL_DRAINAGE_ACCESSORY,Prototype candidate,Yes,Compatible fit for PLEURAL_DRAINAGE_ACCESSORY; source-backed and prototype-visible.
SLOT-AECDA16326,PRD-D3E1DD19D2,PLEURAL_DRAINAGE_ACCESSORY,Prototype candidate,Yes,Compatible fit for PLEURAL_DRAINAGE_ACCESSORY; source-backed and prototype-visible.
SLOT-702914B1CF,PRD-82C2B15804,IPC_DRESSING_KIT,Prototype candidate,Yes,Exact fit for IPC_DRESSING_KIT; source-backed and prototype-visible.
SLOT-702914B1CF,PRD-C6BE641E4E,IPC_DRESSING_KIT,Prototype candidate,Yes,Exact fit for IPC_DRESSING_KIT; source-backed and prototype-visible.
SLOT-67171A33D4,PRD-10959CEA29,IPC_MANAGEMENT_ACCESSORY,Prototype candidate,Yes,Exact fit for IPC_MANAGEMENT_ACCESSORY; source-backed and prototype-visible.
SLOT-67171A33D4,PRD-5C99BF6AB0,IPC_MANAGEMENT_ACCESSORY,Prototype candidate,Yes,Exact fit for IPC_MANAGEMENT_ACCESSORY; source-backed and prototype-visible.
SLOT-67171A33D4,PRD-0E088FC681,IPC_MANAGEMENT_ACCESSORY,Prototype candidate,Yes,Exact fit for IPC_MANAGEMENT_ACCESSORY; source-backed and prototype-visible.
SLOT-67171A33D4,PRD-56DF49383B,IPC_MANAGEMENT_ACCESSORY,Prototype candidate,Yes,Exact fit for IPC_MANAGEMENT_ACCESSORY; source-backed and prototype-visible.
SLOT-67171A33D4,PRD-F96AA87958,IPC_MANAGEMENT_ACCESSORY,Prototype candidate,Yes,Exact fit for IPC_MANAGEMENT_ACCESSORY; source-backed and prototype-visible.
SLOT-67171A33D4,PRD-8D82B325C6,IPC_MANAGEMENT_ACCESSORY,Prototype candidate,Yes,Exact fit for IPC_MANAGEMENT_ACCESSORY; source-backed and prototype-visible.
SLOT-67171A33D4,PRD-7578C8D45A,IPC_MANAGEMENT_ACCESSORY,Prototype candidate,Yes,Exact fit for IPC_MANAGEMENT_ACCESSORY; source-backed and prototype-visible.
SLOT-67171A33D4,PRD-2E6996BA6A,IPC_MANAGEMENT_ACCESSORY,Prototype candidate,Yes,Exact fit for IPC_MANAGEMENT_ACCESSORY; source-backed and prototype-visible.
SLOT-67171A33D4,PRD-6E2197DFEE,IPC_MANAGEMENT_ACCESSORY,Prototype candidate,Yes,Exact fit for IPC_MANAGEMENT_ACCESSORY; source-backed and prototype-visible.
SLOT-67171A33D4,PRD-F3BBB75E29,IPC_MANAGEMENT_ACCESSORY,Prototype candidate,Yes,Exact fit for IPC_MANAGEMENT_ACCESSORY; source-backed and prototype-visible.
SLOT-67171A33D4,PRD-D3E1DD19D2,IPC_MANAGEMENT_ACCESSORY,Prototype candidate,Yes,Exact fit for IPC_MANAGEMENT_ACCESSORY; source-backed and prototype-visible.
SLOT-1BCF3D0702,PRD-78DC6578D9,IPC_INSERTION_KIT,Unverified candidate,No,Primary fit for IPC_INSERTION_KIT; Hidden until verified.
SLOT-1BCF3D0702,PRD-4423366610,IPC_INSERTION_KIT,Unverified candidate,No,Primary fit for IPC_INSERTION_KIT; Hidden until verified.
SLOT-1BCF3D0702,PRD-E2A3EFD37E,IPC_INSERTION_KIT,Unverified candidate,No,Primary fit for IPC_INSERTION_KIT; Hidden until verified.
SLOT-1BCF3D0702,PRD-460DB62059,IPC_INSERTION_KIT,Prototype candidate,Yes,Exact fit for IPC_INSERTION_KIT; source-backed and prototype-visible.
SLOT-1BCF3D0702,PRD-FEAA795BDD,IPC_INSERTION_KIT,Prototype candidate,Yes,Primary fit for IPC_INSERTION_KIT; source-backed and prototype-visible.
SLOT-1BCF3D0702,PRD-F54D35983D,IPC_INSERTION_KIT,Prototype candidate,Yes,Exact fit for IPC_INSERTION_KIT; source-backed and prototype-visible.
SLOT-1BCF3D0702,PRD-6A7E037C55,IPC_INSERTION_KIT,Prototype candidate,Yes,Exact fit for IPC_INSERTION_KIT; source-backed and prototype-visible.
SLOT-1BCF3D0702,PRD-6D1BDDE146,IPC_INSERTION_KIT,Prototype candidate,Yes,Primary fit for IPC_INSERTION_KIT; source-backed and prototype-visible.
SLOT-1BCF3D0702,PRD-3A7C0C418C,IPC_INSERTION_KIT,Prototype candidate,Yes,Exact fit for IPC_INSERTION_KIT; source-backed and prototype-visible.
SLOT-1BCF3D0702,PRD-412ADCED34,IPC_INSERTION_KIT,Prototype candidate,Yes,Exact fit for IPC_INSERTION_KIT; source-backed and prototype-visible.
SLOT-1BCF3D0702,PRD-6B7E932D54,IPC_INSERTION_KIT,Prototype candidate,Yes,Exact fit for IPC_INSERTION_KIT; source-backed and prototype-visible.
SLOT-1BCF3D0702,PRD-13CE349B91,IPC_INSERTION_KIT,Prototype candidate,Yes,Exact fit for IPC_INSERTION_KIT; source-backed and prototype-visible.
SLOT-1BCF3D0702,PRD-22A349ADEC,IPC_INSERTION_KIT,Prototype candidate,Yes,Primary fit for IPC_INSERTION_KIT; source-backed and prototype-visible.
SLOT-3FBC244FAF,PRD-B2B0419598,IPC_DRAINAGE_KIT,Unverified candidate,No,Primary fit for IPC_DRAINAGE_KIT; Hidden until verified.
SLOT-3FBC244FAF,PRD-41BA4FDFE6,IPC_DRAINAGE_KIT,Unverified candidate,No,Primary fit for IPC_DRAINAGE_KIT; Hidden until verified.
SLOT-3FBC244FAF,PRD-77C1FEFC4F,IPC_DRAINAGE_KIT,Prototype candidate,Yes,Exact fit for IPC_DRAINAGE_KIT; source-backed and prototype-visible.
SLOT-3FBC244FAF,PRD-CC55BDA6C8,IPC_DRAINAGE_KIT,Prototype candidate,Yes,Exact fit for IPC_DRAINAGE_KIT; source-backed and prototype-visible.
SLOT-3FBC244FAF,PRD-A5F6B25BCB,IPC_DRAINAGE_KIT,Prototype candidate,Yes,Exact fit for IPC_DRAINAGE_KIT; source-backed and prototype-visible.
SLOT-3FBC244FAF,PRD-6F8A951376,IPC_DRAINAGE_KIT,Prototype candidate,Yes,Exact fit for IPC_DRAINAGE_KIT; source-backed and prototype-visible.
SLOT-3FBC244FAF,PRD-2C648B78A4,IPC_DRAINAGE_KIT,Prototype candidate,Yes,Exact fit for IPC_DRAINAGE_KIT; source-backed and prototype-visible.
SLOT-3FBC244FAF,PRD-22A349ADEC,IPC_DRAINAGE_KIT,Prototype candidate,Yes,Exact fit for IPC_DRAINAGE_KIT; source-backed and prototype-visible.
SLOT-3FBC244FAF,PRD-A8F80E7C94,IPC_DRAINAGE_KIT,Prototype candidate,Yes,Exact fit for IPC_DRAINAGE_KIT; source-backed and prototype-visible.
SLOT-3FBC244FAF,PRD-BACF8FDE9B,IPC_DRAINAGE_KIT,Prototype candidate,Yes,Exact fit for IPC_DRAINAGE_KIT; source-backed and prototype-visible.
SLOT-3FBC244FAF,PRD-9FFD95C095,IPC_DRAINAGE_KIT,Prototype candidate,Yes,Exact fit for IPC_DRAINAGE_KIT; source-backed and prototype-visible.
SLOT-3FBC244FAF,PRD-60C171D0E6,IPC_DRAINAGE_KIT,Prototype candidate,Yes,Exact fit for IPC_DRAINAGE_KIT; source-backed and prototype-visible.
SLOT-6693BCAEE1,PRD-82C2B15804,IPC_DRESSING_KIT,Prototype candidate,Yes,Exact fit for IPC_DRESSING_KIT; source-backed and prototype-visible.
SLOT-6693BCAEE1,PRD-C6BE641E4E,IPC_DRESSING_KIT,Prototype candidate,Yes,Exact fit for IPC_DRESSING_KIT; source-backed and prototype-visible.
SLOT-1E91C231E5,PRD-10959CEA29,IPC_MANAGEMENT_ACCESSORY,Prototype candidate,Yes,Exact fit for IPC_MANAGEMENT_ACCESSORY; source-backed and prototype-visible.
SLOT-1E91C231E5,PRD-5C99BF6AB0,IPC_MANAGEMENT_ACCESSORY,Prototype candidate,Yes,Exact fit for IPC_MANAGEMENT_ACCESSORY; source-backed and prototype-visible.
SLOT-1E91C231E5,PRD-0E088FC681,IPC_MANAGEMENT_ACCESSORY,Prototype candidate,Yes,Exact fit for IPC_MANAGEMENT_ACCESSORY; source-backed and prototype-visible.
SLOT-1E91C231E5,PRD-56DF49383B,IPC_MANAGEMENT_ACCESSORY,Prototype candidate,Yes,Exact fit for IPC_MANAGEMENT_ACCESSORY; source-backed and prototype-visible.
SLOT-1E91C231E5,PRD-F96AA87958,IPC_MANAGEMENT_ACCESSORY,Prototype candidate,Yes,Exact fit for IPC_MANAGEMENT_ACCESSORY; source-backed and prototype-visible.
SLOT-1E91C231E5,PRD-8D82B325C6,IPC_MANAGEMENT_ACCESSORY,Prototype candidate,Yes,Exact fit for IPC_MANAGEMENT_ACCESSORY; source-backed and prototype-visible.
SLOT-1E91C231E5,PRD-7578C8D45A,IPC_MANAGEMENT_ACCESSORY,Prototype candidate,Yes,Exact fit for IPC_MANAGEMENT_ACCESSORY; source-backed and prototype-visible.
SLOT-1E91C231E5,PRD-2E6996BA6A,IPC_MANAGEMENT_ACCESSORY,Prototype candidate,Yes,Exact fit for IPC_MANAGEMENT_ACCESSORY; source-backed and prototype-visible.
SLOT-1E91C231E5,PRD-6E2197DFEE,IPC_MANAGEMENT_ACCESSORY,Prototype candidate,Yes,Exact fit for IPC_MANAGEMENT_ACCESSORY; source-backed and prototype-visible.
SLOT-1E91C231E5,PRD-F3BBB75E29,IPC_MANAGEMENT_ACCESSORY,Prototype candidate,Yes,Exact fit for IPC_MANAGEMENT_ACCESSORY; source-backed and prototype-visible.
SLOT-1E91C231E5,PRD-D3E1DD19D2,IPC_MANAGEMENT_ACCESSORY,Prototype candidate,Yes,Exact fit for IPC_MANAGEMENT_ACCESSORY; source-backed and prototype-visible.
