product_id,manufacturer,product_name,catalog_number,model_number,research_state,confidence,identity_match_method,udi_assessment,listing_assessment,authorization_finding,manufacturer_finding,conflict_flags,safety_search_status,safety_action_state,safety_action_scope,safety_action_references,visibility_review_eligibility,rationale,unresolved_questions,proposed_human_review_disposition,source_urls,canonical_change_applied
PRD-00C13A59AA,Richard Wolf,TEXAS Tracheoscope Tube ID 17.1 mm,82520.1441,,identity_unresolved,low,exact_manufacturer_catalog_number,all_exact_configurations_ended,family_current_listing,premarket_exempt,current_non_us,identity|model|distribution,searched,no_exact_action_found,unknown,,not_applicable,Identity method: exact_manufacturer_catalog_number. UDI assessment: all_exact_configurations_ended. Manufacturer finding: current_non_us. Plausible records could not be tied conservatively to the exact catalog product.,Can the manufacturer confirm the exact U.S. catalog/model identity?|Does the exact current global manufacturer listing apply to the United States despite the ended UDI evidence?,keep_hidden_identity_unresolved,https://www.richard-wolf.com/mam/data/Typo3/Kataloge/Broncho-_Thorako-_Mediastinoskopie/Thorakale_Endoskopie_en.pdf|https://api.fda.gov/device/udi.json?search=identifiers.id%3A%2204055207033791%22&limit=100|https://api.fda.gov/device/udi.json?search=catalog_number%3A%2282520.1441%22&limit=100|https://api.fda.gov/device/classification.json?search=product_code%3A%22KTI%22&limit=100|https://api.fda.gov/device/registrationlisting.json?search=products.product_code%3A%22KTI%22&limit=100|https://api.fda.gov/device/enforcement.json?search=code_info%3A%2204055207033791%22&limit=100|https://api.fda.gov/device/enforcement.json?search=product_description%3A%2282520.1441%22&limit=100|https://api.fda.gov/device/recall.json?search=product_description%3A%2282520.1441%22&limit=100|https://api.fda.gov/device/recall.json?search=code_info%3A%2204055207033791%22&limit=100,false
PRD-023092D446,Richard Wolf,"Parenchyma Forceps 50 mm, Curved Right",8242.604,,identity_unresolved,low,exact_manufacturer_catalog_number,all_exact_configurations_ended,search_incomplete,premarket_exempt,current_non_us,identity|model|distribution,searched,no_exact_action_found,unknown,,not_applicable,Identity method: exact_manufacturer_catalog_number. UDI assessment: all_exact_configurations_ended. Manufacturer finding: current_non_us. Plausible records could not be tied conservatively to the exact catalog product.,Can the manufacturer confirm the exact U.S. catalog/model identity?|Does the exact current global manufacturer listing apply to the United States despite the ended UDI evidence?,keep_hidden_identity_unresolved,https://www.richard-wolf.com/mam/data/Typo3/Kataloge/Broncho-_Thorako-_Mediastinoskopie/Thorakale_Endoskopie_en.pdf|https://api.fda.gov/device/udi.json?search=identifiers.id%3A%2204055207014653%22&limit=100|https://api.fda.gov/device/udi.json?search=catalog_number%3A%228242.604%22&limit=100|https://api.fda.gov/device/classification.json?search=product_code%3A%22GEN%22&limit=100|https://api.fda.gov/device/enforcement.json?search=code_info%3A%2204055207014653%22&limit=100|https://api.fda.gov/device/enforcement.json?search=product_description%3A%228242.604%22&limit=100|https://api.fda.gov/device/recall.json?search=product_description%3A%228242.604%22&limit=100|https://api.fda.gov/device/recall.json?search=code_info%3A%2204055207014653%22&limit=100,false
PRD-02DC164D77,Medtronic,Shiley Flexible Evac Tracheostomy Tube,9CN90ED,,identity_unresolved,low,family_or_name_only,no_exact_result,no_result,not_found,not_searched,identity|manufacturer,searched,no_exact_action_found,unknown,,not_applicable,Identity method: family_or_name_only. UDI assessment: no_exact_result. Manufacturer finding: not_searched. Plausible records could not be tied conservatively to the exact catalog product.,Can the manufacturer confirm the exact U.S. catalog/model identity?,keep_hidden_identity_unresolved,https://api.fda.gov/device/udi.json?search=version_or_model_number%3A%229CN90ED%22&limit=100|https://api.fda.gov/device/udi.json?search=identifiers.id%3A%2210884521726246%22&limit=100|https://api.fda.gov/device/enforcement.json?search=code_info%3A%2210884521726246%22&limit=100|https://api.fda.gov/device/enforcement.json?search=product_description%3A%229CN90ED%22&limit=100|https://api.fda.gov/device/recall.json?search=code_info%3A%2210884521726246%22&limit=100|https://api.fda.gov/device/recall.json?search=product_description%3A%229CN90ED%22&limit=100,false
PRD-0410844D48,Cook Medical,Fuhrman Pleural/Pneumopericardial Drainage Set and Tray,G55713,,identity_unresolved,low,family_or_name_only,no_exact_result,no_result,not_found,family_only_current,identity|manufacturer,searched,no_exact_action_found,unknown,,not_applicable,Identity method: family_or_name_only. UDI assessment: no_exact_result. Manufacturer finding: family_only_current. Plausible records could not be tied conservatively to the exact catalog product.,Can the manufacturer confirm the exact U.S. catalog/model identity?,keep_hidden_identity_unresolved,https://www.cookmedical.com/products/cc_utpt_webds/|https://api.fda.gov/device/udi.json?search=identifiers.id%3A%2200827002557130%22&limit=100|https://api.fda.gov/device/udi.json?search=version_or_model_number%3A%22G55713%22&limit=100|https://api.fda.gov/device/enforcement.json?search=product_description%3A%22G55713%22&limit=100|https://api.fda.gov/device/enforcement.json?search=code_info%3A%2200827002557130%22&limit=100|https://api.fda.gov/device/recall.json?search=code_info%3A%2200827002557130%22&limit=100|https://api.fda.gov/device/recall.json?search=product_description%3A%22G55713%22&limit=100,false
PRD-04E1CAF545,Medtronic,Shiley Flexible Adult Cuffless Tracheostomy Tube,10UN10H,,identity_unresolved,low,family_or_name_only,no_exact_result,no_result,not_found,not_searched,identity|manufacturer,searched,active_exact_product_action,lot_specific,Z-1357-2023,not_applicable,Identity method: family_or_name_only. UDI assessment: no_exact_result. Manufacturer finding: not_searched. Plausible records could not be tied conservatively to the exact catalog product.,Can the manufacturer confirm the exact U.S. catalog/model identity?,keep_hidden_identity_unresolved,https://api.fda.gov/device/udi.json?search=version_or_model_number%3A%2210UN10H%22&limit=100|https://api.fda.gov/device/udi.json?search=identifiers.id%3A%2220884521176291%22&limit=100|https://api.fda.gov/device/enforcement.json?search=product_description%3A%2210UN10H%22&limit=100|https://api.fda.gov/device/enforcement.json?search=code_info%3A%2220884521176291%22&limit=100|https://api.fda.gov/device/recall.json?search=product_description%3A%2210UN10H%22&limit=100|https://api.fda.gov/device/recall.json?search=code_info%3A%2220884521176291%22&limit=100,false
PRD-050EDDE140,Karl Storz,Laryngeal Atomizer,10454,,identity_unresolved,low,family_or_name_only,no_exact_result,no_result,not_found,no_result,identity|manufacturer,searched,no_exact_action_found,unknown,,not_applicable,Identity method: family_or_name_only. UDI assessment: no_exact_result. Manufacturer finding: no_result. Plausible records could not be tied conservatively to the exact catalog product.,Can the manufacturer confirm the exact U.S. catalog/model identity?,keep_hidden_identity_unresolved,https://www.karlstorz.com/us/en/thoracic-surgery-and-pulmonology.htm|https://api.fda.gov/device/udi.json?search=version_or_model_number%3A%2210454%22&limit=100|https://api.fda.gov/device/udi.json?search=version_or_model_number%3A%2210454%22&limit=100|https://api.fda.gov/device/udi.json?search=version_or_model_number%3A%2210454%22&limit=100|https://api.fda.gov/device/enforcement.json?search=product_description%3A%2210454%22&limit=100|https://api.fda.gov/device/recall.json?search=product_description%3A%2210454%22&limit=100,false
PRD-070884900C,Cook Medical,Multipurpose Plastic Tubing Adapter,G05302,,identity_unresolved,low,family_or_name_only,no_exact_result,no_result,not_found,family_only_current,identity|manufacturer,searched,no_exact_action_found,unknown,,not_applicable,Identity method: family_or_name_only. UDI assessment: no_exact_result. Manufacturer finding: family_only_current. Plausible records could not be tied conservatively to the exact catalog product.,Can the manufacturer confirm the exact U.S. catalog/model identity?,keep_hidden_identity_unresolved,https://www.cookmedical.com/products/cc_utpt_webds/|https://api.fda.gov/device/udi.json?search=version_or_model_number%3A%22G05302%22&limit=100|https://api.fda.gov/device/udi.json?search=identifiers.id%3A%2200827002053021%22&limit=100|https://api.fda.gov/device/enforcement.json?search=product_description%3A%22G05302%22&limit=100|https://api.fda.gov/device/enforcement.json?search=code_info%3A%2200827002053021%22&limit=100|https://api.fda.gov/device/recall.json?search=product_description%3A%22G05302%22&limit=100|https://api.fda.gov/device/recall.json?search=code_info%3A%2200827002053021%22&limit=100,false
PRD-07CDEDC2AB,Teleflex,Arrow Pneumothorax Water-Seal Set,ASK-01500,,identity_unresolved,low,exact_manufacturer_catalog_number,all_exact_configurations_active,exact_current_listing,exact_510k_clearance,no_result,identity|model,searched,active_exact_product_action,lot_specific,Z-2382-2026,not_applicable,Identity method: exact_manufacturer_catalog_number. UDI assessment: all_exact_configurations_active. Manufacturer finding: no_result. Plausible records could not be tied conservatively to the exact catalog product.,Can the manufacturer confirm the exact U.S. catalog/model identity?,keep_hidden_identity_unresolved,https://teleflex.com/usa/en/product-areas/interventional/drainage/arrow-diagnostic-drainage-products/MC-006078_Interventional_DND_Product_Line_Brochure_Final.pdf|https://api.fda.gov/device/udi.json?search=catalog_number%3A%22ASK-01500%22&limit=100|https://api.fda.gov/device/udi.json?search=identifiers.id%3A%2210801902156232%22&limit=100|https://api.fda.gov/device/510k.json?search=k_number%3A%22K904021%22&limit=100|https://api.fda.gov/device/classification.json?search=product_code%3A%22JDC%22&limit=100|https://api.fda.gov/device/registrationlisting.json?search=k_number%3A%22K904021%22&limit=100|https://api.fda.gov/device/enforcement.json?search=product_description%3A%22ASK-01500%22&limit=100|https://api.fda.gov/device/enforcement.json?search=code_info%3A%2210801902156232%22&limit=100|https://api.fda.gov/device/enforcement.json?search=code_info%3A%2220801902156239%22&limit=100|https://api.fda.gov/device/recall.json?search=code_info%3A%2210801902156232%22&limit=100|https://api.fda.gov/device/recall.json?search=k_numbers%3A%22K904021%22&limit=100|https://api.fda.gov/device/recall.json?search=product_description%3A%22ASK-01500%22&limit=100|https://api.fda.gov/device/recall.json?search=code_info%3A%2220801902156239%22&limit=100,false
PRD-095515E20C,Richard Wolf,TEXAS Bronchoscope Tube ID 13 mm,82520.1041,,identity_unresolved,low,exact_manufacturer_catalog_number,all_exact_configurations_ended,family_current_listing,premarket_exempt,current_non_us,identity|model|distribution,searched,no_exact_action_found,unknown,,not_applicable,Identity method: exact_manufacturer_catalog_number. UDI assessment: all_exact_configurations_ended. Manufacturer finding: current_non_us. Plausible records could not be tied conservatively to the exact catalog product.,Can the manufacturer confirm the exact U.S. catalog/model identity?|Does the exact current global manufacturer listing apply to the United States despite the ended UDI evidence?,keep_hidden_identity_unresolved,https://www.richard-wolf.com/mam/data/Typo3/Kataloge/Broncho-_Thorako-_Mediastinoskopie/Thorakale_Endoskopie_en.pdf|https://api.fda.gov/device/udi.json?search=identifiers.id%3A%2204055207033777%22&limit=100|https://api.fda.gov/device/udi.json?search=catalog_number%3A%2282520.1041%22&limit=100|https://api.fda.gov/device/classification.json?search=product_code%3A%22KTI%22&limit=100|https://api.fda.gov/device/registrationlisting.json?search=products.product_code%3A%22KTI%22&limit=100|https://api.fda.gov/device/enforcement.json?search=code_info%3A%2204055207033777%22&limit=100|https://api.fda.gov/device/enforcement.json?search=product_description%3A%2282520.1041%22&limit=100|https://api.fda.gov/device/recall.json?search=product_description%3A%2282520.1041%22&limit=100|https://api.fda.gov/device/recall.json?search=code_info%3A%2204055207033777%22&limit=100,false
PRD-0BAE92E0E1,Cardinal Health,"Sterile Mucus/Specimen Trap, 40 cc",C30200A,,identity_unresolved,low,family_or_name_only,no_exact_result,no_result,not_found,not_searched,identity|manufacturer,searched,no_exact_action_found,unknown,,not_applicable,Identity method: family_or_name_only. UDI assessment: no_exact_result. Manufacturer finding: not_searched. Plausible records could not be tied conservatively to the exact catalog product.,Can the manufacturer confirm the exact U.S. catalog/model identity?,keep_hidden_identity_unresolved,https://api.fda.gov/device/udi.json?search=catalog_number%3A%22C30200A%22&limit=100|https://api.fda.gov/device/udi.json?search=identifiers.id%3A%2210885380119798%22&limit=100|https://api.fda.gov/device/udi.json?search=version_or_model_number%3A%22C30200A%22&limit=100|https://api.fda.gov/device/enforcement.json?search=code_info%3A%2210885380119798%22&limit=100|https://api.fda.gov/device/enforcement.json?search=product_description%3A%22C30200A%22&limit=100|https://api.fda.gov/device/recall.json?search=product_description%3A%22C30200A%22&limit=100|https://api.fda.gov/device/recall.json?search=code_info%3A%2210885380119798%22&limit=100,false
PRD-0BCFAC0926,Richard Wolf,Cotton Swab,8295.35,,identity_unresolved,low,exact_manufacturer_catalog_number,all_exact_configurations_ended,no_result,premarket_exempt,current_non_us,identity|model|distribution,searched,no_exact_action_found,unknown,,not_applicable,Identity method: exact_manufacturer_catalog_number. UDI assessment: all_exact_configurations_ended. Manufacturer finding: current_non_us. Plausible records could not be tied conservatively to the exact catalog product.,Can the manufacturer confirm the exact U.S. catalog/model identity?|Does the exact current global manufacturer listing apply to the United States despite the ended UDI evidence?,keep_hidden_identity_unresolved,https://www.richard-wolf.com/mam/data/Typo3/Kataloge/Broncho-_Thorako-_Mediastinoskopie/Thorakale_Endoskopie_en.pdf|https://api.fda.gov/device/udi.json?search=catalog_number%3A%228295.35%22&limit=100|https://api.fda.gov/device/udi.json?search=identifiers.id%3A%2204055207039717%22&limit=100|https://api.fda.gov/device/classification.json?search=product_code%3A%22EOX%22&limit=100|https://api.fda.gov/device/enforcement.json?search=code_info%3A%2204055207039717%22&limit=100|https://api.fda.gov/device/enforcement.json?search=product_description%3A%228295.35%22&limit=100|https://api.fda.gov/device/recall.json?search=product_description%3A%228295.35%22&limit=100|https://api.fda.gov/device/recall.json?search=code_info%3A%2204055207039717%22&limit=100,false
PRD-0C13E4001B,Richard Wolf,Grasping Forceps for Soft Foreign Bodies,8280.47,,identity_unresolved,low,exact_manufacturer_catalog_number,all_exact_configurations_active,search_incomplete,premarket_exempt,current_non_us,identity|model,searched,no_exact_action_found,unknown,,not_applicable,Identity method: exact_manufacturer_catalog_number. UDI assessment: all_exact_configurations_active. Manufacturer finding: current_non_us. Plausible records could not be tied conservatively to the exact catalog product.,Can the manufacturer confirm the exact U.S. catalog/model identity?|Does the exact current global manufacturer listing apply to the United States despite the ended UDI evidence?,keep_hidden_identity_unresolved,https://www.richard-wolf.com/mam/data/Typo3/Kataloge/Broncho-_Thorako-_Mediastinoskopie/Thorakale_Endoskopie_en.pdf|https://api.fda.gov/device/udi.json?search=catalog_number%3A%228280.47%22&limit=100|https://api.fda.gov/device/udi.json?search=identifiers.id%3A%2204055207039342%22&limit=100|https://api.fda.gov/device/classification.json?search=product_code%3A%22KAE%22&limit=100|https://api.fda.gov/device/enforcement.json?search=code_info%3A%2204055207039342%22&limit=100|https://api.fda.gov/device/enforcement.json?search=product_description%3A%228280.47%22&limit=100|https://api.fda.gov/device/recall.json?search=code_info%3A%2204055207039342%22&limit=100|https://api.fda.gov/device/recall.json?search=product_description%3A%228280.47%22&limit=100,false
PRD-0D6E4DB711,Olympus,ViziShot 2 FLEX EBUS FNA/FNB Needle,NA-U403SX-4019,,identity_unresolved,low,family_or_name_only,no_exact_result,no_result,not_found,not_searched,identity|manufacturer,searched,active_exact_product_action,product_wide,Z-2484-2025,not_applicable,Identity method: family_or_name_only. UDI assessment: no_exact_result. Manufacturer finding: not_searched. Plausible records could not be tied conservatively to the exact catalog product.,Can the manufacturer confirm the exact U.S. catalog/model identity?,keep_hidden_identity_unresolved,https://api.fda.gov/device/udi.json?search=version_or_model_number%3A%22NA-U403SX-4019%22&limit=100|https://api.fda.gov/device/udi.json?search=identifiers.id%3A%2200821925043060%22&limit=100|https://api.fda.gov/device/enforcement.json?search=code_info%3A%2200821925043060%22&limit=100|https://api.fda.gov/device/enforcement.json?search=product_description%3A%22NA-U403SX-4019%22&limit=100|https://api.fda.gov/device/recall.json?search=code_info%3A%2200821925043060%22&limit=100|https://api.fda.gov/device/recall.json?search=product_description%3A%22NA-U403SX-4019%22&limit=100,false
PRD-0E6A5953F1,Richard Wolf,Surgical Probe,8383.66,,identity_unresolved,low,exact_manufacturer_catalog_number,all_exact_configurations_active,search_incomplete,premarket_exempt,current_non_us,identity|model,searched,no_exact_action_found,unknown,,not_applicable,Identity method: exact_manufacturer_catalog_number. UDI assessment: all_exact_configurations_active. Manufacturer finding: current_non_us. Plausible records could not be tied conservatively to the exact catalog product.,Can the manufacturer confirm the exact U.S. catalog/model identity?|Does the exact current global manufacturer listing apply to the United States despite the ended UDI evidence?,keep_hidden_identity_unresolved,https://www.richard-wolf.com/mam/data/Typo3/Kataloge/Broncho-_Thorako-_Mediastinoskopie/Thorakale_Endoskopie_en.pdf|https://api.fda.gov/device/udi.json?search=identifiers.id%3A%2204055207009840%22&limit=100|https://api.fda.gov/device/udi.json?search=catalog_number%3A%228383.66%22&limit=100|https://api.fda.gov/device/classification.json?search=product_code%3A%22FGM%22&limit=100|https://api.fda.gov/device/classification.json?search=product_code%3A%22NWV%22&limit=100|https://api.fda.gov/device/registrationlisting.json?search=products.product_code%3A%22FGM%22&limit=100|https://api.fda.gov/device/registrationlisting.json?search=products.product_code%3A%22NWV%22&limit=100|https://api.fda.gov/device/enforcement.json?search=code_info%3A%2204055207009840%22&limit=100|https://api.fda.gov/device/enforcement.json?search=product_description%3A%228383.66%22&limit=100|https://api.fda.gov/device/recall.json?search=product_description%3A%228383.66%22&limit=100|https://api.fda.gov/device/recall.json?search=code_info%3A%2204055207009840%22&limit=100,false
PRD-0F30F277C1,Richard Wolf,Flexible Grasping Forceps,828.651,,identity_unresolved,low,exact_manufacturer_catalog_number,all_exact_configurations_active,search_incomplete,premarket_exempt,current_non_us,identity|model,searched,no_exact_action_found,unknown,,not_applicable,Identity method: exact_manufacturer_catalog_number. UDI assessment: all_exact_configurations_active. Manufacturer finding: current_non_us. Plausible records could not be tied conservatively to the exact catalog product.,Can the manufacturer confirm the exact U.S. catalog/model identity?|Does the exact current global manufacturer listing apply to the United States despite the ended UDI evidence?,keep_hidden_identity_unresolved,https://www.richard-wolf.com/mam/data/Typo3/Kataloge/Broncho-_Thorako-_Mediastinoskopie/Thorakale_Endoskopie_en.pdf|https://api.fda.gov/device/udi.json?search=catalog_number%3A%22828.651%22&limit=100|https://api.fda.gov/device/udi.json?search=identifiers.id%3A%2204055207009611%22&limit=100|https://api.fda.gov/device/classification.json?search=product_code%3A%22FCL%22&limit=100|https://api.fda.gov/device/registrationlisting.json?search=products.product_code%3A%22FCL%22&limit=100|https://api.fda.gov/device/enforcement.json?search=code_info%3A%2204055207009611%22&limit=100|https://api.fda.gov/device/enforcement.json?search=product_description%3A%22828.651%22&limit=100|https://api.fda.gov/device/recall.json?search=product_description%3A%22828.651%22&limit=100|https://api.fda.gov/device/recall.json?search=code_info%3A%2204055207009611%22&limit=100,false
PRD-12231F4168,Cook Medical,Wayne Pneumothorax Catheter Set – Trocar,G56532,,identity_unresolved,low,family_or_name_only,no_exact_result,no_result,not_found,current_exact_official_us_product,identity|manufacturer,searched,active_exact_product_action,lot_specific,Z-1791-2026,not_applicable,Identity method: family_or_name_only. UDI assessment: no_exact_result. Manufacturer finding: current_exact_official_us_product. Plausible records could not be tied conservatively to the exact catalog product.,Can the manufacturer confirm the exact U.S. catalog/model identity?,keep_hidden_identity_unresolved,https://www.cookmedical.com/products/cc_utpt_webds/|https://api.fda.gov/device/udi.json?search=identifiers.id%3A%2200827002565326%22&limit=100|https://api.fda.gov/device/udi.json?search=version_or_model_number%3A%22G56532%22&limit=100|https://api.fda.gov/device/enforcement.json?search=code_info%3A%2200827002565326%22&limit=100|https://api.fda.gov/device/enforcement.json?search=product_description%3A%22G56532%22&limit=100|https://api.fda.gov/device/recall.json?search=product_description%3A%22G56532%22&limit=100|https://api.fda.gov/device/recall.json?search=code_info%3A%2200827002565326%22&limit=100,false
PRD-123BAC018B,Richard Wolf,PANOVIEW PLUS Telescope,82514.431,,identity_unresolved,low,exact_manufacturer_catalog_number,all_exact_configurations_active,search_incomplete,not_found,current_non_us,identity|model,searched,no_exact_action_found,unknown,,not_applicable,Identity method: exact_manufacturer_catalog_number. UDI assessment: all_exact_configurations_active. Manufacturer finding: current_non_us. Plausible records could not be tied conservatively to the exact catalog product.,Can the manufacturer confirm the exact U.S. catalog/model identity?|Does the exact current global manufacturer listing apply to the United States despite the ended UDI evidence?,keep_hidden_identity_unresolved,https://www.richard-wolf.com/mam/data/Typo3/Kataloge/Broncho-_Thorako-_Mediastinoskopie/Thorakale_Endoskopie_en.pdf|https://api.fda.gov/device/udi.json?search=identifiers.id%3A%2204055207026441%22&limit=100|https://api.fda.gov/device/udi.json?search=catalog_number%3A%2282514.431%22&limit=100|https://api.fda.gov/device/classification.json?search=product_code%3A%22HET%22&limit=100|https://api.fda.gov/device/registrationlisting.json?search=products.product_code%3A%22HET%22&limit=100|https://api.fda.gov/device/enforcement.json?search=code_info%3A%2204055207026441%22&limit=100|https://api.fda.gov/device/enforcement.json?search=product_description%3A%2282514.431%22&limit=100|https://api.fda.gov/device/recall.json?search=code_info%3A%2204055207026441%22&limit=100|https://api.fda.gov/device/recall.json?search=product_description%3A%2282514.431%22&limit=100,false
PRD-14D0927E5A,Richard Wolf,"Optical Grasping Forceps, Curved Up",82530.0703,,identity_unresolved,low,exact_manufacturer_catalog_number,all_exact_configurations_ended,no_result,premarket_exempt,current_non_us,identity|model|distribution,searched,no_exact_action_found,unknown,,not_applicable,Identity method: exact_manufacturer_catalog_number. UDI assessment: all_exact_configurations_ended. Manufacturer finding: current_non_us. Plausible records could not be tied conservatively to the exact catalog product.,Can the manufacturer confirm the exact U.S. catalog/model identity?|Does the exact current global manufacturer listing apply to the United States despite the ended UDI evidence?,keep_hidden_identity_unresolved,https://www.richard-wolf.com/mam/data/Typo3/Kataloge/Broncho-_Thorako-_Mediastinoskopie/Thorakale_Endoskopie_en.pdf|https://api.fda.gov/device/udi.json?search=identifiers.id%3A%2204055207045893%22&limit=100|https://api.fda.gov/device/udi.json?search=catalog_number%3A%2282530.0703%22&limit=100|https://api.fda.gov/device/classification.json?search=product_code%3A%22BWH%22&limit=100|https://api.fda.gov/device/enforcement.json?search=product_description%3A%2282530.0703%22&limit=100|https://api.fda.gov/device/enforcement.json?search=code_info%3A%2204055207045893%22&limit=100|https://api.fda.gov/device/recall.json?search=code_info%3A%2204055207045893%22&limit=100|https://api.fda.gov/device/recall.json?search=product_description%3A%2282530.0703%22&limit=100,false
PRD-150ECDCD05,Olympus,SSU-2 Simple Suction Unit,SSU-2,,identity_unresolved,low,family_or_name_only,no_exact_result,no_result,not_found,family_only_current,identity|manufacturer,searched,no_exact_action_found,unknown,,not_applicable,Identity method: family_or_name_only. UDI assessment: no_exact_result. Manufacturer finding: family_only_current. Plausible records could not be tied conservatively to the exact catalog product.,Can the manufacturer confirm the exact U.S. catalog/model identity?,keep_hidden_identity_unresolved,https://content.medical.olympusamerica.com/products/accessory-solutions|https://api.fda.gov/device/udi.json?search=version_or_model_number%3A%22SSU-2%22&limit=100|https://api.fda.gov/device/udi.json?search=identifiers.id%3A%2215019778005386%22&limit=100|https://api.fda.gov/device/udi.json?search=version_or_model_number%3A%22SSU-2%22&limit=100|https://api.fda.gov/device/enforcement.json?search=code_info%3A%2215019778005386%22&limit=100|https://api.fda.gov/device/recall.json?search=code_info%3A%2215019778005386%22&limit=100,false
PRD-1517AA42DA,Teleflex,Arrow-Clarke Thoracentesis Kit,AK-01000-J,,identity_unresolved,low,exact_manufacturer_catalog_number,conflicting_exact_configuration_statuses,exact_current_listing,exact_510k_clearance,no_result,identity|model|package_configuration|distribution,searched,historical_exact_product_action,lot_specific,Z-1298-2018,not_applicable,Identity method: exact_manufacturer_catalog_number. UDI assessment: conflicting_exact_configuration_statuses. Manufacturer finding: no_result. Plausible records could not be tied conservatively to the exact catalog product.,Can the manufacturer confirm the exact U.S. catalog/model identity?,keep_hidden_identity_unresolved,https://teleflex.com/usa/en/product-areas/interventional/drainage/arrow-diagnostic-drainage-products/MC-006078_Interventional_DND_Product_Line_Brochure_Final.pdf|https://api.fda.gov/device/udi.json?search=catalog_number%3A%22AK-01000-J%22&limit=100|https://api.fda.gov/device/udi.json?search=identifiers.id%3A%2220801902097969%22&limit=100|https://api.fda.gov/device/udi.json?search=catalog_number%3A%22AK-01000-J%22&limit=100|https://api.fda.gov/device/udi.json?search=catalog_number%3A%22AK-01000-J%22&limit=100|https://api.fda.gov/device/udi.json?search=catalog_number%3A%22AK-01000-J%22&limit=100|https://api.fda.gov/device/udi.json?search=catalog_number%3A%22AK-01000-J%22&limit=100|https://api.fda.gov/device/udi.json?search=catalog_number%3A%22AK-01000-J%22&limit=100|https://api.fda.gov/device/510k.json?search=k_number%3A%22K870572%22&limit=100|https://api.fda.gov/device/classification.json?search=product_code%3A%22JOL%22&limit=100|https://api.fda.gov/device/registrationlisting.json?search=k_number%3A%22K870572%22&limit=100|https://api.fda.gov/device/enforcement.json?search=code_info%3A%2200801902002693%22&limit=100|https://api.fda.gov/device/enforcement.json?search=code_info%3A%2210801902145113%22&limit=100|https://api.fda.gov/device/enforcement.json?search=code_info%3A%2200801902097965%22&limit=100|https://api.fda.gov/device/enforcement.json?search=code_info%3A%2220801902145110%22&limit=100|https://api.fda.gov/device/enforcement.json?search=code_info%3A%2230801902097966%22&limit=100|https://api.fda.gov/device/enforcement.json?search=code_info%3A%2220801902097969%22&limit=100|https://api.fda.gov/device/enforcement.json?search=code_info%3A%2210801902209013%22&limit=100|https://api.fda.gov/device/enforcement.json?search=code_info%3A%2220801902002697%22&limit=100|https://api.fda.gov/device/enforcement.json?search=code_info%3A%2230801902002694%22&limit=100|https://api.fda.gov/device/enforcement.json?search=code_info%3A%2210801902097962%22&limit=100|https://api.fda.gov/device/enforcement.json?search=code_info%3A%2220801902209010%22&limit=100|https://api.fda.gov/device/enforcement.json?search=code_info%3A%2210801902002690%22&limit=100|https://api.fda.gov/device/enforcement.json?search=product_description%3A%22AK-01000-J%22&limit=100|https://api.fda.gov/device/recall.json?search=code_info%3A%2230801902097966%22&limit=100|https://api.fda.gov/device/recall.json?search=k_numbers%3A%22K870572%22&limit=100|https://api.fda.gov/device/recall.json?search=product_description%3A%22AK-01000-J%22&limit=100|https://api.fda.gov/device/recall.json?search=code_info%3A%2220801902209010%22&limit=100|https://api.fda.gov/device/recall.json?search=code_info%3A%2220801902145110%22&limit=100|https://api.fda.gov/device/recall.json?search=code_info%3A%2220801902002697%22&limit=100|https://api.fda.gov/device/recall.json?search=code_info%3A%2230801902002694%22&limit=100|https://api.fda.gov/device/recall.json?search=code_info%3A%2220801902097969%22&limit=100|https://api.fda.gov/device/recall.json?search=code_info%3A%2210801902002690%22&limit=100|https://api.fda.gov/device/recall.json?search=code_info%3A%2210801902145113%22&limit=100|https://api.fda.gov/device/recall.json?search=code_info%3A%2210801902209013%22&limit=100|https://api.fda.gov/device/recall.json?search=code_info%3A%2200801902002693%22&limit=100|https://api.fda.gov/device/recall.json?search=code_info%3A%2200801902097965%22&limit=100|https://api.fda.gov/device/recall.json?search=code_info%3A%2210801902097962%22&limit=100,false
PRD-16096E045B,Verathon,BFlex 2 Slim 3.8 Single-Use Bronchoscope,BFlex 2 Slim 3.8,,identity_unresolved,low,family_or_name_only,no_exact_result,no_result,not_found,family_only_current,,searched,no_exact_action_found,unknown,,not_applicable,Identity method: family_or_name_only. UDI assessment: no_exact_result. Manufacturer finding: family_only_current. Plausible records could not be tied conservatively to the exact catalog product.,Can the manufacturer confirm the exact U.S. catalog/model identity?,keep_hidden_identity_unresolved,https://www.verathon.com/single-use-bronchoscopes|https://api.fda.gov/device/udi.json?search=identifiers.id%3A%2200879123008558%22&limit=100|https://api.fda.gov/device/enforcement.json?search=product_description%3A%22BFLEX+2+SLIM+3.8%22&limit=100|https://api.fda.gov/device/enforcement.json?search=code_info%3A%2200879123008558%22&limit=100|https://api.fda.gov/device/recall.json?search=code_info%3A%2200879123008558%22&limit=100|https://api.fda.gov/device/recall.json?search=product_description%3A%22BFLEX+2+SLIM+3.8%22&limit=100,false
PRD-167A020826,Richard Wolf,"Optical Universal Forceps, Curved Up",82530.0705,,identity_unresolved,low,exact_manufacturer_catalog_number,all_exact_configurations_ended,no_result,premarket_exempt,current_non_us,identity|model|distribution,searched,no_exact_action_found,unknown,,not_applicable,Identity method: exact_manufacturer_catalog_number. UDI assessment: all_exact_configurations_ended. Manufacturer finding: current_non_us. Plausible records could not be tied conservatively to the exact catalog product.,Can the manufacturer confirm the exact U.S. catalog/model identity?|Does the exact current global manufacturer listing apply to the United States despite the ended UDI evidence?,keep_hidden_identity_unresolved,https://www.richard-wolf.com/mam/data/Typo3/Kataloge/Broncho-_Thorako-_Mediastinoskopie/Thorakale_Endoskopie_en.pdf|https://api.fda.gov/device/udi.json?search=catalog_number%3A%2282530.0705%22&limit=100|https://api.fda.gov/device/udi.json?search=identifiers.id%3A%2204055207045916%22&limit=100|https://api.fda.gov/device/classification.json?search=product_code%3A%22BWH%22&limit=100|https://api.fda.gov/device/enforcement.json?search=product_description%3A%2282530.0705%22&limit=100|https://api.fda.gov/device/enforcement.json?search=code_info%3A%2204055207045916%22&limit=100|https://api.fda.gov/device/recall.json?search=code_info%3A%2204055207045916%22&limit=100|https://api.fda.gov/device/recall.json?search=product_description%3A%2282530.0705%22&limit=100,false
PRD-16A5369871,Medtronic,Shiley Flexible Evac Tracheostomy Tube,6CN75ED,,identity_unresolved,low,family_or_name_only,no_exact_result,no_result,not_found,not_searched,identity|manufacturer,searched,no_exact_action_found,unknown,,not_applicable,Identity method: family_or_name_only. UDI assessment: no_exact_result. Manufacturer finding: not_searched. Plausible records could not be tied conservatively to the exact catalog product.,Can the manufacturer confirm the exact U.S. catalog/model identity?,keep_hidden_identity_unresolved,https://api.fda.gov/device/udi.json?search=identifiers.id%3A%2210884521726215%22&limit=100|https://api.fda.gov/device/udi.json?search=version_or_model_number%3A%226CN75ED%22&limit=100|https://api.fda.gov/device/enforcement.json?search=product_description%3A%226CN75ED%22&limit=100|https://api.fda.gov/device/enforcement.json?search=code_info%3A%2210884521726215%22&limit=100|https://api.fda.gov/device/recall.json?search=code_info%3A%2210884521726215%22&limit=100|https://api.fda.gov/device/recall.json?search=product_description%3A%226CN75ED%22&limit=100,false
PRD-184B3719A2,Merit Medical,Thoracentesis and Paracentesis Set Family,APS-100,,identity_unresolved,low,family_or_name_only,no_exact_result,no_result,not_found,not_searched,identity|manufacturer,searched,no_exact_action_found,unknown,,not_applicable,Identity method: family_or_name_only. UDI assessment: no_exact_result. Manufacturer finding: not_searched. Plausible records could not be tied conservatively to the exact catalog product.,Can the manufacturer confirm the exact U.S. catalog/model identity?,keep_hidden_identity_unresolved,https://api.fda.gov/device/udi.json?search=version_or_model_number%3A%22APS-100%22&limit=100|https://api.fda.gov/device/enforcement.json?search=product_description%3A%22APS-100%22&limit=100|https://api.fda.gov/device/recall.json?search=product_description%3A%22APS-100%22&limit=100,false
PRD-19D27430DB,Teleflex,Arrow-Clarke Pleura-Seal Thoracentesis Set,CS-01000,,identity_unresolved,low,exact_manufacturer_catalog_number,conflicting_exact_configuration_statuses,exact_current_listing,exact_510k_clearance,no_result,identity|model|package_configuration|distribution,searched,family_or_ambiguous_action,family_level,,not_applicable,Identity method: exact_manufacturer_catalog_number. UDI assessment: conflicting_exact_configuration_statuses. Manufacturer finding: no_result. Plausible records could not be tied conservatively to the exact catalog product.,Can the manufacturer confirm the exact U.S. catalog/model identity?,keep_hidden_identity_unresolved,https://teleflex.com/usa/en/product-areas/interventional/drainage/arrow-diagnostic-drainage-products/MC-006078_Interventional_DND_Product_Line_Brochure_Final.pdf|https://api.fda.gov/device/udi.json?search=catalog_number%3A%22CS-01000%22&limit=100|https://api.fda.gov/device/udi.json?search=catalog_number%3A%22CS-01000%22&limit=100|https://api.fda.gov/device/udi.json?search=catalog_number%3A%22CS-01000%22&limit=100|https://api.fda.gov/device/udi.json?search=catalog_number%3A%22CS-01000%22&limit=100|https://api.fda.gov/device/udi.json?search=identifiers.id%3A%2210801902197976%22&limit=100|https://api.fda.gov/device/510k.json?search=k_number%3A%22K870572%22&limit=100|https://api.fda.gov/device/classification.json?search=product_code%3A%22JOL%22&limit=100|https://api.fda.gov/device/registrationlisting.json?search=k_number%3A%22K870572%22&limit=100|https://api.fda.gov/device/enforcement.json?search=code_info%3A%2210801902197976%22&limit=100|https://api.fda.gov/device/enforcement.json?search=code_info%3A%2200801902002709%22&limit=100|https://api.fda.gov/device/enforcement.json?search=product_description%3A%22CS-01000%22&limit=100|https://api.fda.gov/device/enforcement.json?search=code_info%3A%2220801902145820%22&limit=100|https://api.fda.gov/device/enforcement.json?search=code_info%3A%2210801902145823%22&limit=100|https://api.fda.gov/device/enforcement.json?search=code_info%3A%2230801902002700%22&limit=100|https://api.fda.gov/device/enforcement.json?search=code_info%3A%2220801902197973%22&limit=100|https://api.fda.gov/device/enforcement.json?search=code_info%3A%2230801902099588%22&limit=100|https://api.fda.gov/device/enforcement.json?search=code_info%3A%2200801902099587%22&limit=100|https://api.fda.gov/device/recall.json?search=code_info%3A%2220801902145820%22&limit=100|https://api.fda.gov/device/recall.json?search=code_info%3A%2200801902002709%22&limit=100|https://api.fda.gov/device/recall.json?search=code_info%3A%2200801902099587%22&limit=100|https://api.fda.gov/device/recall.json?search=code_info%3A%2210801902145823%22&limit=100|https://api.fda.gov/device/recall.json?search=k_numbers%3A%22K870572%22&limit=100|https://api.fda.gov/device/recall.json?search=product_description%3A%22CS-01000%22&limit=100|https://api.fda.gov/device/recall.json?search=code_info%3A%2220801902197973%22&limit=100|https://api.fda.gov/device/recall.json?search=code_info%3A%2230801902099588%22&limit=100|https://api.fda.gov/device/recall.json?search=code_info%3A%2230801902002700%22&limit=100|https://api.fda.gov/device/recall.json?search=code_info%3A%2210801902197976%22&limit=100,false
PRD-19DEF7AEC5,FUJIFILM SonoSite,SonoSite L15-4 Transducer,L15-4,,identity_unresolved,low,family_or_name_only,no_exact_result,no_result,not_found,not_searched,identity|manufacturer,not_searched,unknown,unknown,,not_applicable,Identity method: family_or_name_only. UDI assessment: no_exact_result. Manufacturer finding: not_searched. Plausible records could not be tied conservatively to the exact catalog product.,Can the manufacturer confirm the exact U.S. catalog/model identity?,keep_hidden_identity_unresolved,https://www.sonosite.com/sites/default/files/Sonosite_LX_product_brochure_MKT03597_US_rev_C.pdf|https://www.sonosite.com/products/sonosite-px|https://api.fda.gov/device/udi.json?search=version_or_model_number%3A%22L15-4%22&limit=100,false
PRD-1B9BB00FC8,Olympus,OFP-2 Irrigation Tubing,MAJ-1652,,identity_unresolved,low,family_or_name_only,no_exact_result,no_result,not_found,family_only_current,identity|manufacturer,searched,no_exact_action_found,unknown,,not_applicable,Identity method: family_or_name_only. UDI assessment: no_exact_result. Manufacturer finding: family_only_current. Plausible records could not be tied conservatively to the exact catalog product.,Can the manufacturer confirm the exact U.S. catalog/model identity?,keep_hidden_identity_unresolved,https://content.medical.olympusamerica.com/products/accessory-solutions|https://api.fda.gov/device/udi.json?search=version_or_model_number%3A%22MAJ-1652%22&limit=100|https://api.fda.gov/device/udi.json?search=identifiers.id%3A%2215019778004709%22&limit=100|https://api.fda.gov/device/enforcement.json?search=code_info%3A%2215019778004709%22&limit=100|https://api.fda.gov/device/enforcement.json?search=product_description%3A%22MAJ-1652%22&limit=100|https://api.fda.gov/device/recall.json?search=code_info%3A%2215019778004709%22&limit=100|https://api.fda.gov/device/recall.json?search=product_description%3A%22MAJ-1652%22&limit=100,false
PRD-1CBA97E863,Ethicon,Blake Silicone Drain – Round 19 Fr,2230,,identity_unresolved,low,exact_manufacturer_catalog_number,all_exact_configurations_active,search_incomplete,premarket_exempt,not_searched,identity|manufacturer,searched,no_exact_action_found,unknown,,not_applicable,Identity method: exact_manufacturer_catalog_number. UDI assessment: all_exact_configurations_active. Manufacturer finding: not_searched. Plausible records could not be tied conservatively to the exact catalog product.,Can the manufacturer confirm the exact U.S. catalog/model identity?,keep_hidden_identity_unresolved,https://api.fda.gov/device/udi.json?search=version_or_model_number%3A%222230%22&limit=100&skip=100|https://api.fda.gov/device/udi.json?search=catalog_number%3A%222230%22&limit=100|https://api.fda.gov/device/udi.json?search=catalog_number%3A%222230%22&limit=100|https://api.fda.gov/device/udi.json?search=catalog_number%3A%222230%22&limit=100&skip=100|https://api.fda.gov/device/udi.json?search=version_or_model_number%3A%222230%22&limit=100&skip=200|https://api.fda.gov/device/udi.json?search=catalog_number%3A%222230%22&limit=100|https://api.fda.gov/device/udi.json?search=version_or_model_number%3A%222230%22&limit=100&skip=200|https://api.fda.gov/device/udi.json?search=catalog_number%3A%222230%22&limit=100&skip=100|https://api.fda.gov/device/udi.json?search=version_or_model_number%3A%222230%22&limit=100&skip=200|https://api.fda.gov/device/udi.json?search=version_or_model_number%3A%222230%22&limit=100|https://api.fda.gov/device/udi.json?search=catalog_number%3A%222230%22&limit=100|https://api.fda.gov/device/udi.json?search=version_or_model_number%3A%222230%22&limit=100&skip=300|https://api.fda.gov/device/udi.json?search=version_or_model_number%3A%222230%22&limit=100&skip=100|https://api.fda.gov/device/udi.json?search=catalog_number%3A%222230%22&limit=100|https://api.fda.gov/device/udi.json?search=identifiers.id%3A%2210705031003583%22&limit=100|https://api.fda.gov/device/udi.json?search=version_or_model_number%3A%222230%22&limit=100&skip=300|https://api.fda.gov/device/udi.json?search=catalog_number%3A%222230%22&limit=100|https://api.fda.gov/device/udi.json?search=version_or_model_number%3A%222230%22&limit=100&skip=200|https://api.fda.gov/device/udi.json?search=version_or_model_number%3A%222230%22&limit=100|https://api.fda.gov/device/udi.json?search=catalog_number%3A%222230%22&limit=100|https://api.fda.gov/device/udi.json?search=version_or_model_number%3A%222230%22&limit=100&skip=300|https://api.fda.gov/device/udi.json?search=version_or_model_number%3A%222230%22&limit=100&skip=200|https://api.fda.gov/device/udi.json?search=catalog_number%3A%222230%22&limit=100|https://api.fda.gov/device/udi.json?search=version_or_model_number%3A%222230%22&limit=100&skip=200|https://api.fda.gov/device/udi.json?search=version_or_model_number%3A%222230%22&limit=100&skip=100|https://api.fda.gov/device/udi.json?search=catalog_number%3A%222230%22&limit=100|https://api.fda.gov/device/udi.json?search=version_or_model_number%3A%222230%22&limit=100&skip=200|https://api.fda.gov/device/udi.json?search=version_or_model_number%3A%222230%22&limit=100&skip=300|https://api.fda.gov/device/udi.json?search=catalog_number%3A%222230%22&limit=100&skip=100|https://api.fda.gov/device/udi.json?search=version_or_model_number%3A%222230%22&limit=100&skip=100|https://api.fda.gov/device/udi.json?search=version_or_model_number%3A%222230%22&limit=100|https://api.fda.gov/device/udi.json?search=catalog_number%3A%222230%22&limit=100|https://api.fda.gov/device/udi.json?search=catalog_number%3A%222230%22&limit=100|https://api.fda.gov/device/udi.json?search=version_or_model_number%3A%222230%22&limit=100&skip=200|https://api.fda.gov/device/udi.json?search=catalog_number%3A%222230%22&limit=100|https://api.fda.gov/device/udi.json?search=version_or_model_number%3A%222230%22&limit=100&skip=200|https://api.fda.gov/device/udi.json?search=version_or_model_number%3A%222230%22&limit=100&skip=300|https://api.fda.gov/device/udi.json?search=catalog_number%3A%222230%22&limit=100&skip=100|https://api.fda.gov/device/udi.json?search=version_or_model_number%3A%222230%22&limit=100|https://api.fda.gov/device/udi.json?search=version_or_model_number%3A%222230%22&limit=100&skip=100|https://api.fda.gov/device/udi.json?search=catalog_number%3A%222230%22&limit=100|https://api.fda.gov/device/udi.json?search=catalog_number%3A%222230%22&limit=100|https://api.fda.gov/device/udi.json?search=version_or_model_number%3A%222230%22&limit=100&skip=200|https://api.fda.gov/device/udi.json?search=version_or_model_number%3A%222230%22&limit=100&skip=100|https://api.fda.gov/device/udi.json?search=version_or_model_number%3A%222230%22&limit=100&skip=100|https://api.fda.gov/device/udi.json?search=catalog_number%3A%222230%22&limit=100|https://api.fda.gov/device/udi.json?search=version_or_model_number%3A%222230%22&limit=100&skip=200|https://api.fda.gov/device/classification.json?search=product_code%3A%22GBX%22&limit=100|https://api.fda.gov/device/enforcement.json?search=code_info%3A%2220705031003580%22&limit=100|https://api.fda.gov/device/enforcement.json?search=code_info%3A%2210705031003583%22&limit=100|https://api.fda.gov/device/recall.json?search=code_info%3A%2210705031003583%22&limit=100|https://api.fda.gov/device/recall.json?search=code_info%3A%2220705031003580%22&limit=100,false
PRD-1CCEDCCC76,Cook Medical,Simple Pneumothorax Aspiration Accessory Set,G05297,,identity_unresolved,low,family_or_name_only,no_exact_result,no_result,not_found,family_only_current,identity|manufacturer,searched,no_exact_action_found,unknown,,not_applicable,Identity method: family_or_name_only. UDI assessment: no_exact_result. Manufacturer finding: family_only_current. Plausible records could not be tied conservatively to the exact catalog product.,Can the manufacturer confirm the exact U.S. catalog/model identity?,keep_hidden_identity_unresolved,https://www.cookmedical.com/products/cc_utpt_webds/|https://api.fda.gov/device/udi.json?search=version_or_model_number%3A%22G05297%22&limit=100|https://api.fda.gov/device/udi.json?search=identifiers.id%3A%2200827002052970%22&limit=100|https://api.fda.gov/device/enforcement.json?search=product_description%3A%22G05297%22&limit=100|https://api.fda.gov/device/enforcement.json?search=code_info%3A%2200827002052970%22&limit=100|https://api.fda.gov/device/recall.json?search=product_description%3A%22G05297%22&limit=100|https://api.fda.gov/device/recall.json?search=code_info%3A%2200827002052970%22&limit=100,false
PRD-1D87D6EA1E,Teleflex,Arrow Percutaneous Cavity Drainage Kit – Curved,AK-01600,,identity_unresolved,low,exact_manufacturer_catalog_number,conflicting_exact_configuration_statuses,exact_current_listing,exact_510k_clearance,no_result,identity|model|package_configuration|distribution,searched,active_exact_product_action,lot_specific,Z-2382-2026,not_applicable,Identity method: exact_manufacturer_catalog_number. UDI assessment: conflicting_exact_configuration_statuses. Manufacturer finding: no_result. Plausible records could not be tied conservatively to the exact catalog product.,Can the manufacturer confirm the exact U.S. catalog/model identity?,keep_hidden_identity_unresolved,https://teleflex.com/usa/en/product-areas/interventional/drainage/arrow-diagnostic-drainage-products/MC-006078_Interventional_DND_Product_Line_Brochure_Final.pdf|https://api.fda.gov/device/udi.json?search=catalog_number%3A%22AK-01600%22&limit=100|https://api.fda.gov/device/udi.json?search=catalog_number%3A%22AK-01600%22&limit=100|https://api.fda.gov/device/udi.json?search=identifiers.id%3A%2220801902120155%22&limit=100|https://api.fda.gov/device/udi.json?search=catalog_number%3A%22AK-01600%22&limit=100|https://api.fda.gov/device/udi.json?search=catalog_number%3A%22AK-01600%22&limit=100|https://api.fda.gov/device/510k.json?search=k_number%3A%22K895516%22&limit=100|https://api.fda.gov/device/classification.json?search=product_code%3A%22GBX%22&limit=100|https://api.fda.gov/device/registrationlisting.json?search=k_number%3A%22K895516%22&limit=100|https://api.fda.gov/device/enforcement.json?search=code_info%3A%2220801902120155%22&limit=100|https://api.fda.gov/device/enforcement.json?search=code_info%3A%2250801902120156%22&limit=100|https://api.fda.gov/device/enforcement.json?search=code_info%3A%2260801902120153%22&limit=100|https://api.fda.gov/device/enforcement.json?search=code_info%3A%2230801902120152%22&limit=100|https://api.fda.gov/device/enforcement.json?search=code_info%3A%2200801902004819%22&limit=100|https://api.fda.gov/device/enforcement.json?search=code_info%3A%2210801902120158%22&limit=100|https://api.fda.gov/device/enforcement.json?search=code_info%3A%2230801902004810%22&limit=100|https://api.fda.gov/device/enforcement.json?search=product_description%3A%22AK-01600%22&limit=100|https://api.fda.gov/device/enforcement.json?search=code_info%3A%2240801902120159%22&limit=100|https://api.fda.gov/device/recall.json?search=code_info%3A%2260801902120153%22&limit=100|https://api.fda.gov/device/recall.json?search=product_description%3A%22AK-01600%22&limit=100|https://api.fda.gov/device/recall.json?search=code_info%3A%2210801902120158%22&limit=100|https://api.fda.gov/device/recall.json?search=code_info%3A%2230801902004810%22&limit=100|https://api.fda.gov/device/recall.json?search=code_info%3A%2250801902120156%22&limit=100|https://api.fda.gov/device/recall.json?search=code_info%3A%2240801902120159%22&limit=100|https://api.fda.gov/device/recall.json?search=code_info%3A%2200801902004819%22&limit=100|https://api.fda.gov/device/recall.json?search=code_info%3A%2230801902120152%22&limit=100|https://api.fda.gov/device/recall.json?search=k_numbers%3A%22K895516%22&limit=100|https://api.fda.gov/device/recall.json?search=code_info%3A%2220801902120155%22&limit=100,false
PRD-1FE403B84C,Richard Wolf,PANOVIEW Telescope,8934.433,,identity_unresolved,low,exact_manufacturer_catalog_number,all_exact_configurations_ended,family_current_listing,not_found,current_non_us,identity|model|distribution,searched,no_exact_action_found,unknown,,not_applicable,Identity method: exact_manufacturer_catalog_number. UDI assessment: all_exact_configurations_ended. Manufacturer finding: current_non_us. Plausible records could not be tied conservatively to the exact catalog product.,Can the manufacturer confirm the exact U.S. catalog/model identity?|Does the exact current global manufacturer listing apply to the United States despite the ended UDI evidence?,keep_hidden_identity_unresolved,https://www.richard-wolf.com/mam/data/Typo3/Kataloge/Broncho-_Thorako-_Mediastinoskopie/Thorakale_Endoskopie_en.pdf|https://api.fda.gov/device/udi.json?search=identifiers.id%3A%2204055207022771%22&limit=100|https://api.fda.gov/device/udi.json?search=catalog_number%3A%228934.433%22&limit=100|https://api.fda.gov/device/classification.json?search=product_code%3A%22GCM%22&limit=100|https://api.fda.gov/device/registrationlisting.json?search=products.product_code%3A%22GCM%22&limit=100|https://api.fda.gov/device/enforcement.json?search=product_description%3A%228934.433%22&limit=100|https://api.fda.gov/device/enforcement.json?search=code_info%3A%2204055207022771%22&limit=100|https://api.fda.gov/device/recall.json?search=code_info%3A%2204055207022771%22&limit=100|https://api.fda.gov/device/recall.json?search=product_description%3A%228934.433%22&limit=100,false
PRD-2058BA100A,Richard Wolf,PANOVIEW PLUS Telescope,8933.431,,identity_unresolved,low,exact_manufacturer_catalog_number,all_exact_configurations_active,family_current_listing,not_found,current_non_us,identity|model,searched,no_exact_action_found,unknown,,not_applicable,Identity method: exact_manufacturer_catalog_number. UDI assessment: all_exact_configurations_active. Manufacturer finding: current_non_us. Plausible records could not be tied conservatively to the exact catalog product.,Can the manufacturer confirm the exact U.S. catalog/model identity?|Does the exact current global manufacturer listing apply to the United States despite the ended UDI evidence?,keep_hidden_identity_unresolved,https://www.richard-wolf.com/mam/data/Typo3/Kataloge/Broncho-_Thorako-_Mediastinoskopie/Thorakale_Endoskopie_en.pdf|https://api.fda.gov/device/udi.json?search=catalog_number%3A%228933.431%22&limit=100|https://api.fda.gov/device/udi.json?search=identifiers.id%3A%2204055207022719%22&limit=100|https://api.fda.gov/device/classification.json?search=product_code%3A%22GCM%22&limit=100|https://api.fda.gov/device/registrationlisting.json?search=products.product_code%3A%22GCM%22&limit=100|https://api.fda.gov/device/enforcement.json?search=code_info%3A%2204055207022719%22&limit=100|https://api.fda.gov/device/enforcement.json?search=product_description%3A%228933.431%22&limit=100|https://api.fda.gov/device/recall.json?search=product_description%3A%228933.431%22&limit=100|https://api.fda.gov/device/recall.json?search=code_info%3A%2204055207022719%22&limit=100,false
PRD-2158C0F6D1,Karl Storz,"TONN Stent Applicator 14-18 mm, max 16 cm",10530,,identity_unresolved,low,family_or_name_only,no_exact_result,no_result,not_found,no_result,identity|manufacturer,searched,no_exact_action_found,unknown,,not_applicable,Identity method: family_or_name_only. UDI assessment: no_exact_result. Manufacturer finding: no_result. Plausible records could not be tied conservatively to the exact catalog product.,Can the manufacturer confirm the exact U.S. catalog/model identity?,keep_hidden_identity_unresolved,https://www.karlstorz.com/us/en/thoracic-surgery-and-pulmonology.htm|https://api.fda.gov/device/udi.json?search=catalog_number%3A%2210530%22&limit=100|https://api.fda.gov/device/udi.json?search=catalog_number%3A%2210530%22&limit=100|https://api.fda.gov/device/udi.json?search=version_or_model_number%3A%2210530%22&limit=100|https://api.fda.gov/device/udi.json?search=catalog_number%3A%2210530%22&limit=100|https://api.fda.gov/device/udi.json?search=version_or_model_number%3A%2210530%22&limit=100|https://api.fda.gov/device/enforcement.json?search=product_description%3A%2210530%22&limit=100|https://api.fda.gov/device/recall.json?search=product_description%3A%2210530%22&limit=100,false
PRD-24AE19F5D2,Richard Wolf,"Thoracoscopy Scissors, Curved",8243.404,,identity_unresolved,low,exact_manufacturer_catalog_number,all_exact_configurations_ended,search_incomplete,premarket_exempt,current_non_us,identity|model|distribution,searched,no_exact_action_found,unknown,,not_applicable,Identity method: exact_manufacturer_catalog_number. UDI assessment: all_exact_configurations_ended. Manufacturer finding: current_non_us. Plausible records could not be tied conservatively to the exact catalog product.,Can the manufacturer confirm the exact U.S. catalog/model identity?|Does the exact current global manufacturer listing apply to the United States despite the ended UDI evidence?,keep_hidden_identity_unresolved,https://www.richard-wolf.com/mam/data/Typo3/Kataloge/Broncho-_Thorako-_Mediastinoskopie/Thorakale_Endoskopie_en.pdf|https://api.fda.gov/device/udi.json?search=catalog_number%3A%228243.404%22&limit=100|https://api.fda.gov/device/udi.json?search=identifiers.id%3A%2204055207014707%22&limit=100|https://api.fda.gov/device/classification.json?search=product_code%3A%22LRW%22&limit=100|https://api.fda.gov/device/enforcement.json?search=code_info%3A%2204055207014707%22&limit=100|https://api.fda.gov/device/enforcement.json?search=product_description%3A%228243.404%22&limit=100|https://api.fda.gov/device/recall.json?search=product_description%3A%228243.404%22&limit=100|https://api.fda.gov/device/recall.json?search=code_info%3A%2204055207014707%22&limit=100,false
PRD-25415AA480,Olympus,PeriView FLEX Needle,NA-403D-2021,,identity_unresolved,low,family_or_name_only,no_exact_result,no_result,not_found,family_only_current,identity|manufacturer,searched,no_exact_action_found,unknown,,not_applicable,Identity method: family_or_name_only. UDI assessment: no_exact_result. Manufacturer finding: family_only_current. Plausible records could not be tied conservatively to the exact catalog product.,Can the manufacturer confirm the exact U.S. catalog/model identity?,keep_hidden_identity_unresolved,https://medical.olympusamerica.com/procedure/peripheral-bronchoscopy-radial-ebus|https://api.fda.gov/device/udi.json?search=version_or_model_number%3A%22NA-403D-2021%22&limit=100|https://api.fda.gov/device/udi.json?search=identifiers.id%3A%2200821925042513%22&limit=100|https://api.fda.gov/device/enforcement.json?search=code_info%3A%2200821925042513%22&limit=100|https://api.fda.gov/device/enforcement.json?search=product_description%3A%22NA-403D-2021%22&limit=100|https://api.fda.gov/device/recall.json?search=code_info%3A%2200821925042513%22&limit=100|https://api.fda.gov/device/recall.json?search=product_description%3A%22NA-403D-2021%22&limit=100,false
PRD-2663A0A0F5,Medtronic,Shiley Flexible Evac Tracheostomy Tube,10CN10ED,,identity_unresolved,low,family_or_name_only,no_exact_result,no_result,not_found,not_searched,identity|manufacturer,searched,no_exact_action_found,unknown,,not_applicable,Identity method: family_or_name_only. UDI assessment: no_exact_result. Manufacturer finding: not_searched. Plausible records could not be tied conservatively to the exact catalog product.,Can the manufacturer confirm the exact U.S. catalog/model identity?,keep_hidden_identity_unresolved,https://api.fda.gov/device/udi.json?search=identifiers.id%3A%2210884521726253%22&limit=100|https://api.fda.gov/device/udi.json?search=version_or_model_number%3A%2210CN10ED%22&limit=100|https://api.fda.gov/device/enforcement.json?search=product_description%3A%2210CN10ED%22&limit=100|https://api.fda.gov/device/enforcement.json?search=code_info%3A%2210884521726253%22&limit=100|https://api.fda.gov/device/recall.json?search=code_info%3A%2210884521726253%22&limit=100|https://api.fda.gov/device/recall.json?search=product_description%3A%2210CN10ED%22&limit=100,false
PRD-27CF357590,Ethicon,Blake Silicone Drain – Hubless Round 10 Fr,2226,,identity_unresolved,low,exact_manufacturer_catalog_number,all_exact_configurations_active,search_incomplete,premarket_exempt,not_searched,identity|manufacturer,searched,no_exact_action_found,unknown,,not_applicable,Identity method: exact_manufacturer_catalog_number. UDI assessment: all_exact_configurations_active. Manufacturer finding: not_searched. Plausible records could not be tied conservatively to the exact catalog product.,Can the manufacturer confirm the exact U.S. catalog/model identity?,keep_hidden_identity_unresolved,https://api.fda.gov/device/udi.json?search=version_or_model_number%3A%222226%22&limit=100|https://api.fda.gov/device/udi.json?search=catalog_number%3A%222226%22&limit=100|https://api.fda.gov/device/udi.json?search=version_or_model_number%3A%222226%22&limit=100|https://api.fda.gov/device/udi.json?search=catalog_number%3A%222226%22&limit=100|https://api.fda.gov/device/udi.json?search=version_or_model_number%3A%222226%22&limit=100|https://api.fda.gov/device/udi.json?search=catalog_number%3A%222226%22&limit=100|https://api.fda.gov/device/udi.json?search=version_or_model_number%3A%222226%22&limit=100|https://api.fda.gov/device/udi.json?search=identifiers.id%3A%2210705031003545%22&limit=100|https://api.fda.gov/device/udi.json?search=catalog_number%3A%222226%22&limit=100|https://api.fda.gov/device/udi.json?search=catalog_number%3A%222226%22&limit=100|https://api.fda.gov/device/udi.json?search=version_or_model_number%3A%222226%22&limit=100|https://api.fda.gov/device/udi.json?search=catalog_number%3A%222226%22&limit=100|https://api.fda.gov/device/udi.json?search=version_or_model_number%3A%222226%22&limit=100|https://api.fda.gov/device/udi.json?search=catalog_number%3A%222226%22&limit=100|https://api.fda.gov/device/udi.json?search=version_or_model_number%3A%222226%22&limit=100|https://api.fda.gov/device/udi.json?search=catalog_number%3A%222226%22&limit=100|https://api.fda.gov/device/udi.json?search=version_or_model_number%3A%222226%22&limit=100|https://api.fda.gov/device/classification.json?search=product_code%3A%22GBX%22&limit=100|https://api.fda.gov/device/enforcement.json?search=code_info%3A%2220705031003542%22&limit=100|https://api.fda.gov/device/enforcement.json?search=code_info%3A%2210705031003545%22&limit=100|https://api.fda.gov/device/recall.json?search=code_info%3A%2210705031003545%22&limit=100|https://api.fda.gov/device/recall.json?search=code_info%3A%2220705031003542%22&limit=100,false
PRD-2A9D06CF51,Verathon,GlideScope Video Monitor,GlideScope Video Monitor,,identity_unresolved,low,family_or_name_only,no_exact_result,no_result,not_found,family_only_current,,searched,family_or_ambiguous_action,family_level,,not_applicable,Identity method: family_or_name_only. UDI assessment: no_exact_result. Manufacturer finding: family_only_current. Plausible records could not be tied conservatively to the exact catalog product.,Can the manufacturer confirm the exact U.S. catalog/model identity?,keep_hidden_identity_unresolved,https://www.verathon.com/single-use-bronchoscopes|https://api.fda.gov/device/udi.json?search=identifiers.id%3A%2200879123003331%22&limit=100|https://api.fda.gov/device/enforcement.json?search=product_description%3A%22GLIDESCOPE+VIDEO+MONITOR%22&limit=100|https://api.fda.gov/device/enforcement.json?search=code_info%3A%2200879123003331%22&limit=100|https://api.fda.gov/device/recall.json?search=product_description%3A%22GLIDESCOPE+VIDEO+MONITOR%22&limit=100|https://api.fda.gov/device/recall.json?search=code_info%3A%2200879123003331%22&limit=100,false
PRD-2ACB51E58C,Richard Wolf,PANOVIEW PLUS Telescope,8934.4424,,identity_unresolved,low,exact_manufacturer_catalog_number,all_exact_configurations_ended,search_incomplete,not_found,current_non_us,identity|model|distribution,searched,no_exact_action_found,unknown,,not_applicable,Identity method: exact_manufacturer_catalog_number. UDI assessment: all_exact_configurations_ended. Manufacturer finding: current_non_us. Plausible records could not be tied conservatively to the exact catalog product.,Can the manufacturer confirm the exact U.S. catalog/model identity?|Does the exact current global manufacturer listing apply to the United States despite the ended UDI evidence?,keep_hidden_identity_unresolved,https://www.richard-wolf.com/mam/data/Typo3/Kataloge/Broncho-_Thorako-_Mediastinoskopie/Thorakale_Endoskopie_en.pdf|https://api.fda.gov/device/udi.json?search=catalog_number%3A%228934.4424%22&limit=100|https://api.fda.gov/device/udi.json?search=identifiers.id%3A%2204055207028797%22&limit=100|https://api.fda.gov/device/classification.json?search=product_code%3A%22GCJ%22&limit=100|https://api.fda.gov/device/registrationlisting.json?search=products.product_code%3A%22GCJ%22&limit=100|https://api.fda.gov/device/enforcement.json?search=product_description%3A%228934.4424%22&limit=100|https://api.fda.gov/device/enforcement.json?search=code_info%3A%2204055207028797%22&limit=100|https://api.fda.gov/device/recall.json?search=product_description%3A%228934.4424%22&limit=100|https://api.fda.gov/device/recall.json?search=code_info%3A%2204055207028797%22&limit=100,false
PRD-2B5C4C6CB3,Verathon,BFlex 2 Ultraslim 2.8 Single-Use Bronchoscope,BFlex 2 Ultraslim 2.8,,identity_unresolved,low,family_or_name_only,no_exact_result,no_result,not_found,family_only_current,,searched,no_exact_action_found,unknown,,not_applicable,Identity method: family_or_name_only. UDI assessment: no_exact_result. Manufacturer finding: family_only_current. Plausible records could not be tied conservatively to the exact catalog product.,Can the manufacturer confirm the exact U.S. catalog/model identity?,keep_hidden_identity_unresolved,https://www.verathon.com/single-use-bronchoscopes|https://api.fda.gov/device/udi.json?search=identifiers.id%3A%2200879123008541%22&limit=100|https://api.fda.gov/device/enforcement.json?search=product_description%3A%22BFLEX+2+ULTRASLIM+2.8%22&limit=100|https://api.fda.gov/device/enforcement.json?search=code_info%3A%2200879123008541%22&limit=100|https://api.fda.gov/device/recall.json?search=code_info%3A%2200879123008541%22&limit=100|https://api.fda.gov/device/recall.json?search=product_description%3A%22BFLEX+2+ULTRASLIM+2.8%22&limit=100,false
PRD-2BC12F8AEF,Karl Storz,Deflecting Device,10357,,identity_unresolved,low,exact_manufacturer_model_number,all_exact_configurations_active,search_incomplete,not_found,no_result,identity|manufacturer,searched,no_exact_action_found,unknown,,not_applicable,Identity method: exact_manufacturer_model_number. UDI assessment: all_exact_configurations_active. Manufacturer finding: no_result. Plausible records could not be tied conservatively to the exact catalog product.,Can the manufacturer confirm the exact U.S. catalog/model identity?,keep_hidden_identity_unresolved,https://www.karlstorz.com/us/en/thoracic-surgery-and-pulmonology.htm|https://api.fda.gov/device/udi.json?search=version_or_model_number%3A%2210357%22&limit=100|https://api.fda.gov/device/udi.json?search=identifiers.id%3A%2204048551046869%22&limit=100|https://api.fda.gov/device/udi.json?search=catalog_number%3A%2210357%22&limit=100|https://api.fda.gov/device/udi.json?search=version_or_model_number%3A%2210357%22&limit=100|https://api.fda.gov/device/udi.json?search=version_or_model_number%3A%2210357%22&limit=100|https://api.fda.gov/device/udi.json?search=version_or_model_number%3A%2210357%22&limit=100|https://api.fda.gov/device/classification.json?search=product_code%3A%22EOQ%22&limit=100|https://api.fda.gov/device/registrationlisting.json?search=products.product_code%3A%22EOQ%22&limit=100|https://api.fda.gov/device/enforcement.json?search=code_info%3A%2204048551046869%22&limit=100|https://api.fda.gov/device/enforcement.json?search=product_description%3A%2210357%22&limit=100|https://api.fda.gov/device/recall.json?search=product_description%3A%2210357%22&limit=100|https://api.fda.gov/device/recall.json?search=code_info%3A%2204048551046869%22&limit=100,false
PRD-2BD5C6261D,Richard Wolf,"Lung Grasping Forceps, Angled",8242.611,,identity_unresolved,low,exact_manufacturer_catalog_number,all_exact_configurations_ended,search_incomplete,premarket_exempt,current_non_us,identity|model|distribution,searched,no_exact_action_found,unknown,,not_applicable,Identity method: exact_manufacturer_catalog_number. UDI assessment: all_exact_configurations_ended. Manufacturer finding: current_non_us. Plausible records could not be tied conservatively to the exact catalog product.,Can the manufacturer confirm the exact U.S. catalog/model identity?|Does the exact current global manufacturer listing apply to the United States despite the ended UDI evidence?,keep_hidden_identity_unresolved,https://www.richard-wolf.com/mam/data/Typo3/Kataloge/Broncho-_Thorako-_Mediastinoskopie/Thorakale_Endoskopie_en.pdf|https://api.fda.gov/device/udi.json?search=identifiers.id%3A%2204055207014660%22&limit=100|https://api.fda.gov/device/udi.json?search=catalog_number%3A%228242.611%22&limit=100|https://api.fda.gov/device/classification.json?search=product_code%3A%22GEN%22&limit=100|https://api.fda.gov/device/enforcement.json?search=code_info%3A%2204055207014660%22&limit=100|https://api.fda.gov/device/enforcement.json?search=product_description%3A%228242.611%22&limit=100|https://api.fda.gov/device/recall.json?search=product_description%3A%228242.611%22&limit=100|https://api.fda.gov/device/recall.json?search=code_info%3A%2204055207014660%22&limit=100,false
PRD-2C2F29762E,Olympus,OFP-2 Irrigation Tubing,MAJ-1651,,identity_unresolved,low,family_or_name_only,no_exact_result,no_result,not_found,family_only_current,identity|manufacturer,searched,no_exact_action_found,unknown,,not_applicable,Identity method: family_or_name_only. UDI assessment: no_exact_result. Manufacturer finding: family_only_current. Plausible records could not be tied conservatively to the exact catalog product.,Can the manufacturer confirm the exact U.S. catalog/model identity?,keep_hidden_identity_unresolved,https://content.medical.olympusamerica.com/products/accessory-solutions|https://api.fda.gov/device/udi.json?search=version_or_model_number%3A%22MAJ-1651%22&limit=100|https://api.fda.gov/device/udi.json?search=identifiers.id%3A%2215019778004716%22&limit=100|https://api.fda.gov/device/enforcement.json?search=code_info%3A%2215019778004716%22&limit=100|https://api.fda.gov/device/enforcement.json?search=product_description%3A%22MAJ-1651%22&limit=100|https://api.fda.gov/device/recall.json?search=product_description%3A%22MAJ-1651%22&limit=100|https://api.fda.gov/device/recall.json?search=code_info%3A%2215019778004716%22&limit=100,false
PRD-2CE58D8A14,Ethicon,Blake Silicone Drain – Round 10 Fr w/ 1⁄8″ trocar,2227,,identity_unresolved,low,exact_manufacturer_catalog_number,all_exact_configurations_active,search_incomplete,premarket_exempt,not_searched,identity|manufacturer,searched,no_exact_action_found,unknown,,not_applicable,Identity method: exact_manufacturer_catalog_number. UDI assessment: all_exact_configurations_active. Manufacturer finding: not_searched. Plausible records could not be tied conservatively to the exact catalog product.,Can the manufacturer confirm the exact U.S. catalog/model identity?,keep_hidden_identity_unresolved,https://api.fda.gov/device/udi.json?search=version_or_model_number%3A%222227%22&limit=100|https://api.fda.gov/device/udi.json?search=catalog_number%3A%222227%22&limit=100|https://api.fda.gov/device/udi.json?search=version_or_model_number%3A%222227%22&limit=100|https://api.fda.gov/device/udi.json?search=identifiers.id%3A%2210705031003552%22&limit=100|https://api.fda.gov/device/udi.json?search=catalog_number%3A%222227%22&limit=100|https://api.fda.gov/device/udi.json?search=version_or_model_number%3A%222227%22&limit=100|https://api.fda.gov/device/udi.json?search=version_or_model_number%3A%222227%22&limit=100|https://api.fda.gov/device/udi.json?search=catalog_number%3A%222227%22&limit=100|https://api.fda.gov/device/udi.json?search=catalog_number%3A%222227%22&limit=100|https://api.fda.gov/device/udi.json?search=version_or_model_number%3A%222227%22&limit=100|https://api.fda.gov/device/udi.json?search=catalog_number%3A%222227%22&limit=100|https://api.fda.gov/device/udi.json?search=version_or_model_number%3A%222227%22&limit=100|https://api.fda.gov/device/udi.json?search=catalog_number%3A%222227%22&limit=100|https://api.fda.gov/device/udi.json?search=version_or_model_number%3A%222227%22&limit=100|https://api.fda.gov/device/udi.json?search=catalog_number%3A%222227%22&limit=100|https://api.fda.gov/device/udi.json?search=version_or_model_number%3A%222227%22&limit=100|https://api.fda.gov/device/udi.json?search=catalog_number%3A%222227%22&limit=100|https://api.fda.gov/device/classification.json?search=product_code%3A%22GBX%22&limit=100|https://api.fda.gov/device/enforcement.json?search=code_info%3A%2210705031003552%22&limit=100|https://api.fda.gov/device/enforcement.json?search=code_info%3A%2220705031003559%22&limit=100|https://api.fda.gov/device/recall.json?search=code_info%3A%2210705031003552%22&limit=100|https://api.fda.gov/device/recall.json?search=code_info%3A%2220705031003559%22&limit=100,false
PRD-2D687D6E32,Verathon,BFlex 2 Regular 5.0 Single-Use Bronchoscope,BFlex 2 Regular 5.0,,identity_unresolved,low,family_or_name_only,no_exact_result,no_result,not_found,family_only_current,,searched,no_exact_action_found,unknown,,not_applicable,Identity method: family_or_name_only. UDI assessment: no_exact_result. Manufacturer finding: family_only_current. Plausible records could not be tied conservatively to the exact catalog product.,Can the manufacturer confirm the exact U.S. catalog/model identity?,keep_hidden_identity_unresolved,https://www.verathon.com/single-use-bronchoscopes|https://api.fda.gov/device/udi.json?search=identifiers.id%3A%2200879123008565%22&limit=100|https://api.fda.gov/device/enforcement.json?search=product_description%3A%22BFLEX+2+REGULAR+5.0%22&limit=100|https://api.fda.gov/device/enforcement.json?search=code_info%3A%2200879123008565%22&limit=100|https://api.fda.gov/device/recall.json?search=product_description%3A%22BFLEX+2+REGULAR+5.0%22&limit=100|https://api.fda.gov/device/recall.json?search=code_info%3A%2200879123008565%22&limit=100,false
PRD-2DBF0805A2,Richard Wolf,Endoscope-Side Light Cable Adapter,8095.00,,identity_unresolved,low,exact_manufacturer_catalog_number,all_exact_configurations_active,family_current_listing,premarket_exempt,current_non_us,identity|model,searched,no_exact_action_found,unknown,,not_applicable,Identity method: exact_manufacturer_catalog_number. UDI assessment: all_exact_configurations_active. Manufacturer finding: current_non_us. Plausible records could not be tied conservatively to the exact catalog product.,Can the manufacturer confirm the exact U.S. catalog/model identity?|Does the exact current global manufacturer listing apply to the United States despite the ended UDI evidence?,keep_hidden_identity_unresolved,https://www.richard-wolf.com/mam/data/Typo3/Kataloge/Broncho-_Thorako-_Mediastinoskopie/Thorakale_Endoskopie_en.pdf|https://api.fda.gov/device/udi.json?search=catalog_number%3A%228095.00%22&limit=100|https://api.fda.gov/device/udi.json?search=identifiers.id%3A%2204055207009086%22&limit=100|https://api.fda.gov/device/classification.json?search=product_code%3A%22FEM%22&limit=100|https://api.fda.gov/device/registrationlisting.json?search=products.product_code%3A%22FEM%22&limit=100|https://api.fda.gov/device/enforcement.json?search=code_info%3A%2204055207009086%22&limit=100|https://api.fda.gov/device/enforcement.json?search=product_description%3A%228095.00%22&limit=100|https://api.fda.gov/device/recall.json?search=code_info%3A%2204055207009086%22&limit=100|https://api.fda.gov/device/recall.json?search=product_description%3A%228095.00%22&limit=100,false
PRD-2EB4F34219,Richard Wolf,Telescope Adapter,8215.714,,identity_unresolved,low,exact_manufacturer_catalog_number,all_exact_configurations_ended,family_current_listing,premarket_exempt,current_non_us,identity|model|distribution,searched,no_exact_action_found,unknown,,not_applicable,Identity method: exact_manufacturer_catalog_number. UDI assessment: all_exact_configurations_ended. Manufacturer finding: current_non_us. Plausible records could not be tied conservatively to the exact catalog product.,Can the manufacturer confirm the exact U.S. catalog/model identity?|Does the exact current global manufacturer listing apply to the United States despite the ended UDI evidence?,keep_hidden_identity_unresolved,https://www.richard-wolf.com/mam/data/Typo3/Kataloge/Broncho-_Thorako-_Mediastinoskopie/Thorakale_Endoskopie_en.pdf|https://api.fda.gov/device/udi.json?search=catalog_number%3A%228215.714%22&limit=100|https://api.fda.gov/device/udi.json?search=identifiers.id%3A%2204055207014516%22&limit=100|https://api.fda.gov/device/classification.json?search=product_code%3A%22KTI%22&limit=100|https://api.fda.gov/device/registrationlisting.json?search=products.product_code%3A%22KTI%22&limit=100|https://api.fda.gov/device/enforcement.json?search=code_info%3A%2204055207014516%22&limit=100|https://api.fda.gov/device/enforcement.json?search=product_description%3A%228215.714%22&limit=100|https://api.fda.gov/device/recall.json?search=code_info%3A%2204055207014516%22&limit=100|https://api.fda.gov/device/recall.json?search=product_description%3A%228215.714%22&limit=100,false
PRD-2F1A67DE53,Karl Storz,Angled Aspiration Biopsy Needle 1.6 mm x 47 cm,10438,,identity_unresolved,low,exact_manufacturer_model_number,all_exact_configurations_active,family_current_listing,not_found,no_result,identity|manufacturer,searched,no_exact_action_found,unknown,,not_applicable,Identity method: exact_manufacturer_model_number. UDI assessment: all_exact_configurations_active. Manufacturer finding: no_result. Plausible records could not be tied conservatively to the exact catalog product.,Can the manufacturer confirm the exact U.S. catalog/model identity?,keep_hidden_identity_unresolved,https://www.karlstorz.com/us/en/thoracic-surgery-and-pulmonology.htm|https://api.fda.gov/device/udi.json?search=version_or_model_number%3A%2210438%22&limit=100|https://api.fda.gov/device/udi.json?search=version_or_model_number%3A%2210438%22&limit=100|https://api.fda.gov/device/udi.json?search=version_or_model_number%3A%2210438%22&limit=100|https://api.fda.gov/device/udi.json?search=identifiers.id%3A%2204048551048658%22&limit=100|https://api.fda.gov/device/classification.json?search=product_code%3A%22EOX%22&limit=100|https://api.fda.gov/device/registrationlisting.json?search=products.product_code%3A%22EOX%22&limit=100|https://api.fda.gov/device/enforcement.json?search=product_description%3A%2210438%22&limit=100|https://api.fda.gov/device/enforcement.json?search=code_info%3A%2204048551048658%22&limit=100|https://api.fda.gov/device/recall.json?search=code_info%3A%2204048551048658%22&limit=100|https://api.fda.gov/device/recall.json?search=product_description%3A%2210438%22&limit=100,false
PRD-2FAFEA973E,Verathon,GlideScope Core 15,GlideScope Core 15,,identity_unresolved,low,family_or_name_only,no_exact_result,no_result,not_found,family_only_current,,searched,active_exact_product_action,unknown,Z-2021-2024,not_applicable,Identity method: family_or_name_only. UDI assessment: no_exact_result. Manufacturer finding: family_only_current. Plausible records could not be tied conservatively to the exact catalog product.,Can the manufacturer confirm the exact U.S. catalog/model identity?,keep_hidden_identity_unresolved,https://www.verathon.com/single-use-bronchoscopes|https://api.fda.gov/device/udi.json?search=identifiers.id%3A%2200879123006639%22&limit=100|https://api.fda.gov/device/enforcement.json?search=code_info%3A%2200879123006639%22&limit=100|https://api.fda.gov/device/enforcement.json?search=product_description%3A%22GLIDESCOPE+CORE+15%22&limit=100|https://api.fda.gov/device/recall.json?search=code_info%3A%2200879123006639%22&limit=100|https://api.fda.gov/device/recall.json?search=product_description%3A%22GLIDESCOPE+CORE+15%22&limit=100,false
PRD-2FBD344316,Richard Wolf,PANOVIEW Telescope,8934.432,,identity_unresolved,low,exact_manufacturer_catalog_number,all_exact_configurations_active,family_current_listing,not_found,current_non_us,identity|model,searched,no_exact_action_found,unknown,,not_applicable,Identity method: exact_manufacturer_catalog_number. UDI assessment: all_exact_configurations_active. Manufacturer finding: current_non_us. Plausible records could not be tied conservatively to the exact catalog product.,Can the manufacturer confirm the exact U.S. catalog/model identity?|Does the exact current global manufacturer listing apply to the United States despite the ended UDI evidence?,keep_hidden_identity_unresolved,https://www.richard-wolf.com/mam/data/Typo3/Kataloge/Broncho-_Thorako-_Mediastinoskopie/Thorakale_Endoskopie_en.pdf|https://api.fda.gov/device/udi.json?search=catalog_number%3A%228934.432%22&limit=100|https://api.fda.gov/device/udi.json?search=identifiers.id%3A%2204055207022764%22&limit=100|https://api.fda.gov/device/classification.json?search=product_code%3A%22GCM%22&limit=100|https://api.fda.gov/device/registrationlisting.json?search=products.product_code%3A%22GCM%22&limit=100|https://api.fda.gov/device/enforcement.json?search=product_description%3A%228934.432%22&limit=100|https://api.fda.gov/device/enforcement.json?search=code_info%3A%2204055207022764%22&limit=100|https://api.fda.gov/device/recall.json?search=code_info%3A%2204055207022764%22&limit=100|https://api.fda.gov/device/recall.json?search=product_description%3A%228934.432%22&limit=100,false
PRD-31DA7C7FF7,BD,Safe‑T‑Centesis Catheter Tray – 6 Fr,PIG1260T,,identity_unresolved,low,family_or_name_only,no_exact_result,no_result,not_found,not_searched,identity|manufacturer,searched,active_exact_product_action,lot_specific,Z-0887-2026|Z-2655-2026,not_applicable,Identity method: family_or_name_only. UDI assessment: no_exact_result. Manufacturer finding: not_searched. Plausible records could not be tied conservatively to the exact catalog product.,Can the manufacturer confirm the exact U.S. catalog/model identity?,keep_hidden_identity_unresolved,https://api.fda.gov/device/udi.json?search=identifiers.id%3A%2210885403108365%22&limit=100|https://api.fda.gov/device/udi.json?search=version_or_model_number%3A%22PIG1260T%22&limit=100|https://api.fda.gov/device/udi.json?search=catalog_number%3A%22PIG1260T%22&limit=100|https://api.fda.gov/device/enforcement.json?search=product_description%3A%22PIG1260T%22&limit=100|https://api.fda.gov/device/enforcement.json?search=code_info%3A%2210885403108365%22&limit=100|https://api.fda.gov/device/recall.json?search=code_info%3A%2210885403108365%22&limit=100|https://api.fda.gov/device/recall.json?search=product_description%3A%22PIG1260T%22&limit=100,false
PRD-3236D0CEDC,Richard Wolf,Trocar Sleeve with Stopcock,8919.353,,identity_unresolved,low,exact_manufacturer_catalog_number,all_exact_configurations_active,family_current_listing,premarket_exempt,current_non_us,identity|model,searched,no_exact_action_found,unknown,,not_applicable,Identity method: exact_manufacturer_catalog_number. UDI assessment: all_exact_configurations_active. Manufacturer finding: current_non_us. Plausible records could not be tied conservatively to the exact catalog product.,Can the manufacturer confirm the exact U.S. catalog/model identity?|Does the exact current global manufacturer listing apply to the United States despite the ended UDI evidence?,keep_hidden_identity_unresolved,https://www.richard-wolf.com/mam/data/Typo3/Kataloge/Broncho-_Thorako-_Mediastinoskopie/Thorakale_Endoskopie_en.pdf|https://api.fda.gov/device/udi.json?search=catalog_number%3A%228919.353%22&limit=100|https://api.fda.gov/device/udi.json?search=identifiers.id%3A%2204055207022016%22&limit=100|https://api.fda.gov/device/classification.json?search=product_code%3A%22FBQ%22&limit=100|https://api.fda.gov/device/registrationlisting.json?search=products.product_code%3A%22FBQ%22&limit=100|https://api.fda.gov/device/enforcement.json?search=product_description%3A%228919.353%22&limit=100|https://api.fda.gov/device/enforcement.json?search=code_info%3A%2204055207022016%22&limit=100|https://api.fda.gov/device/recall.json?search=product_description%3A%228919.353%22&limit=100|https://api.fda.gov/device/recall.json?search=code_info%3A%2204055207022016%22&limit=100,false
PRD-36D0F6CBA0,Ethicon,"Blake Silicone Drain – Flat 10 mm, full‑fluted w/ trocar",2215,,identity_unresolved,low,exact_manufacturer_catalog_number,all_exact_configurations_active,search_incomplete,premarket_exempt,not_searched,identity|manufacturer,searched,no_exact_action_found,unknown,,not_applicable,Identity method: exact_manufacturer_catalog_number. UDI assessment: all_exact_configurations_active. Manufacturer finding: not_searched. Plausible records could not be tied conservatively to the exact catalog product.,Can the manufacturer confirm the exact U.S. catalog/model identity?,keep_hidden_identity_unresolved,https://api.fda.gov/device/udi.json?search=version_or_model_number%3A%222215%22&limit=100&skip=100|https://api.fda.gov/device/udi.json?search=catalog_number%3A%222215%22&limit=100&skip=100|https://api.fda.gov/device/udi.json?search=version_or_model_number%3A%222215%22&limit=100|https://api.fda.gov/device/udi.json?search=catalog_number%3A%222215%22&limit=100|https://api.fda.gov/device/udi.json?search=version_or_model_number%3A%222215%22&limit=100|https://api.fda.gov/device/udi.json?search=catalog_number%3A%222215%22&limit=100|https://api.fda.gov/device/udi.json?search=version_or_model_number%3A%222215%22&limit=100|https://api.fda.gov/device/udi.json?search=version_or_model_number%3A%222215%22&limit=100|https://api.fda.gov/device/udi.json?search=catalog_number%3A%222215%22&limit=100|https://api.fda.gov/device/udi.json?search=version_or_model_number%3A%222215%22&limit=100&skip=100|https://api.fda.gov/device/udi.json?search=catalog_number%3A%222215%22&limit=100&skip=100|https://api.fda.gov/device/udi.json?search=version_or_model_number%3A%222215%22&limit=100&skip=100|https://api.fda.gov/device/udi.json?search=catalog_number%3A%222215%22&limit=100|https://api.fda.gov/device/udi.json?search=version_or_model_number%3A%222215%22&limit=100&skip=100|https://api.fda.gov/device/udi.json?search=catalog_number%3A%222215%22&limit=100&skip=100|https://api.fda.gov/device/udi.json?search=version_or_model_number%3A%222215%22&limit=100&skip=100|https://api.fda.gov/device/udi.json?search=version_or_model_number%3A%222215%22&limit=100&skip=200|https://api.fda.gov/device/udi.json?search=version_or_model_number%3A%222215%22&limit=100&skip=100|https://api.fda.gov/device/udi.json?search=version_or_model_number%3A%222215%22&limit=100&skip=100|https://api.fda.gov/device/udi.json?search=catalog_number%3A%222215%22&limit=100|https://api.fda.gov/device/udi.json?search=catalog_number%3A%222215%22&limit=100&skip=100|https://api.fda.gov/device/udi.json?search=version_or_model_number%3A%222215%22&limit=100|https://api.fda.gov/device/udi.json?search=catalog_number%3A%222215%22&limit=100|https://api.fda.gov/device/udi.json?search=version_or_model_number%3A%222215%22&limit=100|https://api.fda.gov/device/udi.json?search=identifiers.id%3A%2210705031003514%22&limit=100|https://api.fda.gov/device/udi.json?search=catalog_number%3A%222215%22&limit=100|https://api.fda.gov/device/classification.json?search=product_code%3A%22GBX%22&limit=100|https://api.fda.gov/device/enforcement.json?search=code_info%3A%2210705031003514%22&limit=100|https://api.fda.gov/device/enforcement.json?search=code_info%3A%2220705031003511%22&limit=100|https://api.fda.gov/device/recall.json?search=code_info%3A%2220705031003511%22&limit=100|https://api.fda.gov/device/recall.json?search=code_info%3A%2210705031003514%22&limit=100,false
PRD-36F32A458B,Richard Wolf,Telescope Adapter,8215.713,,identity_unresolved,low,exact_manufacturer_catalog_number,all_exact_configurations_ended,family_current_listing,premarket_exempt,current_non_us,identity|model|distribution,searched,no_exact_action_found,unknown,,not_applicable,Identity method: exact_manufacturer_catalog_number. UDI assessment: all_exact_configurations_ended. Manufacturer finding: current_non_us. Plausible records could not be tied conservatively to the exact catalog product.,Can the manufacturer confirm the exact U.S. catalog/model identity?|Does the exact current global manufacturer listing apply to the United States despite the ended UDI evidence?,keep_hidden_identity_unresolved,https://www.richard-wolf.com/mam/data/Typo3/Kataloge/Broncho-_Thorako-_Mediastinoskopie/Thorakale_Endoskopie_en.pdf|https://api.fda.gov/device/udi.json?search=catalog_number%3A%228215.713%22&limit=100|https://api.fda.gov/device/udi.json?search=identifiers.id%3A%2204055207014509%22&limit=100|https://api.fda.gov/device/classification.json?search=product_code%3A%22KTI%22&limit=100|https://api.fda.gov/device/registrationlisting.json?search=products.product_code%3A%22KTI%22&limit=100|https://api.fda.gov/device/enforcement.json?search=code_info%3A%2204055207014509%22&limit=100|https://api.fda.gov/device/enforcement.json?search=product_description%3A%228215.713%22&limit=100|https://api.fda.gov/device/recall.json?search=code_info%3A%2204055207014509%22&limit=100|https://api.fda.gov/device/recall.json?search=product_description%3A%228215.713%22&limit=100,false
PRD-3FE0E7E391,Richard Wolf,Cotton Swab,8295.50,,identity_unresolved,low,exact_manufacturer_catalog_number,all_exact_configurations_ended,no_result,premarket_exempt,current_non_us,identity|model|distribution,searched,no_exact_action_found,unknown,,not_applicable,Identity method: exact_manufacturer_catalog_number. UDI assessment: all_exact_configurations_ended. Manufacturer finding: current_non_us. Plausible records could not be tied conservatively to the exact catalog product.,Can the manufacturer confirm the exact U.S. catalog/model identity?|Does the exact current global manufacturer listing apply to the United States despite the ended UDI evidence?,keep_hidden_identity_unresolved,https://www.richard-wolf.com/mam/data/Typo3/Kataloge/Broncho-_Thorako-_Mediastinoskopie/Thorakale_Endoskopie_en.pdf|https://api.fda.gov/device/udi.json?search=catalog_number%3A%228295.50%22&limit=100|https://api.fda.gov/device/udi.json?search=identifiers.id%3A%2204055207039724%22&limit=100|https://api.fda.gov/device/classification.json?search=product_code%3A%22EOX%22&limit=100|https://api.fda.gov/device/enforcement.json?search=code_info%3A%2204055207039724%22&limit=100|https://api.fda.gov/device/enforcement.json?search=product_description%3A%228295.50%22&limit=100|https://api.fda.gov/device/recall.json?search=product_description%3A%228295.50%22&limit=100|https://api.fda.gov/device/recall.json?search=code_info%3A%2204055207039724%22&limit=100,false
PRD-40B834E981,Richard Wolf,RIWO-ART Straight Trocar Sleeve with Thread,8923.024,,identity_unresolved,low,exact_manufacturer_catalog_number,all_exact_configurations_active,family_current_listing,premarket_exempt,current_non_us,identity|model,searched,no_exact_action_found,unknown,,not_applicable,Identity method: exact_manufacturer_catalog_number. UDI assessment: all_exact_configurations_active. Manufacturer finding: current_non_us. Plausible records could not be tied conservatively to the exact catalog product.,Can the manufacturer confirm the exact U.S. catalog/model identity?|Does the exact current global manufacturer listing apply to the United States despite the ended UDI evidence?,keep_hidden_identity_unresolved,https://www.richard-wolf.com/mam/data/Typo3/Kataloge/Broncho-_Thorako-_Mediastinoskopie/Thorakale_Endoskopie_en.pdf|https://api.fda.gov/device/udi.json?search=identifiers.id%3A%2204055207022368%22&limit=100|https://api.fda.gov/device/udi.json?search=catalog_number%3A%228923.024%22&limit=100|https://api.fda.gov/device/classification.json?search=product_code%3A%22FBQ%22&limit=100|https://api.fda.gov/device/registrationlisting.json?search=products.product_code%3A%22FBQ%22&limit=100|https://api.fda.gov/device/enforcement.json?search=product_description%3A%228923.024%22&limit=100|https://api.fda.gov/device/enforcement.json?search=code_info%3A%2204055207022368%22&limit=100|https://api.fda.gov/device/recall.json?search=product_description%3A%228923.024%22&limit=100|https://api.fda.gov/device/recall.json?search=code_info%3A%2204055207022368%22&limit=100,false
PRD-40F16EE5D5,EFER,"Adult universal base, 36 cm",BD2410-3,,identity_unresolved,low,family_or_name_only,no_exact_result,no_result,not_found,not_searched,identity|manufacturer,searched,no_exact_action_found,unknown,,not_applicable,Identity method: family_or_name_only. UDI assessment: no_exact_result. Manufacturer finding: not_searched. Plausible records could not be tied conservatively to the exact catalog product.,Can the manufacturer confirm the exact U.S. catalog/model identity?,keep_hidden_identity_unresolved,https://api.fda.gov/device/udi.json?search=version_or_model_number%3A%22BD2410-3%22&limit=100|https://api.fda.gov/device/udi.json?search=identifiers.id%3A%2203700620600778%22&limit=100|https://api.fda.gov/device/enforcement.json?search=product_description%3A%22BD2410-3%22&limit=100|https://api.fda.gov/device/enforcement.json?search=code_info%3A%2203700620600778%22&limit=100|https://api.fda.gov/device/recall.json?search=product_description%3A%22BD2410-3%22&limit=100|https://api.fda.gov/device/recall.json?search=code_info%3A%2203700620600778%22&limit=100,false
PRD-41AAD08DBF,Richard Wolf,"Suction Tube, 2.8 mm, WL 450 mm",8380.68,,identity_unresolved,low,exact_manufacturer_catalog_number,all_exact_configurations_active,search_incomplete,premarket_exempt,not_searched,identity|model,searched,no_exact_action_found,unknown,,not_applicable,Identity method: exact_manufacturer_catalog_number. UDI assessment: all_exact_configurations_active. Manufacturer finding: not_searched. Plausible records could not be tied conservatively to the exact catalog product.,Can the manufacturer confirm the exact U.S. catalog/model identity?,keep_hidden_identity_unresolved,https://api.fda.gov/device/udi.json?search=catalog_number%3A%228380.68%22&limit=100|https://api.fda.gov/device/classification.json?search=product_code%3A%22JOL%22&limit=100|https://api.fda.gov/device/enforcement.json?search=code_info%3A%2204055207040041%22&limit=100|https://api.fda.gov/device/enforcement.json?search=product_description%3A%228380.68%22&limit=100|https://api.fda.gov/device/recall.json?search=code_info%3A%2204055207040041%22&limit=100|https://api.fda.gov/device/recall.json?search=product_description%3A%228380.68%22&limit=100,false
PRD-41BA4FDFE6,BD,"PleurX Drainage Kit 1,000 mL",50-7510,,identity_unresolved,low,family_or_name_only,no_exact_result,no_result,not_found,not_searched,identity|manufacturer,searched,no_exact_action_found,unknown,,not_applicable,Identity method: family_or_name_only. UDI assessment: no_exact_result. Manufacturer finding: not_searched. Plausible records could not be tied conservatively to the exact catalog product.,Can the manufacturer confirm the exact U.S. catalog/model identity?,keep_hidden_identity_unresolved,https://api.fda.gov/device/udi.json?search=version_or_model_number%3A%2250-7510%22&limit=100|https://api.fda.gov/device/udi.json?search=identifiers.id%3A%2210885403090707%22&limit=100|https://api.fda.gov/device/udi.json?search=catalog_number%3A%2250-7510%22&limit=100|https://api.fda.gov/device/enforcement.json?search=product_description%3A%2250-7510%22&limit=100|https://api.fda.gov/device/enforcement.json?search=code_info%3A%2210885403090707%22&limit=100|https://api.fda.gov/device/recall.json?search=code_info%3A%2210885403090707%22&limit=100|https://api.fda.gov/device/recall.json?search=product_description%3A%2250-7510%22&limit=100,false
PRD-4298F66678,Richard Wolf,Grasping Forceps for Soft Foreign Bodies,8281.37,,identity_unresolved,low,exact_manufacturer_catalog_number,all_exact_configurations_ended,search_incomplete,premarket_exempt,current_non_us,identity|model|distribution,searched,no_exact_action_found,unknown,,not_applicable,Identity method: exact_manufacturer_catalog_number. UDI assessment: all_exact_configurations_ended. Manufacturer finding: current_non_us. Plausible records could not be tied conservatively to the exact catalog product.,Can the manufacturer confirm the exact U.S. catalog/model identity?|Does the exact current global manufacturer listing apply to the United States despite the ended UDI evidence?,keep_hidden_identity_unresolved,https://www.richard-wolf.com/mam/data/Typo3/Kataloge/Broncho-_Thorako-_Mediastinoskopie/Thorakale_Endoskopie_en.pdf|https://api.fda.gov/device/udi.json?search=catalog_number%3A%228281.37%22&limit=100|https://api.fda.gov/device/udi.json?search=identifiers.id%3A%2204055207039410%22&limit=100|https://api.fda.gov/device/classification.json?search=product_code%3A%22KAE%22&limit=100|https://api.fda.gov/device/enforcement.json?search=code_info%3A%2204055207039410%22&limit=100|https://api.fda.gov/device/enforcement.json?search=product_description%3A%228281.37%22&limit=100|https://api.fda.gov/device/recall.json?search=product_description%3A%228281.37%22&limit=100|https://api.fda.gov/device/recall.json?search=code_info%3A%2204055207039410%22&limit=100,false
PRD-4423366610,BD,PleurX Procedure Pack,50-7290A,,identity_unresolved,low,family_or_name_only,no_exact_result,no_result,not_found,not_searched,identity|manufacturer,searched,no_exact_action_found,unknown,,not_applicable,Identity method: family_or_name_only. UDI assessment: no_exact_result. Manufacturer finding: not_searched. Plausible records could not be tied conservatively to the exact catalog product.,Can the manufacturer confirm the exact U.S. catalog/model identity?,keep_hidden_identity_unresolved,https://api.fda.gov/device/udi.json?search=version_or_model_number%3A%2250-7290A%22&limit=100|https://api.fda.gov/device/udi.json?search=identifiers.id%3A%2210885403502415%22&limit=100|https://api.fda.gov/device/udi.json?search=catalog_number%3A%2250-7290A%22&limit=100|https://api.fda.gov/device/enforcement.json?search=product_description%3A%2250-7290A%22&limit=100|https://api.fda.gov/device/enforcement.json?search=code_info%3A%2210885403502415%22&limit=100|https://api.fda.gov/device/recall.json?search=code_info%3A%2210885403502415%22&limit=100|https://api.fda.gov/device/recall.json?search=product_description%3A%2250-7290A%22&limit=100,false
PRD-448C184685,Cook Medical,Cohen Endobronchial Blocker Set,G44122,,identity_unresolved,low,family_or_name_only,no_exact_result,no_result,not_found,family_only_current,identity|manufacturer,searched,no_exact_action_found,unknown,,not_applicable,Identity method: family_or_name_only. UDI assessment: no_exact_result. Manufacturer finding: family_only_current. Plausible records could not be tied conservatively to the exact catalog product.,Can the manufacturer confirm the exact U.S. catalog/model identity?,keep_hidden_identity_unresolved,https://www.cookmedical.com/products/cc_aebs_webds/|https://api.fda.gov/device/udi.json?search=identifiers.id%3A%2200827002441224%22&limit=100|https://api.fda.gov/device/udi.json?search=version_or_model_number%3A%22G44122%22&limit=100|https://api.fda.gov/device/enforcement.json?search=product_description%3A%22G44122%22&limit=100|https://api.fda.gov/device/enforcement.json?search=product_description%3A%22C-AEBTS-9.0-65-SPH-AS%22&limit=100|https://api.fda.gov/device/enforcement.json?search=code_info%3A%2200827002441224%22&limit=100|https://api.fda.gov/device/recall.json?search=product_description%3A%22G44122%22&limit=100|https://api.fda.gov/device/recall.json?search=product_description%3A%22C-AEBTS-9.0-65-SPH-AS%22&limit=100|https://api.fda.gov/device/recall.json?search=code_info%3A%2200827002441224%22&limit=100,false
PRD-48C48C68BA,Intuitive Surgical,Ion Fully Articulating Catheter,490105,,identity_unresolved,low,exact_manufacturer_model_number,all_exact_configurations_active,search_incomplete,not_found,family_only_current,identity|manufacturer,searched,active_exact_product_action,lot_specific,Z-0355-2024|Z-0489-2021,not_applicable,Identity method: exact_manufacturer_model_number. UDI assessment: all_exact_configurations_active. Manufacturer finding: family_only_current. Plausible records could not be tied conservatively to the exact catalog product.,Can the manufacturer confirm the exact U.S. catalog/model identity?,keep_hidden_identity_unresolved,https://www.intuitive.com/en-us/-/media/ISI/Intuitive/Pdf/intuitive-ion-system-brochure-1051118.pdf|https://www.intuitive.com/en-us/products-and-services/ion|https://api.fda.gov/device/udi.json?search=identifiers.id%3A%2200886874116258%22&limit=100|https://api.fda.gov/device/udi.json?search=version_or_model_number%3A%22490105%22&limit=100|https://api.fda.gov/device/udi.json?search=catalog_number%3A%22490105%22&limit=100|https://api.fda.gov/device/udi.json?search=version_or_model_number%3A%22490105%22&limit=100|https://api.fda.gov/device/classification.json?search=product_code%3A%22EOQ%22&limit=100|https://api.fda.gov/device/registrationlisting.json?search=products.product_code%3A%22EOQ%22&limit=100|https://api.fda.gov/device/enforcement.json?search=product_description%3A%22490105%22&limit=100|https://api.fda.gov/device/enforcement.json?search=code_info%3A%2200886874116258%22&limit=100|https://api.fda.gov/device/recall.json?search=product_description%3A%22490105%22&limit=100|https://api.fda.gov/device/recall.json?search=code_info%3A%2200886874116258%22&limit=100,false
PRD-49A7F962D0,Cook Medical,Thal-Quick Chest Tube Tray,G07242,,identity_unresolved,low,family_or_name_only,no_exact_result,no_result,not_found,not_searched,identity|manufacturer,searched,active_exact_product_action,lot_specific,Z-1790-2026,not_applicable,Identity method: family_or_name_only. UDI assessment: no_exact_result. Manufacturer finding: not_searched. Plausible records could not be tied conservatively to the exact catalog product.,Can the manufacturer confirm the exact U.S. catalog/model identity?,keep_hidden_identity_unresolved,https://api.fda.gov/device/udi.json?search=version_or_model_number%3A%22G07242%22&limit=100|https://api.fda.gov/device/udi.json?search=identifiers.id%3A%2200827002072428%22&limit=100|https://api.fda.gov/device/enforcement.json?search=product_description%3A%22G07242%22&limit=100|https://api.fda.gov/device/enforcement.json?search=code_info%3A%2200827002072428%22&limit=100|https://api.fda.gov/device/recall.json?search=code_info%3A%2200827002072428%22&limit=100|https://api.fda.gov/device/recall.json?search=product_description%3A%22G07242%22&limit=100,false
PRD-4DBE64B0DA,Richard Wolf,Optical Reichle Biopsy Forceps Bagger XXL,8466.652,,identity_unresolved,low,exact_manufacturer_catalog_number,all_exact_configurations_ended,search_incomplete,not_found,current_non_us,identity|model|distribution,searched,no_exact_action_found,unknown,,not_applicable,Identity method: exact_manufacturer_catalog_number. UDI assessment: all_exact_configurations_ended. Manufacturer finding: current_non_us. Plausible records could not be tied conservatively to the exact catalog product.,Can the manufacturer confirm the exact U.S. catalog/model identity?|Does the exact current global manufacturer listing apply to the United States despite the ended UDI evidence?,keep_hidden_identity_unresolved,https://www.richard-wolf.com/mam/data/Typo3/Kataloge/Broncho-_Thorako-_Mediastinoskopie/Thorakale_Endoskopie_en.pdf|https://api.fda.gov/device/udi.json?search=catalog_number%3A%228466.652%22&limit=100|https://api.fda.gov/device/udi.json?search=identifiers.id%3A%2204055207042557%22&limit=100|https://api.fda.gov/device/classification.json?search=product_code%3A%22HRX%22&limit=100|https://api.fda.gov/device/enforcement.json?search=product_description%3A%228466.652%22&limit=100|https://api.fda.gov/device/enforcement.json?search=code_info%3A%2204055207042557%22&limit=100|https://api.fda.gov/device/recall.json?search=product_description%3A%228466.652%22&limit=100|https://api.fda.gov/device/recall.json?search=code_info%3A%2204055207042557%22&limit=100,false
PRD-4E59B4CEB3,Richard Wolf,Cleaning Brush,8691,,identity_unresolved,low,exact_manufacturer_catalog_number,all_exact_configurations_active,search_incomplete,premarket_exempt,current_non_us,identity|manufacturer,searched,no_exact_action_found,unknown,,not_applicable,Identity method: exact_manufacturer_catalog_number. UDI assessment: all_exact_configurations_active. Manufacturer finding: current_non_us. Plausible records could not be tied conservatively to the exact catalog product.,Can the manufacturer confirm the exact U.S. catalog/model identity?|Does the exact current global manufacturer listing apply to the United States despite the ended UDI evidence?,keep_hidden_identity_unresolved,https://www.richard-wolf.com/mam/data/Typo3/Kataloge/Broncho-_Thorako-_Mediastinoskopie/Thorakale_Endoskopie_en.pdf|https://api.fda.gov/device/udi.json?search=identifiers.id%3A%2204055207064726%22&limit=100|https://api.fda.gov/device/udi.json?search=version_or_model_number%3A%228691%22&limit=100|https://api.fda.gov/device/udi.json?search=catalog_number%3A%228691%22&limit=100|https://api.fda.gov/device/udi.json?search=version_or_model_number%3A%228691%22&limit=100|https://api.fda.gov/device/udi.json?search=catalog_number%3A%228691%22&limit=100|https://api.fda.gov/device/classification.json?search=product_code%3A%22MNL%22&limit=100|https://api.fda.gov/device/registrationlisting.json?search=products.product_code%3A%22MNL%22&limit=100|https://api.fda.gov/device/enforcement.json?search=code_info%3A%2204055207064726%22&limit=100|https://api.fda.gov/device/enforcement.json?search=code_info%3A%2204055207064733%22&limit=100|https://api.fda.gov/device/recall.json?search=code_info%3A%2204055207064733%22&limit=100|https://api.fda.gov/device/recall.json?search=code_info%3A%2204055207064726%22&limit=100,false
PRD-4F06212417,Richard Wolf,Optical Reichle Biopsy Forceps Bagger XL,8466.651,,identity_unresolved,low,exact_manufacturer_catalog_number,all_exact_configurations_active,search_incomplete,not_found,current_non_us,identity|model,searched,no_exact_action_found,unknown,,not_applicable,Identity method: exact_manufacturer_catalog_number. UDI assessment: all_exact_configurations_active. Manufacturer finding: current_non_us. Plausible records could not be tied conservatively to the exact catalog product.,Can the manufacturer confirm the exact U.S. catalog/model identity?|Does the exact current global manufacturer listing apply to the United States despite the ended UDI evidence?,keep_hidden_identity_unresolved,https://www.richard-wolf.com/mam/data/Typo3/Kataloge/Broncho-_Thorako-_Mediastinoskopie/Thorakale_Endoskopie_en.pdf|https://api.fda.gov/device/udi.json?search=identifiers.id%3A%2204055207042540%22&limit=100|https://api.fda.gov/device/udi.json?search=catalog_number%3A%228466.651%22&limit=100|https://api.fda.gov/device/classification.json?search=product_code%3A%22HRX%22&limit=100|https://api.fda.gov/device/enforcement.json?search=product_description%3A%228466.651%22&limit=100|https://api.fda.gov/device/enforcement.json?search=code_info%3A%2204055207042540%22&limit=100|https://api.fda.gov/device/recall.json?search=code_info%3A%2204055207042540%22&limit=100|https://api.fda.gov/device/recall.json?search=product_description%3A%228466.651%22&limit=100,false
PRD-4F4AA966A9,Teleflex,Arrow-Clarke Thoracentesis Kit,AK-01000-T,,identity_unresolved,low,exact_manufacturer_catalog_number,conflicting_exact_configuration_statuses,exact_current_listing,exact_510k_clearance,no_result,identity|model|package_configuration|distribution,searched,active_exact_product_action,lot_specific,Z-1298-2018|Z-2382-2026,not_applicable,Identity method: exact_manufacturer_catalog_number. UDI assessment: conflicting_exact_configuration_statuses. Manufacturer finding: no_result. Plausible records could not be tied conservatively to the exact catalog product.,Can the manufacturer confirm the exact U.S. catalog/model identity?,keep_hidden_identity_unresolved,https://teleflex.com/usa/en/product-areas/interventional/drainage/arrow-diagnostic-drainage-products/MC-006078_Interventional_DND_Product_Line_Brochure_Final.pdf|https://api.fda.gov/device/udi.json?search=catalog_number%3A%22AK-01000-T%22&limit=100|https://api.fda.gov/device/udi.json?search=identifiers.id%3A%2210801902145434%22&limit=100|https://api.fda.gov/device/udi.json?search=catalog_number%3A%22AK-01000-T%22&limit=100|https://api.fda.gov/device/udi.json?search=catalog_number%3A%22AK-01000-T%22&limit=100|https://api.fda.gov/device/udi.json?search=catalog_number%3A%22AK-01000-T%22&limit=100|https://api.fda.gov/device/udi.json?search=catalog_number%3A%22AK-01000-T%22&limit=100|https://api.fda.gov/device/udi.json?search=catalog_number%3A%22AK-01000-T%22&limit=100|https://api.fda.gov/device/udi.json?search=catalog_number%3A%22AK-01000-T%22&limit=100|https://api.fda.gov/device/udi.json?search=catalog_number%3A%22AK-01000-T%22&limit=100|https://api.fda.gov/device/510k.json?search=k_number%3A%22K870572%22&limit=100|https://api.fda.gov/device/classification.json?search=product_code%3A%22JOL%22&limit=100|https://api.fda.gov/device/registrationlisting.json?search=k_number%3A%22K870572%22&limit=100|https://api.fda.gov/device/enforcement.json?search=code_info%3A%2270801902004795%22&limit=100|https://api.fda.gov/device/enforcement.json?search=code_info%3A%2250801902120132%22&limit=100|https://api.fda.gov/device/enforcement.json?search=code_info%3A%2210801902145120%22&limit=100|https://api.fda.gov/device/enforcement.json?search=code_info%3A%2230801902004797%22&limit=100|https://api.fda.gov/device/enforcement.json?search=code_info%3A%2220801902145431%22&limit=100|https://api.fda.gov/device/enforcement.json?search=code_info%3A%2220801902145127%22&limit=100|https://api.fda.gov/device/enforcement.json?search=code_info%3A%2210801902120134%22&limit=100|https://api.fda.gov/device/enforcement.json?search=code_info%3A%2240801902120135%22&limit=100|https://api.fda.gov/device/enforcement.json?search=code_info%3A%2230801902120138%22&limit=100|https://api.fda.gov/device/enforcement.json?search=code_info%3A%2240801902004794%22&limit=100|https://api.fda.gov/device/enforcement.json?search=product_description%3A%22AK-01000-T%22&limit=100|https://api.fda.gov/device/enforcement.json?search=code_info%3A%2210801902145434%22&limit=100|https://api.fda.gov/device/enforcement.json?search=code_info%3A%2250801902004791%22&limit=100|https://api.fda.gov/device/enforcement.json?search=code_info%3A%2260801902120139%22&limit=100|https://api.fda.gov/device/enforcement.json?search=code_info%3A%2200801902004796%22&limit=100|https://api.fda.gov/device/enforcement.json?search=code_info%3A%2220801902120131%22&limit=100|https://api.fda.gov/device/enforcement.json?search=code_info%3A%2260801902004798%22&limit=100|https://api.fda.gov/device/recall.json?search=code_info%3A%2230801902004797%22&limit=100|https://api.fda.gov/device/recall.json?search=code_info%3A%2230801902120138%22&limit=100|https://api.fda.gov/device/recall.json?search=code_info%3A%2210801902145434%22&limit=100|https://api.fda.gov/device/recall.json?search=code_info%3A%2220801902120131%22&limit=100|https://api.fda.gov/device/recall.json?search=code_info%3A%2210801902145120%22&limit=100|https://api.fda.gov/device/recall.json?search=code_info%3A%2220801902145127%22&limit=100|https://api.fda.gov/device/recall.json?search=code_info%3A%2240801902004794%22&limit=100|https://api.fda.gov/device/recall.json?search=k_numbers%3A%22K870572%22&limit=100|https://api.fda.gov/device/recall.json?search=code_info%3A%2220801902145431%22&limit=100|https://api.fda.gov/device/recall.json?search=code_info%3A%2260801902120139%22&limit=100|https://api.fda.gov/device/recall.json?search=code_info%3A%2210801902120134%22&limit=100|https://api.fda.gov/device/recall.json?search=code_info%3A%2250801902120132%22&limit=100|https://api.fda.gov/device/recall.json?search=code_info%3A%2270801902004795%22&limit=100|https://api.fda.gov/device/recall.json?search=code_info%3A%2200801902004796%22&limit=100|https://api.fda.gov/device/recall.json?search=code_info%3A%2240801902120135%22&limit=100|https://api.fda.gov/device/recall.json?search=product_description%3A%22AK-01000-T%22&limit=100|https://api.fda.gov/device/recall.json?search=code_info%3A%2260801902004798%22&limit=100|https://api.fda.gov/device/recall.json?search=code_info%3A%2250801902004791%22&limit=100,false
PRD-4F64240AD0,Richard Wolf,RIWO-ART Straight Trocar Sleeve,8923.016,,identity_unresolved,low,exact_manufacturer_catalog_number,all_exact_configurations_active,family_current_listing,premarket_exempt,current_non_us,identity|model,searched,no_exact_action_found,unknown,,not_applicable,Identity method: exact_manufacturer_catalog_number. UDI assessment: all_exact_configurations_active. Manufacturer finding: current_non_us. Plausible records could not be tied conservatively to the exact catalog product.,Can the manufacturer confirm the exact U.S. catalog/model identity?|Does the exact current global manufacturer listing apply to the United States despite the ended UDI evidence?,keep_hidden_identity_unresolved,https://www.richard-wolf.com/mam/data/Typo3/Kataloge/Broncho-_Thorako-_Mediastinoskopie/Thorakale_Endoskopie_en.pdf|https://api.fda.gov/device/udi.json?search=catalog_number%3A%228923.016%22&limit=100|https://api.fda.gov/device/udi.json?search=identifiers.id%3A%2204055207022344%22&limit=100|https://api.fda.gov/device/classification.json?search=product_code%3A%22FBQ%22&limit=100|https://api.fda.gov/device/registrationlisting.json?search=products.product_code%3A%22FBQ%22&limit=100|https://api.fda.gov/device/enforcement.json?search=product_description%3A%228923.016%22&limit=100|https://api.fda.gov/device/enforcement.json?search=code_info%3A%2204055207022344%22&limit=100|https://api.fda.gov/device/recall.json?search=code_info%3A%2204055207022344%22&limit=100|https://api.fda.gov/device/recall.json?search=product_description%3A%228923.016%22&limit=100,false
PRD-509226DE95,Medtronic,Shiley Flexible Adult Cuffless Tracheostomy Tube,8UN85H,,identity_unresolved,low,family_or_name_only,no_exact_result,no_result,not_found,not_searched,identity|manufacturer,searched,active_exact_product_action,lot_specific,Z-1357-2023,not_applicable,Identity method: family_or_name_only. UDI assessment: no_exact_result. Manufacturer finding: not_searched. Plausible records could not be tied conservatively to the exact catalog product.,Can the manufacturer confirm the exact U.S. catalog/model identity?,keep_hidden_identity_unresolved,https://api.fda.gov/device/udi.json?search=identifiers.id%3A%2220884521176277%22&limit=100|https://api.fda.gov/device/udi.json?search=version_or_model_number%3A%228UN85H%22&limit=100|https://api.fda.gov/device/enforcement.json?search=code_info%3A%2220884521176277%22&limit=100|https://api.fda.gov/device/enforcement.json?search=product_description%3A%228UN85H%22&limit=100|https://api.fda.gov/device/recall.json?search=code_info%3A%2220884521176277%22&limit=100|https://api.fda.gov/device/recall.json?search=product_description%3A%228UN85H%22&limit=100,false
PRD-50AAFE240E,Richard Wolf,PANOVIEW Telescope,8465.32,,identity_unresolved,low,exact_manufacturer_catalog_number,all_exact_configurations_active,family_current_listing,not_found,current_non_us,identity|model,searched,no_exact_action_found,unknown,,not_applicable,Identity method: exact_manufacturer_catalog_number. UDI assessment: all_exact_configurations_active. Manufacturer finding: current_non_us. Plausible records could not be tied conservatively to the exact catalog product.,Can the manufacturer confirm the exact U.S. catalog/model identity?|Does the exact current global manufacturer listing apply to the United States despite the ended UDI evidence?,keep_hidden_identity_unresolved,https://www.richard-wolf.com/mam/data/Typo3/Kataloge/Broncho-_Thorako-_Mediastinoskopie/Thorakale_Endoskopie_en.pdf|https://api.fda.gov/device/udi.json?search=identifiers.id%3A%2204055207010419%22&limit=100|https://api.fda.gov/device/udi.json?search=catalog_number%3A%228465.32%22&limit=100|https://api.fda.gov/device/classification.json?search=product_code%3A%22GCM%22&limit=100|https://api.fda.gov/device/registrationlisting.json?search=products.product_code%3A%22GCM%22&limit=100|https://api.fda.gov/device/enforcement.json?search=code_info%3A%2204055207010419%22&limit=100|https://api.fda.gov/device/enforcement.json?search=product_description%3A%228465.32%22&limit=100|https://api.fda.gov/device/recall.json?search=code_info%3A%2204055207010419%22&limit=100|https://api.fda.gov/device/recall.json?search=product_description%3A%228465.32%22&limit=100,false
PRD-529E58AC8C,Richard Wolf,"Parenchyma Forceps 50 mm, Curved Left",8242.603,,identity_unresolved,low,exact_manufacturer_catalog_number,all_exact_configurations_ended,search_incomplete,premarket_exempt,current_non_us,identity|model|distribution,searched,no_exact_action_found,unknown,,not_applicable,Identity method: exact_manufacturer_catalog_number. UDI assessment: all_exact_configurations_ended. Manufacturer finding: current_non_us. Plausible records could not be tied conservatively to the exact catalog product.,Can the manufacturer confirm the exact U.S. catalog/model identity?|Does the exact current global manufacturer listing apply to the United States despite the ended UDI evidence?,keep_hidden_identity_unresolved,https://www.richard-wolf.com/mam/data/Typo3/Kataloge/Broncho-_Thorako-_Mediastinoskopie/Thorakale_Endoskopie_en.pdf|https://api.fda.gov/device/udi.json?search=catalog_number%3A%228242.603%22&limit=100|https://api.fda.gov/device/udi.json?search=identifiers.id%3A%2204055207014646%22&limit=100|https://api.fda.gov/device/classification.json?search=product_code%3A%22GEN%22&limit=100|https://api.fda.gov/device/enforcement.json?search=code_info%3A%2204055207014646%22&limit=100|https://api.fda.gov/device/enforcement.json?search=product_description%3A%228242.603%22&limit=100|https://api.fda.gov/device/recall.json?search=product_description%3A%228242.603%22&limit=100|https://api.fda.gov/device/recall.json?search=code_info%3A%2204055207014646%22&limit=100,false
PRD-52C5BEC3A1,Medtronic,Shiley Left Double-Lumen Endobronchial Tube,125041,,identity_unresolved,low,family_or_name_only,no_exact_result,no_result,not_found,not_searched,identity|manufacturer,searched,no_exact_action_found,unknown,,not_applicable,Identity method: family_or_name_only. UDI assessment: no_exact_result. Manufacturer finding: not_searched. Plausible records could not be tied conservatively to the exact catalog product.,Can the manufacturer confirm the exact U.S. catalog/model identity?,keep_hidden_identity_unresolved,https://api.fda.gov/device/udi.json?search=version_or_model_number%3A%22125041%22&limit=100|https://api.fda.gov/device/udi.json?search=version_or_model_number%3A%22125041%22&limit=100|https://api.fda.gov/device/udi.json?search=identifiers.id%3A%2240884522008762%22&limit=100|https://api.fda.gov/device/udi.json?search=version_or_model_number%3A%22125041%22&limit=100|https://api.fda.gov/device/enforcement.json?search=product_description%3A%22125041%22&limit=100|https://api.fda.gov/device/enforcement.json?search=code_info%3A%2240884522008762%22&limit=100|https://api.fda.gov/device/recall.json?search=product_description%3A%22125041%22&limit=100|https://api.fda.gov/device/recall.json?search=code_info%3A%2240884522008762%22&limit=100,false
PRD-53805EF31F,Richard Wolf,"Rigid Suction Tube, Central/Lateral Openings",8291.45,,identity_unresolved,low,exact_manufacturer_catalog_number,all_exact_configurations_active,search_incomplete,premarket_exempt,current_non_us,identity|model,searched,no_exact_action_found,unknown,,not_applicable,Identity method: exact_manufacturer_catalog_number. UDI assessment: all_exact_configurations_active. Manufacturer finding: current_non_us. Plausible records could not be tied conservatively to the exact catalog product.,Can the manufacturer confirm the exact U.S. catalog/model identity?|Does the exact current global manufacturer listing apply to the United States despite the ended UDI evidence?,keep_hidden_identity_unresolved,https://www.richard-wolf.com/mam/data/Typo3/Kataloge/Broncho-_Thorako-_Mediastinoskopie/Thorakale_Endoskopie_en.pdf|https://api.fda.gov/device/udi.json?search=catalog_number%3A%228291.45%22&limit=100|https://api.fda.gov/device/udi.json?search=identifiers.id%3A%2204055207039649%22&limit=100|https://api.fda.gov/device/classification.json?search=product_code%3A%22JOL%22&limit=100|https://api.fda.gov/device/enforcement.json?search=code_info%3A%2204055207039649%22&limit=100|https://api.fda.gov/device/enforcement.json?search=product_description%3A%228291.45%22&limit=100|https://api.fda.gov/device/recall.json?search=code_info%3A%2204055207039649%22&limit=100|https://api.fda.gov/device/recall.json?search=product_description%3A%228291.45%22&limit=100,false
PRD-581464F0CF,Teleflex,Drainer Centesis Catheter,8812,,identity_unresolved,low,exact_manufacturer_catalog_number,all_exact_configurations_active,no_result,premarket_exempt,no_result,identity|model|manufacturer,searched,no_exact_action_found,unknown,,not_applicable,Identity method: exact_manufacturer_catalog_number. UDI assessment: all_exact_configurations_active. Manufacturer finding: no_result. Plausible records could not be tied conservatively to the exact catalog product.,Can the manufacturer confirm the exact U.S. catalog/model identity?,keep_hidden_identity_unresolved,https://teleflex.com/usa/en/product-areas/interventional/drainage/arrow-diagnostic-drainage-products/MC-006078_Interventional_DND_Product_Line_Brochure_Final.pdf|https://api.fda.gov/device/udi.json?search=identifiers.id%3A%2210841156111861%22&limit=100|https://api.fda.gov/device/udi.json?search=catalog_number%3A%228812%22&limit=100|https://api.fda.gov/device/udi.json?search=catalog_number%3A%228812%22&limit=100|https://api.fda.gov/device/udi.json?search=version_or_model_number%3A%228812%22&limit=100|https://api.fda.gov/device/udi.json?search=catalog_number%3A%228812%22&limit=100|https://api.fda.gov/device/udi.json?search=version_or_model_number%3A%228812%22&limit=100|https://api.fda.gov/device/udi.json?search=catalog_number%3A%228812%22&limit=100|https://api.fda.gov/device/udi.json?search=version_or_model_number%3A%228812%22&limit=100|https://api.fda.gov/device/classification.json?search=product_code%3A%22GCB%22&limit=100|https://api.fda.gov/device/enforcement.json?search=code_info%3A%2220841156111868%22&limit=100|https://api.fda.gov/device/enforcement.json?search=code_info%3A%2210841156111861%22&limit=100|https://api.fda.gov/device/recall.json?search=code_info%3A%2210841156111861%22&limit=100|https://api.fda.gov/device/recall.json?search=code_info%3A%2220841156111868%22&limit=100,false
PRD-58CFB02C8E,Richard Wolf,"Parenchyma Grasping Forceps, Straight",8243.603,,identity_unresolved,low,exact_manufacturer_catalog_number,all_exact_configurations_ended,search_incomplete,premarket_exempt,current_non_us,identity|model|distribution,searched,no_exact_action_found,unknown,,not_applicable,Identity method: exact_manufacturer_catalog_number. UDI assessment: all_exact_configurations_ended. Manufacturer finding: current_non_us. Plausible records could not be tied conservatively to the exact catalog product.,Can the manufacturer confirm the exact U.S. catalog/model identity?|Does the exact current global manufacturer listing apply to the United States despite the ended UDI evidence?,keep_hidden_identity_unresolved,https://www.richard-wolf.com/mam/data/Typo3/Kataloge/Broncho-_Thorako-_Mediastinoskopie/Thorakale_Endoskopie_en.pdf|https://api.fda.gov/device/udi.json?search=identifiers.id%3A%2204055207014714%22&limit=100|https://api.fda.gov/device/udi.json?search=catalog_number%3A%228243.603%22&limit=100|https://api.fda.gov/device/classification.json?search=product_code%3A%22GEN%22&limit=100|https://api.fda.gov/device/enforcement.json?search=product_description%3A%228243.603%22&limit=100|https://api.fda.gov/device/enforcement.json?search=code_info%3A%2204055207014714%22&limit=100|https://api.fda.gov/device/recall.json?search=code_info%3A%2204055207014714%22&limit=100|https://api.fda.gov/device/recall.json?search=product_description%3A%228243.603%22&limit=100,false
PRD-5902F1C231,Karl Storz,HUZLY Aspirator and Bronchus Irrigator,10434,,identity_unresolved,low,exact_manufacturer_model_number,all_exact_configurations_active,search_incomplete,not_found,no_result,identity|manufacturer,searched,no_exact_action_found,unknown,,not_applicable,Identity method: exact_manufacturer_model_number. UDI assessment: all_exact_configurations_active. Manufacturer finding: no_result. Plausible records could not be tied conservatively to the exact catalog product.,Can the manufacturer confirm the exact U.S. catalog/model identity?,keep_hidden_identity_unresolved,https://www.karlstorz.com/us/en/thoracic-surgery-and-pulmonology.htm|https://api.fda.gov/device/udi.json?search=version_or_model_number%3A%2210434%22&limit=100|https://api.fda.gov/device/udi.json?search=version_or_model_number%3A%2210434%22&limit=100|https://api.fda.gov/device/udi.json?search=catalog_number%3A%2210434%22&limit=100|https://api.fda.gov/device/udi.json?search=version_or_model_number%3A%2210434%22&limit=100|https://api.fda.gov/device/udi.json?search=version_or_model_number%3A%2210434%22&limit=100|https://api.fda.gov/device/udi.json?search=version_or_model_number%3A%2210434%22&limit=100|https://api.fda.gov/device/udi.json?search=version_or_model_number%3A%2210434%22&limit=100|https://api.fda.gov/device/udi.json?search=catalog_number%3A%2210434%22&limit=100|https://api.fda.gov/device/udi.json?search=version_or_model_number%3A%2210434%22&limit=100|https://api.fda.gov/device/udi.json?search=version_or_model_number%3A%2210434%22&limit=100|https://api.fda.gov/device/udi.json?search=catalog_number%3A%2210434%22&limit=100|https://api.fda.gov/device/udi.json?search=identifiers.id%3A%2204048551048504%22&limit=100|https://api.fda.gov/device/udi.json?search=version_or_model_number%3A%2210434%22&limit=100|https://api.fda.gov/device/udi.json?search=version_or_model_number%3A%2210434%22&limit=100|https://api.fda.gov/device/classification.json?search=product_code%3A%22EOQ%22&limit=100|https://api.fda.gov/device/registrationlisting.json?search=products.product_code%3A%22EOQ%22&limit=100|https://api.fda.gov/device/enforcement.json?search=product_description%3A%2210434%22&limit=100|https://api.fda.gov/device/enforcement.json?search=code_info%3A%2204048551048504%22&limit=100|https://api.fda.gov/device/recall.json?search=code_info%3A%2204048551048504%22&limit=100|https://api.fda.gov/device/recall.json?search=product_description%3A%2210434%22&limit=100,false
PRD-59D2DF4F88,Richard Wolf,TEXAS Tracheoscope Tube ID 15 mm,82520.1241,,identity_unresolved,low,exact_manufacturer_catalog_number,all_exact_configurations_ended,family_current_listing,premarket_exempt,current_non_us,identity|model|distribution,searched,no_exact_action_found,unknown,,not_applicable,Identity method: exact_manufacturer_catalog_number. UDI assessment: all_exact_configurations_ended. Manufacturer finding: current_non_us. Plausible records could not be tied conservatively to the exact catalog product.,Can the manufacturer confirm the exact U.S. catalog/model identity?|Does the exact current global manufacturer listing apply to the United States despite the ended UDI evidence?,keep_hidden_identity_unresolved,https://www.richard-wolf.com/mam/data/Typo3/Kataloge/Broncho-_Thorako-_Mediastinoskopie/Thorakale_Endoskopie_en.pdf|https://api.fda.gov/device/udi.json?search=identifiers.id%3A%2204055207033784%22&limit=100|https://api.fda.gov/device/udi.json?search=catalog_number%3A%2282520.1241%22&limit=100|https://api.fda.gov/device/classification.json?search=product_code%3A%22KTI%22&limit=100|https://api.fda.gov/device/registrationlisting.json?search=products.product_code%3A%22KTI%22&limit=100|https://api.fda.gov/device/enforcement.json?search=code_info%3A%2204055207033784%22&limit=100|https://api.fda.gov/device/enforcement.json?search=product_description%3A%2282520.1241%22&limit=100|https://api.fda.gov/device/recall.json?search=product_description%3A%2282520.1241%22&limit=100|https://api.fda.gov/device/recall.json?search=code_info%3A%2204055207033784%22&limit=100,false
PRD-5B271EC93B,Richard Wolf,PANOVIEW Telescope,8933.433,,identity_unresolved,low,exact_manufacturer_catalog_number,all_exact_configurations_active,family_current_listing,not_found,current_non_us,identity|model,searched,no_exact_action_found,unknown,,not_applicable,Identity method: exact_manufacturer_catalog_number. UDI assessment: all_exact_configurations_active. Manufacturer finding: current_non_us. Plausible records could not be tied conservatively to the exact catalog product.,Can the manufacturer confirm the exact U.S. catalog/model identity?|Does the exact current global manufacturer listing apply to the United States despite the ended UDI evidence?,keep_hidden_identity_unresolved,https://www.richard-wolf.com/mam/data/Typo3/Kataloge/Broncho-_Thorako-_Mediastinoskopie/Thorakale_Endoskopie_en.pdf|https://api.fda.gov/device/udi.json?search=identifiers.id%3A%2204055207022733%22&limit=100|https://api.fda.gov/device/udi.json?search=catalog_number%3A%228933.433%22&limit=100|https://api.fda.gov/device/classification.json?search=product_code%3A%22GCM%22&limit=100|https://api.fda.gov/device/registrationlisting.json?search=products.product_code%3A%22GCM%22&limit=100|https://api.fda.gov/device/enforcement.json?search=product_description%3A%228933.433%22&limit=100|https://api.fda.gov/device/enforcement.json?search=code_info%3A%2204055207022733%22&limit=100|https://api.fda.gov/device/recall.json?search=product_description%3A%228933.433%22&limit=100|https://api.fda.gov/device/recall.json?search=code_info%3A%2204055207022733%22&limit=100,false
PRD-5C35FB169D,Richard Wolf,Telescope Adapter,8215.715,,identity_unresolved,low,exact_manufacturer_catalog_number,all_exact_configurations_ended,family_current_listing,premarket_exempt,current_non_us,identity|model|distribution,searched,no_exact_action_found,unknown,,not_applicable,Identity method: exact_manufacturer_catalog_number. UDI assessment: all_exact_configurations_ended. Manufacturer finding: current_non_us. Plausible records could not be tied conservatively to the exact catalog product.,Can the manufacturer confirm the exact U.S. catalog/model identity?|Does the exact current global manufacturer listing apply to the United States despite the ended UDI evidence?,keep_hidden_identity_unresolved,https://www.richard-wolf.com/mam/data/Typo3/Kataloge/Broncho-_Thorako-_Mediastinoskopie/Thorakale_Endoskopie_en.pdf|https://api.fda.gov/device/udi.json?search=identifiers.id%3A%2204055207014523%22&limit=100|https://api.fda.gov/device/udi.json?search=catalog_number%3A%228215.715%22&limit=100|https://api.fda.gov/device/classification.json?search=product_code%3A%22KTI%22&limit=100|https://api.fda.gov/device/registrationlisting.json?search=products.product_code%3A%22KTI%22&limit=100|https://api.fda.gov/device/enforcement.json?search=product_description%3A%228215.715%22&limit=100|https://api.fda.gov/device/enforcement.json?search=code_info%3A%2204055207014523%22&limit=100|https://api.fda.gov/device/recall.json?search=code_info%3A%2204055207014523%22&limit=100|https://api.fda.gov/device/recall.json?search=product_description%3A%228215.715%22&limit=100,false
PRD-5E6845A633,Richard Wolf,"TEXAS Bronchoscope Tube ID 11 mm, no distal viewing window",82520.0842,,identity_unresolved,low,exact_manufacturer_catalog_number,all_exact_configurations_ended,family_current_listing,premarket_exempt,current_non_us,identity|model|distribution,searched,no_exact_action_found,unknown,,not_applicable,Identity method: exact_manufacturer_catalog_number. UDI assessment: all_exact_configurations_ended. Manufacturer finding: current_non_us. Plausible records could not be tied conservatively to the exact catalog product.,Can the manufacturer confirm the exact U.S. catalog/model identity?|Does the exact current global manufacturer listing apply to the United States despite the ended UDI evidence?,keep_hidden_identity_unresolved,https://www.richard-wolf.com/mam/data/Typo3/Kataloge/Broncho-_Thorako-_Mediastinoskopie/Thorakale_Endoskopie_en.pdf|https://api.fda.gov/device/udi.json?search=catalog_number%3A%2282520.0842%22&limit=100|https://api.fda.gov/device/udi.json?search=identifiers.id%3A%2204055207033760%22&limit=100|https://api.fda.gov/device/classification.json?search=product_code%3A%22KTI%22&limit=100|https://api.fda.gov/device/registrationlisting.json?search=products.product_code%3A%22KTI%22&limit=100|https://api.fda.gov/device/enforcement.json?search=product_description%3A%2282520.0842%22&limit=100|https://api.fda.gov/device/enforcement.json?search=code_info%3A%2204055207033760%22&limit=100|https://api.fda.gov/device/recall.json?search=code_info%3A%2204055207033760%22&limit=100|https://api.fda.gov/device/recall.json?search=product_description%3A%2282520.0842%22&limit=100,false
PRD-61EE4D5DE6,Karl Storz,RAMEL Pleurabiopsy Needle,10990,,identity_unresolved,low,exact_manufacturer_catalog_number,all_exact_configurations_active,search_incomplete,not_found,no_result,identity|manufacturer,searched,historical_exact_product_action,lot_specific,Z-0078-2011,not_applicable,Identity method: exact_manufacturer_catalog_number. UDI assessment: all_exact_configurations_active. Manufacturer finding: no_result. Plausible records could not be tied conservatively to the exact catalog product.,Can the manufacturer confirm the exact U.S. catalog/model identity?,keep_hidden_identity_unresolved,https://www.karlstorz.com/us/en/thoracic-surgery-and-pulmonology.htm|https://api.fda.gov/device/udi.json?search=version_or_model_number%3A%2210990%22&limit=100|https://api.fda.gov/device/udi.json?search=catalog_number%3A%2210990%22&limit=100|https://api.fda.gov/device/udi.json?search=identifiers.id%3A%2204048551049839%22&limit=100|https://api.fda.gov/device/udi.json?search=version_or_model_number%3A%2210990%22&limit=100|https://api.fda.gov/device/udi.json?search=catalog_number%3A%2210990%22&limit=100|https://api.fda.gov/device/udi.json?search=catalog_number%3A%2210990%22&limit=100|https://api.fda.gov/device/classification.json?search=product_code%3A%22GCJ%22&limit=100|https://api.fda.gov/device/registrationlisting.json?search=products.product_code%3A%22GCJ%22&limit=100|https://api.fda.gov/device/enforcement.json?search=code_info%3A%2204048551049839%22&limit=100|https://api.fda.gov/device/enforcement.json?search=product_description%3A%2210990%22&limit=100|https://api.fda.gov/device/recall.json?search=product_description%3A%2210990%22&limit=100|https://api.fda.gov/device/recall.json?search=code_info%3A%2204048551049839%22&limit=100,false
PRD-635FE10D65,Richard Wolf,"Bypass Forceps, Jaw Curved Left",8243.711,,identity_unresolved,low,exact_manufacturer_catalog_number,all_exact_configurations_ended,search_incomplete,premarket_exempt,current_non_us,identity|model|distribution,searched,no_exact_action_found,unknown,,not_applicable,Identity method: exact_manufacturer_catalog_number. UDI assessment: all_exact_configurations_ended. Manufacturer finding: current_non_us. Plausible records could not be tied conservatively to the exact catalog product.,Can the manufacturer confirm the exact U.S. catalog/model identity?|Does the exact current global manufacturer listing apply to the United States despite the ended UDI evidence?,keep_hidden_identity_unresolved,https://www.richard-wolf.com/mam/data/Typo3/Kataloge/Broncho-_Thorako-_Mediastinoskopie/Thorakale_Endoskopie_en.pdf|https://api.fda.gov/device/udi.json?search=catalog_number%3A%228243.711%22&limit=100|https://api.fda.gov/device/udi.json?search=identifiers.id%3A%2204055207014745%22&limit=100|https://api.fda.gov/device/classification.json?search=product_code%3A%22GEN%22&limit=100|https://api.fda.gov/device/enforcement.json?search=product_description%3A%228243.711%22&limit=100|https://api.fda.gov/device/enforcement.json?search=code_info%3A%2204055207014745%22&limit=100|https://api.fda.gov/device/recall.json?search=code_info%3A%2204055207014745%22&limit=100|https://api.fda.gov/device/recall.json?search=product_description%3A%228243.711%22&limit=100,false
PRD-64481A5C4F,TRACOE,TRACOE experc Packaged Set with Tube,332,,identity_unresolved,low,family_or_name_only,no_exact_result,no_result,not_found,not_searched,identity|manufacturer,not_searched,unknown,unknown,,not_applicable,Identity method: family_or_name_only. UDI assessment: no_exact_result. Manufacturer finding: not_searched. Plausible records could not be tied conservatively to the exact catalog product.,Can the manufacturer confirm the exact U.S. catalog/model identity?,keep_hidden_identity_unresolved,https://api.fda.gov/device/udi.json?search=catalog_number%3A%22332%22&limit=100|https://api.fda.gov/device/udi.json?search=catalog_number%3A%22332%22&limit=100|https://api.fda.gov/device/udi.json?search=catalog_number%3A%22332%22&limit=100&skip=200|https://api.fda.gov/device/udi.json?search=version_or_model_number%3A%22332%22&limit=100&skip=500|https://api.fda.gov/device/udi.json?search=version_or_model_number%3A%22332%22&limit=100&skip=600|https://api.fda.gov/device/udi.json?search=catalog_number%3A%22332%22&limit=100&skip=300|https://api.fda.gov/device/udi.json?search=version_or_model_number%3A%22332%22&limit=100&skip=400|https://api.fda.gov/device/udi.json?search=version_or_model_number%3A%22332%22&limit=100&skip=400|https://api.fda.gov/device/udi.json?search=catalog_number%3A%22332%22&limit=100&skip=300|https://api.fda.gov/device/udi.json?search=version_or_model_number%3A%22332%22&limit=100&skip=700|https://api.fda.gov/device/udi.json?search=catalog_number%3A%22332%22&limit=100&skip=300|https://api.fda.gov/device/udi.json?search=version_or_model_number%3A%22332%22&limit=100&skip=600|https://api.fda.gov/device/udi.json?search=version_or_model_number%3A%22332%22&limit=100&skip=700|https://api.fda.gov/device/udi.json?search=catalog_number%3A%22332%22&limit=100&skip=200|https://api.fda.gov/device/udi.json?search=version_or_model_number%3A%22332%22&limit=100&skip=400|https://api.fda.gov/device/udi.json?search=version_or_model_number%3A%22332%22&limit=100&skip=500|https://api.fda.gov/device/udi.json?search=catalog_number%3A%22332%22&limit=100&skip=300|https://api.fda.gov/device/udi.json?search=version_or_model_number%3A%22332%22&limit=100|https://api.fda.gov/device/udi.json?search=catalog_number%3A%22332%22&limit=100|https://api.fda.gov/device/udi.json?search=version_or_model_number%3A%22332%22&limit=100&skip=200|https://api.fda.gov/device/udi.json?search=catalog_number%3A%22332%22&limit=100&skip=100|https://api.fda.gov/device/udi.json?search=catalog_number%3A%22332%22&limit=100&skip=100,false
PRD-663E85AB45,Richard Wolf,"Optical Biopsy Forceps, Curved Up",82530.0601,,identity_unresolved,low,exact_manufacturer_catalog_number,all_exact_configurations_active,search_incomplete,premarket_exempt,current_non_us,identity|model,searched,no_exact_action_found,unknown,,not_applicable,Identity method: exact_manufacturer_catalog_number. UDI assessment: all_exact_configurations_active. Manufacturer finding: current_non_us. Plausible records could not be tied conservatively to the exact catalog product.,Can the manufacturer confirm the exact U.S. catalog/model identity?|Does the exact current global manufacturer listing apply to the United States despite the ended UDI evidence?,keep_hidden_identity_unresolved,https://www.richard-wolf.com/mam/data/Typo3/Kataloge/Broncho-_Thorako-_Mediastinoskopie/Thorakale_Endoskopie_en.pdf|https://api.fda.gov/device/udi.json?search=catalog_number%3A%2282530.0601%22&limit=100|https://api.fda.gov/device/udi.json?search=identifiers.id%3A%2204055207033821%22&limit=100|https://api.fda.gov/device/classification.json?search=product_code%3A%22KAE%22&limit=100|https://api.fda.gov/device/enforcement.json?search=product_description%3A%2282530.0601%22&limit=100|https://api.fda.gov/device/enforcement.json?search=code_info%3A%2204055207033821%22&limit=100|https://api.fda.gov/device/recall.json?search=product_description%3A%2282530.0601%22&limit=100|https://api.fda.gov/device/recall.json?search=code_info%3A%2204055207033821%22&limit=100,false
PRD-67D1D03D3F,Richard Wolf,RIWO-ART Slanted Trocar Sleeve,8923.013,,identity_unresolved,low,exact_manufacturer_catalog_number,all_exact_configurations_active,family_current_listing,premarket_exempt,current_non_us,identity|model,searched,no_exact_action_found,unknown,,not_applicable,Identity method: exact_manufacturer_catalog_number. UDI assessment: all_exact_configurations_active. Manufacturer finding: current_non_us. Plausible records could not be tied conservatively to the exact catalog product.,Can the manufacturer confirm the exact U.S. catalog/model identity?|Does the exact current global manufacturer listing apply to the United States despite the ended UDI evidence?,keep_hidden_identity_unresolved,https://www.richard-wolf.com/mam/data/Typo3/Kataloge/Broncho-_Thorako-_Mediastinoskopie/Thorakale_Endoskopie_en.pdf|https://api.fda.gov/device/udi.json?search=identifiers.id%3A%2204055207022320%22&limit=100|https://api.fda.gov/device/udi.json?search=catalog_number%3A%228923.013%22&limit=100|https://api.fda.gov/device/classification.json?search=product_code%3A%22FBQ%22&limit=100|https://api.fda.gov/device/registrationlisting.json?search=products.product_code%3A%22FBQ%22&limit=100|https://api.fda.gov/device/enforcement.json?search=product_description%3A%228923.013%22&limit=100|https://api.fda.gov/device/enforcement.json?search=code_info%3A%2204055207022320%22&limit=100|https://api.fda.gov/device/recall.json?search=code_info%3A%2204055207022320%22&limit=100|https://api.fda.gov/device/recall.json?search=product_description%3A%228923.013%22&limit=100,false
PRD-6826FE4C0E,Medtronic,Shiley Flexible Adult Tracheostomy Tube with TaperGuard Cuff,10CN10H,,identity_unresolved,low,family_or_name_only,no_exact_result,no_result,not_found,not_searched,identity|manufacturer,searched,active_exact_product_action,lot_specific,Z-1357-2023,not_applicable,Identity method: family_or_name_only. UDI assessment: no_exact_result. Manufacturer finding: not_searched. Plausible records could not be tied conservatively to the exact catalog product.,Can the manufacturer confirm the exact U.S. catalog/model identity?,keep_hidden_identity_unresolved,https://api.fda.gov/device/udi.json?search=identifiers.id%3A%2210884521172371%22&limit=100|https://api.fda.gov/device/udi.json?search=version_or_model_number%3A%2210CN10H%22&limit=100|https://api.fda.gov/device/enforcement.json?search=code_info%3A%2210884521172371%22&limit=100|https://api.fda.gov/device/enforcement.json?search=product_description%3A%2210CN10H%22&limit=100|https://api.fda.gov/device/recall.json?search=code_info%3A%2210884521172371%22&limit=100|https://api.fda.gov/device/recall.json?search=product_description%3A%2210CN10H%22&limit=100,false
PRD-68E4686E4B,Richard Wolf,Flexible Trocar Sleeve,8906.031,,identity_unresolved,low,exact_manufacturer_catalog_number,all_exact_configurations_active,family_current_listing,premarket_exempt,current_non_us,identity|model,searched,no_exact_action_found,unknown,,not_applicable,Identity method: exact_manufacturer_catalog_number. UDI assessment: all_exact_configurations_active. Manufacturer finding: current_non_us. Plausible records could not be tied conservatively to the exact catalog product.,Can the manufacturer confirm the exact U.S. catalog/model identity?|Does the exact current global manufacturer listing apply to the United States despite the ended UDI evidence?,keep_hidden_identity_unresolved,https://www.richard-wolf.com/mam/data/Typo3/Kataloge/Broncho-_Thorako-_Mediastinoskopie/Thorakale_Endoskopie_en.pdf|https://api.fda.gov/device/udi.json?search=identifiers.id%3A%2204055207021828%22&limit=100|https://api.fda.gov/device/udi.json?search=catalog_number%3A%228906.031%22&limit=100|https://api.fda.gov/device/classification.json?search=product_code%3A%22FBQ%22&limit=100|https://api.fda.gov/device/registrationlisting.json?search=products.product_code%3A%22FBQ%22&limit=100|https://api.fda.gov/device/enforcement.json?search=product_description%3A%228906.031%22&limit=100|https://api.fda.gov/device/enforcement.json?search=code_info%3A%2204055207021828%22&limit=100|https://api.fda.gov/device/recall.json?search=code_info%3A%2204055207021828%22&limit=100|https://api.fda.gov/device/recall.json?search=product_description%3A%228906.031%22&limit=100,false
PRD-69C70153C3,Medtronic,Shiley Right Double-Lumen Endobronchial Tube,126035,,identity_unresolved,low,family_or_name_only,no_exact_result,no_result,not_found,not_searched,identity|manufacturer,searched,no_exact_action_found,unknown,,not_applicable,Identity method: family_or_name_only. UDI assessment: no_exact_result. Manufacturer finding: not_searched. Plausible records could not be tied conservatively to the exact catalog product.,Can the manufacturer confirm the exact U.S. catalog/model identity?,keep_hidden_identity_unresolved,https://api.fda.gov/device/udi.json?search=version_or_model_number%3A%22126035%22&limit=100|https://api.fda.gov/device/udi.json?search=version_or_model_number%3A%22126035%22&limit=100|https://api.fda.gov/device/udi.json?search=version_or_model_number%3A%22126035%22&limit=100|https://api.fda.gov/device/udi.json?search=identifiers.id%3A%2210884522028950%22&limit=100|https://api.fda.gov/device/enforcement.json?search=product_description%3A%22126035%22&limit=100|https://api.fda.gov/device/enforcement.json?search=code_info%3A%2210884522028950%22&limit=100|https://api.fda.gov/device/recall.json?search=code_info%3A%2210884522028950%22&limit=100|https://api.fda.gov/device/recall.json?search=product_description%3A%22126035%22&limit=100,false
PRD-6AAA7898E9,Cook Medical,Blue Rhino G2-Multi Percutaneous Tracheostomy Tray,G57703,,identity_unresolved,low,family_or_name_only,no_exact_result,no_result,not_found,not_searched,identity|manufacturer,searched,active_exact_product_action,lot_specific,Z-1780-2026,not_applicable,Identity method: family_or_name_only. UDI assessment: no_exact_result. Manufacturer finding: not_searched. Plausible records could not be tied conservatively to the exact catalog product.,Can the manufacturer confirm the exact U.S. catalog/model identity?,keep_hidden_identity_unresolved,https://api.fda.gov/device/udi.json?search=version_or_model_number%3A%22G57703%22&limit=100|https://api.fda.gov/device/udi.json?search=identifiers.id%3A%2200827002577039%22&limit=100|https://api.fda.gov/device/enforcement.json?search=product_description%3A%22G57703%22&limit=100|https://api.fda.gov/device/enforcement.json?search=code_info%3A%2200827002577039%22&limit=100|https://api.fda.gov/device/recall.json?search=code_info%3A%2200827002577039%22&limit=100|https://api.fda.gov/device/recall.json?search=product_description%3A%22G57703%22&limit=100,false
PRD-6B09435B5B,Richard Wolf,Optical Retrograde Biopsy Forceps,82530.0702,,identity_unresolved,low,exact_manufacturer_catalog_number,all_exact_configurations_ended,no_result,premarket_exempt,current_non_us,identity|model|distribution,searched,no_exact_action_found,unknown,,not_applicable,Identity method: exact_manufacturer_catalog_number. UDI assessment: all_exact_configurations_ended. Manufacturer finding: current_non_us. Plausible records could not be tied conservatively to the exact catalog product.,Can the manufacturer confirm the exact U.S. catalog/model identity?|Does the exact current global manufacturer listing apply to the United States despite the ended UDI evidence?,keep_hidden_identity_unresolved,https://www.richard-wolf.com/mam/data/Typo3/Kataloge/Broncho-_Thorako-_Mediastinoskopie/Thorakale_Endoskopie_en.pdf|https://api.fda.gov/device/udi.json?search=identifiers.id%3A%2204055207033869%22&limit=100|https://api.fda.gov/device/udi.json?search=catalog_number%3A%2282530.0702%22&limit=100|https://api.fda.gov/device/classification.json?search=product_code%3A%22BWH%22&limit=100|https://api.fda.gov/device/enforcement.json?search=code_info%3A%2204055207033869%22&limit=100|https://api.fda.gov/device/enforcement.json?search=product_description%3A%2282530.0702%22&limit=100|https://api.fda.gov/device/recall.json?search=product_description%3A%2282530.0702%22&limit=100|https://api.fda.gov/device/recall.json?search=code_info%3A%2204055207033869%22&limit=100,false
PRD-6BF80B6E0D,Richard Wolf,PANOVIEW Telescope,8935.443,,identity_unresolved,low,exact_manufacturer_catalog_number,all_exact_configurations_active,search_incomplete,not_found,current_non_us,identity|model,searched,no_exact_action_found,unknown,,not_applicable,Identity method: exact_manufacturer_catalog_number. UDI assessment: all_exact_configurations_active. Manufacturer finding: current_non_us. Plausible records could not be tied conservatively to the exact catalog product.,Can the manufacturer confirm the exact U.S. catalog/model identity?|Does the exact current global manufacturer listing apply to the United States despite the ended UDI evidence?,keep_hidden_identity_unresolved,https://www.richard-wolf.com/mam/data/Typo3/Kataloge/Broncho-_Thorako-_Mediastinoskopie/Thorakale_Endoskopie_en.pdf|https://api.fda.gov/device/udi.json?search=catalog_number%3A%228935.443%22&limit=100|https://api.fda.gov/device/udi.json?search=identifiers.id%3A%2204055207022887%22&limit=100|https://api.fda.gov/device/classification.json?search=product_code%3A%22GCJ%22&limit=100|https://api.fda.gov/device/registrationlisting.json?search=products.product_code%3A%22GCJ%22&limit=100|https://api.fda.gov/device/enforcement.json?search=code_info%3A%2204055207022887%22&limit=100|https://api.fda.gov/device/enforcement.json?search=product_description%3A%228935.443%22&limit=100|https://api.fda.gov/device/recall.json?search=product_description%3A%228935.443%22&limit=100|https://api.fda.gov/device/recall.json?search=code_info%3A%2204055207022887%22&limit=100,false
PRD-6C1DE73547,EFER,"Autoclavable bronchial endoscope, 5.5 mm, 0 degree",BX-5500-FA,,identity_unresolved,low,family_or_name_only,no_exact_result,no_result,not_found,not_searched,identity|manufacturer,searched,no_exact_action_found,unknown,,not_applicable,Identity method: family_or_name_only. UDI assessment: no_exact_result. Manufacturer finding: not_searched. Plausible records could not be tied conservatively to the exact catalog product.,Can the manufacturer confirm the exact U.S. catalog/model identity?,keep_hidden_identity_unresolved,https://api.fda.gov/device/udi.json?search=version_or_model_number%3A%22BX-5500-FA%22&limit=100|https://api.fda.gov/device/udi.json?search=identifiers.id%3A%2203700620600266%22&limit=100|https://api.fda.gov/device/enforcement.json?search=product_description%3A%22BX-5500-FA%22&limit=100|https://api.fda.gov/device/enforcement.json?search=code_info%3A%2203700620600266%22&limit=100|https://api.fda.gov/device/recall.json?search=product_description%3A%22BX-5500-FA%22&limit=100|https://api.fda.gov/device/recall.json?search=code_info%3A%2203700620600266%22&limit=100,false
PRD-6C9FB1DC9F,Cardinal Health,"Argyle PVC Thoracic Catheter – Straight, 36 Fr × 20 in",8888570564,,identity_unresolved,low,exact_manufacturer_catalog_number,all_exact_configurations_ended,search_incomplete,premarket_exempt,not_searched,identity|manufacturer,searched,no_exact_action_found,unknown,,not_applicable,Identity method: exact_manufacturer_catalog_number. UDI assessment: all_exact_configurations_ended. Manufacturer finding: not_searched. Plausible records could not be tied conservatively to the exact catalog product.,Can the manufacturer confirm the exact U.S. catalog/model identity?,keep_hidden_identity_unresolved,https://api.fda.gov/device/udi.json?search=catalog_number%3A%228888570564%22&limit=100|https://api.fda.gov/device/udi.json?search=version_or_model_number%3A%228888570564%22&limit=100|https://api.fda.gov/device/udi.json?search=catalog_number%3A%228888570564%22&limit=100|https://api.fda.gov/device/udi.json?search=version_or_model_number%3A%228888570564%22&limit=100|https://api.fda.gov/device/udi.json?search=identifiers.id%3A%2210192253003628%22&limit=100|https://api.fda.gov/device/udi.json?search=version_or_model_number%3A%228888570564%22&limit=100|https://api.fda.gov/device/classification.json?search=product_code%3A%22JOL%22&limit=100|https://api.fda.gov/device/enforcement.json?search=code_info%3A%2220884521050867%22&limit=100|https://api.fda.gov/device/enforcement.json?search=product_description%3A%228888570564%22&limit=100|https://api.fda.gov/device/enforcement.json?search=code_info%3A%2210192253003628%22&limit=100|https://api.fda.gov/device/enforcement.json?search=code_info%3A%2200884521149529%22&limit=100|https://api.fda.gov/device/enforcement.json?search=code_info%3A%2200884521060879%22&limit=100|https://api.fda.gov/device/enforcement.json?search=code_info%3A%2210884521050860%22&limit=100|https://api.fda.gov/device/recall.json?search=code_info%3A%2210884521050860%22&limit=100|https://api.fda.gov/device/recall.json?search=code_info%3A%2220884521050867%22&limit=100|https://api.fda.gov/device/recall.json?search=code_info%3A%2200884521149529%22&limit=100|https://api.fda.gov/device/recall.json?search=product_description%3A%228888570564%22&limit=100|https://api.fda.gov/device/recall.json?search=code_info%3A%2210192253003628%22&limit=100|https://api.fda.gov/device/recall.json?search=code_info%3A%2200884521060879%22&limit=100,false
PRD-6CB8BD3445,Richard Wolf,"Parenchyma Forceps, Curved Left",8242.601,,identity_unresolved,low,exact_manufacturer_catalog_number,all_exact_configurations_ended,search_incomplete,premarket_exempt,current_non_us,identity|model|distribution,searched,no_exact_action_found,unknown,,not_applicable,Identity method: exact_manufacturer_catalog_number. UDI assessment: all_exact_configurations_ended. Manufacturer finding: current_non_us. Plausible records could not be tied conservatively to the exact catalog product.,Can the manufacturer confirm the exact U.S. catalog/model identity?|Does the exact current global manufacturer listing apply to the United States despite the ended UDI evidence?,keep_hidden_identity_unresolved,https://www.richard-wolf.com/mam/data/Typo3/Kataloge/Broncho-_Thorako-_Mediastinoskopie/Thorakale_Endoskopie_en.pdf|https://api.fda.gov/device/udi.json?search=identifiers.id%3A%2204055207014622%22&limit=100|https://api.fda.gov/device/udi.json?search=catalog_number%3A%228242.601%22&limit=100|https://api.fda.gov/device/classification.json?search=product_code%3A%22GEN%22&limit=100|https://api.fda.gov/device/enforcement.json?search=code_info%3A%2204055207014622%22&limit=100|https://api.fda.gov/device/enforcement.json?search=product_description%3A%228242.601%22&limit=100|https://api.fda.gov/device/recall.json?search=product_description%3A%228242.601%22&limit=100|https://api.fda.gov/device/recall.json?search=code_info%3A%2204055207014622%22&limit=100,false
PRD-6CF2953F5E,Cook Medical,Arndt Endobronchial Blocker Set,G44109,,identity_unresolved,low,family_or_name_only,no_exact_result,no_result,not_found,current_exact_official_us_product,identity|manufacturer,searched,no_exact_action_found,unknown,,not_applicable,Identity method: family_or_name_only. UDI assessment: no_exact_result. Manufacturer finding: current_exact_official_us_product. Plausible records could not be tied conservatively to the exact catalog product.,Can the manufacturer confirm the exact U.S. catalog/model identity?,keep_hidden_identity_unresolved,https://www.cookmedical.com/products/cc_aebs_webds/|https://api.fda.gov/device/udi.json?search=identifiers.id%3A%2200827002441095%22&limit=100|https://api.fda.gov/device/udi.json?search=version_or_model_number%3A%22G44109%22&limit=100|https://api.fda.gov/device/enforcement.json?search=product_description%3A%22G44109%22&limit=100|https://api.fda.gov/device/enforcement.json?search=code_info%3A%2200827002441095%22&limit=100|https://api.fda.gov/device/enforcement.json?search=product_description%3A%22C-AEBS-5.0-50-SPH-AS%22&limit=100|https://api.fda.gov/device/recall.json?search=product_description%3A%22G44109%22&limit=100|https://api.fda.gov/device/recall.json?search=product_description%3A%22C-AEBS-5.0-50-SPH-AS%22&limit=100|https://api.fda.gov/device/recall.json?search=code_info%3A%2200827002441095%22&limit=100,false
PRD-6D2D08656C,Richard Wolf,"Vessel Clamp, Curved Right",8242.652,,identity_unresolved,low,exact_manufacturer_catalog_number,all_exact_configurations_ended,search_incomplete,premarket_exempt,current_non_us,identity|model|distribution,searched,no_exact_action_found,unknown,,not_applicable,Identity method: exact_manufacturer_catalog_number. UDI assessment: all_exact_configurations_ended. Manufacturer finding: current_non_us. Plausible records could not be tied conservatively to the exact catalog product.,Can the manufacturer confirm the exact U.S. catalog/model identity?|Does the exact current global manufacturer listing apply to the United States despite the ended UDI evidence?,keep_hidden_identity_unresolved,https://www.richard-wolf.com/mam/data/Typo3/Kataloge/Broncho-_Thorako-_Mediastinoskopie/Thorakale_Endoskopie_en.pdf|https://api.fda.gov/device/udi.json?search=catalog_number%3A%228242.652%22&limit=100|https://api.fda.gov/device/udi.json?search=identifiers.id%3A%2204055207014684%22&limit=100|https://api.fda.gov/device/classification.json?search=product_code%3A%22GEN%22&limit=100|https://api.fda.gov/device/enforcement.json?search=code_info%3A%2204055207014684%22&limit=100|https://api.fda.gov/device/enforcement.json?search=product_description%3A%228242.652%22&limit=100|https://api.fda.gov/device/recall.json?search=code_info%3A%2204055207014684%22&limit=100|https://api.fda.gov/device/recall.json?search=product_description%3A%228242.652%22&limit=100,false
PRD-6D6EEB24B8,Olympus,WM-NP3 Urology Workstation Configuration,K10035371,,identity_unresolved,low,family_or_name_only,no_exact_result,no_result,not_found,family_only_current,identity|manufacturer,searched,no_exact_action_found,unknown,,not_applicable,Identity method: family_or_name_only. UDI assessment: no_exact_result. Manufacturer finding: family_only_current. Plausible records could not be tied conservatively to the exact catalog product.,Can the manufacturer confirm the exact U.S. catalog/model identity?,keep_hidden_identity_unresolved,https://content.medical.olympusamerica.com/products/accessory-solutions|https://api.fda.gov/device/udi.json?search=catalog_number%3A%22K10035371%22&limit=100|https://api.fda.gov/device/udi.json?search=identifiers.id%3A%2215019778007885%22&limit=100|https://api.fda.gov/device/enforcement.json?search=code_info%3A%2215019778007885%22&limit=100|https://api.fda.gov/device/enforcement.json?search=product_description%3A%22K10035371%22&limit=100|https://api.fda.gov/device/recall.json?search=code_info%3A%2215019778007885%22&limit=100|https://api.fda.gov/device/recall.json?search=product_description%3A%22K10035371%22&limit=100,false
PRD-6DBE766019,Cook Medical,Thal-Quick Chest Tube Tray,G05462,,identity_unresolved,low,family_or_name_only,no_exact_result,no_result,not_found,not_searched,identity|manufacturer,searched,no_exact_action_found,unknown,,not_applicable,Identity method: family_or_name_only. UDI assessment: no_exact_result. Manufacturer finding: not_searched. Plausible records could not be tied conservatively to the exact catalog product.,Can the manufacturer confirm the exact U.S. catalog/model identity?,keep_hidden_identity_unresolved,https://api.fda.gov/device/udi.json?search=identifiers.id%3A%2200827002054622%22&limit=100|https://api.fda.gov/device/udi.json?search=version_or_model_number%3A%22G05462%22&limit=100|https://api.fda.gov/device/enforcement.json?search=code_info%3A%2200827002054622%22&limit=100|https://api.fda.gov/device/enforcement.json?search=product_description%3A%22G05462%22&limit=100|https://api.fda.gov/device/recall.json?search=code_info%3A%2200827002054622%22&limit=100|https://api.fda.gov/device/recall.json?search=product_description%3A%22G05462%22&limit=100,false
PRD-6F32150552,Cook Medical,Catheter Aspiration Set for Simple Pneumothorax,G05296,,identity_unresolved,low,family_or_name_only,no_exact_result,no_result,not_found,family_only_current,identity|manufacturer,searched,no_exact_action_found,unknown,,not_applicable,Identity method: family_or_name_only. UDI assessment: no_exact_result. Manufacturer finding: family_only_current. Plausible records could not be tied conservatively to the exact catalog product.,Can the manufacturer confirm the exact U.S. catalog/model identity?,keep_hidden_identity_unresolved,https://www.cookmedical.com/products/cc_utpt_webds/|https://api.fda.gov/device/udi.json?search=identifiers.id%3A%2200827002052963%22&limit=100|https://api.fda.gov/device/udi.json?search=version_or_model_number%3A%22G05296%22&limit=100|https://api.fda.gov/device/enforcement.json?search=code_info%3A%2200827002052963%22&limit=100|https://api.fda.gov/device/enforcement.json?search=product_description%3A%22G05296%22&limit=100|https://api.fda.gov/device/recall.json?search=code_info%3A%2200827002052963%22&limit=100|https://api.fda.gov/device/recall.json?search=product_description%3A%22G05296%22&limit=100,false
PRD-6F9DAB8E9D,Teleflex,Drainer Centesis Catheter,8810,,identity_unresolved,low,exact_manufacturer_catalog_number,all_exact_configurations_active,no_result,premarket_exempt,no_result,identity|model|manufacturer,searched,no_exact_action_found,unknown,,not_applicable,Identity method: exact_manufacturer_catalog_number. UDI assessment: all_exact_configurations_active. Manufacturer finding: no_result. Plausible records could not be tied conservatively to the exact catalog product.,Can the manufacturer confirm the exact U.S. catalog/model identity?,keep_hidden_identity_unresolved,https://teleflex.com/usa/en/product-areas/interventional/drainage/arrow-diagnostic-drainage-products/MC-006078_Interventional_DND_Product_Line_Brochure_Final.pdf|https://api.fda.gov/device/udi.json?search=version_or_model_number%3A%228810%22&limit=100|https://api.fda.gov/device/udi.json?search=catalog_number%3A%228810%22&limit=100|https://api.fda.gov/device/udi.json?search=version_or_model_number%3A%228810%22&limit=100|https://api.fda.gov/device/udi.json?search=catalog_number%3A%228810%22&limit=100|https://api.fda.gov/device/udi.json?search=version_or_model_number%3A%228810%22&limit=100|https://api.fda.gov/device/udi.json?search=catalog_number%3A%228810%22&limit=100|https://api.fda.gov/device/udi.json?search=version_or_model_number%3A%228810%22&limit=100|https://api.fda.gov/device/udi.json?search=version_or_model_number%3A%228810%22&limit=100|https://api.fda.gov/device/udi.json?search=catalog_number%3A%228810%22&limit=100|https://api.fda.gov/device/udi.json?search=identifiers.id%3A%2210841156111847%22&limit=100|https://api.fda.gov/device/udi.json?search=catalog_number%3A%228810%22&limit=100|https://api.fda.gov/device/classification.json?search=product_code%3A%22GCB%22&limit=100|https://api.fda.gov/device/enforcement.json?search=code_info%3A%2220841156111844%22&limit=100|https://api.fda.gov/device/enforcement.json?search=code_info%3A%2210841156111847%22&limit=100|https://api.fda.gov/device/recall.json?search=code_info%3A%2220841156111844%22&limit=100|https://api.fda.gov/device/recall.json?search=code_info%3A%2210841156111847%22&limit=100,false
PRD-7058C81A50,Richard Wolf,Jet Ventilation Respiration Adapter Bundle,8238.502,,identity_unresolved,low,exact_manufacturer_catalog_number,all_exact_configurations_ended,family_current_listing,premarket_exempt,current_non_us,identity|model|distribution,searched,no_exact_action_found,unknown,,not_applicable,Identity method: exact_manufacturer_catalog_number. UDI assessment: all_exact_configurations_ended. Manufacturer finding: current_non_us. Plausible records could not be tied conservatively to the exact catalog product.,Can the manufacturer confirm the exact U.S. catalog/model identity?|Does the exact current global manufacturer listing apply to the United States despite the ended UDI evidence?,keep_hidden_identity_unresolved,https://www.richard-wolf.com/mam/data/Typo3/Kataloge/Broncho-_Thorako-_Mediastinoskopie/Thorakale_Endoskopie_en.pdf|https://api.fda.gov/device/udi.json?search=catalog_number%3A%228238.502%22&limit=100|https://api.fda.gov/device/udi.json?search=identifiers.id%3A%2204055207014554%22&limit=100|https://api.fda.gov/device/classification.json?search=product_code%3A%22KTI%22&limit=100|https://api.fda.gov/device/registrationlisting.json?search=products.product_code%3A%22KTI%22&limit=100|https://api.fda.gov/device/enforcement.json?search=code_info%3A%2204055207014554%22&limit=100|https://api.fda.gov/device/enforcement.json?search=product_description%3A%228238.502%22&limit=100|https://api.fda.gov/device/recall.json?search=product_description%3A%228238.502%22&limit=100|https://api.fda.gov/device/recall.json?search=code_info%3A%2204055207014554%22&limit=100,false
PRD-709ED0842B,Medtronic,Shiley Flexible Evac Tracheostomy Tube,7CN80ED,,identity_unresolved,low,family_or_name_only,no_exact_result,no_result,not_found,not_searched,identity|manufacturer,searched,no_exact_action_found,unknown,,not_applicable,Identity method: family_or_name_only. UDI assessment: no_exact_result. Manufacturer finding: not_searched. Plausible records could not be tied conservatively to the exact catalog product.,Can the manufacturer confirm the exact U.S. catalog/model identity?,keep_hidden_identity_unresolved,https://api.fda.gov/device/udi.json?search=identifiers.id%3A%2210884521726222%22&limit=100|https://api.fda.gov/device/udi.json?search=version_or_model_number%3A%227CN80ED%22&limit=100|https://api.fda.gov/device/enforcement.json?search=product_description%3A%227CN80ED%22&limit=100|https://api.fda.gov/device/enforcement.json?search=code_info%3A%2210884521726222%22&limit=100|https://api.fda.gov/device/recall.json?search=code_info%3A%2210884521726222%22&limit=100|https://api.fda.gov/device/recall.json?search=product_description%3A%227CN80ED%22&limit=100,false
PRD-70B4B5EA83,Cook Medical,Thal-Quick Chest Tube Tray,G05461,,identity_unresolved,low,family_or_name_only,no_exact_result,no_result,not_found,not_searched,identity|manufacturer,searched,no_exact_action_found,unknown,,not_applicable,Identity method: family_or_name_only. UDI assessment: no_exact_result. Manufacturer finding: not_searched. Plausible records could not be tied conservatively to the exact catalog product.,Can the manufacturer confirm the exact U.S. catalog/model identity?,keep_hidden_identity_unresolved,https://api.fda.gov/device/udi.json?search=version_or_model_number%3A%22G05461%22&limit=100|https://api.fda.gov/device/udi.json?search=identifiers.id%3A%2200827002054615%22&limit=100|https://api.fda.gov/device/enforcement.json?search=product_description%3A%22G05461%22&limit=100|https://api.fda.gov/device/enforcement.json?search=code_info%3A%2200827002054615%22&limit=100|https://api.fda.gov/device/recall.json?search=code_info%3A%2200827002054615%22&limit=100|https://api.fda.gov/device/recall.json?search=product_description%3A%22G05461%22&limit=100,false
PRD-716AA24BEF,Richard Wolf,"Biopsy Forceps, Smooth",8280.43,,identity_unresolved,low,exact_manufacturer_catalog_number,all_exact_configurations_active,search_incomplete,premarket_exempt,current_non_us,identity|model,searched,no_exact_action_found,unknown,,not_applicable,Identity method: exact_manufacturer_catalog_number. UDI assessment: all_exact_configurations_active. Manufacturer finding: current_non_us. Plausible records could not be tied conservatively to the exact catalog product.,Can the manufacturer confirm the exact U.S. catalog/model identity?|Does the exact current global manufacturer listing apply to the United States despite the ended UDI evidence?,keep_hidden_identity_unresolved,https://www.richard-wolf.com/mam/data/Typo3/Kataloge/Broncho-_Thorako-_Mediastinoskopie/Thorakale_Endoskopie_en.pdf|https://api.fda.gov/device/udi.json?search=catalog_number%3A%228280.43%22&limit=100|https://api.fda.gov/device/udi.json?search=identifiers.id%3A%2204055207039304%22&limit=100|https://api.fda.gov/device/classification.json?search=product_code%3A%22KAE%22&limit=100|https://api.fda.gov/device/enforcement.json?search=code_info%3A%2204055207039304%22&limit=100|https://api.fda.gov/device/enforcement.json?search=product_description%3A%228280.43%22&limit=100|https://api.fda.gov/device/recall.json?search=product_description%3A%228280.43%22&limit=100|https://api.fda.gov/device/recall.json?search=code_info%3A%2204055207039304%22&limit=100,false
PRD-7397B6CA00,Intuitive Surgical,Ion Flexision Biopsy Needle 19G,490104,,identity_unresolved,low,exact_manufacturer_model_number,all_exact_configurations_active,search_incomplete,not_found,family_only_current,identity|manufacturer,searched,active_exact_product_action,product_wide,Z-0106-2022|Z-0355-2024|Z-2401-2024,not_applicable,Identity method: exact_manufacturer_model_number. UDI assessment: all_exact_configurations_active. Manufacturer finding: family_only_current. Plausible records could not be tied conservatively to the exact catalog product.,Can the manufacturer confirm the exact U.S. catalog/model identity?,keep_hidden_identity_unresolved,https://www.intuitive.com/en-us/-/media/ISI/Intuitive/Pdf/intuitive-ion-system-brochure-1051118.pdf|https://www.intuitive.com/en-us/products-and-services/ion|https://api.fda.gov/device/udi.json?search=catalog_number%3A%22490104%22&limit=100|https://api.fda.gov/device/udi.json?search=version_or_model_number%3A%22490104%22&limit=100|https://api.fda.gov/device/udi.json?search=version_or_model_number%3A%22490104%22&limit=100|https://api.fda.gov/device/udi.json?search=identifiers.id%3A%2200886874115978%22&limit=100|https://api.fda.gov/device/udi.json?search=catalog_number%3A%22490104%22&limit=100|https://api.fda.gov/device/udi.json?search=version_or_model_number%3A%22490104%22&limit=100|https://api.fda.gov/device/classification.json?search=product_code%3A%22EOQ%22&limit=100|https://api.fda.gov/device/registrationlisting.json?search=products.product_code%3A%22EOQ%22&limit=100|https://api.fda.gov/device/enforcement.json?search=code_info%3A%2210886874115975%22&limit=100|https://api.fda.gov/device/enforcement.json?search=code_info%3A%2200886874115978%22&limit=100|https://api.fda.gov/device/enforcement.json?search=product_description%3A%22490104%22&limit=100|https://api.fda.gov/device/recall.json?search=code_info%3A%2200886874115978%22&limit=100|https://api.fda.gov/device/recall.json?search=code_info%3A%2210886874115975%22&limit=100|https://api.fda.gov/device/recall.json?search=product_description%3A%22490104%22&limit=100,false
PRD-7518A5B1E1,Cook Medical,Pneumothorax Set and Tray,G03301,,identity_unresolved,low,family_or_name_only,no_exact_result,no_result,not_found,family_only_current,identity|manufacturer,searched,no_exact_action_found,unknown,,not_applicable,Identity method: family_or_name_only. UDI assessment: no_exact_result. Manufacturer finding: family_only_current. Plausible records could not be tied conservatively to the exact catalog product.,Can the manufacturer confirm the exact U.S. catalog/model identity?,keep_hidden_identity_unresolved,https://www.cookmedical.com/products/cc_utpt_webds/|https://api.fda.gov/device/udi.json?search=version_or_model_number%3A%22G03301%22&limit=100|https://api.fda.gov/device/udi.json?search=identifiers.id%3A%2200827002033016%22&limit=100|https://api.fda.gov/device/enforcement.json?search=code_info%3A%2200827002033016%22&limit=100|https://api.fda.gov/device/enforcement.json?search=product_description%3A%22G03301%22&limit=100|https://api.fda.gov/device/recall.json?search=code_info%3A%2200827002033016%22&limit=100|https://api.fda.gov/device/recall.json?search=product_description%3A%22G03301%22&limit=100,false
PRD-75434A8582,Richard Wolf,"Grasping Forceps, Serrated",8280.41,,identity_unresolved,low,exact_manufacturer_catalog_number,all_exact_configurations_active,search_incomplete,premarket_exempt,current_non_us,identity|model,searched,no_exact_action_found,unknown,,not_applicable,Identity method: exact_manufacturer_catalog_number. UDI assessment: all_exact_configurations_active. Manufacturer finding: current_non_us. Plausible records could not be tied conservatively to the exact catalog product.,Can the manufacturer confirm the exact U.S. catalog/model identity?|Does the exact current global manufacturer listing apply to the United States despite the ended UDI evidence?,keep_hidden_identity_unresolved,https://www.richard-wolf.com/mam/data/Typo3/Kataloge/Broncho-_Thorako-_Mediastinoskopie/Thorakale_Endoskopie_en.pdf|https://api.fda.gov/device/udi.json?search=identifiers.id%3A%2204055207039281%22&limit=100|https://api.fda.gov/device/udi.json?search=catalog_number%3A%228280.41%22&limit=100|https://api.fda.gov/device/classification.json?search=product_code%3A%22KAE%22&limit=100|https://api.fda.gov/device/enforcement.json?search=code_info%3A%2204055207039281%22&limit=100|https://api.fda.gov/device/enforcement.json?search=product_description%3A%228280.41%22&limit=100|https://api.fda.gov/device/recall.json?search=product_description%3A%228280.41%22&limit=100|https://api.fda.gov/device/recall.json?search=code_info%3A%2204055207039281%22&limit=100,false
PRD-759CE9B00A,Richard Wolf,"Thoracoscopy Scissors, Straight",8243.403,,identity_unresolved,low,exact_manufacturer_catalog_number,all_exact_configurations_ended,search_incomplete,premarket_exempt,current_non_us,identity|model|distribution,searched,no_exact_action_found,unknown,,not_applicable,Identity method: exact_manufacturer_catalog_number. UDI assessment: all_exact_configurations_ended. Manufacturer finding: current_non_us. Plausible records could not be tied conservatively to the exact catalog product.,Can the manufacturer confirm the exact U.S. catalog/model identity?|Does the exact current global manufacturer listing apply to the United States despite the ended UDI evidence?,keep_hidden_identity_unresolved,https://www.richard-wolf.com/mam/data/Typo3/Kataloge/Broncho-_Thorako-_Mediastinoskopie/Thorakale_Endoskopie_en.pdf|https://api.fda.gov/device/udi.json?search=catalog_number%3A%228243.403%22&limit=100|https://api.fda.gov/device/udi.json?search=identifiers.id%3A%2204055207014691%22&limit=100|https://api.fda.gov/device/classification.json?search=product_code%3A%22LRW%22&limit=100|https://api.fda.gov/device/enforcement.json?search=code_info%3A%2204055207014691%22&limit=100|https://api.fda.gov/device/enforcement.json?search=product_description%3A%228243.403%22&limit=100|https://api.fda.gov/device/recall.json?search=product_description%3A%228243.403%22&limit=100|https://api.fda.gov/device/recall.json?search=code_info%3A%2204055207014691%22&limit=100,false
PRD-788469337A,Medtronic,Shiley Flexible Adult Cuffless Tracheostomy Tube,7UN80H,,identity_unresolved,low,family_or_name_only,no_exact_result,no_result,not_found,not_searched,identity|manufacturer,searched,active_exact_product_action,lot_specific,Z-1357-2023,not_applicable,Identity method: family_or_name_only. UDI assessment: no_exact_result. Manufacturer finding: not_searched. Plausible records could not be tied conservatively to the exact catalog product.,Can the manufacturer confirm the exact U.S. catalog/model identity?,keep_hidden_identity_unresolved,https://api.fda.gov/device/udi.json?search=identifiers.id%3A%2220884521176260%22&limit=100|https://api.fda.gov/device/udi.json?search=version_or_model_number%3A%227UN80H%22&limit=100|https://api.fda.gov/device/enforcement.json?search=product_description%3A%227UN80H%22&limit=100|https://api.fda.gov/device/enforcement.json?search=code_info%3A%2220884521176260%22&limit=100|https://api.fda.gov/device/recall.json?search=product_description%3A%227UN80H%22&limit=100|https://api.fda.gov/device/recall.json?search=code_info%3A%2220884521176260%22&limit=100,false
PRD-78D84A6D45,Medtronic,Shiley Right Double-Lumen Endobronchial Tube,126037,,identity_unresolved,low,family_or_name_only,no_exact_result,no_result,not_found,not_searched,identity|manufacturer,searched,no_exact_action_found,unknown,,not_applicable,Identity method: family_or_name_only. UDI assessment: no_exact_result. Manufacturer finding: not_searched. Plausible records could not be tied conservatively to the exact catalog product.,Can the manufacturer confirm the exact U.S. catalog/model identity?,keep_hidden_identity_unresolved,https://api.fda.gov/device/udi.json?search=version_or_model_number%3A%22126037%22&limit=100|https://api.fda.gov/device/udi.json?search=identifiers.id%3A%2210884521831780%22&limit=100|https://api.fda.gov/device/udi.json?search=version_or_model_number%3A%22126037%22&limit=100|https://api.fda.gov/device/udi.json?search=version_or_model_number%3A%22126037%22&limit=100|https://api.fda.gov/device/enforcement.json?search=product_description%3A%22126037%22&limit=100|https://api.fda.gov/device/enforcement.json?search=code_info%3A%2210884521831780%22&limit=100|https://api.fda.gov/device/recall.json?search=product_description%3A%22126037%22&limit=100|https://api.fda.gov/device/recall.json?search=code_info%3A%2210884521831780%22&limit=100,false
PRD-78DC6578D9,BD,PleurX Pleural Catheter Kit,50-7000B,,identity_unresolved,low,family_or_name_only,no_exact_result,no_result,not_found,not_searched,identity|manufacturer,searched,no_exact_action_found,unknown,,not_applicable,Identity method: family_or_name_only. UDI assessment: no_exact_result. Manufacturer finding: not_searched. Plausible records could not be tied conservatively to the exact catalog product.,Can the manufacturer confirm the exact U.S. catalog/model identity?,keep_hidden_identity_unresolved,https://api.fda.gov/device/udi.json?search=identifiers.id%3A%2210885403075971%22&limit=100|https://api.fda.gov/device/udi.json?search=catalog_number%3A%2250-7000B%22&limit=100|https://api.fda.gov/device/udi.json?search=version_or_model_number%3A%2250-7000B%22&limit=100|https://api.fda.gov/device/enforcement.json?search=product_description%3A%2250-7000B%22&limit=100|https://api.fda.gov/device/enforcement.json?search=code_info%3A%2210885403075971%22&limit=100|https://api.fda.gov/device/recall.json?search=code_info%3A%2210885403075971%22&limit=100|https://api.fda.gov/device/recall.json?search=product_description%3A%2250-7000B%22&limit=100,false
PRD-7BE12DDECD,Teleflex,Arrow Pneumothorax Kit,ASK-01500-JCM,,identity_unresolved,low,exact_manufacturer_catalog_number,conflicting_exact_configuration_statuses,exact_current_listing,exact_510k_clearance,no_result,identity|model|package_configuration|distribution,searched,active_exact_product_action,lot_specific,Z-2382-2026,not_applicable,Identity method: exact_manufacturer_catalog_number. UDI assessment: conflicting_exact_configuration_statuses. Manufacturer finding: no_result. Plausible records could not be tied conservatively to the exact catalog product.,Can the manufacturer confirm the exact U.S. catalog/model identity?,keep_hidden_identity_unresolved,https://teleflex.com/usa/en/product-areas/interventional/drainage/arrow-diagnostic-drainage-products/MC-006078_Interventional_DND_Product_Line_Brochure_Final.pdf|https://api.fda.gov/device/udi.json?search=catalog_number%3A%22ASK-01500-JCM%22&limit=100|https://api.fda.gov/device/udi.json?search=identifiers.id%3A%2210801902120202%22&limit=100|https://api.fda.gov/device/udi.json?search=catalog_number%3A%22ASK-01500-JCM%22&limit=100|https://api.fda.gov/device/udi.json?search=catalog_number%3A%22ASK-01500-JCM%22&limit=100|https://api.fda.gov/device/udi.json?search=catalog_number%3A%22ASK-01500-JCM%22&limit=100|https://api.fda.gov/device/510k.json?search=k_number%3A%22K904021%22&limit=100|https://api.fda.gov/device/classification.json?search=product_code%3A%22JDC%22&limit=100|https://api.fda.gov/device/registrationlisting.json?search=k_number%3A%22K904021%22&limit=100|https://api.fda.gov/device/enforcement.json?search=code_info%3A%2210801902053272%22&limit=100|https://api.fda.gov/device/enforcement.json?search=code_info%3A%2200801902053275%22&limit=100|https://api.fda.gov/device/enforcement.json?search=code_info%3A%2220801902053279%22&limit=100|https://api.fda.gov/device/enforcement.json?search=code_info%3A%2230801902120206%22&limit=100|https://api.fda.gov/device/enforcement.json?search=code_info%3A%2230801902053276%22&limit=100|https://api.fda.gov/device/enforcement.json?search=code_info%3A%2220801902120209%22&limit=100|https://api.fda.gov/device/enforcement.json?search=code_info%3A%2210801902120202%22&limit=100|https://api.fda.gov/device/enforcement.json?search=product_description%3A%22ASK-01500-JCM%22&limit=100|https://api.fda.gov/device/enforcement.json?search=code_info%3A%2240801902120203%22&limit=100|https://api.fda.gov/device/recall.json?search=code_info%3A%2230801902053276%22&limit=100|https://api.fda.gov/device/recall.json?search=code_info%3A%2240801902120203%22&limit=100|https://api.fda.gov/device/recall.json?search=k_numbers%3A%22K904021%22&limit=100|https://api.fda.gov/device/recall.json?search=code_info%3A%2210801902120202%22&limit=100|https://api.fda.gov/device/recall.json?search=product_description%3A%22ASK-01500-JCM%22&limit=100|https://api.fda.gov/device/recall.json?search=code_info%3A%2200801902053275%22&limit=100|https://api.fda.gov/device/recall.json?search=code_info%3A%2230801902120206%22&limit=100|https://api.fda.gov/device/recall.json?search=code_info%3A%2220801902120209%22&limit=100|https://api.fda.gov/device/recall.json?search=code_info%3A%2220801902053279%22&limit=100|https://api.fda.gov/device/recall.json?search=code_info%3A%2210801902053272%22&limit=100,false
PRD-7E17F5F17E,Teleflex,Arrow Pneumothorax Kit,AK-01500,,identity_unresolved,low,exact_manufacturer_catalog_number,conflicting_exact_configuration_statuses,exact_current_listing,exact_510k_clearance,no_result,identity|model|package_configuration|distribution,searched,active_exact_product_action,lot_specific,Z-2382-2026,not_applicable,Identity method: exact_manufacturer_catalog_number. UDI assessment: conflicting_exact_configuration_statuses. Manufacturer finding: no_result. Plausible records could not be tied conservatively to the exact catalog product.,Can the manufacturer confirm the exact U.S. catalog/model identity?,keep_hidden_identity_unresolved,https://teleflex.com/usa/en/product-areas/interventional/drainage/arrow-diagnostic-drainage-products/MC-006078_Interventional_DND_Product_Line_Brochure_Final.pdf|https://api.fda.gov/device/udi.json?search=catalog_number%3A%22AK-01500%22&limit=100|https://api.fda.gov/device/udi.json?search=catalog_number%3A%22AK-01500%22&limit=100|https://api.fda.gov/device/udi.json?search=identifiers.id%3A%2230801902120145%22&limit=100|https://api.fda.gov/device/udi.json?search=catalog_number%3A%22AK-01500%22&limit=100|https://api.fda.gov/device/udi.json?search=catalog_number%3A%22AK-01500%22&limit=100|https://api.fda.gov/device/udi.json?search=catalog_number%3A%22AK-01500%22&limit=100|https://api.fda.gov/device/510k.json?search=k_number%3A%22K904021%22&limit=100|https://api.fda.gov/device/classification.json?search=product_code%3A%22JDC%22&limit=100|https://api.fda.gov/device/registrationlisting.json?search=k_number%3A%22K904021%22&limit=100|https://api.fda.gov/device/enforcement.json?search=code_info%3A%2220801902004806%22&limit=100|https://api.fda.gov/device/enforcement.json?search=code_info%3A%2220801902120148%22&limit=100|https://api.fda.gov/device/enforcement.json?search=product_description%3A%22AK-01500%22&limit=100|https://api.fda.gov/device/enforcement.json?search=code_info%3A%2200801902004802%22&limit=100|https://api.fda.gov/device/enforcement.json?search=code_info%3A%2230801902120145%22&limit=100|https://api.fda.gov/device/enforcement.json?search=code_info%3A%2210801902120141%22&limit=100|https://api.fda.gov/device/enforcement.json?search=code_info%3A%2210801902004809%22&limit=100|https://api.fda.gov/device/enforcement.json?search=code_info%3A%2250801902004807%22&limit=100|https://api.fda.gov/device/enforcement.json?search=code_info%3A%2240801902004800%22&limit=100|https://api.fda.gov/device/enforcement.json?search=code_info%3A%2240801902120142%22&limit=100|https://api.fda.gov/device/enforcement.json?search=code_info%3A%2230801902004803%22&limit=100|https://api.fda.gov/device/recall.json?search=code_info%3A%2240801902120142%22&limit=100|https://api.fda.gov/device/recall.json?search=k_numbers%3A%22K904021%22&limit=100|https://api.fda.gov/device/recall.json?search=code_info%3A%2230801902120145%22&limit=100|https://api.fda.gov/device/recall.json?search=code_info%3A%2230801902004803%22&limit=100|https://api.fda.gov/device/recall.json?search=code_info%3A%2240801902004800%22&limit=100|https://api.fda.gov/device/recall.json?search=code_info%3A%2210801902004809%22&limit=100|https://api.fda.gov/device/recall.json?search=code_info%3A%2220801902004806%22&limit=100|https://api.fda.gov/device/recall.json?search=code_info%3A%2250801902004807%22&limit=100|https://api.fda.gov/device/recall.json?search=product_description%3A%22AK-01500%22&limit=100|https://api.fda.gov/device/recall.json?search=code_info%3A%2200801902004802%22&limit=100|https://api.fda.gov/device/recall.json?search=code_info%3A%2220801902120148%22&limit=100|https://api.fda.gov/device/recall.json?search=code_info%3A%2210801902120141%22&limit=100,false
PRD-7E7BC96506,Richard Wolf,Trocar Sleeve with Rubber Cap,8906.051,,identity_unresolved,low,exact_manufacturer_catalog_number,all_exact_configurations_active,family_current_listing,premarket_exempt,current_non_us,identity|model,searched,no_exact_action_found,unknown,,not_applicable,Identity method: exact_manufacturer_catalog_number. UDI assessment: all_exact_configurations_active. Manufacturer finding: current_non_us. Plausible records could not be tied conservatively to the exact catalog product.,Can the manufacturer confirm the exact U.S. catalog/model identity?|Does the exact current global manufacturer listing apply to the United States despite the ended UDI evidence?,keep_hidden_identity_unresolved,https://www.richard-wolf.com/mam/data/Typo3/Kataloge/Broncho-_Thorako-_Mediastinoskopie/Thorakale_Endoskopie_en.pdf|https://api.fda.gov/device/udi.json?search=catalog_number%3A%228906.051%22&limit=100|https://api.fda.gov/device/udi.json?search=identifiers.id%3A%2204055207021835%22&limit=100|https://api.fda.gov/device/classification.json?search=product_code%3A%22FBQ%22&limit=100|https://api.fda.gov/device/registrationlisting.json?search=products.product_code%3A%22FBQ%22&limit=100|https://api.fda.gov/device/enforcement.json?search=code_info%3A%2204055207021835%22&limit=100|https://api.fda.gov/device/enforcement.json?search=product_description%3A%228906.051%22&limit=100|https://api.fda.gov/device/recall.json?search=code_info%3A%2204055207021835%22&limit=100|https://api.fda.gov/device/recall.json?search=product_description%3A%228906.051%22&limit=100,false
PRD-7EAB3D4582,Richard Wolf,Optical Universal Forceps,82530.0605,,identity_unresolved,low,exact_manufacturer_catalog_number,all_exact_configurations_active,search_incomplete,premarket_exempt,current_non_us,identity|model,searched,no_exact_action_found,unknown,,not_applicable,Identity method: exact_manufacturer_catalog_number. UDI assessment: all_exact_configurations_active. Manufacturer finding: current_non_us. Plausible records could not be tied conservatively to the exact catalog product.,Can the manufacturer confirm the exact U.S. catalog/model identity?|Does the exact current global manufacturer listing apply to the United States despite the ended UDI evidence?,keep_hidden_identity_unresolved,https://www.richard-wolf.com/mam/data/Typo3/Kataloge/Broncho-_Thorako-_Mediastinoskopie/Thorakale_Endoskopie_en.pdf|https://api.fda.gov/device/udi.json?search=identifiers.id%3A%2204055207033852%22&limit=100|https://api.fda.gov/device/udi.json?search=catalog_number%3A%2282530.0605%22&limit=100|https://api.fda.gov/device/classification.json?search=product_code%3A%22KAE%22&limit=100|https://api.fda.gov/device/enforcement.json?search=product_description%3A%2282530.0605%22&limit=100|https://api.fda.gov/device/enforcement.json?search=code_info%3A%2204055207033852%22&limit=100|https://api.fda.gov/device/recall.json?search=code_info%3A%2204055207033852%22&limit=100|https://api.fda.gov/device/recall.json?search=product_description%3A%2282530.0605%22&limit=100,false
PRD-7F94CAD8E8,Richard Wolf,Optical Retrograde Biopsy Forceps,8464.64,,identity_unresolved,low,exact_manufacturer_catalog_number,all_exact_configurations_ended,search_incomplete,not_found,current_non_us,identity|model|distribution,searched,no_exact_action_found,unknown,,not_applicable,Identity method: exact_manufacturer_catalog_number. UDI assessment: all_exact_configurations_ended. Manufacturer finding: current_non_us. Plausible records could not be tied conservatively to the exact catalog product.,Can the manufacturer confirm the exact U.S. catalog/model identity?|Does the exact current global manufacturer listing apply to the United States despite the ended UDI evidence?,keep_hidden_identity_unresolved,https://www.richard-wolf.com/mam/data/Typo3/Kataloge/Broncho-_Thorako-_Mediastinoskopie/Thorakale_Endoskopie_en.pdf|https://api.fda.gov/device/udi.json?search=catalog_number%3A%228464.64%22&limit=100|https://api.fda.gov/device/udi.json?search=identifiers.id%3A%2204055207040324%22&limit=100|https://api.fda.gov/device/classification.json?search=product_code%3A%22GEI%22&limit=100|https://api.fda.gov/device/enforcement.json?search=product_description%3A%228464.64%22&limit=100|https://api.fda.gov/device/enforcement.json?search=code_info%3A%2204055207040324%22&limit=100|https://api.fda.gov/device/recall.json?search=code_info%3A%2204055207040324%22&limit=100|https://api.fda.gov/device/recall.json?search=product_description%3A%228464.64%22&limit=100,false
PRD-804529441A,Medtronic,Shiley Flexible Adult Tracheostomy Tube with TaperGuard Cuff,9CN90H,,identity_unresolved,low,family_or_name_only,no_exact_result,no_result,not_found,not_searched,identity|manufacturer,searched,active_exact_product_action,lot_specific,Z-1357-2023,not_applicable,Identity method: family_or_name_only. UDI assessment: no_exact_result. Manufacturer finding: not_searched. Plausible records could not be tied conservatively to the exact catalog product.,Can the manufacturer confirm the exact U.S. catalog/model identity?,keep_hidden_identity_unresolved,https://api.fda.gov/device/udi.json?search=identifiers.id%3A%2220884521176352%22&limit=100|https://api.fda.gov/device/udi.json?search=version_or_model_number%3A%229CN90H%22&limit=100|https://api.fda.gov/device/enforcement.json?search=product_description%3A%229CN90H%22&limit=100|https://api.fda.gov/device/enforcement.json?search=code_info%3A%2220884521176352%22&limit=100|https://api.fda.gov/device/recall.json?search=product_description%3A%229CN90H%22&limit=100|https://api.fda.gov/device/recall.json?search=code_info%3A%2220884521176352%22&limit=100,false
PRD-806A35FA67,Merit Medical,TAPS Thoracentesis and Paracentesis Set,TAPS-5F-10LT,,identity_unresolved,low,exact_manufacturer_catalog_number,all_exact_configurations_active,search_incomplete,premarket_exempt,not_searched,identity|model,searched,active_exact_product_action,lot_specific,Z-2576-2024,not_applicable,Identity method: exact_manufacturer_catalog_number. UDI assessment: all_exact_configurations_active. Manufacturer finding: not_searched. Plausible records could not be tied conservatively to the exact catalog product.,Can the manufacturer confirm the exact U.S. catalog/model identity?,keep_hidden_identity_unresolved,https://api.fda.gov/device/udi.json?search=catalog_number%3A%22TAPS-5F-10LT%22&limit=100|https://api.fda.gov/device/udi.json?search=identifiers.id%3A%2200884450038741%22&limit=100|https://api.fda.gov/device/classification.json?search=product_code%3A%22GBX%22&limit=100|https://api.fda.gov/device/enforcement.json?search=product_description%3A%22TAPS-5F-10LT%22&limit=100|https://api.fda.gov/device/enforcement.json?search=code_info%3A%2200884450038741%22&limit=100|https://api.fda.gov/device/enforcement.json?search=code_info%3A%2210884450038748%22&limit=100|https://api.fda.gov/device/recall.json?search=code_info%3A%2210884450038748%22&limit=100|https://api.fda.gov/device/recall.json?search=code_info%3A%2200884450038741%22&limit=100|https://api.fda.gov/device/recall.json?search=product_description%3A%22TAPS-5F-10LT%22&limit=100,false
PRD-8287E5FFEF,Richard Wolf,Trocar Sleeve with Membrane Valve,8919.351,,identity_unresolved,low,exact_manufacturer_catalog_number,all_exact_configurations_active,family_current_listing,premarket_exempt,current_non_us,identity|model,searched,no_exact_action_found,unknown,,not_applicable,Identity method: exact_manufacturer_catalog_number. UDI assessment: all_exact_configurations_active. Manufacturer finding: current_non_us. Plausible records could not be tied conservatively to the exact catalog product.,Can the manufacturer confirm the exact U.S. catalog/model identity?|Does the exact current global manufacturer listing apply to the United States despite the ended UDI evidence?,keep_hidden_identity_unresolved,https://www.richard-wolf.com/mam/data/Typo3/Kataloge/Broncho-_Thorako-_Mediastinoskopie/Thorakale_Endoskopie_en.pdf|https://api.fda.gov/device/udi.json?search=catalog_number%3A%228919.351%22&limit=100|https://api.fda.gov/device/udi.json?search=identifiers.id%3A%2204055207022009%22&limit=100|https://api.fda.gov/device/classification.json?search=product_code%3A%22FBQ%22&limit=100|https://api.fda.gov/device/registrationlisting.json?search=products.product_code%3A%22FBQ%22&limit=100|https://api.fda.gov/device/enforcement.json?search=code_info%3A%2204055207022009%22&limit=100|https://api.fda.gov/device/enforcement.json?search=product_description%3A%228919.351%22&limit=100|https://api.fda.gov/device/recall.json?search=product_description%3A%228919.351%22&limit=100|https://api.fda.gov/device/recall.json?search=code_info%3A%2204055207022009%22&limit=100,false
PRD-8337850C95,Richard Wolf,"Optical Grasping Forceps, Straight",82530.0704,,identity_unresolved,low,exact_manufacturer_catalog_number,all_exact_configurations_ended,no_result,premarket_exempt,current_non_us,identity|model|distribution,searched,no_exact_action_found,unknown,,not_applicable,Identity method: exact_manufacturer_catalog_number. UDI assessment: all_exact_configurations_ended. Manufacturer finding: current_non_us. Plausible records could not be tied conservatively to the exact catalog product.,Can the manufacturer confirm the exact U.S. catalog/model identity?|Does the exact current global manufacturer listing apply to the United States despite the ended UDI evidence?,keep_hidden_identity_unresolved,https://www.richard-wolf.com/mam/data/Typo3/Kataloge/Broncho-_Thorako-_Mediastinoskopie/Thorakale_Endoskopie_en.pdf|https://api.fda.gov/device/udi.json?search=identifiers.id%3A%2204055207045909%22&limit=100|https://api.fda.gov/device/udi.json?search=catalog_number%3A%2282530.0704%22&limit=100|https://api.fda.gov/device/classification.json?search=product_code%3A%22BWH%22&limit=100|https://api.fda.gov/device/enforcement.json?search=code_info%3A%2204055207045909%22&limit=100|https://api.fda.gov/device/enforcement.json?search=product_description%3A%2282530.0704%22&limit=100|https://api.fda.gov/device/recall.json?search=product_description%3A%2282530.0704%22&limit=100|https://api.fda.gov/device/recall.json?search=code_info%3A%2204055207045909%22&limit=100,false
PRD-8446D3EB4E,Cook Medical,Blue Rhino G2-Multi Percutaneous Tracheostomy Tray,G57704,,identity_unresolved,low,family_or_name_only,no_exact_result,no_result,not_found,not_searched,identity|manufacturer,searched,active_exact_product_action,lot_specific,Z-1780-2026,not_applicable,Identity method: family_or_name_only. UDI assessment: no_exact_result. Manufacturer finding: not_searched. Plausible records could not be tied conservatively to the exact catalog product.,Can the manufacturer confirm the exact U.S. catalog/model identity?,keep_hidden_identity_unresolved,https://api.fda.gov/device/udi.json?search=version_or_model_number%3A%22G57704%22&limit=100|https://api.fda.gov/device/udi.json?search=identifiers.id%3A%2200827002577046%22&limit=100|https://api.fda.gov/device/enforcement.json?search=product_description%3A%22G57704%22&limit=100|https://api.fda.gov/device/enforcement.json?search=code_info%3A%2200827002577046%22&limit=100|https://api.fda.gov/device/recall.json?search=code_info%3A%2200827002577046%22&limit=100|https://api.fda.gov/device/recall.json?search=product_description%3A%22G57704%22&limit=100,false
PRD-848FD7C902,Cook Medical,Cook Emergency Pneumothorax Set,G13722,,identity_unresolved,low,family_or_name_only,no_exact_result,no_result,not_found,family_only_current,identity|manufacturer,searched,no_exact_action_found,unknown,,not_applicable,Identity method: family_or_name_only. UDI assessment: no_exact_result. Manufacturer finding: family_only_current. Plausible records could not be tied conservatively to the exact catalog product.,Can the manufacturer confirm the exact U.S. catalog/model identity?,keep_hidden_identity_unresolved,https://www.cookmedical.com/products/cc_utpt_webds/|https://api.fda.gov/device/udi.json?search=identifiers.id%3A%2200827002137226%22&limit=100|https://api.fda.gov/device/udi.json?search=version_or_model_number%3A%22G13722%22&limit=100|https://api.fda.gov/device/enforcement.json?search=code_info%3A%2200827002137226%22&limit=100|https://api.fda.gov/device/enforcement.json?search=product_description%3A%22G13722%22&limit=100|https://api.fda.gov/device/recall.json?search=product_description%3A%22G13722%22&limit=100|https://api.fda.gov/device/recall.json?search=code_info%3A%2200827002137226%22&limit=100,false
PRD-849E1FCCA5,Medtronic,Shiley Flexible Adult Tracheostomy Tube with TaperGuard Cuff,7CN80H,,identity_unresolved,low,family_or_name_only,no_exact_result,no_result,not_found,not_searched,identity|manufacturer,searched,active_exact_product_action,lot_specific,Z-1357-2023,not_applicable,Identity method: family_or_name_only. UDI assessment: no_exact_result. Manufacturer finding: not_searched. Plausible records could not be tied conservatively to the exact catalog product.,Can the manufacturer confirm the exact U.S. catalog/model identity?,keep_hidden_identity_unresolved,https://api.fda.gov/device/udi.json?search=version_or_model_number%3A%227CN80H%22&limit=100|https://api.fda.gov/device/udi.json?search=identifiers.id%3A%2220884521176338%22&limit=100|https://api.fda.gov/device/enforcement.json?search=product_description%3A%227CN80H%22&limit=100|https://api.fda.gov/device/enforcement.json?search=code_info%3A%2220884521176338%22&limit=100|https://api.fda.gov/device/recall.json?search=code_info%3A%2220884521176338%22&limit=100|https://api.fda.gov/device/recall.json?search=product_description%3A%227CN80H%22&limit=100,false
PRD-8509EF4D1E,Richard Wolf,RIWO-ART Straight Trocar Sleeve with Thread,8923.026,,identity_unresolved,low,exact_manufacturer_catalog_number,all_exact_configurations_active,family_current_listing,premarket_exempt,current_non_us,identity|model,searched,no_exact_action_found,unknown,,not_applicable,Identity method: exact_manufacturer_catalog_number. UDI assessment: all_exact_configurations_active. Manufacturer finding: current_non_us. Plausible records could not be tied conservatively to the exact catalog product.,Can the manufacturer confirm the exact U.S. catalog/model identity?|Does the exact current global manufacturer listing apply to the United States despite the ended UDI evidence?,keep_hidden_identity_unresolved,https://www.richard-wolf.com/mam/data/Typo3/Kataloge/Broncho-_Thorako-_Mediastinoskopie/Thorakale_Endoskopie_en.pdf|https://api.fda.gov/device/udi.json?search=identifiers.id%3A%2204055207022375%22&limit=100|https://api.fda.gov/device/udi.json?search=catalog_number%3A%228923.026%22&limit=100|https://api.fda.gov/device/classification.json?search=product_code%3A%22FBQ%22&limit=100|https://api.fda.gov/device/registrationlisting.json?search=products.product_code%3A%22FBQ%22&limit=100|https://api.fda.gov/device/enforcement.json?search=product_description%3A%228923.026%22&limit=100|https://api.fda.gov/device/enforcement.json?search=code_info%3A%2204055207022375%22&limit=100|https://api.fda.gov/device/recall.json?search=code_info%3A%2204055207022375%22&limit=100|https://api.fda.gov/device/recall.json?search=product_description%3A%228923.026%22&limit=100,false
PRD-85248E91BA,Cook Medical,Arndt Endobronchial Blocker Set,G44120,,identity_unresolved,low,family_or_name_only,no_exact_result,no_result,not_found,current_exact_official_us_product,identity|manufacturer,searched,no_exact_action_found,unknown,,not_applicable,Identity method: family_or_name_only. UDI assessment: no_exact_result. Manufacturer finding: current_exact_official_us_product. Plausible records could not be tied conservatively to the exact catalog product.,Can the manufacturer confirm the exact U.S. catalog/model identity?,keep_hidden_identity_unresolved,https://www.cookmedical.com/products/cc_aebs_webds/|https://api.fda.gov/device/udi.json?search=version_or_model_number%3A%22G44120%22&limit=100|https://api.fda.gov/device/udi.json?search=identifiers.id%3A%2200827002441200%22&limit=100|https://api.fda.gov/device/enforcement.json?search=product_description%3A%22C-AEBS-9.0-78-SPH-AS%22&limit=100|https://api.fda.gov/device/enforcement.json?search=product_description%3A%22G44120%22&limit=100|https://api.fda.gov/device/enforcement.json?search=code_info%3A%2200827002441200%22&limit=100|https://api.fda.gov/device/recall.json?search=code_info%3A%2200827002441200%22&limit=100|https://api.fda.gov/device/recall.json?search=product_description%3A%22C-AEBS-9.0-78-SPH-AS%22&limit=100|https://api.fda.gov/device/recall.json?search=product_description%3A%22G44120%22&limit=100,false
PRD-891A7CBCBC,Richard Wolf,"Optical Grasping Forceps, Straight",82530.0604,,identity_unresolved,low,exact_manufacturer_catalog_number,all_exact_configurations_active,search_incomplete,premarket_exempt,current_non_us,identity|model,searched,no_exact_action_found,unknown,,not_applicable,Identity method: exact_manufacturer_catalog_number. UDI assessment: all_exact_configurations_active. Manufacturer finding: current_non_us. Plausible records could not be tied conservatively to the exact catalog product.,Can the manufacturer confirm the exact U.S. catalog/model identity?|Does the exact current global manufacturer listing apply to the United States despite the ended UDI evidence?,keep_hidden_identity_unresolved,https://www.richard-wolf.com/mam/data/Typo3/Kataloge/Broncho-_Thorako-_Mediastinoskopie/Thorakale_Endoskopie_en.pdf|https://api.fda.gov/device/udi.json?search=identifiers.id%3A%2204055207033845%22&limit=100|https://api.fda.gov/device/udi.json?search=catalog_number%3A%2282530.0604%22&limit=100|https://api.fda.gov/device/classification.json?search=product_code%3A%22KAE%22&limit=100|https://api.fda.gov/device/enforcement.json?search=code_info%3A%2204055207033845%22&limit=100|https://api.fda.gov/device/enforcement.json?search=product_description%3A%2282530.0604%22&limit=100|https://api.fda.gov/device/recall.json?search=product_description%3A%2282530.0604%22&limit=100|https://api.fda.gov/device/recall.json?search=code_info%3A%2204055207033845%22&limit=100,false
PRD-8A4A27BDD7,Intuitive Surgical,Ion Flexision Biopsy Needle 21G,490103,,identity_unresolved,low,exact_manufacturer_model_number,all_exact_configurations_active,search_incomplete,not_found,family_only_current,identity|manufacturer,searched,active_exact_product_action,product_wide,Z-0355-2024|Z-2400-2024,not_applicable,Identity method: exact_manufacturer_model_number. UDI assessment: all_exact_configurations_active. Manufacturer finding: family_only_current. Plausible records could not be tied conservatively to the exact catalog product.,Can the manufacturer confirm the exact U.S. catalog/model identity?,keep_hidden_identity_unresolved,https://www.intuitive.com/en-us/-/media/ISI/Intuitive/Pdf/intuitive-ion-system-brochure-1051118.pdf|https://www.intuitive.com/en-us/products-and-services/ion|https://api.fda.gov/device/udi.json?search=version_or_model_number%3A%22490103%22&limit=100|https://api.fda.gov/device/udi.json?search=identifiers.id%3A%2200886874115961%22&limit=100|https://api.fda.gov/device/udi.json?search=version_or_model_number%3A%22490103%22&limit=100|https://api.fda.gov/device/udi.json?search=catalog_number%3A%22490103%22&limit=100|https://api.fda.gov/device/classification.json?search=product_code%3A%22EOQ%22&limit=100|https://api.fda.gov/device/registrationlisting.json?search=products.product_code%3A%22EOQ%22&limit=100|https://api.fda.gov/device/enforcement.json?search=code_info%3A%2210886874115968%22&limit=100|https://api.fda.gov/device/enforcement.json?search=product_description%3A%22490103%22&limit=100|https://api.fda.gov/device/enforcement.json?search=code_info%3A%2200886874115961%22&limit=100|https://api.fda.gov/device/recall.json?search=code_info%3A%2210886874115968%22&limit=100|https://api.fda.gov/device/recall.json?search=product_description%3A%22490103%22&limit=100|https://api.fda.gov/device/recall.json?search=code_info%3A%2200886874115961%22&limit=100,false
PRD-8B374A11AC,Richard Wolf,"Trocar, Threaded, Dull Tip, 5.5 mm, WL 83 mm",8906.151,,identity_unresolved,low,exact_manufacturer_catalog_number,all_exact_configurations_active,family_current_listing,premarket_exempt,not_searched,identity|model,searched,no_exact_action_found,unknown,,not_applicable,Identity method: exact_manufacturer_catalog_number. UDI assessment: all_exact_configurations_active. Manufacturer finding: not_searched. Plausible records could not be tied conservatively to the exact catalog product.,Can the manufacturer confirm the exact U.S. catalog/model identity?,keep_hidden_identity_unresolved,https://api.fda.gov/device/udi.json?search=catalog_number%3A%228906.151%22&limit=100|https://api.fda.gov/device/classification.json?search=product_code%3A%22FBQ%22&limit=100|https://api.fda.gov/device/registrationlisting.json?search=products.product_code%3A%22FBQ%22&limit=100|https://api.fda.gov/device/enforcement.json?search=product_description%3A%228906.151%22&limit=100|https://api.fda.gov/device/enforcement.json?search=code_info%3A%2204055207021880%22&limit=100|https://api.fda.gov/device/recall.json?search=code_info%3A%2204055207021880%22&limit=100|https://api.fda.gov/device/recall.json?search=product_description%3A%228906.151%22&limit=100,false
PRD-8C6A6B2ACE,Novatech,STERITALC F4 Talc Vial 4 g,16913,,identity_unresolved,low,family_or_name_only,no_exact_result,no_result,not_found,current_exact_official_us_product,identity|manufacturer,searched,no_exact_action_found,unknown,,not_applicable,Identity method: family_or_name_only. UDI assessment: no_exact_result. Manufacturer finding: current_exact_official_us_product. Plausible records could not be tied conservatively to the exact catalog product.,Can the manufacturer confirm the exact U.S. catalog/model identity?,keep_hidden_identity_unresolved,https://novatech.fr/en/steritalc/steritalc|https://api.fda.gov/device/udi.json?search=version_or_model_number%3A%2216913%22&limit=100|https://api.fda.gov/device/udi.json?search=catalog_number%3A%2216913%22&limit=100|https://api.fda.gov/device/udi.json?search=catalog_number%3A%2216913%22&limit=100|https://api.fda.gov/device/udi.json?search=version_or_model_number%3A%2216913%22&limit=100|https://api.fda.gov/device/udi.json?search=catalog_number%3A%2216913%22&limit=100|https://api.fda.gov/device/enforcement.json?search=product_description%3A%2216913%22&limit=100|https://api.fda.gov/device/recall.json?search=product_description%3A%2216913%22&limit=100,false
PRD-8C6C29BE46,Cook Medical,Wayne Pneumothorax Catheter Set and Tray – Seldinger,G56535,,identity_unresolved,low,family_or_name_only,no_exact_result,no_result,not_found,current_exact_official_us_product,identity|manufacturer,searched,active_exact_product_action,lot_specific,Z-1791-2026,not_applicable,Identity method: family_or_name_only. UDI assessment: no_exact_result. Manufacturer finding: current_exact_official_us_product. Plausible records could not be tied conservatively to the exact catalog product.,Can the manufacturer confirm the exact U.S. catalog/model identity?,keep_hidden_identity_unresolved,https://www.cookmedical.com/products/cc_utpt_webds/|https://api.fda.gov/device/udi.json?search=identifiers.id%3A%2200827002565357%22&limit=100|https://api.fda.gov/device/udi.json?search=version_or_model_number%3A%22G56535%22&limit=100|https://api.fda.gov/device/enforcement.json?search=product_description%3A%22G56535%22&limit=100|https://api.fda.gov/device/enforcement.json?search=code_info%3A%2200827002565357%22&limit=100|https://api.fda.gov/device/recall.json?search=code_info%3A%2200827002565357%22&limit=100|https://api.fda.gov/device/recall.json?search=product_description%3A%22G56535%22&limit=100,false
PRD-8E3A12AFF4,Richard Wolf,"Coagulation Electrode, Button, Monopolar, 3.5 mm, WL 310 mm",8379.462,,identity_unresolved,low,exact_manufacturer_catalog_number,all_exact_configurations_active,search_incomplete,not_found,not_searched,identity|model,searched,no_exact_action_found,unknown,,not_applicable,Identity method: exact_manufacturer_catalog_number. UDI assessment: all_exact_configurations_active. Manufacturer finding: not_searched. Plausible records could not be tied conservatively to the exact catalog product.,Can the manufacturer confirm the exact U.S. catalog/model identity?,keep_hidden_identity_unresolved,https://api.fda.gov/device/udi.json?search=catalog_number%3A%228379.462%22&limit=100|https://api.fda.gov/device/classification.json?search=product_code%3A%22GEI%22&limit=100|https://api.fda.gov/device/enforcement.json?search=product_description%3A%228379.462%22&limit=100|https://api.fda.gov/device/enforcement.json?search=code_info%3A%2204055207014943%22&limit=100|https://api.fda.gov/device/recall.json?search=code_info%3A%2204055207014943%22&limit=100|https://api.fda.gov/device/recall.json?search=product_description%3A%228379.462%22&limit=100,false
PRD-8E8D4D1565,Merit Medical,TAPS Thoracentesis and Paracentesis Set,TAPS-6F-10LT,,identity_unresolved,low,exact_manufacturer_catalog_number,all_exact_configurations_active,search_incomplete,premarket_exempt,not_searched,identity|model,searched,active_exact_product_action,lot_specific,Z-2576-2024,not_applicable,Identity method: exact_manufacturer_catalog_number. UDI assessment: all_exact_configurations_active. Manufacturer finding: not_searched. Plausible records could not be tied conservatively to the exact catalog product.,Can the manufacturer confirm the exact U.S. catalog/model identity?,keep_hidden_identity_unresolved,https://api.fda.gov/device/udi.json?search=identifiers.id%3A%2200884450277775%22&limit=100|https://api.fda.gov/device/udi.json?search=catalog_number%3A%22TAPS-6F-10LT%22&limit=100|https://api.fda.gov/device/classification.json?search=product_code%3A%22GBX%22&limit=100|https://api.fda.gov/device/enforcement.json?search=code_info%3A%2210884450277772%22&limit=100|https://api.fda.gov/device/enforcement.json?search=product_description%3A%22TAPS-6F-10LT%22&limit=100|https://api.fda.gov/device/enforcement.json?search=code_info%3A%2200884450277775%22&limit=100|https://api.fda.gov/device/recall.json?search=code_info%3A%2200884450277775%22&limit=100|https://api.fda.gov/device/recall.json?search=code_info%3A%2210884450277772%22&limit=100|https://api.fda.gov/device/recall.json?search=product_description%3A%22TAPS-6F-10LT%22&limit=100,false
PRD-8EE9A09E05,Medtronic,Shiley Flexible Evac Tracheostomy Tube,8CN85ED,,identity_unresolved,low,family_or_name_only,no_exact_result,no_result,not_found,not_searched,identity|manufacturer,searched,no_exact_action_found,unknown,,not_applicable,Identity method: family_or_name_only. UDI assessment: no_exact_result. Manufacturer finding: not_searched. Plausible records could not be tied conservatively to the exact catalog product.,Can the manufacturer confirm the exact U.S. catalog/model identity?,keep_hidden_identity_unresolved,https://api.fda.gov/device/udi.json?search=identifiers.id%3A%2210884521726239%22&limit=100|https://api.fda.gov/device/udi.json?search=version_or_model_number%3A%228CN85ED%22&limit=100|https://api.fda.gov/device/enforcement.json?search=product_description%3A%228CN85ED%22&limit=100|https://api.fda.gov/device/enforcement.json?search=code_info%3A%2210884521726239%22&limit=100|https://api.fda.gov/device/recall.json?search=code_info%3A%2210884521726239%22&limit=100|https://api.fda.gov/device/recall.json?search=product_description%3A%228CN85ED%22&limit=100,false
PRD-901A1A1C5C,Richard Wolf,"Parenchyma Grasping Forceps, Curved",8243.604,,identity_unresolved,low,exact_manufacturer_catalog_number,all_exact_configurations_active,search_incomplete,premarket_exempt,current_non_us,identity|model,searched,no_exact_action_found,unknown,,not_applicable,Identity method: exact_manufacturer_catalog_number. UDI assessment: all_exact_configurations_active. Manufacturer finding: current_non_us. Plausible records could not be tied conservatively to the exact catalog product.,Can the manufacturer confirm the exact U.S. catalog/model identity?|Does the exact current global manufacturer listing apply to the United States despite the ended UDI evidence?,keep_hidden_identity_unresolved,https://www.richard-wolf.com/mam/data/Typo3/Kataloge/Broncho-_Thorako-_Mediastinoskopie/Thorakale_Endoskopie_en.pdf|https://api.fda.gov/device/udi.json?search=identifiers.id%3A%2204055207014721%22&limit=100|https://api.fda.gov/device/udi.json?search=catalog_number%3A%228243.604%22&limit=100|https://api.fda.gov/device/classification.json?search=product_code%3A%22GEN%22&limit=100|https://api.fda.gov/device/enforcement.json?search=code_info%3A%2204055207014721%22&limit=100|https://api.fda.gov/device/enforcement.json?search=product_description%3A%228243.604%22&limit=100|https://api.fda.gov/device/recall.json?search=product_description%3A%228243.604%22&limit=100|https://api.fda.gov/device/recall.json?search=code_info%3A%2204055207014721%22&limit=100,false
PRD-90F9A0A0BC,Medtronic,Shiley Flexible Adult Cuffless Tracheostomy Tube,6UN75H,,identity_unresolved,low,family_or_name_only,no_exact_result,no_result,not_found,not_searched,identity|manufacturer,searched,active_exact_product_action,lot_specific,Z-1357-2023,not_applicable,Identity method: family_or_name_only. UDI assessment: no_exact_result. Manufacturer finding: not_searched. Plausible records could not be tied conservatively to the exact catalog product.,Can the manufacturer confirm the exact U.S. catalog/model identity?,keep_hidden_identity_unresolved,https://api.fda.gov/device/udi.json?search=version_or_model_number%3A%226UN75H%22&limit=100|https://api.fda.gov/device/udi.json?search=identifiers.id%3A%2220884521176253%22&limit=100|https://api.fda.gov/device/enforcement.json?search=product_description%3A%226UN75H%22&limit=100|https://api.fda.gov/device/enforcement.json?search=code_info%3A%2220884521176253%22&limit=100|https://api.fda.gov/device/recall.json?search=product_description%3A%226UN75H%22&limit=100|https://api.fda.gov/device/recall.json?search=code_info%3A%2220884521176253%22&limit=100,false
PRD-9143E639BA,Teleflex,Arrow Percutaneous Cavity Drainage Kit – Straight,AK-01601,,identity_unresolved,low,exact_manufacturer_catalog_number,conflicting_exact_configuration_statuses,exact_current_listing,exact_510k_clearance,no_result,identity|model|package_configuration|distribution,searched,active_exact_product_action,lot_specific,Z-2382-2026,not_applicable,Identity method: exact_manufacturer_catalog_number. UDI assessment: conflicting_exact_configuration_statuses. Manufacturer finding: no_result. Plausible records could not be tied conservatively to the exact catalog product.,Can the manufacturer confirm the exact U.S. catalog/model identity?,keep_hidden_identity_unresolved,https://teleflex.com/usa/en/product-areas/interventional/drainage/arrow-diagnostic-drainage-products/MC-006078_Interventional_DND_Product_Line_Brochure_Final.pdf|https://api.fda.gov/device/udi.json?search=catalog_number%3A%22AK-01601%22&limit=100|https://api.fda.gov/device/udi.json?search=identifiers.id%3A%2210801902120165%22&limit=100|https://api.fda.gov/device/udi.json?search=catalog_number%3A%22AK-01601%22&limit=100|https://api.fda.gov/device/udi.json?search=catalog_number%3A%22AK-01601%22&limit=100|https://api.fda.gov/device/510k.json?search=k_number%3A%22K895516%22&limit=100|https://api.fda.gov/device/classification.json?search=product_code%3A%22GBX%22&limit=100|https://api.fda.gov/device/registrationlisting.json?search=k_number%3A%22K895516%22&limit=100|https://api.fda.gov/device/enforcement.json?search=code_info%3A%2250801902120163%22&limit=100|https://api.fda.gov/device/enforcement.json?search=code_info%3A%2230801902004827%22&limit=100|https://api.fda.gov/device/enforcement.json?search=code_info%3A%2200801902004826%22&limit=100|https://api.fda.gov/device/enforcement.json?search=product_description%3A%22AK-01601%22&limit=100|https://api.fda.gov/device/enforcement.json?search=code_info%3A%2210801902120165%22&limit=100|https://api.fda.gov/device/enforcement.json?search=code_info%3A%2260801902120160%22&limit=100|https://api.fda.gov/device/enforcement.json?search=code_info%3A%2240801902120166%22&limit=100|https://api.fda.gov/device/recall.json?search=code_info%3A%2250801902120163%22&limit=100|https://api.fda.gov/device/recall.json?search=code_info%3A%2210801902120165%22&limit=100|https://api.fda.gov/device/recall.json?search=code_info%3A%2230801902004827%22&limit=100|https://api.fda.gov/device/recall.json?search=code_info%3A%2260801902120160%22&limit=100|https://api.fda.gov/device/recall.json?search=code_info%3A%2240801902120166%22&limit=100|https://api.fda.gov/device/recall.json?search=k_numbers%3A%22K895516%22&limit=100|https://api.fda.gov/device/recall.json?search=product_description%3A%22AK-01601%22&limit=100|https://api.fda.gov/device/recall.json?search=code_info%3A%2200801902004826%22&limit=100,false
PRD-91C738FE6C,Medtronic,Shiley Flexible Adult Cuffless Tracheostomy Tube,9UN90H,,identity_unresolved,low,family_or_name_only,no_exact_result,no_result,not_found,not_searched,identity|manufacturer,searched,active_exact_product_action,lot_specific,Z-1357-2023,not_applicable,Identity method: family_or_name_only. UDI assessment: no_exact_result. Manufacturer finding: not_searched. Plausible records could not be tied conservatively to the exact catalog product.,Can the manufacturer confirm the exact U.S. catalog/model identity?,keep_hidden_identity_unresolved,https://api.fda.gov/device/udi.json?search=version_or_model_number%3A%229UN90H%22&limit=100|https://api.fda.gov/device/udi.json?search=identifiers.id%3A%2220884521176284%22&limit=100|https://api.fda.gov/device/enforcement.json?search=code_info%3A%2220884521176284%22&limit=100|https://api.fda.gov/device/enforcement.json?search=product_description%3A%229UN90H%22&limit=100|https://api.fda.gov/device/recall.json?search=code_info%3A%2220884521176284%22&limit=100|https://api.fda.gov/device/recall.json?search=product_description%3A%229UN90H%22&limit=100,false
PRD-924AFC41F8,Richard Wolf,TEXAS Bronchoscope Tube ID 9.2 mm,82520.0641,,identity_unresolved,low,exact_manufacturer_catalog_number,all_exact_configurations_ended,family_current_listing,premarket_exempt,current_non_us,identity|model|distribution,searched,no_exact_action_found,unknown,,not_applicable,Identity method: exact_manufacturer_catalog_number. UDI assessment: all_exact_configurations_ended. Manufacturer finding: current_non_us. Plausible records could not be tied conservatively to the exact catalog product.,Can the manufacturer confirm the exact U.S. catalog/model identity?|Does the exact current global manufacturer listing apply to the United States despite the ended UDI evidence?,keep_hidden_identity_unresolved,https://www.richard-wolf.com/mam/data/Typo3/Kataloge/Broncho-_Thorako-_Mediastinoskopie/Thorakale_Endoskopie_en.pdf|https://api.fda.gov/device/udi.json?search=identifiers.id%3A%2204055207033746%22&limit=100|https://api.fda.gov/device/udi.json?search=catalog_number%3A%2282520.0641%22&limit=100|https://api.fda.gov/device/classification.json?search=product_code%3A%22KTI%22&limit=100|https://api.fda.gov/device/registrationlisting.json?search=products.product_code%3A%22KTI%22&limit=100|https://api.fda.gov/device/enforcement.json?search=code_info%3A%2204055207033746%22&limit=100|https://api.fda.gov/device/enforcement.json?search=product_description%3A%2282520.0641%22&limit=100|https://api.fda.gov/device/recall.json?search=product_description%3A%2282520.0641%22&limit=100|https://api.fda.gov/device/recall.json?search=code_info%3A%2204055207033746%22&limit=100,false
PRD-9371C2567D,BD,Safe-T-Centesis PLUS Tray,PIG1260TSP,,identity_unresolved,low,family_or_name_only,no_exact_result,no_result,not_found,not_searched,identity|manufacturer,searched,no_exact_action_found,unknown,,not_applicable,Identity method: family_or_name_only. UDI assessment: no_exact_result. Manufacturer finding: not_searched. Plausible records could not be tied conservatively to the exact catalog product.,Can the manufacturer confirm the exact U.S. catalog/model identity?,keep_hidden_identity_unresolved,https://api.fda.gov/device/udi.json?search=version_or_model_number%3A%22PIG1260TSP%22&limit=100|https://api.fda.gov/device/udi.json?search=identifiers.id%3A%2210885403108389%22&limit=100|https://api.fda.gov/device/udi.json?search=catalog_number%3A%22PIG1260TSP%22&limit=100|https://api.fda.gov/device/enforcement.json?search=code_info%3A%2210885403108389%22&limit=100|https://api.fda.gov/device/enforcement.json?search=product_description%3A%22PIG1260TSP%22&limit=100|https://api.fda.gov/device/recall.json?search=product_description%3A%22PIG1260TSP%22&limit=100|https://api.fda.gov/device/recall.json?search=code_info%3A%2210885403108389%22&limit=100,false
PRD-9428EBB5CF,Cook Medical,Thal-Quick Chest Tube Adapter,G07467,,identity_unresolved,low,family_or_name_only,no_exact_result,no_result,not_found,family_only_current,identity|manufacturer,searched,no_exact_action_found,unknown,,not_applicable,Identity method: family_or_name_only. UDI assessment: no_exact_result. Manufacturer finding: family_only_current. Plausible records could not be tied conservatively to the exact catalog product.,Can the manufacturer confirm the exact U.S. catalog/model identity?,keep_hidden_identity_unresolved,https://www.cookmedical.com/products/cc_utpt_webds/|https://api.fda.gov/device/udi.json?search=version_or_model_number%3A%22G07467%22&limit=100|https://api.fda.gov/device/udi.json?search=identifiers.id%3A%2200827002074675%22&limit=100|https://api.fda.gov/device/enforcement.json?search=product_description%3A%22G07467%22&limit=100|https://api.fda.gov/device/enforcement.json?search=code_info%3A%2200827002074675%22&limit=100|https://api.fda.gov/device/recall.json?search=product_description%3A%22G07467%22&limit=100|https://api.fda.gov/device/recall.json?search=code_info%3A%2200827002074675%22&limit=100,false
PRD-95B12463A5,Richard Wolf,"Hook Electrode, Monopolar, 3.5 mm, WL 310 mm",8379.452,,identity_unresolved,low,exact_manufacturer_catalog_number,all_exact_configurations_active,search_incomplete,not_found,not_searched,identity|model,searched,no_exact_action_found,unknown,,not_applicable,Identity method: exact_manufacturer_catalog_number. UDI assessment: all_exact_configurations_active. Manufacturer finding: not_searched. Plausible records could not be tied conservatively to the exact catalog product.,Can the manufacturer confirm the exact U.S. catalog/model identity?,keep_hidden_identity_unresolved,https://api.fda.gov/device/udi.json?search=catalog_number%3A%228379.452%22&limit=100|https://api.fda.gov/device/classification.json?search=product_code%3A%22GEI%22&limit=100|https://api.fda.gov/device/enforcement.json?search=code_info%3A%2204055207014936%22&limit=100|https://api.fda.gov/device/enforcement.json?search=product_description%3A%228379.452%22&limit=100|https://api.fda.gov/device/recall.json?search=product_description%3A%228379.452%22&limit=100|https://api.fda.gov/device/recall.json?search=code_info%3A%2204055207014936%22&limit=100,false
PRD-97B68B1ECE,Richard Wolf,Illumination Insert,8217.12,,identity_unresolved,low,exact_manufacturer_catalog_number,all_exact_configurations_ended,search_incomplete,not_found,current_non_us,identity|model|distribution,searched,no_exact_action_found,unknown,,not_applicable,Identity method: exact_manufacturer_catalog_number. UDI assessment: all_exact_configurations_ended. Manufacturer finding: current_non_us. Plausible records could not be tied conservatively to the exact catalog product.,Can the manufacturer confirm the exact U.S. catalog/model identity?|Does the exact current global manufacturer listing apply to the United States despite the ended UDI evidence?,keep_hidden_identity_unresolved,https://www.richard-wolf.com/mam/data/Typo3/Kataloge/Broncho-_Thorako-_Mediastinoskopie/Thorakale_Endoskopie_en.pdf|https://api.fda.gov/device/udi.json?search=catalog_number%3A%228217.12%22&limit=100|https://api.fda.gov/device/udi.json?search=identifiers.id%3A%2204055207009352%22&limit=100|https://api.fda.gov/device/classification.json?search=product_code%3A%22EOQ%22&limit=100|https://api.fda.gov/device/enforcement.json?search=code_info%3A%2204055207009352%22&limit=100|https://api.fda.gov/device/enforcement.json?search=product_description%3A%228217.12%22&limit=100|https://api.fda.gov/device/recall.json?search=product_description%3A%228217.12%22&limit=100|https://api.fda.gov/device/recall.json?search=code_info%3A%2204055207009352%22&limit=100,false
PRD-993A6272DD,Verathon,GlideScope Core 10,GlideScope Core 10,,identity_unresolved,low,family_or_name_only,no_exact_result,no_result,not_found,family_only_current,,searched,no_exact_action_found,unknown,,not_applicable,Identity method: family_or_name_only. UDI assessment: no_exact_result. Manufacturer finding: family_only_current. Plausible records could not be tied conservatively to the exact catalog product.,Can the manufacturer confirm the exact U.S. catalog/model identity?,keep_hidden_identity_unresolved,https://www.verathon.com/single-use-bronchoscopes|https://api.fda.gov/device/udi.json?search=identifiers.id%3A%2200879123006509%22&limit=100|https://api.fda.gov/device/enforcement.json?search=code_info%3A%2200879123006509%22&limit=100|https://api.fda.gov/device/enforcement.json?search=product_description%3A%22GLIDESCOPE+CORE+10%22&limit=100|https://api.fda.gov/device/recall.json?search=code_info%3A%2200879123006509%22&limit=100|https://api.fda.gov/device/recall.json?search=product_description%3A%22GLIDESCOPE+CORE+10%22&limit=100,false
PRD-993D8701CA,Cook Medical,Fuhrman Pleural Drainage Set – 10.2 Fr,G55716,,identity_unresolved,low,family_or_name_only,no_exact_result,no_result,not_found,not_searched,identity|manufacturer,searched,no_exact_action_found,unknown,,not_applicable,Identity method: family_or_name_only. UDI assessment: no_exact_result. Manufacturer finding: not_searched. Plausible records could not be tied conservatively to the exact catalog product.,Can the manufacturer confirm the exact U.S. catalog/model identity?,keep_hidden_identity_unresolved,https://api.fda.gov/device/udi.json?search=version_or_model_number%3A%22G55716%22&limit=100|https://api.fda.gov/device/udi.json?search=identifiers.id%3A%2200827002557161%22&limit=100|https://api.fda.gov/device/enforcement.json?search=product_description%3A%22G55716%22&limit=100|https://api.fda.gov/device/enforcement.json?search=code_info%3A%2200827002557161%22&limit=100|https://api.fda.gov/device/recall.json?search=product_description%3A%22G55716%22&limit=100|https://api.fda.gov/device/recall.json?search=code_info%3A%2200827002557161%22&limit=100,false
PRD-9B0EE44246,Richard Wolf,Two-Pedal Footswitch,2304.901,,identity_unresolved,low,exact_manufacturer_catalog_number,all_exact_configurations_ended,search_incomplete,premarket_exempt,current_non_us,identity|model|distribution,searched,no_exact_action_found,unknown,,not_applicable,Identity method: exact_manufacturer_catalog_number. UDI assessment: all_exact_configurations_ended. Manufacturer finding: current_non_us. Plausible records could not be tied conservatively to the exact catalog product.,Can the manufacturer confirm the exact U.S. catalog/model identity?|Does the exact current global manufacturer listing apply to the United States despite the ended UDI evidence?,keep_hidden_identity_unresolved,https://www.richard-wolf.com/mam/data/Typo3/Kataloge/Broncho-_Thorako-_Mediastinoskopie/Thorakale_Endoskopie_en.pdf|https://api.fda.gov/device/udi.json?search=identifiers.id%3A%2204055207056677%22&limit=100|https://api.fda.gov/device/udi.json?search=catalog_number%3A%222304.901%22&limit=100|https://api.fda.gov/device/classification.json?search=product_code%3A%22HWE%22&limit=100|https://api.fda.gov/device/enforcement.json?search=code_info%3A%2204055207056677%22&limit=100|https://api.fda.gov/device/enforcement.json?search=product_description%3A%222304.901%22&limit=100|https://api.fda.gov/device/recall.json?search=product_description%3A%222304.901%22&limit=100|https://api.fda.gov/device/recall.json?search=code_info%3A%2204055207056677%22&limit=100,false
PRD-9C1CF84490,Richard Wolf,Universal Bronchoscope Cap,8020.15,,identity_unresolved,low,exact_manufacturer_catalog_number,all_exact_configurations_active,family_current_listing,not_found,current_non_us,identity|model,searched,no_exact_action_found,unknown,,not_applicable,Identity method: exact_manufacturer_catalog_number. UDI assessment: all_exact_configurations_active. Manufacturer finding: current_non_us. Plausible records could not be tied conservatively to the exact catalog product.,Can the manufacturer confirm the exact U.S. catalog/model identity?|Does the exact current global manufacturer listing apply to the United States despite the ended UDI evidence?,keep_hidden_identity_unresolved,https://www.richard-wolf.com/mam/data/Typo3/Kataloge/Broncho-_Thorako-_Mediastinoskopie/Thorakale_Endoskopie_en.pdf|https://api.fda.gov/device/udi.json?search=identifiers.id%3A%2204055207008843%22&limit=100|https://api.fda.gov/device/udi.json?search=catalog_number%3A%228020.15%22&limit=100|https://api.fda.gov/device/classification.json?search=product_code%3A%22LLO%22&limit=100|https://api.fda.gov/device/registrationlisting.json?search=products.product_code%3A%22LLO%22&limit=100|https://api.fda.gov/device/enforcement.json?search=code_info%3A%2204055207008843%22&limit=100|https://api.fda.gov/device/enforcement.json?search=product_description%3A%228020.15%22&limit=100|https://api.fda.gov/device/recall.json?search=code_info%3A%2204055207008843%22&limit=100|https://api.fda.gov/device/recall.json?search=product_description%3A%228020.15%22&limit=100,false
PRD-9C5FCF73E5,Richard Wolf,"Vessel Clamp, Curved Left",8242.651,,identity_unresolved,low,exact_manufacturer_catalog_number,all_exact_configurations_ended,search_incomplete,premarket_exempt,current_non_us,identity|model|distribution,searched,no_exact_action_found,unknown,,not_applicable,Identity method: exact_manufacturer_catalog_number. UDI assessment: all_exact_configurations_ended. Manufacturer finding: current_non_us. Plausible records could not be tied conservatively to the exact catalog product.,Can the manufacturer confirm the exact U.S. catalog/model identity?|Does the exact current global manufacturer listing apply to the United States despite the ended UDI evidence?,keep_hidden_identity_unresolved,https://www.richard-wolf.com/mam/data/Typo3/Kataloge/Broncho-_Thorako-_Mediastinoskopie/Thorakale_Endoskopie_en.pdf|https://api.fda.gov/device/udi.json?search=catalog_number%3A%228242.651%22&limit=100|https://api.fda.gov/device/udi.json?search=identifiers.id%3A%2204055207014677%22&limit=100|https://api.fda.gov/device/classification.json?search=product_code%3A%22GEN%22&limit=100|https://api.fda.gov/device/enforcement.json?search=code_info%3A%2204055207014677%22&limit=100|https://api.fda.gov/device/enforcement.json?search=product_description%3A%228242.651%22&limit=100|https://api.fda.gov/device/recall.json?search=product_description%3A%228242.651%22&limit=100|https://api.fda.gov/device/recall.json?search=code_info%3A%2204055207014677%22&limit=100,false
PRD-9CCC6DB32E,Richard Wolf,Flexible Trocar Sleeve,8906.001,,identity_unresolved,low,exact_manufacturer_catalog_number,all_exact_configurations_active,family_current_listing,premarket_exempt,current_non_us,identity|model,searched,no_exact_action_found,unknown,,not_applicable,Identity method: exact_manufacturer_catalog_number. UDI assessment: all_exact_configurations_active. Manufacturer finding: current_non_us. Plausible records could not be tied conservatively to the exact catalog product.,Can the manufacturer confirm the exact U.S. catalog/model identity?|Does the exact current global manufacturer listing apply to the United States despite the ended UDI evidence?,keep_hidden_identity_unresolved,https://www.richard-wolf.com/mam/data/Typo3/Kataloge/Broncho-_Thorako-_Mediastinoskopie/Thorakale_Endoskopie_en.pdf|https://api.fda.gov/device/udi.json?search=catalog_number%3A%228906.001%22&limit=100|https://api.fda.gov/device/udi.json?search=identifiers.id%3A%2204055207021804%22&limit=100|https://api.fda.gov/device/classification.json?search=product_code%3A%22FBQ%22&limit=100|https://api.fda.gov/device/registrationlisting.json?search=products.product_code%3A%22FBQ%22&limit=100|https://api.fda.gov/device/enforcement.json?search=product_description%3A%228906.001%22&limit=100|https://api.fda.gov/device/enforcement.json?search=code_info%3A%2204055207021804%22&limit=100|https://api.fda.gov/device/recall.json?search=product_description%3A%228906.001%22&limit=100|https://api.fda.gov/device/recall.json?search=code_info%3A%2204055207021804%22&limit=100,false
PRD-A034F04BF1,Medtronic,Shiley Flexible Adult Tracheostomy Tube with TaperGuard Cuff,8CN85H,,identity_unresolved,low,family_or_name_only,no_exact_result,no_result,not_found,not_searched,identity|manufacturer,searched,active_exact_product_action,lot_specific,Z-1357-2023,not_applicable,Identity method: family_or_name_only. UDI assessment: no_exact_result. Manufacturer finding: not_searched. Plausible records could not be tied conservatively to the exact catalog product.,Can the manufacturer confirm the exact U.S. catalog/model identity?,keep_hidden_identity_unresolved,https://api.fda.gov/device/udi.json?search=version_or_model_number%3A%228CN85H%22&limit=100|https://api.fda.gov/device/udi.json?search=identifiers.id%3A%2220884521176345%22&limit=100|https://api.fda.gov/device/enforcement.json?search=product_description%3A%228CN85H%22&limit=100|https://api.fda.gov/device/enforcement.json?search=code_info%3A%2220884521176345%22&limit=100|https://api.fda.gov/device/recall.json?search=code_info%3A%2220884521176345%22&limit=100|https://api.fda.gov/device/recall.json?search=product_description%3A%228CN85H%22&limit=100,false
PRD-A12A620A18,Richard Wolf,Stainless Steel Trocar Sleeve,8906.081,,identity_unresolved,low,exact_manufacturer_catalog_number,all_exact_configurations_active,family_current_listing,premarket_exempt,current_non_us,identity|model,searched,no_exact_action_found,unknown,,not_applicable,Identity method: exact_manufacturer_catalog_number. UDI assessment: all_exact_configurations_active. Manufacturer finding: current_non_us. Plausible records could not be tied conservatively to the exact catalog product.,Can the manufacturer confirm the exact U.S. catalog/model identity?|Does the exact current global manufacturer listing apply to the United States despite the ended UDI evidence?,keep_hidden_identity_unresolved,https://www.richard-wolf.com/mam/data/Typo3/Kataloge/Broncho-_Thorako-_Mediastinoskopie/Thorakale_Endoskopie_en.pdf|https://api.fda.gov/device/udi.json?search=identifiers.id%3A%2204055207021859%22&limit=100|https://api.fda.gov/device/udi.json?search=catalog_number%3A%228906.081%22&limit=100|https://api.fda.gov/device/classification.json?search=product_code%3A%22FBQ%22&limit=100|https://api.fda.gov/device/registrationlisting.json?search=products.product_code%3A%22FBQ%22&limit=100|https://api.fda.gov/device/enforcement.json?search=product_description%3A%228906.081%22&limit=100|https://api.fda.gov/device/enforcement.json?search=code_info%3A%2204055207021859%22&limit=100|https://api.fda.gov/device/recall.json?search=product_description%3A%228906.081%22&limit=100|https://api.fda.gov/device/recall.json?search=code_info%3A%2204055207021859%22&limit=100,false
PRD-A1B7FC0BD4,Richard Wolf,PANOVIEW Telescope,8935.442,,identity_unresolved,low,exact_manufacturer_catalog_number,all_exact_configurations_ended,search_incomplete,not_found,current_non_us,identity|model|distribution,searched,no_exact_action_found,unknown,,not_applicable,Identity method: exact_manufacturer_catalog_number. UDI assessment: all_exact_configurations_ended. Manufacturer finding: current_non_us. Plausible records could not be tied conservatively to the exact catalog product.,Can the manufacturer confirm the exact U.S. catalog/model identity?|Does the exact current global manufacturer listing apply to the United States despite the ended UDI evidence?,keep_hidden_identity_unresolved,https://www.richard-wolf.com/mam/data/Typo3/Kataloge/Broncho-_Thorako-_Mediastinoskopie/Thorakale_Endoskopie_en.pdf|https://api.fda.gov/device/udi.json?search=identifiers.id%3A%2204055207022870%22&limit=100|https://api.fda.gov/device/udi.json?search=catalog_number%3A%228935.442%22&limit=100|https://api.fda.gov/device/classification.json?search=product_code%3A%22GCJ%22&limit=100|https://api.fda.gov/device/registrationlisting.json?search=products.product_code%3A%22GCJ%22&limit=100|https://api.fda.gov/device/enforcement.json?search=product_description%3A%228935.442%22&limit=100|https://api.fda.gov/device/enforcement.json?search=code_info%3A%2204055207022870%22&limit=100|https://api.fda.gov/device/recall.json?search=product_description%3A%228935.442%22&limit=100|https://api.fda.gov/device/recall.json?search=code_info%3A%2204055207022870%22&limit=100,false
PRD-A2F4A953C4,Richard Wolf,Flexible Biopsy Forceps,829.601,,identity_unresolved,low,exact_manufacturer_catalog_number,all_exact_configurations_active,search_incomplete,premarket_exempt,current_non_us,identity|model,searched,no_exact_action_found,unknown,,not_applicable,Identity method: exact_manufacturer_catalog_number. UDI assessment: all_exact_configurations_active. Manufacturer finding: current_non_us. Plausible records could not be tied conservatively to the exact catalog product.,Can the manufacturer confirm the exact U.S. catalog/model identity?|Does the exact current global manufacturer listing apply to the United States despite the ended UDI evidence?,keep_hidden_identity_unresolved,https://www.richard-wolf.com/mam/data/Typo3/Kataloge/Broncho-_Thorako-_Mediastinoskopie/Thorakale_Endoskopie_en.pdf|https://api.fda.gov/device/udi.json?search=catalog_number%3A%22829.601%22&limit=100|https://api.fda.gov/device/udi.json?search=identifiers.id%3A%2204055207009710%22&limit=100|https://api.fda.gov/device/classification.json?search=product_code%3A%22FCL%22&limit=100|https://api.fda.gov/device/registrationlisting.json?search=products.product_code%3A%22FCL%22&limit=100|https://api.fda.gov/device/enforcement.json?search=code_info%3A%2204055207009710%22&limit=100|https://api.fda.gov/device/enforcement.json?search=product_description%3A%22829.601%22&limit=100|https://api.fda.gov/device/recall.json?search=product_description%3A%22829.601%22&limit=100|https://api.fda.gov/device/recall.json?search=code_info%3A%2204055207009710%22&limit=100,false
PRD-A344758F57,Teleflex,Arrow Pneumothorax Set,AI-01500-E,,identity_unresolved,low,exact_manufacturer_catalog_number,conflicting_exact_configuration_statuses,exact_current_listing,exact_510k_clearance,no_result,identity|model|package_configuration|distribution,searched,no_exact_action_found,unknown,,not_applicable,Identity method: exact_manufacturer_catalog_number. UDI assessment: conflicting_exact_configuration_statuses. Manufacturer finding: no_result. Plausible records could not be tied conservatively to the exact catalog product.,Can the manufacturer confirm the exact U.S. catalog/model identity?,keep_hidden_identity_unresolved,https://teleflex.com/usa/en/product-areas/interventional/drainage/arrow-diagnostic-drainage-products/MC-006078_Interventional_DND_Product_Line_Brochure_Final.pdf|https://api.fda.gov/device/udi.json?search=catalog_number%3A%22AI-01500-E%22&limit=100|https://api.fda.gov/device/udi.json?search=catalog_number%3A%22AI-01500-E%22&limit=100|https://api.fda.gov/device/udi.json?search=identifiers.id%3A%2200801902097897%22&limit=100|https://api.fda.gov/device/udi.json?search=catalog_number%3A%22AI-01500-E%22&limit=100|https://api.fda.gov/device/udi.json?search=catalog_number%3A%22AI-01500-E%22&limit=100|https://api.fda.gov/device/510k.json?search=k_number%3A%22K883905%22&limit=100|https://api.fda.gov/device/classification.json?search=product_code%3A%22JOL%22&limit=100|https://api.fda.gov/device/registrationlisting.json?search=k_number%3A%22K883905%22&limit=100|https://api.fda.gov/device/enforcement.json?search=code_info%3A%2200801902004161%22&limit=100|https://api.fda.gov/device/enforcement.json?search=product_description%3A%22AI-01500-E%22&limit=100|https://api.fda.gov/device/enforcement.json?search=code_info%3A%2210801902209105%22&limit=100|https://api.fda.gov/device/enforcement.json?search=code_info%3A%2220801902193999%22&limit=100|https://api.fda.gov/device/enforcement.json?search=code_info%3A%2230801902097898%22&limit=100|https://api.fda.gov/device/enforcement.json?search=code_info%3A%2200801902097897%22&limit=100|https://api.fda.gov/device/enforcement.json?search=code_info%3A%2210801902193992%22&limit=100|https://api.fda.gov/device/enforcement.json?search=code_info%3A%2220801902209102%22&limit=100|https://api.fda.gov/device/enforcement.json?search=code_info%3A%2230801902004162%22&limit=100|https://api.fda.gov/device/recall.json?search=code_info%3A%2230801902097898%22&limit=100|https://api.fda.gov/device/recall.json?search=code_info%3A%2210801902193992%22&limit=100|https://api.fda.gov/device/recall.json?search=k_numbers%3A%22K883905%22&limit=100|https://api.fda.gov/device/recall.json?search=code_info%3A%2200801902004161%22&limit=100|https://api.fda.gov/device/recall.json?search=code_info%3A%2220801902209102%22&limit=100|https://api.fda.gov/device/recall.json?search=code_info%3A%2230801902004162%22&limit=100|https://api.fda.gov/device/recall.json?search=code_info%3A%2220801902193999%22&limit=100|https://api.fda.gov/device/recall.json?search=code_info%3A%2200801902097897%22&limit=100|https://api.fda.gov/device/recall.json?search=code_info%3A%2210801902209105%22&limit=100|https://api.fda.gov/device/recall.json?search=product_description%3A%22AI-01500-E%22&limit=100,false
PRD-A3EBA86219,Richard Wolf,Telescope Adapter,8215.716,,identity_unresolved,low,exact_manufacturer_catalog_number,all_exact_configurations_ended,family_current_listing,premarket_exempt,current_non_us,identity|model|distribution,searched,no_exact_action_found,unknown,,not_applicable,Identity method: exact_manufacturer_catalog_number. UDI assessment: all_exact_configurations_ended. Manufacturer finding: current_non_us. Plausible records could not be tied conservatively to the exact catalog product.,Can the manufacturer confirm the exact U.S. catalog/model identity?|Does the exact current global manufacturer listing apply to the United States despite the ended UDI evidence?,keep_hidden_identity_unresolved,https://www.richard-wolf.com/mam/data/Typo3/Kataloge/Broncho-_Thorako-_Mediastinoskopie/Thorakale_Endoskopie_en.pdf|https://api.fda.gov/device/udi.json?search=catalog_number%3A%228215.716%22&limit=100|https://api.fda.gov/device/udi.json?search=identifiers.id%3A%2204055207014530%22&limit=100|https://api.fda.gov/device/classification.json?search=product_code%3A%22KTI%22&limit=100|https://api.fda.gov/device/registrationlisting.json?search=products.product_code%3A%22KTI%22&limit=100|https://api.fda.gov/device/enforcement.json?search=code_info%3A%2204055207014530%22&limit=100|https://api.fda.gov/device/enforcement.json?search=product_description%3A%228215.716%22&limit=100|https://api.fda.gov/device/recall.json?search=product_description%3A%228215.716%22&limit=100|https://api.fda.gov/device/recall.json?search=code_info%3A%2204055207014530%22&limit=100,false
PRD-A4575632E4,Merit Medical,TAPS Thoracentesis and Paracentesis Set,TAPS-8F-7LT,,identity_unresolved,low,exact_manufacturer_catalog_number,all_exact_configurations_active,search_incomplete,premarket_exempt,not_searched,identity|model,searched,no_exact_action_found,unknown,,not_applicable,Identity method: exact_manufacturer_catalog_number. UDI assessment: all_exact_configurations_active. Manufacturer finding: not_searched. Plausible records could not be tied conservatively to the exact catalog product.,Can the manufacturer confirm the exact U.S. catalog/model identity?,keep_hidden_identity_unresolved,https://api.fda.gov/device/udi.json?search=catalog_number%3A%22TAPS-8F-7LT%22&limit=100|https://api.fda.gov/device/udi.json?search=identifiers.id%3A%2200884450277911%22&limit=100|https://api.fda.gov/device/classification.json?search=product_code%3A%22GBX%22&limit=100|https://api.fda.gov/device/enforcement.json?search=code_info%3A%2200884450277911%22&limit=100|https://api.fda.gov/device/enforcement.json?search=code_info%3A%2210884450277918%22&limit=100|https://api.fda.gov/device/enforcement.json?search=product_description%3A%22TAPS-8F-7LT%22&limit=100|https://api.fda.gov/device/recall.json?search=code_info%3A%2210884450277918%22&limit=100|https://api.fda.gov/device/recall.json?search=code_info%3A%2200884450277911%22&limit=100|https://api.fda.gov/device/recall.json?search=product_description%3A%22TAPS-8F-7LT%22&limit=100,false
PRD-A47AD72FD5,Medtronic,Shiley Left Double-Lumen Endobronchial Tube,125039,,identity_unresolved,low,family_or_name_only,no_exact_result,no_result,not_found,not_searched,identity|manufacturer,searched,no_exact_action_found,unknown,,not_applicable,Identity method: family_or_name_only. UDI assessment: no_exact_result. Manufacturer finding: not_searched. Plausible records could not be tied conservatively to the exact catalog product.,Can the manufacturer confirm the exact U.S. catalog/model identity?,keep_hidden_identity_unresolved,https://api.fda.gov/device/udi.json?search=version_or_model_number%3A%22125039%22&limit=100|https://api.fda.gov/device/udi.json?search=version_or_model_number%3A%22125039%22&limit=100|https://api.fda.gov/device/udi.json?search=version_or_model_number%3A%22125039%22&limit=100|https://api.fda.gov/device/udi.json?search=identifiers.id%3A%2240884522008755%22&limit=100|https://api.fda.gov/device/enforcement.json?search=product_description%3A%22125039%22&limit=100|https://api.fda.gov/device/enforcement.json?search=code_info%3A%2240884522008755%22&limit=100|https://api.fda.gov/device/recall.json?search=product_description%3A%22125039%22&limit=100|https://api.fda.gov/device/recall.json?search=code_info%3A%2240884522008755%22&limit=100,false
PRD-A6CF0E2BA4,Ambu,aScope 4 Broncho Slim,476101000,,identity_unresolved,low,family_or_name_only,no_exact_result,no_result,not_found,not_searched,identity|manufacturer,searched,no_exact_action_found,unknown,,not_applicable,Identity method: family_or_name_only. UDI assessment: no_exact_result. Manufacturer finding: not_searched. Plausible records could not be tied conservatively to the exact catalog product.,Can the manufacturer confirm the exact U.S. catalog/model identity?,keep_hidden_identity_unresolved,https://api.fda.gov/device/udi.json?search=version_or_model_number%3A%22476101000%22&limit=100|https://api.fda.gov/device/udi.json?search=identifiers.id%3A%2205707480157792%22&limit=100|https://api.fda.gov/device/udi.json?search=catalog_number%3A%22476101000%22&limit=100|https://api.fda.gov/device/enforcement.json?search=product_description%3A%22476101000%22&limit=100|https://api.fda.gov/device/enforcement.json?search=code_info%3A%2205707480157792%22&limit=100|https://api.fda.gov/device/recall.json?search=code_info%3A%2205707480157792%22&limit=100|https://api.fda.gov/device/recall.json?search=product_description%3A%22476101000%22&limit=100,false
PRD-A72E811F09,Teleflex,Arrow-Clarke Thoracentesis Kit,AK-01000,,identity_unresolved,low,exact_manufacturer_catalog_number,conflicting_exact_configuration_statuses,exact_current_listing,exact_510k_clearance,no_result,identity|model|package_configuration|distribution,searched,active_exact_product_action,lot_specific,Z-1298-2018|Z-2382-2026,not_applicable,Identity method: exact_manufacturer_catalog_number. UDI assessment: conflicting_exact_configuration_statuses. Manufacturer finding: no_result. Plausible records could not be tied conservatively to the exact catalog product.,Can the manufacturer confirm the exact U.S. catalog/model identity?,keep_hidden_identity_unresolved,https://teleflex.com/usa/en/product-areas/interventional/drainage/arrow-diagnostic-drainage-products/MC-006078_Interventional_DND_Product_Line_Brochure_Final.pdf|https://api.fda.gov/device/udi.json?search=catalog_number%3A%22AK-01000%22&limit=100|https://api.fda.gov/device/udi.json?search=catalog_number%3A%22AK-01000%22&limit=100|https://api.fda.gov/device/udi.json?search=identifiers.id%3A%2210801902142914%22&limit=100|https://api.fda.gov/device/udi.json?search=catalog_number%3A%22AK-01000%22&limit=100|https://api.fda.gov/device/udi.json?search=catalog_number%3A%22AK-01000%22&limit=100|https://api.fda.gov/device/510k.json?search=k_number%3A%22K870572%22&limit=100|https://api.fda.gov/device/classification.json?search=product_code%3A%22JOL%22&limit=100|https://api.fda.gov/device/registrationlisting.json?search=k_number%3A%22K870572%22&limit=100|https://api.fda.gov/device/enforcement.json?search=product_description%3A%22AK-01000%22&limit=100|https://api.fda.gov/device/enforcement.json?search=code_info%3A%2220801902142911%22&limit=100|https://api.fda.gov/device/enforcement.json?search=code_info%3A%2210801902142914%22&limit=100|https://api.fda.gov/device/enforcement.json?search=code_info%3A%2210801902120127%22&limit=100|https://api.fda.gov/device/enforcement.json?search=code_info%3A%2230801902120121%22&limit=100|https://api.fda.gov/device/enforcement.json?search=code_info%3A%2220801902120124%22&limit=100|https://api.fda.gov/device/enforcement.json?search=code_info%3A%2240801902120128%22&limit=100|https://api.fda.gov/device/enforcement.json?search=code_info%3A%2230801902004780%22&limit=100|https://api.fda.gov/device/enforcement.json?search=code_info%3A%2200801902004789%22&limit=100|https://api.fda.gov/device/recall.json?search=product_description%3A%22AK-01000%22&limit=100|https://api.fda.gov/device/recall.json?search=code_info%3A%2210801902120127%22&limit=100|https://api.fda.gov/device/recall.json?search=k_numbers%3A%22K870572%22&limit=100|https://api.fda.gov/device/recall.json?search=code_info%3A%2220801902120124%22&limit=100|https://api.fda.gov/device/recall.json?search=code_info%3A%2200801902004789%22&limit=100|https://api.fda.gov/device/recall.json?search=code_info%3A%2230801902120121%22&limit=100|https://api.fda.gov/device/recall.json?search=code_info%3A%2230801902004780%22&limit=100|https://api.fda.gov/device/recall.json?search=code_info%3A%2220801902142911%22&limit=100|https://api.fda.gov/device/recall.json?search=code_info%3A%2210801902142914%22&limit=100|https://api.fda.gov/device/recall.json?search=code_info%3A%2240801902120128%22&limit=100,false
PRD-A88AEE6442,Karl Storz,Application Cannula for Thoracic Drainage,10995,,identity_unresolved,low,family_or_name_only,no_exact_result,no_result,not_found,no_result,identity|manufacturer,searched,no_exact_action_found,unknown,,not_applicable,Identity method: family_or_name_only. UDI assessment: no_exact_result. Manufacturer finding: no_result. Plausible records could not be tied conservatively to the exact catalog product.,Can the manufacturer confirm the exact U.S. catalog/model identity?,keep_hidden_identity_unresolved,https://www.karlstorz.com/us/en/thoracic-surgery-and-pulmonology.htm|https://api.fda.gov/device/udi.json?search=version_or_model_number%3A%2210995%22&limit=100|https://api.fda.gov/device/udi.json?search=catalog_number%3A%2210995%22&limit=100|https://api.fda.gov/device/udi.json?search=version_or_model_number%3A%2210995%22&limit=100|https://api.fda.gov/device/udi.json?search=catalog_number%3A%2210995%22&limit=100|https://api.fda.gov/device/enforcement.json?search=product_description%3A%2210995%22&limit=100|https://api.fda.gov/device/recall.json?search=product_description%3A%2210995%22&limit=100,false
PRD-A8A5497344,Richard Wolf,"Parenchyma Forceps, Curved Right",8242.602,,identity_unresolved,low,exact_manufacturer_catalog_number,all_exact_configurations_ended,search_incomplete,premarket_exempt,current_non_us,identity|model|distribution,searched,no_exact_action_found,unknown,,not_applicable,Identity method: exact_manufacturer_catalog_number. UDI assessment: all_exact_configurations_ended. Manufacturer finding: current_non_us. Plausible records could not be tied conservatively to the exact catalog product.,Can the manufacturer confirm the exact U.S. catalog/model identity?|Does the exact current global manufacturer listing apply to the United States despite the ended UDI evidence?,keep_hidden_identity_unresolved,https://www.richard-wolf.com/mam/data/Typo3/Kataloge/Broncho-_Thorako-_Mediastinoskopie/Thorakale_Endoskopie_en.pdf|https://api.fda.gov/device/udi.json?search=catalog_number%3A%228242.602%22&limit=100|https://api.fda.gov/device/udi.json?search=identifiers.id%3A%2204055207014639%22&limit=100|https://api.fda.gov/device/classification.json?search=product_code%3A%22GEN%22&limit=100|https://api.fda.gov/device/enforcement.json?search=code_info%3A%2204055207014639%22&limit=100|https://api.fda.gov/device/enforcement.json?search=product_description%3A%228242.602%22&limit=100|https://api.fda.gov/device/recall.json?search=product_description%3A%228242.602%22&limit=100|https://api.fda.gov/device/recall.json?search=code_info%3A%2204055207014639%22&limit=100,false
PRD-A8B69D1E0B,Richard Wolf,RIWO-ART Slanted Trocar Sleeve with Thread,8923.023,,identity_unresolved,low,exact_manufacturer_catalog_number,all_exact_configurations_active,family_current_listing,premarket_exempt,current_non_us,identity|model,searched,no_exact_action_found,unknown,,not_applicable,Identity method: exact_manufacturer_catalog_number. UDI assessment: all_exact_configurations_active. Manufacturer finding: current_non_us. Plausible records could not be tied conservatively to the exact catalog product.,Can the manufacturer confirm the exact U.S. catalog/model identity?|Does the exact current global manufacturer listing apply to the United States despite the ended UDI evidence?,keep_hidden_identity_unresolved,https://www.richard-wolf.com/mam/data/Typo3/Kataloge/Broncho-_Thorako-_Mediastinoskopie/Thorakale_Endoskopie_en.pdf|https://api.fda.gov/device/udi.json?search=catalog_number%3A%228923.023%22&limit=100|https://api.fda.gov/device/udi.json?search=identifiers.id%3A%2204055207022351%22&limit=100|https://api.fda.gov/device/classification.json?search=product_code%3A%22FBQ%22&limit=100|https://api.fda.gov/device/registrationlisting.json?search=products.product_code%3A%22FBQ%22&limit=100|https://api.fda.gov/device/enforcement.json?search=product_description%3A%228923.023%22&limit=100|https://api.fda.gov/device/enforcement.json?search=code_info%3A%2204055207022351%22&limit=100|https://api.fda.gov/device/recall.json?search=product_description%3A%228923.023%22&limit=100|https://api.fda.gov/device/recall.json?search=code_info%3A%2204055207022351%22&limit=100,false
PRD-AAD09EDB4C,Medtronic,Shiley Left Double-Lumen Endobronchial Tube,125037,,identity_unresolved,low,family_or_name_only,no_exact_result,no_result,not_found,not_searched,identity|manufacturer,searched,no_exact_action_found,unknown,,not_applicable,Identity method: family_or_name_only. UDI assessment: no_exact_result. Manufacturer finding: not_searched. Plausible records could not be tied conservatively to the exact catalog product.,Can the manufacturer confirm the exact U.S. catalog/model identity?,keep_hidden_identity_unresolved,https://api.fda.gov/device/udi.json?search=version_or_model_number%3A%22125037%22&limit=100|https://api.fda.gov/device/udi.json?search=version_or_model_number%3A%22125037%22&limit=100|https://api.fda.gov/device/udi.json?search=version_or_model_number%3A%22125037%22&limit=100|https://api.fda.gov/device/udi.json?search=catalog_number%3A%22125037%22&limit=100|https://api.fda.gov/device/udi.json?search=identifiers.id%3A%2240884522008748%22&limit=100|https://api.fda.gov/device/udi.json?search=version_or_model_number%3A%22125037%22&limit=100|https://api.fda.gov/device/enforcement.json?search=product_description%3A%22125037%22&limit=100|https://api.fda.gov/device/enforcement.json?search=code_info%3A%2240884522008748%22&limit=100|https://api.fda.gov/device/recall.json?search=product_description%3A%22125037%22&limit=100|https://api.fda.gov/device/recall.json?search=code_info%3A%2240884522008748%22&limit=100,false
PRD-AB6D9F097B,FUJIFILM SonoSite,SonoSite C10-3 Transducer,C10-3,,identity_unresolved,low,family_or_name_only,no_exact_result,no_result,not_found,not_searched,identity|manufacturer,not_searched,unknown,unknown,,not_applicable,Identity method: family_or_name_only. UDI assessment: no_exact_result. Manufacturer finding: not_searched. Plausible records could not be tied conservatively to the exact catalog product.,Can the manufacturer confirm the exact U.S. catalog/model identity?,keep_hidden_identity_unresolved,https://www.sonosite.com/sites/default/files/Sonosite_LX_product_brochure_MKT03597_US_rev_C.pdf|https://api.fda.gov/device/udi.json?search=version_or_model_number%3A%22C10-3%22&limit=100,false
PRD-AD1CD2C1B2,Richard Wolf,Trocar Sleeve with Stopcock,8919.333,,identity_unresolved,low,exact_manufacturer_catalog_number,all_exact_configurations_active,family_current_listing,premarket_exempt,current_non_us,identity|model,searched,no_exact_action_found,unknown,,not_applicable,Identity method: exact_manufacturer_catalog_number. UDI assessment: all_exact_configurations_active. Manufacturer finding: current_non_us. Plausible records could not be tied conservatively to the exact catalog product.,Can the manufacturer confirm the exact U.S. catalog/model identity?|Does the exact current global manufacturer listing apply to the United States despite the ended UDI evidence?,keep_hidden_identity_unresolved,https://www.richard-wolf.com/mam/data/Typo3/Kataloge/Broncho-_Thorako-_Mediastinoskopie/Thorakale_Endoskopie_en.pdf|https://api.fda.gov/device/udi.json?search=identifiers.id%3A%2204055207021996%22&limit=100|https://api.fda.gov/device/udi.json?search=catalog_number%3A%228919.333%22&limit=100|https://api.fda.gov/device/classification.json?search=product_code%3A%22FBQ%22&limit=100|https://api.fda.gov/device/registrationlisting.json?search=products.product_code%3A%22FBQ%22&limit=100|https://api.fda.gov/device/enforcement.json?search=code_info%3A%2204055207021996%22&limit=100|https://api.fda.gov/device/enforcement.json?search=product_description%3A%228919.333%22&limit=100|https://api.fda.gov/device/recall.json?search=product_description%3A%228919.333%22&limit=100|https://api.fda.gov/device/recall.json?search=code_info%3A%2204055207021996%22&limit=100,false
PRD-AD5DB57EBC,Richard Wolf,PANOVIEW Telescope,8933.432,,identity_unresolved,low,exact_manufacturer_catalog_number,all_exact_configurations_ended,family_current_listing,not_found,current_non_us,identity|model|distribution,searched,no_exact_action_found,unknown,,not_applicable,Identity method: exact_manufacturer_catalog_number. UDI assessment: all_exact_configurations_ended. Manufacturer finding: current_non_us. Plausible records could not be tied conservatively to the exact catalog product.,Can the manufacturer confirm the exact U.S. catalog/model identity?|Does the exact current global manufacturer listing apply to the United States despite the ended UDI evidence?,keep_hidden_identity_unresolved,https://www.richard-wolf.com/mam/data/Typo3/Kataloge/Broncho-_Thorako-_Mediastinoskopie/Thorakale_Endoskopie_en.pdf|https://api.fda.gov/device/udi.json?search=identifiers.id%3A%2204055207022726%22&limit=100|https://api.fda.gov/device/udi.json?search=catalog_number%3A%228933.432%22&limit=100|https://api.fda.gov/device/classification.json?search=product_code%3A%22GCM%22&limit=100|https://api.fda.gov/device/registrationlisting.json?search=products.product_code%3A%22GCM%22&limit=100|https://api.fda.gov/device/enforcement.json?search=product_description%3A%228933.432%22&limit=100|https://api.fda.gov/device/enforcement.json?search=code_info%3A%2204055207022726%22&limit=100|https://api.fda.gov/device/recall.json?search=code_info%3A%2204055207022726%22&limit=100|https://api.fda.gov/device/recall.json?search=product_description%3A%228933.432%22&limit=100,false
PRD-AE3B2BA40B,Richard Wolf,"Foreign Body Grasping Forceps, Serrated",8281.311,,identity_unresolved,low,exact_manufacturer_catalog_number,all_exact_configurations_ended,search_incomplete,premarket_exempt,current_non_us,identity|model|distribution,searched,no_exact_action_found,unknown,,not_applicable,Identity method: exact_manufacturer_catalog_number. UDI assessment: all_exact_configurations_ended. Manufacturer finding: current_non_us. Plausible records could not be tied conservatively to the exact catalog product.,Can the manufacturer confirm the exact U.S. catalog/model identity?|Does the exact current global manufacturer listing apply to the United States despite the ended UDI evidence?,keep_hidden_identity_unresolved,https://www.richard-wolf.com/mam/data/Typo3/Kataloge/Broncho-_Thorako-_Mediastinoskopie/Thorakale_Endoskopie_en.pdf|https://api.fda.gov/device/udi.json?search=identifiers.id%3A%2204055207041833%22&limit=100|https://api.fda.gov/device/udi.json?search=catalog_number%3A%228281.311%22&limit=100|https://api.fda.gov/device/classification.json?search=product_code%3A%22KAE%22&limit=100|https://api.fda.gov/device/enforcement.json?search=product_description%3A%228281.311%22&limit=100|https://api.fda.gov/device/enforcement.json?search=code_info%3A%2204055207041833%22&limit=100|https://api.fda.gov/device/recall.json?search=product_description%3A%228281.311%22&limit=100|https://api.fda.gov/device/recall.json?search=code_info%3A%2204055207041833%22&limit=100,false
PRD-AF1D02BED5,Novatech,STERITALC PF3 Supplement Vial 3 g,16983,,identity_unresolved,low,family_or_name_only,no_exact_result,no_result,not_found,current_exact_official_us_product,identity|manufacturer,searched,no_exact_action_found,unknown,,not_applicable,Identity method: family_or_name_only. UDI assessment: no_exact_result. Manufacturer finding: current_exact_official_us_product. Plausible records could not be tied conservatively to the exact catalog product.,Can the manufacturer confirm the exact U.S. catalog/model identity?,keep_hidden_identity_unresolved,https://novatech.fr/en/steritalc/steritalc|https://api.fda.gov/device/udi.json?search=version_or_model_number%3A%2216983%22&limit=100|https://api.fda.gov/device/udi.json?search=catalog_number%3A%2216983%22&limit=100|https://api.fda.gov/device/udi.json?search=catalog_number%3A%2216983%22&limit=100|https://api.fda.gov/device/enforcement.json?search=product_description%3A%2216983%22&limit=100|https://api.fda.gov/device/recall.json?search=product_description%3A%2216983%22&limit=100,false
PRD-B077E82907,Richard Wolf,TEXAS Bronchoscope Tube ID 11 mm,82520.0841,,identity_unresolved,low,exact_manufacturer_catalog_number,all_exact_configurations_ended,family_current_listing,premarket_exempt,current_non_us,identity|model|distribution,searched,no_exact_action_found,unknown,,not_applicable,Identity method: exact_manufacturer_catalog_number. UDI assessment: all_exact_configurations_ended. Manufacturer finding: current_non_us. Plausible records could not be tied conservatively to the exact catalog product.,Can the manufacturer confirm the exact U.S. catalog/model identity?|Does the exact current global manufacturer listing apply to the United States despite the ended UDI evidence?,keep_hidden_identity_unresolved,https://www.richard-wolf.com/mam/data/Typo3/Kataloge/Broncho-_Thorako-_Mediastinoskopie/Thorakale_Endoskopie_en.pdf|https://api.fda.gov/device/udi.json?search=identifiers.id%3A%2204055207033753%22&limit=100|https://api.fda.gov/device/udi.json?search=catalog_number%3A%2282520.0841%22&limit=100|https://api.fda.gov/device/classification.json?search=product_code%3A%22KTI%22&limit=100|https://api.fda.gov/device/registrationlisting.json?search=products.product_code%3A%22KTI%22&limit=100|https://api.fda.gov/device/enforcement.json?search=product_description%3A%2282520.0841%22&limit=100|https://api.fda.gov/device/enforcement.json?search=code_info%3A%2204055207033753%22&limit=100|https://api.fda.gov/device/recall.json?search=code_info%3A%2204055207033753%22&limit=100|https://api.fda.gov/device/recall.json?search=product_description%3A%2282520.0841%22&limit=100,false
PRD-B258E8E859,Verathon,BFlex 2 Large 5.8 Single-Use Bronchoscope,BFlex 2 Large 5.8,,identity_unresolved,low,family_or_name_only,no_exact_result,no_result,not_found,family_only_current,,searched,no_exact_action_found,unknown,,not_applicable,Identity method: family_or_name_only. UDI assessment: no_exact_result. Manufacturer finding: family_only_current. Plausible records could not be tied conservatively to the exact catalog product.,Can the manufacturer confirm the exact U.S. catalog/model identity?,keep_hidden_identity_unresolved,https://www.verathon.com/single-use-bronchoscopes|https://api.fda.gov/device/udi.json?search=identifiers.id%3A%2200879123008572%22&limit=100|https://api.fda.gov/device/enforcement.json?search=product_description%3A%22BFLEX+2+LARGE+5.8%22&limit=100|https://api.fda.gov/device/enforcement.json?search=code_info%3A%2200879123008572%22&limit=100|https://api.fda.gov/device/recall.json?search=product_description%3A%22BFLEX+2+LARGE+5.8%22&limit=100|https://api.fda.gov/device/recall.json?search=code_info%3A%2200879123008572%22&limit=100,false
PRD-B2B0419598,BD,PleurX Drainage Kit 500 mL,50-7500B,,identity_unresolved,low,family_or_name_only,no_exact_result,no_result,not_found,not_searched,identity|manufacturer,searched,no_exact_action_found,unknown,,not_applicable,Identity method: family_or_name_only. UDI assessment: no_exact_result. Manufacturer finding: not_searched. Plausible records could not be tied conservatively to the exact catalog product.,Can the manufacturer confirm the exact U.S. catalog/model identity?,keep_hidden_identity_unresolved,https://api.fda.gov/device/udi.json?search=identifiers.id%3A%2210885403090714%22&limit=100|https://api.fda.gov/device/udi.json?search=catalog_number%3A%2250-7500B%22&limit=100|https://api.fda.gov/device/udi.json?search=version_or_model_number%3A%2250-7500B%22&limit=100|https://api.fda.gov/device/enforcement.json?search=product_description%3A%2250-7500B%22&limit=100|https://api.fda.gov/device/enforcement.json?search=code_info%3A%2210885403090714%22&limit=100|https://api.fda.gov/device/recall.json?search=product_description%3A%2250-7500B%22&limit=100|https://api.fda.gov/device/recall.json?search=code_info%3A%2210885403090714%22&limit=100,false
PRD-B4E0EB9EFB,Richard Wolf,PANOVIEW Telescope,8934.431,,identity_unresolved,low,exact_manufacturer_catalog_number,all_exact_configurations_active,family_current_listing,not_found,current_non_us,identity|model,searched,no_exact_action_found,unknown,,not_applicable,Identity method: exact_manufacturer_catalog_number. UDI assessment: all_exact_configurations_active. Manufacturer finding: current_non_us. Plausible records could not be tied conservatively to the exact catalog product.,Can the manufacturer confirm the exact U.S. catalog/model identity?|Does the exact current global manufacturer listing apply to the United States despite the ended UDI evidence?,keep_hidden_identity_unresolved,https://www.richard-wolf.com/mam/data/Typo3/Kataloge/Broncho-_Thorako-_Mediastinoskopie/Thorakale_Endoskopie_en.pdf|https://api.fda.gov/device/udi.json?search=catalog_number%3A%228934.431%22&limit=100|https://api.fda.gov/device/udi.json?search=identifiers.id%3A%2204055207022757%22&limit=100|https://api.fda.gov/device/classification.json?search=product_code%3A%22GCM%22&limit=100|https://api.fda.gov/device/registrationlisting.json?search=products.product_code%3A%22GCM%22&limit=100|https://api.fda.gov/device/enforcement.json?search=code_info%3A%2204055207022757%22&limit=100|https://api.fda.gov/device/enforcement.json?search=product_description%3A%228934.431%22&limit=100|https://api.fda.gov/device/recall.json?search=code_info%3A%2204055207022757%22&limit=100|https://api.fda.gov/device/recall.json?search=product_description%3A%228934.431%22&limit=100,false
PRD-B5FC89830C,Olympus,OEV-262H 26-inch Medical Monitor,OEV-262H,,identity_unresolved,low,family_or_name_only,no_exact_result,no_result,not_found,family_only_current,identity|model,searched,no_exact_action_found,unknown,,not_applicable,Identity method: family_or_name_only. UDI assessment: no_exact_result. Manufacturer finding: family_only_current. Plausible records could not be tied conservatively to the exact catalog product.,Can the manufacturer confirm the exact U.S. catalog/model identity?,keep_hidden_identity_unresolved,https://content.medical.olympusamerica.com/products/accessory-solutions|https://api.fda.gov/device/udi.json?search=identifiers.id%3A%2204953170363498%22&limit=100|https://api.fda.gov/device/enforcement.json?search=code_info%3A%2204953170363498%22&limit=100|https://api.fda.gov/device/enforcement.json?search=product_description%3A%22OEV-262H%22&limit=100|https://api.fda.gov/device/recall.json?search=product_description%3A%22OEV-262H%22&limit=100|https://api.fda.gov/device/recall.json?search=code_info%3A%2204953170363498%22&limit=100,false
PRD-B68F5C38B4,EFER,Adult ventilating obturator,BB2401-3,,identity_unresolved,low,family_or_name_only,no_exact_result,no_result,not_found,not_searched,identity|manufacturer,searched,no_exact_action_found,unknown,,not_applicable,Identity method: family_or_name_only. UDI assessment: no_exact_result. Manufacturer finding: not_searched. Plausible records could not be tied conservatively to the exact catalog product.,Can the manufacturer confirm the exact U.S. catalog/model identity?,keep_hidden_identity_unresolved,https://api.fda.gov/device/udi.json?search=version_or_model_number%3A%22BB2401-3%22&limit=100|https://api.fda.gov/device/udi.json?search=identifiers.id%3A%2203700620600747%22&limit=100|https://api.fda.gov/device/enforcement.json?search=product_description%3A%22BB2401-3%22&limit=100|https://api.fda.gov/device/enforcement.json?search=code_info%3A%2203700620600747%22&limit=100|https://api.fda.gov/device/recall.json?search=product_description%3A%22BB2401-3%22&limit=100|https://api.fda.gov/device/recall.json?search=code_info%3A%2203700620600747%22&limit=100,false
PRD-B6A919EF32,Richard Wolf,PANOVIEW Thoracoscopy Telescope,8650.414,,identity_unresolved,low,exact_manufacturer_catalog_number,all_exact_configurations_active,family_current_listing,not_found,current_non_us,identity|model,searched,no_exact_action_found,unknown,,not_applicable,Identity method: exact_manufacturer_catalog_number. UDI assessment: all_exact_configurations_active. Manufacturer finding: current_non_us. Plausible records could not be tied conservatively to the exact catalog product.,Can the manufacturer confirm the exact U.S. catalog/model identity?|Does the exact current global manufacturer listing apply to the United States despite the ended UDI evidence?,keep_hidden_identity_unresolved,https://www.richard-wolf.com/mam/data/Typo3/Kataloge/Broncho-_Thorako-_Mediastinoskopie/Thorakale_Endoskopie_en.pdf|https://api.fda.gov/device/udi.json?search=catalog_number%3A%228650.414%22&limit=100|https://api.fda.gov/device/udi.json?search=identifiers.id%3A%2204055207018347%22&limit=100|https://api.fda.gov/device/classification.json?search=product_code%3A%22GCM%22&limit=100|https://api.fda.gov/device/registrationlisting.json?search=products.product_code%3A%22GCM%22&limit=100|https://api.fda.gov/device/enforcement.json?search=product_description%3A%228650.414%22&limit=100|https://api.fda.gov/device/enforcement.json?search=code_info%3A%2204055207018347%22&limit=100|https://api.fda.gov/device/recall.json?search=code_info%3A%2204055207018347%22&limit=100|https://api.fda.gov/device/recall.json?search=product_description%3A%228650.414%22&limit=100,false
PRD-B71889B81F,Teleflex,Drainer Centesis Catheter,8811,,identity_unresolved,low,exact_manufacturer_catalog_number,all_exact_configurations_active,no_result,premarket_exempt,no_result,identity|model|manufacturer,searched,no_exact_action_found,unknown,,not_applicable,Identity method: exact_manufacturer_catalog_number. UDI assessment: all_exact_configurations_active. Manufacturer finding: no_result. Plausible records could not be tied conservatively to the exact catalog product.,Can the manufacturer confirm the exact U.S. catalog/model identity?,keep_hidden_identity_unresolved,https://teleflex.com/usa/en/product-areas/interventional/drainage/arrow-diagnostic-drainage-products/MC-006078_Interventional_DND_Product_Line_Brochure_Final.pdf|https://api.fda.gov/device/udi.json?search=version_or_model_number%3A%228811%22&limit=100|https://api.fda.gov/device/udi.json?search=version_or_model_number%3A%228811%22&limit=100|https://api.fda.gov/device/udi.json?search=catalog_number%3A%228811%22&limit=100|https://api.fda.gov/device/udi.json?search=version_or_model_number%3A%228811%22&limit=100|https://api.fda.gov/device/udi.json?search=catalog_number%3A%228811%22&limit=100|https://api.fda.gov/device/udi.json?search=version_or_model_number%3A%228811%22&limit=100|https://api.fda.gov/device/udi.json?search=version_or_model_number%3A%228811%22&limit=100|https://api.fda.gov/device/udi.json?search=catalog_number%3A%228811%22&limit=100|https://api.fda.gov/device/udi.json?search=identifiers.id%3A%2210841156111854%22&limit=100|https://api.fda.gov/device/udi.json?search=catalog_number%3A%228811%22&limit=100|https://api.fda.gov/device/classification.json?search=product_code%3A%22GCB%22&limit=100|https://api.fda.gov/device/enforcement.json?search=code_info%3A%2220841156111851%22&limit=100|https://api.fda.gov/device/enforcement.json?search=code_info%3A%2210841156111854%22&limit=100|https://api.fda.gov/device/recall.json?search=code_info%3A%2220841156111851%22&limit=100|https://api.fda.gov/device/recall.json?search=code_info%3A%2210841156111854%22&limit=100,false
PRD-B9381E6DD2,BD,Safe-T-Centesis Pigtail Drainage Kit,PIG1260K,,identity_unresolved,low,family_or_name_only,no_exact_result,no_result,not_found,not_searched,identity|manufacturer,searched,active_exact_product_action,lot_specific,Z-1273-2022,not_applicable,Identity method: family_or_name_only. UDI assessment: no_exact_result. Manufacturer finding: not_searched. Plausible records could not be tied conservatively to the exact catalog product.,Can the manufacturer confirm the exact U.S. catalog/model identity?,keep_hidden_identity_unresolved,https://api.fda.gov/device/udi.json?search=catalog_number%3A%22PIG1260K%22&limit=100|https://api.fda.gov/device/udi.json?search=version_or_model_number%3A%22PIG1260K%22&limit=100|https://api.fda.gov/device/udi.json?search=identifiers.id%3A%2210885403076114%22&limit=100|https://api.fda.gov/device/enforcement.json?search=product_description%3A%22PIG1260K%22&limit=100|https://api.fda.gov/device/enforcement.json?search=code_info%3A%2210885403076114%22&limit=100|https://api.fda.gov/device/recall.json?search=code_info%3A%2210885403076114%22&limit=100|https://api.fda.gov/device/recall.json?search=product_description%3A%22PIG1260K%22&limit=100,false
PRD-B94F3A417B,Richard Wolf,Surgical Probe,8384.66,,identity_unresolved,low,exact_manufacturer_catalog_number,all_exact_configurations_active,search_incomplete,premarket_exempt,current_non_us,identity|model,searched,no_exact_action_found,unknown,,not_applicable,Identity method: exact_manufacturer_catalog_number. UDI assessment: all_exact_configurations_active. Manufacturer finding: current_non_us. Plausible records could not be tied conservatively to the exact catalog product.,Can the manufacturer confirm the exact U.S. catalog/model identity?|Does the exact current global manufacturer listing apply to the United States despite the ended UDI evidence?,keep_hidden_identity_unresolved,https://www.richard-wolf.com/mam/data/Typo3/Kataloge/Broncho-_Thorako-_Mediastinoskopie/Thorakale_Endoskopie_en.pdf|https://api.fda.gov/device/udi.json?search=catalog_number%3A%228384.66%22&limit=100|https://api.fda.gov/device/udi.json?search=identifiers.id%3A%2204055207009895%22&limit=100|https://api.fda.gov/device/classification.json?search=product_code%3A%22FGM%22&limit=100|https://api.fda.gov/device/registrationlisting.json?search=products.product_code%3A%22FGM%22&limit=100|https://api.fda.gov/device/enforcement.json?search=product_description%3A%228384.66%22&limit=100|https://api.fda.gov/device/enforcement.json?search=code_info%3A%2204055207009895%22&limit=100|https://api.fda.gov/device/recall.json?search=code_info%3A%2204055207009895%22&limit=100|https://api.fda.gov/device/recall.json?search=product_description%3A%228384.66%22&limit=100,false
PRD-B9B63919B0,Richard Wolf,Pressure Equalization Valve,163.904,,identity_unresolved,low,exact_manufacturer_catalog_number,all_exact_configurations_active,search_incomplete,not_found,current_non_us,identity|model,searched,no_exact_action_found,unknown,,not_applicable,Identity method: exact_manufacturer_catalog_number. UDI assessment: all_exact_configurations_active. Manufacturer finding: current_non_us. Plausible records could not be tied conservatively to the exact catalog product.,Can the manufacturer confirm the exact U.S. catalog/model identity?|Does the exact current global manufacturer listing apply to the United States despite the ended UDI evidence?,keep_hidden_identity_unresolved,https://www.richard-wolf.com/mam/data/Typo3/Kataloge/Broncho-_Thorako-_Mediastinoskopie/Thorakale_Endoskopie_en.pdf|https://api.fda.gov/device/udi.json?search=catalog_number%3A%22163.904%22&limit=100|https://api.fda.gov/device/udi.json?search=identifiers.id%3A%2204055207008591%22&limit=100|https://api.fda.gov/device/classification.json?search=product_code%3A%22FAJ%22&limit=100|https://api.fda.gov/device/registrationlisting.json?search=products.product_code%3A%22FAJ%22&limit=100|https://api.fda.gov/device/enforcement.json?search=code_info%3A%2204055207008591%22&limit=100|https://api.fda.gov/device/enforcement.json?search=product_description%3A%22163.904%22&limit=100|https://api.fda.gov/device/recall.json?search=product_description%3A%22163.904%22&limit=100|https://api.fda.gov/device/recall.json?search=code_info%3A%2204055207008591%22&limit=100,false
PRD-BA7CBE6482,Richard Wolf,Trocar Sleeve with Membrane Valve,8905.331,,identity_unresolved,low,exact_manufacturer_catalog_number,all_exact_configurations_ended,family_current_listing,premarket_exempt,current_non_us,identity|model|distribution,searched,no_exact_action_found,unknown,,not_applicable,Identity method: exact_manufacturer_catalog_number. UDI assessment: all_exact_configurations_ended. Manufacturer finding: current_non_us. Plausible records could not be tied conservatively to the exact catalog product.,Can the manufacturer confirm the exact U.S. catalog/model identity?|Does the exact current global manufacturer listing apply to the United States despite the ended UDI evidence?,keep_hidden_identity_unresolved,https://www.richard-wolf.com/mam/data/Typo3/Kataloge/Broncho-_Thorako-_Mediastinoskopie/Thorakale_Endoskopie_en.pdf|https://api.fda.gov/device/udi.json?search=identifiers.id%3A%2204055207021743%22&limit=100|https://api.fda.gov/device/udi.json?search=catalog_number%3A%228905.331%22&limit=100|https://api.fda.gov/device/classification.json?search=product_code%3A%22FBQ%22&limit=100|https://api.fda.gov/device/registrationlisting.json?search=products.product_code%3A%22FBQ%22&limit=100|https://api.fda.gov/device/enforcement.json?search=product_description%3A%228905.331%22&limit=100|https://api.fda.gov/device/enforcement.json?search=code_info%3A%2204055207021743%22&limit=100|https://api.fda.gov/device/recall.json?search=product_description%3A%228905.331%22&limit=100|https://api.fda.gov/device/recall.json?search=code_info%3A%2204055207021743%22&limit=100,false
PRD-BA86F45760,Richard Wolf,PANOVIEW Telescope,8935.441,,identity_unresolved,low,exact_manufacturer_catalog_number,all_exact_configurations_ended,search_incomplete,not_found,current_non_us,identity|model|distribution,searched,no_exact_action_found,unknown,,not_applicable,Identity method: exact_manufacturer_catalog_number. UDI assessment: all_exact_configurations_ended. Manufacturer finding: current_non_us. Plausible records could not be tied conservatively to the exact catalog product.,Can the manufacturer confirm the exact U.S. catalog/model identity?|Does the exact current global manufacturer listing apply to the United States despite the ended UDI evidence?,keep_hidden_identity_unresolved,https://www.richard-wolf.com/mam/data/Typo3/Kataloge/Broncho-_Thorako-_Mediastinoskopie/Thorakale_Endoskopie_en.pdf|https://api.fda.gov/device/udi.json?search=catalog_number%3A%228935.441%22&limit=100|https://api.fda.gov/device/udi.json?search=identifiers.id%3A%2204055207022863%22&limit=100|https://api.fda.gov/device/classification.json?search=product_code%3A%22GCJ%22&limit=100|https://api.fda.gov/device/registrationlisting.json?search=products.product_code%3A%22GCJ%22&limit=100|https://api.fda.gov/device/enforcement.json?search=product_description%3A%228935.441%22&limit=100|https://api.fda.gov/device/enforcement.json?search=code_info%3A%2204055207022863%22&limit=100|https://api.fda.gov/device/recall.json?search=code_info%3A%2204055207022863%22&limit=100|https://api.fda.gov/device/recall.json?search=product_description%3A%228935.441%22&limit=100,false
PRD-BB11C206A4,Karl Storz,"TONN Stent Applicator 14-18 mm, max 10 cm",10520,,identity_unresolved,low,family_or_name_only,no_exact_result,no_result,not_found,no_result,identity|manufacturer,searched,no_exact_action_found,unknown,,not_applicable,Identity method: family_or_name_only. UDI assessment: no_exact_result. Manufacturer finding: no_result. Plausible records could not be tied conservatively to the exact catalog product.,Can the manufacturer confirm the exact U.S. catalog/model identity?,keep_hidden_identity_unresolved,https://www.karlstorz.com/us/en/thoracic-surgery-and-pulmonology.htm|https://api.fda.gov/device/udi.json?search=version_or_model_number%3A%2210520%22&limit=100|https://api.fda.gov/device/udi.json?search=version_or_model_number%3A%2210520%22&limit=100|https://api.fda.gov/device/udi.json?search=version_or_model_number%3A%2210520%22&limit=100|https://api.fda.gov/device/udi.json?search=version_or_model_number%3A%2210520%22&limit=100|https://api.fda.gov/device/udi.json?search=version_or_model_number%3A%2210520%22&limit=100|https://api.fda.gov/device/udi.json?search=version_or_model_number%3A%2210520%22&limit=100|https://api.fda.gov/device/enforcement.json?search=product_description%3A%2210520%22&limit=100|https://api.fda.gov/device/recall.json?search=product_description%3A%2210520%22&limit=100,false
PRD-BCC4474447,Medtronic,Shiley Right Double-Lumen Endobronchial Tube,126039,,identity_unresolved,low,family_or_name_only,no_exact_result,no_result,not_found,not_searched,identity|manufacturer,searched,no_exact_action_found,unknown,,not_applicable,Identity method: family_or_name_only. UDI assessment: no_exact_result. Manufacturer finding: not_searched. Plausible records could not be tied conservatively to the exact catalog product.,Can the manufacturer confirm the exact U.S. catalog/model identity?,keep_hidden_identity_unresolved,https://api.fda.gov/device/udi.json?search=version_or_model_number%3A%22126039%22&limit=100|https://api.fda.gov/device/udi.json?search=version_or_model_number%3A%22126039%22&limit=100|https://api.fda.gov/device/udi.json?search=identifiers.id%3A%2210884522028974%22&limit=100|https://api.fda.gov/device/udi.json?search=version_or_model_number%3A%22126039%22&limit=100|https://api.fda.gov/device/enforcement.json?search=product_description%3A%22126039%22&limit=100|https://api.fda.gov/device/enforcement.json?search=code_info%3A%2210884522028974%22&limit=100|https://api.fda.gov/device/recall.json?search=product_description%3A%22126039%22&limit=100|https://api.fda.gov/device/recall.json?search=code_info%3A%2210884522028974%22&limit=100,false
PRD-BDA5B2EF14,Cook Medical,Thal-Quick Chest Tube Set and Tray,G06786,,identity_unresolved,low,family_or_name_only,no_exact_result,no_result,not_found,family_only_current,identity|manufacturer,searched,no_exact_action_found,unknown,,not_applicable,Identity method: family_or_name_only. UDI assessment: no_exact_result. Manufacturer finding: family_only_current. Plausible records could not be tied conservatively to the exact catalog product.,Can the manufacturer confirm the exact U.S. catalog/model identity?,keep_hidden_identity_unresolved,https://www.cookmedical.com/products/cc_utpt_webds/|https://api.fda.gov/device/udi.json?search=identifiers.id%3A%2200827002067868%22&limit=100|https://api.fda.gov/device/udi.json?search=version_or_model_number%3A%22G06786%22&limit=100|https://api.fda.gov/device/enforcement.json?search=product_description%3A%22G06786%22&limit=100|https://api.fda.gov/device/enforcement.json?search=code_info%3A%2200827002067868%22&limit=100|https://api.fda.gov/device/recall.json?search=product_description%3A%22G06786%22&limit=100|https://api.fda.gov/device/recall.json?search=code_info%3A%2200827002067868%22&limit=100,false
PRD-BEE0D63766,Merit Medical,"TAPS Set – 6 Fr × 12 cm, pigtail",TAPS-6F-12PLT,,identity_unresolved,low,exact_manufacturer_catalog_number,all_exact_configurations_active,search_incomplete,premarket_exempt,not_searched,identity|model,searched,active_exact_product_action,lot_specific,Z-2576-2024,not_applicable,Identity method: exact_manufacturer_catalog_number. UDI assessment: all_exact_configurations_active. Manufacturer finding: not_searched. Plausible records could not be tied conservatively to the exact catalog product.,Can the manufacturer confirm the exact U.S. catalog/model identity?,keep_hidden_identity_unresolved,https://api.fda.gov/device/udi.json?search=catalog_number%3A%22TAPS-6F-12PLT%22&limit=100|https://api.fda.gov/device/udi.json?search=identifiers.id%3A%2200884450277799%22&limit=100|https://api.fda.gov/device/classification.json?search=product_code%3A%22GBX%22&limit=100|https://api.fda.gov/device/enforcement.json?search=product_description%3A%22TAPS-6F-12PLT%22&limit=100|https://api.fda.gov/device/enforcement.json?search=code_info%3A%2200884450277799%22&limit=100|https://api.fda.gov/device/enforcement.json?search=code_info%3A%2210884450277796%22&limit=100|https://api.fda.gov/device/recall.json?search=code_info%3A%2210884450277796%22&limit=100|https://api.fda.gov/device/recall.json?search=product_description%3A%22TAPS-6F-12PLT%22&limit=100|https://api.fda.gov/device/recall.json?search=code_info%3A%2200884450277799%22&limit=100,false
PRD-BF8CA98FF8,FUJIFILM SonoSite,SonoSite C5-1 Transducer,C5-1,,identity_unresolved,low,family_or_name_only,no_exact_result,no_result,not_found,not_searched,identity|manufacturer,not_searched,unknown,unknown,,not_applicable,Identity method: family_or_name_only. UDI assessment: no_exact_result. Manufacturer finding: not_searched. Plausible records could not be tied conservatively to the exact catalog product.,Can the manufacturer confirm the exact U.S. catalog/model identity?,keep_hidden_identity_unresolved,https://www.sonosite.com/sites/default/files/Sonosite_LX_product_brochure_MKT03597_US_rev_C.pdf|https://www.sonosite.com/products/sonosite-px|https://api.fda.gov/device/udi.json?search=version_or_model_number%3A%22C5-1%22&limit=100,false
PRD-C01DCF9726,Richard Wolf,Biopsy Forceps,8281.33,,identity_unresolved,low,exact_manufacturer_catalog_number,all_exact_configurations_ended,search_incomplete,premarket_exempt,current_non_us,identity|model|distribution,searched,no_exact_action_found,unknown,,not_applicable,Identity method: exact_manufacturer_catalog_number. UDI assessment: all_exact_configurations_ended. Manufacturer finding: current_non_us. Plausible records could not be tied conservatively to the exact catalog product.,Can the manufacturer confirm the exact U.S. catalog/model identity?|Does the exact current global manufacturer listing apply to the United States despite the ended UDI evidence?,keep_hidden_identity_unresolved,https://www.richard-wolf.com/mam/data/Typo3/Kataloge/Broncho-_Thorako-_Mediastinoskopie/Thorakale_Endoskopie_en.pdf|https://api.fda.gov/device/udi.json?search=catalog_number%3A%228281.33%22&limit=100|https://api.fda.gov/device/udi.json?search=identifiers.id%3A%2204055207039403%22&limit=100|https://api.fda.gov/device/classification.json?search=product_code%3A%22FCL%22&limit=100|https://api.fda.gov/device/classification.json?search=product_code%3A%22GEN%22&limit=100|https://api.fda.gov/device/registrationlisting.json?search=products.product_code%3A%22FCL%22&limit=100|https://api.fda.gov/device/enforcement.json?search=code_info%3A%2204055207039403%22&limit=100|https://api.fda.gov/device/enforcement.json?search=product_description%3A%228281.33%22&limit=100|https://api.fda.gov/device/recall.json?search=product_description%3A%228281.33%22&limit=100|https://api.fda.gov/device/recall.json?search=code_info%3A%2204055207039403%22&limit=100,false
PRD-C0FA666A98,Cook Medical,Fuhrman Pleural Drainage Set – 8.5 Fr,G55723,,identity_unresolved,low,family_or_name_only,no_exact_result,no_result,not_found,not_searched,identity|manufacturer,searched,no_exact_action_found,unknown,,not_applicable,Identity method: family_or_name_only. UDI assessment: no_exact_result. Manufacturer finding: not_searched. Plausible records could not be tied conservatively to the exact catalog product.,Can the manufacturer confirm the exact U.S. catalog/model identity?,keep_hidden_identity_unresolved,https://api.fda.gov/device/udi.json?search=identifiers.id%3A%2200827002557239%22&limit=100|https://api.fda.gov/device/udi.json?search=version_or_model_number%3A%22G55723%22&limit=100|https://api.fda.gov/device/enforcement.json?search=product_description%3A%22G55723%22&limit=100|https://api.fda.gov/device/enforcement.json?search=code_info%3A%2200827002557239%22&limit=100|https://api.fda.gov/device/recall.json?search=product_description%3A%22G55723%22&limit=100|https://api.fda.gov/device/recall.json?search=code_info%3A%2200827002557239%22&limit=100,false
PRD-C1F90B7445,Richard Wolf,Trocar Sleeve with Membrane Valve,8919.331,,identity_unresolved,low,exact_manufacturer_catalog_number,all_exact_configurations_active,family_current_listing,premarket_exempt,current_non_us,identity|model,searched,no_exact_action_found,unknown,,not_applicable,Identity method: exact_manufacturer_catalog_number. UDI assessment: all_exact_configurations_active. Manufacturer finding: current_non_us. Plausible records could not be tied conservatively to the exact catalog product.,Can the manufacturer confirm the exact U.S. catalog/model identity?|Does the exact current global manufacturer listing apply to the United States despite the ended UDI evidence?,keep_hidden_identity_unresolved,https://www.richard-wolf.com/mam/data/Typo3/Kataloge/Broncho-_Thorako-_Mediastinoskopie/Thorakale_Endoskopie_en.pdf|https://api.fda.gov/device/udi.json?search=catalog_number%3A%228919.331%22&limit=100|https://api.fda.gov/device/udi.json?search=identifiers.id%3A%2204055207021989%22&limit=100|https://api.fda.gov/device/classification.json?search=product_code%3A%22FBQ%22&limit=100|https://api.fda.gov/device/registrationlisting.json?search=products.product_code%3A%22FBQ%22&limit=100|https://api.fda.gov/device/enforcement.json?search=product_description%3A%228919.331%22&limit=100|https://api.fda.gov/device/enforcement.json?search=code_info%3A%2204055207021989%22&limit=100|https://api.fda.gov/device/recall.json?search=code_info%3A%2204055207021989%22&limit=100|https://api.fda.gov/device/recall.json?search=product_description%3A%228919.331%22&limit=100,false
PRD-C2C49B88CC,BD,Safe-T-Centesis PLUS Tray,PIG1280TSP,,identity_unresolved,low,family_or_name_only,no_exact_result,no_result,not_found,not_searched,identity|manufacturer,searched,no_exact_action_found,unknown,,not_applicable,Identity method: family_or_name_only. UDI assessment: no_exact_result. Manufacturer finding: not_searched. Plausible records could not be tied conservatively to the exact catalog product.,Can the manufacturer confirm the exact U.S. catalog/model identity?,keep_hidden_identity_unresolved,https://api.fda.gov/device/udi.json?search=catalog_number%3A%22PIG1280TSP%22&limit=100|https://api.fda.gov/device/udi.json?search=identifiers.id%3A%2210885403108426%22&limit=100|https://api.fda.gov/device/udi.json?search=version_or_model_number%3A%22PIG1280TSP%22&limit=100|https://api.fda.gov/device/enforcement.json?search=code_info%3A%2210885403108426%22&limit=100|https://api.fda.gov/device/enforcement.json?search=product_description%3A%22PIG1280TSP%22&limit=100|https://api.fda.gov/device/recall.json?search=code_info%3A%2210885403108426%22&limit=100|https://api.fda.gov/device/recall.json?search=product_description%3A%22PIG1280TSP%22&limit=100,false
PRD-C32CFEC594,Richard Wolf,PANOVIEW Telescope,8464.30,,identity_unresolved,low,exact_manufacturer_catalog_number,all_exact_configurations_active,family_current_listing,not_found,current_non_us,identity|model,searched,no_exact_action_found,unknown,,not_applicable,Identity method: exact_manufacturer_catalog_number. UDI assessment: all_exact_configurations_active. Manufacturer finding: current_non_us. Plausible records could not be tied conservatively to the exact catalog product.,Can the manufacturer confirm the exact U.S. catalog/model identity?|Does the exact current global manufacturer listing apply to the United States despite the ended UDI evidence?,keep_hidden_identity_unresolved,https://www.richard-wolf.com/mam/data/Typo3/Kataloge/Broncho-_Thorako-_Mediastinoskopie/Thorakale_Endoskopie_en.pdf|https://api.fda.gov/device/udi.json?search=identifiers.id%3A%2204055207010372%22&limit=100|https://api.fda.gov/device/udi.json?search=catalog_number%3A%228464.30%22&limit=100|https://api.fda.gov/device/classification.json?search=product_code%3A%22GCM%22&limit=100|https://api.fda.gov/device/registrationlisting.json?search=products.product_code%3A%22GCM%22&limit=100|https://api.fda.gov/device/enforcement.json?search=code_info%3A%2204055207010372%22&limit=100|https://api.fda.gov/device/enforcement.json?search=product_description%3A%228464.30%22&limit=100|https://api.fda.gov/device/recall.json?search=product_description%3A%228464.30%22&limit=100|https://api.fda.gov/device/recall.json?search=code_info%3A%2204055207010372%22&limit=100,false
PRD-C41140BA51,Cook Medical,Arndt Endobronchial Blocker Set,G44114,,identity_unresolved,low,family_or_name_only,no_exact_result,no_result,not_found,current_exact_official_us_product,identity|manufacturer,searched,no_exact_action_found,unknown,,not_applicable,Identity method: family_or_name_only. UDI assessment: no_exact_result. Manufacturer finding: current_exact_official_us_product. Plausible records could not be tied conservatively to the exact catalog product.,Can the manufacturer confirm the exact U.S. catalog/model identity?,keep_hidden_identity_unresolved,https://www.cookmedical.com/products/cc_aebs_webds/|https://api.fda.gov/device/udi.json?search=identifiers.id%3A%2200827002441149%22&limit=100|https://api.fda.gov/device/udi.json?search=version_or_model_number%3A%22G44114%22&limit=100|https://api.fda.gov/device/enforcement.json?search=product_description%3A%22C-AEBS-7.0-65-SPH-AS%22&limit=100|https://api.fda.gov/device/enforcement.json?search=code_info%3A%2200827002441149%22&limit=100|https://api.fda.gov/device/enforcement.json?search=product_description%3A%22G44114%22&limit=100|https://api.fda.gov/device/recall.json?search=product_description%3A%22C-AEBS-7.0-65-SPH-AS%22&limit=100|https://api.fda.gov/device/recall.json?search=product_description%3A%22G44114%22&limit=100|https://api.fda.gov/device/recall.json?search=code_info%3A%2200827002441149%22&limit=100,false
PRD-C4C8CC5CF5,Cook Medical,Blue Rhino G2-Multi Percutaneous Tracheostomy Tray,G57706,,identity_unresolved,low,family_or_name_only,no_exact_result,no_result,not_found,not_searched,identity|manufacturer,searched,active_exact_product_action,lot_specific,Z-1780-2026,not_applicable,Identity method: family_or_name_only. UDI assessment: no_exact_result. Manufacturer finding: not_searched. Plausible records could not be tied conservatively to the exact catalog product.,Can the manufacturer confirm the exact U.S. catalog/model identity?,keep_hidden_identity_unresolved,https://api.fda.gov/device/udi.json?search=version_or_model_number%3A%22G57706%22&limit=100|https://api.fda.gov/device/udi.json?search=identifiers.id%3A%2200827002577060%22&limit=100|https://api.fda.gov/device/enforcement.json?search=product_description%3A%22G57706%22&limit=100|https://api.fda.gov/device/enforcement.json?search=code_info%3A%2200827002577060%22&limit=100|https://api.fda.gov/device/recall.json?search=code_info%3A%2200827002577060%22&limit=100|https://api.fda.gov/device/recall.json?search=product_description%3A%22G57706%22&limit=100,false
PRD-C717487CFD,Richard Wolf,Rotation Forceps for Hard Foreign Bodies,8280.46,,identity_unresolved,low,exact_manufacturer_catalog_number,all_exact_configurations_ended,search_incomplete,premarket_exempt,current_non_us,identity|model|distribution,searched,no_exact_action_found,unknown,,not_applicable,Identity method: exact_manufacturer_catalog_number. UDI assessment: all_exact_configurations_ended. Manufacturer finding: current_non_us. Plausible records could not be tied conservatively to the exact catalog product.,Can the manufacturer confirm the exact U.S. catalog/model identity?|Does the exact current global manufacturer listing apply to the United States despite the ended UDI evidence?,keep_hidden_identity_unresolved,https://www.richard-wolf.com/mam/data/Typo3/Kataloge/Broncho-_Thorako-_Mediastinoskopie/Thorakale_Endoskopie_en.pdf|https://api.fda.gov/device/udi.json?search=identifiers.id%3A%2204055207039335%22&limit=100|https://api.fda.gov/device/udi.json?search=catalog_number%3A%228280.46%22&limit=100|https://api.fda.gov/device/classification.json?search=product_code%3A%22KAE%22&limit=100|https://api.fda.gov/device/enforcement.json?search=code_info%3A%2204055207039335%22&limit=100|https://api.fda.gov/device/enforcement.json?search=product_description%3A%228280.46%22&limit=100|https://api.fda.gov/device/recall.json?search=code_info%3A%2204055207039335%22&limit=100|https://api.fda.gov/device/recall.json?search=product_description%3A%228280.46%22&limit=100,false
PRD-C7EB76131F,TRACOE,TRACOE experc Packaged Set with Tube,330,,identity_unresolved,low,family_or_name_only,exact_configuration_inventory_incomplete,no_result,not_found,not_searched,identity|manufacturer,not_searched,unknown,unknown,,not_applicable,Identity method: family_or_name_only. UDI assessment: exact_configuration_inventory_incomplete. Manufacturer finding: not_searched. Plausible records could not be tied conservatively to the exact catalog product.,Can the manufacturer confirm the exact U.S. catalog/model identity?,keep_hidden_identity_unresolved,https://api.fda.gov/device/udi.json?search=version_or_model_number%3A%22330%22&limit=100&skip=900|https://api.fda.gov/device/udi.json?search=catalog_number%3A%22330%22&limit=100&skip=400|https://api.fda.gov/device/udi.json?search=catalog_number%3A%22330%22&limit=100&skip=700|https://api.fda.gov/device/udi.json?search=catalog_number%3A%22330%22&limit=100&skip=500|https://api.fda.gov/device/udi.json?search=version_or_model_number%3A%22330%22&limit=100&skip=900|https://api.fda.gov/device/udi.json?search=catalog_number%3A%22330%22&limit=100&skip=400|https://api.fda.gov/device/udi.json?search=version_or_model_number%3A%22330%22&limit=100&skip=500|https://api.fda.gov/device/udi.json?search=version_or_model_number%3A%22330%22&limit=100&skip=200|https://api.fda.gov/device/udi.json?search=catalog_number%3A%22330%22&limit=100&skip=800|https://api.fda.gov/device/udi.json?search=catalog_number%3A%22330%22&limit=100&skip=800,false
PRD-CB102A8291,Richard Wolf,Automatic Leak Test Adapter,163.905,,identity_unresolved,low,exact_manufacturer_catalog_number,all_exact_configurations_active,search_incomplete,not_found,current_non_us,identity|model,searched,no_exact_action_found,unknown,,not_applicable,Identity method: exact_manufacturer_catalog_number. UDI assessment: all_exact_configurations_active. Manufacturer finding: current_non_us. Plausible records could not be tied conservatively to the exact catalog product.,Can the manufacturer confirm the exact U.S. catalog/model identity?|Does the exact current global manufacturer listing apply to the United States despite the ended UDI evidence?,keep_hidden_identity_unresolved,https://www.richard-wolf.com/mam/data/Typo3/Kataloge/Broncho-_Thorako-_Mediastinoskopie/Thorakale_Endoskopie_en.pdf|https://api.fda.gov/device/udi.json?search=catalog_number%3A%22163.905%22&limit=100|https://api.fda.gov/device/udi.json?search=identifiers.id%3A%2204055207008607%22&limit=100|https://api.fda.gov/device/classification.json?search=product_code%3A%22FAJ%22&limit=100|https://api.fda.gov/device/classification.json?search=product_code%3A%22FBN%22&limit=100|https://api.fda.gov/device/registrationlisting.json?search=products.product_code%3A%22FAJ%22&limit=100|https://api.fda.gov/device/registrationlisting.json?search=products.product_code%3A%22FBN%22&limit=100|https://api.fda.gov/device/enforcement.json?search=code_info%3A%2204055207008607%22&limit=100|https://api.fda.gov/device/enforcement.json?search=product_description%3A%22163.905%22&limit=100|https://api.fda.gov/device/recall.json?search=product_description%3A%22163.905%22&limit=100|https://api.fda.gov/device/recall.json?search=code_info%3A%2204055207008607%22&limit=100,false
PRD-CC913540D8,Intuitive Surgical,Ion Peripheral Vision Probe,490106,,identity_unresolved,low,exact_manufacturer_model_number,all_exact_configurations_active,search_incomplete,not_found,family_only_current,identity|manufacturer,searched,no_exact_action_found,unknown,,not_applicable,Identity method: exact_manufacturer_model_number. UDI assessment: all_exact_configurations_active. Manufacturer finding: family_only_current. Plausible records could not be tied conservatively to the exact catalog product.,Can the manufacturer confirm the exact U.S. catalog/model identity?,keep_hidden_identity_unresolved,https://www.intuitive.com/en-us/-/media/ISI/Intuitive/Pdf/intuitive-ion-system-brochure-1051118.pdf|https://www.intuitive.com/en-us/products-and-services/ion|https://api.fda.gov/device/udi.json?search=identifiers.id%3A%2200886874116128%22&limit=100|https://api.fda.gov/device/udi.json?search=version_or_model_number%3A%22490106%22&limit=100|https://api.fda.gov/device/udi.json?search=catalog_number%3A%22490106%22&limit=100|https://api.fda.gov/device/udi.json?search=version_or_model_number%3A%22490106%22&limit=100|https://api.fda.gov/device/classification.json?search=product_code%3A%22EOQ%22&limit=100|https://api.fda.gov/device/registrationlisting.json?search=products.product_code%3A%22EOQ%22&limit=100|https://api.fda.gov/device/enforcement.json?search=code_info%3A%2200886874116128%22&limit=100|https://api.fda.gov/device/enforcement.json?search=code_info%3A%2210886874116125%22&limit=100|https://api.fda.gov/device/enforcement.json?search=product_description%3A%22490106%22&limit=100|https://api.fda.gov/device/recall.json?search=code_info%3A%2210886874116125%22&limit=100|https://api.fda.gov/device/recall.json?search=product_description%3A%22490106%22&limit=100|https://api.fda.gov/device/recall.json?search=code_info%3A%2200886874116128%22&limit=100,false
PRD-CE081B3A72,Richard Wolf,"Universal Forceps, Serrated",8280.42,,identity_unresolved,low,exact_manufacturer_catalog_number,all_exact_configurations_ended,search_incomplete,premarket_exempt,current_non_us,identity|model|distribution,searched,no_exact_action_found,unknown,,not_applicable,Identity method: exact_manufacturer_catalog_number. UDI assessment: all_exact_configurations_ended. Manufacturer finding: current_non_us. Plausible records could not be tied conservatively to the exact catalog product.,Can the manufacturer confirm the exact U.S. catalog/model identity?|Does the exact current global manufacturer listing apply to the United States despite the ended UDI evidence?,keep_hidden_identity_unresolved,https://www.richard-wolf.com/mam/data/Typo3/Kataloge/Broncho-_Thorako-_Mediastinoskopie/Thorakale_Endoskopie_en.pdf|https://api.fda.gov/device/udi.json?search=catalog_number%3A%228280.42%22&limit=100|https://api.fda.gov/device/udi.json?search=identifiers.id%3A%2204055207039298%22&limit=100|https://api.fda.gov/device/classification.json?search=product_code%3A%22FCL%22&limit=100|https://api.fda.gov/device/classification.json?search=product_code%3A%22GEN%22&limit=100|https://api.fda.gov/device/registrationlisting.json?search=products.product_code%3A%22FCL%22&limit=100|https://api.fda.gov/device/enforcement.json?search=product_description%3A%228280.42%22&limit=100|https://api.fda.gov/device/enforcement.json?search=code_info%3A%2204055207039298%22&limit=100|https://api.fda.gov/device/recall.json?search=code_info%3A%2204055207039298%22&limit=100|https://api.fda.gov/device/recall.json?search=product_description%3A%228280.42%22&limit=100,false
PRD-D1DCE936D2,Novatech,STERITALC PF3 Poudrage Kit 3 g,16863,,identity_unresolved,low,family_or_name_only,no_exact_result,no_result,not_found,current_exact_official_us_product,identity|manufacturer,searched,no_exact_action_found,unknown,,not_applicable,Identity method: family_or_name_only. UDI assessment: no_exact_result. Manufacturer finding: current_exact_official_us_product. Plausible records could not be tied conservatively to the exact catalog product.,Can the manufacturer confirm the exact U.S. catalog/model identity?,keep_hidden_identity_unresolved,https://novatech.fr/en/steritalc/steritalc|https://api.fda.gov/device/udi.json?search=version_or_model_number%3A%2216863%22&limit=100|https://api.fda.gov/device/udi.json?search=catalog_number%3A%2216863%22&limit=100|https://api.fda.gov/device/udi.json?search=catalog_number%3A%2216863%22&limit=100|https://api.fda.gov/device/udi.json?search=version_or_model_number%3A%2216863%22&limit=100|https://api.fda.gov/device/enforcement.json?search=product_description%3A%2216863%22&limit=100|https://api.fda.gov/device/recall.json?search=product_description%3A%2216863%22&limit=100,false
PRD-D2F1921685,Richard Wolf,RIWO-ART Straight Trocar Sleeve,8923.014,,identity_unresolved,low,exact_manufacturer_catalog_number,all_exact_configurations_active,family_current_listing,premarket_exempt,current_non_us,identity|model,searched,no_exact_action_found,unknown,,not_applicable,Identity method: exact_manufacturer_catalog_number. UDI assessment: all_exact_configurations_active. Manufacturer finding: current_non_us. Plausible records could not be tied conservatively to the exact catalog product.,Can the manufacturer confirm the exact U.S. catalog/model identity?|Does the exact current global manufacturer listing apply to the United States despite the ended UDI evidence?,keep_hidden_identity_unresolved,https://www.richard-wolf.com/mam/data/Typo3/Kataloge/Broncho-_Thorako-_Mediastinoskopie/Thorakale_Endoskopie_en.pdf|https://api.fda.gov/device/udi.json?search=catalog_number%3A%228923.014%22&limit=100|https://api.fda.gov/device/udi.json?search=identifiers.id%3A%2204055207022337%22&limit=100|https://api.fda.gov/device/classification.json?search=product_code%3A%22FBQ%22&limit=100|https://api.fda.gov/device/registrationlisting.json?search=products.product_code%3A%22FBQ%22&limit=100|https://api.fda.gov/device/enforcement.json?search=code_info%3A%2204055207022337%22&limit=100|https://api.fda.gov/device/enforcement.json?search=product_description%3A%228923.014%22&limit=100|https://api.fda.gov/device/recall.json?search=product_description%3A%228923.014%22&limit=100|https://api.fda.gov/device/recall.json?search=code_info%3A%2204055207022337%22&limit=100,false
PRD-D736275364,Richard Wolf,PANOVIEW Telescope,8465.30,,identity_unresolved,low,exact_manufacturer_catalog_number,all_exact_configurations_active,family_current_listing,not_found,current_non_us,identity|model,searched,no_exact_action_found,unknown,,not_applicable,Identity method: exact_manufacturer_catalog_number. UDI assessment: all_exact_configurations_active. Manufacturer finding: current_non_us. Plausible records could not be tied conservatively to the exact catalog product.,Can the manufacturer confirm the exact U.S. catalog/model identity?|Does the exact current global manufacturer listing apply to the United States despite the ended UDI evidence?,keep_hidden_identity_unresolved,https://www.richard-wolf.com/mam/data/Typo3/Kataloge/Broncho-_Thorako-_Mediastinoskopie/Thorakale_Endoskopie_en.pdf|https://api.fda.gov/device/udi.json?search=catalog_number%3A%228465.30%22&limit=100|https://api.fda.gov/device/udi.json?search=identifiers.id%3A%2204055207010402%22&limit=100|https://api.fda.gov/device/classification.json?search=product_code%3A%22GCM%22&limit=100|https://api.fda.gov/device/registrationlisting.json?search=products.product_code%3A%22GCM%22&limit=100|https://api.fda.gov/device/enforcement.json?search=code_info%3A%2204055207010402%22&limit=100|https://api.fda.gov/device/enforcement.json?search=product_description%3A%228465.30%22&limit=100|https://api.fda.gov/device/recall.json?search=product_description%3A%228465.30%22&limit=100|https://api.fda.gov/device/recall.json?search=code_info%3A%2204055207010402%22&limit=100,false
PRD-D77666DBD4,BD,Safe-T-Centesis Pigtail Drainage Kit,PIG1280K,,identity_unresolved,low,family_or_name_only,no_exact_result,no_result,not_found,not_searched,identity|manufacturer,searched,no_exact_action_found,unknown,,not_applicable,Identity method: family_or_name_only. UDI assessment: no_exact_result. Manufacturer finding: not_searched. Plausible records could not be tied conservatively to the exact catalog product.,Can the manufacturer confirm the exact U.S. catalog/model identity?,keep_hidden_identity_unresolved,https://api.fda.gov/device/udi.json?search=catalog_number%3A%22PIG1280K%22&limit=100|https://api.fda.gov/device/udi.json?search=version_or_model_number%3A%22PIG1280K%22&limit=100|https://api.fda.gov/device/udi.json?search=identifiers.id%3A%2210885403076107%22&limit=100|https://api.fda.gov/device/enforcement.json?search=product_description%3A%22PIG1280K%22&limit=100|https://api.fda.gov/device/enforcement.json?search=code_info%3A%2210885403076107%22&limit=100|https://api.fda.gov/device/recall.json?search=product_description%3A%22PIG1280K%22&limit=100|https://api.fda.gov/device/recall.json?search=code_info%3A%2210885403076107%22&limit=100,false
PRD-D99A37C035,Richard Wolf,PANOVIEW PLUS Telescope,8934.4434,,identity_unresolved,low,exact_manufacturer_catalog_number,all_exact_configurations_ended,search_incomplete,not_found,current_non_us,identity|model|distribution,searched,no_exact_action_found,unknown,,not_applicable,Identity method: exact_manufacturer_catalog_number. UDI assessment: all_exact_configurations_ended. Manufacturer finding: current_non_us. Plausible records could not be tied conservatively to the exact catalog product.,Can the manufacturer confirm the exact U.S. catalog/model identity?|Does the exact current global manufacturer listing apply to the United States despite the ended UDI evidence?,keep_hidden_identity_unresolved,https://www.richard-wolf.com/mam/data/Typo3/Kataloge/Broncho-_Thorako-_Mediastinoskopie/Thorakale_Endoskopie_en.pdf|https://api.fda.gov/device/udi.json?search=catalog_number%3A%228934.4434%22&limit=100|https://api.fda.gov/device/udi.json?search=identifiers.id%3A%2204055207028803%22&limit=100|https://api.fda.gov/device/classification.json?search=product_code%3A%22GCJ%22&limit=100|https://api.fda.gov/device/registrationlisting.json?search=products.product_code%3A%22GCJ%22&limit=100|https://api.fda.gov/device/enforcement.json?search=code_info%3A%2204055207028803%22&limit=100|https://api.fda.gov/device/enforcement.json?search=product_description%3A%228934.4434%22&limit=100|https://api.fda.gov/device/recall.json?search=code_info%3A%2204055207028803%22&limit=100|https://api.fda.gov/device/recall.json?search=product_description%3A%228934.4434%22&limit=100,false
PRD-DADAA6184C,Karl Storz,"TONN Stent Applicator 9-12 mm, max 6 cm",10550,,identity_unresolved,low,family_or_name_only,no_exact_result,no_result,not_found,no_result,identity|manufacturer,searched,no_exact_action_found,unknown,,not_applicable,Identity method: family_or_name_only. UDI assessment: no_exact_result. Manufacturer finding: no_result. Plausible records could not be tied conservatively to the exact catalog product.,Can the manufacturer confirm the exact U.S. catalog/model identity?,keep_hidden_identity_unresolved,https://www.karlstorz.com/us/en/thoracic-surgery-and-pulmonology.htm|https://api.fda.gov/device/udi.json?search=version_or_model_number%3A%2210550%22&limit=100|https://api.fda.gov/device/udi.json?search=version_or_model_number%3A%2210550%22&limit=100|https://api.fda.gov/device/udi.json?search=version_or_model_number%3A%2210550%22&limit=100|https://api.fda.gov/device/enforcement.json?search=product_description%3A%2210550%22&limit=100|https://api.fda.gov/device/recall.json?search=product_description%3A%2210550%22&limit=100,false
PRD-DC7D6310BB,ERBE,"APCapplicator, Malleable, 160 mm, 1 Button",20132-257,,identity_unresolved,low,exact_manufacturer_catalog_number,all_exact_configurations_active,exact_current_listing,exact_510k_clearance,not_searched,identity|model,searched,no_exact_action_found,unknown,,not_applicable,Identity method: exact_manufacturer_catalog_number. UDI assessment: all_exact_configurations_active. Manufacturer finding: not_searched. Plausible records could not be tied conservatively to the exact catalog product.,Can the manufacturer confirm the exact U.S. catalog/model identity?,keep_hidden_identity_unresolved,https://us.erbe-med.com/fileadmin/user_upload/documents/PDF/Catalogs/complete_Catalogs/85100-100_EN_Product-catalog.pdf|https://api.fda.gov/device/udi.json?search=catalog_number%3A%2220132-257%22&limit=100|https://api.fda.gov/device/udi.json?search=version_or_model_number%3A%2220132-257%22&limit=100|https://api.fda.gov/device/udi.json?search=catalog_number%3A%2220132-257%22&limit=100|https://api.fda.gov/device/udi.json?search=identifiers.id%3A%2204050147023918%22&limit=100|https://api.fda.gov/device/510k.json?search=k_number%3A%22K183445%22&limit=100|https://api.fda.gov/device/510k.json?search=k_number%3A%22K243451%22&limit=100|https://api.fda.gov/device/classification.json?search=product_code%3A%22GEI%22&limit=100|https://api.fda.gov/device/registrationlisting.json?search=k_number%3A%22K183445%22&limit=100|https://api.fda.gov/device/registrationlisting.json?search=k_number%3A%22K243451%22&limit=100|https://api.fda.gov/device/enforcement.json?search=code_info%3A%2204050147023925%22&limit=100|https://api.fda.gov/device/enforcement.json?search=product_description%3A%2220132-257%22&limit=100|https://api.fda.gov/device/enforcement.json?search=code_info%3A%2204050147023918%22&limit=100|https://api.fda.gov/device/enforcement.json?search=code_info%3A%2204050147024533%22&limit=100|https://api.fda.gov/device/enforcement.json?search=code_info%3A%2204050147023932%22&limit=100|https://api.fda.gov/device/enforcement.json?search=code_info%3A%2204050147024540%22&limit=100|https://api.fda.gov/device/recall.json?search=code_info%3A%2204050147023925%22&limit=100|https://api.fda.gov/device/recall.json?search=code_info%3A%2204050147024533%22&limit=100|https://api.fda.gov/device/recall.json?search=k_numbers%3A%22K183445%22&limit=100|https://api.fda.gov/device/recall.json?search=code_info%3A%2204050147024540%22&limit=100|https://api.fda.gov/device/recall.json?search=product_description%3A%2220132-257%22&limit=100|https://api.fda.gov/device/recall.json?search=code_info%3A%2204050147023918%22&limit=100|https://api.fda.gov/device/recall.json?search=k_numbers%3A%22K243451%22&limit=100|https://api.fda.gov/device/recall.json?search=code_info%3A%2204050147023932%22&limit=100,false
PRD-DF989CBDCB,Karl Storz,Straight Aspiration Biopsy Needle 1.6 mm x 47 cm,10436,,identity_unresolved,low,exact_manufacturer_model_number,all_exact_configurations_active,family_current_listing,not_found,no_result,identity|manufacturer,searched,no_exact_action_found,unknown,,not_applicable,Identity method: exact_manufacturer_model_number. UDI assessment: all_exact_configurations_active. Manufacturer finding: no_result. Plausible records could not be tied conservatively to the exact catalog product.,Can the manufacturer confirm the exact U.S. catalog/model identity?,keep_hidden_identity_unresolved,https://www.karlstorz.com/us/en/thoracic-surgery-and-pulmonology.htm|https://api.fda.gov/device/udi.json?search=version_or_model_number%3A%2210436%22&limit=100|https://api.fda.gov/device/udi.json?search=version_or_model_number%3A%2210436%22&limit=100|https://api.fda.gov/device/udi.json?search=version_or_model_number%3A%2210436%22&limit=100|https://api.fda.gov/device/udi.json?search=catalog_number%3A%2210436%22&limit=100|https://api.fda.gov/device/udi.json?search=version_or_model_number%3A%2210436%22&limit=100|https://api.fda.gov/device/udi.json?search=identifiers.id%3A%2204048551048641%22&limit=100|https://api.fda.gov/device/udi.json?search=version_or_model_number%3A%2210436%22&limit=100|https://api.fda.gov/device/classification.json?search=product_code%3A%22EOX%22&limit=100|https://api.fda.gov/device/registrationlisting.json?search=products.product_code%3A%22EOX%22&limit=100|https://api.fda.gov/device/enforcement.json?search=product_description%3A%2210436%22&limit=100|https://api.fda.gov/device/enforcement.json?search=code_info%3A%2204048551048641%22&limit=100|https://api.fda.gov/device/recall.json?search=product_description%3A%2210436%22&limit=100|https://api.fda.gov/device/recall.json?search=code_info%3A%2204048551048641%22&limit=100,false
PRD-DFDC63935D,Richard Wolf,Cotton Applicator,8296.51,,identity_unresolved,low,exact_manufacturer_catalog_number,all_exact_configurations_active,search_incomplete,premarket_exempt,current_non_us,identity|model,searched,no_exact_action_found,unknown,,not_applicable,Identity method: exact_manufacturer_catalog_number. UDI assessment: all_exact_configurations_active. Manufacturer finding: current_non_us. Plausible records could not be tied conservatively to the exact catalog product.,Can the manufacturer confirm the exact U.S. catalog/model identity?|Does the exact current global manufacturer listing apply to the United States despite the ended UDI evidence?,keep_hidden_identity_unresolved,https://www.richard-wolf.com/mam/data/Typo3/Kataloge/Broncho-_Thorako-_Mediastinoskopie/Thorakale_Endoskopie_en.pdf|https://api.fda.gov/device/udi.json?search=identifiers.id%3A%2204055207009734%22&limit=100|https://api.fda.gov/device/udi.json?search=catalog_number%3A%228296.51%22&limit=100|https://api.fda.gov/device/classification.json?search=product_code%3A%22KCJ%22&limit=100|https://api.fda.gov/device/registrationlisting.json?search=products.product_code%3A%22KCJ%22&limit=100|https://api.fda.gov/device/enforcement.json?search=product_description%3A%228296.51%22&limit=100|https://api.fda.gov/device/enforcement.json?search=code_info%3A%2204055207009734%22&limit=100|https://api.fda.gov/device/recall.json?search=code_info%3A%2204055207009734%22&limit=100|https://api.fda.gov/device/recall.json?search=product_description%3A%228296.51%22&limit=100,false
PRD-DFFE75EB48,Richard Wolf,Flexible Trocar Sleeve,8906.011,,identity_unresolved,low,exact_manufacturer_catalog_number,all_exact_configurations_active,family_current_listing,premarket_exempt,current_non_us,identity|model,searched,no_exact_action_found,unknown,,not_applicable,Identity method: exact_manufacturer_catalog_number. UDI assessment: all_exact_configurations_active. Manufacturer finding: current_non_us. Plausible records could not be tied conservatively to the exact catalog product.,Can the manufacturer confirm the exact U.S. catalog/model identity?|Does the exact current global manufacturer listing apply to the United States despite the ended UDI evidence?,keep_hidden_identity_unresolved,https://www.richard-wolf.com/mam/data/Typo3/Kataloge/Broncho-_Thorako-_Mediastinoskopie/Thorakale_Endoskopie_en.pdf|https://api.fda.gov/device/udi.json?search=identifiers.id%3A%2204055207021811%22&limit=100|https://api.fda.gov/device/udi.json?search=catalog_number%3A%228906.011%22&limit=100|https://api.fda.gov/device/classification.json?search=product_code%3A%22FBQ%22&limit=100|https://api.fda.gov/device/registrationlisting.json?search=products.product_code%3A%22FBQ%22&limit=100|https://api.fda.gov/device/enforcement.json?search=product_description%3A%228906.011%22&limit=100|https://api.fda.gov/device/enforcement.json?search=code_info%3A%2204055207021811%22&limit=100|https://api.fda.gov/device/recall.json?search=product_description%3A%228906.011%22&limit=100|https://api.fda.gov/device/recall.json?search=code_info%3A%2204055207021811%22&limit=100,false
PRD-E088452873,Medtronic,Shiley Flexible Adult Tracheostomy Tube with TaperGuard Cuff,6CN75H,,identity_unresolved,low,family_or_name_only,no_exact_result,no_result,not_found,not_searched,identity|manufacturer,searched,active_exact_product_action,lot_specific,Z-1357-2023,not_applicable,Identity method: family_or_name_only. UDI assessment: no_exact_result. Manufacturer finding: not_searched. Plausible records could not be tied conservatively to the exact catalog product.,Can the manufacturer confirm the exact U.S. catalog/model identity?,keep_hidden_identity_unresolved,https://api.fda.gov/device/udi.json?search=version_or_model_number%3A%226CN75H%22&limit=100|https://api.fda.gov/device/udi.json?search=identifiers.id%3A%2220884521176321%22&limit=100|https://api.fda.gov/device/enforcement.json?search=code_info%3A%2220884521176321%22&limit=100|https://api.fda.gov/device/enforcement.json?search=product_description%3A%226CN75H%22&limit=100|https://api.fda.gov/device/recall.json?search=code_info%3A%2220884521176321%22&limit=100|https://api.fda.gov/device/recall.json?search=product_description%3A%226CN75H%22&limit=100,false
PRD-E2A3EFD37E,BD,PleurX Pleural Catheter Starter Kit,50-7700,,identity_unresolved,low,family_or_name_only,no_exact_result,no_result,not_found,not_searched,identity|manufacturer,searched,no_exact_action_found,unknown,,not_applicable,Identity method: family_or_name_only. UDI assessment: no_exact_result. Manufacturer finding: not_searched. Plausible records could not be tied conservatively to the exact catalog product.,Can the manufacturer confirm the exact U.S. catalog/model identity?,keep_hidden_identity_unresolved,https://api.fda.gov/device/udi.json?search=version_or_model_number%3A%2250-7700%22&limit=100|https://api.fda.gov/device/udi.json?search=catalog_number%3A%2250-7700%22&limit=100|https://api.fda.gov/device/udi.json?search=identifiers.id%3A%2210885403231520%22&limit=100|https://api.fda.gov/device/enforcement.json?search=product_description%3A%2250-7700%22&limit=100|https://api.fda.gov/device/enforcement.json?search=code_info%3A%2210885403231520%22&limit=100|https://api.fda.gov/device/recall.json?search=product_description%3A%2250-7700%22&limit=100|https://api.fda.gov/device/recall.json?search=code_info%3A%2210885403231520%22&limit=100,false
PRD-E353F2E250,Richard Wolf,Leak Tester,163.903,,identity_unresolved,low,exact_manufacturer_catalog_number,all_exact_configurations_active,search_incomplete,not_found,current_non_us,identity|model,searched,no_exact_action_found,unknown,,not_applicable,Identity method: exact_manufacturer_catalog_number. UDI assessment: all_exact_configurations_active. Manufacturer finding: current_non_us. Plausible records could not be tied conservatively to the exact catalog product.,Can the manufacturer confirm the exact U.S. catalog/model identity?|Does the exact current global manufacturer listing apply to the United States despite the ended UDI evidence?,keep_hidden_identity_unresolved,https://www.richard-wolf.com/mam/data/Typo3/Kataloge/Broncho-_Thorako-_Mediastinoskopie/Thorakale_Endoskopie_en.pdf|https://api.fda.gov/device/udi.json?search=identifiers.id%3A%2204055207008584%22&limit=100|https://api.fda.gov/device/udi.json?search=catalog_number%3A%22163.903%22&limit=100|https://api.fda.gov/device/classification.json?search=product_code%3A%22FAJ%22&limit=100|https://api.fda.gov/device/registrationlisting.json?search=products.product_code%3A%22FAJ%22&limit=100|https://api.fda.gov/device/enforcement.json?search=code_info%3A%2204055207008584%22&limit=100|https://api.fda.gov/device/enforcement.json?search=product_description%3A%22163.903%22&limit=100|https://api.fda.gov/device/recall.json?search=product_description%3A%22163.903%22&limit=100|https://api.fda.gov/device/recall.json?search=code_info%3A%2204055207008584%22&limit=100,false
PRD-E6B6E0ACC5,Richard Wolf,Sealing Plug 25 mm,8256.99,,identity_unresolved,low,exact_manufacturer_catalog_number,all_exact_configurations_ended,no_result,premarket_exempt,current_non_us,identity|model|distribution,searched,no_exact_action_found,unknown,,not_applicable,Identity method: exact_manufacturer_catalog_number. UDI assessment: all_exact_configurations_ended. Manufacturer finding: current_non_us. Plausible records could not be tied conservatively to the exact catalog product.,Can the manufacturer confirm the exact U.S. catalog/model identity?|Does the exact current global manufacturer listing apply to the United States despite the ended UDI evidence?,keep_hidden_identity_unresolved,https://www.richard-wolf.com/mam/data/Typo3/Kataloge/Broncho-_Thorako-_Mediastinoskopie/Thorakale_Endoskopie_en.pdf|https://api.fda.gov/device/udi.json?search=identifiers.id%3A%2204055207009529%22&limit=100|https://api.fda.gov/device/udi.json?search=catalog_number%3A%228256.99%22&limit=100|https://api.fda.gov/device/classification.json?search=product_code%3A%22EOX%22&limit=100|https://api.fda.gov/device/enforcement.json?search=code_info%3A%2204055207009529%22&limit=100|https://api.fda.gov/device/enforcement.json?search=product_description%3A%228256.99%22&limit=100|https://api.fda.gov/device/recall.json?search=product_description%3A%228256.99%22&limit=100|https://api.fda.gov/device/recall.json?search=code_info%3A%2204055207009529%22&limit=100,false
PRD-E8AA815321,Richard Wolf,"Trocar, Dull Tip, 5.5 mm, WL 104 mm",8919.3311,,identity_unresolved,low,exact_manufacturer_catalog_number,all_exact_configurations_active,family_current_listing,premarket_exempt,not_searched,identity|model,searched,no_exact_action_found,unknown,,not_applicable,Identity method: exact_manufacturer_catalog_number. UDI assessment: all_exact_configurations_active. Manufacturer finding: not_searched. Plausible records could not be tied conservatively to the exact catalog product.,Can the manufacturer confirm the exact U.S. catalog/model identity?,keep_hidden_identity_unresolved,https://api.fda.gov/device/udi.json?search=catalog_number%3A%228919.3311%22&limit=100|https://api.fda.gov/device/classification.json?search=product_code%3A%22FBQ%22&limit=100|https://api.fda.gov/device/registrationlisting.json?search=products.product_code%3A%22FBQ%22&limit=100|https://api.fda.gov/device/enforcement.json?search=code_info%3A%2204055207028735%22&limit=100|https://api.fda.gov/device/enforcement.json?search=product_description%3A%228919.3311%22&limit=100|https://api.fda.gov/device/recall.json?search=product_description%3A%228919.3311%22&limit=100|https://api.fda.gov/device/recall.json?search=code_info%3A%2204055207028735%22&limit=100,false
PRD-E907C0EB2E,Ambu,aScope 4 Broncho Large,478101000,,identity_unresolved,low,family_or_name_only,no_exact_result,no_result,not_found,not_searched,identity|manufacturer,searched,no_exact_action_found,unknown,,not_applicable,Identity method: family_or_name_only. UDI assessment: no_exact_result. Manufacturer finding: not_searched. Plausible records could not be tied conservatively to the exact catalog product.,Can the manufacturer confirm the exact U.S. catalog/model identity?,keep_hidden_identity_unresolved,https://api.fda.gov/device/udi.json?search=identifiers.id%3A%2205707480157853%22&limit=100|https://api.fda.gov/device/udi.json?search=catalog_number%3A%22478101000%22&limit=100|https://api.fda.gov/device/udi.json?search=version_or_model_number%3A%22478101000%22&limit=100|https://api.fda.gov/device/enforcement.json?search=product_description%3A%22478101000%22&limit=100|https://api.fda.gov/device/enforcement.json?search=code_info%3A%2205707480157853%22&limit=100|https://api.fda.gov/device/recall.json?search=product_description%3A%22478101000%22&limit=100|https://api.fda.gov/device/recall.json?search=code_info%3A%2205707480157853%22&limit=100,false
PRD-E96FD33203,Medtronic,Shiley Right Double-Lumen Endobronchial Tube,126041,,identity_unresolved,low,family_or_name_only,no_exact_result,no_result,not_found,not_searched,identity|manufacturer,searched,no_exact_action_found,unknown,,not_applicable,Identity method: family_or_name_only. UDI assessment: no_exact_result. Manufacturer finding: not_searched. Plausible records could not be tied conservatively to the exact catalog product.,Can the manufacturer confirm the exact U.S. catalog/model identity?,keep_hidden_identity_unresolved,https://api.fda.gov/device/udi.json?search=version_or_model_number%3A%22126041%22&limit=100|https://api.fda.gov/device/udi.json?search=identifiers.id%3A%2220884522028933%22&limit=100|https://api.fda.gov/device/udi.json?search=version_or_model_number%3A%22126041%22&limit=100|https://api.fda.gov/device/udi.json?search=version_or_model_number%3A%22126041%22&limit=100|https://api.fda.gov/device/enforcement.json?search=code_info%3A%2220884522028933%22&limit=100|https://api.fda.gov/device/enforcement.json?search=product_description%3A%22126041%22&limit=100|https://api.fda.gov/device/recall.json?search=code_info%3A%2220884522028933%22&limit=100|https://api.fda.gov/device/recall.json?search=product_description%3A%22126041%22&limit=100,false
PRD-E9CC27CF4B,Teleflex,Drainer Centesis Catheter,8809,,identity_unresolved,low,exact_manufacturer_catalog_number,all_exact_configurations_active,no_result,premarket_exempt,no_result,identity|model|manufacturer,searched,no_exact_action_found,unknown,,not_applicable,Identity method: exact_manufacturer_catalog_number. UDI assessment: all_exact_configurations_active. Manufacturer finding: no_result. Plausible records could not be tied conservatively to the exact catalog product.,Can the manufacturer confirm the exact U.S. catalog/model identity?,keep_hidden_identity_unresolved,https://teleflex.com/usa/en/product-areas/interventional/drainage/arrow-diagnostic-drainage-products/MC-006078_Interventional_DND_Product_Line_Brochure_Final.pdf|https://api.fda.gov/device/udi.json?search=catalog_number%3A%228809%22&limit=100|https://api.fda.gov/device/udi.json?search=identifiers.id%3A%2210841156111830%22&limit=100|https://api.fda.gov/device/udi.json?search=version_or_model_number%3A%228809%22&limit=100|https://api.fda.gov/device/udi.json?search=version_or_model_number%3A%228809%22&limit=100|https://api.fda.gov/device/udi.json?search=catalog_number%3A%228809%22&limit=100|https://api.fda.gov/device/udi.json?search=version_or_model_number%3A%228809%22&limit=100|https://api.fda.gov/device/udi.json?search=catalog_number%3A%228809%22&limit=100|https://api.fda.gov/device/udi.json?search=version_or_model_number%3A%228809%22&limit=100|https://api.fda.gov/device/udi.json?search=catalog_number%3A%228809%22&limit=100|https://api.fda.gov/device/classification.json?search=product_code%3A%22GCB%22&limit=100|https://api.fda.gov/device/enforcement.json?search=code_info%3A%2210841156111830%22&limit=100|https://api.fda.gov/device/enforcement.json?search=code_info%3A%2220841156111837%22&limit=100|https://api.fda.gov/device/recall.json?search=code_info%3A%2210841156111830%22&limit=100|https://api.fda.gov/device/recall.json?search=code_info%3A%2220841156111837%22&limit=100,false
PRD-EA6F3E44C1,TRACOE,TRACOE experc Packaged Set with Tube,331,,identity_unresolved,low,family_or_name_only,no_exact_result,no_result,not_found,not_searched,identity|manufacturer,not_searched,unknown,unknown,,not_applicable,Identity method: family_or_name_only. UDI assessment: no_exact_result. Manufacturer finding: not_searched. Plausible records could not be tied conservatively to the exact catalog product.,Can the manufacturer confirm the exact U.S. catalog/model identity?,keep_hidden_identity_unresolved,https://api.fda.gov/device/udi.json?search=catalog_number%3A%22331%22&limit=100&skip=500|https://api.fda.gov/device/udi.json?search=version_or_model_number%3A%22331%22&limit=100|https://api.fda.gov/device/udi.json?search=catalog_number%3A%22331%22&limit=100|https://api.fda.gov/device/udi.json?search=version_or_model_number%3A%22331%22&limit=100|https://api.fda.gov/device/udi.json?search=catalog_number%3A%22331%22&limit=100&skip=200|https://api.fda.gov/device/udi.json?search=version_or_model_number%3A%22331%22&limit=100&skip=100|https://api.fda.gov/device/udi.json?search=catalog_number%3A%22331%22&limit=100|https://api.fda.gov/device/udi.json?search=catalog_number%3A%22331%22&limit=100&skip=400|https://api.fda.gov/device/udi.json?search=version_or_model_number%3A%22331%22&limit=100&skip=600|https://api.fda.gov/device/udi.json?search=version_or_model_number%3A%22331%22&limit=100&skip=300|https://api.fda.gov/device/udi.json?search=catalog_number%3A%22331%22&limit=100&skip=200|https://api.fda.gov/device/udi.json?search=version_or_model_number%3A%22331%22&limit=100|https://api.fda.gov/device/udi.json?search=version_or_model_number%3A%22331%22&limit=100&skip=200|https://api.fda.gov/device/udi.json?search=catalog_number%3A%22331%22&limit=100&skip=400|https://api.fda.gov/device/udi.json?search=catalog_number%3A%22331%22&limit=100&skip=200|https://api.fda.gov/device/udi.json?search=version_or_model_number%3A%22331%22&limit=100&skip=400,false
PRD-EB27F8D657,Novatech,STERITALC F2 Talc Vial 2 g,16903,,identity_unresolved,low,family_or_name_only,no_exact_result,no_result,not_found,current_exact_official_us_product,identity|manufacturer,searched,no_exact_action_found,unknown,,not_applicable,Identity method: family_or_name_only. UDI assessment: no_exact_result. Manufacturer finding: current_exact_official_us_product. Plausible records could not be tied conservatively to the exact catalog product.,Can the manufacturer confirm the exact U.S. catalog/model identity?,keep_hidden_identity_unresolved,https://novatech.fr/en/steritalc/steritalc|https://api.fda.gov/device/udi.json?search=catalog_number%3A%2216903%22&limit=100|https://api.fda.gov/device/udi.json?search=version_or_model_number%3A%2216903%22&limit=100|https://api.fda.gov/device/udi.json?search=catalog_number%3A%2216903%22&limit=100|https://api.fda.gov/device/udi.json?search=version_or_model_number%3A%2216903%22&limit=100|https://api.fda.gov/device/udi.json?search=catalog_number%3A%2216903%22&limit=100|https://api.fda.gov/device/enforcement.json?search=product_description%3A%2216903%22&limit=100|https://api.fda.gov/device/recall.json?search=product_description%3A%2216903%22&limit=100,false
PRD-ED212D7E3C,Richard Wolf,Trocar Sleeve with Membrane Valve,8905.351,,identity_unresolved,low,exact_manufacturer_catalog_number,all_exact_configurations_ended,family_current_listing,premarket_exempt,current_non_us,identity|model|distribution,searched,no_exact_action_found,unknown,,not_applicable,Identity method: exact_manufacturer_catalog_number. UDI assessment: all_exact_configurations_ended. Manufacturer finding: current_non_us. Plausible records could not be tied conservatively to the exact catalog product.,Can the manufacturer confirm the exact U.S. catalog/model identity?|Does the exact current global manufacturer listing apply to the United States despite the ended UDI evidence?,keep_hidden_identity_unresolved,https://www.richard-wolf.com/mam/data/Typo3/Kataloge/Broncho-_Thorako-_Mediastinoskopie/Thorakale_Endoskopie_en.pdf|https://api.fda.gov/device/udi.json?search=identifiers.id%3A%2204055207021767%22&limit=100|https://api.fda.gov/device/udi.json?search=catalog_number%3A%228905.351%22&limit=100|https://api.fda.gov/device/classification.json?search=product_code%3A%22FBQ%22&limit=100|https://api.fda.gov/device/registrationlisting.json?search=products.product_code%3A%22FBQ%22&limit=100|https://api.fda.gov/device/enforcement.json?search=product_description%3A%228905.351%22&limit=100|https://api.fda.gov/device/enforcement.json?search=code_info%3A%2204055207021767%22&limit=100|https://api.fda.gov/device/recall.json?search=product_description%3A%228905.351%22&limit=100|https://api.fda.gov/device/recall.json?search=code_info%3A%2204055207021767%22&limit=100,false
PRD-ED98C24F0E,Richard Wolf,"Biopsy Forceps, Smooth",8282.33,,identity_unresolved,low,exact_manufacturer_catalog_number,all_exact_configurations_ended,search_incomplete,not_found,current_non_us,identity|model|distribution,searched,no_exact_action_found,unknown,,not_applicable,Identity method: exact_manufacturer_catalog_number. UDI assessment: all_exact_configurations_ended. Manufacturer finding: current_non_us. Plausible records could not be tied conservatively to the exact catalog product.,Can the manufacturer confirm the exact U.S. catalog/model identity?|Does the exact current global manufacturer listing apply to the United States despite the ended UDI evidence?,keep_hidden_identity_unresolved,https://www.richard-wolf.com/mam/data/Typo3/Kataloge/Broncho-_Thorako-_Mediastinoskopie/Thorakale_Endoskopie_en.pdf|https://api.fda.gov/device/udi.json?search=catalog_number%3A%228282.33%22&limit=100|https://api.fda.gov/device/udi.json?search=identifiers.id%3A%2204055207039427%22&limit=100|https://api.fda.gov/device/classification.json?search=product_code%3A%22GEI%22&limit=100|https://api.fda.gov/device/enforcement.json?search=product_description%3A%228282.33%22&limit=100|https://api.fda.gov/device/enforcement.json?search=code_info%3A%2204055207039427%22&limit=100|https://api.fda.gov/device/recall.json?search=code_info%3A%2204055207039427%22&limit=100|https://api.fda.gov/device/recall.json?search=product_description%3A%228282.33%22&limit=100,false
PRD-EEA17CA0DB,Richard Wolf,Surgical Probe,8379.672,,identity_unresolved,low,exact_manufacturer_catalog_number,all_exact_configurations_active,search_incomplete,premarket_exempt,current_non_us,identity|model,searched,no_exact_action_found,unknown,,not_applicable,Identity method: exact_manufacturer_catalog_number. UDI assessment: all_exact_configurations_active. Manufacturer finding: current_non_us. Plausible records could not be tied conservatively to the exact catalog product.,Can the manufacturer confirm the exact U.S. catalog/model identity?|Does the exact current global manufacturer listing apply to the United States despite the ended UDI evidence?,keep_hidden_identity_unresolved,https://www.richard-wolf.com/mam/data/Typo3/Kataloge/Broncho-_Thorako-_Mediastinoskopie/Thorakale_Endoskopie_en.pdf|https://api.fda.gov/device/udi.json?search=identifiers.id%3A%2204055207014967%22&limit=100|https://api.fda.gov/device/udi.json?search=catalog_number%3A%228379.672%22&limit=100|https://api.fda.gov/device/classification.json?search=product_code%3A%22FGM%22&limit=100|https://api.fda.gov/device/classification.json?search=product_code%3A%22NWV%22&limit=100|https://api.fda.gov/device/registrationlisting.json?search=products.product_code%3A%22FGM%22&limit=100|https://api.fda.gov/device/registrationlisting.json?search=products.product_code%3A%22NWV%22&limit=100|https://api.fda.gov/device/enforcement.json?search=code_info%3A%2204055207014967%22&limit=100|https://api.fda.gov/device/enforcement.json?search=product_description%3A%228379.672%22&limit=100|https://api.fda.gov/device/recall.json?search=product_description%3A%228379.672%22&limit=100|https://api.fda.gov/device/recall.json?search=code_info%3A%2204055207014967%22&limit=100,false
PRD-F008B12AC0,Cook Medical,Thal-Quick Chest Tube Tray,G04226,,identity_unresolved,low,family_or_name_only,no_exact_result,no_result,not_found,not_searched,identity|manufacturer,searched,no_exact_action_found,unknown,,not_applicable,Identity method: family_or_name_only. UDI assessment: no_exact_result. Manufacturer finding: not_searched. Plausible records could not be tied conservatively to the exact catalog product.,Can the manufacturer confirm the exact U.S. catalog/model identity?,keep_hidden_identity_unresolved,https://api.fda.gov/device/udi.json?search=identifiers.id%3A%2200827002042261%22&limit=100|https://api.fda.gov/device/udi.json?search=version_or_model_number%3A%22G04226%22&limit=100|https://api.fda.gov/device/enforcement.json?search=product_description%3A%22G04226%22&limit=100|https://api.fda.gov/device/enforcement.json?search=code_info%3A%2200827002042261%22&limit=100|https://api.fda.gov/device/recall.json?search=product_description%3A%22G04226%22&limit=100|https://api.fda.gov/device/recall.json?search=code_info%3A%2200827002042261%22&limit=100,false
PRD-F00EF2568E,Karl Storz,"TONN Stent Applicator 8-13 mm, max 10 cm",10540,,identity_unresolved,low,family_or_name_only,no_exact_result,no_result,not_found,no_result,identity|manufacturer,searched,no_exact_action_found,unknown,,not_applicable,Identity method: family_or_name_only. UDI assessment: no_exact_result. Manufacturer finding: no_result. Plausible records could not be tied conservatively to the exact catalog product.,Can the manufacturer confirm the exact U.S. catalog/model identity?,keep_hidden_identity_unresolved,https://www.karlstorz.com/us/en/thoracic-surgery-and-pulmonology.htm|https://api.fda.gov/device/udi.json?search=version_or_model_number%3A%2210540%22&limit=100|https://api.fda.gov/device/udi.json?search=version_or_model_number%3A%2210540%22&limit=100|https://api.fda.gov/device/udi.json?search=catalog_number%3A%2210540%22&limit=100|https://api.fda.gov/device/udi.json?search=version_or_model_number%3A%2210540%22&limit=100|https://api.fda.gov/device/enforcement.json?search=product_description%3A%2210540%22&limit=100|https://api.fda.gov/device/recall.json?search=product_description%3A%2210540%22&limit=100,false
PRD-F2C87C4908,Ambu,aScope 4 Broncho Regular,477101000,,identity_unresolved,low,family_or_name_only,no_exact_result,no_result,not_found,not_searched,identity|manufacturer,searched,no_exact_action_found,unknown,,not_applicable,Identity method: family_or_name_only. UDI assessment: no_exact_result. Manufacturer finding: not_searched. Plausible records could not be tied conservatively to the exact catalog product.,Can the manufacturer confirm the exact U.S. catalog/model identity?,keep_hidden_identity_unresolved,https://api.fda.gov/device/udi.json?search=version_or_model_number%3A%22477101000%22&limit=100|https://api.fda.gov/device/udi.json?search=identifiers.id%3A%2205707480157822%22&limit=100|https://api.fda.gov/device/udi.json?search=catalog_number%3A%22477101000%22&limit=100|https://api.fda.gov/device/enforcement.json?search=code_info%3A%2205707480157822%22&limit=100|https://api.fda.gov/device/enforcement.json?search=product_description%3A%22477101000%22&limit=100|https://api.fda.gov/device/recall.json?search=code_info%3A%2205707480157822%22&limit=100|https://api.fda.gov/device/recall.json?search=product_description%3A%22477101000%22&limit=100,false
PRD-F351B4D76F,Cook Medical,Thal‑Quick Chest Tube Set – Double Lumen 24 Fr × 40 cm,G36224,,identity_unresolved,low,family_or_name_only,no_exact_result,no_result,not_found,not_searched,identity|manufacturer,searched,no_exact_action_found,unknown,,not_applicable,Identity method: family_or_name_only. UDI assessment: no_exact_result. Manufacturer finding: not_searched. Plausible records could not be tied conservatively to the exact catalog product.,Can the manufacturer confirm the exact U.S. catalog/model identity?,keep_hidden_identity_unresolved,https://api.fda.gov/device/udi.json?search=version_or_model_number%3A%22G36224%22&limit=100|https://api.fda.gov/device/udi.json?search=identifiers.id%3A%2200827002362246%22&limit=100|https://api.fda.gov/device/enforcement.json?search=code_info%3A%2200827002362246%22&limit=100|https://api.fda.gov/device/enforcement.json?search=product_description%3A%22G36224%22&limit=100|https://api.fda.gov/device/recall.json?search=product_description%3A%22G36224%22&limit=100|https://api.fda.gov/device/recall.json?search=code_info%3A%2200827002362246%22&limit=100,false
PRD-F376B6A68F,Olympus,WM-NP3 GI Standard Workstation Configuration,K10035366,,identity_unresolved,low,family_or_name_only,no_exact_result,no_result,not_found,family_only_current,identity|manufacturer,searched,no_exact_action_found,unknown,,not_applicable,Identity method: family_or_name_only. UDI assessment: no_exact_result. Manufacturer finding: family_only_current. Plausible records could not be tied conservatively to the exact catalog product.,Can the manufacturer confirm the exact U.S. catalog/model identity?,keep_hidden_identity_unresolved,https://content.medical.olympusamerica.com/products/accessory-solutions|https://api.fda.gov/device/udi.json?search=identifiers.id%3A%2215019778007830%22&limit=100|https://api.fda.gov/device/udi.json?search=catalog_number%3A%22K10035366%22&limit=100|https://api.fda.gov/device/enforcement.json?search=product_description%3A%22K10035366%22&limit=100|https://api.fda.gov/device/enforcement.json?search=code_info%3A%2215019778007830%22&limit=100|https://api.fda.gov/device/recall.json?search=code_info%3A%2215019778007830%22&limit=100|https://api.fda.gov/device/recall.json?search=product_description%3A%22K10035366%22&limit=100,false
PRD-F43740CB5C,Intuitive Surgical,Ion Flexision Biopsy Needle 23G,490102,,identity_unresolved,low,exact_manufacturer_model_number,all_exact_configurations_active,search_incomplete,not_found,family_only_current,identity|manufacturer,searched,active_exact_product_action,product_wide,Z-0355-2024|Z-2399-2024,not_applicable,Identity method: exact_manufacturer_model_number. UDI assessment: all_exact_configurations_active. Manufacturer finding: family_only_current. Plausible records could not be tied conservatively to the exact catalog product.,Can the manufacturer confirm the exact U.S. catalog/model identity?,keep_hidden_identity_unresolved,https://www.intuitive.com/en-us/-/media/ISI/Intuitive/Pdf/intuitive-ion-system-brochure-1051118.pdf|https://www.intuitive.com/en-us/products-and-services/ion|https://api.fda.gov/device/udi.json?search=version_or_model_number%3A%22490102%22&limit=100|https://api.fda.gov/device/udi.json?search=identifiers.id%3A%2200886874115954%22&limit=100|https://api.fda.gov/device/udi.json?search=catalog_number%3A%22490102%22&limit=100|https://api.fda.gov/device/udi.json?search=version_or_model_number%3A%22490102%22&limit=100|https://api.fda.gov/device/classification.json?search=product_code%3A%22EOQ%22&limit=100|https://api.fda.gov/device/registrationlisting.json?search=products.product_code%3A%22EOQ%22&limit=100|https://api.fda.gov/device/enforcement.json?search=code_info%3A%2210886874115951%22&limit=100|https://api.fda.gov/device/enforcement.json?search=code_info%3A%2200886874115954%22&limit=100|https://api.fda.gov/device/enforcement.json?search=product_description%3A%22490102%22&limit=100|https://api.fda.gov/device/recall.json?search=product_description%3A%22490102%22&limit=100|https://api.fda.gov/device/recall.json?search=code_info%3A%2210886874115951%22&limit=100|https://api.fda.gov/device/recall.json?search=code_info%3A%2200886874115954%22&limit=100,false
PRD-F5AE18C06E,Merit Medical,TAPS Thoracentesis and Paracentesis Set,TAPS-8F-10LT,,identity_unresolved,low,exact_manufacturer_catalog_number,all_exact_configurations_active,search_incomplete,premarket_exempt,not_searched,identity|model,searched,active_exact_product_action,lot_specific,Z-2576-2024,not_applicable,Identity method: exact_manufacturer_catalog_number. UDI assessment: all_exact_configurations_active. Manufacturer finding: not_searched. Plausible records could not be tied conservatively to the exact catalog product.,Can the manufacturer confirm the exact U.S. catalog/model identity?,keep_hidden_identity_unresolved,https://api.fda.gov/device/udi.json?search=catalog_number%3A%22TAPS-8F-10LT%22&limit=100|https://api.fda.gov/device/udi.json?search=identifiers.id%3A%2200884450277850%22&limit=100|https://api.fda.gov/device/classification.json?search=product_code%3A%22GBX%22&limit=100|https://api.fda.gov/device/enforcement.json?search=product_description%3A%22TAPS-8F-10LT%22&limit=100|https://api.fda.gov/device/enforcement.json?search=code_info%3A%2200884450277850%22&limit=100|https://api.fda.gov/device/enforcement.json?search=code_info%3A%2210884450277857%22&limit=100|https://api.fda.gov/device/recall.json?search=code_info%3A%2210884450277857%22&limit=100|https://api.fda.gov/device/recall.json?search=product_description%3A%22TAPS-8F-10LT%22&limit=100|https://api.fda.gov/device/recall.json?search=code_info%3A%2200884450277850%22&limit=100,false
PRD-F6BB76BECF,Richard Wolf,Thoracoscopy Tissue Retractor,8243.701,,identity_unresolved,low,exact_manufacturer_catalog_number,all_exact_configurations_ended,search_incomplete,premarket_exempt,current_non_us,identity|model|distribution,searched,no_exact_action_found,unknown,,not_applicable,Identity method: exact_manufacturer_catalog_number. UDI assessment: all_exact_configurations_ended. Manufacturer finding: current_non_us. Plausible records could not be tied conservatively to the exact catalog product.,Can the manufacturer confirm the exact U.S. catalog/model identity?|Does the exact current global manufacturer listing apply to the United States despite the ended UDI evidence?,keep_hidden_identity_unresolved,https://www.richard-wolf.com/mam/data/Typo3/Kataloge/Broncho-_Thorako-_Mediastinoskopie/Thorakale_Endoskopie_en.pdf|https://api.fda.gov/device/udi.json?search=identifiers.id%3A%2204055207014738%22&limit=100|https://api.fda.gov/device/udi.json?search=catalog_number%3A%228243.701%22&limit=100|https://api.fda.gov/device/classification.json?search=product_code%3A%22GAD%22&limit=100|https://api.fda.gov/device/enforcement.json?search=product_description%3A%228243.701%22&limit=100|https://api.fda.gov/device/enforcement.json?search=code_info%3A%2204055207014738%22&limit=100|https://api.fda.gov/device/recall.json?search=code_info%3A%2204055207014738%22&limit=100|https://api.fda.gov/device/recall.json?search=product_description%3A%228243.701%22&limit=100,false
PRD-F7FFFFA87F,Cook Medical,Fuhrman Pleural Drainage Set – 6 Fr,G55714,,identity_unresolved,low,family_or_name_only,no_exact_result,no_result,not_found,not_searched,identity|manufacturer,searched,no_exact_action_found,unknown,,not_applicable,Identity method: family_or_name_only. UDI assessment: no_exact_result. Manufacturer finding: not_searched. Plausible records could not be tied conservatively to the exact catalog product.,Can the manufacturer confirm the exact U.S. catalog/model identity?,keep_hidden_identity_unresolved,https://api.fda.gov/device/udi.json?search=identifiers.id%3A%2200827002557147%22&limit=100|https://api.fda.gov/device/udi.json?search=version_or_model_number%3A%22G55714%22&limit=100|https://api.fda.gov/device/enforcement.json?search=product_description%3A%22G55714%22&limit=100|https://api.fda.gov/device/enforcement.json?search=code_info%3A%2200827002557147%22&limit=100|https://api.fda.gov/device/recall.json?search=code_info%3A%2200827002557147%22&limit=100|https://api.fda.gov/device/recall.json?search=product_description%3A%22G55714%22&limit=100,false
PRD-F80927CE1B,Medtronic,Shiley Left Double-Lumen Endobronchial Tube,125035,,identity_unresolved,low,family_or_name_only,no_exact_result,no_result,not_found,not_searched,identity|manufacturer,searched,no_exact_action_found,unknown,,not_applicable,Identity method: family_or_name_only. UDI assessment: no_exact_result. Manufacturer finding: not_searched. Plausible records could not be tied conservatively to the exact catalog product.,Can the manufacturer confirm the exact U.S. catalog/model identity?,keep_hidden_identity_unresolved,https://api.fda.gov/device/udi.json?search=identifiers.id%3A%2240884522008731%22&limit=100|https://api.fda.gov/device/udi.json?search=version_or_model_number%3A%22125035%22&limit=100|https://api.fda.gov/device/udi.json?search=version_or_model_number%3A%22125035%22&limit=100|https://api.fda.gov/device/udi.json?search=version_or_model_number%3A%22125035%22&limit=100|https://api.fda.gov/device/enforcement.json?search=product_description%3A%22125035%22&limit=100|https://api.fda.gov/device/enforcement.json?search=code_info%3A%2240884522008731%22&limit=100|https://api.fda.gov/device/recall.json?search=code_info%3A%2240884522008731%22&limit=100|https://api.fda.gov/device/recall.json?search=product_description%3A%22125035%22&limit=100,false
PRD-FB1867A930,Richard Wolf,Grasping Forceps for Soft Foreign Bodies,8282.37,,identity_unresolved,low,exact_manufacturer_catalog_number,all_exact_configurations_ended,search_incomplete,premarket_exempt,current_non_us,identity|model|distribution,searched,no_exact_action_found,unknown,,not_applicable,Identity method: exact_manufacturer_catalog_number. UDI assessment: all_exact_configurations_ended. Manufacturer finding: current_non_us. Plausible records could not be tied conservatively to the exact catalog product.,Can the manufacturer confirm the exact U.S. catalog/model identity?|Does the exact current global manufacturer listing apply to the United States despite the ended UDI evidence?,keep_hidden_identity_unresolved,https://www.richard-wolf.com/mam/data/Typo3/Kataloge/Broncho-_Thorako-_Mediastinoskopie/Thorakale_Endoskopie_en.pdf|https://api.fda.gov/device/udi.json?search=identifiers.id%3A%2204055207039434%22&limit=100|https://api.fda.gov/device/udi.json?search=catalog_number%3A%228282.37%22&limit=100|https://api.fda.gov/device/classification.json?search=product_code%3A%22KAE%22&limit=100|https://api.fda.gov/device/enforcement.json?search=code_info%3A%2204055207039434%22&limit=100|https://api.fda.gov/device/enforcement.json?search=product_description%3A%228282.37%22&limit=100|https://api.fda.gov/device/recall.json?search=product_description%3A%228282.37%22&limit=100|https://api.fda.gov/device/recall.json?search=code_info%3A%2204055207039434%22&limit=100,false
PRD-FB3438BD7A,Teleflex,Arrow Percutaneous Cavity Drainage Set – Curved,AI-01600,,identity_unresolved,low,exact_manufacturer_catalog_number,conflicting_exact_configuration_statuses,exact_current_listing,exact_510k_clearance,no_result,identity|model|package_configuration|distribution,searched,no_exact_action_found,unknown,,not_applicable,Identity method: exact_manufacturer_catalog_number. UDI assessment: conflicting_exact_configuration_statuses. Manufacturer finding: no_result. Plausible records could not be tied conservatively to the exact catalog product.,Can the manufacturer confirm the exact U.S. catalog/model identity?,keep_hidden_identity_unresolved,https://teleflex.com/usa/en/product-areas/interventional/drainage/arrow-diagnostic-drainage-products/MC-006078_Interventional_DND_Product_Line_Brochure_Final.pdf|https://api.fda.gov/device/udi.json?search=catalog_number%3A%22AI-01600%22&limit=100|https://api.fda.gov/device/udi.json?search=catalog_number%3A%22AI-01600%22&limit=100|https://api.fda.gov/device/udi.json?search=identifiers.id%3A%2200801902004178%22&limit=100|https://api.fda.gov/device/udi.json?search=catalog_number%3A%22AI-01600%22&limit=100|https://api.fda.gov/device/udi.json?search=catalog_number%3A%22AI-01600%22&limit=100|https://api.fda.gov/device/510k.json?search=k_number%3A%22K895516%22&limit=100|https://api.fda.gov/device/classification.json?search=product_code%3A%22GBX%22&limit=100|https://api.fda.gov/device/registrationlisting.json?search=k_number%3A%22K895516%22&limit=100|https://api.fda.gov/device/enforcement.json?search=code_info%3A%2200801902004178%22&limit=100|https://api.fda.gov/device/enforcement.json?search=code_info%3A%2220801902194002%22&limit=100|https://api.fda.gov/device/enforcement.json?search=code_info%3A%2230801902004179%22&limit=100|https://api.fda.gov/device/enforcement.json?search=code_info%3A%2210801902194005%22&limit=100|https://api.fda.gov/device/enforcement.json?search=code_info%3A%2210801902210408%22&limit=100|https://api.fda.gov/device/enforcement.json?search=code_info%3A%2230801902097904%22&limit=100|https://api.fda.gov/device/enforcement.json?search=product_description%3A%22AI-01600%22&limit=100|https://api.fda.gov/device/enforcement.json?search=code_info%3A%2200801902097903%22&limit=100|https://api.fda.gov/device/enforcement.json?search=code_info%3A%2220801902210405%22&limit=100|https://api.fda.gov/device/recall.json?search=product_description%3A%22AI-01600%22&limit=100|https://api.fda.gov/device/recall.json?search=code_info%3A%2230801902097904%22&limit=100|https://api.fda.gov/device/recall.json?search=code_info%3A%2220801902210405%22&limit=100|https://api.fda.gov/device/recall.json?search=code_info%3A%2210801902194005%22&limit=100|https://api.fda.gov/device/recall.json?search=code_info%3A%2230801902004179%22&limit=100|https://api.fda.gov/device/recall.json?search=code_info%3A%2210801902210408%22&limit=100|https://api.fda.gov/device/recall.json?search=code_info%3A%2220801902194002%22&limit=100|https://api.fda.gov/device/recall.json?search=code_info%3A%2200801902097903%22&limit=100|https://api.fda.gov/device/recall.json?search=code_info%3A%2200801902004178%22&limit=100|https://api.fda.gov/device/recall.json?search=k_numbers%3A%22K895516%22&limit=100,false
PRD-FCD805E954,Richard Wolf,Hand Blower with Sterile Disposable Filter,412700,,identity_unresolved,low,family_or_name_only,no_exact_result,no_result,not_found,current_non_us,identity|manufacturer,searched,no_exact_action_found,unknown,,not_applicable,Identity method: family_or_name_only. UDI assessment: no_exact_result. Manufacturer finding: current_non_us. Plausible records could not be tied conservatively to the exact catalog product.,Can the manufacturer confirm the exact U.S. catalog/model identity?|Does the exact current global manufacturer listing apply to the United States despite the ended UDI evidence?,keep_hidden_identity_unresolved,https://www.richard-wolf.com/mam/data/Typo3/Kataloge/Broncho-_Thorako-_Mediastinoskopie/Thorakale_Endoskopie_en.pdf|https://api.fda.gov/device/udi.json?search=version_or_model_number%3A%22412700%22&limit=100|https://api.fda.gov/device/udi.json?search=version_or_model_number%3A%22412700%22&limit=100|https://api.fda.gov/device/enforcement.json?search=product_description%3A%22412700%22&limit=100|https://api.fda.gov/device/recall.json?search=product_description%3A%22412700%22&limit=100,false
PRD-FCEC968C4E,Merit Medical,TAPS Thoracentesis & Paracentesis Set – 5 Fr × 7 cm,TAPS-5F-7LT,,identity_unresolved,low,exact_manufacturer_catalog_number,all_exact_configurations_active,search_incomplete,premarket_exempt,not_searched,identity|model,searched,active_exact_product_action,lot_specific,Z-2576-2024,not_applicable,Identity method: exact_manufacturer_catalog_number. UDI assessment: all_exact_configurations_active. Manufacturer finding: not_searched. Plausible records could not be tied conservatively to the exact catalog product.,Can the manufacturer confirm the exact U.S. catalog/model identity?,keep_hidden_identity_unresolved,https://api.fda.gov/device/udi.json?search=identifiers.id%3A%2200884450038765%22&limit=100|https://api.fda.gov/device/udi.json?search=catalog_number%3A%22TAPS-5F-7LT%22&limit=100|https://api.fda.gov/device/classification.json?search=product_code%3A%22GBX%22&limit=100|https://api.fda.gov/device/enforcement.json?search=product_description%3A%22TAPS-5F-7LT%22&limit=100|https://api.fda.gov/device/enforcement.json?search=code_info%3A%2200884450038765%22&limit=100|https://api.fda.gov/device/enforcement.json?search=code_info%3A%2210884450038762%22&limit=100|https://api.fda.gov/device/recall.json?search=product_description%3A%22TAPS-5F-7LT%22&limit=100|https://api.fda.gov/device/recall.json?search=code_info%3A%2210884450038762%22&limit=100|https://api.fda.gov/device/recall.json?search=code_info%3A%2200884450038765%22&limit=100,false
PRD-FD34401E04,Cook Medical,Vinyl Connecting Tube,G02898,,identity_unresolved,low,family_or_name_only,no_exact_result,no_result,not_found,family_only_current,identity|manufacturer,searched,active_exact_product_action,lot_specific,Z-1844-2022,not_applicable,Identity method: family_or_name_only. UDI assessment: no_exact_result. Manufacturer finding: family_only_current. Plausible records could not be tied conservatively to the exact catalog product.,Can the manufacturer confirm the exact U.S. catalog/model identity?,keep_hidden_identity_unresolved,https://www.cookmedical.com/products/cc_utpt_webds/|https://api.fda.gov/device/udi.json?search=version_or_model_number%3A%22G02898%22&limit=100|https://api.fda.gov/device/udi.json?search=identifiers.id%3A%2200827002028982%22&limit=100|https://api.fda.gov/device/enforcement.json?search=code_info%3A%2200827002028982%22&limit=100|https://api.fda.gov/device/enforcement.json?search=product_description%3A%22G02898%22&limit=100|https://api.fda.gov/device/recall.json?search=code_info%3A%2200827002028982%22&limit=100|https://api.fda.gov/device/recall.json?search=product_description%3A%22G02898%22&limit=100,false
PRD-FD3915EF93,Ethicon,"Blake Silicone Drain – Flat 7 mm, ¾‑fluted",2210,,identity_unresolved,low,exact_manufacturer_catalog_number,all_exact_configurations_active,search_incomplete,premarket_exempt,not_searched,identity|manufacturer,searched,no_exact_action_found,unknown,,not_applicable,Identity method: exact_manufacturer_catalog_number. UDI assessment: all_exact_configurations_active. Manufacturer finding: not_searched. Plausible records could not be tied conservatively to the exact catalog product.,Can the manufacturer confirm the exact U.S. catalog/model identity?,keep_hidden_identity_unresolved,https://api.fda.gov/device/udi.json?search=catalog_number%3A%222210%22&limit=100|https://api.fda.gov/device/udi.json?search=version_or_model_number%3A%222210%22&limit=100|https://api.fda.gov/device/udi.json?search=catalog_number%3A%222210%22&limit=100&skip=100|https://api.fda.gov/device/udi.json?search=version_or_model_number%3A%222210%22&limit=100|https://api.fda.gov/device/udi.json?search=catalog_number%3A%222210%22&limit=100&skip=400|https://api.fda.gov/device/udi.json?search=version_or_model_number%3A%222210%22&limit=100&skip=300|https://api.fda.gov/device/udi.json?search=version_or_model_number%3A%222210%22&limit=100&skip=500|https://api.fda.gov/device/udi.json?search=catalog_number%3A%222210%22&limit=100&skip=200|https://api.fda.gov/device/udi.json?search=version_or_model_number%3A%222210%22&limit=100&skip=100|https://api.fda.gov/device/udi.json?search=version_or_model_number%3A%222210%22&limit=100&skip=200|https://api.fda.gov/device/udi.json?search=version_or_model_number%3A%222210%22&limit=100|https://api.fda.gov/device/udi.json?search=catalog_number%3A%222210%22&limit=100&skip=100|https://api.fda.gov/device/udi.json?search=version_or_model_number%3A%222210%22&limit=100&skip=100|https://api.fda.gov/device/udi.json?search=version_or_model_number%3A%222210%22&limit=100&skip=200|https://api.fda.gov/device/udi.json?search=catalog_number%3A%222210%22&limit=100&skip=300|https://api.fda.gov/device/udi.json?search=version_or_model_number%3A%222210%22&limit=100&skip=200|https://api.fda.gov/device/udi.json?search=catalog_number%3A%222210%22&limit=100&skip=200|https://api.fda.gov/device/udi.json?search=catalog_number%3A%222210%22&limit=100&skip=300|https://api.fda.gov/device/udi.json?search=version_or_model_number%3A%222210%22&limit=100&skip=300|https://api.fda.gov/device/udi.json?search=version_or_model_number%3A%222210%22&limit=100&skip=400|https://api.fda.gov/device/udi.json?search=version_or_model_number%3A%222210%22&limit=100&skip=100|https://api.fda.gov/device/udi.json?search=catalog_number%3A%222210%22&limit=100&skip=500|https://api.fda.gov/device/udi.json?search=version_or_model_number%3A%222210%22&limit=100&skip=400|https://api.fda.gov/device/udi.json?search=catalog_number%3A%222210%22&limit=100|https://api.fda.gov/device/udi.json?search=version_or_model_number%3A%222210%22&limit=100|https://api.fda.gov/device/udi.json?search=version_or_model_number%3A%222210%22&limit=100&skip=500|https://api.fda.gov/device/udi.json?search=catalog_number%3A%222210%22&limit=100&skip=300|https://api.fda.gov/device/udi.json?search=catalog_number%3A%222210%22&limit=100&skip=100|https://api.fda.gov/device/udi.json?search=identifiers.id%3A%2210705031003460%22&limit=100|https://api.fda.gov/device/udi.json?search=version_or_model_number%3A%222210%22&limit=100&skip=100|https://api.fda.gov/device/udi.json?search=catalog_number%3A%222210%22&limit=100&skip=300|https://api.fda.gov/device/udi.json?search=version_or_model_number%3A%222210%22&limit=100&skip=300|https://api.fda.gov/device/udi.json?search=version_or_model_number%3A%222210%22&limit=100&skip=100|https://api.fda.gov/device/udi.json?search=catalog_number%3A%222210%22&limit=100&skip=200|https://api.fda.gov/device/udi.json?search=version_or_model_number%3A%222210%22&limit=100&skip=100|https://api.fda.gov/device/udi.json?search=version_or_model_number%3A%222210%22&limit=100&skip=100|https://api.fda.gov/device/udi.json?search=version_or_model_number%3A%222210%22&limit=100&skip=100|https://api.fda.gov/device/udi.json?search=version_or_model_number%3A%222210%22&limit=100&skip=100|https://api.fda.gov/device/udi.json?search=catalog_number%3A%222210%22&limit=100&skip=200|https://api.fda.gov/device/udi.json?search=version_or_model_number%3A%222210%22&limit=100&skip=200|https://api.fda.gov/device/classification.json?search=product_code%3A%22GBX%22&limit=100|https://api.fda.gov/device/enforcement.json?search=code_info%3A%2210705031003460%22&limit=100|https://api.fda.gov/device/enforcement.json?search=code_info%3A%2220705031003467%22&limit=100|https://api.fda.gov/device/recall.json?search=code_info%3A%2220705031003467%22&limit=100|https://api.fda.gov/device/recall.json?search=code_info%3A%2210705031003460%22&limit=100,false
PRD-FE028163EB,Cook Medical,Thal-Quick Chest Tube Tray,G05463,,identity_unresolved,low,family_or_name_only,no_exact_result,no_result,not_found,not_searched,identity|manufacturer,searched,no_exact_action_found,unknown,,not_applicable,Identity method: family_or_name_only. UDI assessment: no_exact_result. Manufacturer finding: not_searched. Plausible records could not be tied conservatively to the exact catalog product.,Can the manufacturer confirm the exact U.S. catalog/model identity?,keep_hidden_identity_unresolved,https://api.fda.gov/device/udi.json?search=identifiers.id%3A%2200827002054639%22&limit=100|https://api.fda.gov/device/udi.json?search=version_or_model_number%3A%22G05463%22&limit=100|https://api.fda.gov/device/enforcement.json?search=code_info%3A%2200827002054639%22&limit=100|https://api.fda.gov/device/enforcement.json?search=product_description%3A%22G05463%22&limit=100|https://api.fda.gov/device/recall.json?search=product_description%3A%22G05463%22&limit=100|https://api.fda.gov/device/recall.json?search=code_info%3A%2200827002054639%22&limit=100,false
PRD-FE1DBA6966,Olympus,WM-NP3 Basic Workstation Configuration,K10035361,,identity_unresolved,low,family_or_name_only,no_exact_result,no_result,not_found,family_only_current,identity|manufacturer,searched,no_exact_action_found,unknown,,not_applicable,Identity method: family_or_name_only. UDI assessment: no_exact_result. Manufacturer finding: family_only_current. Plausible records could not be tied conservatively to the exact catalog product.,Can the manufacturer confirm the exact U.S. catalog/model identity?,keep_hidden_identity_unresolved,https://content.medical.olympusamerica.com/products/accessory-solutions|https://api.fda.gov/device/udi.json?search=catalog_number%3A%22K10035361%22&limit=100|https://api.fda.gov/device/udi.json?search=identifiers.id%3A%2215019778007786%22&limit=100|https://api.fda.gov/device/enforcement.json?search=code_info%3A%2215019778007786%22&limit=100|https://api.fda.gov/device/enforcement.json?search=product_description%3A%22K10035361%22&limit=100|https://api.fda.gov/device/recall.json?search=code_info%3A%2215019778007786%22&limit=100|https://api.fda.gov/device/recall.json?search=product_description%3A%22K10035361%22&limit=100,false
PRD-FEA0F47B62,Richard Wolf,PANOVIEW PLUS Telescope,82514.433,,identity_unresolved,low,exact_manufacturer_catalog_number,all_exact_configurations_active,search_incomplete,not_found,current_non_us,identity|model,searched,no_exact_action_found,unknown,,not_applicable,Identity method: exact_manufacturer_catalog_number. UDI assessment: all_exact_configurations_active. Manufacturer finding: current_non_us. Plausible records could not be tied conservatively to the exact catalog product.,Can the manufacturer confirm the exact U.S. catalog/model identity?|Does the exact current global manufacturer listing apply to the United States despite the ended UDI evidence?,keep_hidden_identity_unresolved,https://www.richard-wolf.com/mam/data/Typo3/Kataloge/Broncho-_Thorako-_Mediastinoskopie/Thorakale_Endoskopie_en.pdf|https://api.fda.gov/device/udi.json?search=catalog_number%3A%2282514.433%22&limit=100|https://api.fda.gov/device/udi.json?search=identifiers.id%3A%2204055207026458%22&limit=100|https://api.fda.gov/device/classification.json?search=product_code%3A%22HET%22&limit=100|https://api.fda.gov/device/registrationlisting.json?search=products.product_code%3A%22HET%22&limit=100|https://api.fda.gov/device/enforcement.json?search=product_description%3A%2282514.433%22&limit=100|https://api.fda.gov/device/enforcement.json?search=code_info%3A%2204055207026458%22&limit=100|https://api.fda.gov/device/recall.json?search=product_description%3A%2282514.433%22&limit=100|https://api.fda.gov/device/recall.json?search=code_info%3A%2204055207026458%22&limit=100,false
PRD-FF384E6481,Richard Wolf,"Optical Biopsy Forceps, Curved Up",82530.0701,,identity_unresolved,low,exact_manufacturer_catalog_number,all_exact_configurations_ended,no_result,premarket_exempt,current_non_us,identity|model|distribution,searched,no_exact_action_found,unknown,,not_applicable,Identity method: exact_manufacturer_catalog_number. UDI assessment: all_exact_configurations_ended. Manufacturer finding: current_non_us. Plausible records could not be tied conservatively to the exact catalog product.,Can the manufacturer confirm the exact U.S. catalog/model identity?|Does the exact current global manufacturer listing apply to the United States despite the ended UDI evidence?,keep_hidden_identity_unresolved,https://www.richard-wolf.com/mam/data/Typo3/Kataloge/Broncho-_Thorako-_Mediastinoskopie/Thorakale_Endoskopie_en.pdf|https://api.fda.gov/device/udi.json?search=identifiers.id%3A%2204055207045886%22&limit=100|https://api.fda.gov/device/udi.json?search=catalog_number%3A%2282530.0701%22&limit=100|https://api.fda.gov/device/classification.json?search=product_code%3A%22BWH%22&limit=100|https://api.fda.gov/device/enforcement.json?search=product_description%3A%2282530.0701%22&limit=100|https://api.fda.gov/device/enforcement.json?search=code_info%3A%2204055207045886%22&limit=100|https://api.fda.gov/device/recall.json?search=product_description%3A%2282530.0701%22&limit=100|https://api.fda.gov/device/recall.json?search=code_info%3A%2204055207045886%22&limit=100,false
PRD-FF9CE26B43,Richard Wolf,Tube with Luer-Lock Connector,886.00,,identity_unresolved,low,exact_manufacturer_catalog_number,all_exact_configurations_active,search_incomplete,premarket_exempt,current_non_us,identity|model|manufacturer,searched,no_exact_action_found,unknown,,not_applicable,Identity method: exact_manufacturer_catalog_number. UDI assessment: all_exact_configurations_active. Manufacturer finding: current_non_us. Plausible records could not be tied conservatively to the exact catalog product.,Can the manufacturer confirm the exact U.S. catalog/model identity?|Does the exact current global manufacturer listing apply to the United States despite the ended UDI evidence?,keep_hidden_identity_unresolved,https://www.richard-wolf.com/mam/data/Typo3/Kataloge/Broncho-_Thorako-_Mediastinoskopie/Thorakale_Endoskopie_en.pdf|https://api.fda.gov/device/udi.json?search=catalog_number%3A%22886.00%22&limit=100|https://api.fda.gov/device/udi.json?search=identifiers.id%3A%2204055207038628%22&limit=100|https://api.fda.gov/device/udi.json?search=version_or_model_number%3A%22886.00%22&limit=100|https://api.fda.gov/device/udi.json?search=catalog_number%3A%22886.00%22&limit=100|https://api.fda.gov/device/udi.json?search=version_or_model_number%3A%22886.00%22&limit=100|https://api.fda.gov/device/classification.json?search=product_code%3A%22MDM%22&limit=100|https://api.fda.gov/device/enforcement.json?search=code_info%3A%2204055207038628%22&limit=100|https://api.fda.gov/device/enforcement.json?search=product_description%3A%22886.00%22&limit=100|https://api.fda.gov/device/recall.json?search=code_info%3A%2204055207038628%22&limit=100|https://api.fda.gov/device/recall.json?search=product_description%3A%22886.00%22&limit=100,false
PRD-FFA21E88CC,TRACOE,TRACOE experc Dilation Set,REF 520,,identity_unresolved,low,family_or_name_only,no_exact_result,no_result,not_found,not_searched,identity|manufacturer,searched,no_exact_action_found,unknown,,not_applicable,Identity method: family_or_name_only. UDI assessment: no_exact_result. Manufacturer finding: not_searched. Plausible records could not be tied conservatively to the exact catalog product.,Can the manufacturer confirm the exact U.S. catalog/model identity?,keep_hidden_identity_unresolved,https://api.fda.gov/device/udi.json?search=version_or_model_number%3A%22REF+520%22&limit=100|https://api.fda.gov/device/udi.json?search=identifiers.id%3A%2204035324017263%22&limit=100|https://api.fda.gov/device/udi.json?search=catalog_number%3A%22REF+520%22&limit=100|https://api.fda.gov/device/enforcement.json?search=code_info%3A%2204035324017263%22&limit=100|https://api.fda.gov/device/enforcement.json?search=product_description%3A%22REF+520%22&limit=100|https://api.fda.gov/device/recall.json?search=code_info%3A%2204035324017263%22&limit=100|https://api.fda.gov/device/recall.json?search=product_description%3A%22REF+520%22&limit=100,false
