product_id,manufacturer,product_name,catalog_number,model_number,research_state,confidence,identity_match_method,udi_assessment,listing_assessment,authorization_finding,manufacturer_finding,conflict_flags,safety_search_status,safety_action_state,safety_action_scope,safety_action_references,visibility_review_eligibility,rationale,unresolved_questions,proposed_human_review_disposition,source_urls,canonical_change_applied
PRD-011BE58B2D,Karl Storz,Universal Forceps,10366U,,insufficient_evidence,low,exact_manufacturer_catalog_number,all_exact_configurations_active,search_incomplete,not_found,no_result,,searched,no_exact_action_found,unknown,,not_applicable,Identity method: exact_manufacturer_catalog_number. UDI assessment: all_exact_configurations_active. Manufacturer finding: no_result. Completed or permitted searches did not establish enough exact current-status evidence; no result is not a discontinuation finding.,"Is there a current official U.S. product page, labeling document, or discontinuation notice for this exact identifier?",keep_hidden_insufficient_evidence,https://www.karlstorz.com/us/en/thoracic-surgery-and-pulmonology.htm|https://api.fda.gov/device/udi.json?search=identifiers.id%3A%2204048551046999%22&limit=100|https://api.fda.gov/device/udi.json?search=version_or_model_number%3A%2210366U%22&limit=100|https://api.fda.gov/device/udi.json?search=catalog_number%3A%2210366U%22&limit=100|https://api.fda.gov/device/classification.json?search=product_code%3A%22EOQ%22&limit=100|https://api.fda.gov/device/registrationlisting.json?search=products.product_code%3A%22EOQ%22&limit=100|https://api.fda.gov/device/enforcement.json?search=product_description%3A%2210366+U%22&limit=100|https://api.fda.gov/device/enforcement.json?search=code_info%3A%2204048551046999%22&limit=100|https://api.fda.gov/device/recall.json?search=code_info%3A%2204048551046999%22&limit=100|https://api.fda.gov/device/recall.json?search=product_description%3A%2210366+U%22&limit=100,false
PRD-019030A1C7,Karl Storz,Aspirator for Collecting Secretions with Cut-Off Hole,10432N,,insufficient_evidence,low,none,no_exact_result,no_result,not_found,no_result,,searched,no_exact_action_found,unknown,,not_applicable,Identity method: none. UDI assessment: no_exact_result. Manufacturer finding: no_result. Completed or permitted searches did not establish enough exact current-status evidence; no result is not a discontinuation finding.,"Is there a current official U.S. product page, labeling document, or discontinuation notice for this exact identifier?",keep_hidden_insufficient_evidence,https://www.karlstorz.com/us/en/thoracic-surgery-and-pulmonology.htm|https://api.fda.gov/device/enforcement.json?search=product_description%3A%2210432+N%22&limit=100|https://api.fda.gov/device/recall.json?search=product_description%3A%2210432+N%22&limit=100,false
PRD-01F519887A,Richard Wolf,PANOVIEW ULTRA Telescope,89354426,,insufficient_evidence,low,exact_manufacturer_catalog_number,all_exact_configurations_active,search_incomplete,not_found,current_non_us,,searched,no_exact_action_found,unknown,,not_applicable,Identity method: exact_manufacturer_catalog_number. UDI assessment: all_exact_configurations_active. Manufacturer finding: current_non_us. Completed or permitted searches did not establish enough exact current-status evidence; no result is not a discontinuation finding.,"Does the exact current global manufacturer listing apply to the United States despite the ended UDI evidence?|Is there a current official U.S. product page, labeling document, or discontinuation notice for this exact identifier?",keep_hidden_insufficient_evidence,https://www.richard-wolf.com/mam/data/Typo3/Kataloge/Broncho-_Thorako-_Mediastinoskopie/Thorakale_Endoskopie_en.pdf|https://api.fda.gov/device/udi.json?search=version_or_model_number%3A%2289354426%22&limit=100|https://api.fda.gov/device/udi.json?search=identifiers.id%3A%2204055207058138%22&limit=100|https://api.fda.gov/device/udi.json?search=catalog_number%3A%2289354426%22&limit=100|https://api.fda.gov/device/classification.json?search=product_code%3A%22GCJ%22&limit=100|https://api.fda.gov/device/registrationlisting.json?search=products.product_code%3A%22GCJ%22&limit=100|https://api.fda.gov/device/enforcement.json?search=code_info%3A%2204055207058138%22&limit=100|https://api.fda.gov/device/enforcement.json?search=product_description%3A%2289354426%22&limit=100|https://api.fda.gov/device/recall.json?search=code_info%3A%2204055207058138%22&limit=100|https://api.fda.gov/device/recall.json?search=product_description%3A%2289354426%22&limit=100,false
PRD-0221D4FEAA,Richard Wolf,PANOVIEW ULTRA Telescope,8935461,,insufficient_evidence,low,exact_manufacturer_catalog_number,all_exact_configurations_active,search_incomplete,not_found,current_non_us,,searched,no_exact_action_found,unknown,,not_applicable,Identity method: exact_manufacturer_catalog_number. UDI assessment: all_exact_configurations_active. Manufacturer finding: current_non_us. Completed or permitted searches did not establish enough exact current-status evidence; no result is not a discontinuation finding.,"Does the exact current global manufacturer listing apply to the United States despite the ended UDI evidence?|Is there a current official U.S. product page, labeling document, or discontinuation notice for this exact identifier?",keep_hidden_insufficient_evidence,https://www.richard-wolf.com/mam/data/Typo3/Kataloge/Broncho-_Thorako-_Mediastinoskopie/Thorakale_Endoskopie_en.pdf|https://api.fda.gov/device/udi.json?search=identifiers.id%3A%2204055207058145%22&limit=100|https://api.fda.gov/device/udi.json?search=version_or_model_number%3A%228935461%22&limit=100|https://api.fda.gov/device/udi.json?search=catalog_number%3A%228935461%22&limit=100|https://api.fda.gov/device/classification.json?search=product_code%3A%22GCJ%22&limit=100|https://api.fda.gov/device/registrationlisting.json?search=products.product_code%3A%22GCJ%22&limit=100|https://api.fda.gov/device/enforcement.json?search=product_description%3A%228935461%22&limit=100|https://api.fda.gov/device/enforcement.json?search=code_info%3A%2204055207058145%22&limit=100|https://api.fda.gov/device/recall.json?search=product_description%3A%228935461%22&limit=100|https://api.fda.gov/device/recall.json?search=code_info%3A%2204055207058145%22&limit=100,false
PRD-02641F9166,Karl Storz,Round Spoon Biopsy Forceps,10371L,,insufficient_evidence,low,exact_manufacturer_catalog_number,all_exact_configurations_active,search_incomplete,not_found,no_result,,searched,no_exact_action_found,unknown,,not_applicable,Identity method: exact_manufacturer_catalog_number. UDI assessment: all_exact_configurations_active. Manufacturer finding: no_result. Completed or permitted searches did not establish enough exact current-status evidence; no result is not a discontinuation finding.,"Is there a current official U.S. product page, labeling document, or discontinuation notice for this exact identifier?",keep_hidden_insufficient_evidence,https://www.karlstorz.com/us/en/thoracic-surgery-and-pulmonology.htm|https://api.fda.gov/device/udi.json?search=catalog_number%3A%2210371L%22&limit=100|https://api.fda.gov/device/udi.json?search=identifiers.id%3A%2204048551047347%22&limit=100|https://api.fda.gov/device/udi.json?search=version_or_model_number%3A%2210371L%22&limit=100|https://api.fda.gov/device/classification.json?search=product_code%3A%22EOQ%22&limit=100|https://api.fda.gov/device/registrationlisting.json?search=products.product_code%3A%22EOQ%22&limit=100|https://api.fda.gov/device/enforcement.json?search=product_description%3A%2210371+L%22&limit=100|https://api.fda.gov/device/enforcement.json?search=code_info%3A%2204048551047347%22&limit=100|https://api.fda.gov/device/recall.json?search=product_description%3A%2210371+L%22&limit=100|https://api.fda.gov/device/recall.json?search=code_info%3A%2204048551047347%22&limit=100,false
PRD-03B374F7B8,Thoracent / M.I.Tech,Bonastent Tracheobronchial Stent,BTB-182009,,insufficient_evidence,low,none,no_exact_result,no_result,not_found,not_searched,,searched,no_exact_action_found,unknown,,not_applicable,Identity method: none. UDI assessment: no_exact_result. Manufacturer finding: not_searched. Completed or permitted searches did not establish enough exact current-status evidence; no result is not a discontinuation finding.,"Is there a current official U.S. product page, labeling document, or discontinuation notice for this exact identifier?",keep_hidden_insufficient_evidence,https://api.fda.gov/device/enforcement.json?search=product_description%3A%22BTB-182009%22&limit=100|https://api.fda.gov/device/recall.json?search=product_description%3A%22BTB-182009%22&limit=100,false
PRD-042A57F191,Karl Storz,Coagulation Suction Tube,10390AN,,insufficient_evidence,low,exact_manufacturer_catalog_number,all_exact_configurations_active,search_incomplete,not_found,no_result,,searched,no_exact_action_found,unknown,,not_applicable,Identity method: exact_manufacturer_catalog_number. UDI assessment: all_exact_configurations_active. Manufacturer finding: no_result. Completed or permitted searches did not establish enough exact current-status evidence; no result is not a discontinuation finding.,"Is there a current official U.S. product page, labeling document, or discontinuation notice for this exact identifier?",keep_hidden_insufficient_evidence,https://www.karlstorz.com/us/en/thoracic-surgery-and-pulmonology.htm|https://api.fda.gov/device/udi.json?search=identifiers.id%3A%2204048551048368%22&limit=100|https://api.fda.gov/device/udi.json?search=catalog_number%3A%2210390AN%22&limit=100|https://api.fda.gov/device/udi.json?search=version_or_model_number%3A%2210390AN%22&limit=100|https://api.fda.gov/device/classification.json?search=product_code%3A%22EOB%22&limit=100|https://api.fda.gov/device/registrationlisting.json?search=products.product_code%3A%22EOB%22&limit=100|https://api.fda.gov/device/enforcement.json?search=product_description%3A%2210390+AN%22&limit=100|https://api.fda.gov/device/enforcement.json?search=code_info%3A%2204048551048368%22&limit=100|https://api.fda.gov/device/recall.json?search=product_description%3A%2210390+AN%22&limit=100|https://api.fda.gov/device/recall.json?search=code_info%3A%2204048551048368%22&limit=100,false
PRD-045F1D520E,Micro-Tech Endoscopy,Micro-Tech Uncovered Y-Shaped Tracheal Stent,ST02-961-18.060,,insufficient_evidence,low,none,no_exact_result,no_result,not_found,family_only_current,,searched,no_exact_action_found,unknown,,not_applicable,Identity method: none. UDI assessment: no_exact_result. Manufacturer finding: family_only_current. Completed or permitted searches did not establish enough exact current-status evidence; no result is not a discontinuation finding.,"Is there a current official U.S. product page, labeling document, or discontinuation notice for this exact identifier?",keep_hidden_insufficient_evidence,https://www.micro-tech-medical.com/products/Tracheal-Bronchial-Stents.html|https://api.fda.gov/device/enforcement.json?search=product_description%3A%22ST02-961-18.060%22&limit=100|https://api.fda.gov/device/recall.json?search=product_description%3A%22ST02-961-18.060%22&limit=100,false
PRD-047902FA9C,Olympus,WM-NP3 Series Workstation,WM-NP3,,insufficient_evidence,low,none,no_exact_result,no_result,not_found,current_exact_official_us_product,,searched,no_exact_action_found,unknown,,not_applicable,Identity method: none. UDI assessment: no_exact_result. Manufacturer finding: current_exact_official_us_product. Completed or permitted searches did not establish enough exact current-status evidence; no result is not a discontinuation finding.,"Is there a current official U.S. product page, labeling document, or discontinuation notice for this exact identifier?",keep_hidden_insufficient_evidence,https://content.medical.olympusamerica.com/products/accessory-solutions|https://api.fda.gov/device/enforcement.json?search=product_description%3A%22WM-NP3%22&limit=100|https://api.fda.gov/device/recall.json?search=product_description%3A%22WM-NP3%22&limit=100,false
PRD-0577F2977F,Richard Wolf,Optical Grasping Forceps Grasper 3XL,8466654,,insufficient_evidence,low,none,no_exact_result,no_result,not_found,current_non_us,,searched,no_exact_action_found,unknown,,not_applicable,Identity method: none. UDI assessment: no_exact_result. Manufacturer finding: current_non_us. Completed or permitted searches did not establish enough exact current-status evidence; no result is not a discontinuation finding.,"Does the exact current global manufacturer listing apply to the United States despite the ended UDI evidence?|Is there a current official U.S. product page, labeling document, or discontinuation notice for this exact identifier?",keep_hidden_insufficient_evidence,https://www.richard-wolf.com/mam/data/Typo3/Kataloge/Broncho-_Thorako-_Mediastinoskopie/Thorakale_Endoskopie_en.pdf|https://api.fda.gov/device/enforcement.json?search=product_description%3A%228466654%22&limit=100|https://api.fda.gov/device/recall.json?search=product_description%3A%228466654%22&limit=100,false
PRD-0581A0B7D2,Thoracent / M.I.Tech,Bonastent Tracheobronchial Stent,BTB-147009,,insufficient_evidence,low,none,no_exact_result,no_result,not_found,not_searched,,searched,no_exact_action_found,unknown,,not_applicable,Identity method: none. UDI assessment: no_exact_result. Manufacturer finding: not_searched. Completed or permitted searches did not establish enough exact current-status evidence; no result is not a discontinuation finding.,"Is there a current official U.S. product page, labeling document, or discontinuation notice for this exact identifier?",keep_hidden_insufficient_evidence,https://api.fda.gov/device/enforcement.json?search=product_description%3A%22BTB-147009%22&limit=100|https://api.fda.gov/device/recall.json?search=product_description%3A%22BTB-147009%22&limit=100,false
PRD-058B06F45B,Richard Wolf,Optical Pike-Mouth Grasping Forceps,8464.61,,insufficient_evidence,low,none,no_exact_result,no_result,not_found,current_non_us,,searched,no_exact_action_found,unknown,,not_applicable,Identity method: none. UDI assessment: no_exact_result. Manufacturer finding: current_non_us. Completed or permitted searches did not establish enough exact current-status evidence; no result is not a discontinuation finding.,"Does the exact current global manufacturer listing apply to the United States despite the ended UDI evidence?|Is there a current official U.S. product page, labeling document, or discontinuation notice for this exact identifier?",keep_hidden_insufficient_evidence,https://www.richard-wolf.com/mam/data/Typo3/Kataloge/Broncho-_Thorako-_Mediastinoskopie/Thorakale_Endoskopie_en.pdf|https://api.fda.gov/device/enforcement.json?search=product_description%3A%228464.61%22&limit=100|https://api.fda.gov/device/recall.json?search=product_description%3A%228464.61%22&limit=100,false
PRD-063913C3C0,Micro-Tech Endoscopy,Micro-Tech Fully covered Straight Tracheal Stent,ST02-334-16.050,,insufficient_evidence,low,none,no_exact_result,no_result,not_found,current_non_us,,searched,no_exact_action_found,unknown,,not_applicable,Identity method: none. UDI assessment: no_exact_result. Manufacturer finding: current_non_us. Completed or permitted searches did not establish enough exact current-status evidence; no result is not a discontinuation finding.,"Does the exact current global manufacturer listing apply to the United States despite the ended UDI evidence?|Is there a current official U.S. product page, labeling document, or discontinuation notice for this exact identifier?",keep_hidden_insufficient_evidence,https://www.micro-tech-medical.com/products/Tracheal-Bronchial-Stents.html|https://api.fda.gov/device/enforcement.json?search=product_description%3A%22ST02-334-16.050%22&limit=100|https://api.fda.gov/device/recall.json?search=product_description%3A%22ST02-334-16.050%22&limit=100,false
PRD-06811F5515,Karl Storz,HUZLY Suction Tube 3 mm x 35 cm,10434B,,insufficient_evidence,low,none,no_exact_result,no_result,not_found,no_result,,searched,no_exact_action_found,unknown,,not_applicable,Identity method: none. UDI assessment: no_exact_result. Manufacturer finding: no_result. Completed or permitted searches did not establish enough exact current-status evidence; no result is not a discontinuation finding.,"Is there a current official U.S. product page, labeling document, or discontinuation notice for this exact identifier?",keep_hidden_insufficient_evidence,https://www.karlstorz.com/us/en/thoracic-surgery-and-pulmonology.htm|https://api.fda.gov/device/enforcement.json?search=product_description%3A%2210434+B%22&limit=100|https://api.fda.gov/device/recall.json?search=product_description%3A%2210434+B%22&limit=100,false
PRD-06D2F10782,Karl Storz,Positive-Pressure Ventilation Injection Cannula,10318K,,insufficient_evidence,low,exact_manufacturer_model_number,all_exact_configurations_active,search_incomplete,not_found,no_result,,searched,no_exact_action_found,unknown,,not_applicable,Identity method: exact_manufacturer_model_number. UDI assessment: all_exact_configurations_active. Manufacturer finding: no_result. Completed or permitted searches did not establish enough exact current-status evidence; no result is not a discontinuation finding.,"Is there a current official U.S. product page, labeling document, or discontinuation notice for this exact identifier?",keep_hidden_insufficient_evidence,https://www.karlstorz.com/us/en/thoracic-surgery-and-pulmonology.htm|https://api.fda.gov/device/udi.json?search=version_or_model_number%3A%2210318K%22&limit=100|https://api.fda.gov/device/udi.json?search=identifiers.id%3A%2204048551045756%22&limit=100|https://api.fda.gov/device/classification.json?search=product_code%3A%22EOQ%22&limit=100|https://api.fda.gov/device/registrationlisting.json?search=products.product_code%3A%22EOQ%22&limit=100|https://api.fda.gov/device/enforcement.json?search=product_description%3A%2210318+K%22&limit=100|https://api.fda.gov/device/enforcement.json?search=code_info%3A%2204048551045756%22&limit=100|https://api.fda.gov/device/recall.json?search=product_description%3A%2210318+K%22&limit=100|https://api.fda.gov/device/recall.json?search=code_info%3A%2204048551045756%22&limit=100,false
PRD-075C3EC5EE,FUJIFILM SonoSite,SonoSite L13-6 Transducer,L13-6,,insufficient_evidence,low,none,no_exact_result,no_result,not_found,not_searched,,not_searched,unknown,unknown,,not_applicable,Identity method: none. UDI assessment: no_exact_result. Manufacturer finding: not_searched. Completed or permitted searches did not establish enough exact current-status evidence; no result is not a discontinuation finding.,"Is there a current official U.S. product page, labeling document, or discontinuation notice for this exact identifier?",keep_hidden_insufficient_evidence,https://www.sonosite.com/sites/default/files/Sonosite_LX_product_brochure_MKT03597_US_rev_C.pdf,false
PRD-07EAE54A89,Olympus,Spiration Deployment Catheter and Loader – HUD,REF-HUS-C26N,,insufficient_evidence,low,none,no_exact_result,no_result,not_found,no_result,,searched,no_exact_action_found,unknown,,not_applicable,Identity method: none. UDI assessment: no_exact_result. Manufacturer finding: no_result. Completed or permitted searches did not establish enough exact current-status evidence; no result is not a discontinuation finding.,"Is there a current official U.S. product page, labeling document, or discontinuation notice for this exact identifier?",keep_hidden_insufficient_evidence,https://content.medical.olympusamerica.com/sites/default/files/us/files/pdf/SVS-Air-Leak-Product-Order-Information_FINAL.pdf|https://api.fda.gov/device/enforcement.json?search=product_description%3A%22REF-HUS-C26N%22&limit=100|https://api.fda.gov/device/recall.json?search=product_description%3A%22REF-HUS-C26N%22&limit=100,false
PRD-087FFD6337,Karl Storz,Rubber Telescope Guide,10315N,,insufficient_evidence,low,exact_manufacturer_catalog_number,all_exact_configurations_active,search_incomplete,not_found,no_result,,searched,no_exact_action_found,unknown,,not_applicable,Identity method: exact_manufacturer_catalog_number. UDI assessment: all_exact_configurations_active. Manufacturer finding: no_result. Completed or permitted searches did not establish enough exact current-status evidence; no result is not a discontinuation finding.,"Is there a current official U.S. product page, labeling document, or discontinuation notice for this exact identifier?",keep_hidden_insufficient_evidence,https://www.karlstorz.com/us/en/thoracic-surgery-and-pulmonology.htm|https://api.fda.gov/device/udi.json?search=version_or_model_number%3A%2210315N%22&limit=100|https://api.fda.gov/device/udi.json?search=catalog_number%3A%2210315N%22&limit=100|https://api.fda.gov/device/udi.json?search=identifiers.id%3A%2204048551224724%22&limit=100|https://api.fda.gov/device/classification.json?search=product_code%3A%22EOQ%22&limit=100|https://api.fda.gov/device/registrationlisting.json?search=products.product_code%3A%22EOQ%22&limit=100|https://api.fda.gov/device/enforcement.json?search=code_info%3A%2204048551224724%22&limit=100|https://api.fda.gov/device/enforcement.json?search=product_description%3A%2210315+N%22&limit=100|https://api.fda.gov/device/recall.json?search=code_info%3A%2204048551224724%22&limit=100|https://api.fda.gov/device/recall.json?search=product_description%3A%2210315+N%22&limit=100,false
PRD-09AF1B1AE5,ERBE,"Pressure Reducer with Sensor for APC 2/APC 3, CGA Group",20134-006,,insufficient_evidence,low,none,no_exact_result,no_result,not_found,not_searched,,searched,no_exact_action_found,unknown,,not_applicable,Identity method: none. UDI assessment: no_exact_result. Manufacturer finding: not_searched. Completed or permitted searches did not establish enough exact current-status evidence; no result is not a discontinuation finding.,"Is there a current official U.S. product page, labeling document, or discontinuation notice for this exact identifier?",keep_hidden_insufficient_evidence,https://us.erbe-med.com/fileadmin/user_upload/documents/PDF/Catalogs/complete_Catalogs/85100-100_EN_Product-catalog.pdf|https://api.fda.gov/device/enforcement.json?search=product_description%3A%2220134-006%22&limit=100|https://api.fda.gov/device/recall.json?search=product_description%3A%2220134-006%22&limit=100,false
PRD-0A2ABE77F9,Karl Storz,Aspirator for Collecting Secretions without Cut-Off Hole,10432T,,insufficient_evidence,low,none,no_exact_result,no_result,not_found,no_result,,searched,no_exact_action_found,unknown,,not_applicable,Identity method: none. UDI assessment: no_exact_result. Manufacturer finding: no_result. Completed or permitted searches did not establish enough exact current-status evidence; no result is not a discontinuation finding.,"Is there a current official U.S. product page, labeling document, or discontinuation notice for this exact identifier?",keep_hidden_insufficient_evidence,https://www.karlstorz.com/us/en/thoracic-surgery-and-pulmonology.htm|https://api.fda.gov/device/enforcement.json?search=product_description%3A%2210432+T%22&limit=100|https://api.fda.gov/device/recall.json?search=product_description%3A%2210432+T%22&limit=100,false
PRD-0A9806F6F2,ERBE,"Bipolar Connecting Cable, Martin Standard, 5 m",20196-059,,insufficient_evidence,low,none,no_exact_result,no_result,not_found,not_searched,,searched,no_exact_action_found,unknown,,not_applicable,Identity method: none. UDI assessment: no_exact_result. Manufacturer finding: not_searched. Completed or permitted searches did not establish enough exact current-status evidence; no result is not a discontinuation finding.,"Is there a current official U.S. product page, labeling document, or discontinuation notice for this exact identifier?",keep_hidden_insufficient_evidence,https://us.erbe-med.com/fileadmin/user_upload/documents/PDF/Catalogs/complete_Catalogs/85100-100_EN_Product-catalog.pdf|https://api.fda.gov/device/enforcement.json?search=product_description%3A%2220196-059%22&limit=100|https://api.fda.gov/device/recall.json?search=product_description%3A%2220196-059%22&limit=100,false
PRD-0ADECF7C68,ERBE,"Bipolar Connecting Cable, International 2-Pin 22 mm, 5 m",20196-061,,insufficient_evidence,low,none,no_exact_result,no_result,not_found,not_searched,,searched,no_exact_action_found,unknown,,not_applicable,Identity method: none. UDI assessment: no_exact_result. Manufacturer finding: not_searched. Completed or permitted searches did not establish enough exact current-status evidence; no result is not a discontinuation finding.,"Is there a current official U.S. product page, labeling document, or discontinuation notice for this exact identifier?",keep_hidden_insufficient_evidence,https://us.erbe-med.com/fileadmin/user_upload/documents/PDF/Catalogs/complete_Catalogs/85100-100_EN_Product-catalog.pdf|https://api.fda.gov/device/enforcement.json?search=product_description%3A%2220196-061%22&limit=100|https://api.fda.gov/device/recall.json?search=product_description%3A%2220196-061%22&limit=100,false
PRD-0BA1BB5296,Richard Wolf,TipControl Articulated Grasping Forceps,823400002,,insufficient_evidence,low,none,no_exact_result,no_result,not_found,current_non_us,,searched,no_exact_action_found,unknown,,not_applicable,Identity method: none. UDI assessment: no_exact_result. Manufacturer finding: current_non_us. Completed or permitted searches did not establish enough exact current-status evidence; no result is not a discontinuation finding.,"Does the exact current global manufacturer listing apply to the United States despite the ended UDI evidence?|Is there a current official U.S. product page, labeling document, or discontinuation notice for this exact identifier?",keep_hidden_insufficient_evidence,https://www.richard-wolf.com/mam/data/Typo3/Kataloge/Broncho-_Thorako-_Mediastinoskopie/Thorakale_Endoskopie_en.pdf|https://api.fda.gov/device/enforcement.json?search=product_description%3A%22823400002%22&limit=100|https://api.fda.gov/device/recall.json?search=product_description%3A%22823400002%22&limit=100,false
PRD-0C3327D71D,Thoracent / M.I.Tech,Bonastent Tracheobronchial Stent,BTB-146009,,insufficient_evidence,low,none,no_exact_result,no_result,not_found,not_searched,,searched,no_exact_action_found,unknown,,not_applicable,Identity method: none. UDI assessment: no_exact_result. Manufacturer finding: not_searched. Completed or permitted searches did not establish enough exact current-status evidence; no result is not a discontinuation finding.,"Is there a current official U.S. product page, labeling document, or discontinuation notice for this exact identifier?",keep_hidden_insufficient_evidence,https://api.fda.gov/device/enforcement.json?search=product_description%3A%22BTB-146009%22&limit=100|https://api.fda.gov/device/recall.json?search=product_description%3A%22BTB-146009%22&limit=100,false
PRD-0C7A44B87D,ERBE,"Bipolar Connecting Cable, Valleylab 2-Pin 28 mm, 4 m, for da Vinci",20196-129,,insufficient_evidence,low,none,no_exact_result,no_result,not_found,not_searched,,searched,no_exact_action_found,unknown,,not_applicable,Identity method: none. UDI assessment: no_exact_result. Manufacturer finding: not_searched. Completed or permitted searches did not establish enough exact current-status evidence; no result is not a discontinuation finding.,"Is there a current official U.S. product page, labeling document, or discontinuation notice for this exact identifier?",keep_hidden_insufficient_evidence,https://us.erbe-med.com/fileadmin/user_upload/documents/PDF/Catalogs/complete_Catalogs/85100-100_EN_Product-catalog.pdf|https://api.fda.gov/device/enforcement.json?search=product_description%3A%2220196-129%22&limit=100|https://api.fda.gov/device/recall.json?search=product_description%3A%2220196-129%22&limit=100,false
PRD-0C821995AC,ERBE,"ERBECRYO 2 Exhaust Gas Hose, 5 m",20402-007,,insufficient_evidence,low,none,no_exact_result,no_result,not_found,no_result,,searched,no_exact_action_found,unknown,,not_applicable,Identity method: none. UDI assessment: no_exact_result. Manufacturer finding: no_result. Completed or permitted searches did not establish enough exact current-status evidence; no result is not a discontinuation finding.,"Is there a current official U.S. product page, labeling document, or discontinuation notice for this exact identifier?",keep_hidden_insufficient_evidence,https://us.erbe-med.com/fileadmin/user_upload/documents/PDF/USA/MKT-5074_ERBECRYO-2_2023-06.pdf|https://api.fda.gov/device/enforcement.json?search=product_description%3A%2220402-007%22&limit=100|https://api.fda.gov/device/recall.json?search=product_description%3A%2220402-007%22&limit=100,false
PRD-0EA2B293A4,Karl Storz,Prismatic Light Deflector,10101FA,,insufficient_evidence,low,exact_manufacturer_model_number,all_exact_configurations_active,search_incomplete,not_found,no_result,,searched,no_exact_action_found,unknown,,not_applicable,Identity method: exact_manufacturer_model_number. UDI assessment: all_exact_configurations_active. Manufacturer finding: no_result. Completed or permitted searches did not establish enough exact current-status evidence; no result is not a discontinuation finding.,"Is there a current official U.S. product page, labeling document, or discontinuation notice for this exact identifier?",keep_hidden_insufficient_evidence,https://www.karlstorz.com/us/en/thoracic-surgery-and-pulmonology.htm|https://api.fda.gov/device/udi.json?search=version_or_model_number%3A%2210101FA%22&limit=100|https://api.fda.gov/device/udi.json?search=identifiers.id%3A%2204048551045244%22&limit=100|https://api.fda.gov/device/classification.json?search=product_code%3A%22EOQ%22&limit=100|https://api.fda.gov/device/registrationlisting.json?search=products.product_code%3A%22EOQ%22&limit=100|https://api.fda.gov/device/enforcement.json?search=code_info%3A%2204048551045244%22&limit=100|https://api.fda.gov/device/enforcement.json?search=product_description%3A%2210101+FA%22&limit=100|https://api.fda.gov/device/recall.json?search=code_info%3A%2204048551045244%22&limit=100|https://api.fda.gov/device/recall.json?search=product_description%3A%2210101+FA%22&limit=100,false
PRD-0EA65ED2D3,Karl Storz,"Flexible Cannula, No Valve",40120NL,,insufficient_evidence,low,exact_manufacturer_catalog_number,all_exact_configurations_active,search_incomplete,not_found,no_result,,searched,no_exact_action_found,unknown,,not_applicable,Identity method: exact_manufacturer_catalog_number. UDI assessment: all_exact_configurations_active. Manufacturer finding: no_result. Completed or permitted searches did not establish enough exact current-status evidence; no result is not a discontinuation finding.,"Is there a current official U.S. product page, labeling document, or discontinuation notice for this exact identifier?",keep_hidden_insufficient_evidence,https://www.karlstorz.com/us/en/thoracic-surgery-and-pulmonology.htm|https://api.fda.gov/device/udi.json?search=catalog_number%3A%2240120NL%22&limit=100|https://api.fda.gov/device/udi.json?search=identifiers.id%3A%2204048551159149%22&limit=100|https://api.fda.gov/device/udi.json?search=version_or_model_number%3A%2240120NL%22&limit=100|https://api.fda.gov/device/classification.json?search=product_code%3A%22GCJ%22&limit=100|https://api.fda.gov/device/registrationlisting.json?search=products.product_code%3A%22GCJ%22&limit=100|https://api.fda.gov/device/enforcement.json?search=code_info%3A%2204048551159149%22&limit=100|https://api.fda.gov/device/enforcement.json?search=product_description%3A%2240120+NL%22&limit=100|https://api.fda.gov/device/recall.json?search=code_info%3A%2204048551159149%22&limit=100|https://api.fda.gov/device/recall.json?search=product_description%3A%2240120+NL%22&limit=100,false
PRD-0F20768341,Richard Wolf,TEXAS Optic Element Bundle,825101401,,insufficient_evidence,low,none,no_exact_result,no_result,not_found,current_non_us,,searched,no_exact_action_found,unknown,,not_applicable,Identity method: none. UDI assessment: no_exact_result. Manufacturer finding: current_non_us. Completed or permitted searches did not establish enough exact current-status evidence; no result is not a discontinuation finding.,"Does the exact current global manufacturer listing apply to the United States despite the ended UDI evidence?|Is there a current official U.S. product page, labeling document, or discontinuation notice for this exact identifier?",keep_hidden_insufficient_evidence,https://www.richard-wolf.com/mam/data/Typo3/Kataloge/Broncho-_Thorako-_Mediastinoskopie/Thorakale_Endoskopie_en.pdf|https://api.fda.gov/device/enforcement.json?search=product_description%3A%22825101401%22&limit=100|https://api.fda.gov/device/recall.json?search=product_description%3A%22825101401%22&limit=100,false
PRD-0F34939AF6,Karl Storz,Round Spoon Biopsy Forceps,10366L,,insufficient_evidence,low,exact_manufacturer_catalog_number,all_exact_configurations_active,search_incomplete,not_found,no_result,,searched,no_exact_action_found,unknown,,not_applicable,Identity method: exact_manufacturer_catalog_number. UDI assessment: all_exact_configurations_active. Manufacturer finding: no_result. Completed or permitted searches did not establish enough exact current-status evidence; no result is not a discontinuation finding.,"Is there a current official U.S. product page, labeling document, or discontinuation notice for this exact identifier?",keep_hidden_insufficient_evidence,https://www.karlstorz.com/us/en/thoracic-surgery-and-pulmonology.htm|https://api.fda.gov/device/udi.json?search=identifiers.id%3A%2204048551046968%22&limit=100|https://api.fda.gov/device/udi.json?search=version_or_model_number%3A%2210366L%22&limit=100|https://api.fda.gov/device/udi.json?search=catalog_number%3A%2210366L%22&limit=100|https://api.fda.gov/device/classification.json?search=product_code%3A%22EOQ%22&limit=100|https://api.fda.gov/device/registrationlisting.json?search=products.product_code%3A%22EOQ%22&limit=100|https://api.fda.gov/device/enforcement.json?search=product_description%3A%2210366+L%22&limit=100|https://api.fda.gov/device/enforcement.json?search=code_info%3A%2204048551046968%22&limit=100|https://api.fda.gov/device/recall.json?search=product_description%3A%2210366+L%22&limit=100|https://api.fda.gov/device/recall.json?search=code_info%3A%2204048551046968%22&limit=100,false
PRD-0F561988AB,ERBE,"Return-Electrode Connecting Cable, Standard, 4 m, Silicone",20194-070,,insufficient_evidence,low,none,no_exact_result,no_result,not_found,not_searched,,searched,no_exact_action_found,unknown,,not_applicable,Identity method: none. UDI assessment: no_exact_result. Manufacturer finding: not_searched. Completed or permitted searches did not establish enough exact current-status evidence; no result is not a discontinuation finding.,"Is there a current official U.S. product page, labeling document, or discontinuation notice for this exact identifier?",keep_hidden_insufficient_evidence,https://us.erbe-med.com/fileadmin/user_upload/documents/PDF/Catalogs/complete_Catalogs/85100-100_EN_Product-catalog.pdf|https://api.fda.gov/device/enforcement.json?search=product_description%3A%2220194-070%22&limit=100|https://api.fda.gov/device/recall.json?search=product_description%3A%2220194-070%22&limit=100,false
PRD-0FD6CC7A8E,Karl Storz,HOPKINS Forward-Oblique Telescope,10320BA,,insufficient_evidence,low,exact_manufacturer_model_number,all_exact_configurations_active,search_incomplete,not_found,no_result,,searched,no_exact_action_found,unknown,,not_applicable,Identity method: exact_manufacturer_model_number. UDI assessment: all_exact_configurations_active. Manufacturer finding: no_result. Completed or permitted searches did not establish enough exact current-status evidence; no result is not a discontinuation finding.,"Is there a current official U.S. product page, labeling document, or discontinuation notice for this exact identifier?",keep_hidden_insufficient_evidence,https://www.karlstorz.com/us/en/thoracic-surgery-and-pulmonology.htm|https://api.fda.gov/device/udi.json?search=version_or_model_number%3A%2210320BA%22&limit=100|https://api.fda.gov/device/udi.json?search=identifiers.id%3A%2204048551045909%22&limit=100|https://api.fda.gov/device/classification.json?search=product_code%3A%22EOB%22&limit=100|https://api.fda.gov/device/registrationlisting.json?search=products.product_code%3A%22EOB%22&limit=100|https://api.fda.gov/device/enforcement.json?search=code_info%3A%2204048551045909%22&limit=100|https://api.fda.gov/device/enforcement.json?search=product_description%3A%2210320+BA%22&limit=100|https://api.fda.gov/device/recall.json?search=code_info%3A%2204048551045909%22&limit=100|https://api.fda.gov/device/recall.json?search=product_description%3A%2210320+BA%22&limit=100,false
PRD-104DF655AD,Olympus,KV-6 Suction Pump,KV-6,,insufficient_evidence,low,none,no_exact_result,no_result,not_found,current_exact_official_us_product,,not_searched,unknown,unknown,,not_applicable,Identity method: none. UDI assessment: no_exact_result. Manufacturer finding: current_exact_official_us_product. Completed or permitted searches did not establish enough exact current-status evidence; no result is not a discontinuation finding.,"Is there a current official U.S. product page, labeling document, or discontinuation notice for this exact identifier?",keep_hidden_insufficient_evidence,https://content.medical.olympusamerica.com/products/accessory-solutions,false
PRD-1058B185EB,Richard Wolf,"Motor Handpiece, max 3000 rpm",89951.0001,,insufficient_evidence,low,none,no_exact_result,no_result,not_found,current_non_us,,searched,no_exact_action_found,unknown,,not_applicable,Identity method: none. UDI assessment: no_exact_result. Manufacturer finding: current_non_us. Completed or permitted searches did not establish enough exact current-status evidence; no result is not a discontinuation finding.,"Does the exact current global manufacturer listing apply to the United States despite the ended UDI evidence?|Is there a current official U.S. product page, labeling document, or discontinuation notice for this exact identifier?",keep_hidden_insufficient_evidence,https://www.richard-wolf.com/mam/data/Typo3/Kataloge/Broncho-_Thorako-_Mediastinoskopie/Thorakale_Endoskopie_en.pdf|https://api.fda.gov/device/enforcement.json?search=product_description%3A%2289951.0001%22&limit=100|https://api.fda.gov/device/recall.json?search=product_description%3A%2289951.0001%22&limit=100,false
PRD-108394A19E,Karl Storz,Sponge Holder 50 cm,10385A,,insufficient_evidence,low,exact_manufacturer_model_number,all_exact_configurations_active,search_incomplete,not_found,no_result,,searched,no_exact_action_found,unknown,,not_applicable,Identity method: exact_manufacturer_model_number. UDI assessment: all_exact_configurations_active. Manufacturer finding: no_result. Completed or permitted searches did not establish enough exact current-status evidence; no result is not a discontinuation finding.,"Is there a current official U.S. product page, labeling document, or discontinuation notice for this exact identifier?",keep_hidden_insufficient_evidence,https://www.karlstorz.com/us/en/thoracic-surgery-and-pulmonology.htm|https://api.fda.gov/device/udi.json?search=identifiers.id%3A%2204048551048115%22&limit=100|https://api.fda.gov/device/udi.json?search=version_or_model_number%3A%2210385A%22&limit=100|https://api.fda.gov/device/classification.json?search=product_code%3A%22EOQ%22&limit=100|https://api.fda.gov/device/registrationlisting.json?search=products.product_code%3A%22EOQ%22&limit=100|https://api.fda.gov/device/enforcement.json?search=code_info%3A%2204048551048115%22&limit=100|https://api.fda.gov/device/enforcement.json?search=product_description%3A%2210385+A%22&limit=100|https://api.fda.gov/device/recall.json?search=code_info%3A%2204048551048115%22&limit=100|https://api.fda.gov/device/recall.json?search=product_description%3A%2210385+A%22&limit=100,false
PRD-10B24D66DD,Karl Storz,Optical Large Sharp Tissue Forceps,10350M,,insufficient_evidence,low,exact_manufacturer_catalog_number,all_exact_configurations_active,search_incomplete,not_found,no_result,,searched,no_exact_action_found,unknown,,not_applicable,Identity method: exact_manufacturer_catalog_number. UDI assessment: all_exact_configurations_active. Manufacturer finding: no_result. Completed or permitted searches did not establish enough exact current-status evidence; no result is not a discontinuation finding.,"Is there a current official U.S. product page, labeling document, or discontinuation notice for this exact identifier?",keep_hidden_insufficient_evidence,https://www.karlstorz.com/us/en/thoracic-surgery-and-pulmonology.htm|https://api.fda.gov/device/udi.json?search=version_or_model_number%3A%2210350M%22&limit=100|https://api.fda.gov/device/udi.json?search=identifiers.id%3A%2204048551046746%22&limit=100|https://api.fda.gov/device/udi.json?search=catalog_number%3A%2210350M%22&limit=100|https://api.fda.gov/device/classification.json?search=product_code%3A%22EOQ%22&limit=100|https://api.fda.gov/device/registrationlisting.json?search=products.product_code%3A%22EOQ%22&limit=100|https://api.fda.gov/device/enforcement.json?search=product_description%3A%2210350+M%22&limit=100|https://api.fda.gov/device/enforcement.json?search=code_info%3A%2204048551046746%22&limit=100|https://api.fda.gov/device/recall.json?search=product_description%3A%2210350+M%22&limit=100|https://api.fda.gov/device/recall.json?search=code_info%3A%2204048551046746%22&limit=100,false
PRD-112FA15A7C,Micro-Tech Endoscopy,Micro-Tech Partially covered Straight Tracheal Stent,ST02-332-16.060,,insufficient_evidence,low,none,no_exact_result,no_result,not_found,current_non_us,,searched,no_exact_action_found,unknown,,not_applicable,Identity method: none. UDI assessment: no_exact_result. Manufacturer finding: current_non_us. Completed or permitted searches did not establish enough exact current-status evidence; no result is not a discontinuation finding.,"Does the exact current global manufacturer listing apply to the United States despite the ended UDI evidence?|Is there a current official U.S. product page, labeling document, or discontinuation notice for this exact identifier?",keep_hidden_insufficient_evidence,https://www.micro-tech-medical.com/products/Tracheal-Bronchial-Stents.html|https://api.fda.gov/device/enforcement.json?search=product_description%3A%22ST02-332-16.060%22&limit=100|https://api.fda.gov/device/recall.json?search=product_description%3A%22ST02-332-16.060%22&limit=100,false
PRD-11ADF871FE,Karl Storz,Cotton Applicator 50 cm,10384A,,insufficient_evidence,low,exact_manufacturer_model_number,all_exact_configurations_active,search_incomplete,premarket_exempt,no_result,,searched,no_exact_action_found,unknown,,not_applicable,Identity method: exact_manufacturer_model_number. UDI assessment: all_exact_configurations_active. Manufacturer finding: no_result. Completed or permitted searches did not establish enough exact current-status evidence; no result is not a discontinuation finding.,"Is there a current official U.S. product page, labeling document, or discontinuation notice for this exact identifier?",keep_hidden_insufficient_evidence,https://www.karlstorz.com/us/en/thoracic-surgery-and-pulmonology.htm|https://api.fda.gov/device/udi.json?search=identifiers.id%3A%2204048551002018%22&limit=100|https://api.fda.gov/device/udi.json?search=version_or_model_number%3A%2210384A%22&limit=100|https://api.fda.gov/device/classification.json?search=product_code%3A%22LRC%22&limit=100|https://api.fda.gov/device/registrationlisting.json?search=products.product_code%3A%22LRC%22&limit=100|https://api.fda.gov/device/enforcement.json?search=code_info%3A%2204048551002018%22&limit=100|https://api.fda.gov/device/enforcement.json?search=product_description%3A%2210384+A%22&limit=100|https://api.fda.gov/device/recall.json?search=code_info%3A%2204048551002018%22&limit=100|https://api.fda.gov/device/recall.json?search=product_description%3A%2210384+A%22&limit=100,false
PRD-125BCF3BDD,Richard Wolf,HEMER Bronchoscope Tube Bundle,8214.0641,,insufficient_evidence,low,none,no_exact_result,no_result,not_found,current_non_us,,searched,no_exact_action_found,unknown,,not_applicable,Identity method: none. UDI assessment: no_exact_result. Manufacturer finding: current_non_us. Completed or permitted searches did not establish enough exact current-status evidence; no result is not a discontinuation finding.,"Does the exact current global manufacturer listing apply to the United States despite the ended UDI evidence?|Is there a current official U.S. product page, labeling document, or discontinuation notice for this exact identifier?",keep_hidden_insufficient_evidence,https://www.richard-wolf.com/mam/data/Typo3/Kataloge/Broncho-_Thorako-_Mediastinoskopie/Thorakale_Endoskopie_en.pdf|https://api.fda.gov/device/enforcement.json?search=product_description%3A%228214.0641%22&limit=100|https://api.fda.gov/device/recall.json?search=product_description%3A%228214.0641%22&limit=100,false
PRD-1266378787,Olympus,TC-C4 Series Workstation Set,K10029899,,insufficient_evidence,low,none,no_exact_result,no_result,not_found,family_only_current,,searched,no_exact_action_found,unknown,,not_applicable,Identity method: none. UDI assessment: no_exact_result. Manufacturer finding: family_only_current. Completed or permitted searches did not establish enough exact current-status evidence; no result is not a discontinuation finding.,"Is there a current official U.S. product page, labeling document, or discontinuation notice for this exact identifier?",keep_hidden_insufficient_evidence,https://content.medical.olympusamerica.com/products/accessory-solutions|https://api.fda.gov/device/enforcement.json?search=product_description%3A%22K10029899%22&limit=100|https://api.fda.gov/device/recall.json?search=product_description%3A%22K10029899%22&limit=100,false
PRD-129E6C270A,Karl Storz,"Single-Use Plastic Collection Device, Pack of 100",10432ED,,insufficient_evidence,low,none,no_exact_result,no_result,not_found,no_result,,searched,no_exact_action_found,unknown,,not_applicable,Identity method: none. UDI assessment: no_exact_result. Manufacturer finding: no_result. Completed or permitted searches did not establish enough exact current-status evidence; no result is not a discontinuation finding.,"Is there a current official U.S. product page, labeling document, or discontinuation notice for this exact identifier?",keep_hidden_insufficient_evidence,https://www.karlstorz.com/us/en/thoracic-surgery-and-pulmonology.htm|https://api.fda.gov/device/enforcement.json?search=product_description%3A%2210432+ED%22&limit=100|https://api.fda.gov/device/recall.json?search=product_description%3A%2210432+ED%22&limit=100,false
PRD-12CFCE9A6C,Olympus,WM-DP3 Series Workstation,WM-DP3,,insufficient_evidence,low,none,no_exact_result,no_result,not_found,family_only_current,,searched,no_exact_action_found,unknown,,not_applicable,Identity method: none. UDI assessment: no_exact_result. Manufacturer finding: family_only_current. Completed or permitted searches did not establish enough exact current-status evidence; no result is not a discontinuation finding.,"Is there a current official U.S. product page, labeling document, or discontinuation notice for this exact identifier?",keep_hidden_insufficient_evidence,https://content.medical.olympusamerica.com/products/accessory-solutions|https://api.fda.gov/device/enforcement.json?search=product_description%3A%22WM-DP3%22&limit=100|https://api.fda.gov/device/recall.json?search=product_description%3A%22WM-DP3%22&limit=100,false
PRD-136C288332,Olympus,TC-C3 Series Workstation Set,K10034676,,insufficient_evidence,low,none,no_exact_result,no_result,not_found,family_only_current,,searched,no_exact_action_found,unknown,,not_applicable,Identity method: none. UDI assessment: no_exact_result. Manufacturer finding: family_only_current. Completed or permitted searches did not establish enough exact current-status evidence; no result is not a discontinuation finding.,"Is there a current official U.S. product page, labeling document, or discontinuation notice for this exact identifier?",keep_hidden_insufficient_evidence,https://content.medical.olympusamerica.com/products/accessory-solutions|https://api.fda.gov/device/enforcement.json?search=product_description%3A%22K10034676%22&limit=100|https://api.fda.gov/device/recall.json?search=product_description%3A%22K10034676%22&limit=100,false
PRD-138ECF4319,Thoracent / M.I.Tech,Bonastent Tracheobronchial Stent,BTB-104009,,insufficient_evidence,low,none,no_exact_result,no_result,not_found,not_searched,,searched,no_exact_action_found,unknown,,not_applicable,Identity method: none. UDI assessment: no_exact_result. Manufacturer finding: not_searched. Completed or permitted searches did not establish enough exact current-status evidence; no result is not a discontinuation finding.,"Is there a current official U.S. product page, labeling document, or discontinuation notice for this exact identifier?",keep_hidden_insufficient_evidence,https://api.fda.gov/device/enforcement.json?search=product_description%3A%22BTB-104009%22&limit=100|https://api.fda.gov/device/recall.json?search=product_description%3A%22BTB-104009%22&limit=100,false
PRD-13EE4FE542,Thoracent / M.I.Tech,Bonastent Tracheobronchial Stent,BTB-167009,,insufficient_evidence,low,none,no_exact_result,no_result,not_found,not_searched,,searched,no_exact_action_found,unknown,,not_applicable,Identity method: none. UDI assessment: no_exact_result. Manufacturer finding: not_searched. Completed or permitted searches did not establish enough exact current-status evidence; no result is not a discontinuation finding.,"Is there a current official U.S. product page, labeling document, or discontinuation notice for this exact identifier?",keep_hidden_insufficient_evidence,https://api.fda.gov/device/enforcement.json?search=product_description%3A%22BTB-167009%22&limit=100|https://api.fda.gov/device/recall.json?search=product_description%3A%22BTB-167009%22&limit=100,false
PRD-1425225614,ERBE,"APC Ignition Test Adapter for VIO D/S, ICC, International",20183-071,,insufficient_evidence,low,none,no_exact_result,no_result,not_found,not_searched,,searched,no_exact_action_found,unknown,,not_applicable,Identity method: none. UDI assessment: no_exact_result. Manufacturer finding: not_searched. Completed or permitted searches did not establish enough exact current-status evidence; no result is not a discontinuation finding.,"Is there a current official U.S. product page, labeling document, or discontinuation notice for this exact identifier?",keep_hidden_insufficient_evidence,https://us.erbe-med.com/fileadmin/user_upload/documents/PDF/Catalogs/complete_Catalogs/85100-100_EN_Product-catalog.pdf|https://us.erbe-med.com/fileadmin/user_upload/documents/PDF/Catalogs/complete_Catalogs/85100-100_EN_Product-catalog.pdf|https://api.fda.gov/device/enforcement.json?search=product_description%3A%2220183-071%22&limit=100|https://api.fda.gov/device/recall.json?search=product_description%3A%2220183-071%22&limit=100,false
PRD-148F8BC5BA,Micro-Tech Endoscopy,Tracheobronchial Y-Stent,ST05-152.16.040,,insufficient_evidence,low,none,no_exact_result,no_result,not_found,not_searched,,searched,no_exact_action_found,unknown,,not_applicable,Identity method: none. UDI assessment: no_exact_result. Manufacturer finding: not_searched. Completed or permitted searches did not establish enough exact current-status evidence; no result is not a discontinuation finding.,"Is there a current official U.S. product page, labeling document, or discontinuation notice for this exact identifier?",keep_hidden_insufficient_evidence,https://api.fda.gov/device/enforcement.json?search=product_description%3A%22ST05-152.16.040%22&limit=100|https://api.fda.gov/device/recall.json?search=product_description%3A%22ST05-152.16.040%22&limit=100,false
PRD-14ED7EA20B,ERBE,"Monopolar Connecting Cable, 3-Pin to 4 mm Socket for Needle/STORZ, 4.5 m",20192-132,,insufficient_evidence,low,none,no_exact_result,no_result,not_found,not_searched,,searched,no_exact_action_found,unknown,,not_applicable,Identity method: none. UDI assessment: no_exact_result. Manufacturer finding: not_searched. Completed or permitted searches did not establish enough exact current-status evidence; no result is not a discontinuation finding.,"Is there a current official U.S. product page, labeling document, or discontinuation notice for this exact identifier?",keep_hidden_insufficient_evidence,https://us.erbe-med.com/fileadmin/user_upload/documents/PDF/Catalogs/complete_Catalogs/85100-100_EN_Product-catalog.pdf|https://api.fda.gov/device/enforcement.json?search=product_description%3A%2220192-132%22&limit=100|https://api.fda.gov/device/recall.json?search=product_description%3A%2220192-132%22&limit=100,false
PRD-14F0A7735B,Pinnacle Biologics,"OPTIGUIDE Fiber Optic Diffuser, 2.0 cm",,,insufficient_evidence,low,none,no_exact_result,no_result,not_found,not_searched,,not_searched,unknown,unknown,,not_applicable,Identity method: none. UDI assessment: no_exact_result. Manufacturer finding: not_searched. Completed or permitted searches did not establish enough exact current-status evidence; no result is not a discontinuation finding.,"Is there a current official U.S. product page, labeling document, or discontinuation notice for this exact identifier?",keep_hidden_insufficient_evidence,,false
PRD-16C811C696,Karl Storz,Optical Biopsy Forceps,26072A,,insufficient_evidence,low,exact_manufacturer_catalog_number,all_exact_configurations_active,search_incomplete,premarket_exempt,no_result,,searched,no_exact_action_found,unknown,,not_applicable,Identity method: exact_manufacturer_catalog_number. UDI assessment: all_exact_configurations_active. Manufacturer finding: no_result. Completed or permitted searches did not establish enough exact current-status evidence; no result is not a discontinuation finding.,"Is there a current official U.S. product page, labeling document, or discontinuation notice for this exact identifier?",keep_hidden_insufficient_evidence,https://www.karlstorz.com/us/en/thoracic-surgery-and-pulmonology.htm|https://api.fda.gov/device/udi.json?search=version_or_model_number%3A%2226072A%22&limit=100|https://api.fda.gov/device/udi.json?search=catalog_number%3A%2226072A%22&limit=100|https://api.fda.gov/device/udi.json?search=identifiers.id%3A%2204048551093023%22&limit=100|https://api.fda.gov/device/classification.json?search=product_code%3A%22LRC%22&limit=100|https://api.fda.gov/device/registrationlisting.json?search=products.product_code%3A%22LRC%22&limit=100|https://api.fda.gov/device/enforcement.json?search=product_description%3A%2226072+A%22&limit=100|https://api.fda.gov/device/enforcement.json?search=code_info%3A%2204048551093023%22&limit=100|https://api.fda.gov/device/recall.json?search=code_info%3A%2204048551093023%22&limit=100|https://api.fda.gov/device/recall.json?search=product_description%3A%2226072+A%22&limit=100,false
PRD-17C3809F8C,Karl Storz,Oval Fenestrated Biopsy Forceps,10370P,,insufficient_evidence,low,exact_manufacturer_catalog_number,all_exact_configurations_active,search_incomplete,not_found,no_result,,searched,no_exact_action_found,unknown,,not_applicable,Identity method: exact_manufacturer_catalog_number. UDI assessment: all_exact_configurations_active. Manufacturer finding: no_result. Completed or permitted searches did not establish enough exact current-status evidence; no result is not a discontinuation finding.,"Is there a current official U.S. product page, labeling document, or discontinuation notice for this exact identifier?",keep_hidden_insufficient_evidence,https://www.karlstorz.com/us/en/thoracic-surgery-and-pulmonology.htm|https://api.fda.gov/device/udi.json?search=catalog_number%3A%2210370P%22&limit=100|https://api.fda.gov/device/udi.json?search=identifiers.id%3A%2204048551047200%22&limit=100|https://api.fda.gov/device/udi.json?search=version_or_model_number%3A%2210370P%22&limit=100|https://api.fda.gov/device/classification.json?search=product_code%3A%22EOQ%22&limit=100|https://api.fda.gov/device/registrationlisting.json?search=products.product_code%3A%22EOQ%22&limit=100|https://api.fda.gov/device/enforcement.json?search=product_description%3A%2210370+P%22&limit=100|https://api.fda.gov/device/enforcement.json?search=code_info%3A%2204048551047200%22&limit=100|https://api.fda.gov/device/recall.json?search=code_info%3A%2204048551047200%22&limit=100|https://api.fda.gov/device/recall.json?search=product_description%3A%2210370+P%22&limit=100,false
PRD-17DB23EBC0,Karl Storz,"Bronchial Atomizer, 40 cm",10452B,,insufficient_evidence,low,none,no_exact_result,no_result,not_found,no_result,,searched,no_exact_action_found,unknown,,not_applicable,Identity method: none. UDI assessment: no_exact_result. Manufacturer finding: no_result. Completed or permitted searches did not establish enough exact current-status evidence; no result is not a discontinuation finding.,"Is there a current official U.S. product page, labeling document, or discontinuation notice for this exact identifier?",keep_hidden_insufficient_evidence,https://www.karlstorz.com/us/en/thoracic-surgery-and-pulmonology.htm|https://api.fda.gov/device/enforcement.json?search=product_description%3A%2210452+B%22&limit=100|https://api.fda.gov/device/recall.json?search=product_description%3A%2210452+B%22&limit=100,false
PRD-1840ABC86D,Olympus,SSU-2 Suction Tubing/Accessory,K7505595,,insufficient_evidence,low,none,no_exact_result,no_result,not_found,family_only_current,,searched,no_exact_action_found,unknown,,not_applicable,Identity method: none. UDI assessment: no_exact_result. Manufacturer finding: family_only_current. Completed or permitted searches did not establish enough exact current-status evidence; no result is not a discontinuation finding.,"Is there a current official U.S. product page, labeling document, or discontinuation notice for this exact identifier?",keep_hidden_insufficient_evidence,https://content.medical.olympusamerica.com/products/accessory-solutions|https://api.fda.gov/device/enforcement.json?search=product_description%3A%22K7505595%22&limit=100|https://api.fda.gov/device/recall.json?search=product_description%3A%22K7505595%22&limit=100,false
PRD-18D62EB4E8,Richard Wolf,"Fiber Light Cable Bundle, 2.5 mm x 2.3 m",806625231,,insufficient_evidence,low,none,no_exact_result,no_result,not_found,current_non_us,,searched,no_exact_action_found,unknown,,not_applicable,Identity method: none. UDI assessment: no_exact_result. Manufacturer finding: current_non_us. Completed or permitted searches did not establish enough exact current-status evidence; no result is not a discontinuation finding.,"Does the exact current global manufacturer listing apply to the United States despite the ended UDI evidence?|Is there a current official U.S. product page, labeling document, or discontinuation notice for this exact identifier?",keep_hidden_insufficient_evidence,https://www.richard-wolf.com/mam/data/Typo3/Kataloge/Broncho-_Thorako-_Mediastinoskopie/Thorakale_Endoskopie_en.pdf|https://api.fda.gov/device/enforcement.json?search=product_description%3A%22806625231%22&limit=100|https://api.fda.gov/device/recall.json?search=product_description%3A%22806625231%22&limit=100,false
PRD-18F33007D6,Richard Wolf,WOLF Bronchoscope Tube Bundle,8214.0821,,insufficient_evidence,low,none,no_exact_result,no_result,not_found,current_non_us,,searched,no_exact_action_found,unknown,,not_applicable,Identity method: none. UDI assessment: no_exact_result. Manufacturer finding: current_non_us. Completed or permitted searches did not establish enough exact current-status evidence; no result is not a discontinuation finding.,"Does the exact current global manufacturer listing apply to the United States despite the ended UDI evidence?|Is there a current official U.S. product page, labeling document, or discontinuation notice for this exact identifier?",keep_hidden_insufficient_evidence,https://www.richard-wolf.com/mam/data/Typo3/Kataloge/Broncho-_Thorako-_Mediastinoskopie/Thorakale_Endoskopie_en.pdf|https://api.fda.gov/device/enforcement.json?search=product_description%3A%228214.0821%22&limit=100|https://api.fda.gov/device/recall.json?search=product_description%3A%228214.0821%22&limit=100,false
PRD-1905FD9828,Karl Storz,Optical Alligator Forceps for Hard Foreign Bodies,10350HF,,insufficient_evidence,low,exact_manufacturer_catalog_number,all_exact_configurations_active,search_incomplete,not_found,no_result,,searched,no_exact_action_found,unknown,,not_applicable,Identity method: exact_manufacturer_catalog_number. UDI assessment: all_exact_configurations_active. Manufacturer finding: no_result. Completed or permitted searches did not establish enough exact current-status evidence; no result is not a discontinuation finding.,"Is there a current official U.S. product page, labeling document, or discontinuation notice for this exact identifier?",keep_hidden_insufficient_evidence,https://www.karlstorz.com/us/en/thoracic-surgery-and-pulmonology.htm|https://api.fda.gov/device/udi.json?search=version_or_model_number%3A%2210350HF%22&limit=100|https://api.fda.gov/device/udi.json?search=identifiers.id%3A%2204048551046708%22&limit=100|https://api.fda.gov/device/udi.json?search=catalog_number%3A%2210350HF%22&limit=100|https://api.fda.gov/device/classification.json?search=product_code%3A%22EOQ%22&limit=100|https://api.fda.gov/device/registrationlisting.json?search=products.product_code%3A%22EOQ%22&limit=100|https://api.fda.gov/device/enforcement.json?search=product_description%3A%2210350+HF%22&limit=100|https://api.fda.gov/device/enforcement.json?search=code_info%3A%2204048551046708%22&limit=100|https://api.fda.gov/device/recall.json?search=code_info%3A%2204048551046708%22&limit=100|https://api.fda.gov/device/recall.json?search=product_description%3A%2210350+HF%22&limit=100,false
PRD-190EC613D0,Karl Storz,Forceps for Peanuts/Soft Foreign Bodies,10372KL,,insufficient_evidence,low,exact_manufacturer_catalog_number,all_exact_configurations_active,search_incomplete,not_found,no_result,,searched,no_exact_action_found,unknown,,not_applicable,Identity method: exact_manufacturer_catalog_number. UDI assessment: all_exact_configurations_active. Manufacturer finding: no_result. Completed or permitted searches did not establish enough exact current-status evidence; no result is not a discontinuation finding.,"Is there a current official U.S. product page, labeling document, or discontinuation notice for this exact identifier?",keep_hidden_insufficient_evidence,https://www.karlstorz.com/us/en/thoracic-surgery-and-pulmonology.htm|https://api.fda.gov/device/udi.json?search=identifiers.id%3A%2204048551047477%22&limit=100|https://api.fda.gov/device/udi.json?search=version_or_model_number%3A%2210372KL%22&limit=100|https://api.fda.gov/device/udi.json?search=catalog_number%3A%2210372KL%22&limit=100|https://api.fda.gov/device/classification.json?search=product_code%3A%22EOQ%22&limit=100|https://api.fda.gov/device/registrationlisting.json?search=products.product_code%3A%22EOQ%22&limit=100|https://api.fda.gov/device/enforcement.json?search=product_description%3A%2210372+KL%22&limit=100|https://api.fda.gov/device/enforcement.json?search=code_info%3A%2204048551047477%22&limit=100|https://api.fda.gov/device/recall.json?search=code_info%3A%2204048551047477%22&limit=100|https://api.fda.gov/device/recall.json?search=product_description%3A%2210372+KL%22&limit=100,false
PRD-19D03D9B14,ERBE,"Bipolar Connecting Cable, Martin Standard, 4 m",20196-047,,insufficient_evidence,low,none,no_exact_result,no_result,not_found,not_searched,,searched,no_exact_action_found,unknown,,not_applicable,Identity method: none. UDI assessment: no_exact_result. Manufacturer finding: not_searched. Completed or permitted searches did not establish enough exact current-status evidence; no result is not a discontinuation finding.,"Is there a current official U.S. product page, labeling document, or discontinuation notice for this exact identifier?",keep_hidden_insufficient_evidence,https://us.erbe-med.com/fileadmin/user_upload/documents/PDF/Catalogs/complete_Catalogs/85100-100_EN_Product-catalog.pdf|https://api.fda.gov/device/enforcement.json?search=product_description%3A%2220196-047%22&limit=100|https://api.fda.gov/device/recall.json?search=product_description%3A%2220196-047%22&limit=100,false
PRD-1BD0F9BD70,ERBE,"Pressure Reducer with Sensor for APC 2/APC 3, BS 341 No. 3",20134-003,,insufficient_evidence,low,none,no_exact_result,no_result,not_found,not_searched,,searched,no_exact_action_found,unknown,,not_applicable,Identity method: none. UDI assessment: no_exact_result. Manufacturer finding: not_searched. Completed or permitted searches did not establish enough exact current-status evidence; no result is not a discontinuation finding.,"Is there a current official U.S. product page, labeling document, or discontinuation notice for this exact identifier?",keep_hidden_insufficient_evidence,https://us.erbe-med.com/fileadmin/user_upload/documents/PDF/Catalogs/complete_Catalogs/85100-100_EN_Product-catalog.pdf|https://api.fda.gov/device/enforcement.json?search=product_description%3A%2220134-003%22&limit=100|https://api.fda.gov/device/recall.json?search=product_description%3A%2220134-003%22&limit=100,false
PRD-1C70287572,Karl Storz,Rigid Instrument Guide with Anti-Fog System,10329A,,insufficient_evidence,low,exact_manufacturer_model_number,all_exact_configurations_active,search_incomplete,not_found,no_result,,searched,no_exact_action_found,unknown,,not_applicable,Identity method: exact_manufacturer_model_number. UDI assessment: all_exact_configurations_active. Manufacturer finding: no_result. Completed or permitted searches did not establish enough exact current-status evidence; no result is not a discontinuation finding.,"Is there a current official U.S. product page, labeling document, or discontinuation notice for this exact identifier?",keep_hidden_insufficient_evidence,https://www.karlstorz.com/us/en/thoracic-surgery-and-pulmonology.htm|https://api.fda.gov/device/udi.json?search=version_or_model_number%3A%2210329A%22&limit=100|https://api.fda.gov/device/udi.json?search=identifiers.id%3A%2204048551046012%22&limit=100|https://api.fda.gov/device/classification.json?search=product_code%3A%22EOQ%22&limit=100|https://api.fda.gov/device/registrationlisting.json?search=products.product_code%3A%22EOQ%22&limit=100|https://api.fda.gov/device/enforcement.json?search=product_description%3A%2210329+A%22&limit=100|https://api.fda.gov/device/enforcement.json?search=code_info%3A%2204048551046012%22&limit=100|https://api.fda.gov/device/recall.json?search=product_description%3A%2210329+A%22&limit=100|https://api.fda.gov/device/recall.json?search=code_info%3A%2204048551046012%22&limit=100,false
PRD-1C81CBF06E,Richard Wolf,"Endobronchial Resector, Curved",825620446,,insufficient_evidence,low,none,no_exact_result,no_result,not_found,current_non_us,,searched,no_exact_action_found,unknown,,not_applicable,Identity method: none. UDI assessment: no_exact_result. Manufacturer finding: current_non_us. Completed or permitted searches did not establish enough exact current-status evidence; no result is not a discontinuation finding.,"Does the exact current global manufacturer listing apply to the United States despite the ended UDI evidence?|Is there a current official U.S. product page, labeling document, or discontinuation notice for this exact identifier?",keep_hidden_insufficient_evidence,https://www.richard-wolf.com/mam/data/Typo3/Kataloge/Broncho-_Thorako-_Mediastinoskopie/Thorakale_Endoskopie_en.pdf|https://api.fda.gov/device/enforcement.json?search=product_description%3A%22825620446%22&limit=100|https://api.fda.gov/device/recall.json?search=product_description%3A%22825620446%22&limit=100,false
PRD-1CA81E960D,Karl Storz,Universal Forceps,10371U,,insufficient_evidence,low,exact_manufacturer_catalog_number,all_exact_configurations_active,search_incomplete,not_found,no_result,,searched,no_exact_action_found,unknown,,not_applicable,Identity method: exact_manufacturer_catalog_number. UDI assessment: all_exact_configurations_active. Manufacturer finding: no_result. Completed or permitted searches did not establish enough exact current-status evidence; no result is not a discontinuation finding.,"Is there a current official U.S. product page, labeling document, or discontinuation notice for this exact identifier?",keep_hidden_insufficient_evidence,https://www.karlstorz.com/us/en/thoracic-surgery-and-pulmonology.htm|https://api.fda.gov/device/udi.json?search=identifiers.id%3A%2204048551047408%22&limit=100|https://api.fda.gov/device/udi.json?search=version_or_model_number%3A%2210371U%22&limit=100|https://api.fda.gov/device/udi.json?search=catalog_number%3A%2210371U%22&limit=100|https://api.fda.gov/device/classification.json?search=product_code%3A%22EOQ%22&limit=100|https://api.fda.gov/device/registrationlisting.json?search=products.product_code%3A%22EOQ%22&limit=100|https://api.fda.gov/device/enforcement.json?search=code_info%3A%2204048551047408%22&limit=100|https://api.fda.gov/device/enforcement.json?search=product_description%3A%2210371+U%22&limit=100|https://api.fda.gov/device/recall.json?search=code_info%3A%2204048551047408%22&limit=100|https://api.fda.gov/device/recall.json?search=product_description%3A%2210371+U%22&limit=100,false
PRD-1CFFD3C377,Karl Storz,Suction Tube,10380AK,,insufficient_evidence,low,exact_manufacturer_model_number,all_exact_configurations_active,search_incomplete,premarket_exempt,no_result,,searched,no_exact_action_found,unknown,,not_applicable,Identity method: exact_manufacturer_model_number. UDI assessment: all_exact_configurations_active. Manufacturer finding: no_result. Completed or permitted searches did not establish enough exact current-status evidence; no result is not a discontinuation finding.,"Is there a current official U.S. product page, labeling document, or discontinuation notice for this exact identifier?",keep_hidden_insufficient_evidence,https://www.karlstorz.com/us/en/thoracic-surgery-and-pulmonology.htm|https://api.fda.gov/device/udi.json?search=identifiers.id%3A%2204048551047736%22&limit=100|https://api.fda.gov/device/udi.json?search=version_or_model_number%3A%2210380AK%22&limit=100|https://api.fda.gov/device/classification.json?search=product_code%3A%22MDM%22&limit=100|https://api.fda.gov/device/enforcement.json?search=code_info%3A%2204048551047736%22&limit=100|https://api.fda.gov/device/enforcement.json?search=product_description%3A%2210380+AK%22&limit=100|https://api.fda.gov/device/recall.json?search=product_description%3A%2210380+AK%22&limit=100|https://api.fda.gov/device/recall.json?search=code_info%3A%2204048551047736%22&limit=100,false
PRD-1DCE96086D,Richard Wolf,WOLF Bronchoscope Tube Bundle,8214.1021,,insufficient_evidence,low,none,no_exact_result,no_result,not_found,current_non_us,,searched,no_exact_action_found,unknown,,not_applicable,Identity method: none. UDI assessment: no_exact_result. Manufacturer finding: current_non_us. Completed or permitted searches did not establish enough exact current-status evidence; no result is not a discontinuation finding.,"Does the exact current global manufacturer listing apply to the United States despite the ended UDI evidence?|Is there a current official U.S. product page, labeling document, or discontinuation notice for this exact identifier?",keep_hidden_insufficient_evidence,https://www.richard-wolf.com/mam/data/Typo3/Kataloge/Broncho-_Thorako-_Mediastinoskopie/Thorakale_Endoskopie_en.pdf|https://api.fda.gov/device/enforcement.json?search=product_description%3A%228214.1021%22&limit=100|https://api.fda.gov/device/recall.json?search=product_description%3A%228214.1021%22&limit=100,false
PRD-1DDAD96A7B,ERBE,"Bipolar Connecting Cable, Standard, 4 m, for BiSect Scissors",20196-106,,insufficient_evidence,low,none,no_exact_result,no_result,not_found,not_searched,,searched,no_exact_action_found,unknown,,not_applicable,Identity method: none. UDI assessment: no_exact_result. Manufacturer finding: not_searched. Completed or permitted searches did not establish enough exact current-status evidence; no result is not a discontinuation finding.,"Is there a current official U.S. product page, labeling document, or discontinuation notice for this exact identifier?",keep_hidden_insufficient_evidence,https://us.erbe-med.com/fileadmin/user_upload/documents/PDF/Catalogs/complete_Catalogs/85100-100_EN_Product-catalog.pdf|https://api.fda.gov/device/enforcement.json?search=product_description%3A%2220196-106%22&limit=100|https://api.fda.gov/device/recall.json?search=product_description%3A%2220196-106%22&limit=100,false
PRD-1E339ED4FF,Karl Storz,Universal Forceps,10371UL,,insufficient_evidence,low,exact_manufacturer_catalog_number,all_exact_configurations_active,search_incomplete,not_found,no_result,,searched,no_exact_action_found,unknown,,not_applicable,Identity method: exact_manufacturer_catalog_number. UDI assessment: all_exact_configurations_active. Manufacturer finding: no_result. Completed or permitted searches did not establish enough exact current-status evidence; no result is not a discontinuation finding.,"Is there a current official U.S. product page, labeling document, or discontinuation notice for this exact identifier?",keep_hidden_insufficient_evidence,https://www.karlstorz.com/us/en/thoracic-surgery-and-pulmonology.htm|https://api.fda.gov/device/udi.json?search=identifiers.id%3A%2204048551047415%22&limit=100|https://api.fda.gov/device/udi.json?search=catalog_number%3A%2210371UL%22&limit=100|https://api.fda.gov/device/udi.json?search=version_or_model_number%3A%2210371UL%22&limit=100|https://api.fda.gov/device/classification.json?search=product_code%3A%22EOQ%22&limit=100|https://api.fda.gov/device/registrationlisting.json?search=products.product_code%3A%22EOQ%22&limit=100|https://api.fda.gov/device/enforcement.json?search=product_description%3A%2210371+UL%22&limit=100|https://api.fda.gov/device/enforcement.json?search=code_info%3A%2204048551047415%22&limit=100|https://api.fda.gov/device/recall.json?search=code_info%3A%2204048551047415%22&limit=100|https://api.fda.gov/device/recall.json?search=product_description%3A%2210371+UL%22&limit=100,false
PRD-1E5D7D510F,Karl Storz,Cotton Applicator 35 cm,10384B,,insufficient_evidence,low,exact_manufacturer_model_number,all_exact_configurations_active,search_incomplete,premarket_exempt,no_result,,searched,no_exact_action_found,unknown,,not_applicable,Identity method: exact_manufacturer_model_number. UDI assessment: all_exact_configurations_active. Manufacturer finding: no_result. Completed or permitted searches did not establish enough exact current-status evidence; no result is not a discontinuation finding.,"Is there a current official U.S. product page, labeling document, or discontinuation notice for this exact identifier?",keep_hidden_insufficient_evidence,https://www.karlstorz.com/us/en/thoracic-surgery-and-pulmonology.htm|https://api.fda.gov/device/udi.json?search=identifiers.id%3A%2204048551048108%22&limit=100|https://api.fda.gov/device/udi.json?search=version_or_model_number%3A%2210384B%22&limit=100|https://api.fda.gov/device/classification.json?search=product_code%3A%22LRC%22&limit=100|https://api.fda.gov/device/registrationlisting.json?search=products.product_code%3A%22LRC%22&limit=100|https://api.fda.gov/device/enforcement.json?search=product_description%3A%2210384+B%22&limit=100|https://api.fda.gov/device/enforcement.json?search=code_info%3A%2204048551048108%22&limit=100|https://api.fda.gov/device/recall.json?search=code_info%3A%2204048551048108%22&limit=100|https://api.fda.gov/device/recall.json?search=product_description%3A%2210384+B%22&limit=100,false
PRD-1E613C92C3,Karl Storz,Forceps for Peanuts/Soft Foreign Bodies,10371K,,insufficient_evidence,low,exact_manufacturer_catalog_number,all_exact_configurations_active,search_incomplete,not_found,no_result,,searched,no_exact_action_found,unknown,,not_applicable,Identity method: exact_manufacturer_catalog_number. UDI assessment: all_exact_configurations_active. Manufacturer finding: no_result. Completed or permitted searches did not establish enough exact current-status evidence; no result is not a discontinuation finding.,"Is there a current official U.S. product page, labeling document, or discontinuation notice for this exact identifier?",keep_hidden_insufficient_evidence,https://www.karlstorz.com/us/en/thoracic-surgery-and-pulmonology.htm|https://api.fda.gov/device/udi.json?search=identifiers.id%3A%2204048551047323%22&limit=100|https://api.fda.gov/device/udi.json?search=catalog_number%3A%2210371K%22&limit=100|https://api.fda.gov/device/udi.json?search=version_or_model_number%3A%2210371K%22&limit=100|https://api.fda.gov/device/classification.json?search=product_code%3A%22EOQ%22&limit=100|https://api.fda.gov/device/registrationlisting.json?search=products.product_code%3A%22EOQ%22&limit=100|https://api.fda.gov/device/enforcement.json?search=code_info%3A%2204048551047323%22&limit=100|https://api.fda.gov/device/enforcement.json?search=product_description%3A%2210371+K%22&limit=100|https://api.fda.gov/device/recall.json?search=product_description%3A%2210371+K%22&limit=100|https://api.fda.gov/device/recall.json?search=code_info%3A%2204048551047323%22&limit=100,false
PRD-1E9BA85FC4,Olympus,TC-C3 Series Workstation Set,K10030136,,insufficient_evidence,low,none,no_exact_result,no_result,not_found,family_only_current,,searched,no_exact_action_found,unknown,,not_applicable,Identity method: none. UDI assessment: no_exact_result. Manufacturer finding: family_only_current. Completed or permitted searches did not establish enough exact current-status evidence; no result is not a discontinuation finding.,"Is there a current official U.S. product page, labeling document, or discontinuation notice for this exact identifier?",keep_hidden_insufficient_evidence,https://content.medical.olympusamerica.com/products/accessory-solutions|https://api.fda.gov/device/enforcement.json?search=product_description%3A%22K10030136%22&limit=100|https://api.fda.gov/device/recall.json?search=product_description%3A%22K10030136%22&limit=100,false
PRD-1EEDD71C53,Karl Storz,Instrument Guide for Suction Catheter,10318S,,insufficient_evidence,low,exact_manufacturer_catalog_number,all_exact_configurations_active,search_incomplete,not_found,no_result,,searched,no_exact_action_found,unknown,,not_applicable,Identity method: exact_manufacturer_catalog_number. UDI assessment: all_exact_configurations_active. Manufacturer finding: no_result. Completed or permitted searches did not establish enough exact current-status evidence; no result is not a discontinuation finding.,"Is there a current official U.S. product page, labeling document, or discontinuation notice for this exact identifier?",keep_hidden_insufficient_evidence,https://www.karlstorz.com/us/en/thoracic-surgery-and-pulmonology.htm|https://api.fda.gov/device/udi.json?search=identifiers.id%3A%2204048551225042%22&limit=100|https://api.fda.gov/device/udi.json?search=version_or_model_number%3A%2210318S%22&limit=100|https://api.fda.gov/device/udi.json?search=catalog_number%3A%2210318S%22&limit=100|https://api.fda.gov/device/classification.json?search=product_code%3A%22EOQ%22&limit=100|https://api.fda.gov/device/registrationlisting.json?search=products.product_code%3A%22EOQ%22&limit=100|https://api.fda.gov/device/enforcement.json?search=product_description%3A%2210318+S%22&limit=100|https://api.fda.gov/device/enforcement.json?search=code_info%3A%2204048551225042%22&limit=100|https://api.fda.gov/device/recall.json?search=code_info%3A%2204048551225042%22&limit=100|https://api.fda.gov/device/recall.json?search=product_description%3A%2210318+S%22&limit=100,false
PRD-1F48992C6C,Cardinal Health,"Argyle PVC Thoracic Catheter – Straight, 20 Fr × 20 in",8888570523,,insufficient_evidence,low,exact_manufacturer_catalog_number,all_exact_configurations_ended,search_incomplete,premarket_exempt,not_searched,,searched,no_exact_action_found,unknown,,not_applicable,Identity method: exact_manufacturer_catalog_number. UDI assessment: all_exact_configurations_ended. Manufacturer finding: not_searched. Completed or permitted searches did not establish enough exact current-status evidence; no result is not a discontinuation finding.,"Is there a current official U.S. product page, labeling document, or discontinuation notice for this exact identifier?",keep_hidden_insufficient_evidence,https://api.fda.gov/device/udi.json?search=identifiers.id%3A%2210884521050839%22&limit=100|https://api.fda.gov/device/udi.json?search=catalog_number%3A%228888570523%22&limit=100|https://api.fda.gov/device/udi.json?search=version_or_model_number%3A%228888570523%22&limit=100|https://api.fda.gov/device/udi.json?search=catalog_number%3A%228888570523%22&limit=100|https://api.fda.gov/device/udi.json?search=version_or_model_number%3A%228888570523%22&limit=100|https://api.fda.gov/device/classification.json?search=product_code%3A%22JOL%22&limit=100|https://api.fda.gov/device/enforcement.json?search=code_info%3A%2220884521050836%22&limit=100|https://api.fda.gov/device/enforcement.json?search=code_info%3A%2210884521050839%22&limit=100|https://api.fda.gov/device/enforcement.json?search=code_info%3A%2200884521149437%22&limit=100|https://api.fda.gov/device/enforcement.json?search=product_description%3A%228888570523%22&limit=100|https://api.fda.gov/device/enforcement.json?search=code_info%3A%2200884521060831%22&limit=100|https://api.fda.gov/device/recall.json?search=code_info%3A%2220884521050836%22&limit=100|https://api.fda.gov/device/recall.json?search=code_info%3A%2210884521050839%22&limit=100|https://api.fda.gov/device/recall.json?search=product_description%3A%228888570523%22&limit=100|https://api.fda.gov/device/recall.json?search=code_info%3A%2200884521149437%22&limit=100|https://api.fda.gov/device/recall.json?search=code_info%3A%2200884521060831%22&limit=100,false
PRD-1F54DB1DE4,Richard Wolf,"Flexible 1-Channel Sensor Bronchoscope ""Slim""",7235011,,insufficient_evidence,low,none,no_exact_result,no_result,not_found,current_non_us,,searched,no_exact_action_found,unknown,,not_applicable,Identity method: none. UDI assessment: no_exact_result. Manufacturer finding: current_non_us. Completed or permitted searches did not establish enough exact current-status evidence; no result is not a discontinuation finding.,"Does the exact current global manufacturer listing apply to the United States despite the ended UDI evidence?|Is there a current official U.S. product page, labeling document, or discontinuation notice for this exact identifier?",keep_hidden_insufficient_evidence,https://www.richard-wolf.com/mam/data/Typo3/Kataloge/Broncho-_Thorako-_Mediastinoskopie/Thorakale_Endoskopie_en.pdf|https://api.fda.gov/device/enforcement.json?search=product_description%3A%227235011%22&limit=100|https://api.fda.gov/device/recall.json?search=product_description%3A%227235011%22&limit=100,false
PRD-1F69D6AD05,Karl Storz,"Trocar Only, No Valve",40120A,,insufficient_evidence,low,exact_manufacturer_catalog_number,all_exact_configurations_active,search_incomplete,not_found,no_result,,searched,no_exact_action_found,unknown,,not_applicable,Identity method: exact_manufacturer_catalog_number. UDI assessment: all_exact_configurations_active. Manufacturer finding: no_result. Completed or permitted searches did not establish enough exact current-status evidence; no result is not a discontinuation finding.,"Is there a current official U.S. product page, labeling document, or discontinuation notice for this exact identifier?",keep_hidden_insufficient_evidence,https://www.karlstorz.com/us/en/thoracic-surgery-and-pulmonology.htm|https://api.fda.gov/device/udi.json?search=identifiers.id%3A%2204048551159125%22&limit=100|https://api.fda.gov/device/udi.json?search=catalog_number%3A%2240120A%22&limit=100|https://api.fda.gov/device/udi.json?search=version_or_model_number%3A%2240120A%22&limit=100|https://api.fda.gov/device/classification.json?search=product_code%3A%22GCJ%22&limit=100|https://api.fda.gov/device/registrationlisting.json?search=products.product_code%3A%22GCJ%22&limit=100|https://api.fda.gov/device/enforcement.json?search=product_description%3A%2240120+A%22&limit=100|https://api.fda.gov/device/enforcement.json?search=code_info%3A%2204048551159125%22&limit=100|https://api.fda.gov/device/recall.json?search=code_info%3A%2204048551159125%22&limit=100|https://api.fda.gov/device/recall.json?search=product_description%3A%2240120+A%22&limit=100,false
PRD-207F57235E,ERBE,"Pressure Reducer with Sensor for APC 2/APC 3, DIN 477 No. 10",20134-001,,insufficient_evidence,low,none,no_exact_result,no_result,not_found,not_searched,,searched,no_exact_action_found,unknown,,not_applicable,Identity method: none. UDI assessment: no_exact_result. Manufacturer finding: not_searched. Completed or permitted searches did not establish enough exact current-status evidence; no result is not a discontinuation finding.,"Is there a current official U.S. product page, labeling document, or discontinuation notice for this exact identifier?",keep_hidden_insufficient_evidence,https://us.erbe-med.com/fileadmin/user_upload/documents/PDF/Catalogs/complete_Catalogs/85100-100_EN_Product-catalog.pdf|https://api.fda.gov/device/enforcement.json?search=product_description%3A%2220134-001%22&limit=100|https://api.fda.gov/device/recall.json?search=product_description%3A%2220134-001%22&limit=100,false
PRD-20CB4910F8,TRACOE,TRACOE experc Packaged Set with Tube,888-322,,insufficient_evidence,low,none,no_exact_result,no_result,not_found,not_searched,,searched,no_exact_action_found,unknown,,not_applicable,Identity method: none. UDI assessment: no_exact_result. Manufacturer finding: not_searched. Completed or permitted searches did not establish enough exact current-status evidence; no result is not a discontinuation finding.,"Is there a current official U.S. product page, labeling document, or discontinuation notice for this exact identifier?",keep_hidden_insufficient_evidence,https://api.fda.gov/device/enforcement.json?search=product_description%3A%22888-322%22&limit=100|https://api.fda.gov/device/recall.json?search=product_description%3A%22888-322%22&limit=100,false
PRD-2103064DB9,Olympus,TC-C3 Series Workstation Set,K10030126,,insufficient_evidence,low,none,no_exact_result,no_result,not_found,family_only_current,,searched,no_exact_action_found,unknown,,not_applicable,Identity method: none. UDI assessment: no_exact_result. Manufacturer finding: family_only_current. Completed or permitted searches did not establish enough exact current-status evidence; no result is not a discontinuation finding.,"Is there a current official U.S. product page, labeling document, or discontinuation notice for this exact identifier?",keep_hidden_insufficient_evidence,https://content.medical.olympusamerica.com/products/accessory-solutions|https://api.fda.gov/device/enforcement.json?search=product_description%3A%22K10030126%22&limit=100|https://api.fda.gov/device/recall.json?search=product_description%3A%22K10030126%22&limit=100,false
PRD-2110EC2BCF,Karl Storz,GRONINGEN Optical Intubation Tracheoscope,10337T,,insufficient_evidence,low,none,no_exact_result,no_result,not_found,no_result,,searched,no_exact_action_found,unknown,,not_applicable,Identity method: none. UDI assessment: no_exact_result. Manufacturer finding: no_result. Completed or permitted searches did not establish enough exact current-status evidence; no result is not a discontinuation finding.,"Is there a current official U.S. product page, labeling document, or discontinuation notice for this exact identifier?",keep_hidden_insufficient_evidence,https://www.karlstorz.com/us/en/thoracic-surgery-and-pulmonology.htm|https://api.fda.gov/device/enforcement.json?search=product_description%3A%2210337+T%22&limit=100|https://api.fda.gov/device/recall.json?search=product_description%3A%2210337+T%22&limit=100,false
PRD-212BC58910,Karl Storz,"Foreign Body Basket, 35 cm",10386B,,insufficient_evidence,low,exact_manufacturer_catalog_number,all_exact_configurations_active,search_incomplete,not_found,no_result,,searched,no_exact_action_found,unknown,,not_applicable,Identity method: exact_manufacturer_catalog_number. UDI assessment: all_exact_configurations_active. Manufacturer finding: no_result. Completed or permitted searches did not establish enough exact current-status evidence; no result is not a discontinuation finding.,"Is there a current official U.S. product page, labeling document, or discontinuation notice for this exact identifier?",keep_hidden_insufficient_evidence,https://www.karlstorz.com/us/en/thoracic-surgery-and-pulmonology.htm|https://api.fda.gov/device/udi.json?search=version_or_model_number%3A%2210386B%22&limit=100|https://api.fda.gov/device/udi.json?search=catalog_number%3A%2210386B%22&limit=100|https://api.fda.gov/device/udi.json?search=identifiers.id%3A%2204048551048177%22&limit=100|https://api.fda.gov/device/classification.json?search=product_code%3A%22EOQ%22&limit=100|https://api.fda.gov/device/registrationlisting.json?search=products.product_code%3A%22EOQ%22&limit=100|https://api.fda.gov/device/enforcement.json?search=product_description%3A%2210386+B%22&limit=100|https://api.fda.gov/device/enforcement.json?search=code_info%3A%2204048551048177%22&limit=100|https://api.fda.gov/device/recall.json?search=code_info%3A%2204048551048177%22&limit=100|https://api.fda.gov/device/recall.json?search=product_description%3A%2210386+B%22&limit=100,false
PRD-225513EE42,Olympus,TC-C3 Series Workstation Set,K10034675,,insufficient_evidence,low,none,no_exact_result,no_result,not_found,family_only_current,,searched,no_exact_action_found,unknown,,not_applicable,Identity method: none. UDI assessment: no_exact_result. Manufacturer finding: family_only_current. Completed or permitted searches did not establish enough exact current-status evidence; no result is not a discontinuation finding.,"Is there a current official U.S. product page, labeling document, or discontinuation notice for this exact identifier?",keep_hidden_insufficient_evidence,https://content.medical.olympusamerica.com/products/accessory-solutions|https://api.fda.gov/device/enforcement.json?search=product_description%3A%22K10034675%22&limit=100|https://api.fda.gov/device/recall.json?search=product_description%3A%22K10034675%22&limit=100,false
PRD-2274F20402,Karl Storz,Optical Large Blunt Serrated Foreign Body Forceps,10350MS,,insufficient_evidence,low,none,no_exact_result,no_result,not_found,no_result,,searched,no_exact_action_found,unknown,,not_applicable,Identity method: none. UDI assessment: no_exact_result. Manufacturer finding: no_result. Completed or permitted searches did not establish enough exact current-status evidence; no result is not a discontinuation finding.,"Is there a current official U.S. product page, labeling document, or discontinuation notice for this exact identifier?",keep_hidden_insufficient_evidence,https://www.karlstorz.com/us/en/thoracic-surgery-and-pulmonology.htm|https://api.fda.gov/device/enforcement.json?search=product_description%3A%2210350+MS%22&limit=100|https://api.fda.gov/device/recall.json?search=product_description%3A%2210350+MS%22&limit=100,false
PRD-23E2441568,Pinnacle Biologics,"OPTIGUIDE Fiber Optic Diffuser, 1.0 cm",,,insufficient_evidence,low,none,no_exact_result,no_result,not_found,not_searched,,not_searched,unknown,unknown,,not_applicable,Identity method: none. UDI assessment: no_exact_result. Manufacturer finding: not_searched. Completed or permitted searches did not establish enough exact current-status evidence; no result is not a discontinuation finding.,"Is there a current official U.S. product page, labeling document, or discontinuation notice for this exact identifier?",keep_hidden_insufficient_evidence,,false
PRD-247C9B978C,Karl Storz,"Flexible Trocar with Blunt Tip, No Valve",40120NAL,,insufficient_evidence,low,none,no_exact_result,no_result,not_found,no_result,,searched,no_exact_action_found,unknown,,not_applicable,Identity method: none. UDI assessment: no_exact_result. Manufacturer finding: no_result. Completed or permitted searches did not establish enough exact current-status evidence; no result is not a discontinuation finding.,"Is there a current official U.S. product page, labeling document, or discontinuation notice for this exact identifier?",keep_hidden_insufficient_evidence,https://www.karlstorz.com/us/en/thoracic-surgery-and-pulmonology.htm|https://api.fda.gov/device/enforcement.json?search=product_description%3A%2240120+NAL%22&limit=100|https://api.fda.gov/device/recall.json?search=product_description%3A%2240120+NAL%22&limit=100,false
PRD-24DF8E0987,ERBE,"Monopolar Connecting Cable, Martin Standard, 4 m, for Pencil/Hook",20192-099,,insufficient_evidence,low,none,no_exact_result,no_result,not_found,not_searched,,searched,no_exact_action_found,unknown,,not_applicable,Identity method: none. UDI assessment: no_exact_result. Manufacturer finding: not_searched. Completed or permitted searches did not establish enough exact current-status evidence; no result is not a discontinuation finding.,"Is there a current official U.S. product page, labeling document, or discontinuation notice for this exact identifier?",keep_hidden_insufficient_evidence,https://us.erbe-med.com/fileadmin/user_upload/documents/PDF/Catalogs/complete_Catalogs/85100-100_EN_Product-catalog.pdf|https://api.fda.gov/device/enforcement.json?search=product_description%3A%2220192-099%22&limit=100|https://api.fda.gov/device/recall.json?search=product_description%3A%2220192-099%22&limit=100,false
PRD-25D4F080A3,Richard Wolf,Blue Sealing Cap,8205.13,,insufficient_evidence,low,none,no_exact_result,no_result,not_found,current_non_us,,searched,no_exact_action_found,unknown,,not_applicable,Identity method: none. UDI assessment: no_exact_result. Manufacturer finding: current_non_us. Completed or permitted searches did not establish enough exact current-status evidence; no result is not a discontinuation finding.,"Does the exact current global manufacturer listing apply to the United States despite the ended UDI evidence?|Is there a current official U.S. product page, labeling document, or discontinuation notice for this exact identifier?",keep_hidden_insufficient_evidence,https://www.richard-wolf.com/mam/data/Typo3/Kataloge/Broncho-_Thorako-_Mediastinoskopie/Thorakale_Endoskopie_en.pdf|https://api.fda.gov/device/enforcement.json?search=product_description%3A%228205.13%22&limit=100|https://api.fda.gov/device/recall.json?search=product_description%3A%228205.13%22&limit=100,false
PRD-2616E505ED,Richard Wolf,Cleaning Brush,7980002,,insufficient_evidence,low,exact_manufacturer_catalog_number,all_exact_configurations_active,search_incomplete,premarket_exempt,current_non_us,,searched,no_exact_action_found,unknown,,not_applicable,Identity method: exact_manufacturer_catalog_number. UDI assessment: all_exact_configurations_active. Manufacturer finding: current_non_us. Completed or permitted searches did not establish enough exact current-status evidence; no result is not a discontinuation finding.,"Does the exact current global manufacturer listing apply to the United States despite the ended UDI evidence?|Is there a current official U.S. product page, labeling document, or discontinuation notice for this exact identifier?",keep_hidden_insufficient_evidence,https://www.richard-wolf.com/mam/data/Typo3/Kataloge/Broncho-_Thorako-_Mediastinoskopie/Thorakale_Endoskopie_en.pdf|https://api.fda.gov/device/udi.json?search=identifiers.id%3A%2204055207065389%22&limit=100|https://api.fda.gov/device/udi.json?search=catalog_number%3A%227980002%22&limit=100|https://api.fda.gov/device/udi.json?search=version_or_model_number%3A%227980002%22&limit=100|https://api.fda.gov/device/classification.json?search=product_code%3A%22MNL%22&limit=100|https://api.fda.gov/device/registrationlisting.json?search=products.product_code%3A%22MNL%22&limit=100|https://api.fda.gov/device/enforcement.json?search=code_info%3A%2204055207065389%22&limit=100|https://api.fda.gov/device/enforcement.json?search=product_description%3A%227980002%22&limit=100|https://api.fda.gov/device/enforcement.json?search=code_info%3A%2204055207065396%22&limit=100|https://api.fda.gov/device/recall.json?search=product_description%3A%227980002%22&limit=100|https://api.fda.gov/device/recall.json?search=code_info%3A%2204055207065389%22&limit=100|https://api.fda.gov/device/recall.json?search=code_info%3A%2204055207065396%22&limit=100,false
PRD-2644946D4C,Micro-Tech Endoscopy,Micro-Tech Fully covered Straight Tracheal Stent,ST02-334-14.050,,insufficient_evidence,low,none,no_exact_result,no_result,not_found,current_non_us,,searched,no_exact_action_found,unknown,,not_applicable,Identity method: none. UDI assessment: no_exact_result. Manufacturer finding: current_non_us. Completed or permitted searches did not establish enough exact current-status evidence; no result is not a discontinuation finding.,"Does the exact current global manufacturer listing apply to the United States despite the ended UDI evidence?|Is there a current official U.S. product page, labeling document, or discontinuation notice for this exact identifier?",keep_hidden_insufficient_evidence,https://www.micro-tech-medical.com/products/Tracheal-Bronchial-Stents.html|https://api.fda.gov/device/enforcement.json?search=product_description%3A%22ST02-334-14.050%22&limit=100|https://api.fda.gov/device/recall.json?search=product_description%3A%22ST02-334-14.050%22&limit=100,false
PRD-272F711392,Pinnacle Biologics,"OPTIGUIDE Fiber Optic Diffuser, 5.0 cm",,,insufficient_evidence,low,none,no_exact_result,no_result,not_found,not_searched,,not_searched,unknown,unknown,,not_applicable,Identity method: none. UDI assessment: no_exact_result. Manufacturer finding: not_searched. Completed or permitted searches did not establish enough exact current-status evidence; no result is not a discontinuation finding.,"Is there a current official U.S. product page, labeling document, or discontinuation notice for this exact identifier?",keep_hidden_insufficient_evidence,,false
PRD-27460DB568,ERBE,"Monopolar Adapter, Bovie Jack to 2-7 mm Instrument Connector",20183-067,,insufficient_evidence,low,none,no_exact_result,no_result,not_found,not_searched,,searched,no_exact_action_found,unknown,,not_applicable,Identity method: none. UDI assessment: no_exact_result. Manufacturer finding: not_searched. Completed or permitted searches did not establish enough exact current-status evidence; no result is not a discontinuation finding.,"Is there a current official U.S. product page, labeling document, or discontinuation notice for this exact identifier?",keep_hidden_insufficient_evidence,https://us.erbe-med.com/fileadmin/user_upload/documents/PDF/Catalogs/complete_Catalogs/85100-100_EN_Product-catalog.pdf|https://api.fda.gov/device/enforcement.json?search=product_description%3A%2220183-067%22&limit=100|https://api.fda.gov/device/recall.json?search=product_description%3A%2220183-067%22&limit=100,false
PRD-27506A7423,Boston Scientific,EXALT Model B Large,M00542751,,insufficient_evidence,low,none,no_exact_result,no_result,not_found,not_searched,,searched,no_exact_action_found,unknown,,not_applicable,Identity method: none. UDI assessment: no_exact_result. Manufacturer finding: not_searched. Completed or permitted searches did not establish enough exact current-status evidence; no result is not a discontinuation finding.,"Is there a current official U.S. product page, labeling document, or discontinuation notice for this exact identifier?",keep_hidden_insufficient_evidence,https://api.fda.gov/device/enforcement.json?search=product_description%3A%22M00542751%22&limit=100|https://api.fda.gov/device/recall.json?search=product_description%3A%22M00542751%22&limit=100,false
PRD-27BD1F9DB6,ERBE,"Monopolar Connecting Cable, VIO/ICC/ACC, Standard, 5 m, for Pencil/Hook",20192-094,,insufficient_evidence,low,none,no_exact_result,no_result,not_found,not_searched,,searched,no_exact_action_found,unknown,,not_applicable,Identity method: none. UDI assessment: no_exact_result. Manufacturer finding: not_searched. Completed or permitted searches did not establish enough exact current-status evidence; no result is not a discontinuation finding.,"Is there a current official U.S. product page, labeling document, or discontinuation notice for this exact identifier?",keep_hidden_insufficient_evidence,https://us.erbe-med.com/fileadmin/user_upload/documents/PDF/Catalogs/complete_Catalogs/85100-100_EN_Product-catalog.pdf|https://api.fda.gov/device/enforcement.json?search=product_description%3A%2220192-094%22&limit=100|https://api.fda.gov/device/recall.json?search=product_description%3A%2220192-094%22&limit=100,false
PRD-27BE0EC96A,ERBE,"Return-Electrode Connecting Cable, International, 5 m, Silicone",20194-089,,insufficient_evidence,low,none,no_exact_result,no_result,not_found,not_searched,,searched,no_exact_action_found,unknown,,not_applicable,Identity method: none. UDI assessment: no_exact_result. Manufacturer finding: not_searched. Completed or permitted searches did not establish enough exact current-status evidence; no result is not a discontinuation finding.,"Is there a current official U.S. product page, labeling document, or discontinuation notice for this exact identifier?",keep_hidden_insufficient_evidence,https://us.erbe-med.com/fileadmin/user_upload/documents/PDF/Catalogs/complete_Catalogs/85100-100_EN_Product-catalog.pdf|https://api.fda.gov/device/enforcement.json?search=product_description%3A%2220194-089%22&limit=100|https://api.fda.gov/device/recall.json?search=product_description%3A%2220194-089%22&limit=100,false
PRD-28C10C5EE9,Karl Storz,Suction Catheter 5 Fr with Adapter,10468D,,insufficient_evidence,low,none,no_exact_result,no_result,not_found,no_result,,searched,no_exact_action_found,unknown,,not_applicable,Identity method: none. UDI assessment: no_exact_result. Manufacturer finding: no_result. Completed or permitted searches did not establish enough exact current-status evidence; no result is not a discontinuation finding.,"Is there a current official U.S. product page, labeling document, or discontinuation notice for this exact identifier?",keep_hidden_insufficient_evidence,https://www.karlstorz.com/us/en/thoracic-surgery-and-pulmonology.htm|https://api.fda.gov/device/enforcement.json?search=product_description%3A%2210468+D%22&limit=100|https://api.fda.gov/device/recall.json?search=product_description%3A%2210468+D%22&limit=100,false
PRD-293EEBCDF0,ERBE,"Pressure Reducer with Sensor for APC 2/APC 3, ISO 5145 No. 4",20134-007,,insufficient_evidence,low,none,no_exact_result,no_result,not_found,not_searched,,searched,no_exact_action_found,unknown,,not_applicable,Identity method: none. UDI assessment: no_exact_result. Manufacturer finding: not_searched. Completed or permitted searches did not establish enough exact current-status evidence; no result is not a discontinuation finding.,"Is there a current official U.S. product page, labeling document, or discontinuation notice for this exact identifier?",keep_hidden_insufficient_evidence,https://us.erbe-med.com/fileadmin/user_upload/documents/PDF/Catalogs/complete_Catalogs/85100-100_EN_Product-catalog.pdf|https://api.fda.gov/device/enforcement.json?search=product_description%3A%2220134-007%22&limit=100|https://api.fda.gov/device/recall.json?search=product_description%3A%2220134-007%22&limit=100,false
PRD-2B8AACAB67,Olympus,EVIS EUS Endoscopic Ultrasound Center EU-ME3,EU-ME3,,insufficient_evidence,low,none,no_exact_result,no_result,not_found,current_exact_official_us_product,,searched,no_exact_action_found,unknown,,not_applicable,Identity method: none. UDI assessment: no_exact_result. Manufacturer finding: current_exact_official_us_product. Completed or permitted searches did not establish enough exact current-status evidence; no result is not a discontinuation finding.,"Is there a current official U.S. product page, labeling document, or discontinuation notice for this exact identifier?",keep_hidden_insufficient_evidence,https://medical.olympusamerica.com/procedure/peripheral-bronchoscopy-radial-ebus|https://api.fda.gov/device/enforcement.json?search=product_description%3A%22EU-ME3%22&limit=100|https://api.fda.gov/device/recall.json?search=product_description%3A%22EU-ME3%22&limit=100,false
PRD-2C5302C206,Body Vision Medical,LungVision System,,,insufficient_evidence,low,none,no_exact_result,no_result,not_found,not_searched,,not_searched,unknown,unknown,,not_applicable,Identity method: none. UDI assessment: no_exact_result. Manufacturer finding: not_searched. Completed or permitted searches did not establish enough exact current-status evidence; no result is not a discontinuation finding.,"Is there a current official U.S. product page, labeling document, or discontinuation notice for this exact identifier?",keep_hidden_insufficient_evidence,,false
PRD-2CEB73CB15,Thoracent / M.I.Tech,Bonastent Tracheobronchial Stent,BTB-163009,,insufficient_evidence,low,none,no_exact_result,no_result,not_found,not_searched,,searched,no_exact_action_found,unknown,,not_applicable,Identity method: none. UDI assessment: no_exact_result. Manufacturer finding: not_searched. Completed or permitted searches did not establish enough exact current-status evidence; no result is not a discontinuation finding.,"Is there a current official U.S. product page, labeling document, or discontinuation notice for this exact identifier?",keep_hidden_insufficient_evidence,https://api.fda.gov/device/enforcement.json?search=product_description%3A%22BTB-163009%22&limit=100|https://api.fda.gov/device/recall.json?search=product_description%3A%22BTB-163009%22&limit=100,false
PRD-2D588804C5,Micro-Tech Endoscopy,Tracheobronchial Y-Stent,ST05-155.20.050,,insufficient_evidence,low,none,no_exact_result,no_result,not_found,not_searched,,searched,no_exact_action_found,unknown,,not_applicable,Identity method: none. UDI assessment: no_exact_result. Manufacturer finding: not_searched. Completed or permitted searches did not establish enough exact current-status evidence; no result is not a discontinuation finding.,"Is there a current official U.S. product page, labeling document, or discontinuation notice for this exact identifier?",keep_hidden_insufficient_evidence,https://api.fda.gov/device/enforcement.json?search=product_description%3A%22ST05-155.20.050%22&limit=100|https://api.fda.gov/device/recall.json?search=product_description%3A%22ST05-155.20.050%22&limit=100,false
PRD-2DACCAD2B4,Karl Storz,Optical Spoon Biopsy Forceps,10352L,,insufficient_evidence,low,exact_manufacturer_catalog_number,all_exact_configurations_active,search_incomplete,not_found,no_result,,searched,no_exact_action_found,unknown,,not_applicable,Identity method: exact_manufacturer_catalog_number. UDI assessment: all_exact_configurations_active. Manufacturer finding: no_result. Completed or permitted searches did not establish enough exact current-status evidence; no result is not a discontinuation finding.,"Is there a current official U.S. product page, labeling document, or discontinuation notice for this exact identifier?",keep_hidden_insufficient_evidence,https://www.karlstorz.com/us/en/thoracic-surgery-and-pulmonology.htm|https://api.fda.gov/device/udi.json?search=catalog_number%3A%2210352L%22&limit=100|https://api.fda.gov/device/udi.json?search=version_or_model_number%3A%2210352L%22&limit=100|https://api.fda.gov/device/udi.json?search=identifiers.id%3A%2204048551046814%22&limit=100|https://api.fda.gov/device/classification.json?search=product_code%3A%22EOQ%22&limit=100|https://api.fda.gov/device/registrationlisting.json?search=products.product_code%3A%22EOQ%22&limit=100|https://api.fda.gov/device/enforcement.json?search=code_info%3A%2204048551046814%22&limit=100|https://api.fda.gov/device/enforcement.json?search=product_description%3A%2210352+L%22&limit=100|https://api.fda.gov/device/recall.json?search=code_info%3A%2204048551046814%22&limit=100|https://api.fda.gov/device/recall.json?search=product_description%3A%2210352+L%22&limit=100,false
PRD-2E3D684EEA,ForTec Medical,EVOLVE 180 Diode Laser (mobile service),,,insufficient_evidence,low,none,no_exact_result,no_result,not_found,not_searched,,not_searched,unknown,unknown,,not_applicable,Identity method: none. UDI assessment: no_exact_result. Manufacturer finding: not_searched. Completed or permitted searches did not establish enough exact current-status evidence; no result is not a discontinuation finding.,"Is there a current official U.S. product page, labeling document, or discontinuation notice for this exact identifier?",keep_hidden_insufficient_evidence,,false
PRD-2FACCCFC02,Karl Storz,Universal Forceps,10372UL,,insufficient_evidence,low,exact_manufacturer_catalog_number,all_exact_configurations_active,search_incomplete,not_found,no_result,,searched,no_exact_action_found,unknown,,not_applicable,Identity method: exact_manufacturer_catalog_number. UDI assessment: all_exact_configurations_active. Manufacturer finding: no_result. Completed or permitted searches did not establish enough exact current-status evidence; no result is not a discontinuation finding.,"Is there a current official U.S. product page, labeling document, or discontinuation notice for this exact identifier?",keep_hidden_insufficient_evidence,https://www.karlstorz.com/us/en/thoracic-surgery-and-pulmonology.htm|https://api.fda.gov/device/udi.json?search=catalog_number%3A%2210372UL%22&limit=100|https://api.fda.gov/device/udi.json?search=version_or_model_number%3A%2210372UL%22&limit=100|https://api.fda.gov/device/udi.json?search=identifiers.id%3A%2204048551047538%22&limit=100|https://api.fda.gov/device/classification.json?search=product_code%3A%22EOQ%22&limit=100|https://api.fda.gov/device/registrationlisting.json?search=products.product_code%3A%22EOQ%22&limit=100|https://api.fda.gov/device/enforcement.json?search=code_info%3A%2204048551047538%22&limit=100|https://api.fda.gov/device/enforcement.json?search=product_description%3A%2210372+UL%22&limit=100|https://api.fda.gov/device/recall.json?search=code_info%3A%2204048551047538%22&limit=100|https://api.fda.gov/device/recall.json?search=product_description%3A%2210372+UL%22&limit=100,false
PRD-2FD8B78EEA,Laserscope,KTP/YAG Laser System (mobile service),,,insufficient_evidence,low,none,no_exact_result,no_result,not_found,not_searched,,not_searched,unknown,unknown,,not_applicable,Identity method: none. UDI assessment: no_exact_result. Manufacturer finding: not_searched. Completed or permitted searches did not establish enough exact current-status evidence; no result is not a discontinuation finding.,"Is there a current official U.S. product page, labeling document, or discontinuation notice for this exact identifier?",keep_hidden_insufficient_evidence,,false
PRD-302A6FF548,Olympus,Spiration Airway Sizing Kit – HUD,REF-HUS-VSK,,insufficient_evidence,low,none,no_exact_result,no_result,not_found,no_result,,searched,no_exact_action_found,unknown,,not_applicable,Identity method: none. UDI assessment: no_exact_result. Manufacturer finding: no_result. Completed or permitted searches did not establish enough exact current-status evidence; no result is not a discontinuation finding.,"Is there a current official U.S. product page, labeling document, or discontinuation notice for this exact identifier?",keep_hidden_insufficient_evidence,https://content.medical.olympusamerica.com/sites/default/files/us/files/pdf/SVS-Air-Leak-Product-Order-Information_FINAL.pdf|https://api.fda.gov/device/enforcement.json?search=product_description%3A%22REF-HUS-VSK%22&limit=100|https://api.fda.gov/device/recall.json?search=product_description%3A%22REF-HUS-VSK%22&limit=100,false
PRD-3097FD9A2E,ERBE,"Gas Hose for ERBECRYO / ERBECRYO 2, 1 m",20410-004,,insufficient_evidence,low,none,no_exact_result,no_result,not_found,exact_identity_only_not_current,,searched,no_exact_action_found,unknown,,not_applicable,Identity method: none. UDI assessment: no_exact_result. Manufacturer finding: exact_identity_only_not_current. Completed or permitted searches did not establish enough exact current-status evidence; no result is not a discontinuation finding.,"Is there a current official U.S. product page, labeling document, or discontinuation notice for this exact identifier?",keep_hidden_insufficient_evidence,https://us.erbe-med.com/fileadmin/user_upload/documents/PDF/USA/MKT-5074_ERBECRYO-2_2023-06.pdf|https://api.fda.gov/device/enforcement.json?search=product_description%3A%2220410-004%22&limit=100|https://api.fda.gov/device/recall.json?search=product_description%3A%2220410-004%22&limit=100,false
PRD-31C1013C19,Invenio Imaging,NIO Lung Cancer Reveal,,,insufficient_evidence,low,none,no_exact_result,no_result,not_found,not_searched,,not_searched,unknown,unknown,,not_applicable,Identity method: none. UDI assessment: no_exact_result. Manufacturer finding: not_searched. Completed or permitted searches did not establish enough exact current-status evidence; no result is not a discontinuation finding.,"Is there a current official U.S. product page, labeling document, or discontinuation notice for this exact identifier?",keep_hidden_insufficient_evidence,,false
PRD-33120D5BE2,Karl Storz,Full Lumen Operating Bronchoscope for Stent Application,10318GL,,insufficient_evidence,low,exact_manufacturer_model_number,all_exact_configurations_active,search_incomplete,not_found,no_result,,searched,no_exact_action_found,unknown,,not_applicable,Identity method: exact_manufacturer_model_number. UDI assessment: all_exact_configurations_active. Manufacturer finding: no_result. Completed or permitted searches did not establish enough exact current-status evidence; no result is not a discontinuation finding.,"Is there a current official U.S. product page, labeling document, or discontinuation notice for this exact identifier?",keep_hidden_insufficient_evidence,https://www.karlstorz.com/us/en/thoracic-surgery-and-pulmonology.htm|https://api.fda.gov/device/udi.json?search=version_or_model_number%3A%2210318GL%22&limit=100|https://api.fda.gov/device/udi.json?search=identifiers.id%3A%2204048551045732%22&limit=100|https://api.fda.gov/device/classification.json?search=product_code%3A%22EOQ%22&limit=100|https://api.fda.gov/device/registrationlisting.json?search=products.product_code%3A%22EOQ%22&limit=100|https://api.fda.gov/device/enforcement.json?search=product_description%3A%2210318+GL%22&limit=100|https://api.fda.gov/device/enforcement.json?search=code_info%3A%2204048551045732%22&limit=100|https://api.fda.gov/device/recall.json?search=code_info%3A%2204048551045732%22&limit=100|https://api.fda.gov/device/recall.json?search=product_description%3A%2210318+GL%22&limit=100,false
PRD-3353BDD6CD,ERBE,"Bipolar Connecting Cable, 2-Pin 22 mm, Angled, 4.5 m",20196-063,,insufficient_evidence,low,none,no_exact_result,no_result,not_found,not_searched,,searched,no_exact_action_found,unknown,,not_applicable,Identity method: none. UDI assessment: no_exact_result. Manufacturer finding: not_searched. Completed or permitted searches did not establish enough exact current-status evidence; no result is not a discontinuation finding.,"Is there a current official U.S. product page, labeling document, or discontinuation notice for this exact identifier?",keep_hidden_insufficient_evidence,https://us.erbe-med.com/fileadmin/user_upload/documents/PDF/Catalogs/complete_Catalogs/85100-100_EN_Product-catalog.pdf|https://api.fda.gov/device/enforcement.json?search=product_description%3A%2220196-063%22&limit=100|https://api.fda.gov/device/recall.json?search=product_description%3A%2220196-063%22&limit=100,false
PRD-34598AB94A,Thoracent / M.I.Tech,Bonastent Tracheobronchial Stent,BTB-203009,,insufficient_evidence,low,none,no_exact_result,no_result,not_found,not_searched,,searched,no_exact_action_found,unknown,,not_applicable,Identity method: none. UDI assessment: no_exact_result. Manufacturer finding: not_searched. Completed or permitted searches did not establish enough exact current-status evidence; no result is not a discontinuation finding.,"Is there a current official U.S. product page, labeling document, or discontinuation notice for this exact identifier?",keep_hidden_insufficient_evidence,https://api.fda.gov/device/enforcement.json?search=product_description%3A%22BTB-203009%22&limit=100|https://api.fda.gov/device/recall.json?search=product_description%3A%22BTB-203009%22&limit=100,false
PRD-354ECD3DC4,Karl Storz,Forceps for Peanuts/Soft Foreign Bodies,10367K,,insufficient_evidence,low,exact_manufacturer_catalog_number,all_exact_configurations_active,search_incomplete,not_found,no_result,,searched,no_exact_action_found,unknown,,not_applicable,Identity method: exact_manufacturer_catalog_number. UDI assessment: all_exact_configurations_active. Manufacturer finding: no_result. Completed or permitted searches did not establish enough exact current-status evidence; no result is not a discontinuation finding.,"Is there a current official U.S. product page, labeling document, or discontinuation notice for this exact identifier?",keep_hidden_insufficient_evidence,https://www.karlstorz.com/us/en/thoracic-surgery-and-pulmonology.htm|https://api.fda.gov/device/udi.json?search=identifiers.id%3A%2204048551047019%22&limit=100|https://api.fda.gov/device/udi.json?search=version_or_model_number%3A%2210367K%22&limit=100|https://api.fda.gov/device/udi.json?search=catalog_number%3A%2210367K%22&limit=100|https://api.fda.gov/device/classification.json?search=product_code%3A%22EOQ%22&limit=100|https://api.fda.gov/device/registrationlisting.json?search=products.product_code%3A%22EOQ%22&limit=100|https://api.fda.gov/device/enforcement.json?search=product_description%3A%2210367+K%22&limit=100|https://api.fda.gov/device/enforcement.json?search=code_info%3A%2204048551047019%22&limit=100|https://api.fda.gov/device/recall.json?search=code_info%3A%2204048551047019%22&limit=100|https://api.fda.gov/device/recall.json?search=product_description%3A%2210367+K%22&limit=100,false
PRD-369E8F396B,Micro-Tech Endoscopy,Micro-Tech Fully covered Straight Tracheal Stent,ST02-334-14.040,,insufficient_evidence,low,none,no_exact_result,no_result,not_found,current_non_us,,searched,no_exact_action_found,unknown,,not_applicable,Identity method: none. UDI assessment: no_exact_result. Manufacturer finding: current_non_us. Completed or permitted searches did not establish enough exact current-status evidence; no result is not a discontinuation finding.,"Does the exact current global manufacturer listing apply to the United States despite the ended UDI evidence?|Is there a current official U.S. product page, labeling document, or discontinuation notice for this exact identifier?",keep_hidden_insufficient_evidence,https://www.micro-tech-medical.com/products/Tracheal-Bronchial-Stents.html|https://api.fda.gov/device/enforcement.json?search=product_description%3A%22ST02-334-14.040%22&limit=100|https://api.fda.gov/device/recall.json?search=product_description%3A%22ST02-334-14.040%22&limit=100,false
PRD-370FFF1D04,LISA Laser Products,"PercuFib-SU Single-Use Laser Fibre, 365 µm",101 503 384,,insufficient_evidence,low,none,no_exact_result,no_result,not_found,not_searched,,searched,no_exact_action_found,unknown,,not_applicable,Identity method: none. UDI assessment: no_exact_result. Manufacturer finding: not_searched. Completed or permitted searches did not establish enough exact current-status evidence; no result is not a discontinuation finding.,"Is there a current official U.S. product page, labeling document, or discontinuation notice for this exact identifier?",keep_hidden_insufficient_evidence,https://api.fda.gov/device/enforcement.json?search=product_description%3A%22101+503+384%22&limit=100|https://api.fda.gov/device/recall.json?search=product_description%3A%22101+503+384%22&limit=100,false
PRD-377440703A,Karl Storz,Flexible Trocar with Blunt Tip and Valve,30120NOL,,insufficient_evidence,low,none,no_exact_result,no_result,not_found,no_result,,searched,no_exact_action_found,unknown,,not_applicable,Identity method: none. UDI assessment: no_exact_result. Manufacturer finding: no_result. Completed or permitted searches did not establish enough exact current-status evidence; no result is not a discontinuation finding.,"Is there a current official U.S. product page, labeling document, or discontinuation notice for this exact identifier?",keep_hidden_insufficient_evidence,https://www.karlstorz.com/us/en/thoracic-surgery-and-pulmonology.htm|https://api.fda.gov/device/enforcement.json?search=product_description%3A%2230120+NOL%22&limit=100|https://api.fda.gov/device/recall.json?search=product_description%3A%2230120+NOL%22&limit=100,false
PRD-388B36D2E2,Richard Wolf,TipControl Articulated Biopsy Forceps,823400001,,insufficient_evidence,low,none,no_exact_result,no_result,not_found,current_non_us,,searched,no_exact_action_found,unknown,,not_applicable,Identity method: none. UDI assessment: no_exact_result. Manufacturer finding: current_non_us. Completed or permitted searches did not establish enough exact current-status evidence; no result is not a discontinuation finding.,"Does the exact current global manufacturer listing apply to the United States despite the ended UDI evidence?|Is there a current official U.S. product page, labeling document, or discontinuation notice for this exact identifier?",keep_hidden_insufficient_evidence,https://www.richard-wolf.com/mam/data/Typo3/Kataloge/Broncho-_Thorako-_Mediastinoskopie/Thorakale_Endoskopie_en.pdf|https://api.fda.gov/device/enforcement.json?search=product_description%3A%22823400001%22&limit=100|https://api.fda.gov/device/recall.json?search=product_description%3A%22823400001%22&limit=100,false
PRD-38F9E96675,Karl Storz,Alligator Forceps,10371H,,insufficient_evidence,low,exact_manufacturer_catalog_number,all_exact_configurations_active,search_incomplete,not_found,no_result,,searched,no_exact_action_found,unknown,,not_applicable,Identity method: exact_manufacturer_catalog_number. UDI assessment: all_exact_configurations_active. Manufacturer finding: no_result. Completed or permitted searches did not establish enough exact current-status evidence; no result is not a discontinuation finding.,"Is there a current official U.S. product page, labeling document, or discontinuation notice for this exact identifier?",keep_hidden_insufficient_evidence,https://www.karlstorz.com/us/en/thoracic-surgery-and-pulmonology.htm|https://api.fda.gov/device/udi.json?search=identifiers.id%3A%2204048551047286%22&limit=100|https://api.fda.gov/device/udi.json?search=catalog_number%3A%2210371H%22&limit=100|https://api.fda.gov/device/udi.json?search=version_or_model_number%3A%2210371H%22&limit=100|https://api.fda.gov/device/classification.json?search=product_code%3A%22EOQ%22&limit=100|https://api.fda.gov/device/registrationlisting.json?search=products.product_code%3A%22EOQ%22&limit=100|https://api.fda.gov/device/enforcement.json?search=product_description%3A%2210371+H%22&limit=100|https://api.fda.gov/device/enforcement.json?search=code_info%3A%2204048551047286%22&limit=100|https://api.fda.gov/device/recall.json?search=code_info%3A%2204048551047286%22&limit=100|https://api.fda.gov/device/recall.json?search=product_description%3A%2210371+H%22&limit=100,false
PRD-397A9C06E0,Pinnacle Biologics,"PHOTOFRIN (porfimer sodium) for Injection, 75 mg vial",,,insufficient_evidence,low,none,no_exact_result,no_result,not_found,not_searched,,not_searched,unknown,unknown,,not_applicable,Identity method: none. UDI assessment: no_exact_result. Manufacturer finding: not_searched. Completed or permitted searches did not establish enough exact current-status evidence; no result is not a discontinuation finding.,"Is there a current official U.S. product page, labeling document, or discontinuation notice for this exact identifier?",keep_hidden_insufficient_evidence,,false
PRD-3A183102CF,ERBE,FiAPC Probe 3000 A,20132-223,,insufficient_evidence,low,none,no_exact_result,no_result,not_found,not_searched,,searched,no_exact_action_found,unknown,,not_applicable,Identity method: none. UDI assessment: no_exact_result. Manufacturer finding: not_searched. Completed or permitted searches did not establish enough exact current-status evidence; no result is not a discontinuation finding.,"Is there a current official U.S. product page, labeling document, or discontinuation notice for this exact identifier?",keep_hidden_insufficient_evidence,https://us.erbe-med.com/fileadmin/user_upload/documents/PDF/Catalogs/complete_Catalogs/85100-100_EN_Product-catalog.pdf|https://api.fda.gov/device/enforcement.json?search=product_description%3A%2220132-223%22&limit=100|https://api.fda.gov/device/recall.json?search=product_description%3A%2220132-223%22&limit=100,false
PRD-3A27A7B76D,Cardinal Health,"Argyle PVC Thoracic Catheter – Straight, 24 Fr × 20 in",8888570531,,insufficient_evidence,low,exact_manufacturer_catalog_number,all_exact_configurations_ended,search_incomplete,premarket_exempt,not_searched,,searched,no_exact_action_found,unknown,,not_applicable,Identity method: exact_manufacturer_catalog_number. UDI assessment: all_exact_configurations_ended. Manufacturer finding: not_searched. Completed or permitted searches did not establish enough exact current-status evidence; no result is not a discontinuation finding.,"Is there a current official U.S. product page, labeling document, or discontinuation notice for this exact identifier?",keep_hidden_insufficient_evidence,https://api.fda.gov/device/udi.json?search=catalog_number%3A%228888570531%22&limit=100|https://api.fda.gov/device/udi.json?search=version_or_model_number%3A%228888570531%22&limit=100|https://api.fda.gov/device/udi.json?search=catalog_number%3A%228888570531%22&limit=100|https://api.fda.gov/device/udi.json?search=identifiers.id%3A%2220884521047126%22&limit=100|https://api.fda.gov/device/udi.json?search=version_or_model_number%3A%228888570531%22&limit=100|https://api.fda.gov/device/classification.json?search=product_code%3A%22JOL%22&limit=100|https://api.fda.gov/device/enforcement.json?search=code_info%3A%2200884521060848%22&limit=100|https://api.fda.gov/device/enforcement.json?search=code_info%3A%2210884521047129%22&limit=100|https://api.fda.gov/device/enforcement.json?search=product_description%3A%228888570531%22&limit=100|https://api.fda.gov/device/enforcement.json?search=code_info%3A%2220884521047126%22&limit=100|https://api.fda.gov/device/enforcement.json?search=code_info%3A%2200884521149444%22&limit=100|https://api.fda.gov/device/recall.json?search=code_info%3A%2200884521149444%22&limit=100|https://api.fda.gov/device/recall.json?search=code_info%3A%2200884521060848%22&limit=100|https://api.fda.gov/device/recall.json?search=product_description%3A%228888570531%22&limit=100|https://api.fda.gov/device/recall.json?search=code_info%3A%2220884521047126%22&limit=100|https://api.fda.gov/device/recall.json?search=code_info%3A%2210884521047129%22&limit=100,false
PRD-3A4F408F18,Richard Wolf,Optical Universal Forceps,82530.0405,,insufficient_evidence,low,none,no_exact_result,no_result,not_found,current_non_us,,searched,no_exact_action_found,unknown,,not_applicable,Identity method: none. UDI assessment: no_exact_result. Manufacturer finding: current_non_us. Completed or permitted searches did not establish enough exact current-status evidence; no result is not a discontinuation finding.,"Does the exact current global manufacturer listing apply to the United States despite the ended UDI evidence?|Is there a current official U.S. product page, labeling document, or discontinuation notice for this exact identifier?",keep_hidden_insufficient_evidence,https://www.richard-wolf.com/mam/data/Typo3/Kataloge/Broncho-_Thorako-_Mediastinoskopie/Thorakale_Endoskopie_en.pdf|https://api.fda.gov/device/enforcement.json?search=product_description%3A%2282530.0405%22&limit=100|https://api.fda.gov/device/recall.json?search=product_description%3A%2282530.0405%22&limit=100,false
PRD-3A6898898E,Micro-Tech Endoscopy,Micro-Tech Partially covered Straight Tracheal Stent,ST02-332-16.040,,insufficient_evidence,low,none,no_exact_result,no_result,not_found,current_non_us,,searched,no_exact_action_found,unknown,,not_applicable,Identity method: none. UDI assessment: no_exact_result. Manufacturer finding: current_non_us. Completed or permitted searches did not establish enough exact current-status evidence; no result is not a discontinuation finding.,"Does the exact current global manufacturer listing apply to the United States despite the ended UDI evidence?|Is there a current official U.S. product page, labeling document, or discontinuation notice for this exact identifier?",keep_hidden_insufficient_evidence,https://www.micro-tech-medical.com/products/Tracheal-Bronchial-Stents.html|https://api.fda.gov/device/enforcement.json?search=product_description%3A%22ST02-332-16.040%22&limit=100|https://api.fda.gov/device/recall.json?search=product_description%3A%22ST02-332-16.040%22&limit=100,false
PRD-3AAC1114C7,Karl Storz,Rubber Telescope Guide,10314BN,,insufficient_evidence,low,exact_manufacturer_catalog_number,all_exact_configurations_active,search_incomplete,not_found,no_result,,searched,no_exact_action_found,unknown,,not_applicable,Identity method: exact_manufacturer_catalog_number. UDI assessment: all_exact_configurations_active. Manufacturer finding: no_result. Completed or permitted searches did not establish enough exact current-status evidence; no result is not a discontinuation finding.,"Is there a current official U.S. product page, labeling document, or discontinuation notice for this exact identifier?",keep_hidden_insufficient_evidence,https://www.karlstorz.com/us/en/thoracic-surgery-and-pulmonology.htm|https://api.fda.gov/device/udi.json?search=catalog_number%3A%2210314BN%22&limit=100|https://api.fda.gov/device/udi.json?search=identifiers.id%3A%2204048551224717%22&limit=100|https://api.fda.gov/device/udi.json?search=version_or_model_number%3A%2210314BN%22&limit=100|https://api.fda.gov/device/classification.json?search=product_code%3A%22EOQ%22&limit=100|https://api.fda.gov/device/registrationlisting.json?search=products.product_code%3A%22EOQ%22&limit=100|https://api.fda.gov/device/enforcement.json?search=code_info%3A%2204048551224717%22&limit=100|https://api.fda.gov/device/enforcement.json?search=product_description%3A%2210314+BN%22&limit=100|https://api.fda.gov/device/recall.json?search=code_info%3A%2204048551224717%22&limit=100|https://api.fda.gov/device/recall.json?search=product_description%3A%2210314+BN%22&limit=100,false
PRD-3B31BB90C8,Novatech,NOVATECH EWS Size L,01EWS3L,,insufficient_evidence,low,none,no_exact_result,no_result,not_found,current_non_us,,searched,no_exact_action_found,unknown,,not_applicable,Identity method: none. UDI assessment: no_exact_result. Manufacturer finding: current_non_us. Completed or permitted searches did not establish enough exact current-status evidence; no result is not a discontinuation finding.,"Does the exact current global manufacturer listing apply to the United States despite the ended UDI evidence?|Is there a current official U.S. product page, labeling document, or discontinuation notice for this exact identifier?",keep_hidden_insufficient_evidence,https://novatech.fr/en/ews/ews|https://api.fda.gov/device/enforcement.json?search=product_description%3A%2201EWS3L%22&limit=100|https://api.fda.gov/device/recall.json?search=product_description%3A%2201EWS3L%22&limit=100,false
PRD-3C27441753,ForTec Medical,Excalibur Holmium Laser Fiber with Safety Sheath,,,insufficient_evidence,low,none,no_exact_result,no_result,not_found,not_searched,,not_searched,unknown,unknown,,not_applicable,Identity method: none. UDI assessment: no_exact_result. Manufacturer finding: not_searched. Completed or permitted searches did not establish enough exact current-status evidence; no result is not a discontinuation finding.,"Is there a current official U.S. product page, labeling document, or discontinuation notice for this exact identifier?",keep_hidden_insufficient_evidence,,false
PRD-3C6D28844E,Micro-Tech Endoscopy,Micro-Tech Uncovered Straight Tracheal Stent,ST02-331-14.060,,insufficient_evidence,low,none,no_exact_result,no_result,not_found,current_non_us,,searched,no_exact_action_found,unknown,,not_applicable,Identity method: none. UDI assessment: no_exact_result. Manufacturer finding: current_non_us. Completed or permitted searches did not establish enough exact current-status evidence; no result is not a discontinuation finding.,"Does the exact current global manufacturer listing apply to the United States despite the ended UDI evidence?|Is there a current official U.S. product page, labeling document, or discontinuation notice for this exact identifier?",keep_hidden_insufficient_evidence,https://www.micro-tech-medical.com/products/Tracheal-Bronchial-Stents.html|https://api.fda.gov/device/enforcement.json?search=product_description%3A%22ST02-331-14.060%22&limit=100|https://api.fda.gov/device/recall.json?search=product_description%3A%22ST02-331-14.060%22&limit=100,false
PRD-3CAAB4D79C,ERBE,"Pressure Reducer with Sensor for APC 2/APC 3, DIN 477 No. 6",20134-004,,insufficient_evidence,low,none,no_exact_result,no_result,not_found,not_searched,,searched,no_exact_action_found,unknown,,not_applicable,Identity method: none. UDI assessment: no_exact_result. Manufacturer finding: not_searched. Completed or permitted searches did not establish enough exact current-status evidence; no result is not a discontinuation finding.,"Is there a current official U.S. product page, labeling document, or discontinuation notice for this exact identifier?",keep_hidden_insufficient_evidence,https://us.erbe-med.com/fileadmin/user_upload/documents/PDF/Catalogs/complete_Catalogs/85100-100_EN_Product-catalog.pdf|https://api.fda.gov/device/enforcement.json?search=product_description%3A%2220134-004%22&limit=100|https://api.fda.gov/device/recall.json?search=product_description%3A%2220134-004%22&limit=100,false
PRD-3CF45A4BFF,Karl Storz,Adjustable Magnifier,10338TRA,,insufficient_evidence,low,exact_manufacturer_catalog_number,all_exact_configurations_active,search_incomplete,premarket_exempt,no_result,,searched,no_exact_action_found,unknown,,not_applicable,Identity method: exact_manufacturer_catalog_number. UDI assessment: all_exact_configurations_active. Manufacturer finding: no_result. Completed or permitted searches did not establish enough exact current-status evidence; no result is not a discontinuation finding.,"Is there a current official U.S. product page, labeling document, or discontinuation notice for this exact identifier?",keep_hidden_insufficient_evidence,https://www.karlstorz.com/us/en/thoracic-surgery-and-pulmonology.htm|https://api.fda.gov/device/udi.json?search=version_or_model_number%3A%2210338TRA%22&limit=100|https://api.fda.gov/device/udi.json?search=catalog_number%3A%2210338TRA%22&limit=100|https://api.fda.gov/device/udi.json?search=identifiers.id%3A%2204048551046470%22&limit=100|https://api.fda.gov/device/classification.json?search=product_code%3A%22LRC%22&limit=100|https://api.fda.gov/device/registrationlisting.json?search=products.product_code%3A%22LRC%22&limit=100|https://api.fda.gov/device/enforcement.json?search=code_info%3A%2204048551046470%22&limit=100|https://api.fda.gov/device/enforcement.json?search=product_description%3A%2210338+TRA%22&limit=100|https://api.fda.gov/device/recall.json?search=code_info%3A%2204048551046470%22&limit=100|https://api.fda.gov/device/recall.json?search=product_description%3A%2210338+TRA%22&limit=100,false
PRD-3EDAA08D62,Cardinal Health,"Argyle PVC Thoracic Catheter – Straight, 16 Fr × 20 in",8888570515,,insufficient_evidence,low,exact_manufacturer_catalog_number,all_exact_configurations_ended,search_incomplete,premarket_exempt,not_searched,,searched,no_exact_action_found,unknown,,not_applicable,Identity method: exact_manufacturer_catalog_number. UDI assessment: all_exact_configurations_ended. Manufacturer finding: not_searched. Completed or permitted searches did not establish enough exact current-status evidence; no result is not a discontinuation finding.,"Is there a current official U.S. product page, labeling document, or discontinuation notice for this exact identifier?",keep_hidden_insufficient_evidence,https://api.fda.gov/device/udi.json?search=version_or_model_number%3A%228888570515%22&limit=100|https://api.fda.gov/device/udi.json?search=catalog_number%3A%228888570515%22&limit=100|https://api.fda.gov/device/udi.json?search=identifiers.id%3A%2210884521050822%22&limit=100|https://api.fda.gov/device/udi.json?search=version_or_model_number%3A%228888570515%22&limit=100|https://api.fda.gov/device/udi.json?search=catalog_number%3A%228888570515%22&limit=100|https://api.fda.gov/device/classification.json?search=product_code%3A%22JOL%22&limit=100|https://api.fda.gov/device/enforcement.json?search=code_info%3A%2220884521050829%22&limit=100|https://api.fda.gov/device/enforcement.json?search=code_info%3A%2210884521050822%22&limit=100|https://api.fda.gov/device/enforcement.json?search=code_info%3A%2200884521060824%22&limit=100|https://api.fda.gov/device/enforcement.json?search=code_info%3A%2200884521149413%22&limit=100|https://api.fda.gov/device/enforcement.json?search=product_description%3A%228888570515%22&limit=100|https://api.fda.gov/device/recall.json?search=code_info%3A%2200884521149413%22&limit=100|https://api.fda.gov/device/recall.json?search=code_info%3A%2200884521060824%22&limit=100|https://api.fda.gov/device/recall.json?search=code_info%3A%2220884521050829%22&limit=100|https://api.fda.gov/device/recall.json?search=product_description%3A%228888570515%22&limit=100|https://api.fda.gov/device/recall.json?search=code_info%3A%2210884521050822%22&limit=100,false
PRD-401A185759,Galvanize Therapeutics,Aliya EX Generator,,,insufficient_evidence,low,none,no_exact_result,no_result,not_found,not_searched,,not_searched,unknown,unknown,,not_applicable,Identity method: none. UDI assessment: no_exact_result. Manufacturer finding: not_searched. Completed or permitted searches did not establish enough exact current-status evidence; no result is not a discontinuation finding.,"Is there a current official U.S. product page, labeling document, or discontinuation notice for this exact identifier?",keep_hidden_insufficient_evidence,,false
PRD-40F9EDE43C,ERBE,"Fastening Set for ERBE Adapter 20183-100/101, VIO 300 D",20183-102,,insufficient_evidence,low,none,no_exact_result,no_result,not_found,not_searched,,searched,no_exact_action_found,unknown,,not_applicable,Identity method: none. UDI assessment: no_exact_result. Manufacturer finding: not_searched. Completed or permitted searches did not establish enough exact current-status evidence; no result is not a discontinuation finding.,"Is there a current official U.S. product page, labeling document, or discontinuation notice for this exact identifier?",keep_hidden_insufficient_evidence,https://us.erbe-med.com/fileadmin/user_upload/documents/PDF/Catalogs/complete_Catalogs/85100-100_EN_Product-catalog.pdf|https://api.fda.gov/device/enforcement.json?search=product_description%3A%2220183-102%22&limit=100|https://api.fda.gov/device/recall.json?search=product_description%3A%2220183-102%22&limit=100,false
PRD-415D12A635,ERBE,"Return-Electrode Connecting Cable, International, 4 m, Single-Contact Electrode",20194-079,,insufficient_evidence,low,none,no_exact_result,no_result,not_found,not_searched,,searched,no_exact_action_found,unknown,,not_applicable,Identity method: none. UDI assessment: no_exact_result. Manufacturer finding: not_searched. Completed or permitted searches did not establish enough exact current-status evidence; no result is not a discontinuation finding.,"Is there a current official U.S. product page, labeling document, or discontinuation notice for this exact identifier?",keep_hidden_insufficient_evidence,https://us.erbe-med.com/fileadmin/user_upload/documents/PDF/Catalogs/complete_Catalogs/85100-100_EN_Product-catalog.pdf|https://api.fda.gov/device/enforcement.json?search=product_description%3A%2220194-079%22&limit=100|https://api.fda.gov/device/recall.json?search=product_description%3A%2220194-079%22&limit=100,false
PRD-41F9791461,Richard Wolf,"Optical Grasping Forceps, Straight",82530.0404,,insufficient_evidence,low,none,no_exact_result,no_result,not_found,current_non_us,,searched,no_exact_action_found,unknown,,not_applicable,Identity method: none. UDI assessment: no_exact_result. Manufacturer finding: current_non_us. Completed or permitted searches did not establish enough exact current-status evidence; no result is not a discontinuation finding.,"Does the exact current global manufacturer listing apply to the United States despite the ended UDI evidence?|Is there a current official U.S. product page, labeling document, or discontinuation notice for this exact identifier?",keep_hidden_insufficient_evidence,https://www.richard-wolf.com/mam/data/Typo3/Kataloge/Broncho-_Thorako-_Mediastinoskopie/Thorakale_Endoskopie_en.pdf|https://api.fda.gov/device/enforcement.json?search=product_description%3A%2282530.0404%22&limit=100|https://api.fda.gov/device/recall.json?search=product_description%3A%2282530.0404%22&limit=100,false
PRD-4236459890,Novatech,NOVATECH EWS Size M,01EWS3M,,insufficient_evidence,low,none,no_exact_result,no_result,not_found,current_non_us,,searched,no_exact_action_found,unknown,,not_applicable,Identity method: none. UDI assessment: no_exact_result. Manufacturer finding: current_non_us. Completed or permitted searches did not establish enough exact current-status evidence; no result is not a discontinuation finding.,"Does the exact current global manufacturer listing apply to the United States despite the ended UDI evidence?|Is there a current official U.S. product page, labeling document, or discontinuation notice for this exact identifier?",keep_hidden_insufficient_evidence,https://novatech.fr/en/ews/ews|https://api.fda.gov/device/enforcement.json?search=product_description%3A%2201EWS3M%22&limit=100|https://api.fda.gov/device/recall.json?search=product_description%3A%2201EWS3M%22&limit=100,false
PRD-425DB43083,FUJIFILM SonoSite,SonoSite L12-3 Transducer,L12-3,,insufficient_evidence,low,none,no_exact_result,no_result,not_found,not_searched,,not_searched,unknown,unknown,,not_applicable,Identity method: none. UDI assessment: no_exact_result. Manufacturer finding: not_searched. Completed or permitted searches did not establish enough exact current-status evidence; no result is not a discontinuation finding.,"Is there a current official U.S. product page, labeling document, or discontinuation notice for this exact identifier?",keep_hidden_insufficient_evidence,https://www.sonosite.com/sites/default/files/Sonosite_LX_product_brochure_MKT03597_US_rev_C.pdf|https://www.sonosite.com/products/sonosite-px,false
PRD-427A070734,Karl Storz,"Autoclavable Plastic Cannula, Pack of 5",30120X,,insufficient_evidence,low,exact_manufacturer_catalog_number,all_exact_configurations_active,search_incomplete,not_found,no_result,,searched,no_exact_action_found,unknown,,not_applicable,Identity method: exact_manufacturer_catalog_number. UDI assessment: all_exact_configurations_active. Manufacturer finding: no_result. Completed or permitted searches did not establish enough exact current-status evidence; no result is not a discontinuation finding.,"Is there a current official U.S. product page, labeling document, or discontinuation notice for this exact identifier?",keep_hidden_insufficient_evidence,https://www.karlstorz.com/us/en/thoracic-surgery-and-pulmonology.htm|https://api.fda.gov/device/udi.json?search=identifiers.id%3A%2204048551457283%22&limit=100|https://api.fda.gov/device/udi.json?search=version_or_model_number%3A%2230120X%22&limit=100|https://api.fda.gov/device/udi.json?search=catalog_number%3A%2230120X%22&limit=100|https://api.fda.gov/device/udi.json?search=version_or_model_number%3A%2230120X%22&limit=100|https://api.fda.gov/device/classification.json?search=product_code%3A%22GCJ%22&limit=100|https://api.fda.gov/device/registrationlisting.json?search=products.product_code%3A%22GCJ%22&limit=100|https://api.fda.gov/device/enforcement.json?search=product_description%3A%2230120+X%22&limit=100|https://api.fda.gov/device/enforcement.json?search=code_info%3A%2204048551119891%22&limit=100|https://api.fda.gov/device/enforcement.json?search=code_info%3A%2204048551254684%22&limit=100|https://api.fda.gov/device/enforcement.json?search=code_info%3A%2204048551457290%22&limit=100|https://api.fda.gov/device/enforcement.json?search=code_info%3A%2204048551457283%22&limit=100|https://api.fda.gov/device/recall.json?search=code_info%3A%2204048551254684%22&limit=100|https://api.fda.gov/device/recall.json?search=code_info%3A%2204048551457283%22&limit=100|https://api.fda.gov/device/recall.json?search=code_info%3A%2204048551119891%22&limit=100|https://api.fda.gov/device/recall.json?search=product_description%3A%2230120+X%22&limit=100|https://api.fda.gov/device/recall.json?search=code_info%3A%2204048551457290%22&limit=100,false
PRD-456C006CCE,ERBE,Irrigation Adapter for APC Applicators with Handles,20132-087,,insufficient_evidence,low,none,no_exact_result,no_result,not_found,not_searched,,searched,no_exact_action_found,unknown,,not_applicable,Identity method: none. UDI assessment: no_exact_result. Manufacturer finding: not_searched. Completed or permitted searches did not establish enough exact current-status evidence; no result is not a discontinuation finding.,"Is there a current official U.S. product page, labeling document, or discontinuation notice for this exact identifier?",keep_hidden_insufficient_evidence,https://us.erbe-med.com/fileadmin/user_upload/documents/PDF/Catalogs/complete_Catalogs/85100-100_EN_Product-catalog.pdf|https://api.fda.gov/device/enforcement.json?search=product_description%3A%2220132-087%22&limit=100|https://api.fda.gov/device/recall.json?search=product_description%3A%2220132-087%22&limit=100,false
PRD-45AEBC6DFE,Body Vision Medical,LungVision Procedure Kit,,,insufficient_evidence,low,none,no_exact_result,no_result,not_found,not_searched,,not_searched,unknown,unknown,,not_applicable,Identity method: none. UDI assessment: no_exact_result. Manufacturer finding: not_searched. Completed or permitted searches did not establish enough exact current-status evidence; no result is not a discontinuation finding.,"Is there a current official U.S. product page, labeling document, or discontinuation notice for this exact identifier?",keep_hidden_insufficient_evidence,,false
PRD-4692570E45,Pinnacle Biologics,"OPTIGUIDE Fiber Optic Diffuser, 3.0 cm",,,insufficient_evidence,low,none,no_exact_result,no_result,not_found,not_searched,,not_searched,unknown,unknown,,not_applicable,Identity method: none. UDI assessment: no_exact_result. Manufacturer finding: not_searched. Completed or permitted searches did not establish enough exact current-status evidence; no result is not a discontinuation finding.,"Is there a current official U.S. product page, labeling document, or discontinuation notice for this exact identifier?",keep_hidden_insufficient_evidence,,false
PRD-470EA6C7BA,Thoracent / M.I.Tech,Bonastent Tracheobronchial Stent,BTB-184009,,insufficient_evidence,low,none,no_exact_result,no_result,not_found,not_searched,,searched,no_exact_action_found,unknown,,not_applicable,Identity method: none. UDI assessment: no_exact_result. Manufacturer finding: not_searched. Completed or permitted searches did not establish enough exact current-status evidence; no result is not a discontinuation finding.,"Is there a current official U.S. product page, labeling document, or discontinuation notice for this exact identifier?",keep_hidden_insufficient_evidence,https://api.fda.gov/device/enforcement.json?search=product_description%3A%22BTB-184009%22&limit=100|https://api.fda.gov/device/recall.json?search=product_description%3A%22BTB-184009%22&limit=100,false
PRD-4724EA02A3,Micro-Tech Endoscopy,Micro-Tech Uncovered Straight Tracheal Stent,ST02-331-16.040,,insufficient_evidence,low,none,no_exact_result,no_result,not_found,current_non_us,,searched,no_exact_action_found,unknown,,not_applicable,Identity method: none. UDI assessment: no_exact_result. Manufacturer finding: current_non_us. Completed or permitted searches did not establish enough exact current-status evidence; no result is not a discontinuation finding.,"Does the exact current global manufacturer listing apply to the United States despite the ended UDI evidence?|Is there a current official U.S. product page, labeling document, or discontinuation notice for this exact identifier?",keep_hidden_insufficient_evidence,https://www.micro-tech-medical.com/products/Tracheal-Bronchial-Stents.html|https://api.fda.gov/device/enforcement.json?search=product_description%3A%22ST02-331-16.040%22&limit=100|https://api.fda.gov/device/recall.json?search=product_description%3A%22ST02-331-16.040%22&limit=100,false
PRD-473C35E94F,Richard Wolf,Bronchoscope Sealing Cap for 5.5 mm Telescope,8020.18,,insufficient_evidence,low,none,no_exact_result,no_result,not_found,current_non_us,,searched,no_exact_action_found,unknown,,not_applicable,Identity method: none. UDI assessment: no_exact_result. Manufacturer finding: current_non_us. Completed or permitted searches did not establish enough exact current-status evidence; no result is not a discontinuation finding.,"Does the exact current global manufacturer listing apply to the United States despite the ended UDI evidence?|Is there a current official U.S. product page, labeling document, or discontinuation notice for this exact identifier?",keep_hidden_insufficient_evidence,https://www.richard-wolf.com/mam/data/Typo3/Kataloge/Broncho-_Thorako-_Mediastinoskopie/Thorakale_Endoskopie_en.pdf|https://api.fda.gov/device/enforcement.json?search=product_description%3A%228020.18%22&limit=100|https://api.fda.gov/device/recall.json?search=product_description%3A%228020.18%22&limit=100,false
PRD-481074A513,Karl Storz,Sponge Holder for Sterile Smears,10388A,,insufficient_evidence,low,exact_manufacturer_model_number,all_exact_configurations_active,search_incomplete,not_found,no_result,,searched,no_exact_action_found,unknown,,not_applicable,Identity method: exact_manufacturer_model_number. UDI assessment: all_exact_configurations_active. Manufacturer finding: no_result. Completed or permitted searches did not establish enough exact current-status evidence; no result is not a discontinuation finding.,"Is there a current official U.S. product page, labeling document, or discontinuation notice for this exact identifier?",keep_hidden_insufficient_evidence,https://www.karlstorz.com/us/en/thoracic-surgery-and-pulmonology.htm|https://api.fda.gov/device/udi.json?search=identifiers.id%3A%2204048551048306%22&limit=100|https://api.fda.gov/device/udi.json?search=version_or_model_number%3A%2210388A%22&limit=100|https://api.fda.gov/device/classification.json?search=product_code%3A%22EOQ%22&limit=100|https://api.fda.gov/device/registrationlisting.json?search=products.product_code%3A%22EOQ%22&limit=100|https://api.fda.gov/device/enforcement.json?search=product_description%3A%2210388+A%22&limit=100|https://api.fda.gov/device/enforcement.json?search=code_info%3A%2204048551048306%22&limit=100|https://api.fda.gov/device/recall.json?search=product_description%3A%2210388+A%22&limit=100|https://api.fda.gov/device/recall.json?search=code_info%3A%2204048551048306%22&limit=100,false
PRD-486F6703A9,ERBE,"Bipolar Connecting Cable, Valleylab 2-Pin 28 mm, 4 m, European Flat Plug",20196-055,,insufficient_evidence,low,none,no_exact_result,no_result,not_found,not_searched,,searched,no_exact_action_found,unknown,,not_applicable,Identity method: none. UDI assessment: no_exact_result. Manufacturer finding: not_searched. Completed or permitted searches did not establish enough exact current-status evidence; no result is not a discontinuation finding.,"Is there a current official U.S. product page, labeling document, or discontinuation notice for this exact identifier?",keep_hidden_insufficient_evidence,https://us.erbe-med.com/fileadmin/user_upload/documents/PDF/Catalogs/complete_Catalogs/85100-100_EN_Product-catalog.pdf|https://api.fda.gov/device/enforcement.json?search=product_description%3A%2220196-055%22&limit=100|https://api.fda.gov/device/recall.json?search=product_description%3A%2220196-055%22&limit=100,false
PRD-48AEE784DD,Olympus,UCR High-Pressure CO2 Hose,MAJ-1084,,insufficient_evidence,low,exact_manufacturer_model_number,all_exact_configurations_active,search_incomplete,not_found,family_only_current,,searched,no_exact_action_found,unknown,,not_applicable,Identity method: exact_manufacturer_model_number. UDI assessment: all_exact_configurations_active. Manufacturer finding: family_only_current. Completed or permitted searches did not establish enough exact current-status evidence; no result is not a discontinuation finding.,"Is there a current official U.S. product page, labeling document, or discontinuation notice for this exact identifier?",keep_hidden_insufficient_evidence,https://content.medical.olympusamerica.com/products/accessory-solutions|https://api.fda.gov/device/udi.json?search=version_or_model_number%3A%22MAJ-1084%22&limit=100|https://api.fda.gov/device/udi.json?search=identifiers.id%3A%2204953170140365%22&limit=100|https://api.fda.gov/device/classification.json?search=product_code%3A%22FCX%22&limit=100|https://api.fda.gov/device/classification.json?search=product_code%3A%22HIF%22&limit=100|https://api.fda.gov/device/registrationlisting.json?search=products.product_code%3A%22FCX%22&limit=100|https://api.fda.gov/device/registrationlisting.json?search=products.product_code%3A%22HIF%22&limit=100|https://api.fda.gov/device/enforcement.json?search=product_description%3A%22MAJ-1084%22&limit=100|https://api.fda.gov/device/enforcement.json?search=code_info%3A%2204953170140365%22&limit=100|https://api.fda.gov/device/recall.json?search=code_info%3A%2204953170140365%22&limit=100|https://api.fda.gov/device/recall.json?search=product_description%3A%22MAJ-1084%22&limit=100,false
PRD-4A023D6489,Karl Storz,Forceps for Peanuts/Soft Foreign Bodies,10366K,,insufficient_evidence,low,exact_manufacturer_catalog_number,all_exact_configurations_active,search_incomplete,not_found,no_result,,searched,no_exact_action_found,unknown,,not_applicable,Identity method: exact_manufacturer_catalog_number. UDI assessment: all_exact_configurations_active. Manufacturer finding: no_result. Completed or permitted searches did not establish enough exact current-status evidence; no result is not a discontinuation finding.,"Is there a current official U.S. product page, labeling document, or discontinuation notice for this exact identifier?",keep_hidden_insufficient_evidence,https://www.karlstorz.com/us/en/thoracic-surgery-and-pulmonology.htm|https://api.fda.gov/device/udi.json?search=catalog_number%3A%2210366K%22&limit=100|https://api.fda.gov/device/udi.json?search=version_or_model_number%3A%2210366K%22&limit=100|https://api.fda.gov/device/udi.json?search=identifiers.id%3A%2204048551046951%22&limit=100|https://api.fda.gov/device/classification.json?search=product_code%3A%22EOQ%22&limit=100|https://api.fda.gov/device/registrationlisting.json?search=products.product_code%3A%22EOQ%22&limit=100|https://api.fda.gov/device/enforcement.json?search=product_description%3A%2210366+K%22&limit=100|https://api.fda.gov/device/enforcement.json?search=code_info%3A%2204048551046951%22&limit=100|https://api.fda.gov/device/recall.json?search=product_description%3A%2210366+K%22&limit=100|https://api.fda.gov/device/recall.json?search=code_info%3A%2204048551046951%22&limit=100,false
PRD-4A04124FF2,Olympus,BF-1TH190 Video Bronchoscope,BF-1TH190,,insufficient_evidence,low,none,no_exact_result,no_result,not_found,current_exact_official_us_product,,searched,active_exact_product_action,product_wide,Z-0049-2026|Z-0192-2024|Z-0327-2024|Z-2017-2023|Z-2496-2023,not_applicable,Identity method: none. UDI assessment: no_exact_result. Manufacturer finding: current_exact_official_us_product. Completed or permitted searches did not establish enough exact current-status evidence; no result is not a discontinuation finding.,"Is there a current official U.S. product page, labeling document, or discontinuation notice for this exact identifier?",keep_hidden_insufficient_evidence,https://medical.olympusamerica.com/products/evis-exera-bronchoscopy/visualization|https://api.fda.gov/device/enforcement.json?search=product_description%3A%22BF-1TH190%22&limit=100|https://api.fda.gov/device/recall.json?search=product_description%3A%22BF-1TH190%22&limit=100,false
PRD-4A1701C80B,Karl Storz,Optical Dissection Electrode,26072UF,,insufficient_evidence,low,exact_manufacturer_model_number,all_exact_configurations_active,search_incomplete,not_found,not_searched,,searched,no_exact_action_found,unknown,,not_applicable,Identity method: exact_manufacturer_model_number. UDI assessment: all_exact_configurations_active. Manufacturer finding: not_searched. Completed or permitted searches did not establish enough exact current-status evidence; no result is not a discontinuation finding.,"Is there a current official U.S. product page, labeling document, or discontinuation notice for this exact identifier?",keep_hidden_insufficient_evidence,https://api.fda.gov/device/udi.json?search=version_or_model_number%3A%2226072UF%22&limit=100|https://api.fda.gov/device/classification.json?search=product_code%3A%22GCJ%22&limit=100|https://api.fda.gov/device/registrationlisting.json?search=products.product_code%3A%22GCJ%22&limit=100|https://api.fda.gov/device/enforcement.json?search=product_description%3A%2226072UF%22&limit=100|https://api.fda.gov/device/enforcement.json?search=code_info%3A%2204048551277270%22&limit=100|https://api.fda.gov/device/recall.json?search=product_description%3A%2226072UF%22&limit=100|https://api.fda.gov/device/recall.json?search=code_info%3A%2204048551277270%22&limit=100,false
PRD-4A329E27C5,Richard Wolf,Sealing Valve Bundle (20 pcs),15114.052,,insufficient_evidence,low,none,no_exact_result,no_result,not_found,current_non_us,,searched,no_exact_action_found,unknown,,not_applicable,Identity method: none. UDI assessment: no_exact_result. Manufacturer finding: current_non_us. Completed or permitted searches did not establish enough exact current-status evidence; no result is not a discontinuation finding.,"Does the exact current global manufacturer listing apply to the United States despite the ended UDI evidence?|Is there a current official U.S. product page, labeling document, or discontinuation notice for this exact identifier?",keep_hidden_insufficient_evidence,https://www.richard-wolf.com/mam/data/Typo3/Kataloge/Broncho-_Thorako-_Mediastinoskopie/Thorakale_Endoskopie_en.pdf|https://api.fda.gov/device/enforcement.json?search=product_description%3A%2215114.052%22&limit=100|https://api.fda.gov/device/recall.json?search=product_description%3A%2215114.052%22&limit=100,false
PRD-4A3F2CCBBF,Micro-Tech / Thoracent,Areus EBUS FNA Nitinol Needle,BU49221,,insufficient_evidence,low,none,no_exact_result,no_result,not_found,not_searched,,searched,no_exact_action_found,unknown,,not_applicable,Identity method: none. UDI assessment: no_exact_result. Manufacturer finding: not_searched. Completed or permitted searches did not establish enough exact current-status evidence; no result is not a discontinuation finding.,"Is there a current official U.S. product page, labeling document, or discontinuation notice for this exact identifier?",keep_hidden_insufficient_evidence,https://api.fda.gov/device/enforcement.json?search=product_description%3A%22BU49221%22&limit=100|https://api.fda.gov/device/recall.json?search=product_description%3A%22BU49221%22&limit=100,false
PRD-4A98F07FC6,Karl Storz,Optical Alligator Forceps,10352H,,insufficient_evidence,low,exact_manufacturer_catalog_number,all_exact_configurations_active,search_incomplete,not_found,no_result,,searched,no_exact_action_found,unknown,,not_applicable,Identity method: exact_manufacturer_catalog_number. UDI assessment: all_exact_configurations_active. Manufacturer finding: no_result. Completed or permitted searches did not establish enough exact current-status evidence; no result is not a discontinuation finding.,"Is there a current official U.S. product page, labeling document, or discontinuation notice for this exact identifier?",keep_hidden_insufficient_evidence,https://www.karlstorz.com/us/en/thoracic-surgery-and-pulmonology.htm|https://api.fda.gov/device/udi.json?search=identifiers.id%3A%2204048551046791%22&limit=100|https://api.fda.gov/device/udi.json?search=version_or_model_number%3A%2210352H%22&limit=100|https://api.fda.gov/device/udi.json?search=catalog_number%3A%2210352H%22&limit=100|https://api.fda.gov/device/classification.json?search=product_code%3A%22EOQ%22&limit=100|https://api.fda.gov/device/registrationlisting.json?search=products.product_code%3A%22EOQ%22&limit=100|https://api.fda.gov/device/enforcement.json?search=product_description%3A%2210352+H%22&limit=100|https://api.fda.gov/device/enforcement.json?search=code_info%3A%2204048551046791%22&limit=100|https://api.fda.gov/device/recall.json?search=code_info%3A%2204048551046791%22&limit=100|https://api.fda.gov/device/recall.json?search=product_description%3A%2210352+H%22&limit=100,false
PRD-4AECEED0C8,Thoracent / M.I.Tech,Bonastent Tracheobronchial Stent,BTB-185009,,insufficient_evidence,low,none,no_exact_result,no_result,not_found,not_searched,,searched,no_exact_action_found,unknown,,not_applicable,Identity method: none. UDI assessment: no_exact_result. Manufacturer finding: not_searched. Completed or permitted searches did not establish enough exact current-status evidence; no result is not a discontinuation finding.,"Is there a current official U.S. product page, labeling document, or discontinuation notice for this exact identifier?",keep_hidden_insufficient_evidence,https://api.fda.gov/device/enforcement.json?search=product_description%3A%22BTB-185009%22&limit=100|https://api.fda.gov/device/recall.json?search=product_description%3A%22BTB-185009%22&limit=100,false
PRD-4BB84F196B,Richard Wolf,PANOVIEW ULTRA Telescope,89354416,,insufficient_evidence,low,exact_manufacturer_catalog_number,all_exact_configurations_active,search_incomplete,not_found,current_non_us,,searched,no_exact_action_found,unknown,,not_applicable,Identity method: exact_manufacturer_catalog_number. UDI assessment: all_exact_configurations_active. Manufacturer finding: current_non_us. Completed or permitted searches did not establish enough exact current-status evidence; no result is not a discontinuation finding.,"Does the exact current global manufacturer listing apply to the United States despite the ended UDI evidence?|Is there a current official U.S. product page, labeling document, or discontinuation notice for this exact identifier?",keep_hidden_insufficient_evidence,https://www.richard-wolf.com/mam/data/Typo3/Kataloge/Broncho-_Thorako-_Mediastinoskopie/Thorakale_Endoskopie_en.pdf|https://api.fda.gov/device/udi.json?search=version_or_model_number%3A%2289354416%22&limit=100|https://api.fda.gov/device/udi.json?search=identifiers.id%3A%2204055207058121%22&limit=100|https://api.fda.gov/device/udi.json?search=catalog_number%3A%2289354416%22&limit=100|https://api.fda.gov/device/classification.json?search=product_code%3A%22GCJ%22&limit=100|https://api.fda.gov/device/registrationlisting.json?search=products.product_code%3A%22GCJ%22&limit=100|https://api.fda.gov/device/enforcement.json?search=product_description%3A%2289354416%22&limit=100|https://api.fda.gov/device/enforcement.json?search=code_info%3A%2204055207058121%22&limit=100|https://api.fda.gov/device/recall.json?search=product_description%3A%2289354416%22&limit=100|https://api.fda.gov/device/recall.json?search=code_info%3A%2204055207058121%22&limit=100,false
PRD-4BD7E911C3,Richard Wolf,Cleaning Brush,7990001,,insufficient_evidence,low,exact_manufacturer_catalog_number,all_exact_configurations_active,search_incomplete,premarket_exempt,current_non_us,,searched,no_exact_action_found,unknown,,not_applicable,Identity method: exact_manufacturer_catalog_number. UDI assessment: all_exact_configurations_active. Manufacturer finding: current_non_us. Completed or permitted searches did not establish enough exact current-status evidence; no result is not a discontinuation finding.,"Does the exact current global manufacturer listing apply to the United States despite the ended UDI evidence?|Is there a current official U.S. product page, labeling document, or discontinuation notice for this exact identifier?",keep_hidden_insufficient_evidence,https://www.richard-wolf.com/mam/data/Typo3/Kataloge/Broncho-_Thorako-_Mediastinoskopie/Thorakale_Endoskopie_en.pdf|https://api.fda.gov/device/udi.json?search=version_or_model_number%3A%227990001%22&limit=100|https://api.fda.gov/device/udi.json?search=catalog_number%3A%227990001%22&limit=100|https://api.fda.gov/device/udi.json?search=identifiers.id%3A%2204055207000649%22&limit=100|https://api.fda.gov/device/classification.json?search=product_code%3A%22MNL%22&limit=100|https://api.fda.gov/device/registrationlisting.json?search=products.product_code%3A%22MNL%22&limit=100|https://api.fda.gov/device/enforcement.json?search=code_info%3A%2204055207000649%22&limit=100|https://api.fda.gov/device/enforcement.json?search=product_description%3A%227990001%22&limit=100|https://api.fda.gov/device/enforcement.json?search=code_info%3A%2204055207066973%22&limit=100|https://api.fda.gov/device/recall.json?search=product_description%3A%227990001%22&limit=100|https://api.fda.gov/device/recall.json?search=code_info%3A%2204055207000649%22&limit=100|https://api.fda.gov/device/recall.json?search=code_info%3A%2204055207066973%22&limit=100,false
PRD-4C3147DF15,Olympus,TC-C4 Series Workstation Set,K10029884,,insufficient_evidence,low,none,no_exact_result,no_result,not_found,family_only_current,,searched,no_exact_action_found,unknown,,not_applicable,Identity method: none. UDI assessment: no_exact_result. Manufacturer finding: family_only_current. Completed or permitted searches did not establish enough exact current-status evidence; no result is not a discontinuation finding.,"Is there a current official U.S. product page, labeling document, or discontinuation notice for this exact identifier?",keep_hidden_insufficient_evidence,https://content.medical.olympusamerica.com/products/accessory-solutions|https://api.fda.gov/device/enforcement.json?search=product_description%3A%22K10029884%22&limit=100|https://api.fda.gov/device/recall.json?search=product_description%3A%22K10029884%22&limit=100,false
PRD-4CC32EE889,Olympus,Spiration Valve System Air Leak Procedure Kit,SVS-C26N-9-VSK,,insufficient_evidence,low,none,no_exact_result,no_result,not_found,no_result,,searched,no_exact_action_found,unknown,,not_applicable,Identity method: none. UDI assessment: no_exact_result. Manufacturer finding: no_result. Completed or permitted searches did not establish enough exact current-status evidence; no result is not a discontinuation finding.,"Is there a current official U.S. product page, labeling document, or discontinuation notice for this exact identifier?",keep_hidden_insufficient_evidence,https://content.medical.olympusamerica.com/sites/default/files/us/files/pdf/SVS-Air-Leak-Product-Order-Information_FINAL.pdf|https://api.fda.gov/device/enforcement.json?search=product_description%3A%22SVS-C26N-9-VSK%22&limit=100|https://api.fda.gov/device/recall.json?search=product_description%3A%22SVS-C26N-9-VSK%22&limit=100,false
PRD-4D06DCE96B,ERBE,"Return-Electrode Connecting Cable, International, 4 m, Split-Contact Electrode",20194-080,,insufficient_evidence,low,none,no_exact_result,no_result,not_found,not_searched,,searched,no_exact_action_found,unknown,,not_applicable,Identity method: none. UDI assessment: no_exact_result. Manufacturer finding: not_searched. Completed or permitted searches did not establish enough exact current-status evidence; no result is not a discontinuation finding.,"Is there a current official U.S. product page, labeling document, or discontinuation notice for this exact identifier?",keep_hidden_insufficient_evidence,https://us.erbe-med.com/fileadmin/user_upload/documents/PDF/Catalogs/complete_Catalogs/85100-100_EN_Product-catalog.pdf|https://api.fda.gov/device/enforcement.json?search=product_description%3A%2220194-080%22&limit=100|https://api.fda.gov/device/recall.json?search=product_description%3A%2220194-080%22&limit=100,false
PRD-5070336E33,Novatech,GSS TD Tracheal Stent,01TD16100,,insufficient_evidence,low,none,no_exact_result,no_result,not_found,not_searched,,searched,no_exact_action_found,unknown,,not_applicable,Identity method: none. UDI assessment: no_exact_result. Manufacturer finding: not_searched. Completed or permitted searches did not establish enough exact current-status evidence; no result is not a discontinuation finding.,"Is there a current official U.S. product page, labeling document, or discontinuation notice for this exact identifier?",keep_hidden_insufficient_evidence,https://api.fda.gov/device/enforcement.json?search=product_description%3A%2201TD16100%22&limit=100|https://api.fda.gov/device/recall.json?search=product_description%3A%2201TD16100%22&limit=100,false
PRD-50C32D45B1,Galvanize Therapeutics,INUMI Flex Needle,,,insufficient_evidence,low,none,no_exact_result,no_result,not_found,not_searched,,not_searched,unknown,unknown,,not_applicable,Identity method: none. UDI assessment: no_exact_result. Manufacturer finding: not_searched. Completed or permitted searches did not establish enough exact current-status evidence; no result is not a discontinuation finding.,"Is there a current official U.S. product page, labeling document, or discontinuation notice for this exact identifier?",keep_hidden_insufficient_evidence,,false
PRD-50DCC12BE8,Karl Storz,Optical Spoon Biopsy Forceps,10350L,,insufficient_evidence,low,exact_manufacturer_catalog_number,all_exact_configurations_active,search_incomplete,not_found,no_result,,searched,no_exact_action_found,unknown,,not_applicable,Identity method: exact_manufacturer_catalog_number. UDI assessment: all_exact_configurations_active. Manufacturer finding: no_result. Completed or permitted searches did not establish enough exact current-status evidence; no result is not a discontinuation finding.,"Is there a current official U.S. product page, labeling document, or discontinuation notice for this exact identifier?",keep_hidden_insufficient_evidence,https://www.karlstorz.com/us/en/thoracic-surgery-and-pulmonology.htm|https://api.fda.gov/device/udi.json?search=version_or_model_number%3A%2210350L%22&limit=100|https://api.fda.gov/device/udi.json?search=catalog_number%3A%2210350L%22&limit=100|https://api.fda.gov/device/udi.json?search=identifiers.id%3A%2204048551046722%22&limit=100|https://api.fda.gov/device/classification.json?search=product_code%3A%22EOQ%22&limit=100|https://api.fda.gov/device/registrationlisting.json?search=products.product_code%3A%22EOQ%22&limit=100|https://api.fda.gov/device/enforcement.json?search=code_info%3A%2204048551046722%22&limit=100|https://api.fda.gov/device/enforcement.json?search=product_description%3A%2210350+L%22&limit=100|https://api.fda.gov/device/recall.json?search=product_description%3A%2210350+L%22&limit=100|https://api.fda.gov/device/recall.json?search=code_info%3A%2204048551046722%22&limit=100,false
PRD-5255AADD2C,Thoracent / M.I.Tech,Bonastent Tracheobronchial Stent,BTB-162009,,insufficient_evidence,low,none,no_exact_result,no_result,not_found,not_searched,,searched,no_exact_action_found,unknown,,not_applicable,Identity method: none. UDI assessment: no_exact_result. Manufacturer finding: not_searched. Completed or permitted searches did not establish enough exact current-status evidence; no result is not a discontinuation finding.,"Is there a current official U.S. product page, labeling document, or discontinuation notice for this exact identifier?",keep_hidden_insufficient_evidence,https://api.fda.gov/device/enforcement.json?search=product_description%3A%22BTB-162009%22&limit=100|https://api.fda.gov/device/recall.json?search=product_description%3A%22BTB-162009%22&limit=100,false
PRD-526F08F11A,Karl Storz,Adapter for 7 Fr Suction Catheter,10479B,,insufficient_evidence,low,exact_manufacturer_model_number,all_exact_configurations_active,search_incomplete,not_found,no_result,,searched,no_exact_action_found,unknown,,not_applicable,Identity method: exact_manufacturer_model_number. UDI assessment: all_exact_configurations_active. Manufacturer finding: no_result. Completed or permitted searches did not establish enough exact current-status evidence; no result is not a discontinuation finding.,"Is there a current official U.S. product page, labeling document, or discontinuation notice for this exact identifier?",keep_hidden_insufficient_evidence,https://www.karlstorz.com/us/en/thoracic-surgery-and-pulmonology.htm|https://api.fda.gov/device/udi.json?search=identifiers.id%3A%2204048551048870%22&limit=100|https://api.fda.gov/device/udi.json?search=version_or_model_number%3A%2210479B%22&limit=100|https://api.fda.gov/device/classification.json?search=product_code%3A%22EOQ%22&limit=100|https://api.fda.gov/device/registrationlisting.json?search=products.product_code%3A%22EOQ%22&limit=100|https://api.fda.gov/device/enforcement.json?search=code_info%3A%2204048551048870%22&limit=100|https://api.fda.gov/device/enforcement.json?search=product_description%3A%2210479+B%22&limit=100|https://api.fda.gov/device/recall.json?search=code_info%3A%2204048551048870%22&limit=100|https://api.fda.gov/device/recall.json?search=product_description%3A%2210479+B%22&limit=100,false
PRD-535FE6B186,ERBE,"Bipolar Connecting Cable, International, 4 m, for BiSect",20196-107,,insufficient_evidence,low,none,no_exact_result,no_result,not_found,not_searched,,searched,no_exact_action_found,unknown,,not_applicable,Identity method: none. UDI assessment: no_exact_result. Manufacturer finding: not_searched. Completed or permitted searches did not establish enough exact current-status evidence; no result is not a discontinuation finding.,"Is there a current official U.S. product page, labeling document, or discontinuation notice for this exact identifier?",keep_hidden_insufficient_evidence,https://us.erbe-med.com/fileadmin/user_upload/documents/PDF/Catalogs/complete_Catalogs/85100-100_EN_Product-catalog.pdf|https://api.fda.gov/device/enforcement.json?search=product_description%3A%2220196-107%22&limit=100|https://api.fda.gov/device/recall.json?search=product_description%3A%2220196-107%22&limit=100,false
PRD-53FF14A0C3,Richard Wolf,HEMER Bronchoscope Tube Bundle,8214.1041,,insufficient_evidence,low,none,no_exact_result,no_result,not_found,current_non_us,,searched,no_exact_action_found,unknown,,not_applicable,Identity method: none. UDI assessment: no_exact_result. Manufacturer finding: current_non_us. Completed or permitted searches did not establish enough exact current-status evidence; no result is not a discontinuation finding.,"Does the exact current global manufacturer listing apply to the United States despite the ended UDI evidence?|Is there a current official U.S. product page, labeling document, or discontinuation notice for this exact identifier?",keep_hidden_insufficient_evidence,https://www.richard-wolf.com/mam/data/Typo3/Kataloge/Broncho-_Thorako-_Mediastinoskopie/Thorakale_Endoskopie_en.pdf|https://api.fda.gov/device/enforcement.json?search=product_description%3A%228214.1041%22&limit=100|https://api.fda.gov/device/recall.json?search=product_description%3A%228214.1041%22&limit=100,false
PRD-543E5F36B7,Richard Wolf,ERAGONbipolar Pistol Handle,823400005,,insufficient_evidence,low,none,no_exact_result,no_result,not_found,current_non_us,,searched,no_exact_action_found,unknown,,not_applicable,Identity method: none. UDI assessment: no_exact_result. Manufacturer finding: current_non_us. Completed or permitted searches did not establish enough exact current-status evidence; no result is not a discontinuation finding.,"Does the exact current global manufacturer listing apply to the United States despite the ended UDI evidence?|Is there a current official U.S. product page, labeling document, or discontinuation notice for this exact identifier?",keep_hidden_insufficient_evidence,https://www.richard-wolf.com/mam/data/Typo3/Kataloge/Broncho-_Thorako-_Mediastinoskopie/Thorakale_Endoskopie_en.pdf|https://api.fda.gov/device/enforcement.json?search=product_description%3A%22823400005%22&limit=100|https://api.fda.gov/device/recall.json?search=product_description%3A%22823400005%22&limit=100,false
PRD-5445BFA070,ERBE,FiAPC Probe 2200 A,20132-221,,insufficient_evidence,low,none,no_exact_result,no_result,not_found,not_searched,,searched,no_exact_action_found,unknown,,not_applicable,Identity method: none. UDI assessment: no_exact_result. Manufacturer finding: not_searched. Completed or permitted searches did not establish enough exact current-status evidence; no result is not a discontinuation finding.,"Is there a current official U.S. product page, labeling document, or discontinuation notice for this exact identifier?",keep_hidden_insufficient_evidence,https://us.erbe-med.com/fileadmin/user_upload/documents/PDF/Catalogs/complete_Catalogs/85100-100_EN_Product-catalog.pdf|https://api.fda.gov/device/enforcement.json?search=product_description%3A%2220132-221%22&limit=100|https://api.fda.gov/device/recall.json?search=product_description%3A%2220132-221%22&limit=100,false
PRD-54CEDAAE5B,Richard Wolf,TEXAS Distal Illumination Head System,825101100,,insufficient_evidence,low,exact_manufacturer_catalog_number,all_exact_configurations_active,search_incomplete,premarket_exempt,current_non_us,,searched,no_exact_action_found,unknown,,not_applicable,Identity method: exact_manufacturer_catalog_number. UDI assessment: all_exact_configurations_active. Manufacturer finding: current_non_us. Completed or permitted searches did not establish enough exact current-status evidence; no result is not a discontinuation finding.,"Does the exact current global manufacturer listing apply to the United States despite the ended UDI evidence?|Is there a current official U.S. product page, labeling document, or discontinuation notice for this exact identifier?",keep_hidden_insufficient_evidence,https://www.richard-wolf.com/mam/data/Typo3/Kataloge/Broncho-_Thorako-_Mediastinoskopie/Thorakale_Endoskopie_en.pdf|https://api.fda.gov/device/udi.json?search=version_or_model_number%3A%22825101100%22&limit=100|https://api.fda.gov/device/udi.json?search=catalog_number%3A%22825101100%22&limit=100|https://api.fda.gov/device/udi.json?search=identifiers.id%3A%2204055207057629%22&limit=100|https://api.fda.gov/device/classification.json?search=product_code%3A%22LRC%22&limit=100|https://api.fda.gov/device/registrationlisting.json?search=products.product_code%3A%22LRC%22&limit=100|https://api.fda.gov/device/enforcement.json?search=code_info%3A%2204055207057629%22&limit=100|https://api.fda.gov/device/enforcement.json?search=product_description%3A%22825101100%22&limit=100|https://api.fda.gov/device/recall.json?search=code_info%3A%2204055207057629%22&limit=100|https://api.fda.gov/device/recall.json?search=product_description%3A%22825101100%22&limit=100,false
PRD-5567CCE50B,ForTec Medical,neoV Laser (mobile service),,,insufficient_evidence,low,none,no_exact_result,no_result,not_found,not_searched,,not_searched,unknown,unknown,,not_applicable,Identity method: none. UDI assessment: no_exact_result. Manufacturer finding: not_searched. Completed or permitted searches did not establish enough exact current-status evidence; no result is not a discontinuation finding.,"Is there a current official U.S. product page, labeling document, or discontinuation notice for this exact identifier?",keep_hidden_insufficient_evidence,,false
PRD-55E5D08ADC,ERBE,"Pressure Reducer with Sensor for APC 2/APC 3, Japan",20134-005,,insufficient_evidence,low,none,no_exact_result,no_result,not_found,not_searched,,searched,no_exact_action_found,unknown,,not_applicable,Identity method: none. UDI assessment: no_exact_result. Manufacturer finding: not_searched. Completed or permitted searches did not establish enough exact current-status evidence; no result is not a discontinuation finding.,"Is there a current official U.S. product page, labeling document, or discontinuation notice for this exact identifier?",keep_hidden_insufficient_evidence,https://us.erbe-med.com/fileadmin/user_upload/documents/PDF/Catalogs/complete_Catalogs/85100-100_EN_Product-catalog.pdf|https://api.fda.gov/device/enforcement.json?search=product_description%3A%2220134-005%22&limit=100|https://api.fda.gov/device/recall.json?search=product_description%3A%2220134-005%22&limit=100,false
PRD-561B93B2F3,Olympus,Spiration Valve in Cartridge – 7 mm (HUD air-leak configuration),REF-HUS-V7,,insufficient_evidence,low,none,no_exact_result,no_result,not_found,no_result,,searched,no_exact_action_found,unknown,,not_applicable,Identity method: none. UDI assessment: no_exact_result. Manufacturer finding: no_result. Completed or permitted searches did not establish enough exact current-status evidence; no result is not a discontinuation finding.,"Is there a current official U.S. product page, labeling document, or discontinuation notice for this exact identifier?",keep_hidden_insufficient_evidence,https://content.medical.olympusamerica.com/sites/default/files/us/files/pdf/SVS-Air-Leak-Product-Order-Information_FINAL.pdf|https://api.fda.gov/device/enforcement.json?search=product_description%3A%22REF-HUS-V7%22&limit=100|https://api.fda.gov/device/recall.json?search=product_description%3A%22REF-HUS-V7%22&limit=100,false
PRD-56932BDE51,Thoracent / M.I.Tech,Bonastent Tracheobronchial Stent,BTB-186009,,insufficient_evidence,low,none,no_exact_result,no_result,not_found,not_searched,,searched,no_exact_action_found,unknown,,not_applicable,Identity method: none. UDI assessment: no_exact_result. Manufacturer finding: not_searched. Completed or permitted searches did not establish enough exact current-status evidence; no result is not a discontinuation finding.,"Is there a current official U.S. product page, labeling document, or discontinuation notice for this exact identifier?",keep_hidden_insufficient_evidence,https://api.fda.gov/device/enforcement.json?search=product_description%3A%22BTB-186009%22&limit=100|https://api.fda.gov/device/recall.json?search=product_description%3A%22BTB-186009%22&limit=100,false
PRD-574BC79D2B,ERBE,"Bipolar Adapter Cable, Standard to International 2 x 4 mm Socket, 30 cm",20183-066,,insufficient_evidence,low,none,no_exact_result,no_result,not_found,not_searched,,searched,no_exact_action_found,unknown,,not_applicable,Identity method: none. UDI assessment: no_exact_result. Manufacturer finding: not_searched. Completed or permitted searches did not establish enough exact current-status evidence; no result is not a discontinuation finding.,"Is there a current official U.S. product page, labeling document, or discontinuation notice for this exact identifier?",keep_hidden_insufficient_evidence,https://us.erbe-med.com/fileadmin/user_upload/documents/PDF/Catalogs/complete_Catalogs/85100-100_EN_Product-catalog.pdf|https://api.fda.gov/device/enforcement.json?search=product_description%3A%2220183-066%22&limit=100|https://api.fda.gov/device/recall.json?search=product_description%3A%2220183-066%22&limit=100,false
PRD-57A313D4DB,ERBE,"Bipolar Connecting Cable, VIO/ICC/ACC T-Series Standard, 5 m, European Flat Plug",20196-057,,insufficient_evidence,low,none,no_exact_result,no_result,not_found,not_searched,,searched,no_exact_action_found,unknown,,not_applicable,Identity method: none. UDI assessment: no_exact_result. Manufacturer finding: not_searched. Completed or permitted searches did not establish enough exact current-status evidence; no result is not a discontinuation finding.,"Is there a current official U.S. product page, labeling document, or discontinuation notice for this exact identifier?",keep_hidden_insufficient_evidence,https://us.erbe-med.com/fileadmin/user_upload/documents/PDF/Catalogs/complete_Catalogs/85100-100_EN_Product-catalog.pdf|https://api.fda.gov/device/enforcement.json?search=product_description%3A%2220196-057%22&limit=100|https://api.fda.gov/device/recall.json?search=product_description%3A%2220196-057%22&limit=100,false
PRD-57C0ED84C2,Karl Storz,Adapter for 6 Fr Suction Catheter,10479C,,insufficient_evidence,low,exact_manufacturer_model_number,all_exact_configurations_active,search_incomplete,not_found,no_result,,searched,no_exact_action_found,unknown,,not_applicable,Identity method: exact_manufacturer_model_number. UDI assessment: all_exact_configurations_active. Manufacturer finding: no_result. Completed or permitted searches did not establish enough exact current-status evidence; no result is not a discontinuation finding.,"Is there a current official U.S. product page, labeling document, or discontinuation notice for this exact identifier?",keep_hidden_insufficient_evidence,https://www.karlstorz.com/us/en/thoracic-surgery-and-pulmonology.htm|https://api.fda.gov/device/udi.json?search=identifiers.id%3A%2204048551048887%22&limit=100|https://api.fda.gov/device/udi.json?search=version_or_model_number%3A%2210479C%22&limit=100|https://api.fda.gov/device/classification.json?search=product_code%3A%22EOQ%22&limit=100|https://api.fda.gov/device/registrationlisting.json?search=products.product_code%3A%22EOQ%22&limit=100|https://api.fda.gov/device/enforcement.json?search=product_description%3A%2210479+C%22&limit=100|https://api.fda.gov/device/enforcement.json?search=code_info%3A%2204048551048887%22&limit=100|https://api.fda.gov/device/recall.json?search=code_info%3A%2204048551048887%22&limit=100|https://api.fda.gov/device/recall.json?search=product_description%3A%2210479+C%22&limit=100,false
PRD-592787DB28,Olympus,KV-6 Suction Tubing Set,K10021882,,insufficient_evidence,low,none,no_exact_result,no_result,not_found,family_only_current,,searched,no_exact_action_found,unknown,,not_applicable,Identity method: none. UDI assessment: no_exact_result. Manufacturer finding: family_only_current. Completed or permitted searches did not establish enough exact current-status evidence; no result is not a discontinuation finding.,"Is there a current official U.S. product page, labeling document, or discontinuation notice for this exact identifier?",keep_hidden_insufficient_evidence,https://content.medical.olympusamerica.com/products/accessory-solutions|https://api.fda.gov/device/enforcement.json?search=product_description%3A%22K10021882%22&limit=100|https://api.fda.gov/device/recall.json?search=product_description%3A%22K10021882%22&limit=100,false
PRD-5941DF2464,Richard Wolf,Seal,15176173,,insufficient_evidence,low,none,no_exact_result,no_result,not_found,current_non_us,,searched,no_exact_action_found,unknown,,not_applicable,Identity method: none. UDI assessment: no_exact_result. Manufacturer finding: current_non_us. Completed or permitted searches did not establish enough exact current-status evidence; no result is not a discontinuation finding.,"Does the exact current global manufacturer listing apply to the United States despite the ended UDI evidence?|Is there a current official U.S. product page, labeling document, or discontinuation notice for this exact identifier?",keep_hidden_insufficient_evidence,https://www.richard-wolf.com/mam/data/Typo3/Kataloge/Broncho-_Thorako-_Mediastinoskopie/Thorakale_Endoskopie_en.pdf|https://api.fda.gov/device/enforcement.json?search=product_description%3A%2215176173%22&limit=100|https://api.fda.gov/device/recall.json?search=product_description%3A%2215176173%22&limit=100,false
PRD-598FB0AD5D,Richard Wolf,WOLF Bronchoscope Tube Bundle,8214.0721,,insufficient_evidence,low,none,no_exact_result,no_result,not_found,current_non_us,,searched,no_exact_action_found,unknown,,not_applicable,Identity method: none. UDI assessment: no_exact_result. Manufacturer finding: current_non_us. Completed or permitted searches did not establish enough exact current-status evidence; no result is not a discontinuation finding.,"Does the exact current global manufacturer listing apply to the United States despite the ended UDI evidence?|Is there a current official U.S. product page, labeling document, or discontinuation notice for this exact identifier?",keep_hidden_insufficient_evidence,https://www.richard-wolf.com/mam/data/Typo3/Kataloge/Broncho-_Thorako-_Mediastinoskopie/Thorakale_Endoskopie_en.pdf|https://api.fda.gov/device/enforcement.json?search=product_description%3A%228214.0721%22&limit=100|https://api.fda.gov/device/recall.json?search=product_description%3A%228214.0721%22&limit=100,false
PRD-59D02C1811,FUJIFILM SonoSite,SonoSite PX Ultrasound System,SonoSite PX,,insufficient_evidence,low,none,no_exact_result,no_result,not_found,not_searched,,searched,no_exact_action_found,unknown,,not_applicable,Identity method: none. UDI assessment: no_exact_result. Manufacturer finding: not_searched. Completed or permitted searches did not establish enough exact current-status evidence; no result is not a discontinuation finding.,"Is there a current official U.S. product page, labeling document, or discontinuation notice for this exact identifier?",keep_hidden_insufficient_evidence,https://www.sonosite.com/products/sonosite-px|https://api.fda.gov/device/enforcement.json?search=product_description%3A%22SONOSITE+PX%22&limit=100|https://api.fda.gov/device/recall.json?search=product_description%3A%22SONOSITE+PX%22&limit=100,false
PRD-5AEEF62066,ERBE,CO2 Gas Bottle Adapter I,20402-061,,insufficient_evidence,low,none,no_exact_result,no_result,not_found,no_result,,searched,no_exact_action_found,unknown,,not_applicable,Identity method: none. UDI assessment: no_exact_result. Manufacturer finding: no_result. Completed or permitted searches did not establish enough exact current-status evidence; no result is not a discontinuation finding.,"Is there a current official U.S. product page, labeling document, or discontinuation notice for this exact identifier?",keep_hidden_insufficient_evidence,https://us.erbe-med.com/fileadmin/user_upload/documents/PDF/USA/MKT-5074_ERBECRYO-2_2023-06.pdf|https://api.fda.gov/device/enforcement.json?search=product_description%3A%2220402-061%22&limit=100|https://api.fda.gov/device/recall.json?search=product_description%3A%2220402-061%22&limit=100,false
PRD-5B0D81C458,Richard Wolf,Irrigation Adapter,163912,,insufficient_evidence,low,none,no_exact_result,no_result,not_found,current_non_us,,searched,no_exact_action_found,unknown,,not_applicable,Identity method: none. UDI assessment: no_exact_result. Manufacturer finding: current_non_us. Completed or permitted searches did not establish enough exact current-status evidence; no result is not a discontinuation finding.,"Does the exact current global manufacturer listing apply to the United States despite the ended UDI evidence?|Is there a current official U.S. product page, labeling document, or discontinuation notice for this exact identifier?",keep_hidden_insufficient_evidence,https://www.richard-wolf.com/mam/data/Typo3/Kataloge/Broncho-_Thorako-_Mediastinoskopie/Thorakale_Endoskopie_en.pdf|https://api.fda.gov/device/enforcement.json?search=product_description%3A%22163912%22&limit=100|https://api.fda.gov/device/recall.json?search=product_description%3A%22163912%22&limit=100,false
PRD-5C40D8FE80,Richard Wolf,WOLF Bronchoscope Tube Bundle,8214.0921,,insufficient_evidence,low,none,no_exact_result,no_result,not_found,current_non_us,,searched,no_exact_action_found,unknown,,not_applicable,Identity method: none. UDI assessment: no_exact_result. Manufacturer finding: current_non_us. Completed or permitted searches did not establish enough exact current-status evidence; no result is not a discontinuation finding.,"Does the exact current global manufacturer listing apply to the United States despite the ended UDI evidence?|Is there a current official U.S. product page, labeling document, or discontinuation notice for this exact identifier?",keep_hidden_insufficient_evidence,https://www.richard-wolf.com/mam/data/Typo3/Kataloge/Broncho-_Thorako-_Mediastinoskopie/Thorakale_Endoskopie_en.pdf|https://api.fda.gov/device/enforcement.json?search=product_description%3A%228214.0921%22&limit=100|https://api.fda.gov/device/recall.json?search=product_description%3A%228214.0921%22&limit=100,false
PRD-5C46BC7DA9,Novatech,GSS Y Stent,01Y161313,,insufficient_evidence,low,none,no_exact_result,no_result,not_found,not_searched,,searched,no_exact_action_found,unknown,,not_applicable,Identity method: none. UDI assessment: no_exact_result. Manufacturer finding: not_searched. Completed or permitted searches did not establish enough exact current-status evidence; no result is not a discontinuation finding.,"Is there a current official U.S. product page, labeling document, or discontinuation notice for this exact identifier?",keep_hidden_insufficient_evidence,https://api.fda.gov/device/enforcement.json?search=product_description%3A%2201Y161313%22&limit=100|https://api.fda.gov/device/recall.json?search=product_description%3A%2201Y161313%22&limit=100,false
PRD-5CCBBDD4CF,Karl Storz,HOPKINS II Forward-Oblique Telescope,10005BA,,insufficient_evidence,low,exact_manufacturer_model_number,all_exact_configurations_active,search_incomplete,not_found,no_result,,searched,no_exact_action_found,unknown,,not_applicable,Identity method: exact_manufacturer_model_number. UDI assessment: all_exact_configurations_active. Manufacturer finding: no_result. Completed or permitted searches did not establish enough exact current-status evidence; no result is not a discontinuation finding.,"Is there a current official U.S. product page, labeling document, or discontinuation notice for this exact identifier?",keep_hidden_insufficient_evidence,https://www.karlstorz.com/us/en/thoracic-surgery-and-pulmonology.htm|https://api.fda.gov/device/udi.json?search=version_or_model_number%3A%2210005BA%22&limit=100|https://api.fda.gov/device/udi.json?search=identifiers.id%3A%2204048551045121%22&limit=100|https://api.fda.gov/device/classification.json?search=product_code%3A%22EOB%22&limit=100|https://api.fda.gov/device/registrationlisting.json?search=products.product_code%3A%22EOB%22&limit=100|https://api.fda.gov/device/enforcement.json?search=product_description%3A%2210005+BA%22&limit=100|https://api.fda.gov/device/enforcement.json?search=code_info%3A%2204048551045121%22&limit=100|https://api.fda.gov/device/recall.json?search=code_info%3A%2204048551045121%22&limit=100|https://api.fda.gov/device/recall.json?search=product_description%3A%2210005+BA%22&limit=100,false
PRD-5CD03F0708,Richard Wolf,Sterile Suction Valve (20 pcs),4565901M,,insufficient_evidence,low,none,no_exact_result,no_result,not_found,current_non_us,,searched,no_exact_action_found,unknown,,not_applicable,Identity method: none. UDI assessment: no_exact_result. Manufacturer finding: current_non_us. Completed or permitted searches did not establish enough exact current-status evidence; no result is not a discontinuation finding.,"Does the exact current global manufacturer listing apply to the United States despite the ended UDI evidence?|Is there a current official U.S. product page, labeling document, or discontinuation notice for this exact identifier?",keep_hidden_insufficient_evidence,https://www.richard-wolf.com/mam/data/Typo3/Kataloge/Broncho-_Thorako-_Mediastinoskopie/Thorakale_Endoskopie_en.pdf|https://api.fda.gov/device/enforcement.json?search=product_description%3A%224565901M%22&limit=100|https://api.fda.gov/device/recall.json?search=product_description%3A%224565901M%22&limit=100,false
PRD-5D0F775ADC,Karl Storz,"Universal Bronchoscope, Distal Illumination, Size 6.5",10318D,,insufficient_evidence,low,none,no_exact_result,no_result,not_found,no_result,,searched,no_exact_action_found,unknown,,not_applicable,Identity method: none. UDI assessment: no_exact_result. Manufacturer finding: no_result. Completed or permitted searches did not establish enough exact current-status evidence; no result is not a discontinuation finding.,"Is there a current official U.S. product page, labeling document, or discontinuation notice for this exact identifier?",keep_hidden_insufficient_evidence,https://www.karlstorz.com/us/en/thoracic-surgery-and-pulmonology.htm|https://api.fda.gov/device/enforcement.json?search=product_description%3A%2210318+D%22&limit=100|https://api.fda.gov/device/recall.json?search=product_description%3A%2210318+D%22&limit=100,false
PRD-5D118F7388,Richard Wolf,ERAGONbipolar Sheath Tube 5.5 mm x 435 mm,839300102,,insufficient_evidence,low,exact_manufacturer_catalog_number,all_exact_configurations_active,search_incomplete,not_found,current_non_us,,searched,no_exact_action_found,unknown,,not_applicable,Identity method: exact_manufacturer_catalog_number. UDI assessment: all_exact_configurations_active. Manufacturer finding: current_non_us. Completed or permitted searches did not establish enough exact current-status evidence; no result is not a discontinuation finding.,"Does the exact current global manufacturer listing apply to the United States despite the ended UDI evidence?|Is there a current official U.S. product page, labeling document, or discontinuation notice for this exact identifier?",keep_hidden_insufficient_evidence,https://www.richard-wolf.com/mam/data/Typo3/Kataloge/Broncho-_Thorako-_Mediastinoskopie/Thorakale_Endoskopie_en.pdf|https://api.fda.gov/device/udi.json?search=identifiers.id%3A%2204055207033876%22&limit=100|https://api.fda.gov/device/udi.json?search=version_or_model_number%3A%22839300102%22&limit=100|https://api.fda.gov/device/udi.json?search=catalog_number%3A%22839300102%22&limit=100|https://api.fda.gov/device/classification.json?search=product_code%3A%22HET%22&limit=100|https://api.fda.gov/device/registrationlisting.json?search=products.product_code%3A%22HET%22&limit=100|https://api.fda.gov/device/enforcement.json?search=code_info%3A%2204055207033876%22&limit=100|https://api.fda.gov/device/enforcement.json?search=product_description%3A%22839300102%22&limit=100|https://api.fda.gov/device/recall.json?search=product_description%3A%22839300102%22&limit=100|https://api.fda.gov/device/recall.json?search=code_info%3A%2204055207033876%22&limit=100,false
PRD-5DFC2E8E8B,ERBE,"ERBECRYO 2 Footswitch Extension Cable, 0.4 m",20402-202,,insufficient_evidence,low,none,no_exact_result,no_result,not_found,exact_identity_only_not_current,,searched,no_exact_action_found,unknown,,not_applicable,Identity method: none. UDI assessment: no_exact_result. Manufacturer finding: exact_identity_only_not_current. Completed or permitted searches did not establish enough exact current-status evidence; no result is not a discontinuation finding.,"Is there a current official U.S. product page, labeling document, or discontinuation notice for this exact identifier?",keep_hidden_insufficient_evidence,https://us.erbe-med.com/fileadmin/user_upload/documents/PDF/USA/MKT-5074_ERBECRYO-2_2023-06.pdf|https://api.fda.gov/device/enforcement.json?search=product_description%3A%2220402-202%22&limit=100|https://api.fda.gov/device/recall.json?search=product_description%3A%2220402-202%22&limit=100,false
PRD-5E2713887A,Richard Wolf,Optical Thoracoscopy Grasping Forceps,8913.60,,insufficient_evidence,low,none,no_exact_result,no_result,not_found,current_non_us,,searched,no_exact_action_found,unknown,,not_applicable,Identity method: none. UDI assessment: no_exact_result. Manufacturer finding: current_non_us. Completed or permitted searches did not establish enough exact current-status evidence; no result is not a discontinuation finding.,"Does the exact current global manufacturer listing apply to the United States despite the ended UDI evidence?|Is there a current official U.S. product page, labeling document, or discontinuation notice for this exact identifier?",keep_hidden_insufficient_evidence,https://www.richard-wolf.com/mam/data/Typo3/Kataloge/Broncho-_Thorako-_Mediastinoskopie/Thorakale_Endoskopie_en.pdf|https://api.fda.gov/device/enforcement.json?search=product_description%3A%228913.60%22&limit=100|https://api.fda.gov/device/enforcement.json?search=code_info%3A%2204055207011539%22&limit=100|https://api.fda.gov/device/recall.json?search=product_description%3A%228913.60%22&limit=100|https://api.fda.gov/device/recall.json?search=code_info%3A%2204055207011539%22&limit=100,false
PRD-5FA4880E82,Richard Wolf,Mini Thoracoscope OR Endoscope Bundle,8920.4011,,insufficient_evidence,low,none,no_exact_result,no_result,not_found,current_non_us,,searched,no_exact_action_found,unknown,,not_applicable,Identity method: none. UDI assessment: no_exact_result. Manufacturer finding: current_non_us. Completed or permitted searches did not establish enough exact current-status evidence; no result is not a discontinuation finding.,"Does the exact current global manufacturer listing apply to the United States despite the ended UDI evidence?|Is there a current official U.S. product page, labeling document, or discontinuation notice for this exact identifier?",keep_hidden_insufficient_evidence,https://www.richard-wolf.com/mam/data/Typo3/Kataloge/Broncho-_Thorako-_Mediastinoskopie/Thorakale_Endoskopie_en.pdf|https://api.fda.gov/device/enforcement.json?search=product_description%3A%228920.4011%22&limit=100|https://api.fda.gov/device/recall.json?search=product_description%3A%228920.4011%22&limit=100,false
PRD-609D197124,Micro-Tech / Thoracent,Trident EBUS FNB Nitinol Needle,BU49251,,insufficient_evidence,low,none,no_exact_result,no_result,not_found,not_searched,,searched,no_exact_action_found,unknown,,not_applicable,Identity method: none. UDI assessment: no_exact_result. Manufacturer finding: not_searched. Completed or permitted searches did not establish enough exact current-status evidence; no result is not a discontinuation finding.,"Is there a current official U.S. product page, labeling document, or discontinuation notice for this exact identifier?",keep_hidden_insufficient_evidence,https://api.fda.gov/device/enforcement.json?search=product_description%3A%22BU49251%22&limit=100|https://api.fda.gov/device/recall.json?search=product_description%3A%22BU49251%22&limit=100,false
PRD-60ED7DF50E,Karl Storz,Alligator Forceps for Hard Foreign Bodies,10366H,,insufficient_evidence,low,exact_manufacturer_catalog_number,all_exact_configurations_active,search_incomplete,not_found,no_result,,searched,no_exact_action_found,unknown,,not_applicable,Identity method: exact_manufacturer_catalog_number. UDI assessment: all_exact_configurations_active. Manufacturer finding: no_result. Completed or permitted searches did not establish enough exact current-status evidence; no result is not a discontinuation finding.,"Is there a current official U.S. product page, labeling document, or discontinuation notice for this exact identifier?",keep_hidden_insufficient_evidence,https://www.karlstorz.com/us/en/thoracic-surgery-and-pulmonology.htm|https://api.fda.gov/device/udi.json?search=version_or_model_number%3A%2210366H%22&limit=100|https://api.fda.gov/device/udi.json?search=catalog_number%3A%2210366H%22&limit=100|https://api.fda.gov/device/udi.json?search=identifiers.id%3A%2204048551046944%22&limit=100|https://api.fda.gov/device/classification.json?search=product_code%3A%22EOQ%22&limit=100|https://api.fda.gov/device/registrationlisting.json?search=products.product_code%3A%22EOQ%22&limit=100|https://api.fda.gov/device/enforcement.json?search=product_description%3A%2210366+H%22&limit=100|https://api.fda.gov/device/enforcement.json?search=code_info%3A%2204048551046944%22&limit=100|https://api.fda.gov/device/recall.json?search=product_description%3A%2210366+H%22&limit=100|https://api.fda.gov/device/recall.json?search=code_info%3A%2204048551046944%22&limit=100,false
PRD-615CDFB8AB,Karl Storz,Flexible Spoon Biopsy Forceps,10358A,,insufficient_evidence,low,exact_manufacturer_catalog_number,all_exact_configurations_active,search_incomplete,not_found,no_result,,searched,no_exact_action_found,unknown,,not_applicable,Identity method: exact_manufacturer_catalog_number. UDI assessment: all_exact_configurations_active. Manufacturer finding: no_result. Completed or permitted searches did not establish enough exact current-status evidence; no result is not a discontinuation finding.,"Is there a current official U.S. product page, labeling document, or discontinuation notice for this exact identifier?",keep_hidden_insufficient_evidence,https://www.karlstorz.com/us/en/thoracic-surgery-and-pulmonology.htm|https://api.fda.gov/device/udi.json?search=identifiers.id%3A%2204048551046906%22&limit=100|https://api.fda.gov/device/udi.json?search=catalog_number%3A%2210358A%22&limit=100|https://api.fda.gov/device/udi.json?search=version_or_model_number%3A%2210358A%22&limit=100|https://api.fda.gov/device/classification.json?search=product_code%3A%22EOQ%22&limit=100|https://api.fda.gov/device/registrationlisting.json?search=products.product_code%3A%22EOQ%22&limit=100|https://api.fda.gov/device/enforcement.json?search=product_description%3A%2210358+A%22&limit=100|https://api.fda.gov/device/enforcement.json?search=code_info%3A%2204048551046906%22&limit=100|https://api.fda.gov/device/recall.json?search=product_description%3A%2210358+A%22&limit=100|https://api.fda.gov/device/recall.json?search=code_info%3A%2204048551046906%22&limit=100,false
PRD-6274807854,Karl Storz,HOPKINS Straight Forward Telescope,10328AA,,insufficient_evidence,low,exact_manufacturer_model_number,all_exact_configurations_active,search_incomplete,not_found,no_result,,searched,no_exact_action_found,unknown,,not_applicable,Identity method: exact_manufacturer_model_number. UDI assessment: all_exact_configurations_active. Manufacturer finding: no_result. Completed or permitted searches did not establish enough exact current-status evidence; no result is not a discontinuation finding.,"Is there a current official U.S. product page, labeling document, or discontinuation notice for this exact identifier?",keep_hidden_insufficient_evidence,https://www.karlstorz.com/us/en/thoracic-surgery-and-pulmonology.htm|https://api.fda.gov/device/udi.json?search=version_or_model_number%3A%2210328AA%22&limit=100|https://api.fda.gov/device/udi.json?search=identifiers.id%3A%2204048551045985%22&limit=100|https://api.fda.gov/device/classification.json?search=product_code%3A%22EOB%22&limit=100|https://api.fda.gov/device/registrationlisting.json?search=products.product_code%3A%22EOB%22&limit=100|https://api.fda.gov/device/enforcement.json?search=product_description%3A%2210328+AA%22&limit=100|https://api.fda.gov/device/enforcement.json?search=code_info%3A%2204048551045985%22&limit=100|https://api.fda.gov/device/recall.json?search=code_info%3A%2204048551045985%22&limit=100|https://api.fda.gov/device/recall.json?search=product_description%3A%2210328+AA%22&limit=100,false
PRD-629828B799,FUJIFILM SonoSite,SonoSite LX Ultrasound System,SonoSite LX,,insufficient_evidence,low,none,no_exact_result,no_result,not_found,not_searched,,searched,no_exact_action_found,unknown,,not_applicable,Identity method: none. UDI assessment: no_exact_result. Manufacturer finding: not_searched. Completed or permitted searches did not establish enough exact current-status evidence; no result is not a discontinuation finding.,"Is there a current official U.S. product page, labeling document, or discontinuation notice for this exact identifier?",keep_hidden_insufficient_evidence,https://www.sonosite.com/sites/default/files/Sonosite_LX_product_brochure_MKT03597_US_rev_C.pdf|https://api.fda.gov/device/enforcement.json?search=product_description%3A%22SONOSITE+LX%22&limit=100|https://api.fda.gov/device/recall.json?search=product_description%3A%22SONOSITE+LX%22&limit=100,false
PRD-62E4A72F9D,Novatech,GSS TD Tracheal Stent,01TD1260,,insufficient_evidence,low,none,no_exact_result,no_result,not_found,not_searched,,searched,no_exact_action_found,unknown,,not_applicable,Identity method: none. UDI assessment: no_exact_result. Manufacturer finding: not_searched. Completed or permitted searches did not establish enough exact current-status evidence; no result is not a discontinuation finding.,"Is there a current official U.S. product page, labeling document, or discontinuation notice for this exact identifier?",keep_hidden_insufficient_evidence,https://api.fda.gov/device/enforcement.json?search=product_description%3A%2201TD1260%22&limit=100|https://api.fda.gov/device/recall.json?search=product_description%3A%2201TD1260%22&limit=100,false
PRD-62FB291C50,Micro-Tech / Thoracent,Areus EBUS FNA Nitinol Needle,BU49211,,insufficient_evidence,low,none,no_exact_result,no_result,not_found,not_searched,,searched,no_exact_action_found,unknown,,not_applicable,Identity method: none. UDI assessment: no_exact_result. Manufacturer finding: not_searched. Completed or permitted searches did not establish enough exact current-status evidence; no result is not a discontinuation finding.,"Is there a current official U.S. product page, labeling document, or discontinuation notice for this exact identifier?",keep_hidden_insufficient_evidence,https://api.fda.gov/device/enforcement.json?search=product_description%3A%22BU49211%22&limit=100|https://api.fda.gov/device/recall.json?search=product_description%3A%22BU49211%22&limit=100,false
PRD-63E9945A0A,ERBE,Adapter for FiAPC Probes to APC 2 / APC 300,20132-227,,insufficient_evidence,low,none,no_exact_result,no_result,not_found,not_searched,,searched,no_exact_action_found,unknown,,not_applicable,Identity method: none. UDI assessment: no_exact_result. Manufacturer finding: not_searched. Completed or permitted searches did not establish enough exact current-status evidence; no result is not a discontinuation finding.,"Is there a current official U.S. product page, labeling document, or discontinuation notice for this exact identifier?",keep_hidden_insufficient_evidence,https://us.erbe-med.com/fileadmin/user_upload/documents/PDF/Catalogs/complete_Catalogs/85100-100_EN_Product-catalog.pdf|https://api.fda.gov/device/enforcement.json?search=product_description%3A%2220132-227%22&limit=100|https://api.fda.gov/device/recall.json?search=product_description%3A%2220132-227%22&limit=100,false
PRD-64B4DE25D7,Pinnacle Biologics,"PHOTOFRIN 630 PDT Laser, Model BWF5-630-2-PI",BWF5-630-2-PI,,insufficient_evidence,low,none,no_exact_result,no_result,not_found,not_searched,,searched,no_exact_action_found,unknown,,not_applicable,Identity method: none. UDI assessment: no_exact_result. Manufacturer finding: not_searched. Completed or permitted searches did not establish enough exact current-status evidence; no result is not a discontinuation finding.,"Is there a current official U.S. product page, labeling document, or discontinuation notice for this exact identifier?",keep_hidden_insufficient_evidence,https://api.fda.gov/device/enforcement.json?search=product_description%3A%22BWF5-630-2-PI%22&limit=100|https://api.fda.gov/device/recall.json?search=product_description%3A%22BWF5-630-2-PI%22&limit=100,false
PRD-6707AC67D1,Karl Storz,"Universal Bronchoscope, Distal Illumination, Size 8.5",10318B,,insufficient_evidence,low,none,no_exact_result,no_result,not_found,no_result,,searched,no_exact_action_found,unknown,,not_applicable,Identity method: none. UDI assessment: no_exact_result. Manufacturer finding: no_result. Completed or permitted searches did not establish enough exact current-status evidence; no result is not a discontinuation finding.,"Is there a current official U.S. product page, labeling document, or discontinuation notice for this exact identifier?",keep_hidden_insufficient_evidence,https://www.karlstorz.com/us/en/thoracic-surgery-and-pulmonology.htm|https://api.fda.gov/device/enforcement.json?search=product_description%3A%2210318+B%22&limit=100|https://api.fda.gov/device/recall.json?search=product_description%3A%2210318+B%22&limit=100,false
PRD-694417C2F5,Karl Storz,Pointed Serrated Forceps,10372JL,,insufficient_evidence,low,exact_manufacturer_catalog_number,all_exact_configurations_active,search_incomplete,not_found,no_result,,searched,no_exact_action_found,unknown,,not_applicable,Identity method: exact_manufacturer_catalog_number. UDI assessment: all_exact_configurations_active. Manufacturer finding: no_result. Completed or permitted searches did not establish enough exact current-status evidence; no result is not a discontinuation finding.,"Is there a current official U.S. product page, labeling document, or discontinuation notice for this exact identifier?",keep_hidden_insufficient_evidence,https://www.karlstorz.com/us/en/thoracic-surgery-and-pulmonology.htm|https://api.fda.gov/device/udi.json?search=catalog_number%3A%2210372JL%22&limit=100|https://api.fda.gov/device/udi.json?search=version_or_model_number%3A%2210372JL%22&limit=100|https://api.fda.gov/device/udi.json?search=identifiers.id%3A%2204048551047453%22&limit=100|https://api.fda.gov/device/classification.json?search=product_code%3A%22EOQ%22&limit=100|https://api.fda.gov/device/registrationlisting.json?search=products.product_code%3A%22EOQ%22&limit=100|https://api.fda.gov/device/enforcement.json?search=product_description%3A%2210372+JL%22&limit=100|https://api.fda.gov/device/enforcement.json?search=code_info%3A%2204048551047453%22&limit=100|https://api.fda.gov/device/recall.json?search=product_description%3A%2210372+JL%22&limit=100|https://api.fda.gov/device/recall.json?search=code_info%3A%2204048551047453%22&limit=100,false
PRD-695162DE9E,Richard Wolf,Motor Control Unit 2304,2304.001,,insufficient_evidence,low,none,no_exact_result,no_result,not_found,current_non_us,,searched,no_exact_action_found,unknown,,not_applicable,Identity method: none. UDI assessment: no_exact_result. Manufacturer finding: current_non_us. Completed or permitted searches did not establish enough exact current-status evidence; no result is not a discontinuation finding.,"Does the exact current global manufacturer listing apply to the United States despite the ended UDI evidence?|Is there a current official U.S. product page, labeling document, or discontinuation notice for this exact identifier?",keep_hidden_insufficient_evidence,https://www.richard-wolf.com/mam/data/Typo3/Kataloge/Broncho-_Thorako-_Mediastinoskopie/Thorakale_Endoskopie_en.pdf|https://api.fda.gov/device/enforcement.json?search=product_description%3A%222304.001%22&limit=100|https://api.fda.gov/device/recall.json?search=product_description%3A%222304.001%22&limit=100,false
PRD-698F9E72B0,Karl Storz,Alligator Forceps,10370H,,insufficient_evidence,low,exact_manufacturer_catalog_number,all_exact_configurations_active,search_incomplete,not_found,no_result,,searched,no_exact_action_found,unknown,,not_applicable,Identity method: exact_manufacturer_catalog_number. UDI assessment: all_exact_configurations_active. Manufacturer finding: no_result. Completed or permitted searches did not establish enough exact current-status evidence; no result is not a discontinuation finding.,"Is there a current official U.S. product page, labeling document, or discontinuation notice for this exact identifier?",keep_hidden_insufficient_evidence,https://www.karlstorz.com/us/en/thoracic-surgery-and-pulmonology.htm|https://api.fda.gov/device/udi.json?search=catalog_number%3A%2210370H%22&limit=100|https://api.fda.gov/device/udi.json?search=identifiers.id%3A%2204048551047064%22&limit=100|https://api.fda.gov/device/udi.json?search=version_or_model_number%3A%2210370H%22&limit=100|https://api.fda.gov/device/classification.json?search=product_code%3A%22EOQ%22&limit=100|https://api.fda.gov/device/registrationlisting.json?search=products.product_code%3A%22EOQ%22&limit=100|https://api.fda.gov/device/enforcement.json?search=code_info%3A%2204048551047064%22&limit=100|https://api.fda.gov/device/enforcement.json?search=product_description%3A%2210370+H%22&limit=100|https://api.fda.gov/device/recall.json?search=code_info%3A%2204048551047064%22&limit=100|https://api.fda.gov/device/recall.json?search=product_description%3A%2210370+H%22&limit=100,false
PRD-6B67179C61,Olympus,KV-6 Suction Tubing Set,K10021893,,insufficient_evidence,low,none,no_exact_result,no_result,not_found,family_only_current,,searched,no_exact_action_found,unknown,,not_applicable,Identity method: none. UDI assessment: no_exact_result. Manufacturer finding: family_only_current. Completed or permitted searches did not establish enough exact current-status evidence; no result is not a discontinuation finding.,"Is there a current official U.S. product page, labeling document, or discontinuation notice for this exact identifier?",keep_hidden_insufficient_evidence,https://content.medical.olympusamerica.com/products/accessory-solutions|https://api.fda.gov/device/enforcement.json?search=product_description%3A%22K10021893%22&limit=100|https://api.fda.gov/device/recall.json?search=product_description%3A%22K10021893%22&limit=100,false
PRD-6BC32547CD,ERBE,"Bipolar Adapter, MF2/MFU Socket / MF Plug for VIO 3 / VIO 300 D",20183-101,,insufficient_evidence,low,none,no_exact_result,no_result,not_found,not_searched,,searched,no_exact_action_found,unknown,,not_applicable,Identity method: none. UDI assessment: no_exact_result. Manufacturer finding: not_searched. Completed or permitted searches did not establish enough exact current-status evidence; no result is not a discontinuation finding.,"Is there a current official U.S. product page, labeling document, or discontinuation notice for this exact identifier?",keep_hidden_insufficient_evidence,https://us.erbe-med.com/fileadmin/user_upload/documents/PDF/Catalogs/complete_Catalogs/85100-100_EN_Product-catalog.pdf|https://api.fda.gov/device/enforcement.json?search=product_description%3A%2220183-101%22&limit=100|https://api.fda.gov/device/recall.json?search=product_description%3A%2220183-101%22&limit=100,false
PRD-6BC9B48573,Thoracent / M.I.Tech,Bonastent Tracheobronchial Stent,BTB-188009,,insufficient_evidence,low,none,no_exact_result,no_result,not_found,not_searched,,searched,no_exact_action_found,unknown,,not_applicable,Identity method: none. UDI assessment: no_exact_result. Manufacturer finding: not_searched. Completed or permitted searches did not establish enough exact current-status evidence; no result is not a discontinuation finding.,"Is there a current official U.S. product page, labeling document, or discontinuation notice for this exact identifier?",keep_hidden_insufficient_evidence,https://api.fda.gov/device/enforcement.json?search=product_description%3A%22BTB-188009%22&limit=100|https://api.fda.gov/device/recall.json?search=product_description%3A%22BTB-188009%22&limit=100,false
PRD-6C99AA9B16,Richard Wolf,"Tumor Forceps, Severing",8280.45,,insufficient_evidence,low,none,no_exact_result,no_result,not_found,current_non_us,,searched,no_exact_action_found,unknown,,not_applicable,Identity method: none. UDI assessment: no_exact_result. Manufacturer finding: current_non_us. Completed or permitted searches did not establish enough exact current-status evidence; no result is not a discontinuation finding.,"Does the exact current global manufacturer listing apply to the United States despite the ended UDI evidence?|Is there a current official U.S. product page, labeling document, or discontinuation notice for this exact identifier?",keep_hidden_insufficient_evidence,https://www.richard-wolf.com/mam/data/Typo3/Kataloge/Broncho-_Thorako-_Mediastinoskopie/Thorakale_Endoskopie_en.pdf|https://api.fda.gov/device/enforcement.json?search=product_description%3A%228280.45%22&limit=100|https://api.fda.gov/device/recall.json?search=product_description%3A%228280.45%22&limit=100,false
PRD-6CCE68D268,Karl Storz,Alligator Forceps,10371HL,,insufficient_evidence,low,exact_manufacturer_catalog_number,all_exact_configurations_active,search_incomplete,not_found,no_result,,searched,no_exact_action_found,unknown,,not_applicable,Identity method: exact_manufacturer_catalog_number. UDI assessment: all_exact_configurations_active. Manufacturer finding: no_result. Completed or permitted searches did not establish enough exact current-status evidence; no result is not a discontinuation finding.,"Is there a current official U.S. product page, labeling document, or discontinuation notice for this exact identifier?",keep_hidden_insufficient_evidence,https://www.karlstorz.com/us/en/thoracic-surgery-and-pulmonology.htm|https://api.fda.gov/device/udi.json?search=identifiers.id%3A%2204048551047293%22&limit=100|https://api.fda.gov/device/udi.json?search=version_or_model_number%3A%2210371HL%22&limit=100|https://api.fda.gov/device/udi.json?search=catalog_number%3A%2210371HL%22&limit=100|https://api.fda.gov/device/classification.json?search=product_code%3A%22EOQ%22&limit=100|https://api.fda.gov/device/registrationlisting.json?search=products.product_code%3A%22EOQ%22&limit=100|https://api.fda.gov/device/enforcement.json?search=product_description%3A%2210371+HL%22&limit=100|https://api.fda.gov/device/enforcement.json?search=code_info%3A%2204048551047293%22&limit=100|https://api.fda.gov/device/recall.json?search=code_info%3A%2204048551047293%22&limit=100|https://api.fda.gov/device/recall.json?search=product_description%3A%2210371+HL%22&limit=100,false
PRD-6DAF9E3AA4,Cardinal Health,Argyle Trocar Catheter – 28 Fr,8888561068,,insufficient_evidence,low,exact_manufacturer_catalog_number,all_exact_configurations_ended,search_incomplete,premarket_exempt,not_searched,,searched,no_exact_action_found,unknown,,not_applicable,Identity method: exact_manufacturer_catalog_number. UDI assessment: all_exact_configurations_ended. Manufacturer finding: not_searched. Completed or permitted searches did not establish enough exact current-status evidence; no result is not a discontinuation finding.,"Is there a current official U.S. product page, labeling document, or discontinuation notice for this exact identifier?",keep_hidden_insufficient_evidence,https://api.fda.gov/device/udi.json?search=version_or_model_number%3A%228888561068%22&limit=100|https://api.fda.gov/device/udi.json?search=catalog_number%3A%228888561068%22&limit=100|https://api.fda.gov/device/udi.json?search=version_or_model_number%3A%228888561068%22&limit=100|https://api.fda.gov/device/udi.json?search=catalog_number%3A%228888561068%22&limit=100|https://api.fda.gov/device/udi.json?search=identifiers.id%3A%2210884521050792%22&limit=100|https://api.fda.gov/device/classification.json?search=product_code%3A%22DRC%22&limit=100|https://api.fda.gov/device/registrationlisting.json?search=products.product_code%3A%22DRC%22&limit=100|https://api.fda.gov/device/enforcement.json?search=code_info%3A%2200884521029302%22&limit=100|https://api.fda.gov/device/enforcement.json?search=code_info%3A%2220884521050799%22&limit=100|https://api.fda.gov/device/enforcement.json?search=code_info%3A%2210884521050792%22&limit=100|https://api.fda.gov/device/enforcement.json?search=product_description%3A%228888561068%22&limit=100|https://api.fda.gov/device/enforcement.json?search=code_info%3A%2210884521214385%22&limit=100|https://api.fda.gov/device/enforcement.json?search=code_info%3A%2210884521029309%22&limit=100|https://api.fda.gov/device/recall.json?search=code_info%3A%2220884521050799%22&limit=100|https://api.fda.gov/device/recall.json?search=code_info%3A%2200884521029302%22&limit=100|https://api.fda.gov/device/recall.json?search=product_description%3A%228888561068%22&limit=100|https://api.fda.gov/device/recall.json?search=code_info%3A%2210884521214385%22&limit=100|https://api.fda.gov/device/recall.json?search=code_info%3A%2210884521050792%22&limit=100|https://api.fda.gov/device/recall.json?search=code_info%3A%2210884521029309%22&limit=100,false
PRD-6DB8E6BC3D,Thoracent / M.I.Tech,Bonastent Tracheobronchial Stent,BTB-126009,,insufficient_evidence,low,none,no_exact_result,no_result,not_found,not_searched,,searched,no_exact_action_found,unknown,,not_applicable,Identity method: none. UDI assessment: no_exact_result. Manufacturer finding: not_searched. Completed or permitted searches did not establish enough exact current-status evidence; no result is not a discontinuation finding.,"Is there a current official U.S. product page, labeling document, or discontinuation notice for this exact identifier?",keep_hidden_insufficient_evidence,https://api.fda.gov/device/enforcement.json?search=product_description%3A%22BTB-126009%22&limit=100|https://api.fda.gov/device/recall.json?search=product_description%3A%22BTB-126009%22&limit=100,false
PRD-6DF43B832B,ERBE,"Fastening Set for ERBE Adapter 20183-101, VIO 3",20183-103,,insufficient_evidence,low,none,no_exact_result,no_result,not_found,not_searched,,searched,no_exact_action_found,unknown,,not_applicable,Identity method: none. UDI assessment: no_exact_result. Manufacturer finding: not_searched. Completed or permitted searches did not establish enough exact current-status evidence; no result is not a discontinuation finding.,"Is there a current official U.S. product page, labeling document, or discontinuation notice for this exact identifier?",keep_hidden_insufficient_evidence,https://us.erbe-med.com/fileadmin/user_upload/documents/PDF/Catalogs/complete_Catalogs/85100-100_EN_Product-catalog.pdf|https://api.fda.gov/device/enforcement.json?search=product_description%3A%2220183-103%22&limit=100|https://api.fda.gov/device/recall.json?search=product_description%3A%2220183-103%22&limit=100,false
PRD-6E580584DD,Richard Wolf,PANOVIEW ULTRA Telescope,8935462,,insufficient_evidence,low,exact_manufacturer_catalog_number,all_exact_configurations_active,search_incomplete,not_found,current_non_us,,searched,no_exact_action_found,unknown,,not_applicable,Identity method: exact_manufacturer_catalog_number. UDI assessment: all_exact_configurations_active. Manufacturer finding: current_non_us. Completed or permitted searches did not establish enough exact current-status evidence; no result is not a discontinuation finding.,"Does the exact current global manufacturer listing apply to the United States despite the ended UDI evidence?|Is there a current official U.S. product page, labeling document, or discontinuation notice for this exact identifier?",keep_hidden_insufficient_evidence,https://www.richard-wolf.com/mam/data/Typo3/Kataloge/Broncho-_Thorako-_Mediastinoskopie/Thorakale_Endoskopie_en.pdf|https://api.fda.gov/device/udi.json?search=catalog_number%3A%228935462%22&limit=100|https://api.fda.gov/device/udi.json?search=identifiers.id%3A%2204055207058152%22&limit=100|https://api.fda.gov/device/udi.json?search=version_or_model_number%3A%228935462%22&limit=100|https://api.fda.gov/device/classification.json?search=product_code%3A%22GCJ%22&limit=100|https://api.fda.gov/device/registrationlisting.json?search=products.product_code%3A%22GCJ%22&limit=100|https://api.fda.gov/device/enforcement.json?search=code_info%3A%2204055207058152%22&limit=100|https://api.fda.gov/device/enforcement.json?search=product_description%3A%228935462%22&limit=100|https://api.fda.gov/device/recall.json?search=code_info%3A%2204055207058152%22&limit=100|https://api.fda.gov/device/recall.json?search=product_description%3A%228935462%22&limit=100,false
PRD-6EA4535CE1,Olympus,TC-C4 Series Workstation Set,K10029889,,insufficient_evidence,low,none,no_exact_result,no_result,not_found,family_only_current,,searched,no_exact_action_found,unknown,,not_applicable,Identity method: none. UDI assessment: no_exact_result. Manufacturer finding: family_only_current. Completed or permitted searches did not establish enough exact current-status evidence; no result is not a discontinuation finding.,"Is there a current official U.S. product page, labeling document, or discontinuation notice for this exact identifier?",keep_hidden_insufficient_evidence,https://content.medical.olympusamerica.com/products/accessory-solutions|https://api.fda.gov/device/enforcement.json?search=product_description%3A%22K10029889%22&limit=100|https://api.fda.gov/device/recall.json?search=product_description%3A%22K10029889%22&limit=100,false
PRD-6EFB8B3386,Thoracent / M.I.Tech,Bonastent Tracheobronchial Stent,BTB-102009,,insufficient_evidence,low,none,no_exact_result,no_result,not_found,not_searched,,searched,no_exact_action_found,unknown,,not_applicable,Identity method: none. UDI assessment: no_exact_result. Manufacturer finding: not_searched. Completed or permitted searches did not establish enough exact current-status evidence; no result is not a discontinuation finding.,"Is there a current official U.S. product page, labeling document, or discontinuation notice for this exact identifier?",keep_hidden_insufficient_evidence,https://api.fda.gov/device/enforcement.json?search=product_description%3A%22BTB-102009%22&limit=100|https://api.fda.gov/device/recall.json?search=product_description%3A%22BTB-102009%22&limit=100,false
PRD-6F4B58CFF2,ERBE,"Bipolar Connecting Cable, 8/4 mm Forceps, Angled, 4.5 m",20196-062,,insufficient_evidence,low,none,no_exact_result,no_result,not_found,not_searched,,searched,no_exact_action_found,unknown,,not_applicable,Identity method: none. UDI assessment: no_exact_result. Manufacturer finding: not_searched. Completed or permitted searches did not establish enough exact current-status evidence; no result is not a discontinuation finding.,"Is there a current official U.S. product page, labeling document, or discontinuation notice for this exact identifier?",keep_hidden_insufficient_evidence,https://us.erbe-med.com/fileadmin/user_upload/documents/PDF/Catalogs/complete_Catalogs/85100-100_EN_Product-catalog.pdf|https://api.fda.gov/device/enforcement.json?search=product_description%3A%2220196-062%22&limit=100|https://api.fda.gov/device/recall.json?search=product_description%3A%2220196-062%22&limit=100,false
PRD-6F74CF87DF,Thoracent / M.I.Tech,Bonastent Tracheobronchial Stent,BTB-142009,,insufficient_evidence,low,none,no_exact_result,no_result,not_found,not_searched,,searched,no_exact_action_found,unknown,,not_applicable,Identity method: none. UDI assessment: no_exact_result. Manufacturer finding: not_searched. Completed or permitted searches did not establish enough exact current-status evidence; no result is not a discontinuation finding.,"Is there a current official U.S. product page, labeling document, or discontinuation notice for this exact identifier?",keep_hidden_insufficient_evidence,https://api.fda.gov/device/enforcement.json?search=product_description%3A%22BTB-142009%22&limit=100|https://api.fda.gov/device/recall.json?search=product_description%3A%22BTB-142009%22&limit=100,false
PRD-704E468EF5,ERBE,"Bipolar Adapter, Valleylab 28 mm to Standard",20183-055,,insufficient_evidence,low,none,no_exact_result,no_result,not_found,not_searched,,searched,no_exact_action_found,unknown,,not_applicable,Identity method: none. UDI assessment: no_exact_result. Manufacturer finding: not_searched. Completed or permitted searches did not establish enough exact current-status evidence; no result is not a discontinuation finding.,"Is there a current official U.S. product page, labeling document, or discontinuation notice for this exact identifier?",keep_hidden_insufficient_evidence,https://us.erbe-med.com/fileadmin/user_upload/documents/PDF/Catalogs/complete_Catalogs/85100-100_EN_Product-catalog.pdf|https://api.fda.gov/device/enforcement.json?search=product_description%3A%2220183-055%22&limit=100|https://api.fda.gov/device/recall.json?search=product_description%3A%2220183-055%22&limit=100,false
PRD-7051E83D62,Novatech,GSS TF Thin Tracheal Stent,01TF1450,,insufficient_evidence,low,none,no_exact_result,no_result,not_found,not_searched,,searched,no_exact_action_found,unknown,,not_applicable,Identity method: none. UDI assessment: no_exact_result. Manufacturer finding: not_searched. Completed or permitted searches did not establish enough exact current-status evidence; no result is not a discontinuation finding.,"Is there a current official U.S. product page, labeling document, or discontinuation notice for this exact identifier?",keep_hidden_insufficient_evidence,https://api.fda.gov/device/enforcement.json?search=product_description%3A%2201TF1450%22&limit=100|https://api.fda.gov/device/recall.json?search=product_description%3A%2201TF1450%22&limit=100,false
PRD-709E07B50A,ForTec Medical,SmartScope Holmium Laser Fiber,,,insufficient_evidence,low,none,no_exact_result,no_result,not_found,not_searched,,not_searched,unknown,unknown,,not_applicable,Identity method: none. UDI assessment: no_exact_result. Manufacturer finding: not_searched. Completed or permitted searches did not establish enough exact current-status evidence; no result is not a discontinuation finding.,"Is there a current official U.S. product page, labeling document, or discontinuation notice for this exact identifier?",keep_hidden_insufficient_evidence,,false
PRD-70A8B88A8D,Micro-Tech Endoscopy,Micro-Tech Fully covered Straight Tracheal Stent,ST02-334-14.060,,insufficient_evidence,low,none,no_exact_result,no_result,not_found,current_non_us,,searched,no_exact_action_found,unknown,,not_applicable,Identity method: none. UDI assessment: no_exact_result. Manufacturer finding: current_non_us. Completed or permitted searches did not establish enough exact current-status evidence; no result is not a discontinuation finding.,"Does the exact current global manufacturer listing apply to the United States despite the ended UDI evidence?|Is there a current official U.S. product page, labeling document, or discontinuation notice for this exact identifier?",keep_hidden_insufficient_evidence,https://www.micro-tech-medical.com/products/Tracheal-Bronchial-Stents.html|https://api.fda.gov/device/enforcement.json?search=product_description%3A%22ST02-334-14.060%22&limit=100|https://api.fda.gov/device/recall.json?search=product_description%3A%22ST02-334-14.060%22&limit=100,false
PRD-71D13E3955,Karl Storz,Full Lumen Operating Bronchoscope,10318FL,,insufficient_evidence,low,exact_manufacturer_model_number,all_exact_configurations_active,search_incomplete,not_found,no_result,,searched,no_exact_action_found,unknown,,not_applicable,Identity method: exact_manufacturer_model_number. UDI assessment: all_exact_configurations_active. Manufacturer finding: no_result. Completed or permitted searches did not establish enough exact current-status evidence; no result is not a discontinuation finding.,"Is there a current official U.S. product page, labeling document, or discontinuation notice for this exact identifier?",keep_hidden_insufficient_evidence,https://www.karlstorz.com/us/en/thoracic-surgery-and-pulmonology.htm|https://api.fda.gov/device/udi.json?search=version_or_model_number%3A%2210318FL%22&limit=100|https://api.fda.gov/device/udi.json?search=identifiers.id%3A%2204048551045718%22&limit=100|https://api.fda.gov/device/classification.json?search=product_code%3A%22EOQ%22&limit=100|https://api.fda.gov/device/registrationlisting.json?search=products.product_code%3A%22EOQ%22&limit=100|https://api.fda.gov/device/enforcement.json?search=product_description%3A%2210318+FL%22&limit=100|https://api.fda.gov/device/enforcement.json?search=code_info%3A%2204048551045718%22&limit=100|https://api.fda.gov/device/recall.json?search=code_info%3A%2204048551045718%22&limit=100|https://api.fda.gov/device/recall.json?search=product_description%3A%2210318+FL%22&limit=100,false
PRD-71FB94BD46,ERBE,"Return-Electrode Connecting Cable, International, 4 m, Silicone",20194-075,,insufficient_evidence,low,none,no_exact_result,no_result,not_found,not_searched,,searched,no_exact_action_found,unknown,,not_applicable,Identity method: none. UDI assessment: no_exact_result. Manufacturer finding: not_searched. Completed or permitted searches did not establish enough exact current-status evidence; no result is not a discontinuation finding.,"Is there a current official U.S. product page, labeling document, or discontinuation notice for this exact identifier?",keep_hidden_insufficient_evidence,https://us.erbe-med.com/fileadmin/user_upload/documents/PDF/Catalogs/complete_Catalogs/85100-100_EN_Product-catalog.pdf|https://api.fda.gov/device/enforcement.json?search=product_description%3A%2220194-075%22&limit=100|https://api.fda.gov/device/recall.json?search=product_description%3A%2220194-075%22&limit=100,false
PRD-733F2370BA,Thoracent / M.I.Tech,Bonastent Tracheobronchial Stent,BTB-103009,,insufficient_evidence,low,none,no_exact_result,no_result,not_found,not_searched,,searched,no_exact_action_found,unknown,,not_applicable,Identity method: none. UDI assessment: no_exact_result. Manufacturer finding: not_searched. Completed or permitted searches did not establish enough exact current-status evidence; no result is not a discontinuation finding.,"Is there a current official U.S. product page, labeling document, or discontinuation notice for this exact identifier?",keep_hidden_insufficient_evidence,https://api.fda.gov/device/enforcement.json?search=product_description%3A%22BTB-103009%22&limit=100|https://api.fda.gov/device/recall.json?search=product_description%3A%22BTB-103009%22&limit=100,false
PRD-750BCA0F02,Karl Storz,FREITAG Stent Forceps,10510N,,insufficient_evidence,low,none,no_exact_result,no_result,not_found,no_result,,searched,no_exact_action_found,unknown,,not_applicable,Identity method: none. UDI assessment: no_exact_result. Manufacturer finding: no_result. Completed or permitted searches did not establish enough exact current-status evidence; no result is not a discontinuation finding.,"Is there a current official U.S. product page, labeling document, or discontinuation notice for this exact identifier?",keep_hidden_insufficient_evidence,https://www.karlstorz.com/us/en/thoracic-surgery-and-pulmonology.htm|https://api.fda.gov/device/enforcement.json?search=product_description%3A%2210510+N%22&limit=100|https://api.fda.gov/device/recall.json?search=product_description%3A%2210510+N%22&limit=100,false
PRD-7563085A90,Richard Wolf,Optical Retrograde Biopsy Forceps,8465.64,,insufficient_evidence,low,none,no_exact_result,no_result,not_found,current_non_us,,searched,no_exact_action_found,unknown,,not_applicable,Identity method: none. UDI assessment: no_exact_result. Manufacturer finding: current_non_us. Completed or permitted searches did not establish enough exact current-status evidence; no result is not a discontinuation finding.,"Does the exact current global manufacturer listing apply to the United States despite the ended UDI evidence?|Is there a current official U.S. product page, labeling document, or discontinuation notice for this exact identifier?",keep_hidden_insufficient_evidence,https://www.richard-wolf.com/mam/data/Typo3/Kataloge/Broncho-_Thorako-_Mediastinoskopie/Thorakale_Endoskopie_en.pdf|https://api.fda.gov/device/enforcement.json?search=product_description%3A%228465.64%22&limit=100|https://api.fda.gov/device/recall.json?search=product_description%3A%228465.64%22&limit=100,false
PRD-758E53CAAF,Karl Storz,FLUVOG Adapter,10315P,,insufficient_evidence,low,exact_manufacturer_catalog_number,all_exact_configurations_active,search_incomplete,not_found,no_result,,searched,no_exact_action_found,unknown,,not_applicable,Identity method: exact_manufacturer_catalog_number. UDI assessment: all_exact_configurations_active. Manufacturer finding: no_result. Completed or permitted searches did not establish enough exact current-status evidence; no result is not a discontinuation finding.,"Is there a current official U.S. product page, labeling document, or discontinuation notice for this exact identifier?",keep_hidden_insufficient_evidence,https://www.karlstorz.com/us/en/thoracic-surgery-and-pulmonology.htm|https://api.fda.gov/device/udi.json?search=version_or_model_number%3A%2210315P%22&limit=100|https://api.fda.gov/device/udi.json?search=catalog_number%3A%2210315P%22&limit=100|https://api.fda.gov/device/udi.json?search=identifiers.id%3A%2204048551224731%22&limit=100|https://api.fda.gov/device/classification.json?search=product_code%3A%22EOQ%22&limit=100|https://api.fda.gov/device/registrationlisting.json?search=products.product_code%3A%22EOQ%22&limit=100|https://api.fda.gov/device/enforcement.json?search=product_description%3A%2210315+P%22&limit=100|https://api.fda.gov/device/enforcement.json?search=code_info%3A%2204048551224731%22&limit=100|https://api.fda.gov/device/recall.json?search=product_description%3A%2210315+P%22&limit=100|https://api.fda.gov/device/recall.json?search=code_info%3A%2204048551224731%22&limit=100,false
PRD-768CEEE32B,Karl Storz,Long Respirator Adapter,10924DL,,insufficient_evidence,low,none,no_exact_result,no_result,not_found,no_result,,searched,no_exact_action_found,unknown,,not_applicable,Identity method: none. UDI assessment: no_exact_result. Manufacturer finding: no_result. Completed or permitted searches did not establish enough exact current-status evidence; no result is not a discontinuation finding.,"Is there a current official U.S. product page, labeling document, or discontinuation notice for this exact identifier?",keep_hidden_insufficient_evidence,https://www.karlstorz.com/us/en/thoracic-surgery-and-pulmonology.htm|https://api.fda.gov/device/enforcement.json?search=product_description%3A%2210924+DL%22&limit=100|https://api.fda.gov/device/recall.json?search=product_description%3A%2210924+DL%22&limit=100,false
PRD-76C2832C18,Richard Wolf,Luer Sealing Cap,15023205,,insufficient_evidence,low,none,no_exact_result,no_result,not_found,current_non_us,,searched,no_exact_action_found,unknown,,not_applicable,Identity method: none. UDI assessment: no_exact_result. Manufacturer finding: current_non_us. Completed or permitted searches did not establish enough exact current-status evidence; no result is not a discontinuation finding.,"Does the exact current global manufacturer listing apply to the United States despite the ended UDI evidence?|Is there a current official U.S. product page, labeling document, or discontinuation notice for this exact identifier?",keep_hidden_insufficient_evidence,https://www.richard-wolf.com/mam/data/Typo3/Kataloge/Broncho-_Thorako-_Mediastinoskopie/Thorakale_Endoskopie_en.pdf|https://api.fda.gov/device/enforcement.json?search=product_description%3A%2215023205%22&limit=100|https://api.fda.gov/device/recall.json?search=product_description%3A%2215023205%22&limit=100,false
PRD-77DCFC650E,ERBE,"Bipolar Connecting Cable, Standard, 4 m, for da Vinci Instruments",20196-130,,insufficient_evidence,low,none,no_exact_result,no_result,not_found,not_searched,,searched,no_exact_action_found,unknown,,not_applicable,Identity method: none. UDI assessment: no_exact_result. Manufacturer finding: not_searched. Completed or permitted searches did not establish enough exact current-status evidence; no result is not a discontinuation finding.,"Is there a current official U.S. product page, labeling document, or discontinuation notice for this exact identifier?",keep_hidden_insufficient_evidence,https://us.erbe-med.com/fileadmin/user_upload/documents/PDF/Catalogs/complete_Catalogs/85100-100_EN_Product-catalog.pdf|https://api.fda.gov/device/enforcement.json?search=product_description%3A%2220196-130%22&limit=100|https://api.fda.gov/device/recall.json?search=product_description%3A%2220196-130%22&limit=100,false
PRD-78096620FF,ERBE,"Argon Gas Cylinder, 5 L, Empty, DIN 477 No. 6",20132-171,,insufficient_evidence,low,none,no_exact_result,no_result,not_found,not_searched,,searched,no_exact_action_found,unknown,,not_applicable,Identity method: none. UDI assessment: no_exact_result. Manufacturer finding: not_searched. Completed or permitted searches did not establish enough exact current-status evidence; no result is not a discontinuation finding.,"Is there a current official U.S. product page, labeling document, or discontinuation notice for this exact identifier?",keep_hidden_insufficient_evidence,https://us.erbe-med.com/fileadmin/user_upload/documents/PDF/Catalogs/complete_Catalogs/85100-100_EN_Product-catalog.pdf|https://api.fda.gov/device/enforcement.json?search=product_description%3A%2220132-171%22&limit=100|https://api.fda.gov/device/recall.json?search=product_description%3A%2220132-171%22&limit=100,false
PRD-78354BF30F,Thoracent / M.I.Tech,Bonastent Tracheobronchial Stent,BTB-208009,,insufficient_evidence,low,none,no_exact_result,no_result,not_found,not_searched,,searched,no_exact_action_found,unknown,,not_applicable,Identity method: none. UDI assessment: no_exact_result. Manufacturer finding: not_searched. Completed or permitted searches did not establish enough exact current-status evidence; no result is not a discontinuation finding.,"Is there a current official U.S. product page, labeling document, or discontinuation notice for this exact identifier?",keep_hidden_insufficient_evidence,https://api.fda.gov/device/enforcement.json?search=product_description%3A%22BTB-208009%22&limit=100|https://api.fda.gov/device/recall.json?search=product_description%3A%22BTB-208009%22&limit=100,false
PRD-792DBA7A57,Galvanize Therapeutics,Aliya PEF System,,,insufficient_evidence,low,none,no_exact_result,no_result,not_found,not_searched,,not_searched,unknown,unknown,,not_applicable,Identity method: none. UDI assessment: no_exact_result. Manufacturer finding: not_searched. Completed or permitted searches did not establish enough exact current-status evidence; no result is not a discontinuation finding.,"Is there a current official U.S. product page, labeling document, or discontinuation notice for this exact identifier?",keep_hidden_insufficient_evidence,,false
PRD-79735E8DC9,Pinnacle Biologics,"OPTIGUIDE Fiber Optic Diffuser, 1.5 cm",,,insufficient_evidence,low,none,no_exact_result,no_result,not_found,not_searched,,not_searched,unknown,unknown,,not_applicable,Identity method: none. UDI assessment: no_exact_result. Manufacturer finding: not_searched. Completed or permitted searches did not establish enough exact current-status evidence; no result is not a discontinuation finding.,"Is there a current official U.S. product page, labeling document, or discontinuation notice for this exact identifier?",keep_hidden_insufficient_evidence,,false
PRD-79E356AFDC,Karl Storz,Universal Forceps,10370U,,insufficient_evidence,low,exact_manufacturer_catalog_number,all_exact_configurations_active,search_incomplete,not_found,no_result,,searched,no_exact_action_found,unknown,,not_applicable,Identity method: exact_manufacturer_catalog_number. UDI assessment: all_exact_configurations_active. Manufacturer finding: no_result. Completed or permitted searches did not establish enough exact current-status evidence; no result is not a discontinuation finding.,"Is there a current official U.S. product page, labeling document, or discontinuation notice for this exact identifier?",keep_hidden_insufficient_evidence,https://www.karlstorz.com/us/en/thoracic-surgery-and-pulmonology.htm|https://api.fda.gov/device/udi.json?search=version_or_model_number%3A%2210370U%22&limit=100|https://api.fda.gov/device/udi.json?search=catalog_number%3A%2210370U%22&limit=100|https://api.fda.gov/device/udi.json?search=identifiers.id%3A%2204048551047255%22&limit=100|https://api.fda.gov/device/classification.json?search=product_code%3A%22EOQ%22&limit=100|https://api.fda.gov/device/registrationlisting.json?search=products.product_code%3A%22EOQ%22&limit=100|https://api.fda.gov/device/enforcement.json?search=code_info%3A%2204048551047255%22&limit=100|https://api.fda.gov/device/enforcement.json?search=product_description%3A%2210370+U%22&limit=100|https://api.fda.gov/device/recall.json?search=product_description%3A%2210370+U%22&limit=100|https://api.fda.gov/device/recall.json?search=code_info%3A%2204048551047255%22&limit=100,false
PRD-7A4AE2E955,Micro-Tech Endoscopy,Micro-Tech Fully covered Straight Tracheal Stent,ST02-334-16.060,,insufficient_evidence,low,none,no_exact_result,no_result,not_found,current_non_us,,searched,no_exact_action_found,unknown,,not_applicable,Identity method: none. UDI assessment: no_exact_result. Manufacturer finding: current_non_us. Completed or permitted searches did not establish enough exact current-status evidence; no result is not a discontinuation finding.,"Does the exact current global manufacturer listing apply to the United States despite the ended UDI evidence?|Is there a current official U.S. product page, labeling document, or discontinuation notice for this exact identifier?",keep_hidden_insufficient_evidence,https://www.micro-tech-medical.com/products/Tracheal-Bronchial-Stents.html|https://api.fda.gov/device/enforcement.json?search=product_description%3A%22ST02-334-16.060%22&limit=100|https://api.fda.gov/device/recall.json?search=product_description%3A%22ST02-334-16.060%22&limit=100,false
PRD-7A53694B65,ERBE,"Irrigation Adapter for Flexible APC Probes, Luer Lock",20132-203,,insufficient_evidence,low,none,no_exact_result,no_result,not_found,not_searched,,searched,no_exact_action_found,unknown,,not_applicable,Identity method: none. UDI assessment: no_exact_result. Manufacturer finding: not_searched. Completed or permitted searches did not establish enough exact current-status evidence; no result is not a discontinuation finding.,"Is there a current official U.S. product page, labeling document, or discontinuation notice for this exact identifier?",keep_hidden_insufficient_evidence,https://us.erbe-med.com/fileadmin/user_upload/documents/PDF/Catalogs/complete_Catalogs/85100-100_EN_Product-catalog.pdf|https://api.fda.gov/device/enforcement.json?search=product_description%3A%2220132-203%22&limit=100|https://api.fda.gov/device/recall.json?search=product_description%3A%2220132-203%22&limit=100,false
PRD-7A57FE10A2,Karl Storz,Round Spoon Biopsy Forceps,10371LL,,insufficient_evidence,low,exact_manufacturer_catalog_number,all_exact_configurations_active,search_incomplete,not_found,no_result,,searched,no_exact_action_found,unknown,,not_applicable,Identity method: exact_manufacturer_catalog_number. UDI assessment: all_exact_configurations_active. Manufacturer finding: no_result. Completed or permitted searches did not establish enough exact current-status evidence; no result is not a discontinuation finding.,"Is there a current official U.S. product page, labeling document, or discontinuation notice for this exact identifier?",keep_hidden_insufficient_evidence,https://www.karlstorz.com/us/en/thoracic-surgery-and-pulmonology.htm|https://api.fda.gov/device/udi.json?search=identifiers.id%3A%2204048551047354%22&limit=100|https://api.fda.gov/device/udi.json?search=version_or_model_number%3A%2210371LL%22&limit=100|https://api.fda.gov/device/udi.json?search=catalog_number%3A%2210371LL%22&limit=100|https://api.fda.gov/device/classification.json?search=product_code%3A%22EOQ%22&limit=100|https://api.fda.gov/device/registrationlisting.json?search=products.product_code%3A%22EOQ%22&limit=100|https://api.fda.gov/device/enforcement.json?search=code_info%3A%2204048551047354%22&limit=100|https://api.fda.gov/device/enforcement.json?search=product_description%3A%2210371+LL%22&limit=100|https://api.fda.gov/device/recall.json?search=product_description%3A%2210371+LL%22&limit=100|https://api.fda.gov/device/recall.json?search=code_info%3A%2204048551047354%22&limit=100,false
PRD-7AA19EC9FD,Thoracent / M.I.Tech,Bonastent Tracheobronchial Stent,BTB-125009,,insufficient_evidence,low,none,no_exact_result,no_result,not_found,not_searched,,searched,no_exact_action_found,unknown,,not_applicable,Identity method: none. UDI assessment: no_exact_result. Manufacturer finding: not_searched. Completed or permitted searches did not establish enough exact current-status evidence; no result is not a discontinuation finding.,"Is there a current official U.S. product page, labeling document, or discontinuation notice for this exact identifier?",keep_hidden_insufficient_evidence,https://api.fda.gov/device/enforcement.json?search=product_description%3A%22BTB-125009%22&limit=100|https://api.fda.gov/device/recall.json?search=product_description%3A%22BTB-125009%22&limit=100,false
PRD-7ACC124BE1,Thoracent / M.I.Tech,Bonastent Tracheobronchial Stent,BTB-123009,,insufficient_evidence,low,none,no_exact_result,no_result,not_found,not_searched,,searched,no_exact_action_found,unknown,,not_applicable,Identity method: none. UDI assessment: no_exact_result. Manufacturer finding: not_searched. Completed or permitted searches did not establish enough exact current-status evidence; no result is not a discontinuation finding.,"Is there a current official U.S. product page, labeling document, or discontinuation notice for this exact identifier?",keep_hidden_insufficient_evidence,https://api.fda.gov/device/enforcement.json?search=product_description%3A%22BTB-123009%22&limit=100|https://api.fda.gov/device/recall.json?search=product_description%3A%22BTB-123009%22&limit=100,false
PRD-7B69AB81B4,Richard Wolf,HEMER Bronchoscope Tube Bundle,8214.0841,,insufficient_evidence,low,none,no_exact_result,no_result,not_found,current_non_us,,searched,no_exact_action_found,unknown,,not_applicable,Identity method: none. UDI assessment: no_exact_result. Manufacturer finding: current_non_us. Completed or permitted searches did not establish enough exact current-status evidence; no result is not a discontinuation finding.,"Does the exact current global manufacturer listing apply to the United States despite the ended UDI evidence?|Is there a current official U.S. product page, labeling document, or discontinuation notice for this exact identifier?",keep_hidden_insufficient_evidence,https://www.richard-wolf.com/mam/data/Typo3/Kataloge/Broncho-_Thorako-_Mediastinoskopie/Thorakale_Endoskopie_en.pdf|https://api.fda.gov/device/enforcement.json?search=product_description%3A%228214.0841%22&limit=100|https://api.fda.gov/device/recall.json?search=product_description%3A%228214.0841%22&limit=100,false
PRD-7BC31438E7,Karl Storz,Alligator Forceps for Hard Foreign Bodies,10367H,,insufficient_evidence,low,exact_manufacturer_catalog_number,all_exact_configurations_active,search_incomplete,not_found,no_result,,searched,no_exact_action_found,unknown,,not_applicable,Identity method: exact_manufacturer_catalog_number. UDI assessment: all_exact_configurations_active. Manufacturer finding: no_result. Completed or permitted searches did not establish enough exact current-status evidence; no result is not a discontinuation finding.,"Is there a current official U.S. product page, labeling document, or discontinuation notice for this exact identifier?",keep_hidden_insufficient_evidence,https://www.karlstorz.com/us/en/thoracic-surgery-and-pulmonology.htm|https://api.fda.gov/device/udi.json?search=version_or_model_number%3A%2210367H%22&limit=100|https://api.fda.gov/device/udi.json?search=identifiers.id%3A%2204048551047002%22&limit=100|https://api.fda.gov/device/udi.json?search=catalog_number%3A%2210367H%22&limit=100|https://api.fda.gov/device/classification.json?search=product_code%3A%22EOQ%22&limit=100|https://api.fda.gov/device/registrationlisting.json?search=products.product_code%3A%22EOQ%22&limit=100|https://api.fda.gov/device/enforcement.json?search=product_description%3A%2210367+H%22&limit=100|https://api.fda.gov/device/enforcement.json?search=code_info%3A%2204048551047002%22&limit=100|https://api.fda.gov/device/recall.json?search=product_description%3A%2210367+H%22&limit=100|https://api.fda.gov/device/recall.json?search=code_info%3A%2204048551047002%22&limit=100,false
PRD-7C2BC9D752,Ziehm Imaging,Ziehm Vision RFD 3D Mobile C-arm,,,insufficient_evidence,low,none,no_exact_result,no_result,not_found,not_searched,,not_searched,unknown,unknown,,not_applicable,Identity method: none. UDI assessment: no_exact_result. Manufacturer finding: not_searched. Completed or permitted searches did not establish enough exact current-status evidence; no result is not a discontinuation finding.,"Is there a current official U.S. product page, labeling document, or discontinuation notice for this exact identifier?",keep_hidden_insufficient_evidence,,false
PRD-7CDBD7C74A,Richard Wolf,"Endobronchial Resector, Aggressive",825630546,,insufficient_evidence,low,none,no_exact_result,no_result,not_found,current_non_us,,searched,no_exact_action_found,unknown,,not_applicable,Identity method: none. UDI assessment: no_exact_result. Manufacturer finding: current_non_us. Completed or permitted searches did not establish enough exact current-status evidence; no result is not a discontinuation finding.,"Does the exact current global manufacturer listing apply to the United States despite the ended UDI evidence?|Is there a current official U.S. product page, labeling document, or discontinuation notice for this exact identifier?",keep_hidden_insufficient_evidence,https://www.richard-wolf.com/mam/data/Typo3/Kataloge/Broncho-_Thorako-_Mediastinoskopie/Thorakale_Endoskopie_en.pdf|https://api.fda.gov/device/enforcement.json?search=product_description%3A%22825630546%22&limit=100|https://api.fda.gov/device/recall.json?search=product_description%3A%22825630546%22&limit=100,false
PRD-7E9D9CEC94,Richard Wolf,ERAGONbipolar Forceps Bundle,82340014,,insufficient_evidence,low,none,no_exact_result,no_result,not_found,current_non_us,,searched,no_exact_action_found,unknown,,not_applicable,Identity method: none. UDI assessment: no_exact_result. Manufacturer finding: current_non_us. Completed or permitted searches did not establish enough exact current-status evidence; no result is not a discontinuation finding.,"Does the exact current global manufacturer listing apply to the United States despite the ended UDI evidence?|Is there a current official U.S. product page, labeling document, or discontinuation notice for this exact identifier?",keep_hidden_insufficient_evidence,https://www.richard-wolf.com/mam/data/Typo3/Kataloge/Broncho-_Thorako-_Mediastinoskopie/Thorakale_Endoskopie_en.pdf|https://api.fda.gov/device/enforcement.json?search=product_description%3A%2282340014%22&limit=100|https://api.fda.gov/device/recall.json?search=product_description%3A%2282340014%22&limit=100,false
PRD-7EE559B95F,Thoracent / M.I.Tech,Bonastent Tracheobronchial Stent,BTB-144009,,insufficient_evidence,low,none,no_exact_result,no_result,not_found,not_searched,,searched,no_exact_action_found,unknown,,not_applicable,Identity method: none. UDI assessment: no_exact_result. Manufacturer finding: not_searched. Completed or permitted searches did not establish enough exact current-status evidence; no result is not a discontinuation finding.,"Is there a current official U.S. product page, labeling document, or discontinuation notice for this exact identifier?",keep_hidden_insufficient_evidence,https://api.fda.gov/device/enforcement.json?search=product_description%3A%22BTB-144009%22&limit=100|https://api.fda.gov/device/recall.json?search=product_description%3A%22BTB-144009%22&limit=100,false
PRD-8106E78F85,Olympus,TC-C4 Series Workstation Set,K10029894,,insufficient_evidence,low,none,no_exact_result,no_result,not_found,family_only_current,,searched,no_exact_action_found,unknown,,not_applicable,Identity method: none. UDI assessment: no_exact_result. Manufacturer finding: family_only_current. Completed or permitted searches did not establish enough exact current-status evidence; no result is not a discontinuation finding.,"Is there a current official U.S. product page, labeling document, or discontinuation notice for this exact identifier?",keep_hidden_insufficient_evidence,https://content.medical.olympusamerica.com/products/accessory-solutions|https://api.fda.gov/device/enforcement.json?search=product_description%3A%22K10029894%22&limit=100|https://api.fda.gov/device/recall.json?search=product_description%3A%22K10029894%22&limit=100,false
PRD-81325BA145,Thoracent / M.I.Tech,Bonastent Tracheobronchial Stent,BTB-145009,,insufficient_evidence,low,none,no_exact_result,no_result,not_found,not_searched,,searched,no_exact_action_found,unknown,,not_applicable,Identity method: none. UDI assessment: no_exact_result. Manufacturer finding: not_searched. Completed or permitted searches did not establish enough exact current-status evidence; no result is not a discontinuation finding.,"Is there a current official U.S. product page, labeling document, or discontinuation notice for this exact identifier?",keep_hidden_insufficient_evidence,https://api.fda.gov/device/enforcement.json?search=product_description%3A%22BTB-145009%22&limit=100|https://api.fda.gov/device/recall.json?search=product_description%3A%22BTB-145009%22&limit=100,false
PRD-81DDCD50B9,Karl Storz,Spring-Handle Sponge Holder 35 cm,10387B,,insufficient_evidence,low,exact_manufacturer_model_number,all_exact_configurations_active,search_incomplete,premarket_exempt,no_result,,searched,no_exact_action_found,unknown,,not_applicable,Identity method: exact_manufacturer_model_number. UDI assessment: all_exact_configurations_active. Manufacturer finding: no_result. Completed or permitted searches did not establish enough exact current-status evidence; no result is not a discontinuation finding.,"Is there a current official U.S. product page, labeling document, or discontinuation notice for this exact identifier?",keep_hidden_insufficient_evidence,https://www.karlstorz.com/us/en/thoracic-surgery-and-pulmonology.htm|https://api.fda.gov/device/udi.json?search=version_or_model_number%3A%2210387B%22&limit=100|https://api.fda.gov/device/udi.json?search=identifiers.id%3A%2204048551048252%22&limit=100|https://api.fda.gov/device/classification.json?search=product_code%3A%22LRC%22&limit=100|https://api.fda.gov/device/registrationlisting.json?search=products.product_code%3A%22LRC%22&limit=100|https://api.fda.gov/device/enforcement.json?search=code_info%3A%2204048551048252%22&limit=100|https://api.fda.gov/device/enforcement.json?search=product_description%3A%2210387+B%22&limit=100|https://api.fda.gov/device/recall.json?search=code_info%3A%2204048551048252%22&limit=100|https://api.fda.gov/device/recall.json?search=product_description%3A%2210387+B%22&limit=100,false
PRD-825B745D18,Karl Storz,Coagulation Suction Tube,10390BN,,insufficient_evidence,low,exact_manufacturer_catalog_number,all_exact_configurations_active,search_incomplete,not_found,no_result,,searched,no_exact_action_found,unknown,,not_applicable,Identity method: exact_manufacturer_catalog_number. UDI assessment: all_exact_configurations_active. Manufacturer finding: no_result. Completed or permitted searches did not establish enough exact current-status evidence; no result is not a discontinuation finding.,"Is there a current official U.S. product page, labeling document, or discontinuation notice for this exact identifier?",keep_hidden_insufficient_evidence,https://www.karlstorz.com/us/en/thoracic-surgery-and-pulmonology.htm|https://api.fda.gov/device/udi.json?search=version_or_model_number%3A%2210390BN%22&limit=100|https://api.fda.gov/device/udi.json?search=identifiers.id%3A%2204048551048375%22&limit=100|https://api.fda.gov/device/udi.json?search=catalog_number%3A%2210390BN%22&limit=100|https://api.fda.gov/device/classification.json?search=product_code%3A%22EOB%22&limit=100|https://api.fda.gov/device/registrationlisting.json?search=products.product_code%3A%22EOB%22&limit=100|https://api.fda.gov/device/enforcement.json?search=code_info%3A%2204048551048375%22&limit=100|https://api.fda.gov/device/enforcement.json?search=product_description%3A%2210390+BN%22&limit=100|https://api.fda.gov/device/recall.json?search=code_info%3A%2204048551048375%22&limit=100|https://api.fda.gov/device/recall.json?search=product_description%3A%2210390+BN%22&limit=100,false
PRD-82CCE45D12,Micro-Tech Endoscopy,Tracheobronchial Y-Stent,ST05-155.16.040,,insufficient_evidence,low,none,no_exact_result,no_result,not_found,not_searched,,searched,no_exact_action_found,unknown,,not_applicable,Identity method: none. UDI assessment: no_exact_result. Manufacturer finding: not_searched. Completed or permitted searches did not establish enough exact current-status evidence; no result is not a discontinuation finding.,"Is there a current official U.S. product page, labeling document, or discontinuation notice for this exact identifier?",keep_hidden_insufficient_evidence,https://api.fda.gov/device/enforcement.json?search=product_description%3A%22ST05-155.16.040%22&limit=100|https://api.fda.gov/device/recall.json?search=product_description%3A%22ST05-155.16.040%22&limit=100,false
PRD-83ADF2581C,ERBE,"Pressure Reducer with Sensor for APC 2/APC 3, CGA 580",20134-002,,insufficient_evidence,low,none,no_exact_result,no_result,not_found,not_searched,,searched,no_exact_action_found,unknown,,not_applicable,Identity method: none. UDI assessment: no_exact_result. Manufacturer finding: not_searched. Completed or permitted searches did not establish enough exact current-status evidence; no result is not a discontinuation finding.,"Is there a current official U.S. product page, labeling document, or discontinuation notice for this exact identifier?",keep_hidden_insufficient_evidence,https://us.erbe-med.com/fileadmin/user_upload/documents/PDF/Catalogs/complete_Catalogs/85100-100_EN_Product-catalog.pdf|https://api.fda.gov/device/enforcement.json?search=product_description%3A%2220134-002%22&limit=100|https://api.fda.gov/device/recall.json?search=product_description%3A%2220134-002%22&limit=100,false
PRD-83DE1D08C4,Richard Wolf,Bronchoscope Sealing Cap for 4/3.4/2.7 mm Telescope,8021.18,,insufficient_evidence,low,none,no_exact_result,no_result,not_found,current_non_us,,searched,no_exact_action_found,unknown,,not_applicable,Identity method: none. UDI assessment: no_exact_result. Manufacturer finding: current_non_us. Completed or permitted searches did not establish enough exact current-status evidence; no result is not a discontinuation finding.,"Does the exact current global manufacturer listing apply to the United States despite the ended UDI evidence?|Is there a current official U.S. product page, labeling document, or discontinuation notice for this exact identifier?",keep_hidden_insufficient_evidence,https://www.richard-wolf.com/mam/data/Typo3/Kataloge/Broncho-_Thorako-_Mediastinoskopie/Thorakale_Endoskopie_en.pdf|https://api.fda.gov/device/enforcement.json?search=product_description%3A%228021.18%22&limit=100|https://api.fda.gov/device/recall.json?search=product_description%3A%228021.18%22&limit=100,false
PRD-843BE1E573,Karl Storz,Oval Fenestrated Biopsy Forceps,10371P,,insufficient_evidence,low,exact_manufacturer_catalog_number,all_exact_configurations_active,search_incomplete,not_found,no_result,,searched,no_exact_action_found,unknown,,not_applicable,Identity method: exact_manufacturer_catalog_number. UDI assessment: all_exact_configurations_active. Manufacturer finding: no_result. Completed or permitted searches did not establish enough exact current-status evidence; no result is not a discontinuation finding.,"Is there a current official U.S. product page, labeling document, or discontinuation notice for this exact identifier?",keep_hidden_insufficient_evidence,https://www.karlstorz.com/us/en/thoracic-surgery-and-pulmonology.htm|https://api.fda.gov/device/udi.json?search=identifiers.id%3A%2204048551047361%22&limit=100|https://api.fda.gov/device/udi.json?search=catalog_number%3A%2210371P%22&limit=100|https://api.fda.gov/device/udi.json?search=version_or_model_number%3A%2210371P%22&limit=100|https://api.fda.gov/device/classification.json?search=product_code%3A%22EOQ%22&limit=100|https://api.fda.gov/device/registrationlisting.json?search=products.product_code%3A%22EOQ%22&limit=100|https://api.fda.gov/device/enforcement.json?search=product_description%3A%2210371+P%22&limit=100|https://api.fda.gov/device/enforcement.json?search=code_info%3A%2204048551047361%22&limit=100|https://api.fda.gov/device/recall.json?search=code_info%3A%2204048551047361%22&limit=100|https://api.fda.gov/device/recall.json?search=product_description%3A%2210371+P%22&limit=100,false
PRD-84F7ABC615,Micro-Tech Endoscopy,Micro-Tech Fully Covered J-Shaped Tracheal Stent,ST02-974-16.050,,insufficient_evidence,low,none,no_exact_result,no_result,not_found,family_only_current,,searched,no_exact_action_found,unknown,,not_applicable,Identity method: none. UDI assessment: no_exact_result. Manufacturer finding: family_only_current. Completed or permitted searches did not establish enough exact current-status evidence; no result is not a discontinuation finding.,"Is there a current official U.S. product page, labeling document, or discontinuation notice for this exact identifier?",keep_hidden_insufficient_evidence,https://www.micro-tech-medical.com/products/Tracheal-Bronchial-Stents.html|https://api.fda.gov/device/enforcement.json?search=product_description%3A%22ST02-974-16.050%22&limit=100|https://api.fda.gov/device/recall.json?search=product_description%3A%22ST02-974-16.050%22&limit=100,false
PRD-8776B50EA8,Cardinal Health,"Argyle PVC Thoracic Catheter – Straight, 28 Fr × 20 in",8888570549,,insufficient_evidence,low,exact_manufacturer_catalog_number,all_exact_configurations_ended,search_incomplete,premarket_exempt,not_searched,,searched,no_exact_action_found,unknown,,not_applicable,Identity method: exact_manufacturer_catalog_number. UDI assessment: all_exact_configurations_ended. Manufacturer finding: not_searched. Completed or permitted searches did not establish enough exact current-status evidence; no result is not a discontinuation finding.,"Is there a current official U.S. product page, labeling document, or discontinuation notice for this exact identifier?",keep_hidden_insufficient_evidence,https://api.fda.gov/device/udi.json?search=version_or_model_number%3A%228888570549%22&limit=100|https://api.fda.gov/device/udi.json?search=catalog_number%3A%228888570549%22&limit=100|https://api.fda.gov/device/udi.json?search=version_or_model_number%3A%228888570549%22&limit=100|https://api.fda.gov/device/udi.json?search=identifiers.id%3A%2210884521050846%22&limit=100|https://api.fda.gov/device/udi.json?search=catalog_number%3A%228888570549%22&limit=100|https://api.fda.gov/device/classification.json?search=product_code%3A%22JOL%22&limit=100|https://api.fda.gov/device/enforcement.json?search=code_info%3A%2200884521060855%22&limit=100|https://api.fda.gov/device/enforcement.json?search=product_description%3A%228888570549%22&limit=100|https://api.fda.gov/device/enforcement.json?search=code_info%3A%2210884521050846%22&limit=100|https://api.fda.gov/device/enforcement.json?search=code_info%3A%2200884521149505%22&limit=100|https://api.fda.gov/device/enforcement.json?search=code_info%3A%2220884521050843%22&limit=100|https://api.fda.gov/device/recall.json?search=code_info%3A%2200884521060855%22&limit=100|https://api.fda.gov/device/recall.json?search=product_description%3A%228888570549%22&limit=100|https://api.fda.gov/device/recall.json?search=code_info%3A%2220884521050843%22&limit=100|https://api.fda.gov/device/recall.json?search=code_info%3A%2210884521050846%22&limit=100|https://api.fda.gov/device/recall.json?search=code_info%3A%2200884521149505%22&limit=100,false
PRD-87E491F131,Micro-Tech Endoscopy,Micro-Tech Partially covered Y-Shaped Tracheal Stent,ST02-962-18.050,,insufficient_evidence,low,none,no_exact_result,no_result,not_found,family_only_current,,searched,no_exact_action_found,unknown,,not_applicable,Identity method: none. UDI assessment: no_exact_result. Manufacturer finding: family_only_current. Completed or permitted searches did not establish enough exact current-status evidence; no result is not a discontinuation finding.,"Is there a current official U.S. product page, labeling document, or discontinuation notice for this exact identifier?",keep_hidden_insufficient_evidence,https://www.micro-tech-medical.com/products/Tracheal-Bronchial-Stents.html|https://api.fda.gov/device/enforcement.json?search=product_description%3A%22ST02-962-18.050%22&limit=100|https://api.fda.gov/device/recall.json?search=product_description%3A%22ST02-962-18.050%22&limit=100,false
PRD-88D778F3A4,ERBE,"Bipolar Connecting Cable, Aesculap, Angled, 4.5 m",20196-065,,insufficient_evidence,low,none,no_exact_result,no_result,not_found,not_searched,,searched,no_exact_action_found,unknown,,not_applicable,Identity method: none. UDI assessment: no_exact_result. Manufacturer finding: not_searched. Completed or permitted searches did not establish enough exact current-status evidence; no result is not a discontinuation finding.,"Is there a current official U.S. product page, labeling document, or discontinuation notice for this exact identifier?",keep_hidden_insufficient_evidence,https://us.erbe-med.com/fileadmin/user_upload/documents/PDF/Catalogs/complete_Catalogs/85100-100_EN_Product-catalog.pdf|https://api.fda.gov/device/enforcement.json?search=product_description%3A%2220196-065%22&limit=100|https://api.fda.gov/device/recall.json?search=product_description%3A%2220196-065%22&limit=100,false
PRD-88DA368B9C,Olympus,BF-XP190 Ultrathin Video Bronchoscope,BF-XP190,,insufficient_evidence,low,none,no_exact_result,no_result,not_found,family_only_current,,searched,active_exact_product_action,product_wide,Z-0327-2024|Z-0687-2024|Z-2500-2023,not_applicable,Identity method: none. UDI assessment: no_exact_result. Manufacturer finding: family_only_current. Completed or permitted searches did not establish enough exact current-status evidence; no result is not a discontinuation finding.,"Is there a current official U.S. product page, labeling document, or discontinuation notice for this exact identifier?",keep_hidden_insufficient_evidence,https://medical.olympusamerica.com/procedure/peripheral-bronchoscopy-radial-ebus|https://api.fda.gov/device/enforcement.json?search=product_description%3A%22BF-XP190%22&limit=100|https://api.fda.gov/device/recall.json?search=product_description%3A%22BF-XP190%22&limit=100,false
PRD-8905E9BA40,ERBE,"Return-Electrode Connecting Cable, International, 5 m, Single-Contact Electrode",20194-086,,insufficient_evidence,low,none,no_exact_result,no_result,not_found,not_searched,,searched,no_exact_action_found,unknown,,not_applicable,Identity method: none. UDI assessment: no_exact_result. Manufacturer finding: not_searched. Completed or permitted searches did not establish enough exact current-status evidence; no result is not a discontinuation finding.,"Is there a current official U.S. product page, labeling document, or discontinuation notice for this exact identifier?",keep_hidden_insufficient_evidence,https://us.erbe-med.com/fileadmin/user_upload/documents/PDF/Catalogs/complete_Catalogs/85100-100_EN_Product-catalog.pdf|https://api.fda.gov/device/enforcement.json?search=product_description%3A%2220194-086%22&limit=100|https://api.fda.gov/device/recall.json?search=product_description%3A%2220194-086%22&limit=100,false
PRD-8A19FB9627,Karl Storz,HUZLY Suction Tube 4 mm x 50 cm,10434A,,insufficient_evidence,low,none,no_exact_result,no_result,not_found,no_result,,searched,no_exact_action_found,unknown,,not_applicable,Identity method: none. UDI assessment: no_exact_result. Manufacturer finding: no_result. Completed or permitted searches did not establish enough exact current-status evidence; no result is not a discontinuation finding.,"Is there a current official U.S. product page, labeling document, or discontinuation notice for this exact identifier?",keep_hidden_insufficient_evidence,https://www.karlstorz.com/us/en/thoracic-surgery-and-pulmonology.htm|https://api.fda.gov/device/enforcement.json?search=product_description%3A%2210434+A%22&limit=100|https://api.fda.gov/device/recall.json?search=product_description%3A%2210434+A%22&limit=100,false
PRD-8A6658D379,Micro-Tech Endoscopy,Micro-Tech Fully covered Straight Tracheal Stent,ST02-334-16.040,,insufficient_evidence,low,none,no_exact_result,no_result,not_found,current_non_us,,searched,no_exact_action_found,unknown,,not_applicable,Identity method: none. UDI assessment: no_exact_result. Manufacturer finding: current_non_us. Completed or permitted searches did not establish enough exact current-status evidence; no result is not a discontinuation finding.,"Does the exact current global manufacturer listing apply to the United States despite the ended UDI evidence?|Is there a current official U.S. product page, labeling document, or discontinuation notice for this exact identifier?",keep_hidden_insufficient_evidence,https://www.micro-tech-medical.com/products/Tracheal-Bronchial-Stents.html|https://api.fda.gov/device/enforcement.json?search=product_description%3A%22ST02-334-16.040%22&limit=100|https://api.fda.gov/device/recall.json?search=product_description%3A%22ST02-334-16.040%22&limit=100,false
PRD-8ACE654E89,FUJIFILM SonoSite,SonoSite P11-3 Transducer,P11-3,,insufficient_evidence,low,none,no_exact_result,no_result,not_found,not_searched,,not_searched,unknown,unknown,,not_applicable,Identity method: none. UDI assessment: no_exact_result. Manufacturer finding: not_searched. Completed or permitted searches did not establish enough exact current-status evidence; no result is not a discontinuation finding.,"Is there a current official U.S. product page, labeling document, or discontinuation notice for this exact identifier?",keep_hidden_insufficient_evidence,https://www.sonosite.com/sites/default/files/Sonosite_LX_product_brochure_MKT03597_US_rev_C.pdf,false
PRD-8BF5C4BAB5,Medtronic,Emprint Ablation Catheter Kit,,,insufficient_evidence,low,none,no_exact_result,no_result,not_found,not_searched,,not_searched,unknown,unknown,,not_applicable,Identity method: none. UDI assessment: no_exact_result. Manufacturer finding: not_searched. Completed or permitted searches did not establish enough exact current-status evidence; no result is not a discontinuation finding.,"Is there a current official U.S. product page, labeling document, or discontinuation notice for this exact identifier?",keep_hidden_insufficient_evidence,,false
PRD-8C9CE98C9B,Thoracent / M.I.Tech,Bonastent Tracheobronchial Stent,BTB-166009,,insufficient_evidence,low,none,no_exact_result,no_result,not_found,not_searched,,searched,no_exact_action_found,unknown,,not_applicable,Identity method: none. UDI assessment: no_exact_result. Manufacturer finding: not_searched. Completed or permitted searches did not establish enough exact current-status evidence; no result is not a discontinuation finding.,"Is there a current official U.S. product page, labeling document, or discontinuation notice for this exact identifier?",keep_hidden_insufficient_evidence,https://api.fda.gov/device/enforcement.json?search=product_description%3A%22BTB-166009%22&limit=100|https://api.fda.gov/device/recall.json?search=product_description%3A%22BTB-166009%22&limit=100,false
PRD-8D0C9F35DB,Karl Storz,Full Lumen Operating Tracheoscope,10318G,,insufficient_evidence,low,exact_manufacturer_catalog_number,all_exact_configurations_active,search_incomplete,not_found,no_result,,searched,no_exact_action_found,unknown,,not_applicable,Identity method: exact_manufacturer_catalog_number. UDI assessment: all_exact_configurations_active. Manufacturer finding: no_result. Completed or permitted searches did not establish enough exact current-status evidence; no result is not a discontinuation finding.,"Is there a current official U.S. product page, labeling document, or discontinuation notice for this exact identifier?",keep_hidden_insufficient_evidence,https://www.karlstorz.com/us/en/thoracic-surgery-and-pulmonology.htm|https://api.fda.gov/device/udi.json?search=version_or_model_number%3A%2210318G%22&limit=100|https://api.fda.gov/device/udi.json?search=identifiers.id%3A%2204048551045725%22&limit=100|https://api.fda.gov/device/udi.json?search=catalog_number%3A%2210318G%22&limit=100|https://api.fda.gov/device/classification.json?search=product_code%3A%22EOQ%22&limit=100|https://api.fda.gov/device/registrationlisting.json?search=products.product_code%3A%22EOQ%22&limit=100|https://api.fda.gov/device/enforcement.json?search=code_info%3A%2204048551045725%22&limit=100|https://api.fda.gov/device/enforcement.json?search=product_description%3A%2210318+G%22&limit=100|https://api.fda.gov/device/recall.json?search=code_info%3A%2204048551045725%22&limit=100|https://api.fda.gov/device/recall.json?search=product_description%3A%2210318+G%22&limit=100,false
PRD-908A7EB205,Thoracent / M.I.Tech,Bonastent Tracheobronchial Stent,BTB-143009,,insufficient_evidence,low,none,no_exact_result,no_result,not_found,not_searched,,searched,no_exact_action_found,unknown,,not_applicable,Identity method: none. UDI assessment: no_exact_result. Manufacturer finding: not_searched. Completed or permitted searches did not establish enough exact current-status evidence; no result is not a discontinuation finding.,"Is there a current official U.S. product page, labeling document, or discontinuation notice for this exact identifier?",keep_hidden_insufficient_evidence,https://api.fda.gov/device/enforcement.json?search=product_description%3A%22BTB-143009%22&limit=100|https://api.fda.gov/device/recall.json?search=product_description%3A%22BTB-143009%22&limit=100,false
PRD-90A0B83AA5,Karl Storz,Forceps for Peanuts/Soft Foreign Bodies,10370K,,insufficient_evidence,low,exact_manufacturer_catalog_number,all_exact_configurations_active,search_incomplete,not_found,no_result,,searched,no_exact_action_found,unknown,,not_applicable,Identity method: exact_manufacturer_catalog_number. UDI assessment: all_exact_configurations_active. Manufacturer finding: no_result. Completed or permitted searches did not establish enough exact current-status evidence; no result is not a discontinuation finding.,"Is there a current official U.S. product page, labeling document, or discontinuation notice for this exact identifier?",keep_hidden_insufficient_evidence,https://www.karlstorz.com/us/en/thoracic-surgery-and-pulmonology.htm|https://api.fda.gov/device/udi.json?search=catalog_number%3A%2210370K%22&limit=100|https://api.fda.gov/device/udi.json?search=version_or_model_number%3A%2210370K%22&limit=100|https://api.fda.gov/device/udi.json?search=identifiers.id%3A%2204048551047125%22&limit=100|https://api.fda.gov/device/classification.json?search=product_code%3A%22EOQ%22&limit=100|https://api.fda.gov/device/registrationlisting.json?search=products.product_code%3A%22EOQ%22&limit=100|https://api.fda.gov/device/enforcement.json?search=product_description%3A%2210370+K%22&limit=100|https://api.fda.gov/device/enforcement.json?search=code_info%3A%2204048551047125%22&limit=100|https://api.fda.gov/device/recall.json?search=product_description%3A%2210370+K%22&limit=100|https://api.fda.gov/device/recall.json?search=code_info%3A%2204048551047125%22&limit=100,false
PRD-90D21D9281,Cardinal Health,"Argyle PVC Thoracic Catheter – Straight, 40 Fr × 20 in",8888570572,,insufficient_evidence,low,exact_manufacturer_catalog_number,all_exact_configurations_ended,search_incomplete,premarket_exempt,not_searched,,searched,no_exact_action_found,unknown,,not_applicable,Identity method: exact_manufacturer_catalog_number. UDI assessment: all_exact_configurations_ended. Manufacturer finding: not_searched. Completed or permitted searches did not establish enough exact current-status evidence; no result is not a discontinuation finding.,"Is there a current official U.S. product page, labeling document, or discontinuation notice for this exact identifier?",keep_hidden_insufficient_evidence,https://api.fda.gov/device/udi.json?search=version_or_model_number%3A%228888570572%22&limit=100|https://api.fda.gov/device/udi.json?search=catalog_number%3A%228888570572%22&limit=100|https://api.fda.gov/device/udi.json?search=identifiers.id%3A%2210884521050877%22&limit=100|https://api.fda.gov/device/udi.json?search=version_or_model_number%3A%228888570572%22&limit=100|https://api.fda.gov/device/udi.json?search=catalog_number%3A%228888570572%22&limit=100|https://api.fda.gov/device/classification.json?search=product_code%3A%22JOL%22&limit=100|https://api.fda.gov/device/enforcement.json?search=code_info%3A%2210884521050877%22&limit=100|https://api.fda.gov/device/enforcement.json?search=code_info%3A%2220884521050874%22&limit=100|https://api.fda.gov/device/enforcement.json?search=code_info%3A%2200884521149536%22&limit=100|https://api.fda.gov/device/enforcement.json?search=product_description%3A%228888570572%22&limit=100|https://api.fda.gov/device/enforcement.json?search=code_info%3A%2200884521060886%22&limit=100|https://api.fda.gov/device/recall.json?search=product_description%3A%228888570572%22&limit=100|https://api.fda.gov/device/recall.json?search=code_info%3A%2220884521050874%22&limit=100|https://api.fda.gov/device/recall.json?search=code_info%3A%2200884521149536%22&limit=100|https://api.fda.gov/device/recall.json?search=code_info%3A%2210884521050877%22&limit=100|https://api.fda.gov/device/recall.json?search=code_info%3A%2200884521060886%22&limit=100,false
PRD-913352C891,ERBE,Wire Basket for ERBECRYO 2 Cart,20180-010,,insufficient_evidence,low,none,no_exact_result,no_result,not_found,exact_identity_only_not_current,,searched,no_exact_action_found,unknown,,not_applicable,Identity method: none. UDI assessment: no_exact_result. Manufacturer finding: exact_identity_only_not_current. Completed or permitted searches did not establish enough exact current-status evidence; no result is not a discontinuation finding.,"Is there a current official U.S. product page, labeling document, or discontinuation notice for this exact identifier?",keep_hidden_insufficient_evidence,https://us.erbe-med.com/fileadmin/user_upload/documents/PDF/USA/MKT-5074_ERBECRYO-2_2023-06.pdf|https://api.fda.gov/device/enforcement.json?search=product_description%3A%2220180-010%22&limit=100|https://api.fda.gov/device/recall.json?search=product_description%3A%2220180-010%22&limit=100,false
PRD-9188CC0F47,Karl Storz,Suction Catheter 7 Fr with Adapter,10468B,,insufficient_evidence,low,none,no_exact_result,no_result,not_found,no_result,,searched,no_exact_action_found,unknown,,not_applicable,Identity method: none. UDI assessment: no_exact_result. Manufacturer finding: no_result. Completed or permitted searches did not establish enough exact current-status evidence; no result is not a discontinuation finding.,"Is there a current official U.S. product page, labeling document, or discontinuation notice for this exact identifier?",keep_hidden_insufficient_evidence,https://www.karlstorz.com/us/en/thoracic-surgery-and-pulmonology.htm|https://api.fda.gov/device/enforcement.json?search=product_description%3A%2210468+B%22&limit=100|https://api.fda.gov/device/recall.json?search=product_description%3A%2210468+B%22&limit=100,false
PRD-91BFC52CEC,Richard Wolf,HEMER Tracheoscope Tube Bundle,8214.1281,,insufficient_evidence,low,none,no_exact_result,no_result,not_found,current_non_us,,searched,no_exact_action_found,unknown,,not_applicable,Identity method: none. UDI assessment: no_exact_result. Manufacturer finding: current_non_us. Completed or permitted searches did not establish enough exact current-status evidence; no result is not a discontinuation finding.,"Does the exact current global manufacturer listing apply to the United States despite the ended UDI evidence?|Is there a current official U.S. product page, labeling document, or discontinuation notice for this exact identifier?",keep_hidden_insufficient_evidence,https://www.richard-wolf.com/mam/data/Typo3/Kataloge/Broncho-_Thorako-_Mediastinoskopie/Thorakale_Endoskopie_en.pdf|https://api.fda.gov/device/enforcement.json?search=product_description%3A%228214.1281%22&limit=100|https://api.fda.gov/device/recall.json?search=product_description%3A%228214.1281%22&limit=100,false
PRD-921CB1B912,Karl Storz,Sponge Holder 35 cm,10385B,,insufficient_evidence,low,exact_manufacturer_model_number,all_exact_configurations_active,search_incomplete,not_found,no_result,,searched,no_exact_action_found,unknown,,not_applicable,Identity method: exact_manufacturer_model_number. UDI assessment: all_exact_configurations_active. Manufacturer finding: no_result. Completed or permitted searches did not establish enough exact current-status evidence; no result is not a discontinuation finding.,"Is there a current official U.S. product page, labeling document, or discontinuation notice for this exact identifier?",keep_hidden_insufficient_evidence,https://www.karlstorz.com/us/en/thoracic-surgery-and-pulmonology.htm|https://api.fda.gov/device/udi.json?search=version_or_model_number%3A%2210385B%22&limit=100|https://api.fda.gov/device/udi.json?search=identifiers.id%3A%2204048551048146%22&limit=100|https://api.fda.gov/device/classification.json?search=product_code%3A%22EOQ%22&limit=100|https://api.fda.gov/device/registrationlisting.json?search=products.product_code%3A%22EOQ%22&limit=100|https://api.fda.gov/device/enforcement.json?search=code_info%3A%2204048551048146%22&limit=100|https://api.fda.gov/device/enforcement.json?search=product_description%3A%2210385+B%22&limit=100|https://api.fda.gov/device/recall.json?search=code_info%3A%2204048551048146%22&limit=100|https://api.fda.gov/device/recall.json?search=product_description%3A%2210385+B%22&limit=100,false
PRD-9349B7D1F6,ERBE,Irrigation Adapter for APC Applicators,20132-095,,insufficient_evidence,low,none,no_exact_result,no_result,not_found,not_searched,,searched,no_exact_action_found,unknown,,not_applicable,Identity method: none. UDI assessment: no_exact_result. Manufacturer finding: not_searched. Completed or permitted searches did not establish enough exact current-status evidence; no result is not a discontinuation finding.,"Is there a current official U.S. product page, labeling document, or discontinuation notice for this exact identifier?",keep_hidden_insufficient_evidence,https://us.erbe-med.com/fileadmin/user_upload/documents/PDF/Catalogs/complete_Catalogs/85100-100_EN_Product-catalog.pdf|https://api.fda.gov/device/enforcement.json?search=product_description%3A%2220132-095%22&limit=100|https://api.fda.gov/device/recall.json?search=product_description%3A%2220132-095%22&limit=100,false
PRD-934DA56D92,Karl Storz,Puncture Needle for Histology,10435A,,insufficient_evidence,low,exact_manufacturer_model_number,all_exact_configurations_active,search_incomplete,premarket_exempt,no_result,,searched,no_exact_action_found,unknown,,not_applicable,Identity method: exact_manufacturer_model_number. UDI assessment: all_exact_configurations_active. Manufacturer finding: no_result. Completed or permitted searches did not establish enough exact current-status evidence; no result is not a discontinuation finding.,"Is there a current official U.S. product page, labeling document, or discontinuation notice for this exact identifier?",keep_hidden_insufficient_evidence,https://www.karlstorz.com/us/en/thoracic-surgery-and-pulmonology.htm|https://api.fda.gov/device/udi.json?search=version_or_model_number%3A%2210435A%22&limit=100|https://api.fda.gov/device/udi.json?search=identifiers.id%3A%2204048551048603%22&limit=100|https://api.fda.gov/device/classification.json?search=product_code%3A%22LRC%22&limit=100|https://api.fda.gov/device/registrationlisting.json?search=products.product_code%3A%22LRC%22&limit=100|https://api.fda.gov/device/enforcement.json?search=code_info%3A%2204048551048603%22&limit=100|https://api.fda.gov/device/enforcement.json?search=product_description%3A%2210435+A%22&limit=100|https://api.fda.gov/device/recall.json?search=code_info%3A%2204048551048603%22&limit=100|https://api.fda.gov/device/recall.json?search=product_description%3A%2210435+A%22&limit=100,false
PRD-93A3E7F825,ERBE,"Bipolar Connecting Cable, 2-Pin 28 mm, Aesculap, 4.5 m",20196-066,,insufficient_evidence,low,none,no_exact_result,no_result,not_found,not_searched,,searched,no_exact_action_found,unknown,,not_applicable,Identity method: none. UDI assessment: no_exact_result. Manufacturer finding: not_searched. Completed or permitted searches did not establish enough exact current-status evidence; no result is not a discontinuation finding.,"Is there a current official U.S. product page, labeling document, or discontinuation notice for this exact identifier?",keep_hidden_insufficient_evidence,https://us.erbe-med.com/fileadmin/user_upload/documents/PDF/Catalogs/complete_Catalogs/85100-100_EN_Product-catalog.pdf|https://api.fda.gov/device/enforcement.json?search=product_description%3A%2220196-066%22&limit=100|https://api.fda.gov/device/recall.json?search=product_description%3A%2220196-066%22&limit=100,false
PRD-95ADE8F814,ERBE,"Monopolar Connecting Cable, Standard, 4 m, 4 mm Socket for Needle/STORZ",20192-101,,insufficient_evidence,low,none,no_exact_result,no_result,not_found,not_searched,,searched,no_exact_action_found,unknown,,not_applicable,Identity method: none. UDI assessment: no_exact_result. Manufacturer finding: not_searched. Completed or permitted searches did not establish enough exact current-status evidence; no result is not a discontinuation finding.,"Is there a current official U.S. product page, labeling document, or discontinuation notice for this exact identifier?",keep_hidden_insufficient_evidence,https://us.erbe-med.com/fileadmin/user_upload/documents/PDF/Catalogs/complete_Catalogs/85100-100_EN_Product-catalog.pdf|https://api.fda.gov/device/enforcement.json?search=product_description%3A%2220192-101%22&limit=100|https://api.fda.gov/device/recall.json?search=product_description%3A%2220192-101%22&limit=100,false
PRD-95C0E7E548,Thoracent / M.I.Tech,Bonastent Tracheobronchial Stent,BTB-202009,,insufficient_evidence,low,none,no_exact_result,no_result,not_found,not_searched,,searched,no_exact_action_found,unknown,,not_applicable,Identity method: none. UDI assessment: no_exact_result. Manufacturer finding: not_searched. Completed or permitted searches did not establish enough exact current-status evidence; no result is not a discontinuation finding.,"Is there a current official U.S. product page, labeling document, or discontinuation notice for this exact identifier?",keep_hidden_insufficient_evidence,https://api.fda.gov/device/enforcement.json?search=product_description%3A%22BTB-202009%22&limit=100|https://api.fda.gov/device/recall.json?search=product_description%3A%22BTB-202009%22&limit=100,false
PRD-9610100EDA,Pinnacle Biologics,"OPTIGUIDE Fiber Optic Diffuser, 2.5 cm",,,insufficient_evidence,low,none,no_exact_result,no_result,not_found,not_searched,,not_searched,unknown,unknown,,not_applicable,Identity method: none. UDI assessment: no_exact_result. Manufacturer finding: not_searched. Completed or permitted searches did not establish enough exact current-status evidence; no result is not a discontinuation finding.,"Is there a current official U.S. product page, labeling document, or discontinuation notice for this exact identifier?",keep_hidden_insufficient_evidence,,false
PRD-963930CE88,Thoracent / M.I.Tech,Bonastent Tracheobronchial Stent,BTB-206009,,insufficient_evidence,low,none,no_exact_result,no_result,not_found,not_searched,,searched,no_exact_action_found,unknown,,not_applicable,Identity method: none. UDI assessment: no_exact_result. Manufacturer finding: not_searched. Completed or permitted searches did not establish enough exact current-status evidence; no result is not a discontinuation finding.,"Is there a current official U.S. product page, labeling document, or discontinuation notice for this exact identifier?",keep_hidden_insufficient_evidence,https://api.fda.gov/device/enforcement.json?search=product_description%3A%22BTB-206009%22&limit=100|https://api.fda.gov/device/recall.json?search=product_description%3A%22BTB-206009%22&limit=100,false
PRD-96993E6593,Richard Wolf,"Endobronchial Resector, Curved Smooth",825610446,,insufficient_evidence,low,none,no_exact_result,no_result,not_found,current_non_us,,searched,no_exact_action_found,unknown,,not_applicable,Identity method: none. UDI assessment: no_exact_result. Manufacturer finding: current_non_us. Completed or permitted searches did not establish enough exact current-status evidence; no result is not a discontinuation finding.,"Does the exact current global manufacturer listing apply to the United States despite the ended UDI evidence?|Is there a current official U.S. product page, labeling document, or discontinuation notice for this exact identifier?",keep_hidden_insufficient_evidence,https://www.richard-wolf.com/mam/data/Typo3/Kataloge/Broncho-_Thorako-_Mediastinoskopie/Thorakale_Endoskopie_en.pdf|https://api.fda.gov/device/enforcement.json?search=product_description%3A%22825610446%22&limit=100|https://api.fda.gov/device/recall.json?search=product_description%3A%22825610446%22&limit=100,false
PRD-972FD7E1D0,Boston Scientific,EXALT Model B Slim,M00542711,,insufficient_evidence,low,none,no_exact_result,no_result,not_found,not_searched,,searched,no_exact_action_found,unknown,,not_applicable,Identity method: none. UDI assessment: no_exact_result. Manufacturer finding: not_searched. Completed or permitted searches did not establish enough exact current-status evidence; no result is not a discontinuation finding.,"Is there a current official U.S. product page, labeling document, or discontinuation notice for this exact identifier?",keep_hidden_insufficient_evidence,https://api.fda.gov/device/enforcement.json?search=product_description%3A%22M00542711%22&limit=100|https://api.fda.gov/device/recall.json?search=product_description%3A%22M00542711%22&limit=100,false
PRD-985ACD0324,Richard Wolf,Clamping Attachment,8290020,,insufficient_evidence,low,none,no_exact_result,no_result,not_found,current_non_us,,searched,no_exact_action_found,unknown,,not_applicable,Identity method: none. UDI assessment: no_exact_result. Manufacturer finding: current_non_us. Completed or permitted searches did not establish enough exact current-status evidence; no result is not a discontinuation finding.,"Does the exact current global manufacturer listing apply to the United States despite the ended UDI evidence?|Is there a current official U.S. product page, labeling document, or discontinuation notice for this exact identifier?",keep_hidden_insufficient_evidence,https://www.richard-wolf.com/mam/data/Typo3/Kataloge/Broncho-_Thorako-_Mediastinoskopie/Thorakale_Endoskopie_en.pdf|https://api.fda.gov/device/enforcement.json?search=product_description%3A%228290020%22&limit=100|https://api.fda.gov/device/recall.json?search=product_description%3A%228290020%22&limit=100,false
PRD-993274DBA5,Richard Wolf,Sealing Cap with Monitoring Window,8205.12,,insufficient_evidence,low,none,no_exact_result,no_result,not_found,current_non_us,,searched,no_exact_action_found,unknown,,not_applicable,Identity method: none. UDI assessment: no_exact_result. Manufacturer finding: current_non_us. Completed or permitted searches did not establish enough exact current-status evidence; no result is not a discontinuation finding.,"Does the exact current global manufacturer listing apply to the United States despite the ended UDI evidence?|Is there a current official U.S. product page, labeling document, or discontinuation notice for this exact identifier?",keep_hidden_insufficient_evidence,https://www.richard-wolf.com/mam/data/Typo3/Kataloge/Broncho-_Thorako-_Mediastinoskopie/Thorakale_Endoskopie_en.pdf|https://api.fda.gov/device/enforcement.json?search=product_description%3A%228205.12%22&limit=100|https://api.fda.gov/device/recall.json?search=product_description%3A%228205.12%22&limit=100,false
PRD-99494D8DD0,ERBE,FiAPC Probe 3000 A,20132-226,,insufficient_evidence,low,none,no_exact_result,no_result,not_found,not_searched,,searched,no_exact_action_found,unknown,,not_applicable,Identity method: none. UDI assessment: no_exact_result. Manufacturer finding: not_searched. Completed or permitted searches did not establish enough exact current-status evidence; no result is not a discontinuation finding.,"Is there a current official U.S. product page, labeling document, or discontinuation notice for this exact identifier?",keep_hidden_insufficient_evidence,https://us.erbe-med.com/fileadmin/user_upload/documents/PDF/Catalogs/complete_Catalogs/85100-100_EN_Product-catalog.pdf|https://api.fda.gov/device/enforcement.json?search=product_description%3A%2220132-226%22&limit=100|https://api.fda.gov/device/recall.json?search=product_description%3A%2220132-226%22&limit=100,false
PRD-99BC8714FF,Karl Storz,"Bronchial Atomizer, 50 cm",10452A,,insufficient_evidence,low,none,no_exact_result,no_result,not_found,no_result,,searched,no_exact_action_found,unknown,,not_applicable,Identity method: none. UDI assessment: no_exact_result. Manufacturer finding: no_result. Completed or permitted searches did not establish enough exact current-status evidence; no result is not a discontinuation finding.,"Is there a current official U.S. product page, labeling document, or discontinuation notice for this exact identifier?",keep_hidden_insufficient_evidence,https://www.karlstorz.com/us/en/thoracic-surgery-and-pulmonology.htm|https://api.fda.gov/device/enforcement.json?search=product_description%3A%2210452+A%22&limit=100|https://api.fda.gov/device/recall.json?search=product_description%3A%2210452+A%22&limit=100,false
PRD-99F825C44F,Karl Storz,"Universal Bronchoscope Tube, Proximal Illumination, Size 7.5",10318CP,,insufficient_evidence,low,exact_manufacturer_model_number,all_exact_configurations_active,search_incomplete,not_found,no_result,,searched,no_exact_action_found,unknown,,not_applicable,Identity method: exact_manufacturer_model_number. UDI assessment: all_exact_configurations_active. Manufacturer finding: no_result. Completed or permitted searches did not establish enough exact current-status evidence; no result is not a discontinuation finding.,"Is there a current official U.S. product page, labeling document, or discontinuation notice for this exact identifier?",keep_hidden_insufficient_evidence,https://www.karlstorz.com/us/en/thoracic-surgery-and-pulmonology.htm|https://api.fda.gov/device/udi.json?search=version_or_model_number%3A%2210318CP%22&limit=100|https://api.fda.gov/device/udi.json?search=identifiers.id%3A%2204048551045633%22&limit=100|https://api.fda.gov/device/classification.json?search=product_code%3A%22EOQ%22&limit=100|https://api.fda.gov/device/registrationlisting.json?search=products.product_code%3A%22EOQ%22&limit=100|https://api.fda.gov/device/enforcement.json?search=product_description%3A%2210318+CP%22&limit=100|https://api.fda.gov/device/enforcement.json?search=code_info%3A%2204048551045633%22&limit=100|https://api.fda.gov/device/recall.json?search=code_info%3A%2204048551045633%22&limit=100|https://api.fda.gov/device/recall.json?search=product_description%3A%2210318+CP%22&limit=100,false
PRD-9A5C5FEF7D,Karl Storz,Alligator Forceps,10372HL,,insufficient_evidence,low,exact_manufacturer_catalog_number,all_exact_configurations_active,search_incomplete,not_found,no_result,,searched,no_exact_action_found,unknown,,not_applicable,Identity method: exact_manufacturer_catalog_number. UDI assessment: all_exact_configurations_active. Manufacturer finding: no_result. Completed or permitted searches did not establish enough exact current-status evidence; no result is not a discontinuation finding.,"Is there a current official U.S. product page, labeling document, or discontinuation notice for this exact identifier?",keep_hidden_insufficient_evidence,https://www.karlstorz.com/us/en/thoracic-surgery-and-pulmonology.htm|https://api.fda.gov/device/udi.json?search=version_or_model_number%3A%2210372HL%22&limit=100|https://api.fda.gov/device/udi.json?search=catalog_number%3A%2210372HL%22&limit=100|https://api.fda.gov/device/udi.json?search=identifiers.id%3A%2204048551047439%22&limit=100|https://api.fda.gov/device/classification.json?search=product_code%3A%22EOQ%22&limit=100|https://api.fda.gov/device/registrationlisting.json?search=products.product_code%3A%22EOQ%22&limit=100|https://api.fda.gov/device/enforcement.json?search=code_info%3A%2204048551047439%22&limit=100|https://api.fda.gov/device/enforcement.json?search=product_description%3A%2210372+HL%22&limit=100|https://api.fda.gov/device/recall.json?search=product_description%3A%2210372+HL%22&limit=100|https://api.fda.gov/device/recall.json?search=code_info%3A%2204048551047439%22&limit=100,false
PRD-9AE343BC8D,ERBE,CO2 Gas Bottle Adapter E,20410-003,,insufficient_evidence,low,none,no_exact_result,no_result,not_found,no_result,,searched,no_exact_action_found,unknown,,not_applicable,Identity method: none. UDI assessment: no_exact_result. Manufacturer finding: no_result. Completed or permitted searches did not establish enough exact current-status evidence; no result is not a discontinuation finding.,"Is there a current official U.S. product page, labeling document, or discontinuation notice for this exact identifier?",keep_hidden_insufficient_evidence,https://us.erbe-med.com/fileadmin/user_upload/documents/PDF/USA/MKT-5074_ERBECRYO-2_2023-06.pdf|https://api.fda.gov/device/enforcement.json?search=product_description%3A%2220410-003%22&limit=100|https://api.fda.gov/device/recall.json?search=product_description%3A%2220410-003%22&limit=100,false
PRD-9BAC333008,Thoracent / M.I.Tech,Bonastent Tracheobronchial Stent,BTB-207009,,insufficient_evidence,low,none,no_exact_result,no_result,not_found,not_searched,,searched,no_exact_action_found,unknown,,not_applicable,Identity method: none. UDI assessment: no_exact_result. Manufacturer finding: not_searched. Completed or permitted searches did not establish enough exact current-status evidence; no result is not a discontinuation finding.,"Is there a current official U.S. product page, labeling document, or discontinuation notice for this exact identifier?",keep_hidden_insufficient_evidence,https://api.fda.gov/device/enforcement.json?search=product_description%3A%22BTB-207009%22&limit=100|https://api.fda.gov/device/recall.json?search=product_description%3A%22BTB-207009%22&limit=100,false
PRD-9BBDA8D7D6,Thoracent / M.I.Tech,Bonastent Tracheobronchial Stent,BTB-164009,,insufficient_evidence,low,none,no_exact_result,no_result,not_found,not_searched,,searched,no_exact_action_found,unknown,,not_applicable,Identity method: none. UDI assessment: no_exact_result. Manufacturer finding: not_searched. Completed or permitted searches did not establish enough exact current-status evidence; no result is not a discontinuation finding.,"Is there a current official U.S. product page, labeling document, or discontinuation notice for this exact identifier?",keep_hidden_insufficient_evidence,https://api.fda.gov/device/enforcement.json?search=product_description%3A%22BTB-164009%22&limit=100|https://api.fda.gov/device/recall.json?search=product_description%3A%22BTB-164009%22&limit=100,false
PRD-9C53328A79,Thoracent / M.I.Tech,Bonastent Tracheobronchial Stent,BTB-204009,,insufficient_evidence,low,none,no_exact_result,no_result,not_found,not_searched,,searched,no_exact_action_found,unknown,,not_applicable,Identity method: none. UDI assessment: no_exact_result. Manufacturer finding: not_searched. Completed or permitted searches did not establish enough exact current-status evidence; no result is not a discontinuation finding.,"Is there a current official U.S. product page, labeling document, or discontinuation notice for this exact identifier?",keep_hidden_insufficient_evidence,https://api.fda.gov/device/enforcement.json?search=product_description%3A%22BTB-204009%22&limit=100|https://api.fda.gov/device/recall.json?search=product_description%3A%22BTB-204009%22&limit=100,false
PRD-9CE203EA1C,Novatech,GSS BD Bronchial Stent,01BD1040,,insufficient_evidence,low,none,no_exact_result,no_result,not_found,not_searched,,searched,no_exact_action_found,unknown,,not_applicable,Identity method: none. UDI assessment: no_exact_result. Manufacturer finding: not_searched. Completed or permitted searches did not establish enough exact current-status evidence; no result is not a discontinuation finding.,"Is there a current official U.S. product page, labeling document, or discontinuation notice for this exact identifier?",keep_hidden_insufficient_evidence,https://api.fda.gov/device/enforcement.json?search=product_description%3A%2201BD1040%22&limit=100|https://api.fda.gov/device/recall.json?search=product_description%3A%2201BD1040%22&limit=100,false
PRD-9DA3B7C48B,ERBE,"Pressure Reducer without Sensor for APC 300, ISO 5145 No. 4",20132-078,,insufficient_evidence,low,none,no_exact_result,no_result,not_found,not_searched,,searched,no_exact_action_found,unknown,,not_applicable,Identity method: none. UDI assessment: no_exact_result. Manufacturer finding: not_searched. Completed or permitted searches did not establish enough exact current-status evidence; no result is not a discontinuation finding.,"Is there a current official U.S. product page, labeling document, or discontinuation notice for this exact identifier?",keep_hidden_insufficient_evidence,https://us.erbe-med.com/fileadmin/user_upload/documents/PDF/Catalogs/complete_Catalogs/85100-100_EN_Product-catalog.pdf|https://api.fda.gov/device/enforcement.json?search=product_description%3A%2220132-078%22&limit=100|https://api.fda.gov/device/recall.json?search=product_description%3A%2220132-078%22&limit=100,false
PRD-9DCC51E06A,Thoracent / M.I.Tech,Bonastent Tracheobronchial Stent,BTB-205009,,insufficient_evidence,low,none,no_exact_result,no_result,not_found,not_searched,,searched,no_exact_action_found,unknown,,not_applicable,Identity method: none. UDI assessment: no_exact_result. Manufacturer finding: not_searched. Completed or permitted searches did not establish enough exact current-status evidence; no result is not a discontinuation finding.,"Is there a current official U.S. product page, labeling document, or discontinuation notice for this exact identifier?",keep_hidden_insufficient_evidence,https://api.fda.gov/device/enforcement.json?search=product_description%3A%22BTB-205009%22&limit=100|https://api.fda.gov/device/recall.json?search=product_description%3A%22BTB-205009%22&limit=100,false
PRD-9DCC5EC86C,ERBE,"Bipolar Connecting Cable, International 2-Pin 22 mm, 4 m",20196-053,,insufficient_evidence,low,none,no_exact_result,no_result,not_found,not_searched,,searched,no_exact_action_found,unknown,,not_applicable,Identity method: none. UDI assessment: no_exact_result. Manufacturer finding: not_searched. Completed or permitted searches did not establish enough exact current-status evidence; no result is not a discontinuation finding.,"Is there a current official U.S. product page, labeling document, or discontinuation notice for this exact identifier?",keep_hidden_insufficient_evidence,https://us.erbe-med.com/fileadmin/user_upload/documents/PDF/Catalogs/complete_Catalogs/85100-100_EN_Product-catalog.pdf|https://api.fda.gov/device/enforcement.json?search=product_description%3A%2220196-053%22&limit=100|https://api.fda.gov/device/recall.json?search=product_description%3A%2220196-053%22&limit=100,false
PRD-9E24CD4C73,FUJIFILM SonoSite,SonoSite L19-5 Transducer,L19-5,,insufficient_evidence,low,none,no_exact_result,no_result,not_found,not_searched,,not_searched,unknown,unknown,,not_applicable,Identity method: none. UDI assessment: no_exact_result. Manufacturer finding: not_searched. Completed or permitted searches did not establish enough exact current-status evidence; no result is not a discontinuation finding.,"Is there a current official U.S. product page, labeling document, or discontinuation notice for this exact identifier?",keep_hidden_insufficient_evidence,https://www.sonosite.com/sites/default/files/Sonosite_LX_product_brochure_MKT03597_US_rev_C.pdf|https://www.sonosite.com/products/sonosite-px,false
PRD-9E7BDDB1CC,Karl Storz,Adapter for 5 Fr Suction Catheter,10479F,,insufficient_evidence,low,exact_manufacturer_model_number,all_exact_configurations_active,search_incomplete,not_found,no_result,,searched,no_exact_action_found,unknown,,not_applicable,Identity method: exact_manufacturer_model_number. UDI assessment: all_exact_configurations_active. Manufacturer finding: no_result. Completed or permitted searches did not establish enough exact current-status evidence; no result is not a discontinuation finding.,"Is there a current official U.S. product page, labeling document, or discontinuation notice for this exact identifier?",keep_hidden_insufficient_evidence,https://www.karlstorz.com/us/en/thoracic-surgery-and-pulmonology.htm|https://api.fda.gov/device/udi.json?search=version_or_model_number%3A%2210479F%22&limit=100|https://api.fda.gov/device/udi.json?search=identifiers.id%3A%2204048551048900%22&limit=100|https://api.fda.gov/device/classification.json?search=product_code%3A%22EOQ%22&limit=100|https://api.fda.gov/device/registrationlisting.json?search=products.product_code%3A%22EOQ%22&limit=100|https://api.fda.gov/device/enforcement.json?search=product_description%3A%2210479+F%22&limit=100|https://api.fda.gov/device/enforcement.json?search=code_info%3A%2204048551048900%22&limit=100|https://api.fda.gov/device/recall.json?search=product_description%3A%2210479+F%22&limit=100|https://api.fda.gov/device/recall.json?search=code_info%3A%2204048551048900%22&limit=100,false
PRD-9F5884AD09,Cardinal Health,Argyle Trocar Catheter – 32 Fr,8888561076,,insufficient_evidence,low,exact_manufacturer_catalog_number,all_exact_configurations_ended,search_incomplete,premarket_exempt,not_searched,,searched,no_exact_action_found,unknown,,not_applicable,Identity method: exact_manufacturer_catalog_number. UDI assessment: all_exact_configurations_ended. Manufacturer finding: not_searched. Completed or permitted searches did not establish enough exact current-status evidence; no result is not a discontinuation finding.,"Is there a current official U.S. product page, labeling document, or discontinuation notice for this exact identifier?",keep_hidden_insufficient_evidence,https://api.fda.gov/device/udi.json?search=identifiers.id%3A%2210884521050808%22&limit=100|https://api.fda.gov/device/udi.json?search=catalog_number%3A%228888561076%22&limit=100|https://api.fda.gov/device/udi.json?search=version_or_model_number%3A%228888561076%22&limit=100|https://api.fda.gov/device/udi.json?search=catalog_number%3A%228888561076%22&limit=100|https://api.fda.gov/device/udi.json?search=version_or_model_number%3A%228888561076%22&limit=100|https://api.fda.gov/device/classification.json?search=product_code%3A%22DRC%22&limit=100|https://api.fda.gov/device/registrationlisting.json?search=products.product_code%3A%22DRC%22&limit=100|https://api.fda.gov/device/enforcement.json?search=product_description%3A%228888561076%22&limit=100|https://api.fda.gov/device/enforcement.json?search=code_info%3A%2220884521050805%22&limit=100|https://api.fda.gov/device/enforcement.json?search=code_info%3A%2210884521050808%22&limit=100|https://api.fda.gov/device/enforcement.json?search=code_info%3A%2200884521029319%22&limit=100|https://api.fda.gov/device/enforcement.json?search=code_info%3A%2210884521029316%22&limit=100|https://api.fda.gov/device/recall.json?search=product_description%3A%228888561076%22&limit=100|https://api.fda.gov/device/recall.json?search=code_info%3A%2200884521029319%22&limit=100|https://api.fda.gov/device/recall.json?search=code_info%3A%2220884521050805%22&limit=100|https://api.fda.gov/device/recall.json?search=code_info%3A%2210884521029316%22&limit=100|https://api.fda.gov/device/recall.json?search=code_info%3A%2210884521050808%22&limit=100,false
PRD-A0214EBAC0,Richard Wolf,HEMER Tracheoscope Tube Bundle,8214.1241,,insufficient_evidence,low,none,no_exact_result,no_result,not_found,current_non_us,,searched,no_exact_action_found,unknown,,not_applicable,Identity method: none. UDI assessment: no_exact_result. Manufacturer finding: current_non_us. Completed or permitted searches did not establish enough exact current-status evidence; no result is not a discontinuation finding.,"Does the exact current global manufacturer listing apply to the United States despite the ended UDI evidence?|Is there a current official U.S. product page, labeling document, or discontinuation notice for this exact identifier?",keep_hidden_insufficient_evidence,https://www.richard-wolf.com/mam/data/Typo3/Kataloge/Broncho-_Thorako-_Mediastinoskopie/Thorakale_Endoskopie_en.pdf|https://api.fda.gov/device/enforcement.json?search=product_description%3A%228214.1241%22&limit=100|https://api.fda.gov/device/recall.json?search=product_description%3A%228214.1241%22&limit=100,false
PRD-A0DF0074DB,Thoracent / M.I.Tech,Bonastent Tracheobronchial Stent,BTB-124009,,insufficient_evidence,low,none,no_exact_result,no_result,not_found,not_searched,,searched,no_exact_action_found,unknown,,not_applicable,Identity method: none. UDI assessment: no_exact_result. Manufacturer finding: not_searched. Completed or permitted searches did not establish enough exact current-status evidence; no result is not a discontinuation finding.,"Is there a current official U.S. product page, labeling document, or discontinuation notice for this exact identifier?",keep_hidden_insufficient_evidence,https://api.fda.gov/device/enforcement.json?search=product_description%3A%22BTB-124009%22&limit=100|https://api.fda.gov/device/recall.json?search=product_description%3A%22BTB-124009%22&limit=100,false
PRD-A24DAA76C6,ERBE,"Bipolar Connecting Cable, Standard, 4 m, for Fixation Forceps",20196-048,,insufficient_evidence,low,none,no_exact_result,no_result,not_found,not_searched,,searched,no_exact_action_found,unknown,,not_applicable,Identity method: none. UDI assessment: no_exact_result. Manufacturer finding: not_searched. Completed or permitted searches did not establish enough exact current-status evidence; no result is not a discontinuation finding.,"Is there a current official U.S. product page, labeling document, or discontinuation notice for this exact identifier?",keep_hidden_insufficient_evidence,https://us.erbe-med.com/fileadmin/user_upload/documents/PDF/Catalogs/complete_Catalogs/85100-100_EN_Product-catalog.pdf|https://api.fda.gov/device/enforcement.json?search=product_description%3A%2220196-048%22&limit=100|https://api.fda.gov/device/recall.json?search=product_description%3A%2220196-048%22&limit=100,false
PRD-A2FCA81CFA,Karl Storz,"Foreign Body Basket, 50 cm",10386A,,insufficient_evidence,low,exact_manufacturer_catalog_number,all_exact_configurations_active,search_incomplete,not_found,no_result,,searched,no_exact_action_found,unknown,,not_applicable,Identity method: exact_manufacturer_catalog_number. UDI assessment: all_exact_configurations_active. Manufacturer finding: no_result. Completed or permitted searches did not establish enough exact current-status evidence; no result is not a discontinuation finding.,"Is there a current official U.S. product page, labeling document, or discontinuation notice for this exact identifier?",keep_hidden_insufficient_evidence,https://www.karlstorz.com/us/en/thoracic-surgery-and-pulmonology.htm|https://api.fda.gov/device/udi.json?search=identifiers.id%3A%2204048551048153%22&limit=100|https://api.fda.gov/device/udi.json?search=catalog_number%3A%2210386A%22&limit=100|https://api.fda.gov/device/udi.json?search=version_or_model_number%3A%2210386A%22&limit=100|https://api.fda.gov/device/classification.json?search=product_code%3A%22EOQ%22&limit=100|https://api.fda.gov/device/registrationlisting.json?search=products.product_code%3A%22EOQ%22&limit=100|https://api.fda.gov/device/enforcement.json?search=product_description%3A%2210386+A%22&limit=100|https://api.fda.gov/device/enforcement.json?search=code_info%3A%2204048551048153%22&limit=100|https://api.fda.gov/device/recall.json?search=product_description%3A%2210386+A%22&limit=100|https://api.fda.gov/device/recall.json?search=code_info%3A%2204048551048153%22&limit=100,false
PRD-A48A455A5E,ERBE,FiAPC Probe 1500 A,20132-220,,insufficient_evidence,low,none,no_exact_result,no_result,not_found,not_searched,,searched,no_exact_action_found,unknown,,not_applicable,Identity method: none. UDI assessment: no_exact_result. Manufacturer finding: not_searched. Completed or permitted searches did not establish enough exact current-status evidence; no result is not a discontinuation finding.,"Is there a current official U.S. product page, labeling document, or discontinuation notice for this exact identifier?",keep_hidden_insufficient_evidence,https://us.erbe-med.com/fileadmin/user_upload/documents/PDF/Catalogs/complete_Catalogs/85100-100_EN_Product-catalog.pdf|https://api.fda.gov/device/enforcement.json?search=product_description%3A%2220132-220%22&limit=100|https://api.fda.gov/device/recall.json?search=product_description%3A%2220132-220%22&limit=100,false
PRD-A504350406,Karl Storz,Glass Window Plug,10315M,,insufficient_evidence,low,exact_manufacturer_catalog_number,all_exact_configurations_active,search_incomplete,not_found,no_result,,searched,no_exact_action_found,unknown,,not_applicable,Identity method: exact_manufacturer_catalog_number. UDI assessment: all_exact_configurations_active. Manufacturer finding: no_result. Completed or permitted searches did not establish enough exact current-status evidence; no result is not a discontinuation finding.,"Is there a current official U.S. product page, labeling document, or discontinuation notice for this exact identifier?",keep_hidden_insufficient_evidence,https://www.karlstorz.com/us/en/thoracic-surgery-and-pulmonology.htm|https://api.fda.gov/device/udi.json?search=identifiers.id%3A%2204048551045503%22&limit=100|https://api.fda.gov/device/udi.json?search=version_or_model_number%3A%2210315M%22&limit=100|https://api.fda.gov/device/udi.json?search=catalog_number%3A%2210315M%22&limit=100|https://api.fda.gov/device/classification.json?search=product_code%3A%22EOQ%22&limit=100|https://api.fda.gov/device/registrationlisting.json?search=products.product_code%3A%22EOQ%22&limit=100|https://api.fda.gov/device/enforcement.json?search=product_description%3A%2210315+M%22&limit=100|https://api.fda.gov/device/enforcement.json?search=code_info%3A%2204048551045503%22&limit=100|https://api.fda.gov/device/recall.json?search=code_info%3A%2204048551045503%22&limit=100|https://api.fda.gov/device/recall.json?search=product_description%3A%2210315+M%22&limit=100,false
PRD-A5971F1DE3,Micro-Tech Endoscopy,Micro-Tech Partially covered Straight Tracheal Stent,ST02-332-14.040,,insufficient_evidence,low,none,no_exact_result,no_result,not_found,current_non_us,,searched,no_exact_action_found,unknown,,not_applicable,Identity method: none. UDI assessment: no_exact_result. Manufacturer finding: current_non_us. Completed or permitted searches did not establish enough exact current-status evidence; no result is not a discontinuation finding.,"Does the exact current global manufacturer listing apply to the United States despite the ended UDI evidence?|Is there a current official U.S. product page, labeling document, or discontinuation notice for this exact identifier?",keep_hidden_insufficient_evidence,https://www.micro-tech-medical.com/products/Tracheal-Bronchial-Stents.html|https://api.fda.gov/device/enforcement.json?search=product_description%3A%22ST02-332-14.040%22&limit=100|https://api.fda.gov/device/recall.json?search=product_description%3A%22ST02-332-14.040%22&limit=100,false
PRD-A5DD232514,Novatech,GSS Y Stent,01Y141010,,insufficient_evidence,low,none,no_exact_result,no_result,not_found,not_searched,,searched,no_exact_action_found,unknown,,not_applicable,Identity method: none. UDI assessment: no_exact_result. Manufacturer finding: not_searched. Completed or permitted searches did not establish enough exact current-status evidence; no result is not a discontinuation finding.,"Is there a current official U.S. product page, labeling document, or discontinuation notice for this exact identifier?",keep_hidden_insufficient_evidence,https://api.fda.gov/device/enforcement.json?search=product_description%3A%2201Y141010%22&limit=100|https://api.fda.gov/device/recall.json?search=product_description%3A%2201Y141010%22&limit=100,false
PRD-A5EE9A7377,FUJIFILM SonoSite,SonoSite UHF46-20 Transducer,UHF46-20,,insufficient_evidence,low,none,no_exact_result,no_result,not_found,not_searched,,searched,no_exact_action_found,unknown,,not_applicable,Identity method: none. UDI assessment: no_exact_result. Manufacturer finding: not_searched. Completed or permitted searches did not establish enough exact current-status evidence; no result is not a discontinuation finding.,"Is there a current official U.S. product page, labeling document, or discontinuation notice for this exact identifier?",keep_hidden_insufficient_evidence,https://www.sonosite.com/sites/default/files/Sonosite_LX_product_brochure_MKT03597_US_rev_C.pdf|https://api.fda.gov/device/enforcement.json?search=product_description%3A%22UHF46-20%22&limit=100|https://api.fda.gov/device/recall.json?search=product_description%3A%22UHF46-20%22&limit=100,false
PRD-A64069C0A0,Micro-Tech Endoscopy,Micro-Tech Uncovered Straight Tracheal Stent,ST02-331-16.050,,insufficient_evidence,low,none,no_exact_result,no_result,not_found,current_non_us,,searched,no_exact_action_found,unknown,,not_applicable,Identity method: none. UDI assessment: no_exact_result. Manufacturer finding: current_non_us. Completed or permitted searches did not establish enough exact current-status evidence; no result is not a discontinuation finding.,"Does the exact current global manufacturer listing apply to the United States despite the ended UDI evidence?|Is there a current official U.S. product page, labeling document, or discontinuation notice for this exact identifier?",keep_hidden_insufficient_evidence,https://www.micro-tech-medical.com/products/Tracheal-Bronchial-Stents.html|https://api.fda.gov/device/enforcement.json?search=product_description%3A%22ST02-331-16.050%22&limit=100|https://api.fda.gov/device/recall.json?search=product_description%3A%22ST02-331-16.050%22&limit=100,false
PRD-A7209784C9,Olympus,Flexible Pleuroscopy Trocar,MAJ-1058,,insufficient_evidence,low,exact_manufacturer_model_number,all_exact_configurations_active,search_incomplete,not_found,family_only_current,,searched,no_exact_action_found,unknown,,not_applicable,Identity method: exact_manufacturer_model_number. UDI assessment: all_exact_configurations_active. Manufacturer finding: family_only_current. Completed or permitted searches did not establish enough exact current-status evidence; no result is not a discontinuation finding.,"Is there a current official U.S. product page, labeling document, or discontinuation notice for this exact identifier?",keep_hidden_insufficient_evidence,https://medical.olympusamerica.com/products/evis-exera-bronchoscopy/visualization|https://api.fda.gov/device/udi.json?search=version_or_model_number%3A%22MAJ-1058%22&limit=100|https://api.fda.gov/device/udi.json?search=identifiers.id%3A%2204953170140594%22&limit=100|https://api.fda.gov/device/classification.json?search=product_code%3A%22GCJ%22&limit=100|https://api.fda.gov/device/registrationlisting.json?search=products.product_code%3A%22GCJ%22&limit=100|https://api.fda.gov/device/enforcement.json?search=code_info%3A%2284953170140590%22&limit=100|https://api.fda.gov/device/enforcement.json?search=product_description%3A%22MAJ-1058%22&limit=100|https://api.fda.gov/device/enforcement.json?search=code_info%3A%2204953170140594%22&limit=100|https://api.fda.gov/device/recall.json?search=code_info%3A%2204953170140594%22&limit=100|https://api.fda.gov/device/recall.json?search=code_info%3A%2284953170140590%22&limit=100|https://api.fda.gov/device/recall.json?search=product_description%3A%22MAJ-1058%22&limit=100,false
PRD-A9183C4F8F,Karl Storz,Optical Forceps for Peanuts/Soft Foreign Bodies,10350KF,,insufficient_evidence,low,exact_manufacturer_catalog_number,all_exact_configurations_active,search_incomplete,not_found,no_result,,searched,no_exact_action_found,unknown,,not_applicable,Identity method: exact_manufacturer_catalog_number. UDI assessment: all_exact_configurations_active. Manufacturer finding: no_result. Completed or permitted searches did not establish enough exact current-status evidence; no result is not a discontinuation finding.,"Is there a current official U.S. product page, labeling document, or discontinuation notice for this exact identifier?",keep_hidden_insufficient_evidence,https://www.karlstorz.com/us/en/thoracic-surgery-and-pulmonology.htm|https://api.fda.gov/device/udi.json?search=version_or_model_number%3A%2210350KF%22&limit=100|https://api.fda.gov/device/udi.json?search=identifiers.id%3A%2204048551046715%22&limit=100|https://api.fda.gov/device/udi.json?search=catalog_number%3A%2210350KF%22&limit=100|https://api.fda.gov/device/classification.json?search=product_code%3A%22EOQ%22&limit=100|https://api.fda.gov/device/registrationlisting.json?search=products.product_code%3A%22EOQ%22&limit=100|https://api.fda.gov/device/enforcement.json?search=product_description%3A%2210350+KF%22&limit=100|https://api.fda.gov/device/enforcement.json?search=code_info%3A%2204048551046715%22&limit=100|https://api.fda.gov/device/recall.json?search=product_description%3A%2210350+KF%22&limit=100|https://api.fda.gov/device/recall.json?search=code_info%3A%2204048551046715%22&limit=100,false
PRD-A93BE6938D,ERBE,"CO2 Gas Bottle Adapter H, Pin Index",20410-011,,insufficient_evidence,low,none,no_exact_result,no_result,not_found,exact_identity_only_not_current,,searched,no_exact_action_found,unknown,,not_applicable,Identity method: none. UDI assessment: no_exact_result. Manufacturer finding: exact_identity_only_not_current. Completed or permitted searches did not establish enough exact current-status evidence; no result is not a discontinuation finding.,"Is there a current official U.S. product page, labeling document, or discontinuation notice for this exact identifier?",keep_hidden_insufficient_evidence,https://us.erbe-med.com/fileadmin/user_upload/documents/PDF/USA/MKT-5074_ERBECRYO-2_2023-06.pdf|https://api.fda.gov/device/enforcement.json?search=product_description%3A%2220410-011%22&limit=100|https://api.fda.gov/device/recall.json?search=product_description%3A%2220410-011%22&limit=100,false
PRD-AACBA3F0AD,Olympus,UCR CO2 Regulation Unit,UCR,,insufficient_evidence,low,none,no_exact_result,no_result,not_found,current_exact_official_us_product,,not_searched,unknown,unknown,,not_applicable,Identity method: none. UDI assessment: no_exact_result. Manufacturer finding: current_exact_official_us_product. Completed or permitted searches did not establish enough exact current-status evidence; no result is not a discontinuation finding.,"Is there a current official U.S. product page, labeling document, or discontinuation notice for this exact identifier?",keep_hidden_insufficient_evidence,https://content.medical.olympusamerica.com/products/accessory-solutions,false
PRD-ABB6EC1153,Karl Storz,Malleable Round Spoon Biopsy Forceps,10370M,,insufficient_evidence,low,exact_manufacturer_catalog_number,all_exact_configurations_active,search_incomplete,not_found,no_result,,searched,no_exact_action_found,unknown,,not_applicable,Identity method: exact_manufacturer_catalog_number. UDI assessment: all_exact_configurations_active. Manufacturer finding: no_result. Completed or permitted searches did not establish enough exact current-status evidence; no result is not a discontinuation finding.,"Is there a current official U.S. product page, labeling document, or discontinuation notice for this exact identifier?",keep_hidden_insufficient_evidence,https://www.karlstorz.com/us/en/thoracic-surgery-and-pulmonology.htm|https://api.fda.gov/device/udi.json?search=identifiers.id%3A%2204048551047187%22&limit=100|https://api.fda.gov/device/udi.json?search=catalog_number%3A%2210370M%22&limit=100|https://api.fda.gov/device/udi.json?search=version_or_model_number%3A%2210370M%22&limit=100|https://api.fda.gov/device/classification.json?search=product_code%3A%22EOQ%22&limit=100|https://api.fda.gov/device/registrationlisting.json?search=products.product_code%3A%22EOQ%22&limit=100|https://api.fda.gov/device/enforcement.json?search=product_description%3A%2210370+M%22&limit=100|https://api.fda.gov/device/enforcement.json?search=code_info%3A%2204048551047187%22&limit=100|https://api.fda.gov/device/recall.json?search=code_info%3A%2204048551047187%22&limit=100|https://api.fda.gov/device/recall.json?search=product_description%3A%2210370+M%22&limit=100,false
PRD-AC1E0D8CCC,Karl Storz,Pointed Serrated Forceps for Coins/Flat Bodies,10371J,,insufficient_evidence,low,exact_manufacturer_catalog_number,all_exact_configurations_active,search_incomplete,not_found,no_result,,searched,no_exact_action_found,unknown,,not_applicable,Identity method: exact_manufacturer_catalog_number. UDI assessment: all_exact_configurations_active. Manufacturer finding: no_result. Completed or permitted searches did not establish enough exact current-status evidence; no result is not a discontinuation finding.,"Is there a current official U.S. product page, labeling document, or discontinuation notice for this exact identifier?",keep_hidden_insufficient_evidence,https://www.karlstorz.com/us/en/thoracic-surgery-and-pulmonology.htm|https://api.fda.gov/device/udi.json?search=identifiers.id%3A%2204048551047309%22&limit=100|https://api.fda.gov/device/udi.json?search=catalog_number%3A%2210371J%22&limit=100|https://api.fda.gov/device/udi.json?search=version_or_model_number%3A%2210371J%22&limit=100|https://api.fda.gov/device/classification.json?search=product_code%3A%22EOQ%22&limit=100|https://api.fda.gov/device/registrationlisting.json?search=products.product_code%3A%22EOQ%22&limit=100|https://api.fda.gov/device/enforcement.json?search=product_description%3A%2210371+J%22&limit=100|https://api.fda.gov/device/enforcement.json?search=code_info%3A%2204048551047309%22&limit=100|https://api.fda.gov/device/recall.json?search=product_description%3A%2210371+J%22&limit=100|https://api.fda.gov/device/recall.json?search=code_info%3A%2204048551047309%22&limit=100,false
PRD-AC9CC6E8A4,Richard Wolf,TEXAS Proximal Illumination Head System,825101200,,insufficient_evidence,low,none,no_exact_result,no_result,not_found,current_non_us,,searched,no_exact_action_found,unknown,,not_applicable,Identity method: none. UDI assessment: no_exact_result. Manufacturer finding: current_non_us. Completed or permitted searches did not establish enough exact current-status evidence; no result is not a discontinuation finding.,"Does the exact current global manufacturer listing apply to the United States despite the ended UDI evidence?|Is there a current official U.S. product page, labeling document, or discontinuation notice for this exact identifier?",keep_hidden_insufficient_evidence,https://www.richard-wolf.com/mam/data/Typo3/Kataloge/Broncho-_Thorako-_Mediastinoskopie/Thorakale_Endoskopie_en.pdf|https://api.fda.gov/device/enforcement.json?search=product_description%3A%22825101200%22&limit=100|https://api.fda.gov/device/recall.json?search=product_description%3A%22825101200%22&limit=100,false
PRD-ADAEAEFCA8,Olympus,Pleura Videoscope,LTF-H290,,insufficient_evidence,low,none,no_exact_result,no_result,not_found,family_only_current,,searched,no_exact_action_found,unknown,,not_applicable,Identity method: none. UDI assessment: no_exact_result. Manufacturer finding: family_only_current. Completed or permitted searches did not establish enough exact current-status evidence; no result is not a discontinuation finding.,"Is there a current official U.S. product page, labeling document, or discontinuation notice for this exact identifier?",keep_hidden_insufficient_evidence,https://medical.olympusamerica.com/products/evis-exera-bronchoscopy/visualization|https://api.fda.gov/device/enforcement.json?search=product_description%3A%22LTF-H290%22&limit=100|https://api.fda.gov/device/recall.json?search=product_description%3A%22LTF-H290%22&limit=100,false
PRD-AE9BC99FAA,Olympus,EVIS EXERA III Video System Center,CV-190,,insufficient_evidence,low,none,no_exact_result,no_result,not_found,current_exact_official_us_product,,searched,active_exact_product_action,lot_specific,Z-0056-2025,not_applicable,Identity method: none. UDI assessment: no_exact_result. Manufacturer finding: current_exact_official_us_product. Completed or permitted searches did not establish enough exact current-status evidence; no result is not a discontinuation finding.,"Is there a current official U.S. product page, labeling document, or discontinuation notice for this exact identifier?",keep_hidden_insufficient_evidence,https://medical.olympusamerica.com/products/evis-exera-bronchoscopy/visualization|https://api.fda.gov/device/enforcement.json?search=product_description%3A%22CV-190%22&limit=100|https://api.fda.gov/device/recall.json?search=product_description%3A%22CV-190%22&limit=100,false
PRD-AEB8017EDB,Richard Wolf,Jet Ventilation Respiration Adapter,8238.5021,,insufficient_evidence,low,none,no_exact_result,no_result,not_found,current_non_us,,searched,no_exact_action_found,unknown,,not_applicable,Identity method: none. UDI assessment: no_exact_result. Manufacturer finding: current_non_us. Completed or permitted searches did not establish enough exact current-status evidence; no result is not a discontinuation finding.,"Does the exact current global manufacturer listing apply to the United States despite the ended UDI evidence?|Is there a current official U.S. product page, labeling document, or discontinuation notice for this exact identifier?",keep_hidden_insufficient_evidence,https://www.richard-wolf.com/mam/data/Typo3/Kataloge/Broncho-_Thorako-_Mediastinoskopie/Thorakale_Endoskopie_en.pdf|https://api.fda.gov/device/enforcement.json?search=product_description%3A%228238.5021%22&limit=100|https://api.fda.gov/device/recall.json?search=product_description%3A%228238.5021%22&limit=100,false
PRD-AEEAFB2957,Micro-Tech / Thoracent,Trident EBUS FNB Nitinol Needle,BU49241,,insufficient_evidence,low,none,no_exact_result,no_result,not_found,not_searched,,searched,no_exact_action_found,unknown,,not_applicable,Identity method: none. UDI assessment: no_exact_result. Manufacturer finding: not_searched. Completed or permitted searches did not establish enough exact current-status evidence; no result is not a discontinuation finding.,"Is there a current official U.S. product page, labeling document, or discontinuation notice for this exact identifier?",keep_hidden_insufficient_evidence,https://api.fda.gov/device/enforcement.json?search=product_description%3A%22BU49241%22&limit=100|https://api.fda.gov/device/recall.json?search=product_description%3A%22BU49241%22&limit=100,false
PRD-AF3652245F,Richard Wolf,"Spoon Forceps, Smooth",8280.44,,insufficient_evidence,low,none,no_exact_result,no_result,not_found,current_non_us,,searched,no_exact_action_found,unknown,,not_applicable,Identity method: none. UDI assessment: no_exact_result. Manufacturer finding: current_non_us. Completed or permitted searches did not establish enough exact current-status evidence; no result is not a discontinuation finding.,"Does the exact current global manufacturer listing apply to the United States despite the ended UDI evidence?|Is there a current official U.S. product page, labeling document, or discontinuation notice for this exact identifier?",keep_hidden_insufficient_evidence,https://www.richard-wolf.com/mam/data/Typo3/Kataloge/Broncho-_Thorako-_Mediastinoskopie/Thorakale_Endoskopie_en.pdf|https://api.fda.gov/device/enforcement.json?search=product_description%3A%228280.44%22&limit=100|https://api.fda.gov/device/recall.json?search=product_description%3A%228280.44%22&limit=100,false
PRD-AF93E56FE5,Karl Storz,FLUVOG Adapter,10314P,,insufficient_evidence,low,exact_manufacturer_catalog_number,all_exact_configurations_active,search_incomplete,not_found,no_result,,searched,no_exact_action_found,unknown,,not_applicable,Identity method: exact_manufacturer_catalog_number. UDI assessment: all_exact_configurations_active. Manufacturer finding: no_result. Completed or permitted searches did not establish enough exact current-status evidence; no result is not a discontinuation finding.,"Is there a current official U.S. product page, labeling document, or discontinuation notice for this exact identifier?",keep_hidden_insufficient_evidence,https://www.karlstorz.com/us/en/thoracic-surgery-and-pulmonology.htm|https://api.fda.gov/device/udi.json?search=version_or_model_number%3A%2210314P%22&limit=100|https://api.fda.gov/device/udi.json?search=catalog_number%3A%2210314P%22&limit=100|https://api.fda.gov/device/udi.json?search=identifiers.id%3A%2204048551045480%22&limit=100|https://api.fda.gov/device/classification.json?search=product_code%3A%22EOQ%22&limit=100|https://api.fda.gov/device/registrationlisting.json?search=products.product_code%3A%22EOQ%22&limit=100|https://api.fda.gov/device/enforcement.json?search=product_description%3A%2210314+P%22&limit=100|https://api.fda.gov/device/enforcement.json?search=code_info%3A%2204048551045480%22&limit=100|https://api.fda.gov/device/recall.json?search=product_description%3A%2210314+P%22&limit=100|https://api.fda.gov/device/recall.json?search=code_info%3A%2204048551045480%22&limit=100,false
PRD-B05D337994,Karl Storz,Glass Window Plug,10314BM,,insufficient_evidence,low,exact_manufacturer_catalog_number,all_exact_configurations_active,search_incomplete,not_found,no_result,,searched,no_exact_action_found,unknown,,not_applicable,Identity method: exact_manufacturer_catalog_number. UDI assessment: all_exact_configurations_active. Manufacturer finding: no_result. Completed or permitted searches did not establish enough exact current-status evidence; no result is not a discontinuation finding.,"Is there a current official U.S. product page, labeling document, or discontinuation notice for this exact identifier?",keep_hidden_insufficient_evidence,https://www.karlstorz.com/us/en/thoracic-surgery-and-pulmonology.htm|https://api.fda.gov/device/udi.json?search=identifiers.id%3A%2204048551045473%22&limit=100|https://api.fda.gov/device/udi.json?search=version_or_model_number%3A%2210314BM%22&limit=100|https://api.fda.gov/device/udi.json?search=catalog_number%3A%2210314BM%22&limit=100|https://api.fda.gov/device/classification.json?search=product_code%3A%22EOQ%22&limit=100|https://api.fda.gov/device/registrationlisting.json?search=products.product_code%3A%22EOQ%22&limit=100|https://api.fda.gov/device/enforcement.json?search=code_info%3A%2204048551045473%22&limit=100|https://api.fda.gov/device/enforcement.json?search=product_description%3A%2210314+BM%22&limit=100|https://api.fda.gov/device/recall.json?search=code_info%3A%2204048551045473%22&limit=100|https://api.fda.gov/device/recall.json?search=product_description%3A%2210314+BM%22&limit=100,false
PRD-B12CE929DE,LISA Laser Products,"RigiFib-SU Single-Use Laser Fibre, 550 µm",101 503 289,,insufficient_evidence,low,none,no_exact_result,no_result,not_found,not_searched,,searched,no_exact_action_found,unknown,,not_applicable,Identity method: none. UDI assessment: no_exact_result. Manufacturer finding: not_searched. Completed or permitted searches did not establish enough exact current-status evidence; no result is not a discontinuation finding.,"Is there a current official U.S. product page, labeling document, or discontinuation notice for this exact identifier?",keep_hidden_insufficient_evidence,https://api.fda.gov/device/enforcement.json?search=product_description%3A%22101+503+289%22&limit=100|https://api.fda.gov/device/recall.json?search=product_description%3A%22101+503+289%22&limit=100,false
PRD-B20E716435,Micro-Tech Endoscopy,Micro-Tech Partially covered Straight Tracheal Stent,ST02-332-14.060,,insufficient_evidence,low,none,no_exact_result,no_result,not_found,current_non_us,,searched,no_exact_action_found,unknown,,not_applicable,Identity method: none. UDI assessment: no_exact_result. Manufacturer finding: current_non_us. Completed or permitted searches did not establish enough exact current-status evidence; no result is not a discontinuation finding.,"Does the exact current global manufacturer listing apply to the United States despite the ended UDI evidence?|Is there a current official U.S. product page, labeling document, or discontinuation notice for this exact identifier?",keep_hidden_insufficient_evidence,https://www.micro-tech-medical.com/products/Tracheal-Bronchial-Stents.html|https://api.fda.gov/device/enforcement.json?search=product_description%3A%22ST02-332-14.060%22&limit=100|https://api.fda.gov/device/recall.json?search=product_description%3A%22ST02-332-14.060%22&limit=100,false
PRD-B21BCEFB54,ERBE,"Argon Gas Cylinder, 5 L, 200 bar, Filled",20132-004,,insufficient_evidence,low,none,no_exact_result,no_result,not_found,not_searched,,searched,no_exact_action_found,unknown,,not_applicable,Identity method: none. UDI assessment: no_exact_result. Manufacturer finding: not_searched. Completed or permitted searches did not establish enough exact current-status evidence; no result is not a discontinuation finding.,"Is there a current official U.S. product page, labeling document, or discontinuation notice for this exact identifier?",keep_hidden_insufficient_evidence,https://us.erbe-med.com/fileadmin/user_upload/documents/PDF/Catalogs/complete_Catalogs/85100-100_EN_Product-catalog.pdf|https://api.fda.gov/device/enforcement.json?search=product_description%3A%2220132-004%22&limit=100|https://api.fda.gov/device/recall.json?search=product_description%3A%2220132-004%22&limit=100,false
PRD-B4CA5FDE98,Karl Storz,Pointed Serrated Forceps for Coins/Flat Bodies,10370J,,insufficient_evidence,low,exact_manufacturer_catalog_number,all_exact_configurations_active,search_incomplete,not_found,no_result,,searched,no_exact_action_found,unknown,,not_applicable,Identity method: exact_manufacturer_catalog_number. UDI assessment: all_exact_configurations_active. Manufacturer finding: no_result. Completed or permitted searches did not establish enough exact current-status evidence; no result is not a discontinuation finding.,"Is there a current official U.S. product page, labeling document, or discontinuation notice for this exact identifier?",keep_hidden_insufficient_evidence,https://www.karlstorz.com/us/en/thoracic-surgery-and-pulmonology.htm|https://api.fda.gov/device/udi.json?search=catalog_number%3A%2210370J%22&limit=100|https://api.fda.gov/device/udi.json?search=identifiers.id%3A%2204048551047095%22&limit=100|https://api.fda.gov/device/udi.json?search=version_or_model_number%3A%2210370J%22&limit=100|https://api.fda.gov/device/classification.json?search=product_code%3A%22EOQ%22&limit=100|https://api.fda.gov/device/registrationlisting.json?search=products.product_code%3A%22EOQ%22&limit=100|https://api.fda.gov/device/enforcement.json?search=product_description%3A%2210370+J%22&limit=100|https://api.fda.gov/device/enforcement.json?search=code_info%3A%2204048551047095%22&limit=100|https://api.fda.gov/device/recall.json?search=product_description%3A%2210370+J%22&limit=100|https://api.fda.gov/device/recall.json?search=code_info%3A%2204048551047095%22&limit=100,false
PRD-B4FCC0198A,Richard Wolf,HEMER Bronchoscope Tube Bundle,8214.0741,,insufficient_evidence,low,none,no_exact_result,no_result,not_found,current_non_us,,searched,no_exact_action_found,unknown,,not_applicable,Identity method: none. UDI assessment: no_exact_result. Manufacturer finding: current_non_us. Completed or permitted searches did not establish enough exact current-status evidence; no result is not a discontinuation finding.,"Does the exact current global manufacturer listing apply to the United States despite the ended UDI evidence?|Is there a current official U.S. product page, labeling document, or discontinuation notice for this exact identifier?",keep_hidden_insufficient_evidence,https://www.richard-wolf.com/mam/data/Typo3/Kataloge/Broncho-_Thorako-_Mediastinoskopie/Thorakale_Endoskopie_en.pdf|https://api.fda.gov/device/enforcement.json?search=product_description%3A%228214.0741%22&limit=100|https://api.fda.gov/device/recall.json?search=product_description%3A%228214.0741%22&limit=100,false
PRD-B540AFF326,Karl Storz,Optical Stent Repositioning/Removal Forceps,10350ST,,insufficient_evidence,low,exact_manufacturer_catalog_number,all_exact_configurations_active,search_incomplete,not_found,no_result,,searched,no_exact_action_found,unknown,,not_applicable,Identity method: exact_manufacturer_catalog_number. UDI assessment: all_exact_configurations_active. Manufacturer finding: no_result. Completed or permitted searches did not establish enough exact current-status evidence; no result is not a discontinuation finding.,"Is there a current official U.S. product page, labeling document, or discontinuation notice for this exact identifier?",keep_hidden_insufficient_evidence,https://www.karlstorz.com/us/en/thoracic-surgery-and-pulmonology.htm|https://api.fda.gov/device/udi.json?search=version_or_model_number%3A%2210350ST%22&limit=100|https://api.fda.gov/device/udi.json?search=identifiers.id%3A%2204048551260302%22&limit=100|https://api.fda.gov/device/udi.json?search=catalog_number%3A%2210350ST%22&limit=100|https://api.fda.gov/device/classification.json?search=product_code%3A%22EOQ%22&limit=100|https://api.fda.gov/device/registrationlisting.json?search=products.product_code%3A%22EOQ%22&limit=100|https://api.fda.gov/device/enforcement.json?search=code_info%3A%2204048551260302%22&limit=100|https://api.fda.gov/device/enforcement.json?search=product_description%3A%2210350+ST%22&limit=100|https://api.fda.gov/device/recall.json?search=code_info%3A%2204048551260302%22&limit=100|https://api.fda.gov/device/recall.json?search=product_description%3A%2210350+ST%22&limit=100,false
PRD-B54B621217,Micro-Tech / Thoracent,Trident EBUS FNB Nitinol Needle,BU49261,,insufficient_evidence,low,none,no_exact_result,no_result,not_found,not_searched,,searched,no_exact_action_found,unknown,,not_applicable,Identity method: none. UDI assessment: no_exact_result. Manufacturer finding: not_searched. Completed or permitted searches did not establish enough exact current-status evidence; no result is not a discontinuation finding.,"Is there a current official U.S. product page, labeling document, or discontinuation notice for this exact identifier?",keep_hidden_insufficient_evidence,https://api.fda.gov/device/enforcement.json?search=product_description%3A%22BU49261%22&limit=100|https://api.fda.gov/device/recall.json?search=product_description%3A%22BU49261%22&limit=100,false
PRD-B68845E997,ERBE,ERBECRYO 2 Cart,20402-300,,insufficient_evidence,low,none,no_exact_result,no_result,not_found,exact_identity_only_not_current,,searched,no_exact_action_found,unknown,,not_applicable,Identity method: none. UDI assessment: no_exact_result. Manufacturer finding: exact_identity_only_not_current. Completed or permitted searches did not establish enough exact current-status evidence; no result is not a discontinuation finding.,"Is there a current official U.S. product page, labeling document, or discontinuation notice for this exact identifier?",keep_hidden_insufficient_evidence,https://us.erbe-med.com/fileadmin/user_upload/documents/PDF/USA/MKT-5074_ERBECRYO-2_2023-06.pdf|https://api.fda.gov/device/enforcement.json?search=product_description%3A%2220402-300%22&limit=100|https://api.fda.gov/device/recall.json?search=product_description%3A%2220402-300%22&limit=100,false
PRD-B76CB39194,Olympus,Single-Use Pleural Biopsy Forceps,FB-420K,,insufficient_evidence,low,none,no_exact_result,no_result,not_found,family_only_current,,searched,no_exact_action_found,unknown,,not_applicable,Identity method: none. UDI assessment: no_exact_result. Manufacturer finding: family_only_current. Completed or permitted searches did not establish enough exact current-status evidence; no result is not a discontinuation finding.,"Is there a current official U.S. product page, labeling document, or discontinuation notice for this exact identifier?",keep_hidden_insufficient_evidence,https://medical.olympusamerica.com/products/evis-exera-bronchoscopy/visualization|https://api.fda.gov/device/enforcement.json?search=product_description%3A%22FB-420K%22&limit=100|https://api.fda.gov/device/recall.json?search=product_description%3A%22FB-420K%22&limit=100,false
PRD-B79F76C6D6,ERBE,"Central Gas Supply Connecting Tube for APC, 1 m",20132-085,,insufficient_evidence,low,none,no_exact_result,no_result,not_found,not_searched,,searched,no_exact_action_found,unknown,,not_applicable,Identity method: none. UDI assessment: no_exact_result. Manufacturer finding: not_searched. Completed or permitted searches did not establish enough exact current-status evidence; no result is not a discontinuation finding.,"Is there a current official U.S. product page, labeling document, or discontinuation notice for this exact identifier?",keep_hidden_insufficient_evidence,https://us.erbe-med.com/fileadmin/user_upload/documents/PDF/Catalogs/complete_Catalogs/85100-100_EN_Product-catalog.pdf|https://api.fda.gov/device/enforcement.json?search=product_description%3A%2220132-085%22&limit=100|https://api.fda.gov/device/recall.json?search=product_description%3A%2220132-085%22&limit=100,false
PRD-B865D0FAF0,Micro-Tech Endoscopy,Micro-Tech Uncovered Straight Tracheal Stent,ST02-331-14.050,,insufficient_evidence,low,none,no_exact_result,no_result,not_found,current_non_us,,searched,no_exact_action_found,unknown,,not_applicable,Identity method: none. UDI assessment: no_exact_result. Manufacturer finding: current_non_us. Completed or permitted searches did not establish enough exact current-status evidence; no result is not a discontinuation finding.,"Does the exact current global manufacturer listing apply to the United States despite the ended UDI evidence?|Is there a current official U.S. product page, labeling document, or discontinuation notice for this exact identifier?",keep_hidden_insufficient_evidence,https://www.micro-tech-medical.com/products/Tracheal-Bronchial-Stents.html|https://api.fda.gov/device/enforcement.json?search=product_description%3A%22ST02-331-14.050%22&limit=100|https://api.fda.gov/device/recall.json?search=product_description%3A%22ST02-331-14.050%22&limit=100,false
PRD-B99F53FBC5,Karl Storz,Full Lumen Operating Bronchoscope for Stent Application,10318ER,,insufficient_evidence,low,exact_manufacturer_model_number,all_exact_configurations_active,search_incomplete,not_found,no_result,,searched,no_exact_action_found,unknown,,not_applicable,Identity method: exact_manufacturer_model_number. UDI assessment: all_exact_configurations_active. Manufacturer finding: no_result. Completed or permitted searches did not establish enough exact current-status evidence; no result is not a discontinuation finding.,"Is there a current official U.S. product page, labeling document, or discontinuation notice for this exact identifier?",keep_hidden_insufficient_evidence,https://www.karlstorz.com/us/en/thoracic-surgery-and-pulmonology.htm|https://api.fda.gov/device/udi.json?search=identifiers.id%3A%2204048551045688%22&limit=100|https://api.fda.gov/device/udi.json?search=version_or_model_number%3A%2210318ER%22&limit=100|https://api.fda.gov/device/classification.json?search=product_code%3A%22EOQ%22&limit=100|https://api.fda.gov/device/registrationlisting.json?search=products.product_code%3A%22EOQ%22&limit=100|https://api.fda.gov/device/enforcement.json?search=code_info%3A%2204048551045688%22&limit=100|https://api.fda.gov/device/enforcement.json?search=product_description%3A%2210318+ER%22&limit=100|https://api.fda.gov/device/recall.json?search=code_info%3A%2204048551045688%22&limit=100|https://api.fda.gov/device/recall.json?search=product_description%3A%2210318+ER%22&limit=100,false
PRD-BA02119C36,Micro-Tech / Thoracent,Disposable Biopsy Forceps,MED-114-FOR,,insufficient_evidence,low,none,no_exact_result,no_result,not_found,not_searched,,searched,no_exact_action_found,unknown,,not_applicable,Identity method: none. UDI assessment: no_exact_result. Manufacturer finding: not_searched. Completed or permitted searches did not establish enough exact current-status evidence; no result is not a discontinuation finding.,"Is there a current official U.S. product page, labeling document, or discontinuation notice for this exact identifier?",keep_hidden_insufficient_evidence,https://api.fda.gov/device/enforcement.json?search=product_description%3A%22MED-114-FOR%22&limit=100|https://api.fda.gov/device/recall.json?search=product_description%3A%22MED-114-FOR%22&limit=100,false
PRD-BB5D8FBEA3,Karl Storz,Alligator Forceps,10372H,,insufficient_evidence,low,exact_manufacturer_catalog_number,all_exact_configurations_active,search_incomplete,not_found,no_result,,searched,no_exact_action_found,unknown,,not_applicable,Identity method: exact_manufacturer_catalog_number. UDI assessment: all_exact_configurations_active. Manufacturer finding: no_result. Completed or permitted searches did not establish enough exact current-status evidence; no result is not a discontinuation finding.,"Is there a current official U.S. product page, labeling document, or discontinuation notice for this exact identifier?",keep_hidden_insufficient_evidence,https://www.karlstorz.com/us/en/thoracic-surgery-and-pulmonology.htm|https://api.fda.gov/device/udi.json?search=identifiers.id%3A%2204048551047422%22&limit=100|https://api.fda.gov/device/udi.json?search=version_or_model_number%3A%2210372H%22&limit=100|https://api.fda.gov/device/udi.json?search=catalog_number%3A%2210372H%22&limit=100|https://api.fda.gov/device/classification.json?search=product_code%3A%22EOQ%22&limit=100|https://api.fda.gov/device/registrationlisting.json?search=products.product_code%3A%22EOQ%22&limit=100|https://api.fda.gov/device/enforcement.json?search=code_info%3A%2204048551047422%22&limit=100|https://api.fda.gov/device/enforcement.json?search=product_description%3A%2210372+H%22&limit=100|https://api.fda.gov/device/recall.json?search=code_info%3A%2204048551047422%22&limit=100|https://api.fda.gov/device/recall.json?search=product_description%3A%2210372+H%22&limit=100,false
PRD-BB9A5CC0AE,Karl Storz,HOPKINS Lateral Telescope,10320DA,,insufficient_evidence,low,exact_manufacturer_model_number,all_exact_configurations_active,search_incomplete,not_found,no_result,,searched,no_exact_action_found,unknown,,not_applicable,Identity method: exact_manufacturer_model_number. UDI assessment: all_exact_configurations_active. Manufacturer finding: no_result. Completed or permitted searches did not establish enough exact current-status evidence; no result is not a discontinuation finding.,"Is there a current official U.S. product page, labeling document, or discontinuation notice for this exact identifier?",keep_hidden_insufficient_evidence,https://www.karlstorz.com/us/en/thoracic-surgery-and-pulmonology.htm|https://api.fda.gov/device/udi.json?search=identifiers.id%3A%2204048551045923%22&limit=100|https://api.fda.gov/device/udi.json?search=version_or_model_number%3A%2210320DA%22&limit=100|https://api.fda.gov/device/classification.json?search=product_code%3A%22EOB%22&limit=100|https://api.fda.gov/device/registrationlisting.json?search=products.product_code%3A%22EOB%22&limit=100|https://api.fda.gov/device/enforcement.json?search=code_info%3A%2204048551045923%22&limit=100|https://api.fda.gov/device/enforcement.json?search=product_description%3A%2210320+DA%22&limit=100|https://api.fda.gov/device/recall.json?search=product_description%3A%2210320+DA%22&limit=100|https://api.fda.gov/device/recall.json?search=code_info%3A%2204048551045923%22&limit=100,false
PRD-BBBE3C6465,Thoracent / M.I.Tech,Bonastent Tracheobronchial Stent,BTB-127009,,insufficient_evidence,low,none,no_exact_result,no_result,not_found,not_searched,,searched,no_exact_action_found,unknown,,not_applicable,Identity method: none. UDI assessment: no_exact_result. Manufacturer finding: not_searched. Completed or permitted searches did not establish enough exact current-status evidence; no result is not a discontinuation finding.,"Is there a current official U.S. product page, labeling document, or discontinuation notice for this exact identifier?",keep_hidden_insufficient_evidence,https://api.fda.gov/device/enforcement.json?search=product_description%3A%22BTB-127009%22&limit=100|https://api.fda.gov/device/recall.json?search=product_description%3A%22BTB-127009%22&limit=100,false
PRD-BBCDFBC541,ERBE,"Monopolar Connecting Cable, Standard, 4 m, for Suction Coagulation Electrode",20192-097,,insufficient_evidence,low,none,no_exact_result,no_result,not_found,not_searched,,searched,no_exact_action_found,unknown,,not_applicable,Identity method: none. UDI assessment: no_exact_result. Manufacturer finding: not_searched. Completed or permitted searches did not establish enough exact current-status evidence; no result is not a discontinuation finding.,"Is there a current official U.S. product page, labeling document, or discontinuation notice for this exact identifier?",keep_hidden_insufficient_evidence,https://us.erbe-med.com/fileadmin/user_upload/documents/PDF/Catalogs/complete_Catalogs/85100-100_EN_Product-catalog.pdf|https://api.fda.gov/device/enforcement.json?search=product_description%3A%2220192-097%22&limit=100|https://api.fda.gov/device/recall.json?search=product_description%3A%2220192-097%22&limit=100,false
PRD-BBEB73374B,Micro-Tech Endoscopy,Micro-Tech Fully covered Y-Shaped Tracheal Stent,ST02-964-18.060,,insufficient_evidence,low,none,no_exact_result,no_result,not_found,family_only_current,,searched,no_exact_action_found,unknown,,not_applicable,Identity method: none. UDI assessment: no_exact_result. Manufacturer finding: family_only_current. Completed or permitted searches did not establish enough exact current-status evidence; no result is not a discontinuation finding.,"Is there a current official U.S. product page, labeling document, or discontinuation notice for this exact identifier?",keep_hidden_insufficient_evidence,https://www.micro-tech-medical.com/products/Tracheal-Bronchial-Stents.html|https://api.fda.gov/device/enforcement.json?search=product_description%3A%22ST02-964-18.060%22&limit=100|https://api.fda.gov/device/recall.json?search=product_description%3A%22ST02-964-18.060%22&limit=100,false
PRD-BC16136731,Karl Storz,GRONINGEN Optical Dilation Tracheoscope,10337R,,insufficient_evidence,low,exact_manufacturer_model_number,all_exact_configurations_active,search_incomplete,not_found,no_result,,searched,no_exact_action_found,unknown,,not_applicable,Identity method: exact_manufacturer_model_number. UDI assessment: all_exact_configurations_active. Manufacturer finding: no_result. Completed or permitted searches did not establish enough exact current-status evidence; no result is not a discontinuation finding.,"Is there a current official U.S. product page, labeling document, or discontinuation notice for this exact identifier?",keep_hidden_insufficient_evidence,https://www.karlstorz.com/us/en/thoracic-surgery-and-pulmonology.htm|https://api.fda.gov/device/udi.json?search=identifiers.id%3A%2204048551046302%22&limit=100|https://api.fda.gov/device/udi.json?search=version_or_model_number%3A%2210337R%22&limit=100|https://api.fda.gov/device/classification.json?search=product_code%3A%22EOQ%22&limit=100|https://api.fda.gov/device/registrationlisting.json?search=products.product_code%3A%22EOQ%22&limit=100|https://api.fda.gov/device/enforcement.json?search=code_info%3A%2204048551046302%22&limit=100|https://api.fda.gov/device/enforcement.json?search=product_description%3A%2210337+R%22&limit=100|https://api.fda.gov/device/recall.json?search=product_description%3A%2210337+R%22&limit=100|https://api.fda.gov/device/recall.json?search=code_info%3A%2204048551046302%22&limit=100,false
PRD-BC2FB31EE2,Galvanize Therapeutics,RheOx System,,,insufficient_evidence,low,none,no_exact_result,no_result,not_found,not_searched,,not_searched,unknown,unknown,,not_applicable,Identity method: none. UDI assessment: no_exact_result. Manufacturer finding: not_searched. Completed or permitted searches did not establish enough exact current-status evidence; no result is not a discontinuation finding.,"Is there a current official U.S. product page, labeling document, or discontinuation notice for this exact identifier?",keep_hidden_insufficient_evidence,,false
PRD-BCD0C2C494,CSA Medical,RejuvenAir System,,,insufficient_evidence,low,none,no_exact_result,no_result,not_found,not_searched,,not_searched,unknown,unknown,,not_applicable,Identity method: none. UDI assessment: no_exact_result. Manufacturer finding: not_searched. Completed or permitted searches did not establish enough exact current-status evidence; no result is not a discontinuation finding.,"Is there a current official U.S. product page, labeling document, or discontinuation notice for this exact identifier?",keep_hidden_insufficient_evidence,,false
PRD-BCD783DD13,ERBE,"Bipolar Connecting Cable, VIO/ICC/ACC T-Series Standard, 4 m, European Flat Plug",20196-045,,insufficient_evidence,low,none,no_exact_result,no_result,not_found,not_searched,,searched,no_exact_action_found,unknown,,not_applicable,Identity method: none. UDI assessment: no_exact_result. Manufacturer finding: not_searched. Completed or permitted searches did not establish enough exact current-status evidence; no result is not a discontinuation finding.,"Is there a current official U.S. product page, labeling document, or discontinuation notice for this exact identifier?",keep_hidden_insufficient_evidence,https://us.erbe-med.com/fileadmin/user_upload/documents/PDF/Catalogs/complete_Catalogs/85100-100_EN_Product-catalog.pdf|https://api.fda.gov/device/enforcement.json?search=product_description%3A%2220196-045%22&limit=100|https://api.fda.gov/device/recall.json?search=product_description%3A%2220196-045%22&limit=100,false
PRD-BF2B39F2F3,Boston Scientific,EXALT Model B Regular,M00542731,,insufficient_evidence,low,none,no_exact_result,no_result,not_found,not_searched,,searched,no_exact_action_found,unknown,,not_applicable,Identity method: none. UDI assessment: no_exact_result. Manufacturer finding: not_searched. Completed or permitted searches did not establish enough exact current-status evidence; no result is not a discontinuation finding.,"Is there a current official U.S. product page, labeling document, or discontinuation notice for this exact identifier?",keep_hidden_insufficient_evidence,https://api.fda.gov/device/enforcement.json?search=product_description%3A%22M00542731%22&limit=100|https://api.fda.gov/device/recall.json?search=product_description%3A%22M00542731%22&limit=100,false
PRD-BF31F89558,Micro-Tech Endoscopy,Micro-Tech Fully covered Y-Shaped Tracheal Stent,ST02-964-18.050,,insufficient_evidence,low,none,no_exact_result,no_result,not_found,family_only_current,,searched,no_exact_action_found,unknown,,not_applicable,Identity method: none. UDI assessment: no_exact_result. Manufacturer finding: family_only_current. Completed or permitted searches did not establish enough exact current-status evidence; no result is not a discontinuation finding.,"Is there a current official U.S. product page, labeling document, or discontinuation notice for this exact identifier?",keep_hidden_insufficient_evidence,https://www.micro-tech-medical.com/products/Tracheal-Bronchial-Stents.html|https://api.fda.gov/device/enforcement.json?search=product_description%3A%22ST02-964-18.050%22&limit=100|https://api.fda.gov/device/recall.json?search=product_description%3A%22ST02-964-18.050%22&limit=100,false
PRD-BFAC46626D,Richard Wolf,Luer Connector,15401.071,,insufficient_evidence,low,none,no_exact_result,no_result,not_found,current_non_us,,searched,no_exact_action_found,unknown,,not_applicable,Identity method: none. UDI assessment: no_exact_result. Manufacturer finding: current_non_us. Completed or permitted searches did not establish enough exact current-status evidence; no result is not a discontinuation finding.,"Does the exact current global manufacturer listing apply to the United States despite the ended UDI evidence?|Is there a current official U.S. product page, labeling document, or discontinuation notice for this exact identifier?",keep_hidden_insufficient_evidence,https://www.richard-wolf.com/mam/data/Typo3/Kataloge/Broncho-_Thorako-_Mediastinoskopie/Thorakale_Endoskopie_en.pdf|https://api.fda.gov/device/enforcement.json?search=product_description%3A%2215401.071%22&limit=100|https://api.fda.gov/device/recall.json?search=product_description%3A%2215401.071%22&limit=100,false
PRD-C0C6302286,Karl Storz,Suction Catheter 6 Fr with Adapter,10468C,,insufficient_evidence,low,none,no_exact_result,no_result,not_found,no_result,,searched,no_exact_action_found,unknown,,not_applicable,Identity method: none. UDI assessment: no_exact_result. Manufacturer finding: no_result. Completed or permitted searches did not establish enough exact current-status evidence; no result is not a discontinuation finding.,"Is there a current official U.S. product page, labeling document, or discontinuation notice for this exact identifier?",keep_hidden_insufficient_evidence,https://www.karlstorz.com/us/en/thoracic-surgery-and-pulmonology.htm|https://api.fda.gov/device/enforcement.json?search=product_description%3A%2210468+C%22&limit=100|https://api.fda.gov/device/recall.json?search=product_description%3A%2210468+C%22&limit=100,false
PRD-C3FA589A20,Micro-Tech Endoscopy,Micro-Tech Uncovered Straight Tracheal Stent,ST02-331-14.040,,insufficient_evidence,low,none,no_exact_result,no_result,not_found,current_non_us,,searched,no_exact_action_found,unknown,,not_applicable,Identity method: none. UDI assessment: no_exact_result. Manufacturer finding: current_non_us. Completed or permitted searches did not establish enough exact current-status evidence; no result is not a discontinuation finding.,"Does the exact current global manufacturer listing apply to the United States despite the ended UDI evidence?|Is there a current official U.S. product page, labeling document, or discontinuation notice for this exact identifier?",keep_hidden_insufficient_evidence,https://www.micro-tech-medical.com/products/Tracheal-Bronchial-Stents.html|https://api.fda.gov/device/enforcement.json?search=product_description%3A%22ST02-331-14.040%22&limit=100|https://api.fda.gov/device/recall.json?search=product_description%3A%22ST02-331-14.040%22&limit=100,false
PRD-C3FB38433F,ERBE,CO2 Switching Valve for Two Gas Cylinder Adapters,20402-052,,insufficient_evidence,low,none,no_exact_result,no_result,not_found,no_result,,searched,no_exact_action_found,unknown,,not_applicable,Identity method: none. UDI assessment: no_exact_result. Manufacturer finding: no_result. Completed or permitted searches did not establish enough exact current-status evidence; no result is not a discontinuation finding.,"Is there a current official U.S. product page, labeling document, or discontinuation notice for this exact identifier?",keep_hidden_insufficient_evidence,https://us.erbe-med.com/fileadmin/user_upload/documents/PDF/USA/MKT-5074_ERBECRYO-2_2023-06.pdf|https://api.fda.gov/device/enforcement.json?search=product_description%3A%2220402-052%22&limit=100|https://api.fda.gov/device/recall.json?search=product_description%3A%2220402-052%22&limit=100,false
PRD-C3FDFF59E0,ERBE,FiAPC Probe 2200 A,20132-222,,insufficient_evidence,low,none,no_exact_result,no_result,not_found,not_searched,,searched,no_exact_action_found,unknown,,not_applicable,Identity method: none. UDI assessment: no_exact_result. Manufacturer finding: not_searched. Completed or permitted searches did not establish enough exact current-status evidence; no result is not a discontinuation finding.,"Is there a current official U.S. product page, labeling document, or discontinuation notice for this exact identifier?",keep_hidden_insufficient_evidence,https://us.erbe-med.com/fileadmin/user_upload/documents/PDF/Catalogs/complete_Catalogs/85100-100_EN_Product-catalog.pdf|https://api.fda.gov/device/enforcement.json?search=product_description%3A%2220132-222%22&limit=100|https://api.fda.gov/device/recall.json?search=product_description%3A%2220132-222%22&limit=100,false
PRD-C47EB33229,ERBE,"Bipolar Connecting Cable, Standard, 4 m, 2-Pin Connection",20196-121,,insufficient_evidence,low,none,no_exact_result,no_result,not_found,not_searched,,searched,no_exact_action_found,unknown,,not_applicable,Identity method: none. UDI assessment: no_exact_result. Manufacturer finding: not_searched. Completed or permitted searches did not establish enough exact current-status evidence; no result is not a discontinuation finding.,"Is there a current official U.S. product page, labeling document, or discontinuation notice for this exact identifier?",keep_hidden_insufficient_evidence,https://us.erbe-med.com/fileadmin/user_upload/documents/PDF/Catalogs/complete_Catalogs/85100-100_EN_Product-catalog.pdf|https://api.fda.gov/device/enforcement.json?search=product_description%3A%2220196-121%22&limit=100|https://api.fda.gov/device/recall.json?search=product_description%3A%2220196-121%22&limit=100,false
PRD-C48BF25736,Karl Storz,Round Spoon Biopsy Forceps,10372LL,,insufficient_evidence,low,exact_manufacturer_catalog_number,all_exact_configurations_active,search_incomplete,not_found,no_result,,searched,no_exact_action_found,unknown,,not_applicable,Identity method: exact_manufacturer_catalog_number. UDI assessment: all_exact_configurations_active. Manufacturer finding: no_result. Completed or permitted searches did not establish enough exact current-status evidence; no result is not a discontinuation finding.,"Is there a current official U.S. product page, labeling document, or discontinuation notice for this exact identifier?",keep_hidden_insufficient_evidence,https://www.karlstorz.com/us/en/thoracic-surgery-and-pulmonology.htm|https://api.fda.gov/device/udi.json?search=identifiers.id%3A%2204048551047491%22&limit=100|https://api.fda.gov/device/udi.json?search=version_or_model_number%3A%2210372LL%22&limit=100|https://api.fda.gov/device/udi.json?search=catalog_number%3A%2210372LL%22&limit=100|https://api.fda.gov/device/classification.json?search=product_code%3A%22EOQ%22&limit=100|https://api.fda.gov/device/registrationlisting.json?search=products.product_code%3A%22EOQ%22&limit=100|https://api.fda.gov/device/enforcement.json?search=code_info%3A%2204048551047491%22&limit=100|https://api.fda.gov/device/enforcement.json?search=product_description%3A%2210372+LL%22&limit=100|https://api.fda.gov/device/recall.json?search=code_info%3A%2204048551047491%22&limit=100|https://api.fda.gov/device/recall.json?search=product_description%3A%2210372+LL%22&limit=100,false
PRD-C492434340,ERBE,FiAPC Probe 2200 C,20132-225,,insufficient_evidence,low,none,no_exact_result,no_result,not_found,not_searched,,searched,no_exact_action_found,unknown,,not_applicable,Identity method: none. UDI assessment: no_exact_result. Manufacturer finding: not_searched. Completed or permitted searches did not establish enough exact current-status evidence; no result is not a discontinuation finding.,"Is there a current official U.S. product page, labeling document, or discontinuation notice for this exact identifier?",keep_hidden_insufficient_evidence,https://us.erbe-med.com/fileadmin/user_upload/documents/PDF/Catalogs/complete_Catalogs/85100-100_EN_Product-catalog.pdf|https://api.fda.gov/device/enforcement.json?search=product_description%3A%2220132-225%22&limit=100|https://api.fda.gov/device/recall.json?search=product_description%3A%2220132-225%22&limit=100,false
PRD-C649B4B9C5,Karl Storz,Round Spoon Biopsy Forceps,10370L,,insufficient_evidence,low,exact_manufacturer_catalog_number,all_exact_configurations_active,search_incomplete,not_found,no_result,,searched,no_exact_action_found,unknown,,not_applicable,Identity method: exact_manufacturer_catalog_number. UDI assessment: all_exact_configurations_active. Manufacturer finding: no_result. Completed or permitted searches did not establish enough exact current-status evidence; no result is not a discontinuation finding.,"Is there a current official U.S. product page, labeling document, or discontinuation notice for this exact identifier?",keep_hidden_insufficient_evidence,https://www.karlstorz.com/us/en/thoracic-surgery-and-pulmonology.htm|https://api.fda.gov/device/udi.json?search=version_or_model_number%3A%2210370L%22&limit=100|https://api.fda.gov/device/udi.json?search=catalog_number%3A%2210370L%22&limit=100|https://api.fda.gov/device/udi.json?search=identifiers.id%3A%2204048551047156%22&limit=100|https://api.fda.gov/device/classification.json?search=product_code%3A%22EOQ%22&limit=100|https://api.fda.gov/device/registrationlisting.json?search=products.product_code%3A%22EOQ%22&limit=100|https://api.fda.gov/device/enforcement.json?search=code_info%3A%2204048551047156%22&limit=100|https://api.fda.gov/device/enforcement.json?search=product_description%3A%2210370+L%22&limit=100|https://api.fda.gov/device/recall.json?search=code_info%3A%2204048551047156%22&limit=100|https://api.fda.gov/device/recall.json?search=product_description%3A%2210370+L%22&limit=100,false
PRD-C684D9ADCF,ERBE,"ERBECRYO 2 Exhaust Gas Hose, 10 m",20402-008,,insufficient_evidence,low,none,no_exact_result,no_result,not_found,exact_identity_only_not_current,,searched,no_exact_action_found,unknown,,not_applicable,Identity method: none. UDI assessment: no_exact_result. Manufacturer finding: exact_identity_only_not_current. Completed or permitted searches did not establish enough exact current-status evidence; no result is not a discontinuation finding.,"Is there a current official U.S. product page, labeling document, or discontinuation notice for this exact identifier?",keep_hidden_insufficient_evidence,https://us.erbe-med.com/fileadmin/user_upload/documents/PDF/USA/MKT-5074_ERBECRYO-2_2023-06.pdf|https://api.fda.gov/device/enforcement.json?search=product_description%3A%2220402-008%22&limit=100|https://api.fda.gov/device/recall.json?search=product_description%3A%2220402-008%22&limit=100,false
PRD-C737E93B1B,Karl Storz,Graduated Container,10455A,,insufficient_evidence,low,none,no_exact_result,no_result,not_found,no_result,,searched,no_exact_action_found,unknown,,not_applicable,Identity method: none. UDI assessment: no_exact_result. Manufacturer finding: no_result. Completed or permitted searches did not establish enough exact current-status evidence; no result is not a discontinuation finding.,"Is there a current official U.S. product page, labeling document, or discontinuation notice for this exact identifier?",keep_hidden_insufficient_evidence,https://www.karlstorz.com/us/en/thoracic-surgery-and-pulmonology.htm|https://api.fda.gov/device/enforcement.json?search=product_description%3A%2210455+A%22&limit=100|https://api.fda.gov/device/recall.json?search=product_description%3A%2210455+A%22&limit=100,false
PRD-C73E87B7EE,Cardinal Health,"Argyle PVC Thoracic Catheter – Straight, 32 Fr × 20 in",8888570556,,insufficient_evidence,low,exact_manufacturer_catalog_number,all_exact_configurations_ended,search_incomplete,premarket_exempt,not_searched,,searched,no_exact_action_found,unknown,,not_applicable,Identity method: exact_manufacturer_catalog_number. UDI assessment: all_exact_configurations_ended. Manufacturer finding: not_searched. Completed or permitted searches did not establish enough exact current-status evidence; no result is not a discontinuation finding.,"Is there a current official U.S. product page, labeling document, or discontinuation notice for this exact identifier?",keep_hidden_insufficient_evidence,https://api.fda.gov/device/udi.json?search=catalog_number%3A%228888570556%22&limit=100|https://api.fda.gov/device/udi.json?search=identifiers.id%3A%2210884521050853%22&limit=100|https://api.fda.gov/device/udi.json?search=version_or_model_number%3A%228888570556%22&limit=100|https://api.fda.gov/device/udi.json?search=catalog_number%3A%228888570556%22&limit=100|https://api.fda.gov/device/udi.json?search=version_or_model_number%3A%228888570556%22&limit=100|https://api.fda.gov/device/classification.json?search=product_code%3A%22JOL%22&limit=100|https://api.fda.gov/device/enforcement.json?search=code_info%3A%2210884521050853%22&limit=100|https://api.fda.gov/device/enforcement.json?search=code_info%3A%2200884521149512%22&limit=100|https://api.fda.gov/device/enforcement.json?search=code_info%3A%2200884521060862%22&limit=100|https://api.fda.gov/device/enforcement.json?search=product_description%3A%228888570556%22&limit=100|https://api.fda.gov/device/enforcement.json?search=code_info%3A%2220884521050850%22&limit=100|https://api.fda.gov/device/recall.json?search=code_info%3A%2220884521050850%22&limit=100|https://api.fda.gov/device/recall.json?search=code_info%3A%2210884521050853%22&limit=100|https://api.fda.gov/device/recall.json?search=code_info%3A%2200884521149512%22&limit=100|https://api.fda.gov/device/recall.json?search=product_description%3A%228888570556%22&limit=100|https://api.fda.gov/device/recall.json?search=code_info%3A%2200884521060862%22&limit=100,false
PRD-C79EA91A93,FUJIFILM SonoSite,SonoSite P5-1 Transducer,P5-1,,insufficient_evidence,low,none,no_exact_result,no_result,not_found,not_searched,,not_searched,unknown,unknown,,not_applicable,Identity method: none. UDI assessment: no_exact_result. Manufacturer finding: not_searched. Completed or permitted searches did not establish enough exact current-status evidence; no result is not a discontinuation finding.,"Is there a current official U.S. product page, labeling document, or discontinuation notice for this exact identifier?",keep_hidden_insufficient_evidence,https://www.sonosite.com/sites/default/files/Sonosite_LX_product_brochure_MKT03597_US_rev_C.pdf|https://www.sonosite.com/products/sonosite-px,false
PRD-C7E66C10DC,Micro-Tech Endoscopy,Micro-Tech Uncovered Straight Tracheal Stent,ST02-331-16.060,,insufficient_evidence,low,none,no_exact_result,no_result,not_found,current_non_us,,searched,no_exact_action_found,unknown,,not_applicable,Identity method: none. UDI assessment: no_exact_result. Manufacturer finding: current_non_us. Completed or permitted searches did not establish enough exact current-status evidence; no result is not a discontinuation finding.,"Does the exact current global manufacturer listing apply to the United States despite the ended UDI evidence?|Is there a current official U.S. product page, labeling document, or discontinuation notice for this exact identifier?",keep_hidden_insufficient_evidence,https://www.micro-tech-medical.com/products/Tracheal-Bronchial-Stents.html|https://api.fda.gov/device/enforcement.json?search=product_description%3A%22ST02-331-16.060%22&limit=100|https://api.fda.gov/device/recall.json?search=product_description%3A%22ST02-331-16.060%22&limit=100,false
PRD-C8C51A4D95,Novatech,NOVATECH EWS Mixed Size Set,01EWS12A,,insufficient_evidence,low,none,no_exact_result,no_result,not_found,current_non_us,,searched,no_exact_action_found,unknown,,not_applicable,Identity method: none. UDI assessment: no_exact_result. Manufacturer finding: current_non_us. Completed or permitted searches did not establish enough exact current-status evidence; no result is not a discontinuation finding.,"Does the exact current global manufacturer listing apply to the United States despite the ended UDI evidence?|Is there a current official U.S. product page, labeling document, or discontinuation notice for this exact identifier?",keep_hidden_insufficient_evidence,https://novatech.fr/en/ews/ews|https://api.fda.gov/device/enforcement.json?search=product_description%3A%2201EWS12A%22&limit=100|https://api.fda.gov/device/recall.json?search=product_description%3A%2201EWS12A%22&limit=100,false
PRD-C9704EAA93,Micro-Tech Endoscopy,Micro-Tech Uncovered Y-Shaped Tracheal Stent,ST02-961-18.050,,insufficient_evidence,low,none,no_exact_result,no_result,not_found,family_only_current,,searched,no_exact_action_found,unknown,,not_applicable,Identity method: none. UDI assessment: no_exact_result. Manufacturer finding: family_only_current. Completed or permitted searches did not establish enough exact current-status evidence; no result is not a discontinuation finding.,"Is there a current official U.S. product page, labeling document, or discontinuation notice for this exact identifier?",keep_hidden_insufficient_evidence,https://www.micro-tech-medical.com/products/Tracheal-Bronchial-Stents.html|https://api.fda.gov/device/enforcement.json?search=product_description%3A%22ST02-961-18.050%22&limit=100|https://api.fda.gov/device/recall.json?search=product_description%3A%22ST02-961-18.050%22&limit=100,false
PRD-C9FE364632,Richard Wolf,"Double Spoon Forceps, Monopolar, 3.5 mm (bundle)",83912167,,insufficient_evidence,low,exact_manufacturer_catalog_number,all_exact_configurations_active,search_incomplete,not_found,not_searched,,searched,no_exact_action_found,unknown,,not_applicable,Identity method: exact_manufacturer_catalog_number. UDI assessment: all_exact_configurations_active. Manufacturer finding: not_searched. Completed or permitted searches did not establish enough exact current-status evidence; no result is not a discontinuation finding.,"Is there a current official U.S. product page, labeling document, or discontinuation notice for this exact identifier?",keep_hidden_insufficient_evidence,https://api.fda.gov/device/udi.json?search=catalog_number%3A%2283912167%22&limit=100|https://api.fda.gov/device/udi.json?search=version_or_model_number%3A%2283912167%22&limit=100|https://api.fda.gov/device/classification.json?search=product_code%3A%22GCJ%22&limit=100|https://api.fda.gov/device/registrationlisting.json?search=products.product_code%3A%22GCJ%22&limit=100|https://api.fda.gov/device/enforcement.json?search=code_info%3A%2204055207062562%22&limit=100|https://api.fda.gov/device/enforcement.json?search=product_description%3A%2283912167%22&limit=100|https://api.fda.gov/device/recall.json?search=code_info%3A%2204055207062562%22&limit=100|https://api.fda.gov/device/recall.json?search=product_description%3A%2283912167%22&limit=100,false
PRD-CA32599DA2,Karl Storz,GRONINGEN Optical Dilation Tracheoscope,10337S,,insufficient_evidence,low,exact_manufacturer_model_number,all_exact_configurations_active,search_incomplete,not_found,no_result,,searched,no_exact_action_found,unknown,,not_applicable,Identity method: exact_manufacturer_model_number. UDI assessment: all_exact_configurations_active. Manufacturer finding: no_result. Completed or permitted searches did not establish enough exact current-status evidence; no result is not a discontinuation finding.,"Is there a current official U.S. product page, labeling document, or discontinuation notice for this exact identifier?",keep_hidden_insufficient_evidence,https://www.karlstorz.com/us/en/thoracic-surgery-and-pulmonology.htm|https://api.fda.gov/device/udi.json?search=identifiers.id%3A%2204048551046319%22&limit=100|https://api.fda.gov/device/udi.json?search=version_or_model_number%3A%2210337S%22&limit=100|https://api.fda.gov/device/classification.json?search=product_code%3A%22EOQ%22&limit=100|https://api.fda.gov/device/registrationlisting.json?search=products.product_code%3A%22EOQ%22&limit=100|https://api.fda.gov/device/enforcement.json?search=code_info%3A%2204048551046319%22&limit=100|https://api.fda.gov/device/enforcement.json?search=product_description%3A%2210337+S%22&limit=100|https://api.fda.gov/device/recall.json?search=product_description%3A%2210337+S%22&limit=100|https://api.fda.gov/device/recall.json?search=code_info%3A%2204048551046319%22&limit=100,false
PRD-CB1622624D,Olympus,BF-MP190F Video Bronchoscope,BF-MP190F,,insufficient_evidence,low,none,no_exact_result,no_result,not_found,current_exact_official_us_product,,searched,active_exact_product_action,product_wide,Z-0327-2024|Z-2497-2023,not_applicable,Identity method: none. UDI assessment: no_exact_result. Manufacturer finding: current_exact_official_us_product. Completed or permitted searches did not establish enough exact current-status evidence; no result is not a discontinuation finding.,"Is there a current official U.S. product page, labeling document, or discontinuation notice for this exact identifier?",keep_hidden_insufficient_evidence,https://medical.olympusamerica.com/procedure/peripheral-bronchoscopy-radial-ebus|https://api.fda.gov/device/enforcement.json?search=product_description%3A%22BF-MP190F%22&limit=100|https://api.fda.gov/device/recall.json?search=product_description%3A%22BF-MP190F%22&limit=100,false
PRD-CB585AE377,ERBE,"Monopolar Connecting Cable, VIO/ICC/ACC International, 4 m, for Pencil/Hook",20192-110,,insufficient_evidence,low,none,no_exact_result,no_result,not_found,not_searched,,searched,no_exact_action_found,unknown,,not_applicable,Identity method: none. UDI assessment: no_exact_result. Manufacturer finding: not_searched. Completed or permitted searches did not establish enough exact current-status evidence; no result is not a discontinuation finding.,"Is there a current official U.S. product page, labeling document, or discontinuation notice for this exact identifier?",keep_hidden_insufficient_evidence,https://us.erbe-med.com/fileadmin/user_upload/documents/PDF/Catalogs/complete_Catalogs/85100-100_EN_Product-catalog.pdf|https://api.fda.gov/device/enforcement.json?search=product_description%3A%2220192-110%22&limit=100|https://api.fda.gov/device/recall.json?search=product_description%3A%2220192-110%22&limit=100,false
PRD-CB5FB20E4F,Richard Wolf,HEMER Bronchoscope Tube Bundle,8214.1261,,insufficient_evidence,low,none,no_exact_result,no_result,not_found,current_non_us,,searched,no_exact_action_found,unknown,,not_applicable,Identity method: none. UDI assessment: no_exact_result. Manufacturer finding: current_non_us. Completed or permitted searches did not establish enough exact current-status evidence; no result is not a discontinuation finding.,"Does the exact current global manufacturer listing apply to the United States despite the ended UDI evidence?|Is there a current official U.S. product page, labeling document, or discontinuation notice for this exact identifier?",keep_hidden_insufficient_evidence,https://www.richard-wolf.com/mam/data/Typo3/Kataloge/Broncho-_Thorako-_Mediastinoskopie/Thorakale_Endoskopie_en.pdf|https://api.fda.gov/device/enforcement.json?search=product_description%3A%228214.1261%22&limit=100|https://api.fda.gov/device/recall.json?search=product_description%3A%228214.1261%22&limit=100,false
PRD-CB9242F78E,Richard Wolf,Optical Reichle Grasping Forceps Grasper XXL,8466.653,,insufficient_evidence,low,none,no_exact_result,no_result,not_found,current_non_us,,searched,no_exact_action_found,unknown,,not_applicable,Identity method: none. UDI assessment: no_exact_result. Manufacturer finding: current_non_us. Completed or permitted searches did not establish enough exact current-status evidence; no result is not a discontinuation finding.,"Does the exact current global manufacturer listing apply to the United States despite the ended UDI evidence?|Is there a current official U.S. product page, labeling document, or discontinuation notice for this exact identifier?",keep_hidden_insufficient_evidence,https://www.richard-wolf.com/mam/data/Typo3/Kataloge/Broncho-_Thorako-_Mediastinoskopie/Thorakale_Endoskopie_en.pdf|https://api.fda.gov/device/enforcement.json?search=product_description%3A%228466.653%22&limit=100|https://api.fda.gov/device/recall.json?search=product_description%3A%228466.653%22&limit=100,false
PRD-CBD72081E8,Thoracent / M.I.Tech,Bonastent Tracheobronchial Stent,BTB-105009,,insufficient_evidence,low,none,no_exact_result,no_result,not_found,not_searched,,searched,no_exact_action_found,unknown,,not_applicable,Identity method: none. UDI assessment: no_exact_result. Manufacturer finding: not_searched. Completed or permitted searches did not establish enough exact current-status evidence; no result is not a discontinuation finding.,"Is there a current official U.S. product page, labeling document, or discontinuation notice for this exact identifier?",keep_hidden_insufficient_evidence,https://api.fda.gov/device/enforcement.json?search=product_description%3A%22BTB-105009%22&limit=100|https://api.fda.gov/device/recall.json?search=product_description%3A%22BTB-105009%22&limit=100,false
PRD-CBE0A76B71,Ethicon,Monarch-enabled NeuWave Microwave Ablation Technology,,,insufficient_evidence,low,none,no_exact_result,no_result,not_found,not_searched,,not_searched,unknown,unknown,,not_applicable,Identity method: none. UDI assessment: no_exact_result. Manufacturer finding: not_searched. Completed or permitted searches did not establish enough exact current-status evidence; no result is not a discontinuation finding.,"Is there a current official U.S. product page, labeling document, or discontinuation notice for this exact identifier?",keep_hidden_insufficient_evidence,,false
PRD-CBE34A56E9,LISA Laser Products,"FlexiFib-SU Single-Use Laser Fibre, 272 µm",101 503 387,,insufficient_evidence,low,none,no_exact_result,no_result,not_found,not_searched,,searched,no_exact_action_found,unknown,,not_applicable,Identity method: none. UDI assessment: no_exact_result. Manufacturer finding: not_searched. Completed or permitted searches did not establish enough exact current-status evidence; no result is not a discontinuation finding.,"Is there a current official U.S. product page, labeling document, or discontinuation notice for this exact identifier?",keep_hidden_insufficient_evidence,https://api.fda.gov/device/enforcement.json?search=product_description%3A%22101+503+387%22&limit=100|https://api.fda.gov/device/recall.json?search=product_description%3A%22101+503+387%22&limit=100,false
PRD-CC378D0981,Novatech,GSS TF Thin Tracheal Stent,01TF1860,,insufficient_evidence,low,none,no_exact_result,no_result,not_found,not_searched,,searched,no_exact_action_found,unknown,,not_applicable,Identity method: none. UDI assessment: no_exact_result. Manufacturer finding: not_searched. Completed or permitted searches did not establish enough exact current-status evidence; no result is not a discontinuation finding.,"Is there a current official U.S. product page, labeling document, or discontinuation notice for this exact identifier?",keep_hidden_insufficient_evidence,https://api.fda.gov/device/enforcement.json?search=product_description%3A%2201TF1860%22&limit=100|https://api.fda.gov/device/recall.json?search=product_description%3A%2201TF1860%22&limit=100,false
PRD-CC458478A5,Olympus,UCR Low-Pressure CO2 Hose,MAJ-1085,,insufficient_evidence,low,exact_manufacturer_model_number,all_exact_configurations_active,search_incomplete,not_found,family_only_current,,searched,no_exact_action_found,unknown,,not_applicable,Identity method: exact_manufacturer_model_number. UDI assessment: all_exact_configurations_active. Manufacturer finding: family_only_current. Completed or permitted searches did not establish enough exact current-status evidence; no result is not a discontinuation finding.,"Is there a current official U.S. product page, labeling document, or discontinuation notice for this exact identifier?",keep_hidden_insufficient_evidence,https://content.medical.olympusamerica.com/products/accessory-solutions|https://api.fda.gov/device/udi.json?search=identifiers.id%3A%2204953170140389%22&limit=100|https://api.fda.gov/device/udi.json?search=version_or_model_number%3A%22MAJ-1085%22&limit=100|https://api.fda.gov/device/classification.json?search=product_code%3A%22FCX%22&limit=100|https://api.fda.gov/device/classification.json?search=product_code%3A%22HIF%22&limit=100|https://api.fda.gov/device/registrationlisting.json?search=products.product_code%3A%22FCX%22&limit=100|https://api.fda.gov/device/registrationlisting.json?search=products.product_code%3A%22HIF%22&limit=100|https://api.fda.gov/device/enforcement.json?search=product_description%3A%22MAJ-1085%22&limit=100|https://api.fda.gov/device/enforcement.json?search=code_info%3A%2204953170140389%22&limit=100|https://api.fda.gov/device/recall.json?search=product_description%3A%22MAJ-1085%22&limit=100|https://api.fda.gov/device/recall.json?search=code_info%3A%2204953170140389%22&limit=100,false
PRD-CCDCC41B7E,Karl Storz,"Trocar Only, Blunt Tip",30120NO,,insufficient_evidence,low,exact_manufacturer_model_number,all_exact_configurations_active,search_incomplete,not_found,no_result,,searched,no_exact_action_found,unknown,,not_applicable,Identity method: exact_manufacturer_model_number. UDI assessment: all_exact_configurations_active. Manufacturer finding: no_result. Completed or permitted searches did not establish enough exact current-status evidence; no result is not a discontinuation finding.,"Is there a current official U.S. product page, labeling document, or discontinuation notice for this exact identifier?",keep_hidden_insufficient_evidence,https://www.karlstorz.com/us/en/thoracic-surgery-and-pulmonology.htm|https://api.fda.gov/device/udi.json?search=identifiers.id%3A%2204048551119709%22&limit=100|https://api.fda.gov/device/udi.json?search=version_or_model_number%3A%2230120NO%22&limit=100|https://api.fda.gov/device/classification.json?search=product_code%3A%22GCJ%22&limit=100|https://api.fda.gov/device/registrationlisting.json?search=products.product_code%3A%22GCJ%22&limit=100|https://api.fda.gov/device/enforcement.json?search=product_description%3A%2230120+NO%22&limit=100|https://api.fda.gov/device/enforcement.json?search=code_info%3A%2204048551119709%22&limit=100|https://api.fda.gov/device/recall.json?search=code_info%3A%2204048551119709%22&limit=100|https://api.fda.gov/device/recall.json?search=product_description%3A%2230120+NO%22&limit=100,false
PRD-CD315440D5,Micro-Tech Endoscopy,Micro-Tech Partially covered Y-Shaped Tracheal Stent,ST02-962-18.060,,insufficient_evidence,low,none,no_exact_result,no_result,not_found,family_only_current,,searched,no_exact_action_found,unknown,,not_applicable,Identity method: none. UDI assessment: no_exact_result. Manufacturer finding: family_only_current. Completed or permitted searches did not establish enough exact current-status evidence; no result is not a discontinuation finding.,"Is there a current official U.S. product page, labeling document, or discontinuation notice for this exact identifier?",keep_hidden_insufficient_evidence,https://www.micro-tech-medical.com/products/Tracheal-Bronchial-Stents.html|https://api.fda.gov/device/enforcement.json?search=product_description%3A%22ST02-962-18.060%22&limit=100|https://api.fda.gov/device/recall.json?search=product_description%3A%22ST02-962-18.060%22&limit=100,false
PRD-CD8F96B3C5,Olympus,Spiration Valve in Cartridge – 6 mm (HUD air-leak configuration),REF-HUS-V6,,insufficient_evidence,low,none,no_exact_result,no_result,not_found,no_result,,searched,no_exact_action_found,unknown,,not_applicable,Identity method: none. UDI assessment: no_exact_result. Manufacturer finding: no_result. Completed or permitted searches did not establish enough exact current-status evidence; no result is not a discontinuation finding.,"Is there a current official U.S. product page, labeling document, or discontinuation notice for this exact identifier?",keep_hidden_insufficient_evidence,https://content.medical.olympusamerica.com/sites/default/files/us/files/pdf/SVS-Air-Leak-Product-Order-Information_FINAL.pdf|https://api.fda.gov/device/enforcement.json?search=product_description%3A%22REF-HUS-V6%22&limit=100|https://api.fda.gov/device/recall.json?search=product_description%3A%22REF-HUS-V6%22&limit=100,false
PRD-CDCBBB4171,ERBE,"Return-Electrode Connecting Cable, Standard, 4 m, Contact Stud",20194-077,,insufficient_evidence,low,none,no_exact_result,no_result,not_found,not_searched,,searched,no_exact_action_found,unknown,,not_applicable,Identity method: none. UDI assessment: no_exact_result. Manufacturer finding: not_searched. Completed or permitted searches did not establish enough exact current-status evidence; no result is not a discontinuation finding.,"Is there a current official U.S. product page, labeling document, or discontinuation notice for this exact identifier?",keep_hidden_insufficient_evidence,https://us.erbe-med.com/fileadmin/user_upload/documents/PDF/Catalogs/complete_Catalogs/85100-100_EN_Product-catalog.pdf|https://api.fda.gov/device/enforcement.json?search=product_description%3A%2220194-077%22&limit=100|https://api.fda.gov/device/recall.json?search=product_description%3A%2220194-077%22&limit=100,false
PRD-CE23D2A34E,Richard Wolf,ENDOCAM Logic 4K Camera Control Unit Bundle,55253011,,insufficient_evidence,low,none,no_exact_result,no_result,not_found,current_non_us,,searched,no_exact_action_found,unknown,,not_applicable,Identity method: none. UDI assessment: no_exact_result. Manufacturer finding: current_non_us. Completed or permitted searches did not establish enough exact current-status evidence; no result is not a discontinuation finding.,"Does the exact current global manufacturer listing apply to the United States despite the ended UDI evidence?|Is there a current official U.S. product page, labeling document, or discontinuation notice for this exact identifier?",keep_hidden_insufficient_evidence,https://www.richard-wolf.com/mam/data/Typo3/Kataloge/Broncho-_Thorako-_Mediastinoskopie/Thorakale_Endoskopie_en.pdf|https://api.fda.gov/device/enforcement.json?search=product_description%3A%2255253011%22&limit=100|https://api.fda.gov/device/recall.json?search=product_description%3A%2255253011%22&limit=100,false
PRD-CEEA076F20,Nuvaira,dNerva Lung Denervation System,,,insufficient_evidence,low,none,no_exact_result,no_result,not_found,not_searched,,not_searched,unknown,unknown,,not_applicable,Identity method: none. UDI assessment: no_exact_result. Manufacturer finding: not_searched. Completed or permitted searches did not establish enough exact current-status evidence; no result is not a discontinuation finding.,"Is there a current official U.S. product page, labeling document, or discontinuation notice for this exact identifier?",keep_hidden_insufficient_evidence,,false
PRD-CEED2FDA83,Olympus,EVIS X1 Video System Center,CV-1500,,insufficient_evidence,low,none,no_exact_result,no_result,not_found,family_only_current,,searched,no_exact_action_found,unknown,,not_applicable,Identity method: none. UDI assessment: no_exact_result. Manufacturer finding: family_only_current. Completed or permitted searches did not establish enough exact current-status evidence; no result is not a discontinuation finding.,"Is there a current official U.S. product page, labeling document, or discontinuation notice for this exact identifier?",keep_hidden_insufficient_evidence,https://medical.olympusamerica.com/products/evis-exera-bronchoscopy/visualization|https://api.fda.gov/device/enforcement.json?search=product_description%3A%22CV-1500%22&limit=100|https://api.fda.gov/device/recall.json?search=product_description%3A%22CV-1500%22&limit=100,false
PRD-CF779363F3,Siemens Healthineers,Cios Spin Mobile 3D C-arm,,,insufficient_evidence,low,none,no_exact_result,no_result,not_found,not_searched,,not_searched,unknown,unknown,,not_applicable,Identity method: none. UDI assessment: no_exact_result. Manufacturer finding: not_searched. Completed or permitted searches did not establish enough exact current-status evidence; no result is not a discontinuation finding.,"Is there a current official U.S. product page, labeling document, or discontinuation notice for this exact identifier?",keep_hidden_insufficient_evidence,,false
PRD-D03502FFB4,ERBE,"Gas Hose for ERBECRYO / ERBECRYO 2, 0.7 m",20448-000,,insufficient_evidence,low,none,no_exact_result,no_result,not_found,no_result,,searched,no_exact_action_found,unknown,,not_applicable,Identity method: none. UDI assessment: no_exact_result. Manufacturer finding: no_result. Completed or permitted searches did not establish enough exact current-status evidence; no result is not a discontinuation finding.,"Is there a current official U.S. product page, labeling document, or discontinuation notice for this exact identifier?",keep_hidden_insufficient_evidence,https://us.erbe-med.com/fileadmin/user_upload/documents/PDF/USA/MKT-5074_ERBECRYO-2_2023-06.pdf|https://api.fda.gov/device/enforcement.json?search=product_description%3A%2220448-000%22&limit=100|https://api.fda.gov/device/recall.json?search=product_description%3A%2220448-000%22&limit=100,false
PRD-D07AD62770,Karl Storz,Forceps for Peanuts/Soft Foreign Bodies,10371KL,,insufficient_evidence,low,exact_manufacturer_catalog_number,all_exact_configurations_active,search_incomplete,not_found,no_result,,searched,no_exact_action_found,unknown,,not_applicable,Identity method: exact_manufacturer_catalog_number. UDI assessment: all_exact_configurations_active. Manufacturer finding: no_result. Completed or permitted searches did not establish enough exact current-status evidence; no result is not a discontinuation finding.,"Is there a current official U.S. product page, labeling document, or discontinuation notice for this exact identifier?",keep_hidden_insufficient_evidence,https://www.karlstorz.com/us/en/thoracic-surgery-and-pulmonology.htm|https://api.fda.gov/device/udi.json?search=catalog_number%3A%2210371KL%22&limit=100|https://api.fda.gov/device/udi.json?search=version_or_model_number%3A%2210371KL%22&limit=100|https://api.fda.gov/device/udi.json?search=identifiers.id%3A%2204048551047330%22&limit=100|https://api.fda.gov/device/classification.json?search=product_code%3A%22EOQ%22&limit=100|https://api.fda.gov/device/registrationlisting.json?search=products.product_code%3A%22EOQ%22&limit=100|https://api.fda.gov/device/enforcement.json?search=code_info%3A%2204048551047330%22&limit=100|https://api.fda.gov/device/enforcement.json?search=product_description%3A%2210371+KL%22&limit=100|https://api.fda.gov/device/recall.json?search=product_description%3A%2210371+KL%22&limit=100|https://api.fda.gov/device/recall.json?search=code_info%3A%2204048551047330%22&limit=100,false
PRD-D0E745FF62,Karl Storz,Respirator Adapter for GRONINGEN Tracheoscope,10316LR,,insufficient_evidence,low,exact_manufacturer_catalog_number,all_exact_configurations_active,search_incomplete,not_found,no_result,,searched,no_exact_action_found,unknown,,not_applicable,Identity method: exact_manufacturer_catalog_number. UDI assessment: all_exact_configurations_active. Manufacturer finding: no_result. Completed or permitted searches did not establish enough exact current-status evidence; no result is not a discontinuation finding.,"Is there a current official U.S. product page, labeling document, or discontinuation notice for this exact identifier?",keep_hidden_insufficient_evidence,https://www.karlstorz.com/us/en/thoracic-surgery-and-pulmonology.htm|https://api.fda.gov/device/udi.json?search=catalog_number%3A%2210316LR%22&limit=100|https://api.fda.gov/device/udi.json?search=version_or_model_number%3A%2210316LR%22&limit=100|https://api.fda.gov/device/udi.json?search=identifiers.id%3A%2204048551045565%22&limit=100|https://api.fda.gov/device/classification.json?search=product_code%3A%22EOQ%22&limit=100|https://api.fda.gov/device/registrationlisting.json?search=products.product_code%3A%22EOQ%22&limit=100|https://api.fda.gov/device/enforcement.json?search=product_description%3A%2210316+LR%22&limit=100|https://api.fda.gov/device/enforcement.json?search=code_info%3A%2204048551045565%22&limit=100|https://api.fda.gov/device/recall.json?search=product_description%3A%2210316+LR%22&limit=100|https://api.fda.gov/device/recall.json?search=code_info%3A%2204048551045565%22&limit=100,false
PRD-D112B2C52A,Olympus,Spiration Valve in Cartridge – 9 mm (HUD air-leak configuration),REF-HUS-V9,,insufficient_evidence,low,none,no_exact_result,no_result,not_found,no_result,,searched,no_exact_action_found,unknown,,not_applicable,Identity method: none. UDI assessment: no_exact_result. Manufacturer finding: no_result. Completed or permitted searches did not establish enough exact current-status evidence; no result is not a discontinuation finding.,"Is there a current official U.S. product page, labeling document, or discontinuation notice for this exact identifier?",keep_hidden_insufficient_evidence,https://content.medical.olympusamerica.com/sites/default/files/us/files/pdf/SVS-Air-Leak-Product-Order-Information_FINAL.pdf|https://api.fda.gov/device/enforcement.json?search=product_description%3A%22REF-HUS-V9%22&limit=100|https://api.fda.gov/device/recall.json?search=product_description%3A%22REF-HUS-V9%22&limit=100,false
PRD-D14312CC6A,Karl Storz,Optical Powder Blower,26072TK,,insufficient_evidence,low,none,no_exact_result,no_result,not_found,no_result,,searched,no_exact_action_found,unknown,,not_applicable,Identity method: none. UDI assessment: no_exact_result. Manufacturer finding: no_result. Completed or permitted searches did not establish enough exact current-status evidence; no result is not a discontinuation finding.,"Is there a current official U.S. product page, labeling document, or discontinuation notice for this exact identifier?",keep_hidden_insufficient_evidence,https://www.karlstorz.com/us/en/thoracic-surgery-and-pulmonology.htm|https://api.fda.gov/device/enforcement.json?search=product_description%3A%2226072+TK%22&limit=100|https://api.fda.gov/device/recall.json?search=product_description%3A%2226072+TK%22&limit=100,false
PRD-D194D5A02B,ERBE,"Return-Electrode Connecting Cable, Standard, 5 m, Contact Stud",20194-078,,insufficient_evidence,low,none,no_exact_result,no_result,not_found,not_searched,,searched,no_exact_action_found,unknown,,not_applicable,Identity method: none. UDI assessment: no_exact_result. Manufacturer finding: not_searched. Completed or permitted searches did not establish enough exact current-status evidence; no result is not a discontinuation finding.,"Is there a current official U.S. product page, labeling document, or discontinuation notice for this exact identifier?",keep_hidden_insufficient_evidence,https://us.erbe-med.com/fileadmin/user_upload/documents/PDF/Catalogs/complete_Catalogs/85100-100_EN_Product-catalog.pdf|https://api.fda.gov/device/enforcement.json?search=product_description%3A%2220194-078%22&limit=100|https://api.fda.gov/device/recall.json?search=product_description%3A%2220194-078%22&limit=100,false
PRD-D217637957,Richard Wolf,Optical Retrograde Biopsy Forceps,82530.0602,,insufficient_evidence,low,none,no_exact_result,no_result,not_found,current_non_us,,searched,no_exact_action_found,unknown,,not_applicable,Identity method: none. UDI assessment: no_exact_result. Manufacturer finding: current_non_us. Completed or permitted searches did not establish enough exact current-status evidence; no result is not a discontinuation finding.,"Does the exact current global manufacturer listing apply to the United States despite the ended UDI evidence?|Is there a current official U.S. product page, labeling document, or discontinuation notice for this exact identifier?",keep_hidden_insufficient_evidence,https://www.richard-wolf.com/mam/data/Typo3/Kataloge/Broncho-_Thorako-_Mediastinoskopie/Thorakale_Endoskopie_en.pdf|https://api.fda.gov/device/enforcement.json?search=product_description%3A%2282530.0602%22&limit=100|https://api.fda.gov/device/recall.json?search=product_description%3A%2282530.0602%22&limit=100,false
PRD-D273A067EA,Karl Storz,"Universal Bronchoscope, Distal Illumination, Size 7.5",10318C,,insufficient_evidence,low,none,no_exact_result,no_result,not_found,no_result,,searched,no_exact_action_found,unknown,,not_applicable,Identity method: none. UDI assessment: no_exact_result. Manufacturer finding: no_result. Completed or permitted searches did not establish enough exact current-status evidence; no result is not a discontinuation finding.,"Is there a current official U.S. product page, labeling document, or discontinuation notice for this exact identifier?",keep_hidden_insufficient_evidence,https://www.karlstorz.com/us/en/thoracic-surgery-and-pulmonology.htm|https://api.fda.gov/device/enforcement.json?search=product_description%3A%2210318+C%22&limit=100|https://api.fda.gov/device/recall.json?search=product_description%3A%2210318+C%22&limit=100,false
PRD-D2C6029A70,Thoracent / M.I.Tech,Bonastent Tracheobronchial Stent,BTB-128009,,insufficient_evidence,low,none,no_exact_result,no_result,not_found,not_searched,,searched,no_exact_action_found,unknown,,not_applicable,Identity method: none. UDI assessment: no_exact_result. Manufacturer finding: not_searched. Completed or permitted searches did not establish enough exact current-status evidence; no result is not a discontinuation finding.,"Is there a current official U.S. product page, labeling document, or discontinuation notice for this exact identifier?",keep_hidden_insufficient_evidence,https://api.fda.gov/device/enforcement.json?search=product_description%3A%22BTB-128009%22&limit=100|https://api.fda.gov/device/recall.json?search=product_description%3A%22BTB-128009%22&limit=100,false
PRD-D41DE241C1,ERBE,"Monopolar Connecting Cable, Bovie Jack 8 mm to Olympus 3 mm, 4 m",20192-117,,insufficient_evidence,low,none,no_exact_result,no_result,not_found,not_searched,,searched,no_exact_action_found,unknown,,not_applicable,Identity method: none. UDI assessment: no_exact_result. Manufacturer finding: not_searched. Completed or permitted searches did not establish enough exact current-status evidence; no result is not a discontinuation finding.,"Is there a current official U.S. product page, labeling document, or discontinuation notice for this exact identifier?",keep_hidden_insufficient_evidence,https://us.erbe-med.com/fileadmin/user_upload/documents/PDF/Catalogs/complete_Catalogs/85100-100_EN_Product-catalog.pdf|https://api.fda.gov/device/enforcement.json?search=product_description%3A%2220192-117%22&limit=100|https://api.fda.gov/device/recall.json?search=product_description%3A%2220192-117%22&limit=100,false
PRD-D44D27C76E,Micro-Tech / Thoracent,Areus EBUS FNA Nitinol Needle,BU49231,,insufficient_evidence,low,none,no_exact_result,no_result,not_found,not_searched,,searched,no_exact_action_found,unknown,,not_applicable,Identity method: none. UDI assessment: no_exact_result. Manufacturer finding: not_searched. Completed or permitted searches did not establish enough exact current-status evidence; no result is not a discontinuation finding.,"Is there a current official U.S. product page, labeling document, or discontinuation notice for this exact identifier?",keep_hidden_insufficient_evidence,https://api.fda.gov/device/enforcement.json?search=product_description%3A%22BU49231%22&limit=100|https://api.fda.gov/device/recall.json?search=product_description%3A%22BU49231%22&limit=100,false
PRD-D454A9C046,ERBE,"Argon Gas Cylinder, 5 L, Empty, CGA 580",20132-165,,insufficient_evidence,low,none,no_exact_result,no_result,not_found,not_searched,,searched,no_exact_action_found,unknown,,not_applicable,Identity method: none. UDI assessment: no_exact_result. Manufacturer finding: not_searched. Completed or permitted searches did not establish enough exact current-status evidence; no result is not a discontinuation finding.,"Is there a current official U.S. product page, labeling document, or discontinuation notice for this exact identifier?",keep_hidden_insufficient_evidence,https://us.erbe-med.com/fileadmin/user_upload/documents/PDF/Catalogs/complete_Catalogs/85100-100_EN_Product-catalog.pdf|https://api.fda.gov/device/enforcement.json?search=product_description%3A%2220132-165%22&limit=100|https://api.fda.gov/device/recall.json?search=product_description%3A%2220132-165%22&limit=100,false
PRD-D532D5406F,Micro-Tech / Thoracent,Bronch Retrieval Net,MED-200-NET,,insufficient_evidence,low,none,no_exact_result,no_result,not_found,not_searched,,searched,no_exact_action_found,unknown,,not_applicable,Identity method: none. UDI assessment: no_exact_result. Manufacturer finding: not_searched. Completed or permitted searches did not establish enough exact current-status evidence; no result is not a discontinuation finding.,"Is there a current official U.S. product page, labeling document, or discontinuation notice for this exact identifier?",keep_hidden_insufficient_evidence,https://api.fda.gov/device/enforcement.json?search=product_description%3A%22MED-200-NET%22&limit=100|https://api.fda.gov/device/recall.json?search=product_description%3A%22MED-200-NET%22&limit=100,false
PRD-D53D4686EF,Quanta System,Quanta Holmium Laser (mobile service),,,insufficient_evidence,low,none,no_exact_result,no_result,not_found,not_searched,,not_searched,unknown,unknown,,not_applicable,Identity method: none. UDI assessment: no_exact_result. Manufacturer finding: not_searched. Completed or permitted searches did not establish enough exact current-status evidence; no result is not a discontinuation finding.,"Is there a current official U.S. product page, labeling document, or discontinuation notice for this exact identifier?",keep_hidden_insufficient_evidence,,false
PRD-D54D46A95B,ERBE,CO2 Gas Bottle Adapter F,20402-060,,insufficient_evidence,low,none,no_exact_result,no_result,not_found,no_result,,searched,no_exact_action_found,unknown,,not_applicable,Identity method: none. UDI assessment: no_exact_result. Manufacturer finding: no_result. Completed or permitted searches did not establish enough exact current-status evidence; no result is not a discontinuation finding.,"Is there a current official U.S. product page, labeling document, or discontinuation notice for this exact identifier?",keep_hidden_insufficient_evidence,https://us.erbe-med.com/fileadmin/user_upload/documents/PDF/USA/MKT-5074_ERBECRYO-2_2023-06.pdf|https://api.fda.gov/device/enforcement.json?search=product_description%3A%2220402-060%22&limit=100|https://api.fda.gov/device/recall.json?search=product_description%3A%2220402-060%22&limit=100,false
PRD-D6F54A6D11,Olympus,BF-H190 Video Bronchoscope,BF-H190,,insufficient_evidence,low,none,no_exact_result,no_result,not_found,current_exact_official_us_product,,searched,active_exact_product_action,product_wide,Z-0053-2026|Z-0192-2024|Z-0327-2024|Z-2017-2023|Z-2496-2023,not_applicable,Identity method: none. UDI assessment: no_exact_result. Manufacturer finding: current_exact_official_us_product. Completed or permitted searches did not establish enough exact current-status evidence; no result is not a discontinuation finding.,"Is there a current official U.S. product page, labeling document, or discontinuation notice for this exact identifier?",keep_hidden_insufficient_evidence,https://medical.olympusamerica.com/products/evis-exera-bronchoscopy/visualization|https://api.fda.gov/device/enforcement.json?search=product_description%3A%22BF-H190%22&limit=100|https://api.fda.gov/device/recall.json?search=product_description%3A%22BF-H190%22&limit=100,false
PRD-D723C6FF62,ERBE,"Bipolar Adapter, Standard to Martin/Berchtold/Aesculap",20183-025,,insufficient_evidence,low,none,no_exact_result,no_result,not_found,not_searched,,searched,no_exact_action_found,unknown,,not_applicable,Identity method: none. UDI assessment: no_exact_result. Manufacturer finding: not_searched. Completed or permitted searches did not establish enough exact current-status evidence; no result is not a discontinuation finding.,"Is there a current official U.S. product page, labeling document, or discontinuation notice for this exact identifier?",keep_hidden_insufficient_evidence,https://us.erbe-med.com/fileadmin/user_upload/documents/PDF/Catalogs/complete_Catalogs/85100-100_EN_Product-catalog.pdf|https://api.fda.gov/device/enforcement.json?search=product_description%3A%2220183-025%22&limit=100|https://api.fda.gov/device/recall.json?search=product_description%3A%2220183-025%22&limit=100,false
PRD-D7A7620198,Karl Storz,"Suction Catheter 5 Fr, Pack of 6",10478D,,insufficient_evidence,low,none,no_exact_result,no_result,not_found,no_result,,searched,no_exact_action_found,unknown,,not_applicable,Identity method: none. UDI assessment: no_exact_result. Manufacturer finding: no_result. Completed or permitted searches did not establish enough exact current-status evidence; no result is not a discontinuation finding.,"Is there a current official U.S. product page, labeling document, or discontinuation notice for this exact identifier?",keep_hidden_insufficient_evidence,https://www.karlstorz.com/us/en/thoracic-surgery-and-pulmonology.htm|https://api.fda.gov/device/enforcement.json?search=product_description%3A%2210478+D%22&limit=100|https://api.fda.gov/device/recall.json?search=product_description%3A%2210478+D%22&limit=100,false
PRD-D85D52F0CD,ERBE,"Monopolar Connecting Cable, VIO/ICC/ACC, Standard, 4 m, for Pencil/Hook",20192-127,,insufficient_evidence,low,none,no_exact_result,no_result,not_found,not_searched,,searched,no_exact_action_found,unknown,,not_applicable,Identity method: none. UDI assessment: no_exact_result. Manufacturer finding: not_searched. Completed or permitted searches did not establish enough exact current-status evidence; no result is not a discontinuation finding.,"Is there a current official U.S. product page, labeling document, or discontinuation notice for this exact identifier?",keep_hidden_insufficient_evidence,https://us.erbe-med.com/fileadmin/user_upload/documents/PDF/Catalogs/complete_Catalogs/85100-100_EN_Product-catalog.pdf|https://api.fda.gov/device/enforcement.json?search=product_description%3A%2220192-127%22&limit=100|https://api.fda.gov/device/recall.json?search=product_description%3A%2220192-127%22&limit=100,false
PRD-D92BDB1551,Micro-Tech Endoscopy,Micro-Tech Fully Covered J-Shaped Tracheal Stent,ST02-974-16.040,,insufficient_evidence,low,none,no_exact_result,no_result,not_found,family_only_current,,searched,no_exact_action_found,unknown,,not_applicable,Identity method: none. UDI assessment: no_exact_result. Manufacturer finding: family_only_current. Completed or permitted searches did not establish enough exact current-status evidence; no result is not a discontinuation finding.,"Is there a current official U.S. product page, labeling document, or discontinuation notice for this exact identifier?",keep_hidden_insufficient_evidence,https://www.micro-tech-medical.com/products/Tracheal-Bronchial-Stents.html|https://api.fda.gov/device/enforcement.json?search=product_description%3A%22ST02-974-16.040%22&limit=100|https://api.fda.gov/device/recall.json?search=product_description%3A%22ST02-974-16.040%22&limit=100,false
PRD-D968D7AB8E,Thoracent / M.I.Tech,Bonastent Tracheobronchial Stent,BTB-187009,,insufficient_evidence,low,none,no_exact_result,no_result,not_found,not_searched,,searched,no_exact_action_found,unknown,,not_applicable,Identity method: none. UDI assessment: no_exact_result. Manufacturer finding: not_searched. Completed or permitted searches did not establish enough exact current-status evidence; no result is not a discontinuation finding.,"Is there a current official U.S. product page, labeling document, or discontinuation notice for this exact identifier?",keep_hidden_insufficient_evidence,https://api.fda.gov/device/enforcement.json?search=product_description%3A%22BTB-187009%22&limit=100|https://api.fda.gov/device/recall.json?search=product_description%3A%22BTB-187009%22&limit=100,false
PRD-DA286027ED,ERBE,One-Pedal Foot Switch for ERBECRYO 2,20402-200,,insufficient_evidence,low,none,no_exact_result,no_result,not_found,no_result,,searched,no_exact_action_found,unknown,,not_applicable,Identity method: none. UDI assessment: no_exact_result. Manufacturer finding: no_result. Completed or permitted searches did not establish enough exact current-status evidence; no result is not a discontinuation finding.,"Is there a current official U.S. product page, labeling document, or discontinuation notice for this exact identifier?",keep_hidden_insufficient_evidence,https://us.erbe-med.com/fileadmin/user_upload/documents/PDF/USA/MKT-5074_ERBECRYO-2_2023-06.pdf|https://api.fda.gov/device/enforcement.json?search=product_description%3A%2220402-200%22&limit=100|https://api.fda.gov/device/recall.json?search=product_description%3A%2220402-200%22&limit=100,false
PRD-DA3218ED45,ERBE,"Monopolar Connecting Cable, Standard, 4 m, for Olympus 3 mm Snares",20192-119,,insufficient_evidence,low,none,no_exact_result,no_result,not_found,not_searched,,searched,no_exact_action_found,unknown,,not_applicable,Identity method: none. UDI assessment: no_exact_result. Manufacturer finding: not_searched. Completed or permitted searches did not establish enough exact current-status evidence; no result is not a discontinuation finding.,"Is there a current official U.S. product page, labeling document, or discontinuation notice for this exact identifier?",keep_hidden_insufficient_evidence,https://us.erbe-med.com/fileadmin/user_upload/documents/PDF/Catalogs/complete_Catalogs/85100-100_EN_Product-catalog.pdf|https://api.fda.gov/device/enforcement.json?search=product_description%3A%2220192-119%22&limit=100|https://api.fda.gov/device/recall.json?search=product_description%3A%2220192-119%22&limit=100,false
PRD-DA396EF06D,ERBE,"Bipolar Adapter, MF Socket / MF2 Plug for VIO 300 D",20183-100,,insufficient_evidence,low,none,no_exact_result,no_result,not_found,not_searched,,searched,no_exact_action_found,unknown,,not_applicable,Identity method: none. UDI assessment: no_exact_result. Manufacturer finding: not_searched. Completed or permitted searches did not establish enough exact current-status evidence; no result is not a discontinuation finding.,"Is there a current official U.S. product page, labeling document, or discontinuation notice for this exact identifier?",keep_hidden_insufficient_evidence,https://us.erbe-med.com/fileadmin/user_upload/documents/PDF/Catalogs/complete_Catalogs/85100-100_EN_Product-catalog.pdf|https://api.fda.gov/device/enforcement.json?search=product_description%3A%2220183-100%22&limit=100|https://api.fda.gov/device/recall.json?search=product_description%3A%2220183-100%22&limit=100,false
PRD-DB7366704E,Karl Storz,Round Spoon Biopsy Forceps,10367L,,insufficient_evidence,low,exact_manufacturer_catalog_number,all_exact_configurations_active,search_incomplete,not_found,no_result,,searched,no_exact_action_found,unknown,,not_applicable,Identity method: exact_manufacturer_catalog_number. UDI assessment: all_exact_configurations_active. Manufacturer finding: no_result. Completed or permitted searches did not establish enough exact current-status evidence; no result is not a discontinuation finding.,"Is there a current official U.S. product page, labeling document, or discontinuation notice for this exact identifier?",keep_hidden_insufficient_evidence,https://www.karlstorz.com/us/en/thoracic-surgery-and-pulmonology.htm|https://api.fda.gov/device/udi.json?search=identifiers.id%3A%2204048551047026%22&limit=100|https://api.fda.gov/device/udi.json?search=catalog_number%3A%2210367L%22&limit=100|https://api.fda.gov/device/udi.json?search=version_or_model_number%3A%2210367L%22&limit=100|https://api.fda.gov/device/classification.json?search=product_code%3A%22EOQ%22&limit=100|https://api.fda.gov/device/registrationlisting.json?search=products.product_code%3A%22EOQ%22&limit=100|https://api.fda.gov/device/enforcement.json?search=product_description%3A%2210367+L%22&limit=100|https://api.fda.gov/device/enforcement.json?search=code_info%3A%2204048551047026%22&limit=100|https://api.fda.gov/device/recall.json?search=product_description%3A%2210367+L%22&limit=100|https://api.fda.gov/device/recall.json?search=code_info%3A%2204048551047026%22&limit=100,false
PRD-DCA951086F,ERBE,"APC Ignition Test Adapter for VIO D/S, ICC, Standard",20183-070,,insufficient_evidence,low,none,no_exact_result,no_result,not_found,not_searched,,searched,no_exact_action_found,unknown,,not_applicable,Identity method: none. UDI assessment: no_exact_result. Manufacturer finding: not_searched. Completed or permitted searches did not establish enough exact current-status evidence; no result is not a discontinuation finding.,"Is there a current official U.S. product page, labeling document, or discontinuation notice for this exact identifier?",keep_hidden_insufficient_evidence,https://us.erbe-med.com/fileadmin/user_upload/documents/PDF/Catalogs/complete_Catalogs/85100-100_EN_Product-catalog.pdf|https://us.erbe-med.com/fileadmin/user_upload/documents/PDF/Catalogs/complete_Catalogs/85100-100_EN_Product-catalog.pdf|https://api.fda.gov/device/enforcement.json?search=product_description%3A%2220183-070%22&limit=100|https://api.fda.gov/device/recall.json?search=product_description%3A%2220183-070%22&limit=100,false
PRD-DCD7CC99AF,Richard Wolf,Endobronchial Secretion Remover,825640546,,insufficient_evidence,low,none,no_exact_result,no_result,not_found,current_non_us,,searched,no_exact_action_found,unknown,,not_applicable,Identity method: none. UDI assessment: no_exact_result. Manufacturer finding: current_non_us. Completed or permitted searches did not establish enough exact current-status evidence; no result is not a discontinuation finding.,"Does the exact current global manufacturer listing apply to the United States despite the ended UDI evidence?|Is there a current official U.S. product page, labeling document, or discontinuation notice for this exact identifier?",keep_hidden_insufficient_evidence,https://www.richard-wolf.com/mam/data/Typo3/Kataloge/Broncho-_Thorako-_Mediastinoskopie/Thorakale_Endoskopie_en.pdf|https://api.fda.gov/device/enforcement.json?search=product_description%3A%22825640546%22&limit=100|https://api.fda.gov/device/recall.json?search=product_description%3A%22825640546%22&limit=100,false
PRD-DCFC448718,GE HealthCare,OEC 3D Mobile Imaging System,,,insufficient_evidence,low,none,no_exact_result,no_result,not_found,not_searched,,not_searched,unknown,unknown,,not_applicable,Identity method: none. UDI assessment: no_exact_result. Manufacturer finding: not_searched. Completed or permitted searches did not establish enough exact current-status evidence; no result is not a discontinuation finding.,"Is there a current official U.S. product page, labeling document, or discontinuation notice for this exact identifier?",keep_hidden_insufficient_evidence,,false
PRD-DD4AFE7DE4,Cardinal Health,Argyle Trocar Catheter – 8 Fr × 9 in (sharp tip),8888560805,,insufficient_evidence,low,exact_manufacturer_catalog_number,all_exact_configurations_ended,search_incomplete,premarket_exempt,not_searched,,searched,no_exact_action_found,unknown,,not_applicable,Identity method: exact_manufacturer_catalog_number. UDI assessment: all_exact_configurations_ended. Manufacturer finding: not_searched. Completed or permitted searches did not establish enough exact current-status evidence; no result is not a discontinuation finding.,"Is there a current official U.S. product page, labeling document, or discontinuation notice for this exact identifier?",keep_hidden_insufficient_evidence,https://api.fda.gov/device/udi.json?search=identifiers.id%3A%2210884521050310%22&limit=100|https://api.fda.gov/device/udi.json?search=version_or_model_number%3A%228888560805%22&limit=100|https://api.fda.gov/device/udi.json?search=catalog_number%3A%228888560805%22&limit=100|https://api.fda.gov/device/udi.json?search=version_or_model_number%3A%228888560805%22&limit=100|https://api.fda.gov/device/udi.json?search=catalog_number%3A%228888560805%22&limit=100|https://api.fda.gov/device/classification.json?search=product_code%3A%22DRC%22&limit=100|https://api.fda.gov/device/registrationlisting.json?search=products.product_code%3A%22DRC%22&limit=100|https://api.fda.gov/device/enforcement.json?search=code_info%3A%2210884521029248%22&limit=100|https://api.fda.gov/device/enforcement.json?search=code_info%3A%2210884521050310%22&limit=100|https://api.fda.gov/device/enforcement.json?search=product_description%3A%228888560805%22&limit=100|https://api.fda.gov/device/enforcement.json?search=code_info%3A%2200884521029241%22&limit=100|https://api.fda.gov/device/enforcement.json?search=code_info%3A%2220884521050317%22&limit=100|https://api.fda.gov/device/recall.json?search=code_info%3A%2220884521050317%22&limit=100|https://api.fda.gov/device/recall.json?search=code_info%3A%2200884521029241%22&limit=100|https://api.fda.gov/device/recall.json?search=code_info%3A%2210884521029248%22&limit=100|https://api.fda.gov/device/recall.json?search=product_description%3A%228888560805%22&limit=100|https://api.fda.gov/device/recall.json?search=code_info%3A%2210884521050310%22&limit=100,false
PRD-DD7EE55F5C,LISA Laser Products,"SureFib-SU Single-Use Laser Fibre, 272 µm",101 503 513,,insufficient_evidence,low,none,no_exact_result,no_result,not_found,not_searched,,searched,no_exact_action_found,unknown,,not_applicable,Identity method: none. UDI assessment: no_exact_result. Manufacturer finding: not_searched. Completed or permitted searches did not establish enough exact current-status evidence; no result is not a discontinuation finding.,"Is there a current official U.S. product page, labeling document, or discontinuation notice for this exact identifier?",keep_hidden_insufficient_evidence,https://api.fda.gov/device/enforcement.json?search=product_description%3A%22101+503+513%22&limit=100|https://api.fda.gov/device/recall.json?search=product_description%3A%22101+503+513%22&limit=100,false
PRD-DE28F9BAFD,Richard Wolf,HEMER Tracheoscope Tube Bundle,8214.1441,,insufficient_evidence,low,none,no_exact_result,no_result,not_found,current_non_us,,searched,no_exact_action_found,unknown,,not_applicable,Identity method: none. UDI assessment: no_exact_result. Manufacturer finding: current_non_us. Completed or permitted searches did not establish enough exact current-status evidence; no result is not a discontinuation finding.,"Does the exact current global manufacturer listing apply to the United States despite the ended UDI evidence?|Is there a current official U.S. product page, labeling document, or discontinuation notice for this exact identifier?",keep_hidden_insufficient_evidence,https://www.richard-wolf.com/mam/data/Typo3/Kataloge/Broncho-_Thorako-_Mediastinoskopie/Thorakale_Endoskopie_en.pdf|https://api.fda.gov/device/enforcement.json?search=product_description%3A%228214.1441%22&limit=100|https://api.fda.gov/device/recall.json?search=product_description%3A%228214.1441%22&limit=100,false
PRD-DE4182B356,ERBE,FiAPC Probe 2200 SC,20132-224,,insufficient_evidence,low,none,no_exact_result,no_result,not_found,not_searched,,searched,no_exact_action_found,unknown,,not_applicable,Identity method: none. UDI assessment: no_exact_result. Manufacturer finding: not_searched. Completed or permitted searches did not establish enough exact current-status evidence; no result is not a discontinuation finding.,"Is there a current official U.S. product page, labeling document, or discontinuation notice for this exact identifier?",keep_hidden_insufficient_evidence,https://us.erbe-med.com/fileadmin/user_upload/documents/PDF/Catalogs/complete_Catalogs/85100-100_EN_Product-catalog.pdf|https://api.fda.gov/device/enforcement.json?search=product_description%3A%2220132-224%22&limit=100|https://api.fda.gov/device/recall.json?search=product_description%3A%2220132-224%22&limit=100,false
PRD-DF0AB82B2D,Micro-Tech Endoscopy,Tracheobronchial Y-Stent,ST05-152.20.050,,insufficient_evidence,low,none,no_exact_result,no_result,not_found,not_searched,,searched,no_exact_action_found,unknown,,not_applicable,Identity method: none. UDI assessment: no_exact_result. Manufacturer finding: not_searched. Completed or permitted searches did not establish enough exact current-status evidence; no result is not a discontinuation finding.,"Is there a current official U.S. product page, labeling document, or discontinuation notice for this exact identifier?",keep_hidden_insufficient_evidence,https://api.fda.gov/device/enforcement.json?search=product_description%3A%22ST05-152.20.050%22&limit=100|https://api.fda.gov/device/recall.json?search=product_description%3A%22ST05-152.20.050%22&limit=100,false
PRD-DF239FD803,Karl Storz,Straight Scissors,10366S,,insufficient_evidence,low,exact_manufacturer_model_number,all_exact_configurations_active,search_incomplete,not_found,no_result,,searched,no_exact_action_found,unknown,,not_applicable,Identity method: exact_manufacturer_model_number. UDI assessment: all_exact_configurations_active. Manufacturer finding: no_result. Completed or permitted searches did not establish enough exact current-status evidence; no result is not a discontinuation finding.,"Is there a current official U.S. product page, labeling document, or discontinuation notice for this exact identifier?",keep_hidden_insufficient_evidence,https://www.karlstorz.com/us/en/thoracic-surgery-and-pulmonology.htm|https://api.fda.gov/device/udi.json?search=version_or_model_number%3A%2210366S%22&limit=100|https://api.fda.gov/device/udi.json?search=identifiers.id%3A%2204048551046982%22&limit=100|https://api.fda.gov/device/classification.json?search=product_code%3A%22EOQ%22&limit=100|https://api.fda.gov/device/registrationlisting.json?search=products.product_code%3A%22EOQ%22&limit=100|https://api.fda.gov/device/enforcement.json?search=code_info%3A%2204048551046982%22&limit=100|https://api.fda.gov/device/enforcement.json?search=product_description%3A%2210366+S%22&limit=100|https://api.fda.gov/device/recall.json?search=code_info%3A%2204048551046982%22&limit=100|https://api.fda.gov/device/recall.json?search=product_description%3A%2210366+S%22&limit=100,false
PRD-DF6218682C,Thoracent / M.I.Tech,Bonastent Tracheobronchial Stent,BTB-168009,,insufficient_evidence,low,none,no_exact_result,no_result,not_found,not_searched,,searched,no_exact_action_found,unknown,,not_applicable,Identity method: none. UDI assessment: no_exact_result. Manufacturer finding: not_searched. Completed or permitted searches did not establish enough exact current-status evidence; no result is not a discontinuation finding.,"Is there a current official U.S. product page, labeling document, or discontinuation notice for this exact identifier?",keep_hidden_insufficient_evidence,https://api.fda.gov/device/enforcement.json?search=product_description%3A%22BTB-168009%22&limit=100|https://api.fda.gov/device/recall.json?search=product_description%3A%22BTB-168009%22&limit=100,false
PRD-DF791E6D1F,Karl Storz,Spring-Handle Sponge Holder 50 cm,10387A,,insufficient_evidence,low,exact_manufacturer_model_number,all_exact_configurations_active,search_incomplete,premarket_exempt,no_result,,searched,no_exact_action_found,unknown,,not_applicable,Identity method: exact_manufacturer_model_number. UDI assessment: all_exact_configurations_active. Manufacturer finding: no_result. Completed or permitted searches did not establish enough exact current-status evidence; no result is not a discontinuation finding.,"Is there a current official U.S. product page, labeling document, or discontinuation notice for this exact identifier?",keep_hidden_insufficient_evidence,https://www.karlstorz.com/us/en/thoracic-surgery-and-pulmonology.htm|https://api.fda.gov/device/udi.json?search=identifiers.id%3A%2204048551048207%22&limit=100|https://api.fda.gov/device/udi.json?search=version_or_model_number%3A%2210387A%22&limit=100|https://api.fda.gov/device/classification.json?search=product_code%3A%22LRC%22&limit=100|https://api.fda.gov/device/registrationlisting.json?search=products.product_code%3A%22LRC%22&limit=100|https://api.fda.gov/device/enforcement.json?search=code_info%3A%2204048551048207%22&limit=100|https://api.fda.gov/device/enforcement.json?search=product_description%3A%2210387+A%22&limit=100|https://api.fda.gov/device/recall.json?search=product_description%3A%2210387+A%22&limit=100|https://api.fda.gov/device/recall.json?search=code_info%3A%2204048551048207%22&limit=100,false
PRD-DF917ECDBF,Intuitive Surgical,Ion Endoluminal System,Ion Endoluminal System,,insufficient_evidence,low,none,no_exact_result,no_result,not_found,family_only_current,,searched,family_or_ambiguous_action,family_level,,not_applicable,Identity method: none. UDI assessment: no_exact_result. Manufacturer finding: family_only_current. Completed or permitted searches did not establish enough exact current-status evidence; no result is not a discontinuation finding.,"Is there a current official U.S. product page, labeling document, or discontinuation notice for this exact identifier?",keep_hidden_insufficient_evidence,https://www.intuitive.com/en-us/-/media/ISI/Intuitive/Pdf/intuitive-ion-system-brochure-1051118.pdf|https://www.intuitive.com/en-us/products-and-services/ion|https://api.fda.gov/device/enforcement.json?search=product_description%3A%22ION+ENDOLUMINAL+SYSTEM%22&limit=100|https://api.fda.gov/device/recall.json?search=product_description%3A%22ION+ENDOLUMINAL+SYSTEM%22&limit=100,false
PRD-DFBA1DB7E3,Richard Wolf,Optical Grasping Forceps,8465.61,,insufficient_evidence,low,none,no_exact_result,no_result,not_found,current_non_us,,searched,no_exact_action_found,unknown,,not_applicable,Identity method: none. UDI assessment: no_exact_result. Manufacturer finding: current_non_us. Completed or permitted searches did not establish enough exact current-status evidence; no result is not a discontinuation finding.,"Does the exact current global manufacturer listing apply to the United States despite the ended UDI evidence?|Is there a current official U.S. product page, labeling document, or discontinuation notice for this exact identifier?",keep_hidden_insufficient_evidence,https://www.richard-wolf.com/mam/data/Typo3/Kataloge/Broncho-_Thorako-_Mediastinoskopie/Thorakale_Endoskopie_en.pdf|https://api.fda.gov/device/enforcement.json?search=product_description%3A%228465.61%22&limit=100|https://api.fda.gov/device/recall.json?search=product_description%3A%228465.61%22&limit=100,false
PRD-E02F46CDAD,Karl Storz,Optical Universal Forceps,10352U,,insufficient_evidence,low,exact_manufacturer_model_number,all_exact_configurations_active,search_incomplete,not_found,no_result,,searched,no_exact_action_found,unknown,,not_applicable,Identity method: exact_manufacturer_model_number. UDI assessment: all_exact_configurations_active. Manufacturer finding: no_result. Completed or permitted searches did not establish enough exact current-status evidence; no result is not a discontinuation finding.,"Is there a current official U.S. product page, labeling document, or discontinuation notice for this exact identifier?",keep_hidden_insufficient_evidence,https://www.karlstorz.com/us/en/thoracic-surgery-and-pulmonology.htm|https://api.fda.gov/device/udi.json?search=identifiers.id%3A%2204048551046845%22&limit=100|https://api.fda.gov/device/udi.json?search=version_or_model_number%3A%2210352U%22&limit=100|https://api.fda.gov/device/classification.json?search=product_code%3A%22EOQ%22&limit=100|https://api.fda.gov/device/registrationlisting.json?search=products.product_code%3A%22EOQ%22&limit=100|https://api.fda.gov/device/enforcement.json?search=code_info%3A%2204048551046845%22&limit=100|https://api.fda.gov/device/enforcement.json?search=product_description%3A%2210352+U%22&limit=100|https://api.fda.gov/device/recall.json?search=product_description%3A%2210352+U%22&limit=100|https://api.fda.gov/device/recall.json?search=code_info%3A%2204048551046845%22&limit=100,false
PRD-E060DC2383,ERBE,"Return-Electrode Connecting Cable, International, 5 m, Split-Contact Electrode",20194-087,,insufficient_evidence,low,none,no_exact_result,no_result,not_found,not_searched,,searched,no_exact_action_found,unknown,,not_applicable,Identity method: none. UDI assessment: no_exact_result. Manufacturer finding: not_searched. Completed or permitted searches did not establish enough exact current-status evidence; no result is not a discontinuation finding.,"Is there a current official U.S. product page, labeling document, or discontinuation notice for this exact identifier?",keep_hidden_insufficient_evidence,https://us.erbe-med.com/fileadmin/user_upload/documents/PDF/Catalogs/complete_Catalogs/85100-100_EN_Product-catalog.pdf|https://api.fda.gov/device/enforcement.json?search=product_description%3A%2220194-087%22&limit=100|https://api.fda.gov/device/recall.json?search=product_description%3A%2220194-087%22&limit=100,false
PRD-E0A45CB3A7,Micro-Tech Endoscopy,Micro-Tech Partially covered Straight Tracheal Stent,ST02-332-14.050,,insufficient_evidence,low,none,no_exact_result,no_result,not_found,current_non_us,,searched,no_exact_action_found,unknown,,not_applicable,Identity method: none. UDI assessment: no_exact_result. Manufacturer finding: current_non_us. Completed or permitted searches did not establish enough exact current-status evidence; no result is not a discontinuation finding.,"Does the exact current global manufacturer listing apply to the United States despite the ended UDI evidence?|Is there a current official U.S. product page, labeling document, or discontinuation notice for this exact identifier?",keep_hidden_insufficient_evidence,https://www.micro-tech-medical.com/products/Tracheal-Bronchial-Stents.html|https://api.fda.gov/device/enforcement.json?search=product_description%3A%22ST02-332-14.050%22&limit=100|https://api.fda.gov/device/recall.json?search=product_description%3A%22ST02-332-14.050%22&limit=100,false
PRD-E27A6FA17A,ERBE,"Bipolar Connecting Cable, Standard, 5 m, for Fixation Forceps",20196-060,,insufficient_evidence,low,none,no_exact_result,no_result,not_found,not_searched,,searched,no_exact_action_found,unknown,,not_applicable,Identity method: none. UDI assessment: no_exact_result. Manufacturer finding: not_searched. Completed or permitted searches did not establish enough exact current-status evidence; no result is not a discontinuation finding.,"Is there a current official U.S. product page, labeling document, or discontinuation notice for this exact identifier?",keep_hidden_insufficient_evidence,https://us.erbe-med.com/fileadmin/user_upload/documents/PDF/Catalogs/complete_Catalogs/85100-100_EN_Product-catalog.pdf|https://api.fda.gov/device/enforcement.json?search=product_description%3A%2220196-060%22&limit=100|https://api.fda.gov/device/recall.json?search=product_description%3A%2220196-060%22&limit=100,false
PRD-E3C70517F3,Novatech,NOVATECH EWS Size S,01EWS3S,,insufficient_evidence,low,none,no_exact_result,no_result,not_found,current_non_us,,searched,no_exact_action_found,unknown,,not_applicable,Identity method: none. UDI assessment: no_exact_result. Manufacturer finding: current_non_us. Completed or permitted searches did not establish enough exact current-status evidence; no result is not a discontinuation finding.,"Does the exact current global manufacturer listing apply to the United States despite the ended UDI evidence?|Is there a current official U.S. product page, labeling document, or discontinuation notice for this exact identifier?",keep_hidden_insufficient_evidence,https://novatech.fr/en/ews/ews|https://api.fda.gov/device/enforcement.json?search=product_description%3A%2201EWS3S%22&limit=100|https://api.fda.gov/device/recall.json?search=product_description%3A%2201EWS3S%22&limit=100,false
PRD-E4277B23A8,Richard Wolf,HEMER Bronchoscope Tube Bundle,8214.0941,,insufficient_evidence,low,none,no_exact_result,no_result,not_found,current_non_us,,searched,no_exact_action_found,unknown,,not_applicable,Identity method: none. UDI assessment: no_exact_result. Manufacturer finding: current_non_us. Completed or permitted searches did not establish enough exact current-status evidence; no result is not a discontinuation finding.,"Does the exact current global manufacturer listing apply to the United States despite the ended UDI evidence?|Is there a current official U.S. product page, labeling document, or discontinuation notice for this exact identifier?",keep_hidden_insufficient_evidence,https://www.richard-wolf.com/mam/data/Typo3/Kataloge/Broncho-_Thorako-_Mediastinoskopie/Thorakale_Endoskopie_en.pdf|https://api.fda.gov/device/enforcement.json?search=product_description%3A%228214.0941%22&limit=100|https://api.fda.gov/device/recall.json?search=product_description%3A%228214.0941%22&limit=100,false
PRD-E4B27EE86A,Karl Storz,Suction Tube with Cut-Off Hole,10383BL,,insufficient_evidence,low,exact_manufacturer_model_number,all_exact_configurations_active,search_incomplete,premarket_exempt,no_result,,searched,no_exact_action_found,unknown,,not_applicable,Identity method: exact_manufacturer_model_number. UDI assessment: all_exact_configurations_active. Manufacturer finding: no_result. Completed or permitted searches did not establish enough exact current-status evidence; no result is not a discontinuation finding.,"Is there a current official U.S. product page, labeling document, or discontinuation notice for this exact identifier?",keep_hidden_insufficient_evidence,https://www.karlstorz.com/us/en/thoracic-surgery-and-pulmonology.htm|https://api.fda.gov/device/udi.json?search=identifiers.id%3A%2204048551048016%22&limit=100|https://api.fda.gov/device/udi.json?search=version_or_model_number%3A%2210383BL%22&limit=100|https://api.fda.gov/device/classification.json?search=product_code%3A%22MDM%22&limit=100|https://api.fda.gov/device/enforcement.json?search=code_info%3A%2204048551048016%22&limit=100|https://api.fda.gov/device/enforcement.json?search=product_description%3A%2210383+BL%22&limit=100|https://api.fda.gov/device/recall.json?search=product_description%3A%2210383+BL%22&limit=100|https://api.fda.gov/device/recall.json?search=code_info%3A%2204048551048016%22&limit=100,false
PRD-E56FC05269,Karl Storz,Optical Universal Forceps,10350U,,insufficient_evidence,low,exact_manufacturer_model_number,all_exact_configurations_active,search_incomplete,not_found,no_result,,searched,no_exact_action_found,unknown,,not_applicable,Identity method: exact_manufacturer_model_number. UDI assessment: all_exact_configurations_active. Manufacturer finding: no_result. Completed or permitted searches did not establish enough exact current-status evidence; no result is not a discontinuation finding.,"Is there a current official U.S. product page, labeling document, or discontinuation notice for this exact identifier?",keep_hidden_insufficient_evidence,https://www.karlstorz.com/us/en/thoracic-surgery-and-pulmonology.htm|https://api.fda.gov/device/udi.json?search=identifiers.id%3A%2204048551046777%22&limit=100|https://api.fda.gov/device/udi.json?search=version_or_model_number%3A%2210350U%22&limit=100|https://api.fda.gov/device/classification.json?search=product_code%3A%22EOQ%22&limit=100|https://api.fda.gov/device/registrationlisting.json?search=products.product_code%3A%22EOQ%22&limit=100|https://api.fda.gov/device/enforcement.json?search=code_info%3A%2204048551046777%22&limit=100|https://api.fda.gov/device/enforcement.json?search=product_description%3A%2210350+U%22&limit=100|https://api.fda.gov/device/recall.json?search=product_description%3A%2210350+U%22&limit=100|https://api.fda.gov/device/recall.json?search=code_info%3A%2204048551046777%22&limit=100,false
PRD-E5D003B78D,ERBE,"Monopolar Adapter, Standard Socket to International 3-Pin",20183-028,,insufficient_evidence,low,none,no_exact_result,no_result,not_found,not_searched,,searched,no_exact_action_found,unknown,,not_applicable,Identity method: none. UDI assessment: no_exact_result. Manufacturer finding: not_searched. Completed or permitted searches did not establish enough exact current-status evidence; no result is not a discontinuation finding.,"Is there a current official U.S. product page, labeling document, or discontinuation notice for this exact identifier?",keep_hidden_insufficient_evidence,https://us.erbe-med.com/fileadmin/user_upload/documents/PDF/Catalogs/complete_Catalogs/85100-100_EN_Product-catalog.pdf|https://api.fda.gov/device/enforcement.json?search=product_description%3A%2220183-028%22&limit=100|https://api.fda.gov/device/recall.json?search=product_description%3A%2220183-028%22&limit=100,false
PRD-E6A1370266,Karl Storz,"Universal Bronchoscope Tube, Proximal Illumination, Size 8.5",10318BP,,insufficient_evidence,low,exact_manufacturer_model_number,all_exact_configurations_active,search_incomplete,not_found,no_result,,searched,no_exact_action_found,unknown,,not_applicable,Identity method: exact_manufacturer_model_number. UDI assessment: all_exact_configurations_active. Manufacturer finding: no_result. Completed or permitted searches did not establish enough exact current-status evidence; no result is not a discontinuation finding.,"Is there a current official U.S. product page, labeling document, or discontinuation notice for this exact identifier?",keep_hidden_insufficient_evidence,https://www.karlstorz.com/us/en/thoracic-surgery-and-pulmonology.htm|https://api.fda.gov/device/udi.json?search=identifiers.id%3A%2204048551045619%22&limit=100|https://api.fda.gov/device/udi.json?search=version_or_model_number%3A%2210318BP%22&limit=100|https://api.fda.gov/device/classification.json?search=product_code%3A%22EOQ%22&limit=100|https://api.fda.gov/device/registrationlisting.json?search=products.product_code%3A%22EOQ%22&limit=100|https://api.fda.gov/device/enforcement.json?search=product_description%3A%2210318+BP%22&limit=100|https://api.fda.gov/device/enforcement.json?search=code_info%3A%2204048551045619%22&limit=100|https://api.fda.gov/device/recall.json?search=code_info%3A%2204048551045619%22&limit=100|https://api.fda.gov/device/recall.json?search=product_description%3A%2210318+BP%22&limit=100,false
PRD-E91AF4A4B3,ERBE,"Monopolar Connecting Cable, Bovie Jack 8 mm to 4 mm, 4 m",20192-113,,insufficient_evidence,low,none,no_exact_result,no_result,not_found,not_searched,,searched,no_exact_action_found,unknown,,not_applicable,Identity method: none. UDI assessment: no_exact_result. Manufacturer finding: not_searched. Completed or permitted searches did not establish enough exact current-status evidence; no result is not a discontinuation finding.,"Is there a current official U.S. product page, labeling document, or discontinuation notice for this exact identifier?",keep_hidden_insufficient_evidence,https://us.erbe-med.com/fileadmin/user_upload/documents/PDF/Catalogs/complete_Catalogs/85100-100_EN_Product-catalog.pdf|https://api.fda.gov/device/enforcement.json?search=product_description%3A%2220192-113%22&limit=100|https://api.fda.gov/device/recall.json?search=product_description%3A%2220192-113%22&limit=100,false
PRD-EAED780757,Karl Storz,Flexible Cannula with Silicone Leaflet Valve,30120NL,,insufficient_evidence,low,exact_manufacturer_model_number,all_exact_configurations_active,search_incomplete,not_found,no_result,,searched,no_exact_action_found,unknown,,not_applicable,Identity method: exact_manufacturer_model_number. UDI assessment: all_exact_configurations_active. Manufacturer finding: no_result. Completed or permitted searches did not establish enough exact current-status evidence; no result is not a discontinuation finding.,"Is there a current official U.S. product page, labeling document, or discontinuation notice for this exact identifier?",keep_hidden_insufficient_evidence,https://www.karlstorz.com/us/en/thoracic-surgery-and-pulmonology.htm|https://api.fda.gov/device/udi.json?search=version_or_model_number%3A%2230120NL%22&limit=100|https://api.fda.gov/device/udi.json?search=identifiers.id%3A%2204048551119686%22&limit=100|https://api.fda.gov/device/classification.json?search=product_code%3A%22GCJ%22&limit=100|https://api.fda.gov/device/registrationlisting.json?search=products.product_code%3A%22GCJ%22&limit=100|https://api.fda.gov/device/enforcement.json?search=code_info%3A%2204048551119686%22&limit=100|https://api.fda.gov/device/enforcement.json?search=product_description%3A%2230120+NL%22&limit=100|https://api.fda.gov/device/recall.json?search=product_description%3A%2230120+NL%22&limit=100|https://api.fda.gov/device/recall.json?search=code_info%3A%2204048551119686%22&limit=100,false
PRD-EB01698273,Karl Storz,Optical Soft-Foreign-Body Forceps,10352KF,,insufficient_evidence,low,exact_manufacturer_catalog_number,all_exact_configurations_active,search_incomplete,not_found,no_result,,searched,no_exact_action_found,unknown,,not_applicable,Identity method: exact_manufacturer_catalog_number. UDI assessment: all_exact_configurations_active. Manufacturer finding: no_result. Completed or permitted searches did not establish enough exact current-status evidence; no result is not a discontinuation finding.,"Is there a current official U.S. product page, labeling document, or discontinuation notice for this exact identifier?",keep_hidden_insufficient_evidence,https://www.karlstorz.com/us/en/thoracic-surgery-and-pulmonology.htm|https://api.fda.gov/device/udi.json?search=identifiers.id%3A%2204048551046807%22&limit=100|https://api.fda.gov/device/udi.json?search=catalog_number%3A%2210352KF%22&limit=100|https://api.fda.gov/device/udi.json?search=version_or_model_number%3A%2210352KF%22&limit=100|https://api.fda.gov/device/classification.json?search=product_code%3A%22EOQ%22&limit=100|https://api.fda.gov/device/registrationlisting.json?search=products.product_code%3A%22EOQ%22&limit=100|https://api.fda.gov/device/enforcement.json?search=product_description%3A%2210352+KF%22&limit=100|https://api.fda.gov/device/enforcement.json?search=code_info%3A%2204048551046807%22&limit=100|https://api.fda.gov/device/recall.json?search=product_description%3A%2210352+KF%22&limit=100|https://api.fda.gov/device/recall.json?search=code_info%3A%2204048551046807%22&limit=100,false
PRD-EB97D9D3E6,Olympus,Spiration Valve in Cartridge – 5 mm (HUD air-leak configuration),REF-HUS-V5,,insufficient_evidence,low,none,no_exact_result,no_result,not_found,no_result,,searched,no_exact_action_found,unknown,,not_applicable,Identity method: none. UDI assessment: no_exact_result. Manufacturer finding: no_result. Completed or permitted searches did not establish enough exact current-status evidence; no result is not a discontinuation finding.,"Is there a current official U.S. product page, labeling document, or discontinuation notice for this exact identifier?",keep_hidden_insufficient_evidence,https://content.medical.olympusamerica.com/sites/default/files/us/files/pdf/SVS-Air-Leak-Product-Order-Information_FINAL.pdf|https://api.fda.gov/device/enforcement.json?search=product_description%3A%22REF-HUS-V5%22&limit=100|https://api.fda.gov/device/recall.json?search=product_description%3A%22REF-HUS-V5%22&limit=100,false
PRD-EC45CB0F5D,Karl Storz,HOPKINS Straight Forward Telescope,10320AA,,insufficient_evidence,low,exact_manufacturer_model_number,all_exact_configurations_active,search_incomplete,not_found,no_result,,searched,no_exact_action_found,unknown,,not_applicable,Identity method: exact_manufacturer_model_number. UDI assessment: all_exact_configurations_active. Manufacturer finding: no_result. Completed or permitted searches did not establish enough exact current-status evidence; no result is not a discontinuation finding.,"Is there a current official U.S. product page, labeling document, or discontinuation notice for this exact identifier?",keep_hidden_insufficient_evidence,https://www.karlstorz.com/us/en/thoracic-surgery-and-pulmonology.htm|https://api.fda.gov/device/udi.json?search=identifiers.id%3A%2204048551045886%22&limit=100|https://api.fda.gov/device/udi.json?search=version_or_model_number%3A%2210320AA%22&limit=100|https://api.fda.gov/device/classification.json?search=product_code%3A%22EOB%22&limit=100|https://api.fda.gov/device/registrationlisting.json?search=products.product_code%3A%22EOB%22&limit=100|https://api.fda.gov/device/enforcement.json?search=code_info%3A%2204048551045886%22&limit=100|https://api.fda.gov/device/enforcement.json?search=product_description%3A%2210320+AA%22&limit=100|https://api.fda.gov/device/recall.json?search=code_info%3A%2204048551045886%22&limit=100|https://api.fda.gov/device/recall.json?search=product_description%3A%2210320+AA%22&limit=100,false
PRD-EC8645595D,ERBE,"Return-Electrode Connecting Cable, Standard, 5 m, Silicone",20194-088,,insufficient_evidence,low,none,no_exact_result,no_result,not_found,not_searched,,searched,no_exact_action_found,unknown,,not_applicable,Identity method: none. UDI assessment: no_exact_result. Manufacturer finding: not_searched. Completed or permitted searches did not establish enough exact current-status evidence; no result is not a discontinuation finding.,"Is there a current official U.S. product page, labeling document, or discontinuation notice for this exact identifier?",keep_hidden_insufficient_evidence,https://us.erbe-med.com/fileadmin/user_upload/documents/PDF/Catalogs/complete_Catalogs/85100-100_EN_Product-catalog.pdf|https://api.fda.gov/device/enforcement.json?search=product_description%3A%2220194-088%22&limit=100|https://api.fda.gov/device/recall.json?search=product_description%3A%2220194-088%22&limit=100,false
PRD-EC8FB40FB0,ERBE,Adapter for APCapplicator to APC 2 Standard Socket,20132-249,,insufficient_evidence,low,none,no_exact_result,no_result,not_found,not_searched,,searched,no_exact_action_found,unknown,,not_applicable,Identity method: none. UDI assessment: no_exact_result. Manufacturer finding: not_searched. Completed or permitted searches did not establish enough exact current-status evidence; no result is not a discontinuation finding.,"Is there a current official U.S. product page, labeling document, or discontinuation notice for this exact identifier?",keep_hidden_insufficient_evidence,https://us.erbe-med.com/fileadmin/user_upload/documents/PDF/Catalogs/complete_Catalogs/85100-100_EN_Product-catalog.pdf|https://api.fda.gov/device/enforcement.json?search=product_description%3A%2220132-249%22&limit=100|https://api.fda.gov/device/recall.json?search=product_description%3A%2220132-249%22&limit=100,false
PRD-ED5A6147B6,Richard Wolf,Biopsy Valve Receptacle,15114175,,insufficient_evidence,low,none,no_exact_result,no_result,not_found,current_non_us,,searched,no_exact_action_found,unknown,,not_applicable,Identity method: none. UDI assessment: no_exact_result. Manufacturer finding: current_non_us. Completed or permitted searches did not establish enough exact current-status evidence; no result is not a discontinuation finding.,"Does the exact current global manufacturer listing apply to the United States despite the ended UDI evidence?|Is there a current official U.S. product page, labeling document, or discontinuation notice for this exact identifier?",keep_hidden_insufficient_evidence,https://www.richard-wolf.com/mam/data/Typo3/Kataloge/Broncho-_Thorako-_Mediastinoskopie/Thorakale_Endoskopie_en.pdf|https://api.fda.gov/device/enforcement.json?search=product_description%3A%2215114175%22&limit=100|https://api.fda.gov/device/recall.json?search=product_description%3A%2215114175%22&limit=100,false
PRD-EE226986CB,ERBE,"Monopolar Adapter, Standard Socket to Martin",20183-047,,insufficient_evidence,low,none,no_exact_result,no_result,not_found,not_searched,,searched,no_exact_action_found,unknown,,not_applicable,Identity method: none. UDI assessment: no_exact_result. Manufacturer finding: not_searched. Completed or permitted searches did not establish enough exact current-status evidence; no result is not a discontinuation finding.,"Is there a current official U.S. product page, labeling document, or discontinuation notice for this exact identifier?",keep_hidden_insufficient_evidence,https://us.erbe-med.com/fileadmin/user_upload/documents/PDF/Catalogs/complete_Catalogs/85100-100_EN_Product-catalog.pdf|https://api.fda.gov/device/enforcement.json?search=product_description%3A%2220183-047%22&limit=100|https://api.fda.gov/device/recall.json?search=product_description%3A%2220183-047%22&limit=100,false
PRD-EF96863018,Thoracent / M.I.Tech,Bonastent Tracheobronchial Stent,BTB-148009,,insufficient_evidence,low,none,no_exact_result,no_result,not_found,not_searched,,searched,no_exact_action_found,unknown,,not_applicable,Identity method: none. UDI assessment: no_exact_result. Manufacturer finding: not_searched. Completed or permitted searches did not establish enough exact current-status evidence; no result is not a discontinuation finding.,"Is there a current official U.S. product page, labeling document, or discontinuation notice for this exact identifier?",keep_hidden_insufficient_evidence,https://api.fda.gov/device/enforcement.json?search=product_description%3A%22BTB-148009%22&limit=100|https://api.fda.gov/device/recall.json?search=product_description%3A%22BTB-148009%22&limit=100,false
PRD-EFB3CF2E71,Thoracent / M.I.Tech,Bonastent Tracheobronchial Stent,BTB-183009,,insufficient_evidence,low,none,no_exact_result,no_result,not_found,not_searched,,searched,no_exact_action_found,unknown,,not_applicable,Identity method: none. UDI assessment: no_exact_result. Manufacturer finding: not_searched. Completed or permitted searches did not establish enough exact current-status evidence; no result is not a discontinuation finding.,"Is there a current official U.S. product page, labeling document, or discontinuation notice for this exact identifier?",keep_hidden_insufficient_evidence,https://api.fda.gov/device/enforcement.json?search=product_description%3A%22BTB-183009%22&limit=100|https://api.fda.gov/device/recall.json?search=product_description%3A%22BTB-183009%22&limit=100,false
PRD-F146CD24CF,Karl Storz,"Universal Bronchoscope Tube, Proximal Illumination, Size 6.5",10318DP,,insufficient_evidence,low,exact_manufacturer_model_number,all_exact_configurations_active,search_incomplete,not_found,no_result,,searched,no_exact_action_found,unknown,,not_applicable,Identity method: exact_manufacturer_model_number. UDI assessment: all_exact_configurations_active. Manufacturer finding: no_result. Completed or permitted searches did not establish enough exact current-status evidence; no result is not a discontinuation finding.,"Is there a current official U.S. product page, labeling document, or discontinuation notice for this exact identifier?",keep_hidden_insufficient_evidence,https://www.karlstorz.com/us/en/thoracic-surgery-and-pulmonology.htm|https://api.fda.gov/device/udi.json?search=version_or_model_number%3A%2210318DP%22&limit=100|https://api.fda.gov/device/udi.json?search=identifiers.id%3A%2204048551045657%22&limit=100|https://api.fda.gov/device/classification.json?search=product_code%3A%22EOQ%22&limit=100|https://api.fda.gov/device/registrationlisting.json?search=products.product_code%3A%22EOQ%22&limit=100|https://api.fda.gov/device/enforcement.json?search=product_description%3A%2210318+DP%22&limit=100|https://api.fda.gov/device/enforcement.json?search=code_info%3A%2204048551045657%22&limit=100|https://api.fda.gov/device/recall.json?search=product_description%3A%2210318+DP%22&limit=100|https://api.fda.gov/device/recall.json?search=code_info%3A%2204048551045657%22&limit=100,false
PRD-F14EF79E1A,Karl Storz,Respirator Adapter,10924D,,insufficient_evidence,low,exact_manufacturer_catalog_number,all_exact_configurations_active,search_incomplete,not_found,no_result,,searched,no_exact_action_found,unknown,,not_applicable,Identity method: exact_manufacturer_catalog_number. UDI assessment: all_exact_configurations_active. Manufacturer finding: no_result. Completed or permitted searches did not establish enough exact current-status evidence; no result is not a discontinuation finding.,"Is there a current official U.S. product page, labeling document, or discontinuation notice for this exact identifier?",keep_hidden_insufficient_evidence,https://www.karlstorz.com/us/en/thoracic-surgery-and-pulmonology.htm|https://api.fda.gov/device/udi.json?search=version_or_model_number%3A%2210924D%22&limit=100|https://api.fda.gov/device/udi.json?search=identifiers.id%3A%2204048551049525%22&limit=100|https://api.fda.gov/device/udi.json?search=catalog_number%3A%2210924D%22&limit=100|https://api.fda.gov/device/classification.json?search=product_code%3A%22EOQ%22&limit=100|https://api.fda.gov/device/registrationlisting.json?search=products.product_code%3A%22EOQ%22&limit=100|https://api.fda.gov/device/enforcement.json?search=product_description%3A%2210924+D%22&limit=100|https://api.fda.gov/device/enforcement.json?search=code_info%3A%2204048551049525%22&limit=100|https://api.fda.gov/device/recall.json?search=code_info%3A%2204048551049525%22&limit=100|https://api.fda.gov/device/recall.json?search=product_description%3A%2210924+D%22&limit=100,false
PRD-F1632F4CEC,ERBE,CO2 Gas Bottle Adapter G,20410-016,,insufficient_evidence,low,none,no_exact_result,no_result,not_found,no_result,,searched,no_exact_action_found,unknown,,not_applicable,Identity method: none. UDI assessment: no_exact_result. Manufacturer finding: no_result. Completed or permitted searches did not establish enough exact current-status evidence; no result is not a discontinuation finding.,"Is there a current official U.S. product page, labeling document, or discontinuation notice for this exact identifier?",keep_hidden_insufficient_evidence,https://us.erbe-med.com/fileadmin/user_upload/documents/PDF/USA/MKT-5074_ERBECRYO-2_2023-06.pdf|https://api.fda.gov/device/enforcement.json?search=product_description%3A%2220410-016%22&limit=100|https://api.fda.gov/device/recall.json?search=product_description%3A%2220410-016%22&limit=100,false
PRD-F1712066B6,Karl Storz,HOPKINS II Thoracoscopy Telescope,26072BA,,insufficient_evidence,low,exact_manufacturer_model_number,all_exact_configurations_active,search_incomplete,not_found,no_result,,searched,no_exact_action_found,unknown,,not_applicable,Identity method: exact_manufacturer_model_number. UDI assessment: all_exact_configurations_active. Manufacturer finding: no_result. Completed or permitted searches did not establish enough exact current-status evidence; no result is not a discontinuation finding.,"Is there a current official U.S. product page, labeling document, or discontinuation notice for this exact identifier?",keep_hidden_insufficient_evidence,https://www.karlstorz.com/us/en/thoracic-surgery-and-pulmonology.htm|https://api.fda.gov/device/udi.json?search=identifiers.id%3A%2204048551093047%22&limit=100|https://api.fda.gov/device/udi.json?search=version_or_model_number%3A%2226072BA%22&limit=100|https://api.fda.gov/device/classification.json?search=product_code%3A%22EOB%22&limit=100|https://api.fda.gov/device/registrationlisting.json?search=products.product_code%3A%22EOB%22&limit=100|https://api.fda.gov/device/enforcement.json?search=product_description%3A%2226072+BA%22&limit=100|https://api.fda.gov/device/enforcement.json?search=code_info%3A%2204048551093047%22&limit=100|https://api.fda.gov/device/recall.json?search=product_description%3A%2226072+BA%22&limit=100|https://api.fda.gov/device/recall.json?search=code_info%3A%2204048551093047%22&limit=100,false
PRD-F1A94DDA3B,Richard Wolf,"Fiber Light Cable 2.5 mm, 3 m (bundle)",806625301,,insufficient_evidence,low,none,no_exact_result,no_result,not_found,not_searched,,searched,no_exact_action_found,unknown,,not_applicable,Identity method: none. UDI assessment: no_exact_result. Manufacturer finding: not_searched. Completed or permitted searches did not establish enough exact current-status evidence; no result is not a discontinuation finding.,"Is there a current official U.S. product page, labeling document, or discontinuation notice for this exact identifier?",keep_hidden_insufficient_evidence,https://api.fda.gov/device/enforcement.json?search=product_description%3A%22806625301%22&limit=100|https://api.fda.gov/device/recall.json?search=product_description%3A%22806625301%22&limit=100,false
PRD-F1D5F37924,Karl Storz,Universal Rigid Bronchoscope Size 8.5,10318BK,,insufficient_evidence,low,none,no_exact_result,no_result,not_found,not_searched,,searched,no_exact_action_found,unknown,,not_applicable,Identity method: none. UDI assessment: no_exact_result. Manufacturer finding: not_searched. Completed or permitted searches did not establish enough exact current-status evidence; no result is not a discontinuation finding.,"Is there a current official U.S. product page, labeling document, or discontinuation notice for this exact identifier?",keep_hidden_insufficient_evidence,https://api.fda.gov/device/enforcement.json?search=product_description%3A%2210318BK%22&limit=100|https://api.fda.gov/device/recall.json?search=product_description%3A%2210318BK%22&limit=100,false
PRD-F1DC24ED97,Richard Wolf,Optical Double-Spoon Biopsy Forceps,8464.63,,insufficient_evidence,low,none,no_exact_result,no_result,not_found,current_non_us,,searched,no_exact_action_found,unknown,,not_applicable,Identity method: none. UDI assessment: no_exact_result. Manufacturer finding: current_non_us. Completed or permitted searches did not establish enough exact current-status evidence; no result is not a discontinuation finding.,"Does the exact current global manufacturer listing apply to the United States despite the ended UDI evidence?|Is there a current official U.S. product page, labeling document, or discontinuation notice for this exact identifier?",keep_hidden_insufficient_evidence,https://www.richard-wolf.com/mam/data/Typo3/Kataloge/Broncho-_Thorako-_Mediastinoskopie/Thorakale_Endoskopie_en.pdf|https://api.fda.gov/device/enforcement.json?search=product_description%3A%228464.63%22&limit=100|https://api.fda.gov/device/recall.json?search=product_description%3A%228464.63%22&limit=100,false
PRD-F40F385751,Richard Wolf,"Optical Biopsy Forceps, Straight",8465.63,,insufficient_evidence,low,none,no_exact_result,no_result,not_found,current_non_us,,searched,no_exact_action_found,unknown,,not_applicable,Identity method: none. UDI assessment: no_exact_result. Manufacturer finding: current_non_us. Completed or permitted searches did not establish enough exact current-status evidence; no result is not a discontinuation finding.,"Does the exact current global manufacturer listing apply to the United States despite the ended UDI evidence?|Is there a current official U.S. product page, labeling document, or discontinuation notice for this exact identifier?",keep_hidden_insufficient_evidence,https://www.richard-wolf.com/mam/data/Typo3/Kataloge/Broncho-_Thorako-_Mediastinoskopie/Thorakale_Endoskopie_en.pdf|https://api.fda.gov/device/enforcement.json?search=product_description%3A%228465.63%22&limit=100|https://api.fda.gov/device/recall.json?search=product_description%3A%228465.63%22&limit=100,false
PRD-F43B951B75,Micro-Tech / Thoracent,Micro Retrieval Net,MED-194-NET,,insufficient_evidence,low,none,no_exact_result,no_result,not_found,not_searched,,searched,no_exact_action_found,unknown,,not_applicable,Identity method: none. UDI assessment: no_exact_result. Manufacturer finding: not_searched. Completed or permitted searches did not establish enough exact current-status evidence; no result is not a discontinuation finding.,"Is there a current official U.S. product page, labeling document, or discontinuation notice for this exact identifier?",keep_hidden_insufficient_evidence,https://api.fda.gov/device/enforcement.json?search=product_description%3A%22MED-194-NET%22&limit=100|https://api.fda.gov/device/recall.json?search=product_description%3A%22MED-194-NET%22&limit=100,false
PRD-F510911B2C,Olympus,OFP-2 Flushing Pump,OFP-2,,insufficient_evidence,low,none,no_exact_result,no_result,not_found,current_exact_official_us_product,,not_searched,unknown,unknown,,not_applicable,Identity method: none. UDI assessment: no_exact_result. Manufacturer finding: current_exact_official_us_product. Completed or permitted searches did not establish enough exact current-status evidence; no result is not a discontinuation finding.,"Is there a current official U.S. product page, labeling document, or discontinuation notice for this exact identifier?",keep_hidden_insufficient_evidence,https://content.medical.olympusamerica.com/products/accessory-solutions,false
PRD-F53A443D66,Richard Wolf,"Operative Telescope 5.5 mm, 0°, with 3.5 mm Working Channel (bundle)",89204015,,insufficient_evidence,low,none,no_exact_result,no_result,not_found,not_searched,,searched,no_exact_action_found,unknown,,not_applicable,Identity method: none. UDI assessment: no_exact_result. Manufacturer finding: not_searched. Completed or permitted searches did not establish enough exact current-status evidence; no result is not a discontinuation finding.,"Is there a current official U.S. product page, labeling document, or discontinuation notice for this exact identifier?",keep_hidden_insufficient_evidence,https://api.fda.gov/device/enforcement.json?search=product_description%3A%2289204015%22&limit=100|https://api.fda.gov/device/recall.json?search=product_description%3A%2289204015%22&limit=100,false
PRD-F5D70D6AB9,OmniGuide,BeamPath CO2 Mark III Waveguide Fiber,,,insufficient_evidence,low,none,no_exact_result,no_result,not_found,not_searched,,not_searched,unknown,unknown,,not_applicable,Identity method: none. UDI assessment: no_exact_result. Manufacturer finding: not_searched. Completed or permitted searches did not establish enough exact current-status evidence; no result is not a discontinuation finding.,"Is there a current official U.S. product page, labeling document, or discontinuation notice for this exact identifier?",keep_hidden_insufficient_evidence,,false
PRD-F7968862EF,Richard Wolf,ERAGONbipolar Jaw Insert,82340024,,insufficient_evidence,low,none,no_exact_result,no_result,not_found,current_non_us,,searched,no_exact_action_found,unknown,,not_applicable,Identity method: none. UDI assessment: no_exact_result. Manufacturer finding: current_non_us. Completed or permitted searches did not establish enough exact current-status evidence; no result is not a discontinuation finding.,"Does the exact current global manufacturer listing apply to the United States despite the ended UDI evidence?|Is there a current official U.S. product page, labeling document, or discontinuation notice for this exact identifier?",keep_hidden_insufficient_evidence,https://www.richard-wolf.com/mam/data/Typo3/Kataloge/Broncho-_Thorako-_Mediastinoskopie/Thorakale_Endoskopie_en.pdf|https://api.fda.gov/device/enforcement.json?search=product_description%3A%2282340024%22&limit=100|https://api.fda.gov/device/recall.json?search=product_description%3A%2282340024%22&limit=100,false
PRD-F7981773F7,Micro-Tech Endoscopy,Micro-Tech Partially covered Straight Tracheal Stent,ST02-332-16.050,,insufficient_evidence,low,none,no_exact_result,no_result,not_found,current_non_us,,searched,no_exact_action_found,unknown,,not_applicable,Identity method: none. UDI assessment: no_exact_result. Manufacturer finding: current_non_us. Completed or permitted searches did not establish enough exact current-status evidence; no result is not a discontinuation finding.,"Does the exact current global manufacturer listing apply to the United States despite the ended UDI evidence?|Is there a current official U.S. product page, labeling document, or discontinuation notice for this exact identifier?",keep_hidden_insufficient_evidence,https://www.micro-tech-medical.com/products/Tracheal-Bronchial-Stents.html|https://api.fda.gov/device/enforcement.json?search=product_description%3A%22ST02-332-16.050%22&limit=100|https://api.fda.gov/device/recall.json?search=product_description%3A%22ST02-332-16.050%22&limit=100,false
PRD-F8B8727229,Cardinal Health,"Argyle PVC Thoracic Catheter – Right‑Angle, 28 Fr × 20 in",8888571042,,insufficient_evidence,low,exact_manufacturer_catalog_number,all_exact_configurations_ended,search_incomplete,premarket_exempt,not_searched,,searched,no_exact_action_found,unknown,,not_applicable,Identity method: exact_manufacturer_catalog_number. UDI assessment: all_exact_configurations_ended. Manufacturer finding: not_searched. Completed or permitted searches did not establish enough exact current-status evidence; no result is not a discontinuation finding.,"Is there a current official U.S. product page, labeling document, or discontinuation notice for this exact identifier?",keep_hidden_insufficient_evidence,https://api.fda.gov/device/udi.json?search=version_or_model_number%3A%228888571042%22&limit=100|https://api.fda.gov/device/udi.json?search=catalog_number%3A%228888571042%22&limit=100|https://api.fda.gov/device/udi.json?search=version_or_model_number%3A%228888571042%22&limit=100|https://api.fda.gov/device/udi.json?search=catalog_number%3A%228888571042%22&limit=100|https://api.fda.gov/device/udi.json?search=identifiers.id%3A%2210884521050914%22&limit=100|https://api.fda.gov/device/classification.json?search=product_code%3A%22JOL%22&limit=100|https://api.fda.gov/device/enforcement.json?search=code_info%3A%2220884521050911%22&limit=100|https://api.fda.gov/device/enforcement.json?search=code_info%3A%2200884521060923%22&limit=100|https://api.fda.gov/device/enforcement.json?search=product_description%3A%228888571042%22&limit=100|https://api.fda.gov/device/enforcement.json?search=code_info%3A%2210884521060920%22&limit=100|https://api.fda.gov/device/enforcement.json?search=code_info%3A%2210884521050914%22&limit=100|https://api.fda.gov/device/recall.json?search=code_info%3A%2210884521050914%22&limit=100|https://api.fda.gov/device/recall.json?search=code_info%3A%2200884521060923%22&limit=100|https://api.fda.gov/device/recall.json?search=product_description%3A%228888571042%22&limit=100|https://api.fda.gov/device/recall.json?search=code_info%3A%2220884521050911%22&limit=100|https://api.fda.gov/device/recall.json?search=code_info%3A%2210884521060920%22&limit=100,false
PRD-F96DCD2AC6,Karl Storz,Full Lumen Operating Tracheoscope,10318F,,insufficient_evidence,low,exact_manufacturer_catalog_number,all_exact_configurations_active,search_incomplete,not_found,no_result,,searched,no_exact_action_found,unknown,,not_applicable,Identity method: exact_manufacturer_catalog_number. UDI assessment: all_exact_configurations_active. Manufacturer finding: no_result. Completed or permitted searches did not establish enough exact current-status evidence; no result is not a discontinuation finding.,"Is there a current official U.S. product page, labeling document, or discontinuation notice for this exact identifier?",keep_hidden_insufficient_evidence,https://www.karlstorz.com/us/en/thoracic-surgery-and-pulmonology.htm|https://api.fda.gov/device/udi.json?search=catalog_number%3A%2210318F%22&limit=100|https://api.fda.gov/device/udi.json?search=version_or_model_number%3A%2210318F%22&limit=100|https://api.fda.gov/device/udi.json?search=identifiers.id%3A%2204048551045701%22&limit=100|https://api.fda.gov/device/classification.json?search=product_code%3A%22EOQ%22&limit=100|https://api.fda.gov/device/registrationlisting.json?search=products.product_code%3A%22EOQ%22&limit=100|https://api.fda.gov/device/enforcement.json?search=product_description%3A%2210318+F%22&limit=100|https://api.fda.gov/device/enforcement.json?search=code_info%3A%2204048551045701%22&limit=100|https://api.fda.gov/device/recall.json?search=product_description%3A%2210318+F%22&limit=100|https://api.fda.gov/device/recall.json?search=code_info%3A%2204048551045701%22&limit=100,false
PRD-F980B28A34,Thoracent / M.I.Tech,Bonastent Tracheobronchial Stent,BTB-165009,,insufficient_evidence,low,none,no_exact_result,no_result,not_found,not_searched,,searched,no_exact_action_found,unknown,,not_applicable,Identity method: none. UDI assessment: no_exact_result. Manufacturer finding: not_searched. Completed or permitted searches did not establish enough exact current-status evidence; no result is not a discontinuation finding.,"Is there a current official U.S. product page, labeling document, or discontinuation notice for this exact identifier?",keep_hidden_insufficient_evidence,https://api.fda.gov/device/enforcement.json?search=product_description%3A%22BTB-165009%22&limit=100|https://api.fda.gov/device/recall.json?search=product_description%3A%22BTB-165009%22&limit=100,false
PRD-F9A98419EA,Karl Storz,Flexible Small Biopsy Forceps,10358B,,insufficient_evidence,low,exact_manufacturer_catalog_number,all_exact_configurations_active,search_incomplete,not_found,no_result,,searched,no_exact_action_found,unknown,,not_applicable,Identity method: exact_manufacturer_catalog_number. UDI assessment: all_exact_configurations_active. Manufacturer finding: no_result. Completed or permitted searches did not establish enough exact current-status evidence; no result is not a discontinuation finding.,"Is there a current official U.S. product page, labeling document, or discontinuation notice for this exact identifier?",keep_hidden_insufficient_evidence,https://www.karlstorz.com/us/en/thoracic-surgery-and-pulmonology.htm|https://api.fda.gov/device/udi.json?search=catalog_number%3A%2210358B%22&limit=100|https://api.fda.gov/device/udi.json?search=version_or_model_number%3A%2210358B%22&limit=100|https://api.fda.gov/device/udi.json?search=identifiers.id%3A%2204048551046920%22&limit=100|https://api.fda.gov/device/classification.json?search=product_code%3A%22EOQ%22&limit=100|https://api.fda.gov/device/registrationlisting.json?search=products.product_code%3A%22EOQ%22&limit=100|https://api.fda.gov/device/enforcement.json?search=product_description%3A%2210358+B%22&limit=100|https://api.fda.gov/device/enforcement.json?search=code_info%3A%2204048551046920%22&limit=100|https://api.fda.gov/device/recall.json?search=code_info%3A%2204048551046920%22&limit=100|https://api.fda.gov/device/recall.json?search=product_description%3A%2210358+B%22&limit=100,false
PRD-F9C809D277,ERBE,"Monopolar Connecting Cable, Standard, 4 m, for CUT/COAG 4 mm Instruments",20192-104,,insufficient_evidence,low,none,no_exact_result,no_result,not_found,not_searched,,searched,no_exact_action_found,unknown,,not_applicable,Identity method: none. UDI assessment: no_exact_result. Manufacturer finding: not_searched. Completed or permitted searches did not establish enough exact current-status evidence; no result is not a discontinuation finding.,"Is there a current official U.S. product page, labeling document, or discontinuation notice for this exact identifier?",keep_hidden_insufficient_evidence,https://us.erbe-med.com/fileadmin/user_upload/documents/PDF/Catalogs/complete_Catalogs/85100-100_EN_Product-catalog.pdf|https://api.fda.gov/device/enforcement.json?search=product_description%3A%2220192-104%22&limit=100|https://api.fda.gov/device/recall.json?search=product_description%3A%2220192-104%22&limit=100,false
PRD-FBE99854E1,Thoracent / M.I.Tech,Bonastent Tracheobronchial Stent,BTB-122009,,insufficient_evidence,low,none,no_exact_result,no_result,not_found,not_searched,,searched,no_exact_action_found,unknown,,not_applicable,Identity method: none. UDI assessment: no_exact_result. Manufacturer finding: not_searched. Completed or permitted searches did not establish enough exact current-status evidence; no result is not a discontinuation finding.,"Is there a current official U.S. product page, labeling document, or discontinuation notice for this exact identifier?",keep_hidden_insufficient_evidence,https://api.fda.gov/device/enforcement.json?search=product_description%3A%22BTB-122009%22&limit=100|https://api.fda.gov/device/recall.json?search=product_description%3A%22BTB-122009%22&limit=100,false
PRD-FD23D11B2B,Richard Wolf,"Dissection Forceps, Monopolar, 3.5 mm (bundle)",83912227,,insufficient_evidence,low,exact_manufacturer_catalog_number,all_exact_configurations_active,search_incomplete,not_found,not_searched,,searched,no_exact_action_found,unknown,,not_applicable,Identity method: exact_manufacturer_catalog_number. UDI assessment: all_exact_configurations_active. Manufacturer finding: not_searched. Completed or permitted searches did not establish enough exact current-status evidence; no result is not a discontinuation finding.,"Is there a current official U.S. product page, labeling document, or discontinuation notice for this exact identifier?",keep_hidden_insufficient_evidence,https://api.fda.gov/device/udi.json?search=version_or_model_number%3A%2283912227%22&limit=100|https://api.fda.gov/device/udi.json?search=catalog_number%3A%2283912227%22&limit=100|https://api.fda.gov/device/classification.json?search=product_code%3A%22GCJ%22&limit=100|https://api.fda.gov/device/registrationlisting.json?search=products.product_code%3A%22GCJ%22&limit=100|https://api.fda.gov/device/enforcement.json?search=code_info%3A%2204055207062500%22&limit=100|https://api.fda.gov/device/enforcement.json?search=product_description%3A%2283912227%22&limit=100|https://api.fda.gov/device/recall.json?search=code_info%3A%2204055207062500%22&limit=100|https://api.fda.gov/device/recall.json?search=product_description%3A%2283912227%22&limit=100,false
PRD-FE67FEA4F0,Karl Storz,VERESS Pneumoperitoneum Needle,26120J,,insufficient_evidence,low,exact_manufacturer_model_number,all_exact_configurations_active,search_incomplete,not_found,no_result,,searched,no_exact_action_found,unknown,,not_applicable,Identity method: exact_manufacturer_model_number. UDI assessment: all_exact_configurations_active. Manufacturer finding: no_result. Completed or permitted searches did not establish enough exact current-status evidence; no result is not a discontinuation finding.,"Is there a current official U.S. product page, labeling document, or discontinuation notice for this exact identifier?",keep_hidden_insufficient_evidence,https://www.karlstorz.com/us/en/thoracic-surgery-and-pulmonology.htm|https://api.fda.gov/device/udi.json?search=version_or_model_number%3A%2226120J%22&limit=100|https://api.fda.gov/device/udi.json?search=identifiers.id%3A%2204048551093917%22&limit=100|https://api.fda.gov/device/classification.json?search=product_code%3A%22GCJ%22&limit=100|https://api.fda.gov/device/registrationlisting.json?search=products.product_code%3A%22GCJ%22&limit=100|https://api.fda.gov/device/enforcement.json?search=product_description%3A%2226120+J%22&limit=100|https://api.fda.gov/device/enforcement.json?search=code_info%3A%2204048551093917%22&limit=100|https://api.fda.gov/device/recall.json?search=product_description%3A%2226120+J%22&limit=100|https://api.fda.gov/device/recall.json?search=code_info%3A%2204048551093917%22&limit=100,false
PRD-FF130FCDC6,Karl Storz,Forceps for Peanuts/Soft Foreign Bodies,10372K,,insufficient_evidence,low,exact_manufacturer_catalog_number,all_exact_configurations_active,search_incomplete,not_found,no_result,,searched,no_exact_action_found,unknown,,not_applicable,Identity method: exact_manufacturer_catalog_number. UDI assessment: all_exact_configurations_active. Manufacturer finding: no_result. Completed or permitted searches did not establish enough exact current-status evidence; no result is not a discontinuation finding.,"Is there a current official U.S. product page, labeling document, or discontinuation notice for this exact identifier?",keep_hidden_insufficient_evidence,https://www.karlstorz.com/us/en/thoracic-surgery-and-pulmonology.htm|https://api.fda.gov/device/udi.json?search=identifiers.id%3A%2204048551047460%22&limit=100|https://api.fda.gov/device/udi.json?search=version_or_model_number%3A%2210372K%22&limit=100|https://api.fda.gov/device/udi.json?search=catalog_number%3A%2210372K%22&limit=100|https://api.fda.gov/device/classification.json?search=product_code%3A%22EOQ%22&limit=100|https://api.fda.gov/device/registrationlisting.json?search=products.product_code%3A%22EOQ%22&limit=100|https://api.fda.gov/device/enforcement.json?search=product_description%3A%2210372+K%22&limit=100|https://api.fda.gov/device/enforcement.json?search=code_info%3A%2204048551047460%22&limit=100|https://api.fda.gov/device/recall.json?search=code_info%3A%2204048551047460%22&limit=100|https://api.fda.gov/device/recall.json?search=product_description%3A%2210372+K%22&limit=100,false
