product_id,manufacturer,product_name,catalog_number,model_number,research_state,confidence,identity_match_method,udi_assessment,listing_assessment,authorization_finding,manufacturer_finding,conflict_flags,safety_search_status,safety_action_state,safety_action_scope,safety_action_references,visibility_review_eligibility,rationale,unresolved_questions,proposed_human_review_disposition,source_urls,canonical_change_applied
PRD-011BE58B2D,Karl Storz,Universal Forceps,10366U,,insufficient_evidence,low,exact_manufacturer_catalog_number,all_exact_configurations_active,search_incomplete,not_found,family_only_current,,searched,no_exact_action_found,unknown,,not_applicable,Identity method: exact_manufacturer_catalog_number. UDI assessment: all_exact_configurations_active. Manufacturer finding: family_only_current. Completed or permitted searches did not establish enough exact current-status evidence; no result is not a discontinuation finding.,"Is there a current official U.S. product page, labeling document, or discontinuation notice for this exact identifier?",keep_hidden_insufficient_evidence,https://www.karlstorz.com/us/en/thoracic-surgery-and-pulmonology.htm|https://api.fda.gov/device/udi.json?search=identifiers.id%3A%2204048551046999%22&limit=100|https://api.fda.gov/device/udi.json?search=version_or_model_number%3A%2210366U%22&limit=100|https://api.fda.gov/device/udi.json?search=catalog_number%3A%2210366U%22&limit=100|https://api.fda.gov/device/classification.json?search=product_code%3A%22EOQ%22&limit=100|https://api.fda.gov/device/registrationlisting.json?search=products.product_code%3A%22EOQ%22&limit=100|https://api.fda.gov/device/enforcement.json?search=product_description%3A%2210366+U%22&limit=100|https://api.fda.gov/device/enforcement.json?search=code_info%3A%2204048551046999%22&limit=100|https://api.fda.gov/device/recall.json?search=code_info%3A%2204048551046999%22&limit=100|https://api.fda.gov/device/recall.json?search=product_description%3A%2210366+U%22&limit=100,false
PRD-01F519887A,Richard Wolf,PANOVIEW ULTRA Telescope,89354426,,insufficient_evidence,low,exact_manufacturer_catalog_number,all_exact_configurations_active,search_incomplete,not_found,current_non_us,,searched,no_exact_action_found,unknown,,not_applicable,Identity method: exact_manufacturer_catalog_number. UDI assessment: all_exact_configurations_active. Manufacturer finding: current_non_us. Completed or permitted searches did not establish enough exact current-status evidence; no result is not a discontinuation finding.,"Does the exact current global manufacturer listing apply to the United States despite the ended UDI evidence?|Is there a current official U.S. product page, labeling document, or discontinuation notice for this exact identifier?",keep_hidden_insufficient_evidence,https://www.richard-wolf.com/mam/data/Typo3/Kataloge/Broncho-_Thorako-_Mediastinoskopie/Thorakale_Endoskopie_en.pdf|https://api.fda.gov/device/udi.json?search=version_or_model_number%3A%2289354426%22&limit=100|https://api.fda.gov/device/udi.json?search=identifiers.id%3A%2204055207058138%22&limit=100|https://api.fda.gov/device/udi.json?search=catalog_number%3A%2289354426%22&limit=100|https://api.fda.gov/device/classification.json?search=product_code%3A%22GCJ%22&limit=100|https://api.fda.gov/device/registrationlisting.json?search=products.product_code%3A%22GCJ%22&limit=100|https://api.fda.gov/device/enforcement.json?search=code_info%3A%2204055207058138%22&limit=100|https://api.fda.gov/device/enforcement.json?search=product_description%3A%2289354426%22&limit=100|https://api.fda.gov/device/recall.json?search=code_info%3A%2204055207058138%22&limit=100|https://api.fda.gov/device/recall.json?search=product_description%3A%2289354426%22&limit=100,false
PRD-0221D4FEAA,Richard Wolf,PANOVIEW ULTRA Telescope,8935461,,insufficient_evidence,low,exact_manufacturer_catalog_number,all_exact_configurations_active,search_incomplete,not_found,current_non_us,,searched,no_exact_action_found,unknown,,not_applicable,Identity method: exact_manufacturer_catalog_number. UDI assessment: all_exact_configurations_active. Manufacturer finding: current_non_us. Completed or permitted searches did not establish enough exact current-status evidence; no result is not a discontinuation finding.,"Does the exact current global manufacturer listing apply to the United States despite the ended UDI evidence?|Is there a current official U.S. product page, labeling document, or discontinuation notice for this exact identifier?",keep_hidden_insufficient_evidence,https://www.richard-wolf.com/mam/data/Typo3/Kataloge/Broncho-_Thorako-_Mediastinoskopie/Thorakale_Endoskopie_en.pdf|https://api.fda.gov/device/udi.json?search=identifiers.id%3A%2204055207058145%22&limit=100|https://api.fda.gov/device/udi.json?search=version_or_model_number%3A%228935461%22&limit=100|https://api.fda.gov/device/udi.json?search=catalog_number%3A%228935461%22&limit=100|https://api.fda.gov/device/classification.json?search=product_code%3A%22GCJ%22&limit=100|https://api.fda.gov/device/registrationlisting.json?search=products.product_code%3A%22GCJ%22&limit=100|https://api.fda.gov/device/enforcement.json?search=product_description%3A%228935461%22&limit=100|https://api.fda.gov/device/enforcement.json?search=code_info%3A%2204055207058145%22&limit=100|https://api.fda.gov/device/recall.json?search=product_description%3A%228935461%22&limit=100|https://api.fda.gov/device/recall.json?search=code_info%3A%2204055207058145%22&limit=100,false
PRD-023092D446,Richard Wolf,"Parenchyma Forceps 50 mm, Curved Right",8242.604,,identity_unresolved,low,exact_manufacturer_catalog_number,all_exact_configurations_ended,search_incomplete,premarket_exempt,current_non_us,identity|model|distribution,searched,no_exact_action_found,unknown,,not_applicable,Identity method: exact_manufacturer_catalog_number. UDI assessment: all_exact_configurations_ended. Manufacturer finding: current_non_us. Plausible records could not be tied conservatively to the exact catalog product.,Can the manufacturer confirm the exact U.S. catalog/model identity?|Does the exact current global manufacturer listing apply to the United States despite the ended UDI evidence?,keep_hidden_identity_unresolved,https://www.richard-wolf.com/mam/data/Typo3/Kataloge/Broncho-_Thorako-_Mediastinoskopie/Thorakale_Endoskopie_en.pdf|https://api.fda.gov/device/udi.json?search=identifiers.id%3A%2204055207014653%22&limit=100|https://api.fda.gov/device/udi.json?search=catalog_number%3A%228242.604%22&limit=100|https://api.fda.gov/device/classification.json?search=product_code%3A%22GEN%22&limit=100|https://api.fda.gov/device/enforcement.json?search=code_info%3A%2204055207014653%22&limit=100|https://api.fda.gov/device/enforcement.json?search=product_description%3A%228242.604%22&limit=100|https://api.fda.gov/device/recall.json?search=product_description%3A%228242.604%22&limit=100|https://api.fda.gov/device/recall.json?search=code_info%3A%2204055207014653%22&limit=100,false
PRD-02641F9166,Karl Storz,Round Spoon Biopsy Forceps,10371L,,insufficient_evidence,low,exact_manufacturer_catalog_number,all_exact_configurations_active,search_incomplete,not_found,family_only_current,,searched,no_exact_action_found,unknown,,not_applicable,Identity method: exact_manufacturer_catalog_number. UDI assessment: all_exact_configurations_active. Manufacturer finding: family_only_current. Completed or permitted searches did not establish enough exact current-status evidence; no result is not a discontinuation finding.,"Is there a current official U.S. product page, labeling document, or discontinuation notice for this exact identifier?",keep_hidden_insufficient_evidence,https://www.karlstorz.com/us/en/thoracic-surgery-and-pulmonology.htm|https://api.fda.gov/device/udi.json?search=catalog_number%3A%2210371L%22&limit=100|https://api.fda.gov/device/udi.json?search=identifiers.id%3A%2204048551047347%22&limit=100|https://api.fda.gov/device/udi.json?search=version_or_model_number%3A%2210371L%22&limit=100|https://api.fda.gov/device/classification.json?search=product_code%3A%22EOQ%22&limit=100|https://api.fda.gov/device/registrationlisting.json?search=products.product_code%3A%22EOQ%22&limit=100|https://api.fda.gov/device/enforcement.json?search=product_description%3A%2210371+L%22&limit=100|https://api.fda.gov/device/enforcement.json?search=code_info%3A%2204048551047347%22&limit=100|https://api.fda.gov/device/recall.json?search=product_description%3A%2210371+L%22&limit=100|https://api.fda.gov/device/recall.json?search=code_info%3A%2204048551047347%22&limit=100,false
PRD-027269F110,Richard Wolf,TipControl Articulated Scissors,823400003,,current_status_conflicted,moderate,exact_manufacturer_catalog_number,all_exact_configurations_ended,search_incomplete,premarket_exempt,current_non_us,distribution,searched,no_exact_action_found,unknown,,not_applicable,"Identity method: exact_manufacturer_catalog_number. UDI assessment: all_exact_configurations_ended. Manufacturer finding: current_non_us. An exact current non-U.S. manufacturer source has unresolved U.S. applicability against the ended exact UDI evidence, so a high-confidence negative is not supported.",Does the exact current global manufacturer listing apply to the United States despite the ended UDI evidence?|Which exact package/configuration status is current in the United States?,keep_hidden_conflicting,https://www.richard-wolf.com/mam/data/Typo3/Kataloge/Broncho-_Thorako-_Mediastinoskopie/Thorakale_Endoskopie_en.pdf|https://api.fda.gov/device/udi.json?search=identifiers.id%3A%2204055207056431%22&limit=100|https://api.fda.gov/device/udi.json?search=version_or_model_number%3A%22823400003%22&limit=100|https://api.fda.gov/device/udi.json?search=catalog_number%3A%22823400003%22&limit=100|https://api.fda.gov/device/classification.json?search=product_code%3A%22LRC%22&limit=100|https://api.fda.gov/device/registrationlisting.json?search=products.product_code%3A%22LRC%22&limit=100|https://api.fda.gov/device/enforcement.json?search=product_description%3A%22823400003%22&limit=100|https://api.fda.gov/device/enforcement.json?search=code_info%3A%2204055207056431%22&limit=100|https://api.fda.gov/device/recall.json?search=code_info%3A%2204055207056431%22&limit=100|https://api.fda.gov/device/recall.json?search=product_description%3A%22823400003%22&limit=100,false
PRD-042A57F191,Karl Storz,Coagulation Suction Tube,10390AN,,insufficient_evidence,low,exact_manufacturer_catalog_number,all_exact_configurations_active,search_incomplete,not_found,family_only_current,,searched,no_exact_action_found,unknown,,not_applicable,Identity method: exact_manufacturer_catalog_number. UDI assessment: all_exact_configurations_active. Manufacturer finding: family_only_current. Completed or permitted searches did not establish enough exact current-status evidence; no result is not a discontinuation finding.,"Is there a current official U.S. product page, labeling document, or discontinuation notice for this exact identifier?",keep_hidden_insufficient_evidence,https://www.karlstorz.com/us/en/thoracic-surgery-and-pulmonology.htm|https://api.fda.gov/device/udi.json?search=identifiers.id%3A%2204048551048368%22&limit=100|https://api.fda.gov/device/udi.json?search=catalog_number%3A%2210390AN%22&limit=100|https://api.fda.gov/device/udi.json?search=version_or_model_number%3A%2210390AN%22&limit=100|https://api.fda.gov/device/classification.json?search=product_code%3A%22EOB%22&limit=100|https://api.fda.gov/device/registrationlisting.json?search=products.product_code%3A%22EOB%22&limit=100|https://api.fda.gov/device/enforcement.json?search=product_description%3A%2210390+AN%22&limit=100|https://api.fda.gov/device/enforcement.json?search=code_info%3A%2204048551048368%22&limit=100|https://api.fda.gov/device/recall.json?search=product_description%3A%2210390+AN%22&limit=100|https://api.fda.gov/device/recall.json?search=code_info%3A%2204048551048368%22&limit=100,false
PRD-06D2F10782,Karl Storz,Positive-Pressure Ventilation Injection Cannula,10318K,,insufficient_evidence,low,exact_manufacturer_model_number,all_exact_configurations_active,search_incomplete,not_found,family_only_current,,searched,no_exact_action_found,unknown,,not_applicable,Identity method: exact_manufacturer_model_number. UDI assessment: all_exact_configurations_active. Manufacturer finding: family_only_current. Completed or permitted searches did not establish enough exact current-status evidence; no result is not a discontinuation finding.,"Is there a current official U.S. product page, labeling document, or discontinuation notice for this exact identifier?",keep_hidden_insufficient_evidence,https://www.karlstorz.com/us/en/thoracic-surgery-and-pulmonology.htm|https://api.fda.gov/device/udi.json?search=version_or_model_number%3A%2210318K%22&limit=100|https://api.fda.gov/device/udi.json?search=identifiers.id%3A%2204048551045756%22&limit=100|https://api.fda.gov/device/classification.json?search=product_code%3A%22EOQ%22&limit=100|https://api.fda.gov/device/registrationlisting.json?search=products.product_code%3A%22EOQ%22&limit=100|https://api.fda.gov/device/enforcement.json?search=product_description%3A%2210318+K%22&limit=100|https://api.fda.gov/device/enforcement.json?search=code_info%3A%2204048551045756%22&limit=100|https://api.fda.gov/device/recall.json?search=product_description%3A%2210318+K%22&limit=100|https://api.fda.gov/device/recall.json?search=code_info%3A%2204048551045756%22&limit=100,false
PRD-087FFD6337,Karl Storz,Rubber Telescope Guide,10315N,,insufficient_evidence,low,exact_manufacturer_catalog_number,all_exact_configurations_active,search_incomplete,not_found,family_only_current,,searched,no_exact_action_found,unknown,,not_applicable,Identity method: exact_manufacturer_catalog_number. UDI assessment: all_exact_configurations_active. Manufacturer finding: family_only_current. Completed or permitted searches did not establish enough exact current-status evidence; no result is not a discontinuation finding.,"Is there a current official U.S. product page, labeling document, or discontinuation notice for this exact identifier?",keep_hidden_insufficient_evidence,https://www.karlstorz.com/us/en/thoracic-surgery-and-pulmonology.htm|https://api.fda.gov/device/udi.json?search=version_or_model_number%3A%2210315N%22&limit=100|https://api.fda.gov/device/udi.json?search=catalog_number%3A%2210315N%22&limit=100|https://api.fda.gov/device/udi.json?search=identifiers.id%3A%2204048551224724%22&limit=100|https://api.fda.gov/device/classification.json?search=product_code%3A%22EOQ%22&limit=100|https://api.fda.gov/device/registrationlisting.json?search=products.product_code%3A%22EOQ%22&limit=100|https://api.fda.gov/device/enforcement.json?search=code_info%3A%2204048551224724%22&limit=100|https://api.fda.gov/device/enforcement.json?search=product_description%3A%2210315+N%22&limit=100|https://api.fda.gov/device/recall.json?search=code_info%3A%2204048551224724%22&limit=100|https://api.fda.gov/device/recall.json?search=product_description%3A%2210315+N%22&limit=100,false
PRD-0C13E4001B,Richard Wolf,Grasping Forceps for Soft Foreign Bodies,8280.47,,identity_unresolved,low,exact_manufacturer_catalog_number,all_exact_configurations_active,search_incomplete,premarket_exempt,current_non_us,identity|model,searched,no_exact_action_found,unknown,,not_applicable,Identity method: exact_manufacturer_catalog_number. UDI assessment: all_exact_configurations_active. Manufacturer finding: current_non_us. Plausible records could not be tied conservatively to the exact catalog product.,Can the manufacturer confirm the exact U.S. catalog/model identity?|Does the exact current global manufacturer listing apply to the United States despite the ended UDI evidence?,keep_hidden_identity_unresolved,https://www.richard-wolf.com/mam/data/Typo3/Kataloge/Broncho-_Thorako-_Mediastinoskopie/Thorakale_Endoskopie_en.pdf|https://api.fda.gov/device/udi.json?search=catalog_number%3A%228280.47%22&limit=100|https://api.fda.gov/device/udi.json?search=identifiers.id%3A%2204055207039342%22&limit=100|https://api.fda.gov/device/classification.json?search=product_code%3A%22KAE%22&limit=100|https://api.fda.gov/device/enforcement.json?search=code_info%3A%2204055207039342%22&limit=100|https://api.fda.gov/device/enforcement.json?search=product_description%3A%228280.47%22&limit=100|https://api.fda.gov/device/recall.json?search=code_info%3A%2204055207039342%22&limit=100|https://api.fda.gov/device/recall.json?search=product_description%3A%228280.47%22&limit=100,false
PRD-0E6A5953F1,Richard Wolf,Surgical Probe,8383.66,,identity_unresolved,low,exact_manufacturer_catalog_number,all_exact_configurations_active,search_incomplete,premarket_exempt,current_non_us,identity|model,searched,no_exact_action_found,unknown,,not_applicable,Identity method: exact_manufacturer_catalog_number. UDI assessment: all_exact_configurations_active. Manufacturer finding: current_non_us. Plausible records could not be tied conservatively to the exact catalog product.,Can the manufacturer confirm the exact U.S. catalog/model identity?|Does the exact current global manufacturer listing apply to the United States despite the ended UDI evidence?,keep_hidden_identity_unresolved,https://www.richard-wolf.com/mam/data/Typo3/Kataloge/Broncho-_Thorako-_Mediastinoskopie/Thorakale_Endoskopie_en.pdf|https://api.fda.gov/device/udi.json?search=identifiers.id%3A%2204055207009840%22&limit=100|https://api.fda.gov/device/udi.json?search=catalog_number%3A%228383.66%22&limit=100|https://api.fda.gov/device/classification.json?search=product_code%3A%22FGM%22&limit=100|https://api.fda.gov/device/classification.json?search=product_code%3A%22NWV%22&limit=100|https://api.fda.gov/device/registrationlisting.json?search=products.product_code%3A%22FGM%22&limit=100|https://api.fda.gov/device/registrationlisting.json?search=products.product_code%3A%22NWV%22&limit=100|https://api.fda.gov/device/enforcement.json?search=code_info%3A%2204055207009840%22&limit=100|https://api.fda.gov/device/enforcement.json?search=product_description%3A%228383.66%22&limit=100|https://api.fda.gov/device/recall.json?search=product_description%3A%228383.66%22&limit=100|https://api.fda.gov/device/recall.json?search=code_info%3A%2204055207009840%22&limit=100,false
PRD-0EA2B293A4,Karl Storz,Prismatic Light Deflector,10101FA,,insufficient_evidence,low,exact_manufacturer_model_number,all_exact_configurations_active,search_incomplete,not_found,family_only_current,,searched,no_exact_action_found,unknown,,not_applicable,Identity method: exact_manufacturer_model_number. UDI assessment: all_exact_configurations_active. Manufacturer finding: family_only_current. Completed or permitted searches did not establish enough exact current-status evidence; no result is not a discontinuation finding.,"Is there a current official U.S. product page, labeling document, or discontinuation notice for this exact identifier?",keep_hidden_insufficient_evidence,https://www.karlstorz.com/us/en/thoracic-surgery-and-pulmonology.htm|https://api.fda.gov/device/udi.json?search=version_or_model_number%3A%2210101FA%22&limit=100|https://api.fda.gov/device/udi.json?search=identifiers.id%3A%2204048551045244%22&limit=100|https://api.fda.gov/device/classification.json?search=product_code%3A%22EOQ%22&limit=100|https://api.fda.gov/device/registrationlisting.json?search=products.product_code%3A%22EOQ%22&limit=100|https://api.fda.gov/device/enforcement.json?search=code_info%3A%2204048551045244%22&limit=100|https://api.fda.gov/device/enforcement.json?search=product_description%3A%2210101+FA%22&limit=100|https://api.fda.gov/device/recall.json?search=code_info%3A%2204048551045244%22&limit=100|https://api.fda.gov/device/recall.json?search=product_description%3A%2210101+FA%22&limit=100,false
PRD-0EA65ED2D3,Karl Storz,"Flexible Cannula, No Valve",40120NL,,insufficient_evidence,low,exact_manufacturer_catalog_number,all_exact_configurations_active,search_incomplete,not_found,family_only_current,,searched,no_exact_action_found,unknown,,not_applicable,Identity method: exact_manufacturer_catalog_number. UDI assessment: all_exact_configurations_active. Manufacturer finding: family_only_current. Completed or permitted searches did not establish enough exact current-status evidence; no result is not a discontinuation finding.,"Is there a current official U.S. product page, labeling document, or discontinuation notice for this exact identifier?",keep_hidden_insufficient_evidence,https://www.karlstorz.com/us/en/thoracic-surgery-and-pulmonology.htm|https://api.fda.gov/device/udi.json?search=catalog_number%3A%2240120NL%22&limit=100|https://api.fda.gov/device/udi.json?search=identifiers.id%3A%2204048551159149%22&limit=100|https://api.fda.gov/device/udi.json?search=version_or_model_number%3A%2240120NL%22&limit=100|https://api.fda.gov/device/classification.json?search=product_code%3A%22GCJ%22&limit=100|https://api.fda.gov/device/registrationlisting.json?search=products.product_code%3A%22GCJ%22&limit=100|https://api.fda.gov/device/enforcement.json?search=code_info%3A%2204048551159149%22&limit=100|https://api.fda.gov/device/enforcement.json?search=product_description%3A%2240120+NL%22&limit=100|https://api.fda.gov/device/recall.json?search=code_info%3A%2204048551159149%22&limit=100|https://api.fda.gov/device/recall.json?search=product_description%3A%2240120+NL%22&limit=100,false
PRD-0F30F277C1,Richard Wolf,Flexible Grasping Forceps,828.651,,identity_unresolved,low,exact_manufacturer_catalog_number,all_exact_configurations_active,search_incomplete,premarket_exempt,current_non_us,identity|model,searched,no_exact_action_found,unknown,,not_applicable,Identity method: exact_manufacturer_catalog_number. UDI assessment: all_exact_configurations_active. Manufacturer finding: current_non_us. Plausible records could not be tied conservatively to the exact catalog product.,Can the manufacturer confirm the exact U.S. catalog/model identity?|Does the exact current global manufacturer listing apply to the United States despite the ended UDI evidence?,keep_hidden_identity_unresolved,https://www.richard-wolf.com/mam/data/Typo3/Kataloge/Broncho-_Thorako-_Mediastinoskopie/Thorakale_Endoskopie_en.pdf|https://api.fda.gov/device/udi.json?search=catalog_number%3A%22828.651%22&limit=100|https://api.fda.gov/device/udi.json?search=identifiers.id%3A%2204055207009611%22&limit=100|https://api.fda.gov/device/classification.json?search=product_code%3A%22FCL%22&limit=100|https://api.fda.gov/device/registrationlisting.json?search=products.product_code%3A%22FCL%22&limit=100|https://api.fda.gov/device/enforcement.json?search=code_info%3A%2204055207009611%22&limit=100|https://api.fda.gov/device/enforcement.json?search=product_description%3A%22828.651%22&limit=100|https://api.fda.gov/device/recall.json?search=product_description%3A%22828.651%22&limit=100|https://api.fda.gov/device/recall.json?search=code_info%3A%2204055207009611%22&limit=100,false
PRD-0F34939AF6,Karl Storz,Round Spoon Biopsy Forceps,10366L,,insufficient_evidence,low,exact_manufacturer_catalog_number,all_exact_configurations_active,search_incomplete,not_found,family_only_current,,searched,no_exact_action_found,unknown,,not_applicable,Identity method: exact_manufacturer_catalog_number. UDI assessment: all_exact_configurations_active. Manufacturer finding: family_only_current. Completed or permitted searches did not establish enough exact current-status evidence; no result is not a discontinuation finding.,"Is there a current official U.S. product page, labeling document, or discontinuation notice for this exact identifier?",keep_hidden_insufficient_evidence,https://www.karlstorz.com/us/en/thoracic-surgery-and-pulmonology.htm|https://api.fda.gov/device/udi.json?search=identifiers.id%3A%2204048551046968%22&limit=100|https://api.fda.gov/device/udi.json?search=version_or_model_number%3A%2210366L%22&limit=100|https://api.fda.gov/device/udi.json?search=catalog_number%3A%2210366L%22&limit=100|https://api.fda.gov/device/classification.json?search=product_code%3A%22EOQ%22&limit=100|https://api.fda.gov/device/registrationlisting.json?search=products.product_code%3A%22EOQ%22&limit=100|https://api.fda.gov/device/enforcement.json?search=product_description%3A%2210366+L%22&limit=100|https://api.fda.gov/device/enforcement.json?search=code_info%3A%2204048551046968%22&limit=100|https://api.fda.gov/device/recall.json?search=product_description%3A%2210366+L%22&limit=100|https://api.fda.gov/device/recall.json?search=code_info%3A%2204048551046968%22&limit=100,false
PRD-0FD6CC7A8E,Karl Storz,HOPKINS Forward-Oblique Telescope,10320BA,,insufficient_evidence,low,exact_manufacturer_model_number,all_exact_configurations_active,search_incomplete,not_found,family_only_current,,searched,no_exact_action_found,unknown,,not_applicable,Identity method: exact_manufacturer_model_number. UDI assessment: all_exact_configurations_active. Manufacturer finding: family_only_current. Completed or permitted searches did not establish enough exact current-status evidence; no result is not a discontinuation finding.,"Is there a current official U.S. product page, labeling document, or discontinuation notice for this exact identifier?",keep_hidden_insufficient_evidence,https://www.karlstorz.com/us/en/thoracic-surgery-and-pulmonology.htm|https://api.fda.gov/device/udi.json?search=version_or_model_number%3A%2210320BA%22&limit=100|https://api.fda.gov/device/udi.json?search=identifiers.id%3A%2204048551045909%22&limit=100|https://api.fda.gov/device/classification.json?search=product_code%3A%22EOB%22&limit=100|https://api.fda.gov/device/registrationlisting.json?search=products.product_code%3A%22EOB%22&limit=100|https://api.fda.gov/device/enforcement.json?search=code_info%3A%2204048551045909%22&limit=100|https://api.fda.gov/device/enforcement.json?search=product_description%3A%2210320+BA%22&limit=100|https://api.fda.gov/device/recall.json?search=code_info%3A%2204048551045909%22&limit=100|https://api.fda.gov/device/recall.json?search=product_description%3A%2210320+BA%22&limit=100,false
PRD-108394A19E,Karl Storz,Sponge Holder 50 cm,10385A,,insufficient_evidence,low,exact_manufacturer_model_number,all_exact_configurations_active,search_incomplete,not_found,family_only_current,,searched,no_exact_action_found,unknown,,not_applicable,Identity method: exact_manufacturer_model_number. UDI assessment: all_exact_configurations_active. Manufacturer finding: family_only_current. Completed or permitted searches did not establish enough exact current-status evidence; no result is not a discontinuation finding.,"Is there a current official U.S. product page, labeling document, or discontinuation notice for this exact identifier?",keep_hidden_insufficient_evidence,https://www.karlstorz.com/us/en/thoracic-surgery-and-pulmonology.htm|https://api.fda.gov/device/udi.json?search=identifiers.id%3A%2204048551048115%22&limit=100|https://api.fda.gov/device/udi.json?search=version_or_model_number%3A%2210385A%22&limit=100|https://api.fda.gov/device/classification.json?search=product_code%3A%22EOQ%22&limit=100|https://api.fda.gov/device/registrationlisting.json?search=products.product_code%3A%22EOQ%22&limit=100|https://api.fda.gov/device/enforcement.json?search=code_info%3A%2204048551048115%22&limit=100|https://api.fda.gov/device/enforcement.json?search=product_description%3A%2210385+A%22&limit=100|https://api.fda.gov/device/recall.json?search=code_info%3A%2204048551048115%22&limit=100|https://api.fda.gov/device/recall.json?search=product_description%3A%2210385+A%22&limit=100,false
PRD-10B24D66DD,Karl Storz,Optical Large Sharp Tissue Forceps,10350M,,insufficient_evidence,low,exact_manufacturer_catalog_number,all_exact_configurations_active,search_incomplete,not_found,family_only_current,,searched,no_exact_action_found,unknown,,not_applicable,Identity method: exact_manufacturer_catalog_number. UDI assessment: all_exact_configurations_active. Manufacturer finding: family_only_current. Completed or permitted searches did not establish enough exact current-status evidence; no result is not a discontinuation finding.,"Is there a current official U.S. product page, labeling document, or discontinuation notice for this exact identifier?",keep_hidden_insufficient_evidence,https://www.karlstorz.com/us/en/thoracic-surgery-and-pulmonology.htm|https://api.fda.gov/device/udi.json?search=version_or_model_number%3A%2210350M%22&limit=100|https://api.fda.gov/device/udi.json?search=identifiers.id%3A%2204048551046746%22&limit=100|https://api.fda.gov/device/udi.json?search=catalog_number%3A%2210350M%22&limit=100|https://api.fda.gov/device/classification.json?search=product_code%3A%22EOQ%22&limit=100|https://api.fda.gov/device/registrationlisting.json?search=products.product_code%3A%22EOQ%22&limit=100|https://api.fda.gov/device/enforcement.json?search=product_description%3A%2210350+M%22&limit=100|https://api.fda.gov/device/enforcement.json?search=code_info%3A%2204048551046746%22&limit=100|https://api.fda.gov/device/recall.json?search=product_description%3A%2210350+M%22&limit=100|https://api.fda.gov/device/recall.json?search=code_info%3A%2204048551046746%22&limit=100,false
PRD-11ADF871FE,Karl Storz,Cotton Applicator 50 cm,10384A,,insufficient_evidence,low,exact_manufacturer_model_number,all_exact_configurations_active,search_incomplete,premarket_exempt,family_only_current,,searched,no_exact_action_found,unknown,,not_applicable,Identity method: exact_manufacturer_model_number. UDI assessment: all_exact_configurations_active. Manufacturer finding: family_only_current. Completed or permitted searches did not establish enough exact current-status evidence; no result is not a discontinuation finding.,"Is there a current official U.S. product page, labeling document, or discontinuation notice for this exact identifier?",keep_hidden_insufficient_evidence,https://www.karlstorz.com/us/en/thoracic-surgery-and-pulmonology.htm|https://api.fda.gov/device/udi.json?search=identifiers.id%3A%2204048551002018%22&limit=100|https://api.fda.gov/device/udi.json?search=version_or_model_number%3A%2210384A%22&limit=100|https://api.fda.gov/device/classification.json?search=product_code%3A%22LRC%22&limit=100|https://api.fda.gov/device/registrationlisting.json?search=products.product_code%3A%22LRC%22&limit=100|https://api.fda.gov/device/enforcement.json?search=code_info%3A%2204048551002018%22&limit=100|https://api.fda.gov/device/enforcement.json?search=product_description%3A%2210384+A%22&limit=100|https://api.fda.gov/device/recall.json?search=code_info%3A%2204048551002018%22&limit=100|https://api.fda.gov/device/recall.json?search=product_description%3A%2210384+A%22&limit=100,false
PRD-123BAC018B,Richard Wolf,PANOVIEW PLUS Telescope,82514.431,,identity_unresolved,low,exact_manufacturer_catalog_number,all_exact_configurations_active,search_incomplete,not_found,current_non_us,identity|model,searched,no_exact_action_found,unknown,,not_applicable,Identity method: exact_manufacturer_catalog_number. UDI assessment: all_exact_configurations_active. Manufacturer finding: current_non_us. Plausible records could not be tied conservatively to the exact catalog product.,Can the manufacturer confirm the exact U.S. catalog/model identity?|Does the exact current global manufacturer listing apply to the United States despite the ended UDI evidence?,keep_hidden_identity_unresolved,https://www.richard-wolf.com/mam/data/Typo3/Kataloge/Broncho-_Thorako-_Mediastinoskopie/Thorakale_Endoskopie_en.pdf|https://api.fda.gov/device/udi.json?search=identifiers.id%3A%2204055207026441%22&limit=100|https://api.fda.gov/device/udi.json?search=catalog_number%3A%2282514.431%22&limit=100|https://api.fda.gov/device/classification.json?search=product_code%3A%22HET%22&limit=100|https://api.fda.gov/device/registrationlisting.json?search=products.product_code%3A%22HET%22&limit=100|https://api.fda.gov/device/enforcement.json?search=code_info%3A%2204055207026441%22&limit=100|https://api.fda.gov/device/enforcement.json?search=product_description%3A%2282514.431%22&limit=100|https://api.fda.gov/device/recall.json?search=code_info%3A%2204055207026441%22&limit=100|https://api.fda.gov/device/recall.json?search=product_description%3A%2282514.431%22&limit=100,false
PRD-16C811C696,Karl Storz,Optical Biopsy Forceps,26072A,,insufficient_evidence,low,exact_manufacturer_catalog_number,all_exact_configurations_active,search_incomplete,premarket_exempt,family_only_current,,searched,no_exact_action_found,unknown,,not_applicable,Identity method: exact_manufacturer_catalog_number. UDI assessment: all_exact_configurations_active. Manufacturer finding: family_only_current. Completed or permitted searches did not establish enough exact current-status evidence; no result is not a discontinuation finding.,"Is there a current official U.S. product page, labeling document, or discontinuation notice for this exact identifier?",keep_hidden_insufficient_evidence,https://www.karlstorz.com/us/en/thoracic-surgery-and-pulmonology.htm|https://api.fda.gov/device/udi.json?search=version_or_model_number%3A%2226072A%22&limit=100|https://api.fda.gov/device/udi.json?search=catalog_number%3A%2226072A%22&limit=100|https://api.fda.gov/device/udi.json?search=identifiers.id%3A%2204048551093023%22&limit=100|https://api.fda.gov/device/classification.json?search=product_code%3A%22LRC%22&limit=100|https://api.fda.gov/device/registrationlisting.json?search=products.product_code%3A%22LRC%22&limit=100|https://api.fda.gov/device/enforcement.json?search=product_description%3A%2226072+A%22&limit=100|https://api.fda.gov/device/enforcement.json?search=code_info%3A%2204048551093023%22&limit=100|https://api.fda.gov/device/recall.json?search=code_info%3A%2204048551093023%22&limit=100|https://api.fda.gov/device/recall.json?search=product_description%3A%2226072+A%22&limit=100,false
PRD-17C3809F8C,Karl Storz,Oval Fenestrated Biopsy Forceps,10370P,,insufficient_evidence,low,exact_manufacturer_catalog_number,all_exact_configurations_active,search_incomplete,not_found,family_only_current,,searched,no_exact_action_found,unknown,,not_applicable,Identity method: exact_manufacturer_catalog_number. UDI assessment: all_exact_configurations_active. Manufacturer finding: family_only_current. Completed or permitted searches did not establish enough exact current-status evidence; no result is not a discontinuation finding.,"Is there a current official U.S. product page, labeling document, or discontinuation notice for this exact identifier?",keep_hidden_insufficient_evidence,https://www.karlstorz.com/us/en/thoracic-surgery-and-pulmonology.htm|https://api.fda.gov/device/udi.json?search=catalog_number%3A%2210370P%22&limit=100|https://api.fda.gov/device/udi.json?search=identifiers.id%3A%2204048551047200%22&limit=100|https://api.fda.gov/device/udi.json?search=version_or_model_number%3A%2210370P%22&limit=100|https://api.fda.gov/device/classification.json?search=product_code%3A%22EOQ%22&limit=100|https://api.fda.gov/device/registrationlisting.json?search=products.product_code%3A%22EOQ%22&limit=100|https://api.fda.gov/device/enforcement.json?search=product_description%3A%2210370+P%22&limit=100|https://api.fda.gov/device/enforcement.json?search=code_info%3A%2204048551047200%22&limit=100|https://api.fda.gov/device/recall.json?search=code_info%3A%2204048551047200%22&limit=100|https://api.fda.gov/device/recall.json?search=product_description%3A%2210370+P%22&limit=100,false
PRD-1905FD9828,Karl Storz,Optical Alligator Forceps for Hard Foreign Bodies,10350HF,,insufficient_evidence,low,exact_manufacturer_catalog_number,all_exact_configurations_active,search_incomplete,not_found,family_only_current,,searched,no_exact_action_found,unknown,,not_applicable,Identity method: exact_manufacturer_catalog_number. UDI assessment: all_exact_configurations_active. Manufacturer finding: family_only_current. Completed or permitted searches did not establish enough exact current-status evidence; no result is not a discontinuation finding.,"Is there a current official U.S. product page, labeling document, or discontinuation notice for this exact identifier?",keep_hidden_insufficient_evidence,https://www.karlstorz.com/us/en/thoracic-surgery-and-pulmonology.htm|https://api.fda.gov/device/udi.json?search=version_or_model_number%3A%2210350HF%22&limit=100|https://api.fda.gov/device/udi.json?search=identifiers.id%3A%2204048551046708%22&limit=100|https://api.fda.gov/device/udi.json?search=catalog_number%3A%2210350HF%22&limit=100|https://api.fda.gov/device/classification.json?search=product_code%3A%22EOQ%22&limit=100|https://api.fda.gov/device/registrationlisting.json?search=products.product_code%3A%22EOQ%22&limit=100|https://api.fda.gov/device/enforcement.json?search=product_description%3A%2210350+HF%22&limit=100|https://api.fda.gov/device/enforcement.json?search=code_info%3A%2204048551046708%22&limit=100|https://api.fda.gov/device/recall.json?search=code_info%3A%2204048551046708%22&limit=100|https://api.fda.gov/device/recall.json?search=product_description%3A%2210350+HF%22&limit=100,false
PRD-190EC613D0,Karl Storz,Forceps for Peanuts/Soft Foreign Bodies,10372KL,,insufficient_evidence,low,exact_manufacturer_catalog_number,all_exact_configurations_active,search_incomplete,not_found,family_only_current,,searched,no_exact_action_found,unknown,,not_applicable,Identity method: exact_manufacturer_catalog_number. UDI assessment: all_exact_configurations_active. Manufacturer finding: family_only_current. Completed or permitted searches did not establish enough exact current-status evidence; no result is not a discontinuation finding.,"Is there a current official U.S. product page, labeling document, or discontinuation notice for this exact identifier?",keep_hidden_insufficient_evidence,https://www.karlstorz.com/us/en/thoracic-surgery-and-pulmonology.htm|https://api.fda.gov/device/udi.json?search=identifiers.id%3A%2204048551047477%22&limit=100|https://api.fda.gov/device/udi.json?search=version_or_model_number%3A%2210372KL%22&limit=100|https://api.fda.gov/device/udi.json?search=catalog_number%3A%2210372KL%22&limit=100|https://api.fda.gov/device/classification.json?search=product_code%3A%22EOQ%22&limit=100|https://api.fda.gov/device/registrationlisting.json?search=products.product_code%3A%22EOQ%22&limit=100|https://api.fda.gov/device/enforcement.json?search=product_description%3A%2210372+KL%22&limit=100|https://api.fda.gov/device/enforcement.json?search=code_info%3A%2204048551047477%22&limit=100|https://api.fda.gov/device/recall.json?search=code_info%3A%2204048551047477%22&limit=100|https://api.fda.gov/device/recall.json?search=product_description%3A%2210372+KL%22&limit=100,false
PRD-1C70287572,Karl Storz,Rigid Instrument Guide with Anti-Fog System,10329A,,insufficient_evidence,low,exact_manufacturer_model_number,all_exact_configurations_active,search_incomplete,not_found,family_only_current,,searched,no_exact_action_found,unknown,,not_applicable,Identity method: exact_manufacturer_model_number. UDI assessment: all_exact_configurations_active. Manufacturer finding: family_only_current. Completed or permitted searches did not establish enough exact current-status evidence; no result is not a discontinuation finding.,"Is there a current official U.S. product page, labeling document, or discontinuation notice for this exact identifier?",keep_hidden_insufficient_evidence,https://www.karlstorz.com/us/en/thoracic-surgery-and-pulmonology.htm|https://api.fda.gov/device/udi.json?search=version_or_model_number%3A%2210329A%22&limit=100|https://api.fda.gov/device/udi.json?search=identifiers.id%3A%2204048551046012%22&limit=100|https://api.fda.gov/device/classification.json?search=product_code%3A%22EOQ%22&limit=100|https://api.fda.gov/device/registrationlisting.json?search=products.product_code%3A%22EOQ%22&limit=100|https://api.fda.gov/device/enforcement.json?search=product_description%3A%2210329+A%22&limit=100|https://api.fda.gov/device/enforcement.json?search=code_info%3A%2204048551046012%22&limit=100|https://api.fda.gov/device/recall.json?search=product_description%3A%2210329+A%22&limit=100|https://api.fda.gov/device/recall.json?search=code_info%3A%2204048551046012%22&limit=100,false
PRD-1CA81E960D,Karl Storz,Universal Forceps,10371U,,insufficient_evidence,low,exact_manufacturer_catalog_number,all_exact_configurations_active,search_incomplete,not_found,family_only_current,,searched,no_exact_action_found,unknown,,not_applicable,Identity method: exact_manufacturer_catalog_number. UDI assessment: all_exact_configurations_active. Manufacturer finding: family_only_current. Completed or permitted searches did not establish enough exact current-status evidence; no result is not a discontinuation finding.,"Is there a current official U.S. product page, labeling document, or discontinuation notice for this exact identifier?",keep_hidden_insufficient_evidence,https://www.karlstorz.com/us/en/thoracic-surgery-and-pulmonology.htm|https://api.fda.gov/device/udi.json?search=identifiers.id%3A%2204048551047408%22&limit=100|https://api.fda.gov/device/udi.json?search=version_or_model_number%3A%2210371U%22&limit=100|https://api.fda.gov/device/udi.json?search=catalog_number%3A%2210371U%22&limit=100|https://api.fda.gov/device/classification.json?search=product_code%3A%22EOQ%22&limit=100|https://api.fda.gov/device/registrationlisting.json?search=products.product_code%3A%22EOQ%22&limit=100|https://api.fda.gov/device/enforcement.json?search=code_info%3A%2204048551047408%22&limit=100|https://api.fda.gov/device/enforcement.json?search=product_description%3A%2210371+U%22&limit=100|https://api.fda.gov/device/recall.json?search=code_info%3A%2204048551047408%22&limit=100|https://api.fda.gov/device/recall.json?search=product_description%3A%2210371+U%22&limit=100,false
PRD-1CBA97E863,Ethicon,Blake Silicone Drain – Round 19 Fr,2230,,identity_unresolved,low,exact_manufacturer_catalog_number,all_exact_configurations_active,search_incomplete,premarket_exempt,not_searched,identity|manufacturer,searched,no_exact_action_found,unknown,,not_applicable,Identity method: exact_manufacturer_catalog_number. UDI assessment: all_exact_configurations_active. Manufacturer finding: not_searched. Plausible records could not be tied conservatively to the exact catalog product.,Can the manufacturer confirm the exact U.S. catalog/model identity?,keep_hidden_identity_unresolved,https://api.fda.gov/device/udi.json?search=version_or_model_number%3A%222230%22&limit=100&skip=100|https://api.fda.gov/device/udi.json?search=catalog_number%3A%222230%22&limit=100|https://api.fda.gov/device/udi.json?search=catalog_number%3A%222230%22&limit=100|https://api.fda.gov/device/udi.json?search=catalog_number%3A%222230%22&limit=100&skip=100|https://api.fda.gov/device/udi.json?search=version_or_model_number%3A%222230%22&limit=100&skip=200|https://api.fda.gov/device/udi.json?search=catalog_number%3A%222230%22&limit=100|https://api.fda.gov/device/udi.json?search=version_or_model_number%3A%222230%22&limit=100&skip=200|https://api.fda.gov/device/udi.json?search=catalog_number%3A%222230%22&limit=100&skip=100|https://api.fda.gov/device/udi.json?search=version_or_model_number%3A%222230%22&limit=100&skip=200|https://api.fda.gov/device/udi.json?search=version_or_model_number%3A%222230%22&limit=100|https://api.fda.gov/device/udi.json?search=catalog_number%3A%222230%22&limit=100|https://api.fda.gov/device/udi.json?search=version_or_model_number%3A%222230%22&limit=100&skip=300|https://api.fda.gov/device/udi.json?search=version_or_model_number%3A%222230%22&limit=100&skip=100|https://api.fda.gov/device/udi.json?search=catalog_number%3A%222230%22&limit=100|https://api.fda.gov/device/udi.json?search=identifiers.id%3A%2210705031003583%22&limit=100|https://api.fda.gov/device/udi.json?search=version_or_model_number%3A%222230%22&limit=100&skip=300|https://api.fda.gov/device/udi.json?search=catalog_number%3A%222230%22&limit=100|https://api.fda.gov/device/udi.json?search=version_or_model_number%3A%222230%22&limit=100&skip=200|https://api.fda.gov/device/udi.json?search=version_or_model_number%3A%222230%22&limit=100|https://api.fda.gov/device/udi.json?search=catalog_number%3A%222230%22&limit=100|https://api.fda.gov/device/udi.json?search=version_or_model_number%3A%222230%22&limit=100&skip=300|https://api.fda.gov/device/udi.json?search=version_or_model_number%3A%222230%22&limit=100&skip=200|https://api.fda.gov/device/udi.json?search=catalog_number%3A%222230%22&limit=100|https://api.fda.gov/device/udi.json?search=version_or_model_number%3A%222230%22&limit=100&skip=200|https://api.fda.gov/device/udi.json?search=version_or_model_number%3A%222230%22&limit=100&skip=100|https://api.fda.gov/device/udi.json?search=catalog_number%3A%222230%22&limit=100|https://api.fda.gov/device/udi.json?search=version_or_model_number%3A%222230%22&limit=100&skip=200|https://api.fda.gov/device/udi.json?search=version_or_model_number%3A%222230%22&limit=100&skip=300|https://api.fda.gov/device/udi.json?search=catalog_number%3A%222230%22&limit=100&skip=100|https://api.fda.gov/device/udi.json?search=version_or_model_number%3A%222230%22&limit=100&skip=100|https://api.fda.gov/device/udi.json?search=version_or_model_number%3A%222230%22&limit=100|https://api.fda.gov/device/udi.json?search=catalog_number%3A%222230%22&limit=100|https://api.fda.gov/device/udi.json?search=catalog_number%3A%222230%22&limit=100|https://api.fda.gov/device/udi.json?search=version_or_model_number%3A%222230%22&limit=100&skip=200|https://api.fda.gov/device/udi.json?search=catalog_number%3A%222230%22&limit=100|https://api.fda.gov/device/udi.json?search=version_or_model_number%3A%222230%22&limit=100&skip=200|https://api.fda.gov/device/udi.json?search=version_or_model_number%3A%222230%22&limit=100&skip=300|https://api.fda.gov/device/udi.json?search=catalog_number%3A%222230%22&limit=100&skip=100|https://api.fda.gov/device/udi.json?search=version_or_model_number%3A%222230%22&limit=100|https://api.fda.gov/device/udi.json?search=version_or_model_number%3A%222230%22&limit=100&skip=100|https://api.fda.gov/device/udi.json?search=catalog_number%3A%222230%22&limit=100|https://api.fda.gov/device/udi.json?search=catalog_number%3A%222230%22&limit=100|https://api.fda.gov/device/udi.json?search=version_or_model_number%3A%222230%22&limit=100&skip=200|https://api.fda.gov/device/udi.json?search=version_or_model_number%3A%222230%22&limit=100&skip=100|https://api.fda.gov/device/udi.json?search=version_or_model_number%3A%222230%22&limit=100&skip=100|https://api.fda.gov/device/udi.json?search=catalog_number%3A%222230%22&limit=100|https://api.fda.gov/device/udi.json?search=version_or_model_number%3A%222230%22&limit=100&skip=200|https://api.fda.gov/device/classification.json?search=product_code%3A%22GBX%22&limit=100|https://api.fda.gov/device/enforcement.json?search=code_info%3A%2220705031003580%22&limit=100|https://api.fda.gov/device/enforcement.json?search=code_info%3A%2210705031003583%22&limit=100|https://api.fda.gov/device/recall.json?search=code_info%3A%2210705031003583%22&limit=100|https://api.fda.gov/device/recall.json?search=code_info%3A%2220705031003580%22&limit=100,false
PRD-1CFFD3C377,Karl Storz,Suction Tube,10380AK,,insufficient_evidence,low,exact_manufacturer_model_number,all_exact_configurations_active,search_incomplete,premarket_exempt,family_only_current,,searched,no_exact_action_found,unknown,,not_applicable,Identity method: exact_manufacturer_model_number. UDI assessment: all_exact_configurations_active. Manufacturer finding: family_only_current. Completed or permitted searches did not establish enough exact current-status evidence; no result is not a discontinuation finding.,"Is there a current official U.S. product page, labeling document, or discontinuation notice for this exact identifier?",keep_hidden_insufficient_evidence,https://www.karlstorz.com/us/en/thoracic-surgery-and-pulmonology.htm|https://api.fda.gov/device/udi.json?search=identifiers.id%3A%2204048551047736%22&limit=100|https://api.fda.gov/device/udi.json?search=version_or_model_number%3A%2210380AK%22&limit=100|https://api.fda.gov/device/classification.json?search=product_code%3A%22MDM%22&limit=100|https://api.fda.gov/device/enforcement.json?search=code_info%3A%2204048551047736%22&limit=100|https://api.fda.gov/device/enforcement.json?search=product_description%3A%2210380+AK%22&limit=100|https://api.fda.gov/device/recall.json?search=product_description%3A%2210380+AK%22&limit=100|https://api.fda.gov/device/recall.json?search=code_info%3A%2204048551047736%22&limit=100,false
PRD-1E339ED4FF,Karl Storz,Universal Forceps,10371UL,,insufficient_evidence,low,exact_manufacturer_catalog_number,all_exact_configurations_active,search_incomplete,not_found,family_only_current,,searched,no_exact_action_found,unknown,,not_applicable,Identity method: exact_manufacturer_catalog_number. UDI assessment: all_exact_configurations_active. Manufacturer finding: family_only_current. Completed or permitted searches did not establish enough exact current-status evidence; no result is not a discontinuation finding.,"Is there a current official U.S. product page, labeling document, or discontinuation notice for this exact identifier?",keep_hidden_insufficient_evidence,https://www.karlstorz.com/us/en/thoracic-surgery-and-pulmonology.htm|https://api.fda.gov/device/udi.json?search=identifiers.id%3A%2204048551047415%22&limit=100|https://api.fda.gov/device/udi.json?search=catalog_number%3A%2210371UL%22&limit=100|https://api.fda.gov/device/udi.json?search=version_or_model_number%3A%2210371UL%22&limit=100|https://api.fda.gov/device/classification.json?search=product_code%3A%22EOQ%22&limit=100|https://api.fda.gov/device/registrationlisting.json?search=products.product_code%3A%22EOQ%22&limit=100|https://api.fda.gov/device/enforcement.json?search=product_description%3A%2210371+UL%22&limit=100|https://api.fda.gov/device/enforcement.json?search=code_info%3A%2204048551047415%22&limit=100|https://api.fda.gov/device/recall.json?search=code_info%3A%2204048551047415%22&limit=100|https://api.fda.gov/device/recall.json?search=product_description%3A%2210371+UL%22&limit=100,false
PRD-1E5D7D510F,Karl Storz,Cotton Applicator 35 cm,10384B,,insufficient_evidence,low,exact_manufacturer_model_number,all_exact_configurations_active,search_incomplete,premarket_exempt,family_only_current,,searched,no_exact_action_found,unknown,,not_applicable,Identity method: exact_manufacturer_model_number. UDI assessment: all_exact_configurations_active. Manufacturer finding: family_only_current. Completed or permitted searches did not establish enough exact current-status evidence; no result is not a discontinuation finding.,"Is there a current official U.S. product page, labeling document, or discontinuation notice for this exact identifier?",keep_hidden_insufficient_evidence,https://www.karlstorz.com/us/en/thoracic-surgery-and-pulmonology.htm|https://api.fda.gov/device/udi.json?search=identifiers.id%3A%2204048551048108%22&limit=100|https://api.fda.gov/device/udi.json?search=version_or_model_number%3A%2210384B%22&limit=100|https://api.fda.gov/device/classification.json?search=product_code%3A%22LRC%22&limit=100|https://api.fda.gov/device/registrationlisting.json?search=products.product_code%3A%22LRC%22&limit=100|https://api.fda.gov/device/enforcement.json?search=product_description%3A%2210384+B%22&limit=100|https://api.fda.gov/device/enforcement.json?search=code_info%3A%2204048551048108%22&limit=100|https://api.fda.gov/device/recall.json?search=code_info%3A%2204048551048108%22&limit=100|https://api.fda.gov/device/recall.json?search=product_description%3A%2210384+B%22&limit=100,false
PRD-1E613C92C3,Karl Storz,Forceps for Peanuts/Soft Foreign Bodies,10371K,,insufficient_evidence,low,exact_manufacturer_catalog_number,all_exact_configurations_active,search_incomplete,not_found,family_only_current,,searched,no_exact_action_found,unknown,,not_applicable,Identity method: exact_manufacturer_catalog_number. UDI assessment: all_exact_configurations_active. Manufacturer finding: family_only_current. Completed or permitted searches did not establish enough exact current-status evidence; no result is not a discontinuation finding.,"Is there a current official U.S. product page, labeling document, or discontinuation notice for this exact identifier?",keep_hidden_insufficient_evidence,https://www.karlstorz.com/us/en/thoracic-surgery-and-pulmonology.htm|https://api.fda.gov/device/udi.json?search=identifiers.id%3A%2204048551047323%22&limit=100|https://api.fda.gov/device/udi.json?search=catalog_number%3A%2210371K%22&limit=100|https://api.fda.gov/device/udi.json?search=version_or_model_number%3A%2210371K%22&limit=100|https://api.fda.gov/device/classification.json?search=product_code%3A%22EOQ%22&limit=100|https://api.fda.gov/device/registrationlisting.json?search=products.product_code%3A%22EOQ%22&limit=100|https://api.fda.gov/device/enforcement.json?search=code_info%3A%2204048551047323%22&limit=100|https://api.fda.gov/device/enforcement.json?search=product_description%3A%2210371+K%22&limit=100|https://api.fda.gov/device/recall.json?search=product_description%3A%2210371+K%22&limit=100|https://api.fda.gov/device/recall.json?search=code_info%3A%2204048551047323%22&limit=100,false
PRD-1EEDD71C53,Karl Storz,Instrument Guide for Suction Catheter,10318S,,insufficient_evidence,low,exact_manufacturer_catalog_number,all_exact_configurations_active,search_incomplete,not_found,family_only_current,,searched,no_exact_action_found,unknown,,not_applicable,Identity method: exact_manufacturer_catalog_number. UDI assessment: all_exact_configurations_active. Manufacturer finding: family_only_current. Completed or permitted searches did not establish enough exact current-status evidence; no result is not a discontinuation finding.,"Is there a current official U.S. product page, labeling document, or discontinuation notice for this exact identifier?",keep_hidden_insufficient_evidence,https://www.karlstorz.com/us/en/thoracic-surgery-and-pulmonology.htm|https://api.fda.gov/device/udi.json?search=identifiers.id%3A%2204048551225042%22&limit=100|https://api.fda.gov/device/udi.json?search=version_or_model_number%3A%2210318S%22&limit=100|https://api.fda.gov/device/udi.json?search=catalog_number%3A%2210318S%22&limit=100|https://api.fda.gov/device/classification.json?search=product_code%3A%22EOQ%22&limit=100|https://api.fda.gov/device/registrationlisting.json?search=products.product_code%3A%22EOQ%22&limit=100|https://api.fda.gov/device/enforcement.json?search=product_description%3A%2210318+S%22&limit=100|https://api.fda.gov/device/enforcement.json?search=code_info%3A%2204048551225042%22&limit=100|https://api.fda.gov/device/recall.json?search=code_info%3A%2204048551225042%22&limit=100|https://api.fda.gov/device/recall.json?search=product_description%3A%2210318+S%22&limit=100,false
PRD-1F48992C6C,Cardinal Health,"Argyle PVC Thoracic Catheter – Straight, 20 Fr × 20 in",8888570523,,insufficient_evidence,low,exact_manufacturer_catalog_number,all_exact_configurations_ended,search_incomplete,premarket_exempt,not_searched,,searched,no_exact_action_found,unknown,,not_applicable,Identity method: exact_manufacturer_catalog_number. UDI assessment: all_exact_configurations_ended. Manufacturer finding: not_searched. Completed or permitted searches did not establish enough exact current-status evidence; no result is not a discontinuation finding.,"Is there a current official U.S. product page, labeling document, or discontinuation notice for this exact identifier?",keep_hidden_insufficient_evidence,https://api.fda.gov/device/udi.json?search=identifiers.id%3A%2210884521050839%22&limit=100|https://api.fda.gov/device/udi.json?search=catalog_number%3A%228888570523%22&limit=100|https://api.fda.gov/device/udi.json?search=version_or_model_number%3A%228888570523%22&limit=100|https://api.fda.gov/device/udi.json?search=catalog_number%3A%228888570523%22&limit=100|https://api.fda.gov/device/udi.json?search=version_or_model_number%3A%228888570523%22&limit=100|https://api.fda.gov/device/classification.json?search=product_code%3A%22JOL%22&limit=100|https://api.fda.gov/device/enforcement.json?search=code_info%3A%2220884521050836%22&limit=100|https://api.fda.gov/device/enforcement.json?search=code_info%3A%2210884521050839%22&limit=100|https://api.fda.gov/device/enforcement.json?search=code_info%3A%2200884521149437%22&limit=100|https://api.fda.gov/device/enforcement.json?search=product_description%3A%228888570523%22&limit=100|https://api.fda.gov/device/enforcement.json?search=code_info%3A%2200884521060831%22&limit=100|https://api.fda.gov/device/recall.json?search=code_info%3A%2220884521050836%22&limit=100|https://api.fda.gov/device/recall.json?search=code_info%3A%2210884521050839%22&limit=100|https://api.fda.gov/device/recall.json?search=product_description%3A%228888570523%22&limit=100|https://api.fda.gov/device/recall.json?search=code_info%3A%2200884521149437%22&limit=100|https://api.fda.gov/device/recall.json?search=code_info%3A%2200884521060831%22&limit=100,false
PRD-1F69D6AD05,Karl Storz,"Trocar Only, No Valve",40120A,,insufficient_evidence,low,exact_manufacturer_catalog_number,all_exact_configurations_active,search_incomplete,not_found,family_only_current,,searched,no_exact_action_found,unknown,,not_applicable,Identity method: exact_manufacturer_catalog_number. UDI assessment: all_exact_configurations_active. Manufacturer finding: family_only_current. Completed or permitted searches did not establish enough exact current-status evidence; no result is not a discontinuation finding.,"Is there a current official U.S. product page, labeling document, or discontinuation notice for this exact identifier?",keep_hidden_insufficient_evidence,https://www.karlstorz.com/us/en/thoracic-surgery-and-pulmonology.htm|https://api.fda.gov/device/udi.json?search=identifiers.id%3A%2204048551159125%22&limit=100|https://api.fda.gov/device/udi.json?search=catalog_number%3A%2240120A%22&limit=100|https://api.fda.gov/device/udi.json?search=version_or_model_number%3A%2240120A%22&limit=100|https://api.fda.gov/device/classification.json?search=product_code%3A%22GCJ%22&limit=100|https://api.fda.gov/device/registrationlisting.json?search=products.product_code%3A%22GCJ%22&limit=100|https://api.fda.gov/device/enforcement.json?search=product_description%3A%2240120+A%22&limit=100|https://api.fda.gov/device/enforcement.json?search=code_info%3A%2204048551159125%22&limit=100|https://api.fda.gov/device/recall.json?search=code_info%3A%2204048551159125%22&limit=100|https://api.fda.gov/device/recall.json?search=product_description%3A%2240120+A%22&limit=100,false
PRD-212BC58910,Karl Storz,"Foreign Body Basket, 35 cm",10386B,,insufficient_evidence,low,exact_manufacturer_catalog_number,all_exact_configurations_active,search_incomplete,not_found,family_only_current,,searched,no_exact_action_found,unknown,,not_applicable,Identity method: exact_manufacturer_catalog_number. UDI assessment: all_exact_configurations_active. Manufacturer finding: family_only_current. Completed or permitted searches did not establish enough exact current-status evidence; no result is not a discontinuation finding.,"Is there a current official U.S. product page, labeling document, or discontinuation notice for this exact identifier?",keep_hidden_insufficient_evidence,https://www.karlstorz.com/us/en/thoracic-surgery-and-pulmonology.htm|https://api.fda.gov/device/udi.json?search=version_or_model_number%3A%2210386B%22&limit=100|https://api.fda.gov/device/udi.json?search=catalog_number%3A%2210386B%22&limit=100|https://api.fda.gov/device/udi.json?search=identifiers.id%3A%2204048551048177%22&limit=100|https://api.fda.gov/device/classification.json?search=product_code%3A%22EOQ%22&limit=100|https://api.fda.gov/device/registrationlisting.json?search=products.product_code%3A%22EOQ%22&limit=100|https://api.fda.gov/device/enforcement.json?search=product_description%3A%2210386+B%22&limit=100|https://api.fda.gov/device/enforcement.json?search=code_info%3A%2204048551048177%22&limit=100|https://api.fda.gov/device/recall.json?search=code_info%3A%2204048551048177%22&limit=100|https://api.fda.gov/device/recall.json?search=product_description%3A%2210386+B%22&limit=100,false
PRD-24AE19F5D2,Richard Wolf,"Thoracoscopy Scissors, Curved",8243.404,,identity_unresolved,low,exact_manufacturer_catalog_number,all_exact_configurations_ended,search_incomplete,premarket_exempt,current_non_us,identity|model|distribution,searched,no_exact_action_found,unknown,,not_applicable,Identity method: exact_manufacturer_catalog_number. UDI assessment: all_exact_configurations_ended. Manufacturer finding: current_non_us. Plausible records could not be tied conservatively to the exact catalog product.,Can the manufacturer confirm the exact U.S. catalog/model identity?|Does the exact current global manufacturer listing apply to the United States despite the ended UDI evidence?,keep_hidden_identity_unresolved,https://www.richard-wolf.com/mam/data/Typo3/Kataloge/Broncho-_Thorako-_Mediastinoskopie/Thorakale_Endoskopie_en.pdf|https://api.fda.gov/device/udi.json?search=catalog_number%3A%228243.404%22&limit=100|https://api.fda.gov/device/udi.json?search=identifiers.id%3A%2204055207014707%22&limit=100|https://api.fda.gov/device/classification.json?search=product_code%3A%22LRW%22&limit=100|https://api.fda.gov/device/enforcement.json?search=code_info%3A%2204055207014707%22&limit=100|https://api.fda.gov/device/enforcement.json?search=product_description%3A%228243.404%22&limit=100|https://api.fda.gov/device/recall.json?search=product_description%3A%228243.404%22&limit=100|https://api.fda.gov/device/recall.json?search=code_info%3A%2204055207014707%22&limit=100,false
PRD-2616E505ED,Richard Wolf,Cleaning Brush,7980002,,insufficient_evidence,low,exact_manufacturer_catalog_number,all_exact_configurations_active,search_incomplete,premarket_exempt,current_non_us,,searched,no_exact_action_found,unknown,,not_applicable,Identity method: exact_manufacturer_catalog_number. UDI assessment: all_exact_configurations_active. Manufacturer finding: current_non_us. Completed or permitted searches did not establish enough exact current-status evidence; no result is not a discontinuation finding.,"Does the exact current global manufacturer listing apply to the United States despite the ended UDI evidence?|Is there a current official U.S. product page, labeling document, or discontinuation notice for this exact identifier?",keep_hidden_insufficient_evidence,https://www.richard-wolf.com/mam/data/Typo3/Kataloge/Broncho-_Thorako-_Mediastinoskopie/Thorakale_Endoskopie_en.pdf|https://api.fda.gov/device/udi.json?search=identifiers.id%3A%2204055207065389%22&limit=100|https://api.fda.gov/device/udi.json?search=catalog_number%3A%227980002%22&limit=100|https://api.fda.gov/device/udi.json?search=version_or_model_number%3A%227980002%22&limit=100|https://api.fda.gov/device/classification.json?search=product_code%3A%22MNL%22&limit=100|https://api.fda.gov/device/registrationlisting.json?search=products.product_code%3A%22MNL%22&limit=100|https://api.fda.gov/device/enforcement.json?search=code_info%3A%2204055207065389%22&limit=100|https://api.fda.gov/device/enforcement.json?search=product_description%3A%227980002%22&limit=100|https://api.fda.gov/device/enforcement.json?search=code_info%3A%2204055207065396%22&limit=100|https://api.fda.gov/device/recall.json?search=product_description%3A%227980002%22&limit=100|https://api.fda.gov/device/recall.json?search=code_info%3A%2204055207065389%22&limit=100|https://api.fda.gov/device/recall.json?search=code_info%3A%2204055207065396%22&limit=100,false
PRD-27CF357590,Ethicon,Blake Silicone Drain – Hubless Round 10 Fr,2226,,identity_unresolved,low,exact_manufacturer_catalog_number,all_exact_configurations_active,search_incomplete,premarket_exempt,not_searched,identity|manufacturer,searched,no_exact_action_found,unknown,,not_applicable,Identity method: exact_manufacturer_catalog_number. UDI assessment: all_exact_configurations_active. Manufacturer finding: not_searched. Plausible records could not be tied conservatively to the exact catalog product.,Can the manufacturer confirm the exact U.S. catalog/model identity?,keep_hidden_identity_unresolved,https://api.fda.gov/device/udi.json?search=version_or_model_number%3A%222226%22&limit=100|https://api.fda.gov/device/udi.json?search=catalog_number%3A%222226%22&limit=100|https://api.fda.gov/device/udi.json?search=version_or_model_number%3A%222226%22&limit=100|https://api.fda.gov/device/udi.json?search=catalog_number%3A%222226%22&limit=100|https://api.fda.gov/device/udi.json?search=version_or_model_number%3A%222226%22&limit=100|https://api.fda.gov/device/udi.json?search=catalog_number%3A%222226%22&limit=100|https://api.fda.gov/device/udi.json?search=version_or_model_number%3A%222226%22&limit=100|https://api.fda.gov/device/udi.json?search=identifiers.id%3A%2210705031003545%22&limit=100|https://api.fda.gov/device/udi.json?search=catalog_number%3A%222226%22&limit=100|https://api.fda.gov/device/udi.json?search=catalog_number%3A%222226%22&limit=100|https://api.fda.gov/device/udi.json?search=version_or_model_number%3A%222226%22&limit=100|https://api.fda.gov/device/udi.json?search=catalog_number%3A%222226%22&limit=100|https://api.fda.gov/device/udi.json?search=version_or_model_number%3A%222226%22&limit=100|https://api.fda.gov/device/udi.json?search=catalog_number%3A%222226%22&limit=100|https://api.fda.gov/device/udi.json?search=version_or_model_number%3A%222226%22&limit=100|https://api.fda.gov/device/udi.json?search=catalog_number%3A%222226%22&limit=100|https://api.fda.gov/device/udi.json?search=version_or_model_number%3A%222226%22&limit=100|https://api.fda.gov/device/classification.json?search=product_code%3A%22GBX%22&limit=100|https://api.fda.gov/device/enforcement.json?search=code_info%3A%2220705031003542%22&limit=100|https://api.fda.gov/device/enforcement.json?search=code_info%3A%2210705031003545%22&limit=100|https://api.fda.gov/device/recall.json?search=code_info%3A%2210705031003545%22&limit=100|https://api.fda.gov/device/recall.json?search=code_info%3A%2220705031003542%22&limit=100,false
PRD-2ACB51E58C,Richard Wolf,PANOVIEW PLUS Telescope,8934.4424,,identity_unresolved,low,exact_manufacturer_catalog_number,all_exact_configurations_ended,search_incomplete,not_found,current_non_us,identity|model|distribution,searched,no_exact_action_found,unknown,,not_applicable,Identity method: exact_manufacturer_catalog_number. UDI assessment: all_exact_configurations_ended. Manufacturer finding: current_non_us. Plausible records could not be tied conservatively to the exact catalog product.,Can the manufacturer confirm the exact U.S. catalog/model identity?|Does the exact current global manufacturer listing apply to the United States despite the ended UDI evidence?,keep_hidden_identity_unresolved,https://www.richard-wolf.com/mam/data/Typo3/Kataloge/Broncho-_Thorako-_Mediastinoskopie/Thorakale_Endoskopie_en.pdf|https://api.fda.gov/device/udi.json?search=catalog_number%3A%228934.4424%22&limit=100|https://api.fda.gov/device/udi.json?search=identifiers.id%3A%2204055207028797%22&limit=100|https://api.fda.gov/device/classification.json?search=product_code%3A%22GCJ%22&limit=100|https://api.fda.gov/device/registrationlisting.json?search=products.product_code%3A%22GCJ%22&limit=100|https://api.fda.gov/device/enforcement.json?search=product_description%3A%228934.4424%22&limit=100|https://api.fda.gov/device/enforcement.json?search=code_info%3A%2204055207028797%22&limit=100|https://api.fda.gov/device/recall.json?search=product_description%3A%228934.4424%22&limit=100|https://api.fda.gov/device/recall.json?search=code_info%3A%2204055207028797%22&limit=100,false
PRD-2BC12F8AEF,Karl Storz,Deflecting Device,10357,,identity_unresolved,low,exact_manufacturer_model_number,all_exact_configurations_active,search_incomplete,not_found,family_only_current,identity|manufacturer,searched,no_exact_action_found,unknown,,not_applicable,Identity method: exact_manufacturer_model_number. UDI assessment: all_exact_configurations_active. Manufacturer finding: family_only_current. Plausible records could not be tied conservatively to the exact catalog product.,Can the manufacturer confirm the exact U.S. catalog/model identity?,keep_hidden_identity_unresolved,https://www.karlstorz.com/us/en/thoracic-surgery-and-pulmonology.htm|https://api.fda.gov/device/udi.json?search=version_or_model_number%3A%2210357%22&limit=100|https://api.fda.gov/device/udi.json?search=identifiers.id%3A%2204048551046869%22&limit=100|https://api.fda.gov/device/udi.json?search=catalog_number%3A%2210357%22&limit=100|https://api.fda.gov/device/udi.json?search=version_or_model_number%3A%2210357%22&limit=100|https://api.fda.gov/device/udi.json?search=version_or_model_number%3A%2210357%22&limit=100|https://api.fda.gov/device/udi.json?search=version_or_model_number%3A%2210357%22&limit=100|https://api.fda.gov/device/classification.json?search=product_code%3A%22EOQ%22&limit=100|https://api.fda.gov/device/registrationlisting.json?search=products.product_code%3A%22EOQ%22&limit=100|https://api.fda.gov/device/enforcement.json?search=code_info%3A%2204048551046869%22&limit=100|https://api.fda.gov/device/enforcement.json?search=product_description%3A%2210357%22&limit=100|https://api.fda.gov/device/recall.json?search=product_description%3A%2210357%22&limit=100|https://api.fda.gov/device/recall.json?search=code_info%3A%2204048551046869%22&limit=100,false
PRD-2BD5C6261D,Richard Wolf,"Lung Grasping Forceps, Angled",8242.611,,identity_unresolved,low,exact_manufacturer_catalog_number,all_exact_configurations_ended,search_incomplete,premarket_exempt,current_non_us,identity|model|distribution,searched,no_exact_action_found,unknown,,not_applicable,Identity method: exact_manufacturer_catalog_number. UDI assessment: all_exact_configurations_ended. Manufacturer finding: current_non_us. Plausible records could not be tied conservatively to the exact catalog product.,Can the manufacturer confirm the exact U.S. catalog/model identity?|Does the exact current global manufacturer listing apply to the United States despite the ended UDI evidence?,keep_hidden_identity_unresolved,https://www.richard-wolf.com/mam/data/Typo3/Kataloge/Broncho-_Thorako-_Mediastinoskopie/Thorakale_Endoskopie_en.pdf|https://api.fda.gov/device/udi.json?search=identifiers.id%3A%2204055207014660%22&limit=100|https://api.fda.gov/device/udi.json?search=catalog_number%3A%228242.611%22&limit=100|https://api.fda.gov/device/classification.json?search=product_code%3A%22GEN%22&limit=100|https://api.fda.gov/device/enforcement.json?search=code_info%3A%2204055207014660%22&limit=100|https://api.fda.gov/device/enforcement.json?search=product_description%3A%228242.611%22&limit=100|https://api.fda.gov/device/recall.json?search=product_description%3A%228242.611%22&limit=100|https://api.fda.gov/device/recall.json?search=code_info%3A%2204055207014660%22&limit=100,false
PRD-2C4537F4D4,Olympus,Peripheral Biopsy Forceps,FB-433D,,current_status_conflicted,moderate,exact_manufacturer_model_number,conflicting_exact_configuration_statuses,search_incomplete,not_found,family_only_current,package_configuration|distribution,searched,no_exact_action_found,unknown,,not_applicable,"Identity method: exact_manufacturer_model_number. UDI assessment: conflicting_exact_configuration_statuses. Manufacturer finding: family_only_current. Conflicting package, distribution, identity, or source evidence prevents a current-status conclusion.",Which exact package/configuration status is current in the United States?,keep_hidden_conflicting,https://medical.olympusamerica.com/procedure/peripheral-bronchoscopy-radial-ebus|https://api.fda.gov/device/udi.json?search=version_or_model_number%3A%22FB-433D%22&limit=100|https://api.fda.gov/device/udi.json?search=version_or_model_number%3A%22FB-433D%22&limit=100|https://api.fda.gov/device/udi.json?search=identifiers.id%3A%2204953170401954%22&limit=100|https://api.fda.gov/device/classification.json?search=product_code%3A%22EOB%22&limit=100|https://api.fda.gov/device/classification.json?search=product_code%3A%22EOQ%22&limit=100|https://api.fda.gov/device/registrationlisting.json?search=products.product_code%3A%22EOB%22&limit=100|https://api.fda.gov/device/registrationlisting.json?search=products.product_code%3A%22EOQ%22&limit=100|https://api.fda.gov/device/enforcement.json?search=code_info%3A%2214953170401951%22&limit=100|https://api.fda.gov/device/enforcement.json?search=product_description%3A%22FB-433D%22&limit=100|https://api.fda.gov/device/enforcement.json?search=code_info%3A%2204953170401954%22&limit=100|https://api.fda.gov/device/enforcement.json?search=code_info%3A%2204953170394539%22&limit=100|https://api.fda.gov/device/enforcement.json?search=code_info%3A%2214953170394536%22&limit=100|https://api.fda.gov/device/recall.json?search=code_info%3A%2204953170394539%22&limit=100|https://api.fda.gov/device/recall.json?search=code_info%3A%2214953170394536%22&limit=100|https://api.fda.gov/device/recall.json?search=product_description%3A%22FB-433D%22&limit=100|https://api.fda.gov/device/recall.json?search=code_info%3A%2214953170401951%22&limit=100|https://api.fda.gov/device/recall.json?search=code_info%3A%2204953170401954%22&limit=100,false
PRD-2CE58D8A14,Ethicon,Blake Silicone Drain – Round 10 Fr w/ 1⁄8″ trocar,2227,,identity_unresolved,low,exact_manufacturer_catalog_number,all_exact_configurations_active,search_incomplete,premarket_exempt,not_searched,identity|manufacturer,searched,no_exact_action_found,unknown,,not_applicable,Identity method: exact_manufacturer_catalog_number. UDI assessment: all_exact_configurations_active. Manufacturer finding: not_searched. Plausible records could not be tied conservatively to the exact catalog product.,Can the manufacturer confirm the exact U.S. catalog/model identity?,keep_hidden_identity_unresolved,https://api.fda.gov/device/udi.json?search=version_or_model_number%3A%222227%22&limit=100|https://api.fda.gov/device/udi.json?search=catalog_number%3A%222227%22&limit=100|https://api.fda.gov/device/udi.json?search=version_or_model_number%3A%222227%22&limit=100|https://api.fda.gov/device/udi.json?search=identifiers.id%3A%2210705031003552%22&limit=100|https://api.fda.gov/device/udi.json?search=catalog_number%3A%222227%22&limit=100|https://api.fda.gov/device/udi.json?search=version_or_model_number%3A%222227%22&limit=100|https://api.fda.gov/device/udi.json?search=version_or_model_number%3A%222227%22&limit=100|https://api.fda.gov/device/udi.json?search=catalog_number%3A%222227%22&limit=100|https://api.fda.gov/device/udi.json?search=catalog_number%3A%222227%22&limit=100|https://api.fda.gov/device/udi.json?search=version_or_model_number%3A%222227%22&limit=100|https://api.fda.gov/device/udi.json?search=catalog_number%3A%222227%22&limit=100|https://api.fda.gov/device/udi.json?search=version_or_model_number%3A%222227%22&limit=100|https://api.fda.gov/device/udi.json?search=catalog_number%3A%222227%22&limit=100|https://api.fda.gov/device/udi.json?search=version_or_model_number%3A%222227%22&limit=100|https://api.fda.gov/device/udi.json?search=catalog_number%3A%222227%22&limit=100|https://api.fda.gov/device/udi.json?search=version_or_model_number%3A%222227%22&limit=100|https://api.fda.gov/device/udi.json?search=catalog_number%3A%222227%22&limit=100|https://api.fda.gov/device/classification.json?search=product_code%3A%22GBX%22&limit=100|https://api.fda.gov/device/enforcement.json?search=code_info%3A%2210705031003552%22&limit=100|https://api.fda.gov/device/enforcement.json?search=code_info%3A%2220705031003559%22&limit=100|https://api.fda.gov/device/recall.json?search=code_info%3A%2210705031003552%22&limit=100|https://api.fda.gov/device/recall.json?search=code_info%3A%2220705031003559%22&limit=100,false
PRD-2DACCAD2B4,Karl Storz,Optical Spoon Biopsy Forceps,10352L,,insufficient_evidence,low,exact_manufacturer_catalog_number,all_exact_configurations_active,search_incomplete,not_found,family_only_current,,searched,no_exact_action_found,unknown,,not_applicable,Identity method: exact_manufacturer_catalog_number. UDI assessment: all_exact_configurations_active. Manufacturer finding: family_only_current. Completed or permitted searches did not establish enough exact current-status evidence; no result is not a discontinuation finding.,"Is there a current official U.S. product page, labeling document, or discontinuation notice for this exact identifier?",keep_hidden_insufficient_evidence,https://www.karlstorz.com/us/en/thoracic-surgery-and-pulmonology.htm|https://api.fda.gov/device/udi.json?search=catalog_number%3A%2210352L%22&limit=100|https://api.fda.gov/device/udi.json?search=version_or_model_number%3A%2210352L%22&limit=100|https://api.fda.gov/device/udi.json?search=identifiers.id%3A%2204048551046814%22&limit=100|https://api.fda.gov/device/classification.json?search=product_code%3A%22EOQ%22&limit=100|https://api.fda.gov/device/registrationlisting.json?search=products.product_code%3A%22EOQ%22&limit=100|https://api.fda.gov/device/enforcement.json?search=code_info%3A%2204048551046814%22&limit=100|https://api.fda.gov/device/enforcement.json?search=product_description%3A%2210352+L%22&limit=100|https://api.fda.gov/device/recall.json?search=code_info%3A%2204048551046814%22&limit=100|https://api.fda.gov/device/recall.json?search=product_description%3A%2210352+L%22&limit=100,false
PRD-2FACCCFC02,Karl Storz,Universal Forceps,10372UL,,insufficient_evidence,low,exact_manufacturer_catalog_number,all_exact_configurations_active,search_incomplete,not_found,family_only_current,,searched,no_exact_action_found,unknown,,not_applicable,Identity method: exact_manufacturer_catalog_number. UDI assessment: all_exact_configurations_active. Manufacturer finding: family_only_current. Completed or permitted searches did not establish enough exact current-status evidence; no result is not a discontinuation finding.,"Is there a current official U.S. product page, labeling document, or discontinuation notice for this exact identifier?",keep_hidden_insufficient_evidence,https://www.karlstorz.com/us/en/thoracic-surgery-and-pulmonology.htm|https://api.fda.gov/device/udi.json?search=catalog_number%3A%2210372UL%22&limit=100|https://api.fda.gov/device/udi.json?search=version_or_model_number%3A%2210372UL%22&limit=100|https://api.fda.gov/device/udi.json?search=identifiers.id%3A%2204048551047538%22&limit=100|https://api.fda.gov/device/classification.json?search=product_code%3A%22EOQ%22&limit=100|https://api.fda.gov/device/registrationlisting.json?search=products.product_code%3A%22EOQ%22&limit=100|https://api.fda.gov/device/enforcement.json?search=code_info%3A%2204048551047538%22&limit=100|https://api.fda.gov/device/enforcement.json?search=product_description%3A%2210372+UL%22&limit=100|https://api.fda.gov/device/recall.json?search=code_info%3A%2204048551047538%22&limit=100|https://api.fda.gov/device/recall.json?search=product_description%3A%2210372+UL%22&limit=100,false
PRD-33120D5BE2,Karl Storz,Full Lumen Operating Bronchoscope for Stent Application,10318GL,,insufficient_evidence,low,exact_manufacturer_model_number,all_exact_configurations_active,search_incomplete,not_found,family_only_current,,searched,no_exact_action_found,unknown,,not_applicable,Identity method: exact_manufacturer_model_number. UDI assessment: all_exact_configurations_active. Manufacturer finding: family_only_current. Completed or permitted searches did not establish enough exact current-status evidence; no result is not a discontinuation finding.,"Is there a current official U.S. product page, labeling document, or discontinuation notice for this exact identifier?",keep_hidden_insufficient_evidence,https://www.karlstorz.com/us/en/thoracic-surgery-and-pulmonology.htm|https://api.fda.gov/device/udi.json?search=version_or_model_number%3A%2210318GL%22&limit=100|https://api.fda.gov/device/udi.json?search=identifiers.id%3A%2204048551045732%22&limit=100|https://api.fda.gov/device/classification.json?search=product_code%3A%22EOQ%22&limit=100|https://api.fda.gov/device/registrationlisting.json?search=products.product_code%3A%22EOQ%22&limit=100|https://api.fda.gov/device/enforcement.json?search=product_description%3A%2210318+GL%22&limit=100|https://api.fda.gov/device/enforcement.json?search=code_info%3A%2204048551045732%22&limit=100|https://api.fda.gov/device/recall.json?search=code_info%3A%2204048551045732%22&limit=100|https://api.fda.gov/device/recall.json?search=product_description%3A%2210318+GL%22&limit=100,false
PRD-354ECD3DC4,Karl Storz,Forceps for Peanuts/Soft Foreign Bodies,10367K,,insufficient_evidence,low,exact_manufacturer_catalog_number,all_exact_configurations_active,search_incomplete,not_found,family_only_current,,searched,no_exact_action_found,unknown,,not_applicable,Identity method: exact_manufacturer_catalog_number. UDI assessment: all_exact_configurations_active. Manufacturer finding: family_only_current. Completed or permitted searches did not establish enough exact current-status evidence; no result is not a discontinuation finding.,"Is there a current official U.S. product page, labeling document, or discontinuation notice for this exact identifier?",keep_hidden_insufficient_evidence,https://www.karlstorz.com/us/en/thoracic-surgery-and-pulmonology.htm|https://api.fda.gov/device/udi.json?search=identifiers.id%3A%2204048551047019%22&limit=100|https://api.fda.gov/device/udi.json?search=version_or_model_number%3A%2210367K%22&limit=100|https://api.fda.gov/device/udi.json?search=catalog_number%3A%2210367K%22&limit=100|https://api.fda.gov/device/classification.json?search=product_code%3A%22EOQ%22&limit=100|https://api.fda.gov/device/registrationlisting.json?search=products.product_code%3A%22EOQ%22&limit=100|https://api.fda.gov/device/enforcement.json?search=product_description%3A%2210367+K%22&limit=100|https://api.fda.gov/device/enforcement.json?search=code_info%3A%2204048551047019%22&limit=100|https://api.fda.gov/device/recall.json?search=code_info%3A%2204048551047019%22&limit=100|https://api.fda.gov/device/recall.json?search=product_description%3A%2210367+K%22&limit=100,false
PRD-36D0F6CBA0,Ethicon,"Blake Silicone Drain – Flat 10 mm, full‑fluted w/ trocar",2215,,identity_unresolved,low,exact_manufacturer_catalog_number,all_exact_configurations_active,search_incomplete,premarket_exempt,not_searched,identity|manufacturer,searched,no_exact_action_found,unknown,,not_applicable,Identity method: exact_manufacturer_catalog_number. UDI assessment: all_exact_configurations_active. Manufacturer finding: not_searched. Plausible records could not be tied conservatively to the exact catalog product.,Can the manufacturer confirm the exact U.S. catalog/model identity?,keep_hidden_identity_unresolved,https://api.fda.gov/device/udi.json?search=version_or_model_number%3A%222215%22&limit=100&skip=100|https://api.fda.gov/device/udi.json?search=catalog_number%3A%222215%22&limit=100&skip=100|https://api.fda.gov/device/udi.json?search=version_or_model_number%3A%222215%22&limit=100|https://api.fda.gov/device/udi.json?search=catalog_number%3A%222215%22&limit=100|https://api.fda.gov/device/udi.json?search=version_or_model_number%3A%222215%22&limit=100|https://api.fda.gov/device/udi.json?search=catalog_number%3A%222215%22&limit=100|https://api.fda.gov/device/udi.json?search=version_or_model_number%3A%222215%22&limit=100|https://api.fda.gov/device/udi.json?search=version_or_model_number%3A%222215%22&limit=100|https://api.fda.gov/device/udi.json?search=catalog_number%3A%222215%22&limit=100|https://api.fda.gov/device/udi.json?search=version_or_model_number%3A%222215%22&limit=100&skip=100|https://api.fda.gov/device/udi.json?search=catalog_number%3A%222215%22&limit=100&skip=100|https://api.fda.gov/device/udi.json?search=version_or_model_number%3A%222215%22&limit=100&skip=100|https://api.fda.gov/device/udi.json?search=catalog_number%3A%222215%22&limit=100|https://api.fda.gov/device/udi.json?search=version_or_model_number%3A%222215%22&limit=100&skip=100|https://api.fda.gov/device/udi.json?search=catalog_number%3A%222215%22&limit=100&skip=100|https://api.fda.gov/device/udi.json?search=version_or_model_number%3A%222215%22&limit=100&skip=100|https://api.fda.gov/device/udi.json?search=version_or_model_number%3A%222215%22&limit=100&skip=200|https://api.fda.gov/device/udi.json?search=version_or_model_number%3A%222215%22&limit=100&skip=100|https://api.fda.gov/device/udi.json?search=version_or_model_number%3A%222215%22&limit=100&skip=100|https://api.fda.gov/device/udi.json?search=catalog_number%3A%222215%22&limit=100|https://api.fda.gov/device/udi.json?search=catalog_number%3A%222215%22&limit=100&skip=100|https://api.fda.gov/device/udi.json?search=version_or_model_number%3A%222215%22&limit=100|https://api.fda.gov/device/udi.json?search=catalog_number%3A%222215%22&limit=100|https://api.fda.gov/device/udi.json?search=version_or_model_number%3A%222215%22&limit=100|https://api.fda.gov/device/udi.json?search=identifiers.id%3A%2210705031003514%22&limit=100|https://api.fda.gov/device/udi.json?search=catalog_number%3A%222215%22&limit=100|https://api.fda.gov/device/classification.json?search=product_code%3A%22GBX%22&limit=100|https://api.fda.gov/device/enforcement.json?search=code_info%3A%2210705031003514%22&limit=100|https://api.fda.gov/device/enforcement.json?search=code_info%3A%2220705031003511%22&limit=100|https://api.fda.gov/device/recall.json?search=code_info%3A%2220705031003511%22&limit=100|https://api.fda.gov/device/recall.json?search=code_info%3A%2210705031003514%22&limit=100,false
PRD-38F9E96675,Karl Storz,Alligator Forceps,10371H,,insufficient_evidence,low,exact_manufacturer_catalog_number,all_exact_configurations_active,search_incomplete,not_found,family_only_current,,searched,no_exact_action_found,unknown,,not_applicable,Identity method: exact_manufacturer_catalog_number. UDI assessment: all_exact_configurations_active. Manufacturer finding: family_only_current. Completed or permitted searches did not establish enough exact current-status evidence; no result is not a discontinuation finding.,"Is there a current official U.S. product page, labeling document, or discontinuation notice for this exact identifier?",keep_hidden_insufficient_evidence,https://www.karlstorz.com/us/en/thoracic-surgery-and-pulmonology.htm|https://api.fda.gov/device/udi.json?search=identifiers.id%3A%2204048551047286%22&limit=100|https://api.fda.gov/device/udi.json?search=catalog_number%3A%2210371H%22&limit=100|https://api.fda.gov/device/udi.json?search=version_or_model_number%3A%2210371H%22&limit=100|https://api.fda.gov/device/classification.json?search=product_code%3A%22EOQ%22&limit=100|https://api.fda.gov/device/registrationlisting.json?search=products.product_code%3A%22EOQ%22&limit=100|https://api.fda.gov/device/enforcement.json?search=product_description%3A%2210371+H%22&limit=100|https://api.fda.gov/device/enforcement.json?search=code_info%3A%2204048551047286%22&limit=100|https://api.fda.gov/device/recall.json?search=code_info%3A%2204048551047286%22&limit=100|https://api.fda.gov/device/recall.json?search=product_description%3A%2210371+H%22&limit=100,false
PRD-3A27A7B76D,Cardinal Health,"Argyle PVC Thoracic Catheter – Straight, 24 Fr × 20 in",8888570531,,insufficient_evidence,low,exact_manufacturer_catalog_number,all_exact_configurations_ended,search_incomplete,premarket_exempt,not_searched,,searched,no_exact_action_found,unknown,,not_applicable,Identity method: exact_manufacturer_catalog_number. UDI assessment: all_exact_configurations_ended. Manufacturer finding: not_searched. Completed or permitted searches did not establish enough exact current-status evidence; no result is not a discontinuation finding.,"Is there a current official U.S. product page, labeling document, or discontinuation notice for this exact identifier?",keep_hidden_insufficient_evidence,https://api.fda.gov/device/udi.json?search=catalog_number%3A%228888570531%22&limit=100|https://api.fda.gov/device/udi.json?search=version_or_model_number%3A%228888570531%22&limit=100|https://api.fda.gov/device/udi.json?search=catalog_number%3A%228888570531%22&limit=100|https://api.fda.gov/device/udi.json?search=identifiers.id%3A%2220884521047126%22&limit=100|https://api.fda.gov/device/udi.json?search=version_or_model_number%3A%228888570531%22&limit=100|https://api.fda.gov/device/classification.json?search=product_code%3A%22JOL%22&limit=100|https://api.fda.gov/device/enforcement.json?search=code_info%3A%2200884521060848%22&limit=100|https://api.fda.gov/device/enforcement.json?search=code_info%3A%2210884521047129%22&limit=100|https://api.fda.gov/device/enforcement.json?search=product_description%3A%228888570531%22&limit=100|https://api.fda.gov/device/enforcement.json?search=code_info%3A%2220884521047126%22&limit=100|https://api.fda.gov/device/enforcement.json?search=code_info%3A%2200884521149444%22&limit=100|https://api.fda.gov/device/recall.json?search=code_info%3A%2200884521149444%22&limit=100|https://api.fda.gov/device/recall.json?search=code_info%3A%2200884521060848%22&limit=100|https://api.fda.gov/device/recall.json?search=product_description%3A%228888570531%22&limit=100|https://api.fda.gov/device/recall.json?search=code_info%3A%2220884521047126%22&limit=100|https://api.fda.gov/device/recall.json?search=code_info%3A%2210884521047129%22&limit=100,false
PRD-3AAC1114C7,Karl Storz,Rubber Telescope Guide,10314BN,,insufficient_evidence,low,exact_manufacturer_catalog_number,all_exact_configurations_active,search_incomplete,not_found,family_only_current,,searched,no_exact_action_found,unknown,,not_applicable,Identity method: exact_manufacturer_catalog_number. UDI assessment: all_exact_configurations_active. Manufacturer finding: family_only_current. Completed or permitted searches did not establish enough exact current-status evidence; no result is not a discontinuation finding.,"Is there a current official U.S. product page, labeling document, or discontinuation notice for this exact identifier?",keep_hidden_insufficient_evidence,https://www.karlstorz.com/us/en/thoracic-surgery-and-pulmonology.htm|https://api.fda.gov/device/udi.json?search=catalog_number%3A%2210314BN%22&limit=100|https://api.fda.gov/device/udi.json?search=identifiers.id%3A%2204048551224717%22&limit=100|https://api.fda.gov/device/udi.json?search=version_or_model_number%3A%2210314BN%22&limit=100|https://api.fda.gov/device/classification.json?search=product_code%3A%22EOQ%22&limit=100|https://api.fda.gov/device/registrationlisting.json?search=products.product_code%3A%22EOQ%22&limit=100|https://api.fda.gov/device/enforcement.json?search=code_info%3A%2204048551224717%22&limit=100|https://api.fda.gov/device/enforcement.json?search=product_description%3A%2210314+BN%22&limit=100|https://api.fda.gov/device/recall.json?search=code_info%3A%2204048551224717%22&limit=100|https://api.fda.gov/device/recall.json?search=product_description%3A%2210314+BN%22&limit=100,false
PRD-3CF45A4BFF,Karl Storz,Adjustable Magnifier,10338TRA,,insufficient_evidence,low,exact_manufacturer_catalog_number,all_exact_configurations_active,search_incomplete,premarket_exempt,family_only_current,,searched,no_exact_action_found,unknown,,not_applicable,Identity method: exact_manufacturer_catalog_number. UDI assessment: all_exact_configurations_active. Manufacturer finding: family_only_current. Completed or permitted searches did not establish enough exact current-status evidence; no result is not a discontinuation finding.,"Is there a current official U.S. product page, labeling document, or discontinuation notice for this exact identifier?",keep_hidden_insufficient_evidence,https://www.karlstorz.com/us/en/thoracic-surgery-and-pulmonology.htm|https://api.fda.gov/device/udi.json?search=version_or_model_number%3A%2210338TRA%22&limit=100|https://api.fda.gov/device/udi.json?search=catalog_number%3A%2210338TRA%22&limit=100|https://api.fda.gov/device/udi.json?search=identifiers.id%3A%2204048551046470%22&limit=100|https://api.fda.gov/device/classification.json?search=product_code%3A%22LRC%22&limit=100|https://api.fda.gov/device/registrationlisting.json?search=products.product_code%3A%22LRC%22&limit=100|https://api.fda.gov/device/enforcement.json?search=code_info%3A%2204048551046470%22&limit=100|https://api.fda.gov/device/enforcement.json?search=product_description%3A%2210338+TRA%22&limit=100|https://api.fda.gov/device/recall.json?search=code_info%3A%2204048551046470%22&limit=100|https://api.fda.gov/device/recall.json?search=product_description%3A%2210338+TRA%22&limit=100,false
PRD-3EDAA08D62,Cardinal Health,"Argyle PVC Thoracic Catheter – Straight, 16 Fr × 20 in",8888570515,,insufficient_evidence,low,exact_manufacturer_catalog_number,all_exact_configurations_ended,search_incomplete,premarket_exempt,not_searched,,searched,no_exact_action_found,unknown,,not_applicable,Identity method: exact_manufacturer_catalog_number. UDI assessment: all_exact_configurations_ended. Manufacturer finding: not_searched. Completed or permitted searches did not establish enough exact current-status evidence; no result is not a discontinuation finding.,"Is there a current official U.S. product page, labeling document, or discontinuation notice for this exact identifier?",keep_hidden_insufficient_evidence,https://api.fda.gov/device/udi.json?search=version_or_model_number%3A%228888570515%22&limit=100|https://api.fda.gov/device/udi.json?search=catalog_number%3A%228888570515%22&limit=100|https://api.fda.gov/device/udi.json?search=identifiers.id%3A%2210884521050822%22&limit=100|https://api.fda.gov/device/udi.json?search=version_or_model_number%3A%228888570515%22&limit=100|https://api.fda.gov/device/udi.json?search=catalog_number%3A%228888570515%22&limit=100|https://api.fda.gov/device/classification.json?search=product_code%3A%22JOL%22&limit=100|https://api.fda.gov/device/enforcement.json?search=code_info%3A%2220884521050829%22&limit=100|https://api.fda.gov/device/enforcement.json?search=code_info%3A%2210884521050822%22&limit=100|https://api.fda.gov/device/enforcement.json?search=code_info%3A%2200884521060824%22&limit=100|https://api.fda.gov/device/enforcement.json?search=code_info%3A%2200884521149413%22&limit=100|https://api.fda.gov/device/enforcement.json?search=product_description%3A%228888570515%22&limit=100|https://api.fda.gov/device/recall.json?search=code_info%3A%2200884521149413%22&limit=100|https://api.fda.gov/device/recall.json?search=code_info%3A%2200884521060824%22&limit=100|https://api.fda.gov/device/recall.json?search=code_info%3A%2220884521050829%22&limit=100|https://api.fda.gov/device/recall.json?search=product_description%3A%228888570515%22&limit=100|https://api.fda.gov/device/recall.json?search=code_info%3A%2210884521050822%22&limit=100,false
PRD-41AAD08DBF,Richard Wolf,"Suction Tube, 2.8 mm, WL 450 mm",8380.68,,identity_unresolved,low,exact_manufacturer_catalog_number,all_exact_configurations_active,search_incomplete,premarket_exempt,not_searched,identity|model,searched,no_exact_action_found,unknown,,not_applicable,Identity method: exact_manufacturer_catalog_number. UDI assessment: all_exact_configurations_active. Manufacturer finding: not_searched. Plausible records could not be tied conservatively to the exact catalog product.,Can the manufacturer confirm the exact U.S. catalog/model identity?,keep_hidden_identity_unresolved,https://api.fda.gov/device/udi.json?search=catalog_number%3A%228380.68%22&limit=100|https://api.fda.gov/device/classification.json?search=product_code%3A%22JOL%22&limit=100|https://api.fda.gov/device/enforcement.json?search=code_info%3A%2204055207040041%22&limit=100|https://api.fda.gov/device/enforcement.json?search=product_description%3A%228380.68%22&limit=100|https://api.fda.gov/device/recall.json?search=code_info%3A%2204055207040041%22&limit=100|https://api.fda.gov/device/recall.json?search=product_description%3A%228380.68%22&limit=100,false
PRD-427A070734,Karl Storz,"Autoclavable Plastic Cannula, Pack of 5",30120X,,insufficient_evidence,low,exact_manufacturer_catalog_number,all_exact_configurations_active,search_incomplete,not_found,family_only_current,,searched,no_exact_action_found,unknown,,not_applicable,Identity method: exact_manufacturer_catalog_number. UDI assessment: all_exact_configurations_active. Manufacturer finding: family_only_current. Completed or permitted searches did not establish enough exact current-status evidence; no result is not a discontinuation finding.,"Is there a current official U.S. product page, labeling document, or discontinuation notice for this exact identifier?",keep_hidden_insufficient_evidence,https://www.karlstorz.com/us/en/thoracic-surgery-and-pulmonology.htm|https://api.fda.gov/device/udi.json?search=identifiers.id%3A%2204048551457283%22&limit=100|https://api.fda.gov/device/udi.json?search=version_or_model_number%3A%2230120X%22&limit=100|https://api.fda.gov/device/udi.json?search=catalog_number%3A%2230120X%22&limit=100|https://api.fda.gov/device/udi.json?search=version_or_model_number%3A%2230120X%22&limit=100|https://api.fda.gov/device/classification.json?search=product_code%3A%22GCJ%22&limit=100|https://api.fda.gov/device/registrationlisting.json?search=products.product_code%3A%22GCJ%22&limit=100|https://api.fda.gov/device/enforcement.json?search=product_description%3A%2230120+X%22&limit=100|https://api.fda.gov/device/enforcement.json?search=code_info%3A%2204048551119891%22&limit=100|https://api.fda.gov/device/enforcement.json?search=code_info%3A%2204048551254684%22&limit=100|https://api.fda.gov/device/enforcement.json?search=code_info%3A%2204048551457290%22&limit=100|https://api.fda.gov/device/enforcement.json?search=code_info%3A%2204048551457283%22&limit=100|https://api.fda.gov/device/recall.json?search=code_info%3A%2204048551254684%22&limit=100|https://api.fda.gov/device/recall.json?search=code_info%3A%2204048551457283%22&limit=100|https://api.fda.gov/device/recall.json?search=code_info%3A%2204048551119891%22&limit=100|https://api.fda.gov/device/recall.json?search=product_description%3A%2230120+X%22&limit=100|https://api.fda.gov/device/recall.json?search=code_info%3A%2204048551457290%22&limit=100,false
PRD-4298F66678,Richard Wolf,Grasping Forceps for Soft Foreign Bodies,8281.37,,identity_unresolved,low,exact_manufacturer_catalog_number,all_exact_configurations_ended,search_incomplete,premarket_exempt,current_non_us,identity|model|distribution,searched,no_exact_action_found,unknown,,not_applicable,Identity method: exact_manufacturer_catalog_number. UDI assessment: all_exact_configurations_ended. Manufacturer finding: current_non_us. Plausible records could not be tied conservatively to the exact catalog product.,Can the manufacturer confirm the exact U.S. catalog/model identity?|Does the exact current global manufacturer listing apply to the United States despite the ended UDI evidence?,keep_hidden_identity_unresolved,https://www.richard-wolf.com/mam/data/Typo3/Kataloge/Broncho-_Thorako-_Mediastinoskopie/Thorakale_Endoskopie_en.pdf|https://api.fda.gov/device/udi.json?search=catalog_number%3A%228281.37%22&limit=100|https://api.fda.gov/device/udi.json?search=identifiers.id%3A%2204055207039410%22&limit=100|https://api.fda.gov/device/classification.json?search=product_code%3A%22KAE%22&limit=100|https://api.fda.gov/device/enforcement.json?search=code_info%3A%2204055207039410%22&limit=100|https://api.fda.gov/device/enforcement.json?search=product_description%3A%228281.37%22&limit=100|https://api.fda.gov/device/recall.json?search=product_description%3A%228281.37%22&limit=100|https://api.fda.gov/device/recall.json?search=code_info%3A%2204055207039410%22&limit=100,false
PRD-481074A513,Karl Storz,Sponge Holder for Sterile Smears,10388A,,insufficient_evidence,low,exact_manufacturer_model_number,all_exact_configurations_active,search_incomplete,not_found,family_only_current,,searched,no_exact_action_found,unknown,,not_applicable,Identity method: exact_manufacturer_model_number. UDI assessment: all_exact_configurations_active. Manufacturer finding: family_only_current. Completed or permitted searches did not establish enough exact current-status evidence; no result is not a discontinuation finding.,"Is there a current official U.S. product page, labeling document, or discontinuation notice for this exact identifier?",keep_hidden_insufficient_evidence,https://www.karlstorz.com/us/en/thoracic-surgery-and-pulmonology.htm|https://api.fda.gov/device/udi.json?search=identifiers.id%3A%2204048551048306%22&limit=100|https://api.fda.gov/device/udi.json?search=version_or_model_number%3A%2210388A%22&limit=100|https://api.fda.gov/device/classification.json?search=product_code%3A%22EOQ%22&limit=100|https://api.fda.gov/device/registrationlisting.json?search=products.product_code%3A%22EOQ%22&limit=100|https://api.fda.gov/device/enforcement.json?search=product_description%3A%2210388+A%22&limit=100|https://api.fda.gov/device/enforcement.json?search=code_info%3A%2204048551048306%22&limit=100|https://api.fda.gov/device/recall.json?search=product_description%3A%2210388+A%22&limit=100|https://api.fda.gov/device/recall.json?search=code_info%3A%2204048551048306%22&limit=100,false
PRD-48AEE784DD,Olympus,UCR High-Pressure CO2 Hose,MAJ-1084,,insufficient_evidence,low,exact_manufacturer_model_number,all_exact_configurations_active,search_incomplete,not_found,family_only_current,,searched,no_exact_action_found,unknown,,not_applicable,Identity method: exact_manufacturer_model_number. UDI assessment: all_exact_configurations_active. Manufacturer finding: family_only_current. Completed or permitted searches did not establish enough exact current-status evidence; no result is not a discontinuation finding.,"Is there a current official U.S. product page, labeling document, or discontinuation notice for this exact identifier?",keep_hidden_insufficient_evidence,https://content.medical.olympusamerica.com/products/accessory-solutions|https://api.fda.gov/device/udi.json?search=version_or_model_number%3A%22MAJ-1084%22&limit=100|https://api.fda.gov/device/udi.json?search=identifiers.id%3A%2204953170140365%22&limit=100|https://api.fda.gov/device/classification.json?search=product_code%3A%22FCX%22&limit=100|https://api.fda.gov/device/classification.json?search=product_code%3A%22HIF%22&limit=100|https://api.fda.gov/device/registrationlisting.json?search=products.product_code%3A%22FCX%22&limit=100|https://api.fda.gov/device/registrationlisting.json?search=products.product_code%3A%22HIF%22&limit=100|https://api.fda.gov/device/enforcement.json?search=product_description%3A%22MAJ-1084%22&limit=100|https://api.fda.gov/device/enforcement.json?search=code_info%3A%2204953170140365%22&limit=100|https://api.fda.gov/device/recall.json?search=code_info%3A%2204953170140365%22&limit=100|https://api.fda.gov/device/recall.json?search=product_description%3A%22MAJ-1084%22&limit=100,false
PRD-48C48C68BA,Intuitive Surgical,Ion Fully Articulating Catheter,490105,,identity_unresolved,low,exact_manufacturer_model_number,all_exact_configurations_active,search_incomplete,not_found,family_only_current,identity|manufacturer,searched,active_exact_product_action,lot_specific,Z-0355-2024|Z-0489-2021,not_applicable,Identity method: exact_manufacturer_model_number. UDI assessment: all_exact_configurations_active. Manufacturer finding: family_only_current. Plausible records could not be tied conservatively to the exact catalog product.,Can the manufacturer confirm the exact U.S. catalog/model identity?,keep_hidden_identity_unresolved,https://www.intuitive.com/en-us/-/media/ISI/Intuitive/Pdf/intuitive-ion-system-brochure-1051118.pdf|https://www.intuitive.com/en-us/products-and-services/ion|https://api.fda.gov/device/udi.json?search=identifiers.id%3A%2200886874116258%22&limit=100|https://api.fda.gov/device/udi.json?search=version_or_model_number%3A%22490105%22&limit=100|https://api.fda.gov/device/udi.json?search=catalog_number%3A%22490105%22&limit=100|https://api.fda.gov/device/udi.json?search=version_or_model_number%3A%22490105%22&limit=100|https://api.fda.gov/device/classification.json?search=product_code%3A%22EOQ%22&limit=100|https://api.fda.gov/device/registrationlisting.json?search=products.product_code%3A%22EOQ%22&limit=100|https://api.fda.gov/device/enforcement.json?search=product_description%3A%22490105%22&limit=100|https://api.fda.gov/device/enforcement.json?search=code_info%3A%2200886874116258%22&limit=100|https://api.fda.gov/device/recall.json?search=product_description%3A%22490105%22&limit=100|https://api.fda.gov/device/recall.json?search=code_info%3A%2200886874116258%22&limit=100,false
PRD-4A023D6489,Karl Storz,Forceps for Peanuts/Soft Foreign Bodies,10366K,,insufficient_evidence,low,exact_manufacturer_catalog_number,all_exact_configurations_active,search_incomplete,not_found,family_only_current,,searched,no_exact_action_found,unknown,,not_applicable,Identity method: exact_manufacturer_catalog_number. UDI assessment: all_exact_configurations_active. Manufacturer finding: family_only_current. Completed or permitted searches did not establish enough exact current-status evidence; no result is not a discontinuation finding.,"Is there a current official U.S. product page, labeling document, or discontinuation notice for this exact identifier?",keep_hidden_insufficient_evidence,https://www.karlstorz.com/us/en/thoracic-surgery-and-pulmonology.htm|https://api.fda.gov/device/udi.json?search=catalog_number%3A%2210366K%22&limit=100|https://api.fda.gov/device/udi.json?search=version_or_model_number%3A%2210366K%22&limit=100|https://api.fda.gov/device/udi.json?search=identifiers.id%3A%2204048551046951%22&limit=100|https://api.fda.gov/device/classification.json?search=product_code%3A%22EOQ%22&limit=100|https://api.fda.gov/device/registrationlisting.json?search=products.product_code%3A%22EOQ%22&limit=100|https://api.fda.gov/device/enforcement.json?search=product_description%3A%2210366+K%22&limit=100|https://api.fda.gov/device/enforcement.json?search=code_info%3A%2204048551046951%22&limit=100|https://api.fda.gov/device/recall.json?search=product_description%3A%2210366+K%22&limit=100|https://api.fda.gov/device/recall.json?search=code_info%3A%2204048551046951%22&limit=100,false
PRD-4A1701C80B,Karl Storz,Optical Dissection Electrode,26072UF,,insufficient_evidence,low,exact_manufacturer_model_number,all_exact_configurations_active,search_incomplete,not_found,not_searched,,searched,no_exact_action_found,unknown,,not_applicable,Identity method: exact_manufacturer_model_number. UDI assessment: all_exact_configurations_active. Manufacturer finding: not_searched. Completed or permitted searches did not establish enough exact current-status evidence; no result is not a discontinuation finding.,"Is there a current official U.S. product page, labeling document, or discontinuation notice for this exact identifier?",keep_hidden_insufficient_evidence,https://api.fda.gov/device/udi.json?search=version_or_model_number%3A%2226072UF%22&limit=100|https://api.fda.gov/device/classification.json?search=product_code%3A%22GCJ%22&limit=100|https://api.fda.gov/device/registrationlisting.json?search=products.product_code%3A%22GCJ%22&limit=100|https://api.fda.gov/device/enforcement.json?search=product_description%3A%2226072UF%22&limit=100|https://api.fda.gov/device/enforcement.json?search=code_info%3A%2204048551277270%22&limit=100|https://api.fda.gov/device/recall.json?search=product_description%3A%2226072UF%22&limit=100|https://api.fda.gov/device/recall.json?search=code_info%3A%2204048551277270%22&limit=100,false
PRD-4A98F07FC6,Karl Storz,Optical Alligator Forceps,10352H,,insufficient_evidence,low,exact_manufacturer_catalog_number,all_exact_configurations_active,search_incomplete,not_found,family_only_current,,searched,no_exact_action_found,unknown,,not_applicable,Identity method: exact_manufacturer_catalog_number. UDI assessment: all_exact_configurations_active. Manufacturer finding: family_only_current. Completed or permitted searches did not establish enough exact current-status evidence; no result is not a discontinuation finding.,"Is there a current official U.S. product page, labeling document, or discontinuation notice for this exact identifier?",keep_hidden_insufficient_evidence,https://www.karlstorz.com/us/en/thoracic-surgery-and-pulmonology.htm|https://api.fda.gov/device/udi.json?search=identifiers.id%3A%2204048551046791%22&limit=100|https://api.fda.gov/device/udi.json?search=version_or_model_number%3A%2210352H%22&limit=100|https://api.fda.gov/device/udi.json?search=catalog_number%3A%2210352H%22&limit=100|https://api.fda.gov/device/classification.json?search=product_code%3A%22EOQ%22&limit=100|https://api.fda.gov/device/registrationlisting.json?search=products.product_code%3A%22EOQ%22&limit=100|https://api.fda.gov/device/enforcement.json?search=product_description%3A%2210352+H%22&limit=100|https://api.fda.gov/device/enforcement.json?search=code_info%3A%2204048551046791%22&limit=100|https://api.fda.gov/device/recall.json?search=code_info%3A%2204048551046791%22&limit=100|https://api.fda.gov/device/recall.json?search=product_description%3A%2210352+H%22&limit=100,false
PRD-4BB84F196B,Richard Wolf,PANOVIEW ULTRA Telescope,89354416,,insufficient_evidence,low,exact_manufacturer_catalog_number,all_exact_configurations_active,search_incomplete,not_found,current_non_us,,searched,no_exact_action_found,unknown,,not_applicable,Identity method: exact_manufacturer_catalog_number. UDI assessment: all_exact_configurations_active. Manufacturer finding: current_non_us. Completed or permitted searches did not establish enough exact current-status evidence; no result is not a discontinuation finding.,"Does the exact current global manufacturer listing apply to the United States despite the ended UDI evidence?|Is there a current official U.S. product page, labeling document, or discontinuation notice for this exact identifier?",keep_hidden_insufficient_evidence,https://www.richard-wolf.com/mam/data/Typo3/Kataloge/Broncho-_Thorako-_Mediastinoskopie/Thorakale_Endoskopie_en.pdf|https://api.fda.gov/device/udi.json?search=version_or_model_number%3A%2289354416%22&limit=100|https://api.fda.gov/device/udi.json?search=identifiers.id%3A%2204055207058121%22&limit=100|https://api.fda.gov/device/udi.json?search=catalog_number%3A%2289354416%22&limit=100|https://api.fda.gov/device/classification.json?search=product_code%3A%22GCJ%22&limit=100|https://api.fda.gov/device/registrationlisting.json?search=products.product_code%3A%22GCJ%22&limit=100|https://api.fda.gov/device/enforcement.json?search=product_description%3A%2289354416%22&limit=100|https://api.fda.gov/device/enforcement.json?search=code_info%3A%2204055207058121%22&limit=100|https://api.fda.gov/device/recall.json?search=product_description%3A%2289354416%22&limit=100|https://api.fda.gov/device/recall.json?search=code_info%3A%2204055207058121%22&limit=100,false
PRD-4BD7E911C3,Richard Wolf,Cleaning Brush,7990001,,insufficient_evidence,low,exact_manufacturer_catalog_number,all_exact_configurations_active,search_incomplete,premarket_exempt,current_non_us,,searched,no_exact_action_found,unknown,,not_applicable,Identity method: exact_manufacturer_catalog_number. UDI assessment: all_exact_configurations_active. Manufacturer finding: current_non_us. Completed or permitted searches did not establish enough exact current-status evidence; no result is not a discontinuation finding.,"Does the exact current global manufacturer listing apply to the United States despite the ended UDI evidence?|Is there a current official U.S. product page, labeling document, or discontinuation notice for this exact identifier?",keep_hidden_insufficient_evidence,https://www.richard-wolf.com/mam/data/Typo3/Kataloge/Broncho-_Thorako-_Mediastinoskopie/Thorakale_Endoskopie_en.pdf|https://api.fda.gov/device/udi.json?search=version_or_model_number%3A%227990001%22&limit=100|https://api.fda.gov/device/udi.json?search=catalog_number%3A%227990001%22&limit=100|https://api.fda.gov/device/udi.json?search=identifiers.id%3A%2204055207000649%22&limit=100|https://api.fda.gov/device/classification.json?search=product_code%3A%22MNL%22&limit=100|https://api.fda.gov/device/registrationlisting.json?search=products.product_code%3A%22MNL%22&limit=100|https://api.fda.gov/device/enforcement.json?search=code_info%3A%2204055207000649%22&limit=100|https://api.fda.gov/device/enforcement.json?search=product_description%3A%227990001%22&limit=100|https://api.fda.gov/device/enforcement.json?search=code_info%3A%2204055207066973%22&limit=100|https://api.fda.gov/device/recall.json?search=product_description%3A%227990001%22&limit=100|https://api.fda.gov/device/recall.json?search=code_info%3A%2204055207000649%22&limit=100|https://api.fda.gov/device/recall.json?search=code_info%3A%2204055207066973%22&limit=100,false
PRD-4DBE64B0DA,Richard Wolf,Optical Reichle Biopsy Forceps Bagger XXL,8466.652,,identity_unresolved,low,exact_manufacturer_catalog_number,all_exact_configurations_ended,search_incomplete,not_found,current_non_us,identity|model|distribution,searched,no_exact_action_found,unknown,,not_applicable,Identity method: exact_manufacturer_catalog_number. UDI assessment: all_exact_configurations_ended. Manufacturer finding: current_non_us. Plausible records could not be tied conservatively to the exact catalog product.,Can the manufacturer confirm the exact U.S. catalog/model identity?|Does the exact current global manufacturer listing apply to the United States despite the ended UDI evidence?,keep_hidden_identity_unresolved,https://www.richard-wolf.com/mam/data/Typo3/Kataloge/Broncho-_Thorako-_Mediastinoskopie/Thorakale_Endoskopie_en.pdf|https://api.fda.gov/device/udi.json?search=catalog_number%3A%228466.652%22&limit=100|https://api.fda.gov/device/udi.json?search=identifiers.id%3A%2204055207042557%22&limit=100|https://api.fda.gov/device/classification.json?search=product_code%3A%22HRX%22&limit=100|https://api.fda.gov/device/enforcement.json?search=product_description%3A%228466.652%22&limit=100|https://api.fda.gov/device/enforcement.json?search=code_info%3A%2204055207042557%22&limit=100|https://api.fda.gov/device/recall.json?search=product_description%3A%228466.652%22&limit=100|https://api.fda.gov/device/recall.json?search=code_info%3A%2204055207042557%22&limit=100,false
PRD-4E59B4CEB3,Richard Wolf,Cleaning Brush,8691,,identity_unresolved,low,exact_manufacturer_catalog_number,all_exact_configurations_active,search_incomplete,premarket_exempt,current_non_us,identity|manufacturer,searched,no_exact_action_found,unknown,,not_applicable,Identity method: exact_manufacturer_catalog_number. UDI assessment: all_exact_configurations_active. Manufacturer finding: current_non_us. Plausible records could not be tied conservatively to the exact catalog product.,Can the manufacturer confirm the exact U.S. catalog/model identity?|Does the exact current global manufacturer listing apply to the United States despite the ended UDI evidence?,keep_hidden_identity_unresolved,https://www.richard-wolf.com/mam/data/Typo3/Kataloge/Broncho-_Thorako-_Mediastinoskopie/Thorakale_Endoskopie_en.pdf|https://api.fda.gov/device/udi.json?search=identifiers.id%3A%2204055207064726%22&limit=100|https://api.fda.gov/device/udi.json?search=version_or_model_number%3A%228691%22&limit=100|https://api.fda.gov/device/udi.json?search=catalog_number%3A%228691%22&limit=100|https://api.fda.gov/device/udi.json?search=version_or_model_number%3A%228691%22&limit=100|https://api.fda.gov/device/udi.json?search=catalog_number%3A%228691%22&limit=100|https://api.fda.gov/device/classification.json?search=product_code%3A%22MNL%22&limit=100|https://api.fda.gov/device/registrationlisting.json?search=products.product_code%3A%22MNL%22&limit=100|https://api.fda.gov/device/enforcement.json?search=code_info%3A%2204055207064726%22&limit=100|https://api.fda.gov/device/enforcement.json?search=code_info%3A%2204055207064733%22&limit=100|https://api.fda.gov/device/recall.json?search=code_info%3A%2204055207064733%22&limit=100|https://api.fda.gov/device/recall.json?search=code_info%3A%2204055207064726%22&limit=100,false
PRD-4F06212417,Richard Wolf,Optical Reichle Biopsy Forceps Bagger XL,8466.651,,identity_unresolved,low,exact_manufacturer_catalog_number,all_exact_configurations_active,search_incomplete,not_found,current_non_us,identity|model,searched,no_exact_action_found,unknown,,not_applicable,Identity method: exact_manufacturer_catalog_number. UDI assessment: all_exact_configurations_active. Manufacturer finding: current_non_us. Plausible records could not be tied conservatively to the exact catalog product.,Can the manufacturer confirm the exact U.S. catalog/model identity?|Does the exact current global manufacturer listing apply to the United States despite the ended UDI evidence?,keep_hidden_identity_unresolved,https://www.richard-wolf.com/mam/data/Typo3/Kataloge/Broncho-_Thorako-_Mediastinoskopie/Thorakale_Endoskopie_en.pdf|https://api.fda.gov/device/udi.json?search=identifiers.id%3A%2204055207042540%22&limit=100|https://api.fda.gov/device/udi.json?search=catalog_number%3A%228466.651%22&limit=100|https://api.fda.gov/device/classification.json?search=product_code%3A%22HRX%22&limit=100|https://api.fda.gov/device/enforcement.json?search=product_description%3A%228466.651%22&limit=100|https://api.fda.gov/device/enforcement.json?search=code_info%3A%2204055207042540%22&limit=100|https://api.fda.gov/device/recall.json?search=code_info%3A%2204055207042540%22&limit=100|https://api.fda.gov/device/recall.json?search=product_description%3A%228466.651%22&limit=100,false
PRD-50DCC12BE8,Karl Storz,Optical Spoon Biopsy Forceps,10350L,,insufficient_evidence,low,exact_manufacturer_catalog_number,all_exact_configurations_active,search_incomplete,not_found,family_only_current,,searched,no_exact_action_found,unknown,,not_applicable,Identity method: exact_manufacturer_catalog_number. UDI assessment: all_exact_configurations_active. Manufacturer finding: family_only_current. Completed or permitted searches did not establish enough exact current-status evidence; no result is not a discontinuation finding.,"Is there a current official U.S. product page, labeling document, or discontinuation notice for this exact identifier?",keep_hidden_insufficient_evidence,https://www.karlstorz.com/us/en/thoracic-surgery-and-pulmonology.htm|https://api.fda.gov/device/udi.json?search=version_or_model_number%3A%2210350L%22&limit=100|https://api.fda.gov/device/udi.json?search=catalog_number%3A%2210350L%22&limit=100|https://api.fda.gov/device/udi.json?search=identifiers.id%3A%2204048551046722%22&limit=100|https://api.fda.gov/device/classification.json?search=product_code%3A%22EOQ%22&limit=100|https://api.fda.gov/device/registrationlisting.json?search=products.product_code%3A%22EOQ%22&limit=100|https://api.fda.gov/device/enforcement.json?search=code_info%3A%2204048551046722%22&limit=100|https://api.fda.gov/device/enforcement.json?search=product_description%3A%2210350+L%22&limit=100|https://api.fda.gov/device/recall.json?search=product_description%3A%2210350+L%22&limit=100|https://api.fda.gov/device/recall.json?search=code_info%3A%2204048551046722%22&limit=100,false
PRD-526F08F11A,Karl Storz,Adapter for 7 Fr Suction Catheter,10479B,,insufficient_evidence,low,exact_manufacturer_model_number,all_exact_configurations_active,search_incomplete,not_found,family_only_current,,searched,no_exact_action_found,unknown,,not_applicable,Identity method: exact_manufacturer_model_number. UDI assessment: all_exact_configurations_active. Manufacturer finding: family_only_current. Completed or permitted searches did not establish enough exact current-status evidence; no result is not a discontinuation finding.,"Is there a current official U.S. product page, labeling document, or discontinuation notice for this exact identifier?",keep_hidden_insufficient_evidence,https://www.karlstorz.com/us/en/thoracic-surgery-and-pulmonology.htm|https://api.fda.gov/device/udi.json?search=identifiers.id%3A%2204048551048870%22&limit=100|https://api.fda.gov/device/udi.json?search=version_or_model_number%3A%2210479B%22&limit=100|https://api.fda.gov/device/classification.json?search=product_code%3A%22EOQ%22&limit=100|https://api.fda.gov/device/registrationlisting.json?search=products.product_code%3A%22EOQ%22&limit=100|https://api.fda.gov/device/enforcement.json?search=code_info%3A%2204048551048870%22&limit=100|https://api.fda.gov/device/enforcement.json?search=product_description%3A%2210479+B%22&limit=100|https://api.fda.gov/device/recall.json?search=code_info%3A%2204048551048870%22&limit=100|https://api.fda.gov/device/recall.json?search=product_description%3A%2210479+B%22&limit=100,false
PRD-529E58AC8C,Richard Wolf,"Parenchyma Forceps 50 mm, Curved Left",8242.603,,identity_unresolved,low,exact_manufacturer_catalog_number,all_exact_configurations_ended,search_incomplete,premarket_exempt,current_non_us,identity|model|distribution,searched,no_exact_action_found,unknown,,not_applicable,Identity method: exact_manufacturer_catalog_number. UDI assessment: all_exact_configurations_ended. Manufacturer finding: current_non_us. Plausible records could not be tied conservatively to the exact catalog product.,Can the manufacturer confirm the exact U.S. catalog/model identity?|Does the exact current global manufacturer listing apply to the United States despite the ended UDI evidence?,keep_hidden_identity_unresolved,https://www.richard-wolf.com/mam/data/Typo3/Kataloge/Broncho-_Thorako-_Mediastinoskopie/Thorakale_Endoskopie_en.pdf|https://api.fda.gov/device/udi.json?search=catalog_number%3A%228242.603%22&limit=100|https://api.fda.gov/device/udi.json?search=identifiers.id%3A%2204055207014646%22&limit=100|https://api.fda.gov/device/classification.json?search=product_code%3A%22GEN%22&limit=100|https://api.fda.gov/device/enforcement.json?search=code_info%3A%2204055207014646%22&limit=100|https://api.fda.gov/device/enforcement.json?search=product_description%3A%228242.603%22&limit=100|https://api.fda.gov/device/recall.json?search=product_description%3A%228242.603%22&limit=100|https://api.fda.gov/device/recall.json?search=code_info%3A%2204055207014646%22&limit=100,false
PRD-53805EF31F,Richard Wolf,"Rigid Suction Tube, Central/Lateral Openings",8291.45,,identity_unresolved,low,exact_manufacturer_catalog_number,all_exact_configurations_active,search_incomplete,premarket_exempt,current_non_us,identity|model,searched,no_exact_action_found,unknown,,not_applicable,Identity method: exact_manufacturer_catalog_number. UDI assessment: all_exact_configurations_active. Manufacturer finding: current_non_us. Plausible records could not be tied conservatively to the exact catalog product.,Can the manufacturer confirm the exact U.S. catalog/model identity?|Does the exact current global manufacturer listing apply to the United States despite the ended UDI evidence?,keep_hidden_identity_unresolved,https://www.richard-wolf.com/mam/data/Typo3/Kataloge/Broncho-_Thorako-_Mediastinoskopie/Thorakale_Endoskopie_en.pdf|https://api.fda.gov/device/udi.json?search=catalog_number%3A%228291.45%22&limit=100|https://api.fda.gov/device/udi.json?search=identifiers.id%3A%2204055207039649%22&limit=100|https://api.fda.gov/device/classification.json?search=product_code%3A%22JOL%22&limit=100|https://api.fda.gov/device/enforcement.json?search=code_info%3A%2204055207039649%22&limit=100|https://api.fda.gov/device/enforcement.json?search=product_description%3A%228291.45%22&limit=100|https://api.fda.gov/device/recall.json?search=code_info%3A%2204055207039649%22&limit=100|https://api.fda.gov/device/recall.json?search=product_description%3A%228291.45%22&limit=100,false
PRD-54CEDAAE5B,Richard Wolf,TEXAS Distal Illumination Head System,825101100,,insufficient_evidence,low,exact_manufacturer_catalog_number,all_exact_configurations_active,search_incomplete,premarket_exempt,current_non_us,,searched,no_exact_action_found,unknown,,not_applicable,Identity method: exact_manufacturer_catalog_number. UDI assessment: all_exact_configurations_active. Manufacturer finding: current_non_us. Completed or permitted searches did not establish enough exact current-status evidence; no result is not a discontinuation finding.,"Does the exact current global manufacturer listing apply to the United States despite the ended UDI evidence?|Is there a current official U.S. product page, labeling document, or discontinuation notice for this exact identifier?",keep_hidden_insufficient_evidence,https://www.richard-wolf.com/mam/data/Typo3/Kataloge/Broncho-_Thorako-_Mediastinoskopie/Thorakale_Endoskopie_en.pdf|https://api.fda.gov/device/udi.json?search=version_or_model_number%3A%22825101100%22&limit=100|https://api.fda.gov/device/udi.json?search=catalog_number%3A%22825101100%22&limit=100|https://api.fda.gov/device/udi.json?search=identifiers.id%3A%2204055207057629%22&limit=100|https://api.fda.gov/device/classification.json?search=product_code%3A%22LRC%22&limit=100|https://api.fda.gov/device/registrationlisting.json?search=products.product_code%3A%22LRC%22&limit=100|https://api.fda.gov/device/enforcement.json?search=code_info%3A%2204055207057629%22&limit=100|https://api.fda.gov/device/enforcement.json?search=product_description%3A%22825101100%22&limit=100|https://api.fda.gov/device/recall.json?search=code_info%3A%2204055207057629%22&limit=100|https://api.fda.gov/device/recall.json?search=product_description%3A%22825101100%22&limit=100,false
PRD-57C0ED84C2,Karl Storz,Adapter for 6 Fr Suction Catheter,10479C,,insufficient_evidence,low,exact_manufacturer_model_number,all_exact_configurations_active,search_incomplete,not_found,family_only_current,,searched,no_exact_action_found,unknown,,not_applicable,Identity method: exact_manufacturer_model_number. UDI assessment: all_exact_configurations_active. Manufacturer finding: family_only_current. Completed or permitted searches did not establish enough exact current-status evidence; no result is not a discontinuation finding.,"Is there a current official U.S. product page, labeling document, or discontinuation notice for this exact identifier?",keep_hidden_insufficient_evidence,https://www.karlstorz.com/us/en/thoracic-surgery-and-pulmonology.htm|https://api.fda.gov/device/udi.json?search=identifiers.id%3A%2204048551048887%22&limit=100|https://api.fda.gov/device/udi.json?search=version_or_model_number%3A%2210479C%22&limit=100|https://api.fda.gov/device/classification.json?search=product_code%3A%22EOQ%22&limit=100|https://api.fda.gov/device/registrationlisting.json?search=products.product_code%3A%22EOQ%22&limit=100|https://api.fda.gov/device/enforcement.json?search=product_description%3A%2210479+C%22&limit=100|https://api.fda.gov/device/enforcement.json?search=code_info%3A%2204048551048887%22&limit=100|https://api.fda.gov/device/recall.json?search=code_info%3A%2204048551048887%22&limit=100|https://api.fda.gov/device/recall.json?search=product_description%3A%2210479+C%22&limit=100,false
PRD-58CFB02C8E,Richard Wolf,"Parenchyma Grasping Forceps, Straight",8243.603,,identity_unresolved,low,exact_manufacturer_catalog_number,all_exact_configurations_ended,search_incomplete,premarket_exempt,current_non_us,identity|model|distribution,searched,no_exact_action_found,unknown,,not_applicable,Identity method: exact_manufacturer_catalog_number. UDI assessment: all_exact_configurations_ended. Manufacturer finding: current_non_us. Plausible records could not be tied conservatively to the exact catalog product.,Can the manufacturer confirm the exact U.S. catalog/model identity?|Does the exact current global manufacturer listing apply to the United States despite the ended UDI evidence?,keep_hidden_identity_unresolved,https://www.richard-wolf.com/mam/data/Typo3/Kataloge/Broncho-_Thorako-_Mediastinoskopie/Thorakale_Endoskopie_en.pdf|https://api.fda.gov/device/udi.json?search=identifiers.id%3A%2204055207014714%22&limit=100|https://api.fda.gov/device/udi.json?search=catalog_number%3A%228243.603%22&limit=100|https://api.fda.gov/device/classification.json?search=product_code%3A%22GEN%22&limit=100|https://api.fda.gov/device/enforcement.json?search=product_description%3A%228243.603%22&limit=100|https://api.fda.gov/device/enforcement.json?search=code_info%3A%2204055207014714%22&limit=100|https://api.fda.gov/device/recall.json?search=code_info%3A%2204055207014714%22&limit=100|https://api.fda.gov/device/recall.json?search=product_description%3A%228243.603%22&limit=100,false
PRD-5902F1C231,Karl Storz,HUZLY Aspirator and Bronchus Irrigator,10434,,identity_unresolved,low,exact_manufacturer_model_number,all_exact_configurations_active,search_incomplete,not_found,family_only_current,identity|manufacturer,searched,no_exact_action_found,unknown,,not_applicable,Identity method: exact_manufacturer_model_number. UDI assessment: all_exact_configurations_active. Manufacturer finding: family_only_current. Plausible records could not be tied conservatively to the exact catalog product.,Can the manufacturer confirm the exact U.S. catalog/model identity?,keep_hidden_identity_unresolved,https://www.karlstorz.com/us/en/thoracic-surgery-and-pulmonology.htm|https://api.fda.gov/device/udi.json?search=version_or_model_number%3A%2210434%22&limit=100|https://api.fda.gov/device/udi.json?search=version_or_model_number%3A%2210434%22&limit=100|https://api.fda.gov/device/udi.json?search=catalog_number%3A%2210434%22&limit=100|https://api.fda.gov/device/udi.json?search=version_or_model_number%3A%2210434%22&limit=100|https://api.fda.gov/device/udi.json?search=version_or_model_number%3A%2210434%22&limit=100|https://api.fda.gov/device/udi.json?search=version_or_model_number%3A%2210434%22&limit=100|https://api.fda.gov/device/udi.json?search=version_or_model_number%3A%2210434%22&limit=100|https://api.fda.gov/device/udi.json?search=catalog_number%3A%2210434%22&limit=100|https://api.fda.gov/device/udi.json?search=version_or_model_number%3A%2210434%22&limit=100|https://api.fda.gov/device/udi.json?search=version_or_model_number%3A%2210434%22&limit=100|https://api.fda.gov/device/udi.json?search=catalog_number%3A%2210434%22&limit=100|https://api.fda.gov/device/udi.json?search=identifiers.id%3A%2204048551048504%22&limit=100|https://api.fda.gov/device/udi.json?search=version_or_model_number%3A%2210434%22&limit=100|https://api.fda.gov/device/udi.json?search=version_or_model_number%3A%2210434%22&limit=100|https://api.fda.gov/device/classification.json?search=product_code%3A%22EOQ%22&limit=100|https://api.fda.gov/device/registrationlisting.json?search=products.product_code%3A%22EOQ%22&limit=100|https://api.fda.gov/device/enforcement.json?search=product_description%3A%2210434%22&limit=100|https://api.fda.gov/device/enforcement.json?search=code_info%3A%2204048551048504%22&limit=100|https://api.fda.gov/device/recall.json?search=code_info%3A%2204048551048504%22&limit=100|https://api.fda.gov/device/recall.json?search=product_description%3A%2210434%22&limit=100,false
PRD-5CCBBDD4CF,Karl Storz,HOPKINS II Forward-Oblique Telescope,10005BA,,insufficient_evidence,low,exact_manufacturer_model_number,all_exact_configurations_active,search_incomplete,not_found,family_only_current,,searched,no_exact_action_found,unknown,,not_applicable,Identity method: exact_manufacturer_model_number. UDI assessment: all_exact_configurations_active. Manufacturer finding: family_only_current. Completed or permitted searches did not establish enough exact current-status evidence; no result is not a discontinuation finding.,"Is there a current official U.S. product page, labeling document, or discontinuation notice for this exact identifier?",keep_hidden_insufficient_evidence,https://www.karlstorz.com/us/en/thoracic-surgery-and-pulmonology.htm|https://api.fda.gov/device/udi.json?search=version_or_model_number%3A%2210005BA%22&limit=100|https://api.fda.gov/device/udi.json?search=identifiers.id%3A%2204048551045121%22&limit=100|https://api.fda.gov/device/classification.json?search=product_code%3A%22EOB%22&limit=100|https://api.fda.gov/device/registrationlisting.json?search=products.product_code%3A%22EOB%22&limit=100|https://api.fda.gov/device/enforcement.json?search=product_description%3A%2210005+BA%22&limit=100|https://api.fda.gov/device/enforcement.json?search=code_info%3A%2204048551045121%22&limit=100|https://api.fda.gov/device/recall.json?search=code_info%3A%2204048551045121%22&limit=100|https://api.fda.gov/device/recall.json?search=product_description%3A%2210005+BA%22&limit=100,false
PRD-5D118F7388,Richard Wolf,ERAGONbipolar Sheath Tube 5.5 mm x 435 mm,839300102,,insufficient_evidence,low,exact_manufacturer_catalog_number,all_exact_configurations_active,search_incomplete,not_found,current_non_us,,searched,no_exact_action_found,unknown,,not_applicable,Identity method: exact_manufacturer_catalog_number. UDI assessment: all_exact_configurations_active. Manufacturer finding: current_non_us. Completed or permitted searches did not establish enough exact current-status evidence; no result is not a discontinuation finding.,"Does the exact current global manufacturer listing apply to the United States despite the ended UDI evidence?|Is there a current official U.S. product page, labeling document, or discontinuation notice for this exact identifier?",keep_hidden_insufficient_evidence,https://www.richard-wolf.com/mam/data/Typo3/Kataloge/Broncho-_Thorako-_Mediastinoskopie/Thorakale_Endoskopie_en.pdf|https://api.fda.gov/device/udi.json?search=identifiers.id%3A%2204055207033876%22&limit=100|https://api.fda.gov/device/udi.json?search=version_or_model_number%3A%22839300102%22&limit=100|https://api.fda.gov/device/udi.json?search=catalog_number%3A%22839300102%22&limit=100|https://api.fda.gov/device/classification.json?search=product_code%3A%22HET%22&limit=100|https://api.fda.gov/device/registrationlisting.json?search=products.product_code%3A%22HET%22&limit=100|https://api.fda.gov/device/enforcement.json?search=code_info%3A%2204055207033876%22&limit=100|https://api.fda.gov/device/enforcement.json?search=product_description%3A%22839300102%22&limit=100|https://api.fda.gov/device/recall.json?search=product_description%3A%22839300102%22&limit=100|https://api.fda.gov/device/recall.json?search=code_info%3A%2204055207033876%22&limit=100,false
PRD-60ED7DF50E,Karl Storz,Alligator Forceps for Hard Foreign Bodies,10366H,,insufficient_evidence,low,exact_manufacturer_catalog_number,all_exact_configurations_active,search_incomplete,not_found,family_only_current,,searched,no_exact_action_found,unknown,,not_applicable,Identity method: exact_manufacturer_catalog_number. UDI assessment: all_exact_configurations_active. Manufacturer finding: family_only_current. Completed or permitted searches did not establish enough exact current-status evidence; no result is not a discontinuation finding.,"Is there a current official U.S. product page, labeling document, or discontinuation notice for this exact identifier?",keep_hidden_insufficient_evidence,https://www.karlstorz.com/us/en/thoracic-surgery-and-pulmonology.htm|https://api.fda.gov/device/udi.json?search=version_or_model_number%3A%2210366H%22&limit=100|https://api.fda.gov/device/udi.json?search=catalog_number%3A%2210366H%22&limit=100|https://api.fda.gov/device/udi.json?search=identifiers.id%3A%2204048551046944%22&limit=100|https://api.fda.gov/device/classification.json?search=product_code%3A%22EOQ%22&limit=100|https://api.fda.gov/device/registrationlisting.json?search=products.product_code%3A%22EOQ%22&limit=100|https://api.fda.gov/device/enforcement.json?search=product_description%3A%2210366+H%22&limit=100|https://api.fda.gov/device/enforcement.json?search=code_info%3A%2204048551046944%22&limit=100|https://api.fda.gov/device/recall.json?search=product_description%3A%2210366+H%22&limit=100|https://api.fda.gov/device/recall.json?search=code_info%3A%2204048551046944%22&limit=100,false
PRD-615CDFB8AB,Karl Storz,Flexible Spoon Biopsy Forceps,10358A,,insufficient_evidence,low,exact_manufacturer_catalog_number,all_exact_configurations_active,search_incomplete,not_found,family_only_current,,searched,no_exact_action_found,unknown,,not_applicable,Identity method: exact_manufacturer_catalog_number. UDI assessment: all_exact_configurations_active. Manufacturer finding: family_only_current. Completed or permitted searches did not establish enough exact current-status evidence; no result is not a discontinuation finding.,"Is there a current official U.S. product page, labeling document, or discontinuation notice for this exact identifier?",keep_hidden_insufficient_evidence,https://www.karlstorz.com/us/en/thoracic-surgery-and-pulmonology.htm|https://api.fda.gov/device/udi.json?search=identifiers.id%3A%2204048551046906%22&limit=100|https://api.fda.gov/device/udi.json?search=catalog_number%3A%2210358A%22&limit=100|https://api.fda.gov/device/udi.json?search=version_or_model_number%3A%2210358A%22&limit=100|https://api.fda.gov/device/classification.json?search=product_code%3A%22EOQ%22&limit=100|https://api.fda.gov/device/registrationlisting.json?search=products.product_code%3A%22EOQ%22&limit=100|https://api.fda.gov/device/enforcement.json?search=product_description%3A%2210358+A%22&limit=100|https://api.fda.gov/device/enforcement.json?search=code_info%3A%2204048551046906%22&limit=100|https://api.fda.gov/device/recall.json?search=product_description%3A%2210358+A%22&limit=100|https://api.fda.gov/device/recall.json?search=code_info%3A%2204048551046906%22&limit=100,false
PRD-61EE4D5DE6,Karl Storz,RAMEL Pleurabiopsy Needle,10990,,identity_unresolved,low,exact_manufacturer_catalog_number,all_exact_configurations_active,search_incomplete,not_found,family_only_current,identity|manufacturer,searched,historical_exact_product_action,lot_specific,Z-0078-2011,not_applicable,Identity method: exact_manufacturer_catalog_number. UDI assessment: all_exact_configurations_active. Manufacturer finding: family_only_current. Plausible records could not be tied conservatively to the exact catalog product.,Can the manufacturer confirm the exact U.S. catalog/model identity?,keep_hidden_identity_unresolved,https://www.karlstorz.com/us/en/thoracic-surgery-and-pulmonology.htm|https://api.fda.gov/device/udi.json?search=version_or_model_number%3A%2210990%22&limit=100|https://api.fda.gov/device/udi.json?search=catalog_number%3A%2210990%22&limit=100|https://api.fda.gov/device/udi.json?search=identifiers.id%3A%2204048551049839%22&limit=100|https://api.fda.gov/device/udi.json?search=version_or_model_number%3A%2210990%22&limit=100|https://api.fda.gov/device/udi.json?search=catalog_number%3A%2210990%22&limit=100|https://api.fda.gov/device/udi.json?search=catalog_number%3A%2210990%22&limit=100|https://api.fda.gov/device/classification.json?search=product_code%3A%22GCJ%22&limit=100|https://api.fda.gov/device/registrationlisting.json?search=products.product_code%3A%22GCJ%22&limit=100|https://api.fda.gov/device/enforcement.json?search=code_info%3A%2204048551049839%22&limit=100|https://api.fda.gov/device/enforcement.json?search=product_description%3A%2210990%22&limit=100|https://api.fda.gov/device/recall.json?search=product_description%3A%2210990%22&limit=100|https://api.fda.gov/device/recall.json?search=code_info%3A%2204048551049839%22&limit=100,false
PRD-6274807854,Karl Storz,HOPKINS Straight Forward Telescope,10328AA,,insufficient_evidence,low,exact_manufacturer_model_number,all_exact_configurations_active,search_incomplete,not_found,family_only_current,,searched,no_exact_action_found,unknown,,not_applicable,Identity method: exact_manufacturer_model_number. UDI assessment: all_exact_configurations_active. Manufacturer finding: family_only_current. Completed or permitted searches did not establish enough exact current-status evidence; no result is not a discontinuation finding.,"Is there a current official U.S. product page, labeling document, or discontinuation notice for this exact identifier?",keep_hidden_insufficient_evidence,https://www.karlstorz.com/us/en/thoracic-surgery-and-pulmonology.htm|https://api.fda.gov/device/udi.json?search=version_or_model_number%3A%2210328AA%22&limit=100|https://api.fda.gov/device/udi.json?search=identifiers.id%3A%2204048551045985%22&limit=100|https://api.fda.gov/device/classification.json?search=product_code%3A%22EOB%22&limit=100|https://api.fda.gov/device/registrationlisting.json?search=products.product_code%3A%22EOB%22&limit=100|https://api.fda.gov/device/enforcement.json?search=product_description%3A%2210328+AA%22&limit=100|https://api.fda.gov/device/enforcement.json?search=code_info%3A%2204048551045985%22&limit=100|https://api.fda.gov/device/recall.json?search=code_info%3A%2204048551045985%22&limit=100|https://api.fda.gov/device/recall.json?search=product_description%3A%2210328+AA%22&limit=100,false
PRD-635FE10D65,Richard Wolf,"Bypass Forceps, Jaw Curved Left",8243.711,,identity_unresolved,low,exact_manufacturer_catalog_number,all_exact_configurations_ended,search_incomplete,premarket_exempt,current_non_us,identity|model|distribution,searched,no_exact_action_found,unknown,,not_applicable,Identity method: exact_manufacturer_catalog_number. UDI assessment: all_exact_configurations_ended. Manufacturer finding: current_non_us. Plausible records could not be tied conservatively to the exact catalog product.,Can the manufacturer confirm the exact U.S. catalog/model identity?|Does the exact current global manufacturer listing apply to the United States despite the ended UDI evidence?,keep_hidden_identity_unresolved,https://www.richard-wolf.com/mam/data/Typo3/Kataloge/Broncho-_Thorako-_Mediastinoskopie/Thorakale_Endoskopie_en.pdf|https://api.fda.gov/device/udi.json?search=catalog_number%3A%228243.711%22&limit=100|https://api.fda.gov/device/udi.json?search=identifiers.id%3A%2204055207014745%22&limit=100|https://api.fda.gov/device/classification.json?search=product_code%3A%22GEN%22&limit=100|https://api.fda.gov/device/enforcement.json?search=product_description%3A%228243.711%22&limit=100|https://api.fda.gov/device/enforcement.json?search=code_info%3A%2204055207014745%22&limit=100|https://api.fda.gov/device/recall.json?search=code_info%3A%2204055207014745%22&limit=100|https://api.fda.gov/device/recall.json?search=product_description%3A%228243.711%22&limit=100,false
PRD-663E85AB45,Richard Wolf,"Optical Biopsy Forceps, Curved Up",82530.0601,,identity_unresolved,low,exact_manufacturer_catalog_number,all_exact_configurations_active,search_incomplete,premarket_exempt,current_non_us,identity|model,searched,no_exact_action_found,unknown,,not_applicable,Identity method: exact_manufacturer_catalog_number. UDI assessment: all_exact_configurations_active. Manufacturer finding: current_non_us. Plausible records could not be tied conservatively to the exact catalog product.,Can the manufacturer confirm the exact U.S. catalog/model identity?|Does the exact current global manufacturer listing apply to the United States despite the ended UDI evidence?,keep_hidden_identity_unresolved,https://www.richard-wolf.com/mam/data/Typo3/Kataloge/Broncho-_Thorako-_Mediastinoskopie/Thorakale_Endoskopie_en.pdf|https://api.fda.gov/device/udi.json?search=catalog_number%3A%2282530.0601%22&limit=100|https://api.fda.gov/device/udi.json?search=identifiers.id%3A%2204055207033821%22&limit=100|https://api.fda.gov/device/classification.json?search=product_code%3A%22KAE%22&limit=100|https://api.fda.gov/device/enforcement.json?search=product_description%3A%2282530.0601%22&limit=100|https://api.fda.gov/device/enforcement.json?search=code_info%3A%2204055207033821%22&limit=100|https://api.fda.gov/device/recall.json?search=product_description%3A%2282530.0601%22&limit=100|https://api.fda.gov/device/recall.json?search=code_info%3A%2204055207033821%22&limit=100,false
PRD-694417C2F5,Karl Storz,Pointed Serrated Forceps,10372JL,,insufficient_evidence,low,exact_manufacturer_catalog_number,all_exact_configurations_active,search_incomplete,not_found,family_only_current,,searched,no_exact_action_found,unknown,,not_applicable,Identity method: exact_manufacturer_catalog_number. UDI assessment: all_exact_configurations_active. Manufacturer finding: family_only_current. Completed or permitted searches did not establish enough exact current-status evidence; no result is not a discontinuation finding.,"Is there a current official U.S. product page, labeling document, or discontinuation notice for this exact identifier?",keep_hidden_insufficient_evidence,https://www.karlstorz.com/us/en/thoracic-surgery-and-pulmonology.htm|https://api.fda.gov/device/udi.json?search=catalog_number%3A%2210372JL%22&limit=100|https://api.fda.gov/device/udi.json?search=version_or_model_number%3A%2210372JL%22&limit=100|https://api.fda.gov/device/udi.json?search=identifiers.id%3A%2204048551047453%22&limit=100|https://api.fda.gov/device/classification.json?search=product_code%3A%22EOQ%22&limit=100|https://api.fda.gov/device/registrationlisting.json?search=products.product_code%3A%22EOQ%22&limit=100|https://api.fda.gov/device/enforcement.json?search=product_description%3A%2210372+JL%22&limit=100|https://api.fda.gov/device/enforcement.json?search=code_info%3A%2204048551047453%22&limit=100|https://api.fda.gov/device/recall.json?search=product_description%3A%2210372+JL%22&limit=100|https://api.fda.gov/device/recall.json?search=code_info%3A%2204048551047453%22&limit=100,false
PRD-698F9E72B0,Karl Storz,Alligator Forceps,10370H,,insufficient_evidence,low,exact_manufacturer_catalog_number,all_exact_configurations_active,search_incomplete,not_found,family_only_current,,searched,no_exact_action_found,unknown,,not_applicable,Identity method: exact_manufacturer_catalog_number. UDI assessment: all_exact_configurations_active. Manufacturer finding: family_only_current. Completed or permitted searches did not establish enough exact current-status evidence; no result is not a discontinuation finding.,"Is there a current official U.S. product page, labeling document, or discontinuation notice for this exact identifier?",keep_hidden_insufficient_evidence,https://www.karlstorz.com/us/en/thoracic-surgery-and-pulmonology.htm|https://api.fda.gov/device/udi.json?search=catalog_number%3A%2210370H%22&limit=100|https://api.fda.gov/device/udi.json?search=identifiers.id%3A%2204048551047064%22&limit=100|https://api.fda.gov/device/udi.json?search=version_or_model_number%3A%2210370H%22&limit=100|https://api.fda.gov/device/classification.json?search=product_code%3A%22EOQ%22&limit=100|https://api.fda.gov/device/registrationlisting.json?search=products.product_code%3A%22EOQ%22&limit=100|https://api.fda.gov/device/enforcement.json?search=code_info%3A%2204048551047064%22&limit=100|https://api.fda.gov/device/enforcement.json?search=product_description%3A%2210370+H%22&limit=100|https://api.fda.gov/device/recall.json?search=code_info%3A%2204048551047064%22&limit=100|https://api.fda.gov/device/recall.json?search=product_description%3A%2210370+H%22&limit=100,false
PRD-6BF80B6E0D,Richard Wolf,PANOVIEW Telescope,8935.443,,identity_unresolved,low,exact_manufacturer_catalog_number,all_exact_configurations_active,search_incomplete,not_found,current_non_us,identity|model,searched,no_exact_action_found,unknown,,not_applicable,Identity method: exact_manufacturer_catalog_number. UDI assessment: all_exact_configurations_active. Manufacturer finding: current_non_us. Plausible records could not be tied conservatively to the exact catalog product.,Can the manufacturer confirm the exact U.S. catalog/model identity?|Does the exact current global manufacturer listing apply to the United States despite the ended UDI evidence?,keep_hidden_identity_unresolved,https://www.richard-wolf.com/mam/data/Typo3/Kataloge/Broncho-_Thorako-_Mediastinoskopie/Thorakale_Endoskopie_en.pdf|https://api.fda.gov/device/udi.json?search=catalog_number%3A%228935.443%22&limit=100|https://api.fda.gov/device/udi.json?search=identifiers.id%3A%2204055207022887%22&limit=100|https://api.fda.gov/device/classification.json?search=product_code%3A%22GCJ%22&limit=100|https://api.fda.gov/device/registrationlisting.json?search=products.product_code%3A%22GCJ%22&limit=100|https://api.fda.gov/device/enforcement.json?search=code_info%3A%2204055207022887%22&limit=100|https://api.fda.gov/device/enforcement.json?search=product_description%3A%228935.443%22&limit=100|https://api.fda.gov/device/recall.json?search=product_description%3A%228935.443%22&limit=100|https://api.fda.gov/device/recall.json?search=code_info%3A%2204055207022887%22&limit=100,false
PRD-6C9FB1DC9F,Cardinal Health,"Argyle PVC Thoracic Catheter – Straight, 36 Fr × 20 in",8888570564,,identity_unresolved,low,exact_manufacturer_catalog_number,all_exact_configurations_ended,search_incomplete,premarket_exempt,not_searched,identity|manufacturer,searched,no_exact_action_found,unknown,,not_applicable,Identity method: exact_manufacturer_catalog_number. UDI assessment: all_exact_configurations_ended. Manufacturer finding: not_searched. Plausible records could not be tied conservatively to the exact catalog product.,Can the manufacturer confirm the exact U.S. catalog/model identity?,keep_hidden_identity_unresolved,https://api.fda.gov/device/udi.json?search=catalog_number%3A%228888570564%22&limit=100|https://api.fda.gov/device/udi.json?search=version_or_model_number%3A%228888570564%22&limit=100|https://api.fda.gov/device/udi.json?search=catalog_number%3A%228888570564%22&limit=100|https://api.fda.gov/device/udi.json?search=version_or_model_number%3A%228888570564%22&limit=100|https://api.fda.gov/device/udi.json?search=identifiers.id%3A%2210192253003628%22&limit=100|https://api.fda.gov/device/udi.json?search=version_or_model_number%3A%228888570564%22&limit=100|https://api.fda.gov/device/classification.json?search=product_code%3A%22JOL%22&limit=100|https://api.fda.gov/device/enforcement.json?search=code_info%3A%2220884521050867%22&limit=100|https://api.fda.gov/device/enforcement.json?search=product_description%3A%228888570564%22&limit=100|https://api.fda.gov/device/enforcement.json?search=code_info%3A%2210192253003628%22&limit=100|https://api.fda.gov/device/enforcement.json?search=code_info%3A%2200884521149529%22&limit=100|https://api.fda.gov/device/enforcement.json?search=code_info%3A%2200884521060879%22&limit=100|https://api.fda.gov/device/enforcement.json?search=code_info%3A%2210884521050860%22&limit=100|https://api.fda.gov/device/recall.json?search=code_info%3A%2210884521050860%22&limit=100|https://api.fda.gov/device/recall.json?search=code_info%3A%2220884521050867%22&limit=100|https://api.fda.gov/device/recall.json?search=code_info%3A%2200884521149529%22&limit=100|https://api.fda.gov/device/recall.json?search=product_description%3A%228888570564%22&limit=100|https://api.fda.gov/device/recall.json?search=code_info%3A%2210192253003628%22&limit=100|https://api.fda.gov/device/recall.json?search=code_info%3A%2200884521060879%22&limit=100,false
PRD-6CB8BD3445,Richard Wolf,"Parenchyma Forceps, Curved Left",8242.601,,identity_unresolved,low,exact_manufacturer_catalog_number,all_exact_configurations_ended,search_incomplete,premarket_exempt,current_non_us,identity|model|distribution,searched,no_exact_action_found,unknown,,not_applicable,Identity method: exact_manufacturer_catalog_number. UDI assessment: all_exact_configurations_ended. Manufacturer finding: current_non_us. Plausible records could not be tied conservatively to the exact catalog product.,Can the manufacturer confirm the exact U.S. catalog/model identity?|Does the exact current global manufacturer listing apply to the United States despite the ended UDI evidence?,keep_hidden_identity_unresolved,https://www.richard-wolf.com/mam/data/Typo3/Kataloge/Broncho-_Thorako-_Mediastinoskopie/Thorakale_Endoskopie_en.pdf|https://api.fda.gov/device/udi.json?search=identifiers.id%3A%2204055207014622%22&limit=100|https://api.fda.gov/device/udi.json?search=catalog_number%3A%228242.601%22&limit=100|https://api.fda.gov/device/classification.json?search=product_code%3A%22GEN%22&limit=100|https://api.fda.gov/device/enforcement.json?search=code_info%3A%2204055207014622%22&limit=100|https://api.fda.gov/device/enforcement.json?search=product_description%3A%228242.601%22&limit=100|https://api.fda.gov/device/recall.json?search=product_description%3A%228242.601%22&limit=100|https://api.fda.gov/device/recall.json?search=code_info%3A%2204055207014622%22&limit=100,false
PRD-6CCE68D268,Karl Storz,Alligator Forceps,10371HL,,insufficient_evidence,low,exact_manufacturer_catalog_number,all_exact_configurations_active,search_incomplete,not_found,family_only_current,,searched,no_exact_action_found,unknown,,not_applicable,Identity method: exact_manufacturer_catalog_number. UDI assessment: all_exact_configurations_active. Manufacturer finding: family_only_current. Completed or permitted searches did not establish enough exact current-status evidence; no result is not a discontinuation finding.,"Is there a current official U.S. product page, labeling document, or discontinuation notice for this exact identifier?",keep_hidden_insufficient_evidence,https://www.karlstorz.com/us/en/thoracic-surgery-and-pulmonology.htm|https://api.fda.gov/device/udi.json?search=identifiers.id%3A%2204048551047293%22&limit=100|https://api.fda.gov/device/udi.json?search=version_or_model_number%3A%2210371HL%22&limit=100|https://api.fda.gov/device/udi.json?search=catalog_number%3A%2210371HL%22&limit=100|https://api.fda.gov/device/classification.json?search=product_code%3A%22EOQ%22&limit=100|https://api.fda.gov/device/registrationlisting.json?search=products.product_code%3A%22EOQ%22&limit=100|https://api.fda.gov/device/enforcement.json?search=product_description%3A%2210371+HL%22&limit=100|https://api.fda.gov/device/enforcement.json?search=code_info%3A%2204048551047293%22&limit=100|https://api.fda.gov/device/recall.json?search=code_info%3A%2204048551047293%22&limit=100|https://api.fda.gov/device/recall.json?search=product_description%3A%2210371+HL%22&limit=100,false
PRD-6D2D08656C,Richard Wolf,"Vessel Clamp, Curved Right",8242.652,,identity_unresolved,low,exact_manufacturer_catalog_number,all_exact_configurations_ended,search_incomplete,premarket_exempt,current_non_us,identity|model|distribution,searched,no_exact_action_found,unknown,,not_applicable,Identity method: exact_manufacturer_catalog_number. UDI assessment: all_exact_configurations_ended. Manufacturer finding: current_non_us. Plausible records could not be tied conservatively to the exact catalog product.,Can the manufacturer confirm the exact U.S. catalog/model identity?|Does the exact current global manufacturer listing apply to the United States despite the ended UDI evidence?,keep_hidden_identity_unresolved,https://www.richard-wolf.com/mam/data/Typo3/Kataloge/Broncho-_Thorako-_Mediastinoskopie/Thorakale_Endoskopie_en.pdf|https://api.fda.gov/device/udi.json?search=catalog_number%3A%228242.652%22&limit=100|https://api.fda.gov/device/udi.json?search=identifiers.id%3A%2204055207014684%22&limit=100|https://api.fda.gov/device/classification.json?search=product_code%3A%22GEN%22&limit=100|https://api.fda.gov/device/enforcement.json?search=code_info%3A%2204055207014684%22&limit=100|https://api.fda.gov/device/enforcement.json?search=product_description%3A%228242.652%22&limit=100|https://api.fda.gov/device/recall.json?search=code_info%3A%2204055207014684%22&limit=100|https://api.fda.gov/device/recall.json?search=product_description%3A%228242.652%22&limit=100,false
PRD-6DAF9E3AA4,Cardinal Health,Argyle Trocar Catheter – 28 Fr,8888561068,,insufficient_evidence,low,exact_manufacturer_catalog_number,all_exact_configurations_ended,search_incomplete,premarket_exempt,not_searched,,searched,no_exact_action_found,unknown,,not_applicable,Identity method: exact_manufacturer_catalog_number. UDI assessment: all_exact_configurations_ended. Manufacturer finding: not_searched. Completed or permitted searches did not establish enough exact current-status evidence; no result is not a discontinuation finding.,"Is there a current official U.S. product page, labeling document, or discontinuation notice for this exact identifier?",keep_hidden_insufficient_evidence,https://api.fda.gov/device/udi.json?search=version_or_model_number%3A%228888561068%22&limit=100|https://api.fda.gov/device/udi.json?search=catalog_number%3A%228888561068%22&limit=100|https://api.fda.gov/device/udi.json?search=version_or_model_number%3A%228888561068%22&limit=100|https://api.fda.gov/device/udi.json?search=catalog_number%3A%228888561068%22&limit=100|https://api.fda.gov/device/udi.json?search=identifiers.id%3A%2210884521050792%22&limit=100|https://api.fda.gov/device/classification.json?search=product_code%3A%22DRC%22&limit=100|https://api.fda.gov/device/registrationlisting.json?search=products.product_code%3A%22DRC%22&limit=100|https://api.fda.gov/device/enforcement.json?search=code_info%3A%2200884521029302%22&limit=100|https://api.fda.gov/device/enforcement.json?search=code_info%3A%2220884521050799%22&limit=100|https://api.fda.gov/device/enforcement.json?search=code_info%3A%2210884521050792%22&limit=100|https://api.fda.gov/device/enforcement.json?search=product_description%3A%228888561068%22&limit=100|https://api.fda.gov/device/enforcement.json?search=code_info%3A%2210884521214385%22&limit=100|https://api.fda.gov/device/enforcement.json?search=code_info%3A%2210884521029309%22&limit=100|https://api.fda.gov/device/recall.json?search=code_info%3A%2220884521050799%22&limit=100|https://api.fda.gov/device/recall.json?search=code_info%3A%2200884521029302%22&limit=100|https://api.fda.gov/device/recall.json?search=product_description%3A%228888561068%22&limit=100|https://api.fda.gov/device/recall.json?search=code_info%3A%2210884521214385%22&limit=100|https://api.fda.gov/device/recall.json?search=code_info%3A%2210884521050792%22&limit=100|https://api.fda.gov/device/recall.json?search=code_info%3A%2210884521029309%22&limit=100,false
PRD-6E580584DD,Richard Wolf,PANOVIEW ULTRA Telescope,8935462,,insufficient_evidence,low,exact_manufacturer_catalog_number,all_exact_configurations_active,search_incomplete,not_found,current_non_us,,searched,no_exact_action_found,unknown,,not_applicable,Identity method: exact_manufacturer_catalog_number. UDI assessment: all_exact_configurations_active. Manufacturer finding: current_non_us. Completed or permitted searches did not establish enough exact current-status evidence; no result is not a discontinuation finding.,"Does the exact current global manufacturer listing apply to the United States despite the ended UDI evidence?|Is there a current official U.S. product page, labeling document, or discontinuation notice for this exact identifier?",keep_hidden_insufficient_evidence,https://www.richard-wolf.com/mam/data/Typo3/Kataloge/Broncho-_Thorako-_Mediastinoskopie/Thorakale_Endoskopie_en.pdf|https://api.fda.gov/device/udi.json?search=catalog_number%3A%228935462%22&limit=100|https://api.fda.gov/device/udi.json?search=identifiers.id%3A%2204055207058152%22&limit=100|https://api.fda.gov/device/udi.json?search=version_or_model_number%3A%228935462%22&limit=100|https://api.fda.gov/device/classification.json?search=product_code%3A%22GCJ%22&limit=100|https://api.fda.gov/device/registrationlisting.json?search=products.product_code%3A%22GCJ%22&limit=100|https://api.fda.gov/device/enforcement.json?search=code_info%3A%2204055207058152%22&limit=100|https://api.fda.gov/device/enforcement.json?search=product_description%3A%228935462%22&limit=100|https://api.fda.gov/device/recall.json?search=code_info%3A%2204055207058152%22&limit=100|https://api.fda.gov/device/recall.json?search=product_description%3A%228935462%22&limit=100,false
PRD-716AA24BEF,Richard Wolf,"Biopsy Forceps, Smooth",8280.43,,identity_unresolved,low,exact_manufacturer_catalog_number,all_exact_configurations_active,search_incomplete,premarket_exempt,current_non_us,identity|model,searched,no_exact_action_found,unknown,,not_applicable,Identity method: exact_manufacturer_catalog_number. UDI assessment: all_exact_configurations_active. Manufacturer finding: current_non_us. Plausible records could not be tied conservatively to the exact catalog product.,Can the manufacturer confirm the exact U.S. catalog/model identity?|Does the exact current global manufacturer listing apply to the United States despite the ended UDI evidence?,keep_hidden_identity_unresolved,https://www.richard-wolf.com/mam/data/Typo3/Kataloge/Broncho-_Thorako-_Mediastinoskopie/Thorakale_Endoskopie_en.pdf|https://api.fda.gov/device/udi.json?search=catalog_number%3A%228280.43%22&limit=100|https://api.fda.gov/device/udi.json?search=identifiers.id%3A%2204055207039304%22&limit=100|https://api.fda.gov/device/classification.json?search=product_code%3A%22KAE%22&limit=100|https://api.fda.gov/device/enforcement.json?search=code_info%3A%2204055207039304%22&limit=100|https://api.fda.gov/device/enforcement.json?search=product_description%3A%228280.43%22&limit=100|https://api.fda.gov/device/recall.json?search=product_description%3A%228280.43%22&limit=100|https://api.fda.gov/device/recall.json?search=code_info%3A%2204055207039304%22&limit=100,false
PRD-71D13E3955,Karl Storz,Full Lumen Operating Bronchoscope,10318FL,,insufficient_evidence,low,exact_manufacturer_model_number,all_exact_configurations_active,search_incomplete,not_found,family_only_current,,searched,no_exact_action_found,unknown,,not_applicable,Identity method: exact_manufacturer_model_number. UDI assessment: all_exact_configurations_active. Manufacturer finding: family_only_current. Completed or permitted searches did not establish enough exact current-status evidence; no result is not a discontinuation finding.,"Is there a current official U.S. product page, labeling document, or discontinuation notice for this exact identifier?",keep_hidden_insufficient_evidence,https://www.karlstorz.com/us/en/thoracic-surgery-and-pulmonology.htm|https://api.fda.gov/device/udi.json?search=version_or_model_number%3A%2210318FL%22&limit=100|https://api.fda.gov/device/udi.json?search=identifiers.id%3A%2204048551045718%22&limit=100|https://api.fda.gov/device/classification.json?search=product_code%3A%22EOQ%22&limit=100|https://api.fda.gov/device/registrationlisting.json?search=products.product_code%3A%22EOQ%22&limit=100|https://api.fda.gov/device/enforcement.json?search=product_description%3A%2210318+FL%22&limit=100|https://api.fda.gov/device/enforcement.json?search=code_info%3A%2204048551045718%22&limit=100|https://api.fda.gov/device/recall.json?search=code_info%3A%2204048551045718%22&limit=100|https://api.fda.gov/device/recall.json?search=product_description%3A%2210318+FL%22&limit=100,false
PRD-7397B6CA00,Intuitive Surgical,Ion Flexision Biopsy Needle 19G,490104,,identity_unresolved,low,exact_manufacturer_model_number,all_exact_configurations_active,search_incomplete,not_found,family_only_current,identity|manufacturer,searched,active_exact_product_action,product_wide,Z-0106-2022|Z-0355-2024|Z-2401-2024,not_applicable,Identity method: exact_manufacturer_model_number. UDI assessment: all_exact_configurations_active. Manufacturer finding: family_only_current. Plausible records could not be tied conservatively to the exact catalog product.,Can the manufacturer confirm the exact U.S. catalog/model identity?,keep_hidden_identity_unresolved,https://www.intuitive.com/en-us/-/media/ISI/Intuitive/Pdf/intuitive-ion-system-brochure-1051118.pdf|https://www.intuitive.com/en-us/products-and-services/ion|https://api.fda.gov/device/udi.json?search=catalog_number%3A%22490104%22&limit=100|https://api.fda.gov/device/udi.json?search=version_or_model_number%3A%22490104%22&limit=100|https://api.fda.gov/device/udi.json?search=version_or_model_number%3A%22490104%22&limit=100|https://api.fda.gov/device/udi.json?search=identifiers.id%3A%2200886874115978%22&limit=100|https://api.fda.gov/device/udi.json?search=catalog_number%3A%22490104%22&limit=100|https://api.fda.gov/device/udi.json?search=version_or_model_number%3A%22490104%22&limit=100|https://api.fda.gov/device/classification.json?search=product_code%3A%22EOQ%22&limit=100|https://api.fda.gov/device/registrationlisting.json?search=products.product_code%3A%22EOQ%22&limit=100|https://api.fda.gov/device/enforcement.json?search=code_info%3A%2210886874115975%22&limit=100|https://api.fda.gov/device/enforcement.json?search=code_info%3A%2200886874115978%22&limit=100|https://api.fda.gov/device/enforcement.json?search=product_description%3A%22490104%22&limit=100|https://api.fda.gov/device/recall.json?search=code_info%3A%2200886874115978%22&limit=100|https://api.fda.gov/device/recall.json?search=code_info%3A%2210886874115975%22&limit=100|https://api.fda.gov/device/recall.json?search=product_description%3A%22490104%22&limit=100,false
PRD-75434A8582,Richard Wolf,"Grasping Forceps, Serrated",8280.41,,identity_unresolved,low,exact_manufacturer_catalog_number,all_exact_configurations_active,search_incomplete,premarket_exempt,current_non_us,identity|model,searched,no_exact_action_found,unknown,,not_applicable,Identity method: exact_manufacturer_catalog_number. UDI assessment: all_exact_configurations_active. Manufacturer finding: current_non_us. Plausible records could not be tied conservatively to the exact catalog product.,Can the manufacturer confirm the exact U.S. catalog/model identity?|Does the exact current global manufacturer listing apply to the United States despite the ended UDI evidence?,keep_hidden_identity_unresolved,https://www.richard-wolf.com/mam/data/Typo3/Kataloge/Broncho-_Thorako-_Mediastinoskopie/Thorakale_Endoskopie_en.pdf|https://api.fda.gov/device/udi.json?search=identifiers.id%3A%2204055207039281%22&limit=100|https://api.fda.gov/device/udi.json?search=catalog_number%3A%228280.41%22&limit=100|https://api.fda.gov/device/classification.json?search=product_code%3A%22KAE%22&limit=100|https://api.fda.gov/device/enforcement.json?search=code_info%3A%2204055207039281%22&limit=100|https://api.fda.gov/device/enforcement.json?search=product_description%3A%228280.41%22&limit=100|https://api.fda.gov/device/recall.json?search=product_description%3A%228280.41%22&limit=100|https://api.fda.gov/device/recall.json?search=code_info%3A%2204055207039281%22&limit=100,false
PRD-758E53CAAF,Karl Storz,FLUVOG Adapter,10315P,,insufficient_evidence,low,exact_manufacturer_catalog_number,all_exact_configurations_active,search_incomplete,not_found,family_only_current,,searched,no_exact_action_found,unknown,,not_applicable,Identity method: exact_manufacturer_catalog_number. UDI assessment: all_exact_configurations_active. Manufacturer finding: family_only_current. Completed or permitted searches did not establish enough exact current-status evidence; no result is not a discontinuation finding.,"Is there a current official U.S. product page, labeling document, or discontinuation notice for this exact identifier?",keep_hidden_insufficient_evidence,https://www.karlstorz.com/us/en/thoracic-surgery-and-pulmonology.htm|https://api.fda.gov/device/udi.json?search=version_or_model_number%3A%2210315P%22&limit=100|https://api.fda.gov/device/udi.json?search=catalog_number%3A%2210315P%22&limit=100|https://api.fda.gov/device/udi.json?search=identifiers.id%3A%2204048551224731%22&limit=100|https://api.fda.gov/device/classification.json?search=product_code%3A%22EOQ%22&limit=100|https://api.fda.gov/device/registrationlisting.json?search=products.product_code%3A%22EOQ%22&limit=100|https://api.fda.gov/device/enforcement.json?search=product_description%3A%2210315+P%22&limit=100|https://api.fda.gov/device/enforcement.json?search=code_info%3A%2204048551224731%22&limit=100|https://api.fda.gov/device/recall.json?search=product_description%3A%2210315+P%22&limit=100|https://api.fda.gov/device/recall.json?search=code_info%3A%2204048551224731%22&limit=100,false
PRD-759CE9B00A,Richard Wolf,"Thoracoscopy Scissors, Straight",8243.403,,identity_unresolved,low,exact_manufacturer_catalog_number,all_exact_configurations_ended,search_incomplete,premarket_exempt,current_non_us,identity|model|distribution,searched,no_exact_action_found,unknown,,not_applicable,Identity method: exact_manufacturer_catalog_number. UDI assessment: all_exact_configurations_ended. Manufacturer finding: current_non_us. Plausible records could not be tied conservatively to the exact catalog product.,Can the manufacturer confirm the exact U.S. catalog/model identity?|Does the exact current global manufacturer listing apply to the United States despite the ended UDI evidence?,keep_hidden_identity_unresolved,https://www.richard-wolf.com/mam/data/Typo3/Kataloge/Broncho-_Thorako-_Mediastinoskopie/Thorakale_Endoskopie_en.pdf|https://api.fda.gov/device/udi.json?search=catalog_number%3A%228243.403%22&limit=100|https://api.fda.gov/device/udi.json?search=identifiers.id%3A%2204055207014691%22&limit=100|https://api.fda.gov/device/classification.json?search=product_code%3A%22LRW%22&limit=100|https://api.fda.gov/device/enforcement.json?search=code_info%3A%2204055207014691%22&limit=100|https://api.fda.gov/device/enforcement.json?search=product_description%3A%228243.403%22&limit=100|https://api.fda.gov/device/recall.json?search=product_description%3A%228243.403%22&limit=100|https://api.fda.gov/device/recall.json?search=code_info%3A%2204055207014691%22&limit=100,false
PRD-79E356AFDC,Karl Storz,Universal Forceps,10370U,,insufficient_evidence,low,exact_manufacturer_catalog_number,all_exact_configurations_active,search_incomplete,not_found,family_only_current,,searched,no_exact_action_found,unknown,,not_applicable,Identity method: exact_manufacturer_catalog_number. UDI assessment: all_exact_configurations_active. Manufacturer finding: family_only_current. Completed or permitted searches did not establish enough exact current-status evidence; no result is not a discontinuation finding.,"Is there a current official U.S. product page, labeling document, or discontinuation notice for this exact identifier?",keep_hidden_insufficient_evidence,https://www.karlstorz.com/us/en/thoracic-surgery-and-pulmonology.htm|https://api.fda.gov/device/udi.json?search=version_or_model_number%3A%2210370U%22&limit=100|https://api.fda.gov/device/udi.json?search=catalog_number%3A%2210370U%22&limit=100|https://api.fda.gov/device/udi.json?search=identifiers.id%3A%2204048551047255%22&limit=100|https://api.fda.gov/device/classification.json?search=product_code%3A%22EOQ%22&limit=100|https://api.fda.gov/device/registrationlisting.json?search=products.product_code%3A%22EOQ%22&limit=100|https://api.fda.gov/device/enforcement.json?search=code_info%3A%2204048551047255%22&limit=100|https://api.fda.gov/device/enforcement.json?search=product_description%3A%2210370+U%22&limit=100|https://api.fda.gov/device/recall.json?search=product_description%3A%2210370+U%22&limit=100|https://api.fda.gov/device/recall.json?search=code_info%3A%2204048551047255%22&limit=100,false
PRD-7A57FE10A2,Karl Storz,Round Spoon Biopsy Forceps,10371LL,,insufficient_evidence,low,exact_manufacturer_catalog_number,all_exact_configurations_active,search_incomplete,not_found,family_only_current,,searched,no_exact_action_found,unknown,,not_applicable,Identity method: exact_manufacturer_catalog_number. UDI assessment: all_exact_configurations_active. Manufacturer finding: family_only_current. Completed or permitted searches did not establish enough exact current-status evidence; no result is not a discontinuation finding.,"Is there a current official U.S. product page, labeling document, or discontinuation notice for this exact identifier?",keep_hidden_insufficient_evidence,https://www.karlstorz.com/us/en/thoracic-surgery-and-pulmonology.htm|https://api.fda.gov/device/udi.json?search=identifiers.id%3A%2204048551047354%22&limit=100|https://api.fda.gov/device/udi.json?search=version_or_model_number%3A%2210371LL%22&limit=100|https://api.fda.gov/device/udi.json?search=catalog_number%3A%2210371LL%22&limit=100|https://api.fda.gov/device/classification.json?search=product_code%3A%22EOQ%22&limit=100|https://api.fda.gov/device/registrationlisting.json?search=products.product_code%3A%22EOQ%22&limit=100|https://api.fda.gov/device/enforcement.json?search=code_info%3A%2204048551047354%22&limit=100|https://api.fda.gov/device/enforcement.json?search=product_description%3A%2210371+LL%22&limit=100|https://api.fda.gov/device/recall.json?search=product_description%3A%2210371+LL%22&limit=100|https://api.fda.gov/device/recall.json?search=code_info%3A%2204048551047354%22&limit=100,false
PRD-7BC31438E7,Karl Storz,Alligator Forceps for Hard Foreign Bodies,10367H,,insufficient_evidence,low,exact_manufacturer_catalog_number,all_exact_configurations_active,search_incomplete,not_found,family_only_current,,searched,no_exact_action_found,unknown,,not_applicable,Identity method: exact_manufacturer_catalog_number. UDI assessment: all_exact_configurations_active. Manufacturer finding: family_only_current. Completed or permitted searches did not establish enough exact current-status evidence; no result is not a discontinuation finding.,"Is there a current official U.S. product page, labeling document, or discontinuation notice for this exact identifier?",keep_hidden_insufficient_evidence,https://www.karlstorz.com/us/en/thoracic-surgery-and-pulmonology.htm|https://api.fda.gov/device/udi.json?search=version_or_model_number%3A%2210367H%22&limit=100|https://api.fda.gov/device/udi.json?search=identifiers.id%3A%2204048551047002%22&limit=100|https://api.fda.gov/device/udi.json?search=catalog_number%3A%2210367H%22&limit=100|https://api.fda.gov/device/classification.json?search=product_code%3A%22EOQ%22&limit=100|https://api.fda.gov/device/registrationlisting.json?search=products.product_code%3A%22EOQ%22&limit=100|https://api.fda.gov/device/enforcement.json?search=product_description%3A%2210367+H%22&limit=100|https://api.fda.gov/device/enforcement.json?search=code_info%3A%2204048551047002%22&limit=100|https://api.fda.gov/device/recall.json?search=product_description%3A%2210367+H%22&limit=100|https://api.fda.gov/device/recall.json?search=code_info%3A%2204048551047002%22&limit=100,false
PRD-7EAB3D4582,Richard Wolf,Optical Universal Forceps,82530.0605,,identity_unresolved,low,exact_manufacturer_catalog_number,all_exact_configurations_active,search_incomplete,premarket_exempt,current_non_us,identity|model,searched,no_exact_action_found,unknown,,not_applicable,Identity method: exact_manufacturer_catalog_number. UDI assessment: all_exact_configurations_active. Manufacturer finding: current_non_us. Plausible records could not be tied conservatively to the exact catalog product.,Can the manufacturer confirm the exact U.S. catalog/model identity?|Does the exact current global manufacturer listing apply to the United States despite the ended UDI evidence?,keep_hidden_identity_unresolved,https://www.richard-wolf.com/mam/data/Typo3/Kataloge/Broncho-_Thorako-_Mediastinoskopie/Thorakale_Endoskopie_en.pdf|https://api.fda.gov/device/udi.json?search=identifiers.id%3A%2204055207033852%22&limit=100|https://api.fda.gov/device/udi.json?search=catalog_number%3A%2282530.0605%22&limit=100|https://api.fda.gov/device/classification.json?search=product_code%3A%22KAE%22&limit=100|https://api.fda.gov/device/enforcement.json?search=product_description%3A%2282530.0605%22&limit=100|https://api.fda.gov/device/enforcement.json?search=code_info%3A%2204055207033852%22&limit=100|https://api.fda.gov/device/recall.json?search=code_info%3A%2204055207033852%22&limit=100|https://api.fda.gov/device/recall.json?search=product_description%3A%2282530.0605%22&limit=100,false
PRD-7F94CAD8E8,Richard Wolf,Optical Retrograde Biopsy Forceps,8464.64,,identity_unresolved,low,exact_manufacturer_catalog_number,all_exact_configurations_ended,search_incomplete,not_found,current_non_us,identity|model|distribution,searched,no_exact_action_found,unknown,,not_applicable,Identity method: exact_manufacturer_catalog_number. UDI assessment: all_exact_configurations_ended. Manufacturer finding: current_non_us. Plausible records could not be tied conservatively to the exact catalog product.,Can the manufacturer confirm the exact U.S. catalog/model identity?|Does the exact current global manufacturer listing apply to the United States despite the ended UDI evidence?,keep_hidden_identity_unresolved,https://www.richard-wolf.com/mam/data/Typo3/Kataloge/Broncho-_Thorako-_Mediastinoskopie/Thorakale_Endoskopie_en.pdf|https://api.fda.gov/device/udi.json?search=catalog_number%3A%228464.64%22&limit=100|https://api.fda.gov/device/udi.json?search=identifiers.id%3A%2204055207040324%22&limit=100|https://api.fda.gov/device/classification.json?search=product_code%3A%22GEI%22&limit=100|https://api.fda.gov/device/enforcement.json?search=product_description%3A%228464.64%22&limit=100|https://api.fda.gov/device/enforcement.json?search=code_info%3A%2204055207040324%22&limit=100|https://api.fda.gov/device/recall.json?search=code_info%3A%2204055207040324%22&limit=100|https://api.fda.gov/device/recall.json?search=product_description%3A%228464.64%22&limit=100,false
PRD-806A35FA67,Merit Medical,TAPS Thoracentesis and Paracentesis Set,TAPS-5F-10LT,,identity_unresolved,low,exact_manufacturer_catalog_number,all_exact_configurations_active,search_incomplete,premarket_exempt,not_searched,identity|model,searched,active_exact_product_action,lot_specific,Z-2576-2024,not_applicable,Identity method: exact_manufacturer_catalog_number. UDI assessment: all_exact_configurations_active. Manufacturer finding: not_searched. Plausible records could not be tied conservatively to the exact catalog product.,Can the manufacturer confirm the exact U.S. catalog/model identity?,keep_hidden_identity_unresolved,https://api.fda.gov/device/udi.json?search=catalog_number%3A%22TAPS-5F-10LT%22&limit=100|https://api.fda.gov/device/udi.json?search=identifiers.id%3A%2200884450038741%22&limit=100|https://api.fda.gov/device/classification.json?search=product_code%3A%22GBX%22&limit=100|https://api.fda.gov/device/enforcement.json?search=product_description%3A%22TAPS-5F-10LT%22&limit=100|https://api.fda.gov/device/enforcement.json?search=code_info%3A%2200884450038741%22&limit=100|https://api.fda.gov/device/enforcement.json?search=code_info%3A%2210884450038748%22&limit=100|https://api.fda.gov/device/recall.json?search=code_info%3A%2210884450038748%22&limit=100|https://api.fda.gov/device/recall.json?search=code_info%3A%2200884450038741%22&limit=100|https://api.fda.gov/device/recall.json?search=product_description%3A%22TAPS-5F-10LT%22&limit=100,false
PRD-81DDCD50B9,Karl Storz,Spring-Handle Sponge Holder 35 cm,10387B,,insufficient_evidence,low,exact_manufacturer_model_number,all_exact_configurations_active,search_incomplete,premarket_exempt,family_only_current,,searched,no_exact_action_found,unknown,,not_applicable,Identity method: exact_manufacturer_model_number. UDI assessment: all_exact_configurations_active. Manufacturer finding: family_only_current. Completed or permitted searches did not establish enough exact current-status evidence; no result is not a discontinuation finding.,"Is there a current official U.S. product page, labeling document, or discontinuation notice for this exact identifier?",keep_hidden_insufficient_evidence,https://www.karlstorz.com/us/en/thoracic-surgery-and-pulmonology.htm|https://api.fda.gov/device/udi.json?search=version_or_model_number%3A%2210387B%22&limit=100|https://api.fda.gov/device/udi.json?search=identifiers.id%3A%2204048551048252%22&limit=100|https://api.fda.gov/device/classification.json?search=product_code%3A%22LRC%22&limit=100|https://api.fda.gov/device/registrationlisting.json?search=products.product_code%3A%22LRC%22&limit=100|https://api.fda.gov/device/enforcement.json?search=code_info%3A%2204048551048252%22&limit=100|https://api.fda.gov/device/enforcement.json?search=product_description%3A%2210387+B%22&limit=100|https://api.fda.gov/device/recall.json?search=code_info%3A%2204048551048252%22&limit=100|https://api.fda.gov/device/recall.json?search=product_description%3A%2210387+B%22&limit=100,false
PRD-825B745D18,Karl Storz,Coagulation Suction Tube,10390BN,,insufficient_evidence,low,exact_manufacturer_catalog_number,all_exact_configurations_active,search_incomplete,not_found,family_only_current,,searched,no_exact_action_found,unknown,,not_applicable,Identity method: exact_manufacturer_catalog_number. UDI assessment: all_exact_configurations_active. Manufacturer finding: family_only_current. Completed or permitted searches did not establish enough exact current-status evidence; no result is not a discontinuation finding.,"Is there a current official U.S. product page, labeling document, or discontinuation notice for this exact identifier?",keep_hidden_insufficient_evidence,https://www.karlstorz.com/us/en/thoracic-surgery-and-pulmonology.htm|https://api.fda.gov/device/udi.json?search=version_or_model_number%3A%2210390BN%22&limit=100|https://api.fda.gov/device/udi.json?search=identifiers.id%3A%2204048551048375%22&limit=100|https://api.fda.gov/device/udi.json?search=catalog_number%3A%2210390BN%22&limit=100|https://api.fda.gov/device/classification.json?search=product_code%3A%22EOB%22&limit=100|https://api.fda.gov/device/registrationlisting.json?search=products.product_code%3A%22EOB%22&limit=100|https://api.fda.gov/device/enforcement.json?search=code_info%3A%2204048551048375%22&limit=100|https://api.fda.gov/device/enforcement.json?search=product_description%3A%2210390+BN%22&limit=100|https://api.fda.gov/device/recall.json?search=code_info%3A%2204048551048375%22&limit=100|https://api.fda.gov/device/recall.json?search=product_description%3A%2210390+BN%22&limit=100,false
PRD-843BE1E573,Karl Storz,Oval Fenestrated Biopsy Forceps,10371P,,insufficient_evidence,low,exact_manufacturer_catalog_number,all_exact_configurations_active,search_incomplete,not_found,family_only_current,,searched,no_exact_action_found,unknown,,not_applicable,Identity method: exact_manufacturer_catalog_number. UDI assessment: all_exact_configurations_active. Manufacturer finding: family_only_current. Completed or permitted searches did not establish enough exact current-status evidence; no result is not a discontinuation finding.,"Is there a current official U.S. product page, labeling document, or discontinuation notice for this exact identifier?",keep_hidden_insufficient_evidence,https://www.karlstorz.com/us/en/thoracic-surgery-and-pulmonology.htm|https://api.fda.gov/device/udi.json?search=identifiers.id%3A%2204048551047361%22&limit=100|https://api.fda.gov/device/udi.json?search=catalog_number%3A%2210371P%22&limit=100|https://api.fda.gov/device/udi.json?search=version_or_model_number%3A%2210371P%22&limit=100|https://api.fda.gov/device/classification.json?search=product_code%3A%22EOQ%22&limit=100|https://api.fda.gov/device/registrationlisting.json?search=products.product_code%3A%22EOQ%22&limit=100|https://api.fda.gov/device/enforcement.json?search=product_description%3A%2210371+P%22&limit=100|https://api.fda.gov/device/enforcement.json?search=code_info%3A%2204048551047361%22&limit=100|https://api.fda.gov/device/recall.json?search=code_info%3A%2204048551047361%22&limit=100|https://api.fda.gov/device/recall.json?search=product_description%3A%2210371+P%22&limit=100,false
PRD-8776B50EA8,Cardinal Health,"Argyle PVC Thoracic Catheter – Straight, 28 Fr × 20 in",8888570549,,insufficient_evidence,low,exact_manufacturer_catalog_number,all_exact_configurations_ended,search_incomplete,premarket_exempt,not_searched,,searched,no_exact_action_found,unknown,,not_applicable,Identity method: exact_manufacturer_catalog_number. UDI assessment: all_exact_configurations_ended. Manufacturer finding: not_searched. Completed or permitted searches did not establish enough exact current-status evidence; no result is not a discontinuation finding.,"Is there a current official U.S. product page, labeling document, or discontinuation notice for this exact identifier?",keep_hidden_insufficient_evidence,https://api.fda.gov/device/udi.json?search=version_or_model_number%3A%228888570549%22&limit=100|https://api.fda.gov/device/udi.json?search=catalog_number%3A%228888570549%22&limit=100|https://api.fda.gov/device/udi.json?search=version_or_model_number%3A%228888570549%22&limit=100|https://api.fda.gov/device/udi.json?search=identifiers.id%3A%2210884521050846%22&limit=100|https://api.fda.gov/device/udi.json?search=catalog_number%3A%228888570549%22&limit=100|https://api.fda.gov/device/classification.json?search=product_code%3A%22JOL%22&limit=100|https://api.fda.gov/device/enforcement.json?search=code_info%3A%2200884521060855%22&limit=100|https://api.fda.gov/device/enforcement.json?search=product_description%3A%228888570549%22&limit=100|https://api.fda.gov/device/enforcement.json?search=code_info%3A%2210884521050846%22&limit=100|https://api.fda.gov/device/enforcement.json?search=code_info%3A%2200884521149505%22&limit=100|https://api.fda.gov/device/enforcement.json?search=code_info%3A%2220884521050843%22&limit=100|https://api.fda.gov/device/recall.json?search=code_info%3A%2200884521060855%22&limit=100|https://api.fda.gov/device/recall.json?search=product_description%3A%228888570549%22&limit=100|https://api.fda.gov/device/recall.json?search=code_info%3A%2220884521050843%22&limit=100|https://api.fda.gov/device/recall.json?search=code_info%3A%2210884521050846%22&limit=100|https://api.fda.gov/device/recall.json?search=code_info%3A%2200884521149505%22&limit=100,false
PRD-891A7CBCBC,Richard Wolf,"Optical Grasping Forceps, Straight",82530.0604,,identity_unresolved,low,exact_manufacturer_catalog_number,all_exact_configurations_active,search_incomplete,premarket_exempt,current_non_us,identity|model,searched,no_exact_action_found,unknown,,not_applicable,Identity method: exact_manufacturer_catalog_number. UDI assessment: all_exact_configurations_active. Manufacturer finding: current_non_us. Plausible records could not be tied conservatively to the exact catalog product.,Can the manufacturer confirm the exact U.S. catalog/model identity?|Does the exact current global manufacturer listing apply to the United States despite the ended UDI evidence?,keep_hidden_identity_unresolved,https://www.richard-wolf.com/mam/data/Typo3/Kataloge/Broncho-_Thorako-_Mediastinoskopie/Thorakale_Endoskopie_en.pdf|https://api.fda.gov/device/udi.json?search=identifiers.id%3A%2204055207033845%22&limit=100|https://api.fda.gov/device/udi.json?search=catalog_number%3A%2282530.0604%22&limit=100|https://api.fda.gov/device/classification.json?search=product_code%3A%22KAE%22&limit=100|https://api.fda.gov/device/enforcement.json?search=code_info%3A%2204055207033845%22&limit=100|https://api.fda.gov/device/enforcement.json?search=product_description%3A%2282530.0604%22&limit=100|https://api.fda.gov/device/recall.json?search=product_description%3A%2282530.0604%22&limit=100|https://api.fda.gov/device/recall.json?search=code_info%3A%2204055207033845%22&limit=100,false
PRD-8A4A27BDD7,Intuitive Surgical,Ion Flexision Biopsy Needle 21G,490103,,identity_unresolved,low,exact_manufacturer_model_number,all_exact_configurations_active,search_incomplete,not_found,family_only_current,identity|manufacturer,searched,active_exact_product_action,product_wide,Z-0355-2024|Z-2400-2024,not_applicable,Identity method: exact_manufacturer_model_number. UDI assessment: all_exact_configurations_active. Manufacturer finding: family_only_current. Plausible records could not be tied conservatively to the exact catalog product.,Can the manufacturer confirm the exact U.S. catalog/model identity?,keep_hidden_identity_unresolved,https://www.intuitive.com/en-us/-/media/ISI/Intuitive/Pdf/intuitive-ion-system-brochure-1051118.pdf|https://www.intuitive.com/en-us/products-and-services/ion|https://api.fda.gov/device/udi.json?search=version_or_model_number%3A%22490103%22&limit=100|https://api.fda.gov/device/udi.json?search=identifiers.id%3A%2200886874115961%22&limit=100|https://api.fda.gov/device/udi.json?search=version_or_model_number%3A%22490103%22&limit=100|https://api.fda.gov/device/udi.json?search=catalog_number%3A%22490103%22&limit=100|https://api.fda.gov/device/classification.json?search=product_code%3A%22EOQ%22&limit=100|https://api.fda.gov/device/registrationlisting.json?search=products.product_code%3A%22EOQ%22&limit=100|https://api.fda.gov/device/enforcement.json?search=code_info%3A%2210886874115968%22&limit=100|https://api.fda.gov/device/enforcement.json?search=product_description%3A%22490103%22&limit=100|https://api.fda.gov/device/enforcement.json?search=code_info%3A%2200886874115961%22&limit=100|https://api.fda.gov/device/recall.json?search=code_info%3A%2210886874115968%22&limit=100|https://api.fda.gov/device/recall.json?search=product_description%3A%22490103%22&limit=100|https://api.fda.gov/device/recall.json?search=code_info%3A%2200886874115961%22&limit=100,false
PRD-8D0C9F35DB,Karl Storz,Full Lumen Operating Tracheoscope,10318G,,insufficient_evidence,low,exact_manufacturer_catalog_number,all_exact_configurations_active,search_incomplete,not_found,family_only_current,,searched,no_exact_action_found,unknown,,not_applicable,Identity method: exact_manufacturer_catalog_number. UDI assessment: all_exact_configurations_active. Manufacturer finding: family_only_current. Completed or permitted searches did not establish enough exact current-status evidence; no result is not a discontinuation finding.,"Is there a current official U.S. product page, labeling document, or discontinuation notice for this exact identifier?",keep_hidden_insufficient_evidence,https://www.karlstorz.com/us/en/thoracic-surgery-and-pulmonology.htm|https://api.fda.gov/device/udi.json?search=version_or_model_number%3A%2210318G%22&limit=100|https://api.fda.gov/device/udi.json?search=identifiers.id%3A%2204048551045725%22&limit=100|https://api.fda.gov/device/udi.json?search=catalog_number%3A%2210318G%22&limit=100|https://api.fda.gov/device/classification.json?search=product_code%3A%22EOQ%22&limit=100|https://api.fda.gov/device/registrationlisting.json?search=products.product_code%3A%22EOQ%22&limit=100|https://api.fda.gov/device/enforcement.json?search=code_info%3A%2204048551045725%22&limit=100|https://api.fda.gov/device/enforcement.json?search=product_description%3A%2210318+G%22&limit=100|https://api.fda.gov/device/recall.json?search=code_info%3A%2204048551045725%22&limit=100|https://api.fda.gov/device/recall.json?search=product_description%3A%2210318+G%22&limit=100,false
PRD-8E3A12AFF4,Richard Wolf,"Coagulation Electrode, Button, Monopolar, 3.5 mm, WL 310 mm",8379.462,,identity_unresolved,low,exact_manufacturer_catalog_number,all_exact_configurations_active,search_incomplete,not_found,not_searched,identity|model,searched,no_exact_action_found,unknown,,not_applicable,Identity method: exact_manufacturer_catalog_number. UDI assessment: all_exact_configurations_active. Manufacturer finding: not_searched. Plausible records could not be tied conservatively to the exact catalog product.,Can the manufacturer confirm the exact U.S. catalog/model identity?,keep_hidden_identity_unresolved,https://api.fda.gov/device/udi.json?search=catalog_number%3A%228379.462%22&limit=100|https://api.fda.gov/device/classification.json?search=product_code%3A%22GEI%22&limit=100|https://api.fda.gov/device/enforcement.json?search=product_description%3A%228379.462%22&limit=100|https://api.fda.gov/device/enforcement.json?search=code_info%3A%2204055207014943%22&limit=100|https://api.fda.gov/device/recall.json?search=code_info%3A%2204055207014943%22&limit=100|https://api.fda.gov/device/recall.json?search=product_description%3A%228379.462%22&limit=100,false
PRD-8E8D4D1565,Merit Medical,TAPS Thoracentesis and Paracentesis Set,TAPS-6F-10LT,,identity_unresolved,low,exact_manufacturer_catalog_number,all_exact_configurations_active,search_incomplete,premarket_exempt,not_searched,identity|model,searched,active_exact_product_action,lot_specific,Z-2576-2024,not_applicable,Identity method: exact_manufacturer_catalog_number. UDI assessment: all_exact_configurations_active. Manufacturer finding: not_searched. Plausible records could not be tied conservatively to the exact catalog product.,Can the manufacturer confirm the exact U.S. catalog/model identity?,keep_hidden_identity_unresolved,https://api.fda.gov/device/udi.json?search=identifiers.id%3A%2200884450277775%22&limit=100|https://api.fda.gov/device/udi.json?search=catalog_number%3A%22TAPS-6F-10LT%22&limit=100|https://api.fda.gov/device/classification.json?search=product_code%3A%22GBX%22&limit=100|https://api.fda.gov/device/enforcement.json?search=code_info%3A%2210884450277772%22&limit=100|https://api.fda.gov/device/enforcement.json?search=product_description%3A%22TAPS-6F-10LT%22&limit=100|https://api.fda.gov/device/enforcement.json?search=code_info%3A%2200884450277775%22&limit=100|https://api.fda.gov/device/recall.json?search=code_info%3A%2200884450277775%22&limit=100|https://api.fda.gov/device/recall.json?search=code_info%3A%2210884450277772%22&limit=100|https://api.fda.gov/device/recall.json?search=product_description%3A%22TAPS-6F-10LT%22&limit=100,false
PRD-901A1A1C5C,Richard Wolf,"Parenchyma Grasping Forceps, Curved",8243.604,,identity_unresolved,low,exact_manufacturer_catalog_number,all_exact_configurations_active,search_incomplete,premarket_exempt,current_non_us,identity|model,searched,no_exact_action_found,unknown,,not_applicable,Identity method: exact_manufacturer_catalog_number. UDI assessment: all_exact_configurations_active. Manufacturer finding: current_non_us. Plausible records could not be tied conservatively to the exact catalog product.,Can the manufacturer confirm the exact U.S. catalog/model identity?|Does the exact current global manufacturer listing apply to the United States despite the ended UDI evidence?,keep_hidden_identity_unresolved,https://www.richard-wolf.com/mam/data/Typo3/Kataloge/Broncho-_Thorako-_Mediastinoskopie/Thorakale_Endoskopie_en.pdf|https://api.fda.gov/device/udi.json?search=identifiers.id%3A%2204055207014721%22&limit=100|https://api.fda.gov/device/udi.json?search=catalog_number%3A%228243.604%22&limit=100|https://api.fda.gov/device/classification.json?search=product_code%3A%22GEN%22&limit=100|https://api.fda.gov/device/enforcement.json?search=code_info%3A%2204055207014721%22&limit=100|https://api.fda.gov/device/enforcement.json?search=product_description%3A%228243.604%22&limit=100|https://api.fda.gov/device/recall.json?search=product_description%3A%228243.604%22&limit=100|https://api.fda.gov/device/recall.json?search=code_info%3A%2204055207014721%22&limit=100,false
PRD-90A0B83AA5,Karl Storz,Forceps for Peanuts/Soft Foreign Bodies,10370K,,insufficient_evidence,low,exact_manufacturer_catalog_number,all_exact_configurations_active,search_incomplete,not_found,family_only_current,,searched,no_exact_action_found,unknown,,not_applicable,Identity method: exact_manufacturer_catalog_number. UDI assessment: all_exact_configurations_active. Manufacturer finding: family_only_current. Completed or permitted searches did not establish enough exact current-status evidence; no result is not a discontinuation finding.,"Is there a current official U.S. product page, labeling document, or discontinuation notice for this exact identifier?",keep_hidden_insufficient_evidence,https://www.karlstorz.com/us/en/thoracic-surgery-and-pulmonology.htm|https://api.fda.gov/device/udi.json?search=catalog_number%3A%2210370K%22&limit=100|https://api.fda.gov/device/udi.json?search=version_or_model_number%3A%2210370K%22&limit=100|https://api.fda.gov/device/udi.json?search=identifiers.id%3A%2204048551047125%22&limit=100|https://api.fda.gov/device/classification.json?search=product_code%3A%22EOQ%22&limit=100|https://api.fda.gov/device/registrationlisting.json?search=products.product_code%3A%22EOQ%22&limit=100|https://api.fda.gov/device/enforcement.json?search=product_description%3A%2210370+K%22&limit=100|https://api.fda.gov/device/enforcement.json?search=code_info%3A%2204048551047125%22&limit=100|https://api.fda.gov/device/recall.json?search=product_description%3A%2210370+K%22&limit=100|https://api.fda.gov/device/recall.json?search=code_info%3A%2204048551047125%22&limit=100,false
PRD-90D21D9281,Cardinal Health,"Argyle PVC Thoracic Catheter – Straight, 40 Fr × 20 in",8888570572,,insufficient_evidence,low,exact_manufacturer_catalog_number,all_exact_configurations_ended,search_incomplete,premarket_exempt,not_searched,,searched,no_exact_action_found,unknown,,not_applicable,Identity method: exact_manufacturer_catalog_number. UDI assessment: all_exact_configurations_ended. Manufacturer finding: not_searched. Completed or permitted searches did not establish enough exact current-status evidence; no result is not a discontinuation finding.,"Is there a current official U.S. product page, labeling document, or discontinuation notice for this exact identifier?",keep_hidden_insufficient_evidence,https://api.fda.gov/device/udi.json?search=version_or_model_number%3A%228888570572%22&limit=100|https://api.fda.gov/device/udi.json?search=catalog_number%3A%228888570572%22&limit=100|https://api.fda.gov/device/udi.json?search=identifiers.id%3A%2210884521050877%22&limit=100|https://api.fda.gov/device/udi.json?search=version_or_model_number%3A%228888570572%22&limit=100|https://api.fda.gov/device/udi.json?search=catalog_number%3A%228888570572%22&limit=100|https://api.fda.gov/device/classification.json?search=product_code%3A%22JOL%22&limit=100|https://api.fda.gov/device/enforcement.json?search=code_info%3A%2210884521050877%22&limit=100|https://api.fda.gov/device/enforcement.json?search=code_info%3A%2220884521050874%22&limit=100|https://api.fda.gov/device/enforcement.json?search=code_info%3A%2200884521149536%22&limit=100|https://api.fda.gov/device/enforcement.json?search=product_description%3A%228888570572%22&limit=100|https://api.fda.gov/device/enforcement.json?search=code_info%3A%2200884521060886%22&limit=100|https://api.fda.gov/device/recall.json?search=product_description%3A%228888570572%22&limit=100|https://api.fda.gov/device/recall.json?search=code_info%3A%2220884521050874%22&limit=100|https://api.fda.gov/device/recall.json?search=code_info%3A%2200884521149536%22&limit=100|https://api.fda.gov/device/recall.json?search=code_info%3A%2210884521050877%22&limit=100|https://api.fda.gov/device/recall.json?search=code_info%3A%2200884521060886%22&limit=100,false
PRD-921CB1B912,Karl Storz,Sponge Holder 35 cm,10385B,,insufficient_evidence,low,exact_manufacturer_model_number,all_exact_configurations_active,search_incomplete,not_found,family_only_current,,searched,no_exact_action_found,unknown,,not_applicable,Identity method: exact_manufacturer_model_number. UDI assessment: all_exact_configurations_active. Manufacturer finding: family_only_current. Completed or permitted searches did not establish enough exact current-status evidence; no result is not a discontinuation finding.,"Is there a current official U.S. product page, labeling document, or discontinuation notice for this exact identifier?",keep_hidden_insufficient_evidence,https://www.karlstorz.com/us/en/thoracic-surgery-and-pulmonology.htm|https://api.fda.gov/device/udi.json?search=version_or_model_number%3A%2210385B%22&limit=100|https://api.fda.gov/device/udi.json?search=identifiers.id%3A%2204048551048146%22&limit=100|https://api.fda.gov/device/classification.json?search=product_code%3A%22EOQ%22&limit=100|https://api.fda.gov/device/registrationlisting.json?search=products.product_code%3A%22EOQ%22&limit=100|https://api.fda.gov/device/enforcement.json?search=code_info%3A%2204048551048146%22&limit=100|https://api.fda.gov/device/enforcement.json?search=product_description%3A%2210385+B%22&limit=100|https://api.fda.gov/device/recall.json?search=code_info%3A%2204048551048146%22&limit=100|https://api.fda.gov/device/recall.json?search=product_description%3A%2210385+B%22&limit=100,false
PRD-934DA56D92,Karl Storz,Puncture Needle for Histology,10435A,,insufficient_evidence,low,exact_manufacturer_model_number,all_exact_configurations_active,search_incomplete,premarket_exempt,family_only_current,,searched,no_exact_action_found,unknown,,not_applicable,Identity method: exact_manufacturer_model_number. UDI assessment: all_exact_configurations_active. Manufacturer finding: family_only_current. Completed or permitted searches did not establish enough exact current-status evidence; no result is not a discontinuation finding.,"Is there a current official U.S. product page, labeling document, or discontinuation notice for this exact identifier?",keep_hidden_insufficient_evidence,https://www.karlstorz.com/us/en/thoracic-surgery-and-pulmonology.htm|https://api.fda.gov/device/udi.json?search=version_or_model_number%3A%2210435A%22&limit=100|https://api.fda.gov/device/udi.json?search=identifiers.id%3A%2204048551048603%22&limit=100|https://api.fda.gov/device/classification.json?search=product_code%3A%22LRC%22&limit=100|https://api.fda.gov/device/registrationlisting.json?search=products.product_code%3A%22LRC%22&limit=100|https://api.fda.gov/device/enforcement.json?search=code_info%3A%2204048551048603%22&limit=100|https://api.fda.gov/device/enforcement.json?search=product_description%3A%2210435+A%22&limit=100|https://api.fda.gov/device/recall.json?search=code_info%3A%2204048551048603%22&limit=100|https://api.fda.gov/device/recall.json?search=product_description%3A%2210435+A%22&limit=100,false
PRD-95B12463A5,Richard Wolf,"Hook Electrode, Monopolar, 3.5 mm, WL 310 mm",8379.452,,identity_unresolved,low,exact_manufacturer_catalog_number,all_exact_configurations_active,search_incomplete,not_found,not_searched,identity|model,searched,no_exact_action_found,unknown,,not_applicable,Identity method: exact_manufacturer_catalog_number. UDI assessment: all_exact_configurations_active. Manufacturer finding: not_searched. Plausible records could not be tied conservatively to the exact catalog product.,Can the manufacturer confirm the exact U.S. catalog/model identity?,keep_hidden_identity_unresolved,https://api.fda.gov/device/udi.json?search=catalog_number%3A%228379.452%22&limit=100|https://api.fda.gov/device/classification.json?search=product_code%3A%22GEI%22&limit=100|https://api.fda.gov/device/enforcement.json?search=code_info%3A%2204055207014936%22&limit=100|https://api.fda.gov/device/enforcement.json?search=product_description%3A%228379.452%22&limit=100|https://api.fda.gov/device/recall.json?search=product_description%3A%228379.452%22&limit=100|https://api.fda.gov/device/recall.json?search=code_info%3A%2204055207014936%22&limit=100,false
PRD-97B68B1ECE,Richard Wolf,Illumination Insert,8217.12,,identity_unresolved,low,exact_manufacturer_catalog_number,all_exact_configurations_ended,search_incomplete,not_found,current_non_us,identity|model|distribution,searched,no_exact_action_found,unknown,,not_applicable,Identity method: exact_manufacturer_catalog_number. UDI assessment: all_exact_configurations_ended. Manufacturer finding: current_non_us. Plausible records could not be tied conservatively to the exact catalog product.,Can the manufacturer confirm the exact U.S. catalog/model identity?|Does the exact current global manufacturer listing apply to the United States despite the ended UDI evidence?,keep_hidden_identity_unresolved,https://www.richard-wolf.com/mam/data/Typo3/Kataloge/Broncho-_Thorako-_Mediastinoskopie/Thorakale_Endoskopie_en.pdf|https://api.fda.gov/device/udi.json?search=catalog_number%3A%228217.12%22&limit=100|https://api.fda.gov/device/udi.json?search=identifiers.id%3A%2204055207009352%22&limit=100|https://api.fda.gov/device/classification.json?search=product_code%3A%22EOQ%22&limit=100|https://api.fda.gov/device/enforcement.json?search=code_info%3A%2204055207009352%22&limit=100|https://api.fda.gov/device/enforcement.json?search=product_description%3A%228217.12%22&limit=100|https://api.fda.gov/device/recall.json?search=product_description%3A%228217.12%22&limit=100|https://api.fda.gov/device/recall.json?search=code_info%3A%2204055207009352%22&limit=100,false
PRD-99F825C44F,Karl Storz,"Universal Bronchoscope Tube, Proximal Illumination, Size 7.5",10318CP,,insufficient_evidence,low,exact_manufacturer_model_number,all_exact_configurations_active,search_incomplete,not_found,family_only_current,,searched,no_exact_action_found,unknown,,not_applicable,Identity method: exact_manufacturer_model_number. UDI assessment: all_exact_configurations_active. Manufacturer finding: family_only_current. Completed or permitted searches did not establish enough exact current-status evidence; no result is not a discontinuation finding.,"Is there a current official U.S. product page, labeling document, or discontinuation notice for this exact identifier?",keep_hidden_insufficient_evidence,https://www.karlstorz.com/us/en/thoracic-surgery-and-pulmonology.htm|https://api.fda.gov/device/udi.json?search=version_or_model_number%3A%2210318CP%22&limit=100|https://api.fda.gov/device/udi.json?search=identifiers.id%3A%2204048551045633%22&limit=100|https://api.fda.gov/device/classification.json?search=product_code%3A%22EOQ%22&limit=100|https://api.fda.gov/device/registrationlisting.json?search=products.product_code%3A%22EOQ%22&limit=100|https://api.fda.gov/device/enforcement.json?search=product_description%3A%2210318+CP%22&limit=100|https://api.fda.gov/device/enforcement.json?search=code_info%3A%2204048551045633%22&limit=100|https://api.fda.gov/device/recall.json?search=code_info%3A%2204048551045633%22&limit=100|https://api.fda.gov/device/recall.json?search=product_description%3A%2210318+CP%22&limit=100,false
PRD-9A5C5FEF7D,Karl Storz,Alligator Forceps,10372HL,,insufficient_evidence,low,exact_manufacturer_catalog_number,all_exact_configurations_active,search_incomplete,not_found,family_only_current,,searched,no_exact_action_found,unknown,,not_applicable,Identity method: exact_manufacturer_catalog_number. UDI assessment: all_exact_configurations_active. Manufacturer finding: family_only_current. Completed or permitted searches did not establish enough exact current-status evidence; no result is not a discontinuation finding.,"Is there a current official U.S. product page, labeling document, or discontinuation notice for this exact identifier?",keep_hidden_insufficient_evidence,https://www.karlstorz.com/us/en/thoracic-surgery-and-pulmonology.htm|https://api.fda.gov/device/udi.json?search=version_or_model_number%3A%2210372HL%22&limit=100|https://api.fda.gov/device/udi.json?search=catalog_number%3A%2210372HL%22&limit=100|https://api.fda.gov/device/udi.json?search=identifiers.id%3A%2204048551047439%22&limit=100|https://api.fda.gov/device/classification.json?search=product_code%3A%22EOQ%22&limit=100|https://api.fda.gov/device/registrationlisting.json?search=products.product_code%3A%22EOQ%22&limit=100|https://api.fda.gov/device/enforcement.json?search=code_info%3A%2204048551047439%22&limit=100|https://api.fda.gov/device/enforcement.json?search=product_description%3A%2210372+HL%22&limit=100|https://api.fda.gov/device/recall.json?search=product_description%3A%2210372+HL%22&limit=100|https://api.fda.gov/device/recall.json?search=code_info%3A%2204048551047439%22&limit=100,false
PRD-9B0EE44246,Richard Wolf,Two-Pedal Footswitch,2304.901,,identity_unresolved,low,exact_manufacturer_catalog_number,all_exact_configurations_ended,search_incomplete,premarket_exempt,current_non_us,identity|model|distribution,searched,no_exact_action_found,unknown,,not_applicable,Identity method: exact_manufacturer_catalog_number. UDI assessment: all_exact_configurations_ended. Manufacturer finding: current_non_us. Plausible records could not be tied conservatively to the exact catalog product.,Can the manufacturer confirm the exact U.S. catalog/model identity?|Does the exact current global manufacturer listing apply to the United States despite the ended UDI evidence?,keep_hidden_identity_unresolved,https://www.richard-wolf.com/mam/data/Typo3/Kataloge/Broncho-_Thorako-_Mediastinoskopie/Thorakale_Endoskopie_en.pdf|https://api.fda.gov/device/udi.json?search=identifiers.id%3A%2204055207056677%22&limit=100|https://api.fda.gov/device/udi.json?search=catalog_number%3A%222304.901%22&limit=100|https://api.fda.gov/device/classification.json?search=product_code%3A%22HWE%22&limit=100|https://api.fda.gov/device/enforcement.json?search=code_info%3A%2204055207056677%22&limit=100|https://api.fda.gov/device/enforcement.json?search=product_description%3A%222304.901%22&limit=100|https://api.fda.gov/device/recall.json?search=product_description%3A%222304.901%22&limit=100|https://api.fda.gov/device/recall.json?search=code_info%3A%2204055207056677%22&limit=100,false
PRD-9C5FCF73E5,Richard Wolf,"Vessel Clamp, Curved Left",8242.651,,identity_unresolved,low,exact_manufacturer_catalog_number,all_exact_configurations_ended,search_incomplete,premarket_exempt,current_non_us,identity|model|distribution,searched,no_exact_action_found,unknown,,not_applicable,Identity method: exact_manufacturer_catalog_number. UDI assessment: all_exact_configurations_ended. Manufacturer finding: current_non_us. Plausible records could not be tied conservatively to the exact catalog product.,Can the manufacturer confirm the exact U.S. catalog/model identity?|Does the exact current global manufacturer listing apply to the United States despite the ended UDI evidence?,keep_hidden_identity_unresolved,https://www.richard-wolf.com/mam/data/Typo3/Kataloge/Broncho-_Thorako-_Mediastinoskopie/Thorakale_Endoskopie_en.pdf|https://api.fda.gov/device/udi.json?search=catalog_number%3A%228242.651%22&limit=100|https://api.fda.gov/device/udi.json?search=identifiers.id%3A%2204055207014677%22&limit=100|https://api.fda.gov/device/classification.json?search=product_code%3A%22GEN%22&limit=100|https://api.fda.gov/device/enforcement.json?search=code_info%3A%2204055207014677%22&limit=100|https://api.fda.gov/device/enforcement.json?search=product_description%3A%228242.651%22&limit=100|https://api.fda.gov/device/recall.json?search=product_description%3A%228242.651%22&limit=100|https://api.fda.gov/device/recall.json?search=code_info%3A%2204055207014677%22&limit=100,false
PRD-9E7BDDB1CC,Karl Storz,Adapter for 5 Fr Suction Catheter,10479F,,insufficient_evidence,low,exact_manufacturer_model_number,all_exact_configurations_active,search_incomplete,not_found,family_only_current,,searched,no_exact_action_found,unknown,,not_applicable,Identity method: exact_manufacturer_model_number. UDI assessment: all_exact_configurations_active. Manufacturer finding: family_only_current. Completed or permitted searches did not establish enough exact current-status evidence; no result is not a discontinuation finding.,"Is there a current official U.S. product page, labeling document, or discontinuation notice for this exact identifier?",keep_hidden_insufficient_evidence,https://www.karlstorz.com/us/en/thoracic-surgery-and-pulmonology.htm|https://api.fda.gov/device/udi.json?search=version_or_model_number%3A%2210479F%22&limit=100|https://api.fda.gov/device/udi.json?search=identifiers.id%3A%2204048551048900%22&limit=100|https://api.fda.gov/device/classification.json?search=product_code%3A%22EOQ%22&limit=100|https://api.fda.gov/device/registrationlisting.json?search=products.product_code%3A%22EOQ%22&limit=100|https://api.fda.gov/device/enforcement.json?search=product_description%3A%2210479+F%22&limit=100|https://api.fda.gov/device/enforcement.json?search=code_info%3A%2204048551048900%22&limit=100|https://api.fda.gov/device/recall.json?search=product_description%3A%2210479+F%22&limit=100|https://api.fda.gov/device/recall.json?search=code_info%3A%2204048551048900%22&limit=100,false
PRD-9F5884AD09,Cardinal Health,Argyle Trocar Catheter – 32 Fr,8888561076,,insufficient_evidence,low,exact_manufacturer_catalog_number,all_exact_configurations_ended,search_incomplete,premarket_exempt,not_searched,,searched,no_exact_action_found,unknown,,not_applicable,Identity method: exact_manufacturer_catalog_number. UDI assessment: all_exact_configurations_ended. Manufacturer finding: not_searched. Completed or permitted searches did not establish enough exact current-status evidence; no result is not a discontinuation finding.,"Is there a current official U.S. product page, labeling document, or discontinuation notice for this exact identifier?",keep_hidden_insufficient_evidence,https://api.fda.gov/device/udi.json?search=identifiers.id%3A%2210884521050808%22&limit=100|https://api.fda.gov/device/udi.json?search=catalog_number%3A%228888561076%22&limit=100|https://api.fda.gov/device/udi.json?search=version_or_model_number%3A%228888561076%22&limit=100|https://api.fda.gov/device/udi.json?search=catalog_number%3A%228888561076%22&limit=100|https://api.fda.gov/device/udi.json?search=version_or_model_number%3A%228888561076%22&limit=100|https://api.fda.gov/device/classification.json?search=product_code%3A%22DRC%22&limit=100|https://api.fda.gov/device/registrationlisting.json?search=products.product_code%3A%22DRC%22&limit=100|https://api.fda.gov/device/enforcement.json?search=product_description%3A%228888561076%22&limit=100|https://api.fda.gov/device/enforcement.json?search=code_info%3A%2220884521050805%22&limit=100|https://api.fda.gov/device/enforcement.json?search=code_info%3A%2210884521050808%22&limit=100|https://api.fda.gov/device/enforcement.json?search=code_info%3A%2200884521029319%22&limit=100|https://api.fda.gov/device/enforcement.json?search=code_info%3A%2210884521029316%22&limit=100|https://api.fda.gov/device/recall.json?search=product_description%3A%228888561076%22&limit=100|https://api.fda.gov/device/recall.json?search=code_info%3A%2200884521029319%22&limit=100|https://api.fda.gov/device/recall.json?search=code_info%3A%2220884521050805%22&limit=100|https://api.fda.gov/device/recall.json?search=code_info%3A%2210884521029316%22&limit=100|https://api.fda.gov/device/recall.json?search=code_info%3A%2210884521050808%22&limit=100,false
PRD-A1B7FC0BD4,Richard Wolf,PANOVIEW Telescope,8935.442,,identity_unresolved,low,exact_manufacturer_catalog_number,all_exact_configurations_ended,search_incomplete,not_found,current_non_us,identity|model|distribution,searched,no_exact_action_found,unknown,,not_applicable,Identity method: exact_manufacturer_catalog_number. UDI assessment: all_exact_configurations_ended. Manufacturer finding: current_non_us. Plausible records could not be tied conservatively to the exact catalog product.,Can the manufacturer confirm the exact U.S. catalog/model identity?|Does the exact current global manufacturer listing apply to the United States despite the ended UDI evidence?,keep_hidden_identity_unresolved,https://www.richard-wolf.com/mam/data/Typo3/Kataloge/Broncho-_Thorako-_Mediastinoskopie/Thorakale_Endoskopie_en.pdf|https://api.fda.gov/device/udi.json?search=identifiers.id%3A%2204055207022870%22&limit=100|https://api.fda.gov/device/udi.json?search=catalog_number%3A%228935.442%22&limit=100|https://api.fda.gov/device/classification.json?search=product_code%3A%22GCJ%22&limit=100|https://api.fda.gov/device/registrationlisting.json?search=products.product_code%3A%22GCJ%22&limit=100|https://api.fda.gov/device/enforcement.json?search=product_description%3A%228935.442%22&limit=100|https://api.fda.gov/device/enforcement.json?search=code_info%3A%2204055207022870%22&limit=100|https://api.fda.gov/device/recall.json?search=product_description%3A%228935.442%22&limit=100|https://api.fda.gov/device/recall.json?search=code_info%3A%2204055207022870%22&limit=100,false
PRD-A2F4A953C4,Richard Wolf,Flexible Biopsy Forceps,829.601,,identity_unresolved,low,exact_manufacturer_catalog_number,all_exact_configurations_active,search_incomplete,premarket_exempt,current_non_us,identity|model,searched,no_exact_action_found,unknown,,not_applicable,Identity method: exact_manufacturer_catalog_number. UDI assessment: all_exact_configurations_active. Manufacturer finding: current_non_us. Plausible records could not be tied conservatively to the exact catalog product.,Can the manufacturer confirm the exact U.S. catalog/model identity?|Does the exact current global manufacturer listing apply to the United States despite the ended UDI evidence?,keep_hidden_identity_unresolved,https://www.richard-wolf.com/mam/data/Typo3/Kataloge/Broncho-_Thorako-_Mediastinoskopie/Thorakale_Endoskopie_en.pdf|https://api.fda.gov/device/udi.json?search=catalog_number%3A%22829.601%22&limit=100|https://api.fda.gov/device/udi.json?search=identifiers.id%3A%2204055207009710%22&limit=100|https://api.fda.gov/device/classification.json?search=product_code%3A%22FCL%22&limit=100|https://api.fda.gov/device/registrationlisting.json?search=products.product_code%3A%22FCL%22&limit=100|https://api.fda.gov/device/enforcement.json?search=code_info%3A%2204055207009710%22&limit=100|https://api.fda.gov/device/enforcement.json?search=product_description%3A%22829.601%22&limit=100|https://api.fda.gov/device/recall.json?search=product_description%3A%22829.601%22&limit=100|https://api.fda.gov/device/recall.json?search=code_info%3A%2204055207009710%22&limit=100,false
PRD-A2FCA81CFA,Karl Storz,"Foreign Body Basket, 50 cm",10386A,,insufficient_evidence,low,exact_manufacturer_catalog_number,all_exact_configurations_active,search_incomplete,not_found,family_only_current,,searched,no_exact_action_found,unknown,,not_applicable,Identity method: exact_manufacturer_catalog_number. UDI assessment: all_exact_configurations_active. Manufacturer finding: family_only_current. Completed or permitted searches did not establish enough exact current-status evidence; no result is not a discontinuation finding.,"Is there a current official U.S. product page, labeling document, or discontinuation notice for this exact identifier?",keep_hidden_insufficient_evidence,https://www.karlstorz.com/us/en/thoracic-surgery-and-pulmonology.htm|https://api.fda.gov/device/udi.json?search=identifiers.id%3A%2204048551048153%22&limit=100|https://api.fda.gov/device/udi.json?search=catalog_number%3A%2210386A%22&limit=100|https://api.fda.gov/device/udi.json?search=version_or_model_number%3A%2210386A%22&limit=100|https://api.fda.gov/device/classification.json?search=product_code%3A%22EOQ%22&limit=100|https://api.fda.gov/device/registrationlisting.json?search=products.product_code%3A%22EOQ%22&limit=100|https://api.fda.gov/device/enforcement.json?search=product_description%3A%2210386+A%22&limit=100|https://api.fda.gov/device/enforcement.json?search=code_info%3A%2204048551048153%22&limit=100|https://api.fda.gov/device/recall.json?search=product_description%3A%2210386+A%22&limit=100|https://api.fda.gov/device/recall.json?search=code_info%3A%2204048551048153%22&limit=100,false
PRD-A4575632E4,Merit Medical,TAPS Thoracentesis and Paracentesis Set,TAPS-8F-7LT,,identity_unresolved,low,exact_manufacturer_catalog_number,all_exact_configurations_active,search_incomplete,premarket_exempt,not_searched,identity|model,searched,no_exact_action_found,unknown,,not_applicable,Identity method: exact_manufacturer_catalog_number. UDI assessment: all_exact_configurations_active. Manufacturer finding: not_searched. Plausible records could not be tied conservatively to the exact catalog product.,Can the manufacturer confirm the exact U.S. catalog/model identity?,keep_hidden_identity_unresolved,https://api.fda.gov/device/udi.json?search=catalog_number%3A%22TAPS-8F-7LT%22&limit=100|https://api.fda.gov/device/udi.json?search=identifiers.id%3A%2200884450277911%22&limit=100|https://api.fda.gov/device/classification.json?search=product_code%3A%22GBX%22&limit=100|https://api.fda.gov/device/enforcement.json?search=code_info%3A%2200884450277911%22&limit=100|https://api.fda.gov/device/enforcement.json?search=code_info%3A%2210884450277918%22&limit=100|https://api.fda.gov/device/enforcement.json?search=product_description%3A%22TAPS-8F-7LT%22&limit=100|https://api.fda.gov/device/recall.json?search=code_info%3A%2210884450277918%22&limit=100|https://api.fda.gov/device/recall.json?search=code_info%3A%2200884450277911%22&limit=100|https://api.fda.gov/device/recall.json?search=product_description%3A%22TAPS-8F-7LT%22&limit=100,false
PRD-A504350406,Karl Storz,Glass Window Plug,10315M,,insufficient_evidence,low,exact_manufacturer_catalog_number,all_exact_configurations_active,search_incomplete,not_found,family_only_current,,searched,no_exact_action_found,unknown,,not_applicable,Identity method: exact_manufacturer_catalog_number. UDI assessment: all_exact_configurations_active. Manufacturer finding: family_only_current. Completed or permitted searches did not establish enough exact current-status evidence; no result is not a discontinuation finding.,"Is there a current official U.S. product page, labeling document, or discontinuation notice for this exact identifier?",keep_hidden_insufficient_evidence,https://www.karlstorz.com/us/en/thoracic-surgery-and-pulmonology.htm|https://api.fda.gov/device/udi.json?search=identifiers.id%3A%2204048551045503%22&limit=100|https://api.fda.gov/device/udi.json?search=version_or_model_number%3A%2210315M%22&limit=100|https://api.fda.gov/device/udi.json?search=catalog_number%3A%2210315M%22&limit=100|https://api.fda.gov/device/classification.json?search=product_code%3A%22EOQ%22&limit=100|https://api.fda.gov/device/registrationlisting.json?search=products.product_code%3A%22EOQ%22&limit=100|https://api.fda.gov/device/enforcement.json?search=product_description%3A%2210315+M%22&limit=100|https://api.fda.gov/device/enforcement.json?search=code_info%3A%2204048551045503%22&limit=100|https://api.fda.gov/device/recall.json?search=code_info%3A%2204048551045503%22&limit=100|https://api.fda.gov/device/recall.json?search=product_description%3A%2210315+M%22&limit=100,false
PRD-A7209784C9,Olympus,Flexible Pleuroscopy Trocar,MAJ-1058,,insufficient_evidence,low,exact_manufacturer_model_number,all_exact_configurations_active,search_incomplete,not_found,family_only_current,,searched,no_exact_action_found,unknown,,not_applicable,Identity method: exact_manufacturer_model_number. UDI assessment: all_exact_configurations_active. Manufacturer finding: family_only_current. Completed or permitted searches did not establish enough exact current-status evidence; no result is not a discontinuation finding.,"Is there a current official U.S. product page, labeling document, or discontinuation notice for this exact identifier?",keep_hidden_insufficient_evidence,https://medical.olympusamerica.com/products/evis-exera-bronchoscopy/visualization|https://api.fda.gov/device/udi.json?search=version_or_model_number%3A%22MAJ-1058%22&limit=100|https://api.fda.gov/device/udi.json?search=identifiers.id%3A%2204953170140594%22&limit=100|https://api.fda.gov/device/classification.json?search=product_code%3A%22GCJ%22&limit=100|https://api.fda.gov/device/registrationlisting.json?search=products.product_code%3A%22GCJ%22&limit=100|https://api.fda.gov/device/enforcement.json?search=code_info%3A%2284953170140590%22&limit=100|https://api.fda.gov/device/enforcement.json?search=product_description%3A%22MAJ-1058%22&limit=100|https://api.fda.gov/device/enforcement.json?search=code_info%3A%2204953170140594%22&limit=100|https://api.fda.gov/device/recall.json?search=code_info%3A%2204953170140594%22&limit=100|https://api.fda.gov/device/recall.json?search=code_info%3A%2284953170140590%22&limit=100|https://api.fda.gov/device/recall.json?search=product_description%3A%22MAJ-1058%22&limit=100,false
PRD-A8A5497344,Richard Wolf,"Parenchyma Forceps, Curved Right",8242.602,,identity_unresolved,low,exact_manufacturer_catalog_number,all_exact_configurations_ended,search_incomplete,premarket_exempt,current_non_us,identity|model|distribution,searched,no_exact_action_found,unknown,,not_applicable,Identity method: exact_manufacturer_catalog_number. UDI assessment: all_exact_configurations_ended. Manufacturer finding: current_non_us. Plausible records could not be tied conservatively to the exact catalog product.,Can the manufacturer confirm the exact U.S. catalog/model identity?|Does the exact current global manufacturer listing apply to the United States despite the ended UDI evidence?,keep_hidden_identity_unresolved,https://www.richard-wolf.com/mam/data/Typo3/Kataloge/Broncho-_Thorako-_Mediastinoskopie/Thorakale_Endoskopie_en.pdf|https://api.fda.gov/device/udi.json?search=catalog_number%3A%228242.602%22&limit=100|https://api.fda.gov/device/udi.json?search=identifiers.id%3A%2204055207014639%22&limit=100|https://api.fda.gov/device/classification.json?search=product_code%3A%22GEN%22&limit=100|https://api.fda.gov/device/enforcement.json?search=code_info%3A%2204055207014639%22&limit=100|https://api.fda.gov/device/enforcement.json?search=product_description%3A%228242.602%22&limit=100|https://api.fda.gov/device/recall.json?search=product_description%3A%228242.602%22&limit=100|https://api.fda.gov/device/recall.json?search=code_info%3A%2204055207014639%22&limit=100,false
PRD-A9183C4F8F,Karl Storz,Optical Forceps for Peanuts/Soft Foreign Bodies,10350KF,,insufficient_evidence,low,exact_manufacturer_catalog_number,all_exact_configurations_active,search_incomplete,not_found,family_only_current,,searched,no_exact_action_found,unknown,,not_applicable,Identity method: exact_manufacturer_catalog_number. UDI assessment: all_exact_configurations_active. Manufacturer finding: family_only_current. Completed or permitted searches did not establish enough exact current-status evidence; no result is not a discontinuation finding.,"Is there a current official U.S. product page, labeling document, or discontinuation notice for this exact identifier?",keep_hidden_insufficient_evidence,https://www.karlstorz.com/us/en/thoracic-surgery-and-pulmonology.htm|https://api.fda.gov/device/udi.json?search=version_or_model_number%3A%2210350KF%22&limit=100|https://api.fda.gov/device/udi.json?search=identifiers.id%3A%2204048551046715%22&limit=100|https://api.fda.gov/device/udi.json?search=catalog_number%3A%2210350KF%22&limit=100|https://api.fda.gov/device/classification.json?search=product_code%3A%22EOQ%22&limit=100|https://api.fda.gov/device/registrationlisting.json?search=products.product_code%3A%22EOQ%22&limit=100|https://api.fda.gov/device/enforcement.json?search=product_description%3A%2210350+KF%22&limit=100|https://api.fda.gov/device/enforcement.json?search=code_info%3A%2204048551046715%22&limit=100|https://api.fda.gov/device/recall.json?search=product_description%3A%2210350+KF%22&limit=100|https://api.fda.gov/device/recall.json?search=code_info%3A%2204048551046715%22&limit=100,false
PRD-ABB6EC1153,Karl Storz,Malleable Round Spoon Biopsy Forceps,10370M,,insufficient_evidence,low,exact_manufacturer_catalog_number,all_exact_configurations_active,search_incomplete,not_found,family_only_current,,searched,no_exact_action_found,unknown,,not_applicable,Identity method: exact_manufacturer_catalog_number. UDI assessment: all_exact_configurations_active. Manufacturer finding: family_only_current. Completed or permitted searches did not establish enough exact current-status evidence; no result is not a discontinuation finding.,"Is there a current official U.S. product page, labeling document, or discontinuation notice for this exact identifier?",keep_hidden_insufficient_evidence,https://www.karlstorz.com/us/en/thoracic-surgery-and-pulmonology.htm|https://api.fda.gov/device/udi.json?search=identifiers.id%3A%2204048551047187%22&limit=100|https://api.fda.gov/device/udi.json?search=catalog_number%3A%2210370M%22&limit=100|https://api.fda.gov/device/udi.json?search=version_or_model_number%3A%2210370M%22&limit=100|https://api.fda.gov/device/classification.json?search=product_code%3A%22EOQ%22&limit=100|https://api.fda.gov/device/registrationlisting.json?search=products.product_code%3A%22EOQ%22&limit=100|https://api.fda.gov/device/enforcement.json?search=product_description%3A%2210370+M%22&limit=100|https://api.fda.gov/device/enforcement.json?search=code_info%3A%2204048551047187%22&limit=100|https://api.fda.gov/device/recall.json?search=code_info%3A%2204048551047187%22&limit=100|https://api.fda.gov/device/recall.json?search=product_description%3A%2210370+M%22&limit=100,false
PRD-AC1E0D8CCC,Karl Storz,Pointed Serrated Forceps for Coins/Flat Bodies,10371J,,insufficient_evidence,low,exact_manufacturer_catalog_number,all_exact_configurations_active,search_incomplete,not_found,family_only_current,,searched,no_exact_action_found,unknown,,not_applicable,Identity method: exact_manufacturer_catalog_number. UDI assessment: all_exact_configurations_active. Manufacturer finding: family_only_current. Completed or permitted searches did not establish enough exact current-status evidence; no result is not a discontinuation finding.,"Is there a current official U.S. product page, labeling document, or discontinuation notice for this exact identifier?",keep_hidden_insufficient_evidence,https://www.karlstorz.com/us/en/thoracic-surgery-and-pulmonology.htm|https://api.fda.gov/device/udi.json?search=identifiers.id%3A%2204048551047309%22&limit=100|https://api.fda.gov/device/udi.json?search=catalog_number%3A%2210371J%22&limit=100|https://api.fda.gov/device/udi.json?search=version_or_model_number%3A%2210371J%22&limit=100|https://api.fda.gov/device/classification.json?search=product_code%3A%22EOQ%22&limit=100|https://api.fda.gov/device/registrationlisting.json?search=products.product_code%3A%22EOQ%22&limit=100|https://api.fda.gov/device/enforcement.json?search=product_description%3A%2210371+J%22&limit=100|https://api.fda.gov/device/enforcement.json?search=code_info%3A%2204048551047309%22&limit=100|https://api.fda.gov/device/recall.json?search=product_description%3A%2210371+J%22&limit=100|https://api.fda.gov/device/recall.json?search=code_info%3A%2204048551047309%22&limit=100,false
PRD-AE3B2BA40B,Richard Wolf,"Foreign Body Grasping Forceps, Serrated",8281.311,,identity_unresolved,low,exact_manufacturer_catalog_number,all_exact_configurations_ended,search_incomplete,premarket_exempt,current_non_us,identity|model|distribution,searched,no_exact_action_found,unknown,,not_applicable,Identity method: exact_manufacturer_catalog_number. UDI assessment: all_exact_configurations_ended. Manufacturer finding: current_non_us. Plausible records could not be tied conservatively to the exact catalog product.,Can the manufacturer confirm the exact U.S. catalog/model identity?|Does the exact current global manufacturer listing apply to the United States despite the ended UDI evidence?,keep_hidden_identity_unresolved,https://www.richard-wolf.com/mam/data/Typo3/Kataloge/Broncho-_Thorako-_Mediastinoskopie/Thorakale_Endoskopie_en.pdf|https://api.fda.gov/device/udi.json?search=identifiers.id%3A%2204055207041833%22&limit=100|https://api.fda.gov/device/udi.json?search=catalog_number%3A%228281.311%22&limit=100|https://api.fda.gov/device/classification.json?search=product_code%3A%22KAE%22&limit=100|https://api.fda.gov/device/enforcement.json?search=product_description%3A%228281.311%22&limit=100|https://api.fda.gov/device/enforcement.json?search=code_info%3A%2204055207041833%22&limit=100|https://api.fda.gov/device/recall.json?search=product_description%3A%228281.311%22&limit=100|https://api.fda.gov/device/recall.json?search=code_info%3A%2204055207041833%22&limit=100,false
PRD-AF93E56FE5,Karl Storz,FLUVOG Adapter,10314P,,insufficient_evidence,low,exact_manufacturer_catalog_number,all_exact_configurations_active,search_incomplete,not_found,family_only_current,,searched,no_exact_action_found,unknown,,not_applicable,Identity method: exact_manufacturer_catalog_number. UDI assessment: all_exact_configurations_active. Manufacturer finding: family_only_current. Completed or permitted searches did not establish enough exact current-status evidence; no result is not a discontinuation finding.,"Is there a current official U.S. product page, labeling document, or discontinuation notice for this exact identifier?",keep_hidden_insufficient_evidence,https://www.karlstorz.com/us/en/thoracic-surgery-and-pulmonology.htm|https://api.fda.gov/device/udi.json?search=version_or_model_number%3A%2210314P%22&limit=100|https://api.fda.gov/device/udi.json?search=catalog_number%3A%2210314P%22&limit=100|https://api.fda.gov/device/udi.json?search=identifiers.id%3A%2204048551045480%22&limit=100|https://api.fda.gov/device/classification.json?search=product_code%3A%22EOQ%22&limit=100|https://api.fda.gov/device/registrationlisting.json?search=products.product_code%3A%22EOQ%22&limit=100|https://api.fda.gov/device/enforcement.json?search=product_description%3A%2210314+P%22&limit=100|https://api.fda.gov/device/enforcement.json?search=code_info%3A%2204048551045480%22&limit=100|https://api.fda.gov/device/recall.json?search=product_description%3A%2210314+P%22&limit=100|https://api.fda.gov/device/recall.json?search=code_info%3A%2204048551045480%22&limit=100,false
PRD-B05D337994,Karl Storz,Glass Window Plug,10314BM,,insufficient_evidence,low,exact_manufacturer_catalog_number,all_exact_configurations_active,search_incomplete,not_found,family_only_current,,searched,no_exact_action_found,unknown,,not_applicable,Identity method: exact_manufacturer_catalog_number. UDI assessment: all_exact_configurations_active. Manufacturer finding: family_only_current. Completed or permitted searches did not establish enough exact current-status evidence; no result is not a discontinuation finding.,"Is there a current official U.S. product page, labeling document, or discontinuation notice for this exact identifier?",keep_hidden_insufficient_evidence,https://www.karlstorz.com/us/en/thoracic-surgery-and-pulmonology.htm|https://api.fda.gov/device/udi.json?search=identifiers.id%3A%2204048551045473%22&limit=100|https://api.fda.gov/device/udi.json?search=version_or_model_number%3A%2210314BM%22&limit=100|https://api.fda.gov/device/udi.json?search=catalog_number%3A%2210314BM%22&limit=100|https://api.fda.gov/device/classification.json?search=product_code%3A%22EOQ%22&limit=100|https://api.fda.gov/device/registrationlisting.json?search=products.product_code%3A%22EOQ%22&limit=100|https://api.fda.gov/device/enforcement.json?search=code_info%3A%2204048551045473%22&limit=100|https://api.fda.gov/device/enforcement.json?search=product_description%3A%2210314+BM%22&limit=100|https://api.fda.gov/device/recall.json?search=code_info%3A%2204048551045473%22&limit=100|https://api.fda.gov/device/recall.json?search=product_description%3A%2210314+BM%22&limit=100,false
PRD-B4CA5FDE98,Karl Storz,Pointed Serrated Forceps for Coins/Flat Bodies,10370J,,insufficient_evidence,low,exact_manufacturer_catalog_number,all_exact_configurations_active,search_incomplete,not_found,family_only_current,,searched,no_exact_action_found,unknown,,not_applicable,Identity method: exact_manufacturer_catalog_number. UDI assessment: all_exact_configurations_active. Manufacturer finding: family_only_current. Completed or permitted searches did not establish enough exact current-status evidence; no result is not a discontinuation finding.,"Is there a current official U.S. product page, labeling document, or discontinuation notice for this exact identifier?",keep_hidden_insufficient_evidence,https://www.karlstorz.com/us/en/thoracic-surgery-and-pulmonology.htm|https://api.fda.gov/device/udi.json?search=catalog_number%3A%2210370J%22&limit=100|https://api.fda.gov/device/udi.json?search=identifiers.id%3A%2204048551047095%22&limit=100|https://api.fda.gov/device/udi.json?search=version_or_model_number%3A%2210370J%22&limit=100|https://api.fda.gov/device/classification.json?search=product_code%3A%22EOQ%22&limit=100|https://api.fda.gov/device/registrationlisting.json?search=products.product_code%3A%22EOQ%22&limit=100|https://api.fda.gov/device/enforcement.json?search=product_description%3A%2210370+J%22&limit=100|https://api.fda.gov/device/enforcement.json?search=code_info%3A%2204048551047095%22&limit=100|https://api.fda.gov/device/recall.json?search=product_description%3A%2210370+J%22&limit=100|https://api.fda.gov/device/recall.json?search=code_info%3A%2204048551047095%22&limit=100,false
PRD-B540AFF326,Karl Storz,Optical Stent Repositioning/Removal Forceps,10350ST,,insufficient_evidence,low,exact_manufacturer_catalog_number,all_exact_configurations_active,search_incomplete,not_found,family_only_current,,searched,no_exact_action_found,unknown,,not_applicable,Identity method: exact_manufacturer_catalog_number. UDI assessment: all_exact_configurations_active. Manufacturer finding: family_only_current. Completed or permitted searches did not establish enough exact current-status evidence; no result is not a discontinuation finding.,"Is there a current official U.S. product page, labeling document, or discontinuation notice for this exact identifier?",keep_hidden_insufficient_evidence,https://www.karlstorz.com/us/en/thoracic-surgery-and-pulmonology.htm|https://api.fda.gov/device/udi.json?search=version_or_model_number%3A%2210350ST%22&limit=100|https://api.fda.gov/device/udi.json?search=identifiers.id%3A%2204048551260302%22&limit=100|https://api.fda.gov/device/udi.json?search=catalog_number%3A%2210350ST%22&limit=100|https://api.fda.gov/device/classification.json?search=product_code%3A%22EOQ%22&limit=100|https://api.fda.gov/device/registrationlisting.json?search=products.product_code%3A%22EOQ%22&limit=100|https://api.fda.gov/device/enforcement.json?search=code_info%3A%2204048551260302%22&limit=100|https://api.fda.gov/device/enforcement.json?search=product_description%3A%2210350+ST%22&limit=100|https://api.fda.gov/device/recall.json?search=code_info%3A%2204048551260302%22&limit=100|https://api.fda.gov/device/recall.json?search=product_description%3A%2210350+ST%22&limit=100,false
PRD-B94F3A417B,Richard Wolf,Surgical Probe,8384.66,,identity_unresolved,low,exact_manufacturer_catalog_number,all_exact_configurations_active,search_incomplete,premarket_exempt,current_non_us,identity|model,searched,no_exact_action_found,unknown,,not_applicable,Identity method: exact_manufacturer_catalog_number. UDI assessment: all_exact_configurations_active. Manufacturer finding: current_non_us. Plausible records could not be tied conservatively to the exact catalog product.,Can the manufacturer confirm the exact U.S. catalog/model identity?|Does the exact current global manufacturer listing apply to the United States despite the ended UDI evidence?,keep_hidden_identity_unresolved,https://www.richard-wolf.com/mam/data/Typo3/Kataloge/Broncho-_Thorako-_Mediastinoskopie/Thorakale_Endoskopie_en.pdf|https://api.fda.gov/device/udi.json?search=catalog_number%3A%228384.66%22&limit=100|https://api.fda.gov/device/udi.json?search=identifiers.id%3A%2204055207009895%22&limit=100|https://api.fda.gov/device/classification.json?search=product_code%3A%22FGM%22&limit=100|https://api.fda.gov/device/registrationlisting.json?search=products.product_code%3A%22FGM%22&limit=100|https://api.fda.gov/device/enforcement.json?search=product_description%3A%228384.66%22&limit=100|https://api.fda.gov/device/enforcement.json?search=code_info%3A%2204055207009895%22&limit=100|https://api.fda.gov/device/recall.json?search=code_info%3A%2204055207009895%22&limit=100|https://api.fda.gov/device/recall.json?search=product_description%3A%228384.66%22&limit=100,false
PRD-B99F53FBC5,Karl Storz,Full Lumen Operating Bronchoscope for Stent Application,10318ER,,insufficient_evidence,low,exact_manufacturer_model_number,all_exact_configurations_active,search_incomplete,not_found,family_only_current,,searched,no_exact_action_found,unknown,,not_applicable,Identity method: exact_manufacturer_model_number. UDI assessment: all_exact_configurations_active. Manufacturer finding: family_only_current. Completed or permitted searches did not establish enough exact current-status evidence; no result is not a discontinuation finding.,"Is there a current official U.S. product page, labeling document, or discontinuation notice for this exact identifier?",keep_hidden_insufficient_evidence,https://www.karlstorz.com/us/en/thoracic-surgery-and-pulmonology.htm|https://api.fda.gov/device/udi.json?search=identifiers.id%3A%2204048551045688%22&limit=100|https://api.fda.gov/device/udi.json?search=version_or_model_number%3A%2210318ER%22&limit=100|https://api.fda.gov/device/classification.json?search=product_code%3A%22EOQ%22&limit=100|https://api.fda.gov/device/registrationlisting.json?search=products.product_code%3A%22EOQ%22&limit=100|https://api.fda.gov/device/enforcement.json?search=code_info%3A%2204048551045688%22&limit=100|https://api.fda.gov/device/enforcement.json?search=product_description%3A%2210318+ER%22&limit=100|https://api.fda.gov/device/recall.json?search=code_info%3A%2204048551045688%22&limit=100|https://api.fda.gov/device/recall.json?search=product_description%3A%2210318+ER%22&limit=100,false
PRD-B9B63919B0,Richard Wolf,Pressure Equalization Valve,163.904,,identity_unresolved,low,exact_manufacturer_catalog_number,all_exact_configurations_active,search_incomplete,not_found,current_non_us,identity|model,searched,no_exact_action_found,unknown,,not_applicable,Identity method: exact_manufacturer_catalog_number. UDI assessment: all_exact_configurations_active. Manufacturer finding: current_non_us. Plausible records could not be tied conservatively to the exact catalog product.,Can the manufacturer confirm the exact U.S. catalog/model identity?|Does the exact current global manufacturer listing apply to the United States despite the ended UDI evidence?,keep_hidden_identity_unresolved,https://www.richard-wolf.com/mam/data/Typo3/Kataloge/Broncho-_Thorako-_Mediastinoskopie/Thorakale_Endoskopie_en.pdf|https://api.fda.gov/device/udi.json?search=catalog_number%3A%22163.904%22&limit=100|https://api.fda.gov/device/udi.json?search=identifiers.id%3A%2204055207008591%22&limit=100|https://api.fda.gov/device/classification.json?search=product_code%3A%22FAJ%22&limit=100|https://api.fda.gov/device/registrationlisting.json?search=products.product_code%3A%22FAJ%22&limit=100|https://api.fda.gov/device/enforcement.json?search=code_info%3A%2204055207008591%22&limit=100|https://api.fda.gov/device/enforcement.json?search=product_description%3A%22163.904%22&limit=100|https://api.fda.gov/device/recall.json?search=product_description%3A%22163.904%22&limit=100|https://api.fda.gov/device/recall.json?search=code_info%3A%2204055207008591%22&limit=100,false
PRD-BA86F45760,Richard Wolf,PANOVIEW Telescope,8935.441,,identity_unresolved,low,exact_manufacturer_catalog_number,all_exact_configurations_ended,search_incomplete,not_found,current_non_us,identity|model|distribution,searched,no_exact_action_found,unknown,,not_applicable,Identity method: exact_manufacturer_catalog_number. UDI assessment: all_exact_configurations_ended. Manufacturer finding: current_non_us. Plausible records could not be tied conservatively to the exact catalog product.,Can the manufacturer confirm the exact U.S. catalog/model identity?|Does the exact current global manufacturer listing apply to the United States despite the ended UDI evidence?,keep_hidden_identity_unresolved,https://www.richard-wolf.com/mam/data/Typo3/Kataloge/Broncho-_Thorako-_Mediastinoskopie/Thorakale_Endoskopie_en.pdf|https://api.fda.gov/device/udi.json?search=catalog_number%3A%228935.441%22&limit=100|https://api.fda.gov/device/udi.json?search=identifiers.id%3A%2204055207022863%22&limit=100|https://api.fda.gov/device/classification.json?search=product_code%3A%22GCJ%22&limit=100|https://api.fda.gov/device/registrationlisting.json?search=products.product_code%3A%22GCJ%22&limit=100|https://api.fda.gov/device/enforcement.json?search=product_description%3A%228935.441%22&limit=100|https://api.fda.gov/device/enforcement.json?search=code_info%3A%2204055207022863%22&limit=100|https://api.fda.gov/device/recall.json?search=code_info%3A%2204055207022863%22&limit=100|https://api.fda.gov/device/recall.json?search=product_description%3A%228935.441%22&limit=100,false
PRD-BB5D8FBEA3,Karl Storz,Alligator Forceps,10372H,,insufficient_evidence,low,exact_manufacturer_catalog_number,all_exact_configurations_active,search_incomplete,not_found,family_only_current,,searched,no_exact_action_found,unknown,,not_applicable,Identity method: exact_manufacturer_catalog_number. UDI assessment: all_exact_configurations_active. Manufacturer finding: family_only_current. Completed or permitted searches did not establish enough exact current-status evidence; no result is not a discontinuation finding.,"Is there a current official U.S. product page, labeling document, or discontinuation notice for this exact identifier?",keep_hidden_insufficient_evidence,https://www.karlstorz.com/us/en/thoracic-surgery-and-pulmonology.htm|https://api.fda.gov/device/udi.json?search=identifiers.id%3A%2204048551047422%22&limit=100|https://api.fda.gov/device/udi.json?search=version_or_model_number%3A%2210372H%22&limit=100|https://api.fda.gov/device/udi.json?search=catalog_number%3A%2210372H%22&limit=100|https://api.fda.gov/device/classification.json?search=product_code%3A%22EOQ%22&limit=100|https://api.fda.gov/device/registrationlisting.json?search=products.product_code%3A%22EOQ%22&limit=100|https://api.fda.gov/device/enforcement.json?search=code_info%3A%2204048551047422%22&limit=100|https://api.fda.gov/device/enforcement.json?search=product_description%3A%2210372+H%22&limit=100|https://api.fda.gov/device/recall.json?search=code_info%3A%2204048551047422%22&limit=100|https://api.fda.gov/device/recall.json?search=product_description%3A%2210372+H%22&limit=100,false
PRD-BB9A5CC0AE,Karl Storz,HOPKINS Lateral Telescope,10320DA,,insufficient_evidence,low,exact_manufacturer_model_number,all_exact_configurations_active,search_incomplete,not_found,family_only_current,,searched,no_exact_action_found,unknown,,not_applicable,Identity method: exact_manufacturer_model_number. UDI assessment: all_exact_configurations_active. Manufacturer finding: family_only_current. Completed or permitted searches did not establish enough exact current-status evidence; no result is not a discontinuation finding.,"Is there a current official U.S. product page, labeling document, or discontinuation notice for this exact identifier?",keep_hidden_insufficient_evidence,https://www.karlstorz.com/us/en/thoracic-surgery-and-pulmonology.htm|https://api.fda.gov/device/udi.json?search=identifiers.id%3A%2204048551045923%22&limit=100|https://api.fda.gov/device/udi.json?search=version_or_model_number%3A%2210320DA%22&limit=100|https://api.fda.gov/device/classification.json?search=product_code%3A%22EOB%22&limit=100|https://api.fda.gov/device/registrationlisting.json?search=products.product_code%3A%22EOB%22&limit=100|https://api.fda.gov/device/enforcement.json?search=code_info%3A%2204048551045923%22&limit=100|https://api.fda.gov/device/enforcement.json?search=product_description%3A%2210320+DA%22&limit=100|https://api.fda.gov/device/recall.json?search=product_description%3A%2210320+DA%22&limit=100|https://api.fda.gov/device/recall.json?search=code_info%3A%2204048551045923%22&limit=100,false
PRD-BC16136731,Karl Storz,GRONINGEN Optical Dilation Tracheoscope,10337R,,insufficient_evidence,low,exact_manufacturer_model_number,all_exact_configurations_active,search_incomplete,not_found,family_only_current,,searched,no_exact_action_found,unknown,,not_applicable,Identity method: exact_manufacturer_model_number. UDI assessment: all_exact_configurations_active. Manufacturer finding: family_only_current. Completed or permitted searches did not establish enough exact current-status evidence; no result is not a discontinuation finding.,"Is there a current official U.S. product page, labeling document, or discontinuation notice for this exact identifier?",keep_hidden_insufficient_evidence,https://www.karlstorz.com/us/en/thoracic-surgery-and-pulmonology.htm|https://api.fda.gov/device/udi.json?search=identifiers.id%3A%2204048551046302%22&limit=100|https://api.fda.gov/device/udi.json?search=version_or_model_number%3A%2210337R%22&limit=100|https://api.fda.gov/device/classification.json?search=product_code%3A%22EOQ%22&limit=100|https://api.fda.gov/device/registrationlisting.json?search=products.product_code%3A%22EOQ%22&limit=100|https://api.fda.gov/device/enforcement.json?search=code_info%3A%2204048551046302%22&limit=100|https://api.fda.gov/device/enforcement.json?search=product_description%3A%2210337+R%22&limit=100|https://api.fda.gov/device/recall.json?search=product_description%3A%2210337+R%22&limit=100|https://api.fda.gov/device/recall.json?search=code_info%3A%2204048551046302%22&limit=100,false
PRD-BEE0D63766,Merit Medical,"TAPS Set – 6 Fr × 12 cm, pigtail",TAPS-6F-12PLT,,identity_unresolved,low,exact_manufacturer_catalog_number,all_exact_configurations_active,search_incomplete,premarket_exempt,not_searched,identity|model,searched,active_exact_product_action,lot_specific,Z-2576-2024,not_applicable,Identity method: exact_manufacturer_catalog_number. UDI assessment: all_exact_configurations_active. Manufacturer finding: not_searched. Plausible records could not be tied conservatively to the exact catalog product.,Can the manufacturer confirm the exact U.S. catalog/model identity?,keep_hidden_identity_unresolved,https://api.fda.gov/device/udi.json?search=catalog_number%3A%22TAPS-6F-12PLT%22&limit=100|https://api.fda.gov/device/udi.json?search=identifiers.id%3A%2200884450277799%22&limit=100|https://api.fda.gov/device/classification.json?search=product_code%3A%22GBX%22&limit=100|https://api.fda.gov/device/enforcement.json?search=product_description%3A%22TAPS-6F-12PLT%22&limit=100|https://api.fda.gov/device/enforcement.json?search=code_info%3A%2200884450277799%22&limit=100|https://api.fda.gov/device/enforcement.json?search=code_info%3A%2210884450277796%22&limit=100|https://api.fda.gov/device/recall.json?search=code_info%3A%2210884450277796%22&limit=100|https://api.fda.gov/device/recall.json?search=product_description%3A%22TAPS-6F-12PLT%22&limit=100|https://api.fda.gov/device/recall.json?search=code_info%3A%2200884450277799%22&limit=100,false
PRD-C01DCF9726,Richard Wolf,Biopsy Forceps,8281.33,,identity_unresolved,low,exact_manufacturer_catalog_number,all_exact_configurations_ended,search_incomplete,premarket_exempt,current_non_us,identity|model|distribution,searched,no_exact_action_found,unknown,,not_applicable,Identity method: exact_manufacturer_catalog_number. UDI assessment: all_exact_configurations_ended. Manufacturer finding: current_non_us. Plausible records could not be tied conservatively to the exact catalog product.,Can the manufacturer confirm the exact U.S. catalog/model identity?|Does the exact current global manufacturer listing apply to the United States despite the ended UDI evidence?,keep_hidden_identity_unresolved,https://www.richard-wolf.com/mam/data/Typo3/Kataloge/Broncho-_Thorako-_Mediastinoskopie/Thorakale_Endoskopie_en.pdf|https://api.fda.gov/device/udi.json?search=catalog_number%3A%228281.33%22&limit=100|https://api.fda.gov/device/udi.json?search=identifiers.id%3A%2204055207039403%22&limit=100|https://api.fda.gov/device/classification.json?search=product_code%3A%22FCL%22&limit=100|https://api.fda.gov/device/classification.json?search=product_code%3A%22GEN%22&limit=100|https://api.fda.gov/device/registrationlisting.json?search=products.product_code%3A%22FCL%22&limit=100|https://api.fda.gov/device/enforcement.json?search=code_info%3A%2204055207039403%22&limit=100|https://api.fda.gov/device/enforcement.json?search=product_description%3A%228281.33%22&limit=100|https://api.fda.gov/device/recall.json?search=product_description%3A%228281.33%22&limit=100|https://api.fda.gov/device/recall.json?search=code_info%3A%2204055207039403%22&limit=100,false
PRD-C48BF25736,Karl Storz,Round Spoon Biopsy Forceps,10372LL,,insufficient_evidence,low,exact_manufacturer_catalog_number,all_exact_configurations_active,search_incomplete,not_found,family_only_current,,searched,no_exact_action_found,unknown,,not_applicable,Identity method: exact_manufacturer_catalog_number. UDI assessment: all_exact_configurations_active. Manufacturer finding: family_only_current. Completed or permitted searches did not establish enough exact current-status evidence; no result is not a discontinuation finding.,"Is there a current official U.S. product page, labeling document, or discontinuation notice for this exact identifier?",keep_hidden_insufficient_evidence,https://www.karlstorz.com/us/en/thoracic-surgery-and-pulmonology.htm|https://api.fda.gov/device/udi.json?search=identifiers.id%3A%2204048551047491%22&limit=100|https://api.fda.gov/device/udi.json?search=version_or_model_number%3A%2210372LL%22&limit=100|https://api.fda.gov/device/udi.json?search=catalog_number%3A%2210372LL%22&limit=100|https://api.fda.gov/device/classification.json?search=product_code%3A%22EOQ%22&limit=100|https://api.fda.gov/device/registrationlisting.json?search=products.product_code%3A%22EOQ%22&limit=100|https://api.fda.gov/device/enforcement.json?search=code_info%3A%2204048551047491%22&limit=100|https://api.fda.gov/device/enforcement.json?search=product_description%3A%2210372+LL%22&limit=100|https://api.fda.gov/device/recall.json?search=code_info%3A%2204048551047491%22&limit=100|https://api.fda.gov/device/recall.json?search=product_description%3A%2210372+LL%22&limit=100,false
PRD-C649B4B9C5,Karl Storz,Round Spoon Biopsy Forceps,10370L,,insufficient_evidence,low,exact_manufacturer_catalog_number,all_exact_configurations_active,search_incomplete,not_found,family_only_current,,searched,no_exact_action_found,unknown,,not_applicable,Identity method: exact_manufacturer_catalog_number. UDI assessment: all_exact_configurations_active. Manufacturer finding: family_only_current. Completed or permitted searches did not establish enough exact current-status evidence; no result is not a discontinuation finding.,"Is there a current official U.S. product page, labeling document, or discontinuation notice for this exact identifier?",keep_hidden_insufficient_evidence,https://www.karlstorz.com/us/en/thoracic-surgery-and-pulmonology.htm|https://api.fda.gov/device/udi.json?search=version_or_model_number%3A%2210370L%22&limit=100|https://api.fda.gov/device/udi.json?search=catalog_number%3A%2210370L%22&limit=100|https://api.fda.gov/device/udi.json?search=identifiers.id%3A%2204048551047156%22&limit=100|https://api.fda.gov/device/classification.json?search=product_code%3A%22EOQ%22&limit=100|https://api.fda.gov/device/registrationlisting.json?search=products.product_code%3A%22EOQ%22&limit=100|https://api.fda.gov/device/enforcement.json?search=code_info%3A%2204048551047156%22&limit=100|https://api.fda.gov/device/enforcement.json?search=product_description%3A%2210370+L%22&limit=100|https://api.fda.gov/device/recall.json?search=code_info%3A%2204048551047156%22&limit=100|https://api.fda.gov/device/recall.json?search=product_description%3A%2210370+L%22&limit=100,false
PRD-C717487CFD,Richard Wolf,Rotation Forceps for Hard Foreign Bodies,8280.46,,identity_unresolved,low,exact_manufacturer_catalog_number,all_exact_configurations_ended,search_incomplete,premarket_exempt,current_non_us,identity|model|distribution,searched,no_exact_action_found,unknown,,not_applicable,Identity method: exact_manufacturer_catalog_number. UDI assessment: all_exact_configurations_ended. Manufacturer finding: current_non_us. Plausible records could not be tied conservatively to the exact catalog product.,Can the manufacturer confirm the exact U.S. catalog/model identity?|Does the exact current global manufacturer listing apply to the United States despite the ended UDI evidence?,keep_hidden_identity_unresolved,https://www.richard-wolf.com/mam/data/Typo3/Kataloge/Broncho-_Thorako-_Mediastinoskopie/Thorakale_Endoskopie_en.pdf|https://api.fda.gov/device/udi.json?search=identifiers.id%3A%2204055207039335%22&limit=100|https://api.fda.gov/device/udi.json?search=catalog_number%3A%228280.46%22&limit=100|https://api.fda.gov/device/classification.json?search=product_code%3A%22KAE%22&limit=100|https://api.fda.gov/device/enforcement.json?search=code_info%3A%2204055207039335%22&limit=100|https://api.fda.gov/device/enforcement.json?search=product_description%3A%228280.46%22&limit=100|https://api.fda.gov/device/recall.json?search=code_info%3A%2204055207039335%22&limit=100|https://api.fda.gov/device/recall.json?search=product_description%3A%228280.46%22&limit=100,false
PRD-C73E87B7EE,Cardinal Health,"Argyle PVC Thoracic Catheter – Straight, 32 Fr × 20 in",8888570556,,insufficient_evidence,low,exact_manufacturer_catalog_number,all_exact_configurations_ended,search_incomplete,premarket_exempt,not_searched,,searched,no_exact_action_found,unknown,,not_applicable,Identity method: exact_manufacturer_catalog_number. UDI assessment: all_exact_configurations_ended. Manufacturer finding: not_searched. Completed or permitted searches did not establish enough exact current-status evidence; no result is not a discontinuation finding.,"Is there a current official U.S. product page, labeling document, or discontinuation notice for this exact identifier?",keep_hidden_insufficient_evidence,https://api.fda.gov/device/udi.json?search=catalog_number%3A%228888570556%22&limit=100|https://api.fda.gov/device/udi.json?search=identifiers.id%3A%2210884521050853%22&limit=100|https://api.fda.gov/device/udi.json?search=version_or_model_number%3A%228888570556%22&limit=100|https://api.fda.gov/device/udi.json?search=catalog_number%3A%228888570556%22&limit=100|https://api.fda.gov/device/udi.json?search=version_or_model_number%3A%228888570556%22&limit=100|https://api.fda.gov/device/classification.json?search=product_code%3A%22JOL%22&limit=100|https://api.fda.gov/device/enforcement.json?search=code_info%3A%2210884521050853%22&limit=100|https://api.fda.gov/device/enforcement.json?search=code_info%3A%2200884521149512%22&limit=100|https://api.fda.gov/device/enforcement.json?search=code_info%3A%2200884521060862%22&limit=100|https://api.fda.gov/device/enforcement.json?search=product_description%3A%228888570556%22&limit=100|https://api.fda.gov/device/enforcement.json?search=code_info%3A%2220884521050850%22&limit=100|https://api.fda.gov/device/recall.json?search=code_info%3A%2220884521050850%22&limit=100|https://api.fda.gov/device/recall.json?search=code_info%3A%2210884521050853%22&limit=100|https://api.fda.gov/device/recall.json?search=code_info%3A%2200884521149512%22&limit=100|https://api.fda.gov/device/recall.json?search=product_description%3A%228888570556%22&limit=100|https://api.fda.gov/device/recall.json?search=code_info%3A%2200884521060862%22&limit=100,false
PRD-C9FE364632,Richard Wolf,"Double Spoon Forceps, Monopolar, 3.5 mm (bundle)",83912167,,insufficient_evidence,low,exact_manufacturer_catalog_number,all_exact_configurations_active,search_incomplete,not_found,not_searched,,searched,no_exact_action_found,unknown,,not_applicable,Identity method: exact_manufacturer_catalog_number. UDI assessment: all_exact_configurations_active. Manufacturer finding: not_searched. Completed or permitted searches did not establish enough exact current-status evidence; no result is not a discontinuation finding.,"Is there a current official U.S. product page, labeling document, or discontinuation notice for this exact identifier?",keep_hidden_insufficient_evidence,https://api.fda.gov/device/udi.json?search=catalog_number%3A%2283912167%22&limit=100|https://api.fda.gov/device/udi.json?search=version_or_model_number%3A%2283912167%22&limit=100|https://api.fda.gov/device/classification.json?search=product_code%3A%22GCJ%22&limit=100|https://api.fda.gov/device/registrationlisting.json?search=products.product_code%3A%22GCJ%22&limit=100|https://api.fda.gov/device/enforcement.json?search=code_info%3A%2204055207062562%22&limit=100|https://api.fda.gov/device/enforcement.json?search=product_description%3A%2283912167%22&limit=100|https://api.fda.gov/device/recall.json?search=code_info%3A%2204055207062562%22&limit=100|https://api.fda.gov/device/recall.json?search=product_description%3A%2283912167%22&limit=100,false
PRD-CA32599DA2,Karl Storz,GRONINGEN Optical Dilation Tracheoscope,10337S,,insufficient_evidence,low,exact_manufacturer_model_number,all_exact_configurations_active,search_incomplete,not_found,family_only_current,,searched,no_exact_action_found,unknown,,not_applicable,Identity method: exact_manufacturer_model_number. UDI assessment: all_exact_configurations_active. Manufacturer finding: family_only_current. Completed or permitted searches did not establish enough exact current-status evidence; no result is not a discontinuation finding.,"Is there a current official U.S. product page, labeling document, or discontinuation notice for this exact identifier?",keep_hidden_insufficient_evidence,https://www.karlstorz.com/us/en/thoracic-surgery-and-pulmonology.htm|https://api.fda.gov/device/udi.json?search=identifiers.id%3A%2204048551046319%22&limit=100|https://api.fda.gov/device/udi.json?search=version_or_model_number%3A%2210337S%22&limit=100|https://api.fda.gov/device/classification.json?search=product_code%3A%22EOQ%22&limit=100|https://api.fda.gov/device/registrationlisting.json?search=products.product_code%3A%22EOQ%22&limit=100|https://api.fda.gov/device/enforcement.json?search=code_info%3A%2204048551046319%22&limit=100|https://api.fda.gov/device/enforcement.json?search=product_description%3A%2210337+S%22&limit=100|https://api.fda.gov/device/recall.json?search=product_description%3A%2210337+S%22&limit=100|https://api.fda.gov/device/recall.json?search=code_info%3A%2204048551046319%22&limit=100,false
PRD-CB102A8291,Richard Wolf,Automatic Leak Test Adapter,163.905,,identity_unresolved,low,exact_manufacturer_catalog_number,all_exact_configurations_active,search_incomplete,not_found,current_non_us,identity|model,searched,no_exact_action_found,unknown,,not_applicable,Identity method: exact_manufacturer_catalog_number. UDI assessment: all_exact_configurations_active. Manufacturer finding: current_non_us. Plausible records could not be tied conservatively to the exact catalog product.,Can the manufacturer confirm the exact U.S. catalog/model identity?|Does the exact current global manufacturer listing apply to the United States despite the ended UDI evidence?,keep_hidden_identity_unresolved,https://www.richard-wolf.com/mam/data/Typo3/Kataloge/Broncho-_Thorako-_Mediastinoskopie/Thorakale_Endoskopie_en.pdf|https://api.fda.gov/device/udi.json?search=catalog_number%3A%22163.905%22&limit=100|https://api.fda.gov/device/udi.json?search=identifiers.id%3A%2204055207008607%22&limit=100|https://api.fda.gov/device/classification.json?search=product_code%3A%22FAJ%22&limit=100|https://api.fda.gov/device/classification.json?search=product_code%3A%22FBN%22&limit=100|https://api.fda.gov/device/registrationlisting.json?search=products.product_code%3A%22FAJ%22&limit=100|https://api.fda.gov/device/registrationlisting.json?search=products.product_code%3A%22FBN%22&limit=100|https://api.fda.gov/device/enforcement.json?search=code_info%3A%2204055207008607%22&limit=100|https://api.fda.gov/device/enforcement.json?search=product_description%3A%22163.905%22&limit=100|https://api.fda.gov/device/recall.json?search=product_description%3A%22163.905%22&limit=100|https://api.fda.gov/device/recall.json?search=code_info%3A%2204055207008607%22&limit=100,false
PRD-CC458478A5,Olympus,UCR Low-Pressure CO2 Hose,MAJ-1085,,insufficient_evidence,low,exact_manufacturer_model_number,all_exact_configurations_active,search_incomplete,not_found,family_only_current,,searched,no_exact_action_found,unknown,,not_applicable,Identity method: exact_manufacturer_model_number. UDI assessment: all_exact_configurations_active. Manufacturer finding: family_only_current. Completed or permitted searches did not establish enough exact current-status evidence; no result is not a discontinuation finding.,"Is there a current official U.S. product page, labeling document, or discontinuation notice for this exact identifier?",keep_hidden_insufficient_evidence,https://content.medical.olympusamerica.com/products/accessory-solutions|https://api.fda.gov/device/udi.json?search=identifiers.id%3A%2204953170140389%22&limit=100|https://api.fda.gov/device/udi.json?search=version_or_model_number%3A%22MAJ-1085%22&limit=100|https://api.fda.gov/device/classification.json?search=product_code%3A%22FCX%22&limit=100|https://api.fda.gov/device/classification.json?search=product_code%3A%22HIF%22&limit=100|https://api.fda.gov/device/registrationlisting.json?search=products.product_code%3A%22FCX%22&limit=100|https://api.fda.gov/device/registrationlisting.json?search=products.product_code%3A%22HIF%22&limit=100|https://api.fda.gov/device/enforcement.json?search=product_description%3A%22MAJ-1085%22&limit=100|https://api.fda.gov/device/enforcement.json?search=code_info%3A%2204953170140389%22&limit=100|https://api.fda.gov/device/recall.json?search=product_description%3A%22MAJ-1085%22&limit=100|https://api.fda.gov/device/recall.json?search=code_info%3A%2204953170140389%22&limit=100,false
PRD-CC913540D8,Intuitive Surgical,Ion Peripheral Vision Probe,490106,,identity_unresolved,low,exact_manufacturer_model_number,all_exact_configurations_active,search_incomplete,not_found,family_only_current,identity|manufacturer,searched,no_exact_action_found,unknown,,not_applicable,Identity method: exact_manufacturer_model_number. UDI assessment: all_exact_configurations_active. Manufacturer finding: family_only_current. Plausible records could not be tied conservatively to the exact catalog product.,Can the manufacturer confirm the exact U.S. catalog/model identity?,keep_hidden_identity_unresolved,https://www.intuitive.com/en-us/-/media/ISI/Intuitive/Pdf/intuitive-ion-system-brochure-1051118.pdf|https://www.intuitive.com/en-us/products-and-services/ion|https://api.fda.gov/device/udi.json?search=identifiers.id%3A%2200886874116128%22&limit=100|https://api.fda.gov/device/udi.json?search=version_or_model_number%3A%22490106%22&limit=100|https://api.fda.gov/device/udi.json?search=catalog_number%3A%22490106%22&limit=100|https://api.fda.gov/device/udi.json?search=version_or_model_number%3A%22490106%22&limit=100|https://api.fda.gov/device/classification.json?search=product_code%3A%22EOQ%22&limit=100|https://api.fda.gov/device/registrationlisting.json?search=products.product_code%3A%22EOQ%22&limit=100|https://api.fda.gov/device/enforcement.json?search=code_info%3A%2200886874116128%22&limit=100|https://api.fda.gov/device/enforcement.json?search=code_info%3A%2210886874116125%22&limit=100|https://api.fda.gov/device/enforcement.json?search=product_description%3A%22490106%22&limit=100|https://api.fda.gov/device/recall.json?search=code_info%3A%2210886874116125%22&limit=100|https://api.fda.gov/device/recall.json?search=product_description%3A%22490106%22&limit=100|https://api.fda.gov/device/recall.json?search=code_info%3A%2200886874116128%22&limit=100,false
PRD-CCDCC41B7E,Karl Storz,"Trocar Only, Blunt Tip",30120NO,,insufficient_evidence,low,exact_manufacturer_model_number,all_exact_configurations_active,search_incomplete,not_found,family_only_current,,searched,no_exact_action_found,unknown,,not_applicable,Identity method: exact_manufacturer_model_number. UDI assessment: all_exact_configurations_active. Manufacturer finding: family_only_current. Completed or permitted searches did not establish enough exact current-status evidence; no result is not a discontinuation finding.,"Is there a current official U.S. product page, labeling document, or discontinuation notice for this exact identifier?",keep_hidden_insufficient_evidence,https://www.karlstorz.com/us/en/thoracic-surgery-and-pulmonology.htm|https://api.fda.gov/device/udi.json?search=identifiers.id%3A%2204048551119709%22&limit=100|https://api.fda.gov/device/udi.json?search=version_or_model_number%3A%2230120NO%22&limit=100|https://api.fda.gov/device/classification.json?search=product_code%3A%22GCJ%22&limit=100|https://api.fda.gov/device/registrationlisting.json?search=products.product_code%3A%22GCJ%22&limit=100|https://api.fda.gov/device/enforcement.json?search=product_description%3A%2230120+NO%22&limit=100|https://api.fda.gov/device/enforcement.json?search=code_info%3A%2204048551119709%22&limit=100|https://api.fda.gov/device/recall.json?search=code_info%3A%2204048551119709%22&limit=100|https://api.fda.gov/device/recall.json?search=product_description%3A%2230120+NO%22&limit=100,false
PRD-CE081B3A72,Richard Wolf,"Universal Forceps, Serrated",8280.42,,identity_unresolved,low,exact_manufacturer_catalog_number,all_exact_configurations_ended,search_incomplete,premarket_exempt,current_non_us,identity|model|distribution,searched,no_exact_action_found,unknown,,not_applicable,Identity method: exact_manufacturer_catalog_number. UDI assessment: all_exact_configurations_ended. Manufacturer finding: current_non_us. Plausible records could not be tied conservatively to the exact catalog product.,Can the manufacturer confirm the exact U.S. catalog/model identity?|Does the exact current global manufacturer listing apply to the United States despite the ended UDI evidence?,keep_hidden_identity_unresolved,https://www.richard-wolf.com/mam/data/Typo3/Kataloge/Broncho-_Thorako-_Mediastinoskopie/Thorakale_Endoskopie_en.pdf|https://api.fda.gov/device/udi.json?search=catalog_number%3A%228280.42%22&limit=100|https://api.fda.gov/device/udi.json?search=identifiers.id%3A%2204055207039298%22&limit=100|https://api.fda.gov/device/classification.json?search=product_code%3A%22FCL%22&limit=100|https://api.fda.gov/device/classification.json?search=product_code%3A%22GEN%22&limit=100|https://api.fda.gov/device/registrationlisting.json?search=products.product_code%3A%22FCL%22&limit=100|https://api.fda.gov/device/enforcement.json?search=product_description%3A%228280.42%22&limit=100|https://api.fda.gov/device/enforcement.json?search=code_info%3A%2204055207039298%22&limit=100|https://api.fda.gov/device/recall.json?search=code_info%3A%2204055207039298%22&limit=100|https://api.fda.gov/device/recall.json?search=product_description%3A%228280.42%22&limit=100,false
PRD-D07AD62770,Karl Storz,Forceps for Peanuts/Soft Foreign Bodies,10371KL,,insufficient_evidence,low,exact_manufacturer_catalog_number,all_exact_configurations_active,search_incomplete,not_found,family_only_current,,searched,no_exact_action_found,unknown,,not_applicable,Identity method: exact_manufacturer_catalog_number. UDI assessment: all_exact_configurations_active. Manufacturer finding: family_only_current. Completed or permitted searches did not establish enough exact current-status evidence; no result is not a discontinuation finding.,"Is there a current official U.S. product page, labeling document, or discontinuation notice for this exact identifier?",keep_hidden_insufficient_evidence,https://www.karlstorz.com/us/en/thoracic-surgery-and-pulmonology.htm|https://api.fda.gov/device/udi.json?search=catalog_number%3A%2210371KL%22&limit=100|https://api.fda.gov/device/udi.json?search=version_or_model_number%3A%2210371KL%22&limit=100|https://api.fda.gov/device/udi.json?search=identifiers.id%3A%2204048551047330%22&limit=100|https://api.fda.gov/device/classification.json?search=product_code%3A%22EOQ%22&limit=100|https://api.fda.gov/device/registrationlisting.json?search=products.product_code%3A%22EOQ%22&limit=100|https://api.fda.gov/device/enforcement.json?search=code_info%3A%2204048551047330%22&limit=100|https://api.fda.gov/device/enforcement.json?search=product_description%3A%2210371+KL%22&limit=100|https://api.fda.gov/device/recall.json?search=product_description%3A%2210371+KL%22&limit=100|https://api.fda.gov/device/recall.json?search=code_info%3A%2204048551047330%22&limit=100,false
PRD-D0E745FF62,Karl Storz,Respirator Adapter for GRONINGEN Tracheoscope,10316LR,,insufficient_evidence,low,exact_manufacturer_catalog_number,all_exact_configurations_active,search_incomplete,not_found,family_only_current,,searched,no_exact_action_found,unknown,,not_applicable,Identity method: exact_manufacturer_catalog_number. UDI assessment: all_exact_configurations_active. Manufacturer finding: family_only_current. Completed or permitted searches did not establish enough exact current-status evidence; no result is not a discontinuation finding.,"Is there a current official U.S. product page, labeling document, or discontinuation notice for this exact identifier?",keep_hidden_insufficient_evidence,https://www.karlstorz.com/us/en/thoracic-surgery-and-pulmonology.htm|https://api.fda.gov/device/udi.json?search=catalog_number%3A%2210316LR%22&limit=100|https://api.fda.gov/device/udi.json?search=version_or_model_number%3A%2210316LR%22&limit=100|https://api.fda.gov/device/udi.json?search=identifiers.id%3A%2204048551045565%22&limit=100|https://api.fda.gov/device/classification.json?search=product_code%3A%22EOQ%22&limit=100|https://api.fda.gov/device/registrationlisting.json?search=products.product_code%3A%22EOQ%22&limit=100|https://api.fda.gov/device/enforcement.json?search=product_description%3A%2210316+LR%22&limit=100|https://api.fda.gov/device/enforcement.json?search=code_info%3A%2204048551045565%22&limit=100|https://api.fda.gov/device/recall.json?search=product_description%3A%2210316+LR%22&limit=100|https://api.fda.gov/device/recall.json?search=code_info%3A%2204048551045565%22&limit=100,false
PRD-D99A37C035,Richard Wolf,PANOVIEW PLUS Telescope,8934.4434,,identity_unresolved,low,exact_manufacturer_catalog_number,all_exact_configurations_ended,search_incomplete,not_found,current_non_us,identity|model|distribution,searched,no_exact_action_found,unknown,,not_applicable,Identity method: exact_manufacturer_catalog_number. UDI assessment: all_exact_configurations_ended. Manufacturer finding: current_non_us. Plausible records could not be tied conservatively to the exact catalog product.,Can the manufacturer confirm the exact U.S. catalog/model identity?|Does the exact current global manufacturer listing apply to the United States despite the ended UDI evidence?,keep_hidden_identity_unresolved,https://www.richard-wolf.com/mam/data/Typo3/Kataloge/Broncho-_Thorako-_Mediastinoskopie/Thorakale_Endoskopie_en.pdf|https://api.fda.gov/device/udi.json?search=catalog_number%3A%228934.4434%22&limit=100|https://api.fda.gov/device/udi.json?search=identifiers.id%3A%2204055207028803%22&limit=100|https://api.fda.gov/device/classification.json?search=product_code%3A%22GCJ%22&limit=100|https://api.fda.gov/device/registrationlisting.json?search=products.product_code%3A%22GCJ%22&limit=100|https://api.fda.gov/device/enforcement.json?search=code_info%3A%2204055207028803%22&limit=100|https://api.fda.gov/device/enforcement.json?search=product_description%3A%228934.4434%22&limit=100|https://api.fda.gov/device/recall.json?search=code_info%3A%2204055207028803%22&limit=100|https://api.fda.gov/device/recall.json?search=product_description%3A%228934.4434%22&limit=100,false
PRD-DB7366704E,Karl Storz,Round Spoon Biopsy Forceps,10367L,,insufficient_evidence,low,exact_manufacturer_catalog_number,all_exact_configurations_active,search_incomplete,not_found,family_only_current,,searched,no_exact_action_found,unknown,,not_applicable,Identity method: exact_manufacturer_catalog_number. UDI assessment: all_exact_configurations_active. Manufacturer finding: family_only_current. Completed or permitted searches did not establish enough exact current-status evidence; no result is not a discontinuation finding.,"Is there a current official U.S. product page, labeling document, or discontinuation notice for this exact identifier?",keep_hidden_insufficient_evidence,https://www.karlstorz.com/us/en/thoracic-surgery-and-pulmonology.htm|https://api.fda.gov/device/udi.json?search=identifiers.id%3A%2204048551047026%22&limit=100|https://api.fda.gov/device/udi.json?search=catalog_number%3A%2210367L%22&limit=100|https://api.fda.gov/device/udi.json?search=version_or_model_number%3A%2210367L%22&limit=100|https://api.fda.gov/device/classification.json?search=product_code%3A%22EOQ%22&limit=100|https://api.fda.gov/device/registrationlisting.json?search=products.product_code%3A%22EOQ%22&limit=100|https://api.fda.gov/device/enforcement.json?search=product_description%3A%2210367+L%22&limit=100|https://api.fda.gov/device/enforcement.json?search=code_info%3A%2204048551047026%22&limit=100|https://api.fda.gov/device/recall.json?search=product_description%3A%2210367+L%22&limit=100|https://api.fda.gov/device/recall.json?search=code_info%3A%2204048551047026%22&limit=100,false
PRD-DD4AFE7DE4,Cardinal Health,Argyle Trocar Catheter – 8 Fr × 9 in (sharp tip),8888560805,,insufficient_evidence,low,exact_manufacturer_catalog_number,all_exact_configurations_ended,search_incomplete,premarket_exempt,not_searched,,searched,no_exact_action_found,unknown,,not_applicable,Identity method: exact_manufacturer_catalog_number. UDI assessment: all_exact_configurations_ended. Manufacturer finding: not_searched. Completed or permitted searches did not establish enough exact current-status evidence; no result is not a discontinuation finding.,"Is there a current official U.S. product page, labeling document, or discontinuation notice for this exact identifier?",keep_hidden_insufficient_evidence,https://api.fda.gov/device/udi.json?search=identifiers.id%3A%2210884521050310%22&limit=100|https://api.fda.gov/device/udi.json?search=version_or_model_number%3A%228888560805%22&limit=100|https://api.fda.gov/device/udi.json?search=catalog_number%3A%228888560805%22&limit=100|https://api.fda.gov/device/udi.json?search=version_or_model_number%3A%228888560805%22&limit=100|https://api.fda.gov/device/udi.json?search=catalog_number%3A%228888560805%22&limit=100|https://api.fda.gov/device/classification.json?search=product_code%3A%22DRC%22&limit=100|https://api.fda.gov/device/registrationlisting.json?search=products.product_code%3A%22DRC%22&limit=100|https://api.fda.gov/device/enforcement.json?search=code_info%3A%2210884521029248%22&limit=100|https://api.fda.gov/device/enforcement.json?search=code_info%3A%2210884521050310%22&limit=100|https://api.fda.gov/device/enforcement.json?search=product_description%3A%228888560805%22&limit=100|https://api.fda.gov/device/enforcement.json?search=code_info%3A%2200884521029241%22&limit=100|https://api.fda.gov/device/enforcement.json?search=code_info%3A%2220884521050317%22&limit=100|https://api.fda.gov/device/recall.json?search=code_info%3A%2220884521050317%22&limit=100|https://api.fda.gov/device/recall.json?search=code_info%3A%2200884521029241%22&limit=100|https://api.fda.gov/device/recall.json?search=code_info%3A%2210884521029248%22&limit=100|https://api.fda.gov/device/recall.json?search=product_description%3A%228888560805%22&limit=100|https://api.fda.gov/device/recall.json?search=code_info%3A%2210884521050310%22&limit=100,false
PRD-DF239FD803,Karl Storz,Straight Scissors,10366S,,insufficient_evidence,low,exact_manufacturer_model_number,all_exact_configurations_active,search_incomplete,not_found,family_only_current,,searched,no_exact_action_found,unknown,,not_applicable,Identity method: exact_manufacturer_model_number. UDI assessment: all_exact_configurations_active. Manufacturer finding: family_only_current. Completed or permitted searches did not establish enough exact current-status evidence; no result is not a discontinuation finding.,"Is there a current official U.S. product page, labeling document, or discontinuation notice for this exact identifier?",keep_hidden_insufficient_evidence,https://www.karlstorz.com/us/en/thoracic-surgery-and-pulmonology.htm|https://api.fda.gov/device/udi.json?search=version_or_model_number%3A%2210366S%22&limit=100|https://api.fda.gov/device/udi.json?search=identifiers.id%3A%2204048551046982%22&limit=100|https://api.fda.gov/device/classification.json?search=product_code%3A%22EOQ%22&limit=100|https://api.fda.gov/device/registrationlisting.json?search=products.product_code%3A%22EOQ%22&limit=100|https://api.fda.gov/device/enforcement.json?search=code_info%3A%2204048551046982%22&limit=100|https://api.fda.gov/device/enforcement.json?search=product_description%3A%2210366+S%22&limit=100|https://api.fda.gov/device/recall.json?search=code_info%3A%2204048551046982%22&limit=100|https://api.fda.gov/device/recall.json?search=product_description%3A%2210366+S%22&limit=100,false
PRD-DF791E6D1F,Karl Storz,Spring-Handle Sponge Holder 50 cm,10387A,,insufficient_evidence,low,exact_manufacturer_model_number,all_exact_configurations_active,search_incomplete,premarket_exempt,family_only_current,,searched,no_exact_action_found,unknown,,not_applicable,Identity method: exact_manufacturer_model_number. UDI assessment: all_exact_configurations_active. Manufacturer finding: family_only_current. Completed or permitted searches did not establish enough exact current-status evidence; no result is not a discontinuation finding.,"Is there a current official U.S. product page, labeling document, or discontinuation notice for this exact identifier?",keep_hidden_insufficient_evidence,https://www.karlstorz.com/us/en/thoracic-surgery-and-pulmonology.htm|https://api.fda.gov/device/udi.json?search=identifiers.id%3A%2204048551048207%22&limit=100|https://api.fda.gov/device/udi.json?search=version_or_model_number%3A%2210387A%22&limit=100|https://api.fda.gov/device/classification.json?search=product_code%3A%22LRC%22&limit=100|https://api.fda.gov/device/registrationlisting.json?search=products.product_code%3A%22LRC%22&limit=100|https://api.fda.gov/device/enforcement.json?search=code_info%3A%2204048551048207%22&limit=100|https://api.fda.gov/device/enforcement.json?search=product_description%3A%2210387+A%22&limit=100|https://api.fda.gov/device/recall.json?search=product_description%3A%2210387+A%22&limit=100|https://api.fda.gov/device/recall.json?search=code_info%3A%2204048551048207%22&limit=100,false
PRD-DFDC63935D,Richard Wolf,Cotton Applicator,8296.51,,identity_unresolved,low,exact_manufacturer_catalog_number,all_exact_configurations_active,search_incomplete,premarket_exempt,current_non_us,identity|model,searched,no_exact_action_found,unknown,,not_applicable,Identity method: exact_manufacturer_catalog_number. UDI assessment: all_exact_configurations_active. Manufacturer finding: current_non_us. Plausible records could not be tied conservatively to the exact catalog product.,Can the manufacturer confirm the exact U.S. catalog/model identity?|Does the exact current global manufacturer listing apply to the United States despite the ended UDI evidence?,keep_hidden_identity_unresolved,https://www.richard-wolf.com/mam/data/Typo3/Kataloge/Broncho-_Thorako-_Mediastinoskopie/Thorakale_Endoskopie_en.pdf|https://api.fda.gov/device/udi.json?search=identifiers.id%3A%2204055207009734%22&limit=100|https://api.fda.gov/device/udi.json?search=catalog_number%3A%228296.51%22&limit=100|https://api.fda.gov/device/classification.json?search=product_code%3A%22KCJ%22&limit=100|https://api.fda.gov/device/registrationlisting.json?search=products.product_code%3A%22KCJ%22&limit=100|https://api.fda.gov/device/enforcement.json?search=product_description%3A%228296.51%22&limit=100|https://api.fda.gov/device/enforcement.json?search=code_info%3A%2204055207009734%22&limit=100|https://api.fda.gov/device/recall.json?search=code_info%3A%2204055207009734%22&limit=100|https://api.fda.gov/device/recall.json?search=product_description%3A%228296.51%22&limit=100,false
PRD-E02F46CDAD,Karl Storz,Optical Universal Forceps,10352U,,insufficient_evidence,low,exact_manufacturer_model_number,all_exact_configurations_active,search_incomplete,not_found,family_only_current,,searched,no_exact_action_found,unknown,,not_applicable,Identity method: exact_manufacturer_model_number. UDI assessment: all_exact_configurations_active. Manufacturer finding: family_only_current. Completed or permitted searches did not establish enough exact current-status evidence; no result is not a discontinuation finding.,"Is there a current official U.S. product page, labeling document, or discontinuation notice for this exact identifier?",keep_hidden_insufficient_evidence,https://www.karlstorz.com/us/en/thoracic-surgery-and-pulmonology.htm|https://api.fda.gov/device/udi.json?search=identifiers.id%3A%2204048551046845%22&limit=100|https://api.fda.gov/device/udi.json?search=version_or_model_number%3A%2210352U%22&limit=100|https://api.fda.gov/device/classification.json?search=product_code%3A%22EOQ%22&limit=100|https://api.fda.gov/device/registrationlisting.json?search=products.product_code%3A%22EOQ%22&limit=100|https://api.fda.gov/device/enforcement.json?search=code_info%3A%2204048551046845%22&limit=100|https://api.fda.gov/device/enforcement.json?search=product_description%3A%2210352+U%22&limit=100|https://api.fda.gov/device/recall.json?search=product_description%3A%2210352+U%22&limit=100|https://api.fda.gov/device/recall.json?search=code_info%3A%2204048551046845%22&limit=100,false
PRD-E353F2E250,Richard Wolf,Leak Tester,163.903,,identity_unresolved,low,exact_manufacturer_catalog_number,all_exact_configurations_active,search_incomplete,not_found,current_non_us,identity|model,searched,no_exact_action_found,unknown,,not_applicable,Identity method: exact_manufacturer_catalog_number. UDI assessment: all_exact_configurations_active. Manufacturer finding: current_non_us. Plausible records could not be tied conservatively to the exact catalog product.,Can the manufacturer confirm the exact U.S. catalog/model identity?|Does the exact current global manufacturer listing apply to the United States despite the ended UDI evidence?,keep_hidden_identity_unresolved,https://www.richard-wolf.com/mam/data/Typo3/Kataloge/Broncho-_Thorako-_Mediastinoskopie/Thorakale_Endoskopie_en.pdf|https://api.fda.gov/device/udi.json?search=identifiers.id%3A%2204055207008584%22&limit=100|https://api.fda.gov/device/udi.json?search=catalog_number%3A%22163.903%22&limit=100|https://api.fda.gov/device/classification.json?search=product_code%3A%22FAJ%22&limit=100|https://api.fda.gov/device/registrationlisting.json?search=products.product_code%3A%22FAJ%22&limit=100|https://api.fda.gov/device/enforcement.json?search=code_info%3A%2204055207008584%22&limit=100|https://api.fda.gov/device/enforcement.json?search=product_description%3A%22163.903%22&limit=100|https://api.fda.gov/device/recall.json?search=product_description%3A%22163.903%22&limit=100|https://api.fda.gov/device/recall.json?search=code_info%3A%2204055207008584%22&limit=100,false
PRD-E4B27EE86A,Karl Storz,Suction Tube with Cut-Off Hole,10383BL,,insufficient_evidence,low,exact_manufacturer_model_number,all_exact_configurations_active,search_incomplete,premarket_exempt,family_only_current,,searched,no_exact_action_found,unknown,,not_applicable,Identity method: exact_manufacturer_model_number. UDI assessment: all_exact_configurations_active. Manufacturer finding: family_only_current. Completed or permitted searches did not establish enough exact current-status evidence; no result is not a discontinuation finding.,"Is there a current official U.S. product page, labeling document, or discontinuation notice for this exact identifier?",keep_hidden_insufficient_evidence,https://www.karlstorz.com/us/en/thoracic-surgery-and-pulmonology.htm|https://api.fda.gov/device/udi.json?search=identifiers.id%3A%2204048551048016%22&limit=100|https://api.fda.gov/device/udi.json?search=version_or_model_number%3A%2210383BL%22&limit=100|https://api.fda.gov/device/classification.json?search=product_code%3A%22MDM%22&limit=100|https://api.fda.gov/device/enforcement.json?search=code_info%3A%2204048551048016%22&limit=100|https://api.fda.gov/device/enforcement.json?search=product_description%3A%2210383+BL%22&limit=100|https://api.fda.gov/device/recall.json?search=product_description%3A%2210383+BL%22&limit=100|https://api.fda.gov/device/recall.json?search=code_info%3A%2204048551048016%22&limit=100,false
PRD-E56FC05269,Karl Storz,Optical Universal Forceps,10350U,,insufficient_evidence,low,exact_manufacturer_model_number,all_exact_configurations_active,search_incomplete,not_found,family_only_current,,searched,no_exact_action_found,unknown,,not_applicable,Identity method: exact_manufacturer_model_number. UDI assessment: all_exact_configurations_active. Manufacturer finding: family_only_current. Completed or permitted searches did not establish enough exact current-status evidence; no result is not a discontinuation finding.,"Is there a current official U.S. product page, labeling document, or discontinuation notice for this exact identifier?",keep_hidden_insufficient_evidence,https://www.karlstorz.com/us/en/thoracic-surgery-and-pulmonology.htm|https://api.fda.gov/device/udi.json?search=identifiers.id%3A%2204048551046777%22&limit=100|https://api.fda.gov/device/udi.json?search=version_or_model_number%3A%2210350U%22&limit=100|https://api.fda.gov/device/classification.json?search=product_code%3A%22EOQ%22&limit=100|https://api.fda.gov/device/registrationlisting.json?search=products.product_code%3A%22EOQ%22&limit=100|https://api.fda.gov/device/enforcement.json?search=code_info%3A%2204048551046777%22&limit=100|https://api.fda.gov/device/enforcement.json?search=product_description%3A%2210350+U%22&limit=100|https://api.fda.gov/device/recall.json?search=product_description%3A%2210350+U%22&limit=100|https://api.fda.gov/device/recall.json?search=code_info%3A%2204048551046777%22&limit=100,false
PRD-E6A1370266,Karl Storz,"Universal Bronchoscope Tube, Proximal Illumination, Size 8.5",10318BP,,insufficient_evidence,low,exact_manufacturer_model_number,all_exact_configurations_active,search_incomplete,not_found,family_only_current,,searched,no_exact_action_found,unknown,,not_applicable,Identity method: exact_manufacturer_model_number. UDI assessment: all_exact_configurations_active. Manufacturer finding: family_only_current. Completed or permitted searches did not establish enough exact current-status evidence; no result is not a discontinuation finding.,"Is there a current official U.S. product page, labeling document, or discontinuation notice for this exact identifier?",keep_hidden_insufficient_evidence,https://www.karlstorz.com/us/en/thoracic-surgery-and-pulmonology.htm|https://api.fda.gov/device/udi.json?search=identifiers.id%3A%2204048551045619%22&limit=100|https://api.fda.gov/device/udi.json?search=version_or_model_number%3A%2210318BP%22&limit=100|https://api.fda.gov/device/classification.json?search=product_code%3A%22EOQ%22&limit=100|https://api.fda.gov/device/registrationlisting.json?search=products.product_code%3A%22EOQ%22&limit=100|https://api.fda.gov/device/enforcement.json?search=product_description%3A%2210318+BP%22&limit=100|https://api.fda.gov/device/enforcement.json?search=code_info%3A%2204048551045619%22&limit=100|https://api.fda.gov/device/recall.json?search=code_info%3A%2204048551045619%22&limit=100|https://api.fda.gov/device/recall.json?search=product_description%3A%2210318+BP%22&limit=100,false
PRD-EAED780757,Karl Storz,Flexible Cannula with Silicone Leaflet Valve,30120NL,,insufficient_evidence,low,exact_manufacturer_model_number,all_exact_configurations_active,search_incomplete,not_found,family_only_current,,searched,no_exact_action_found,unknown,,not_applicable,Identity method: exact_manufacturer_model_number. UDI assessment: all_exact_configurations_active. Manufacturer finding: family_only_current. Completed or permitted searches did not establish enough exact current-status evidence; no result is not a discontinuation finding.,"Is there a current official U.S. product page, labeling document, or discontinuation notice for this exact identifier?",keep_hidden_insufficient_evidence,https://www.karlstorz.com/us/en/thoracic-surgery-and-pulmonology.htm|https://api.fda.gov/device/udi.json?search=version_or_model_number%3A%2230120NL%22&limit=100|https://api.fda.gov/device/udi.json?search=identifiers.id%3A%2204048551119686%22&limit=100|https://api.fda.gov/device/classification.json?search=product_code%3A%22GCJ%22&limit=100|https://api.fda.gov/device/registrationlisting.json?search=products.product_code%3A%22GCJ%22&limit=100|https://api.fda.gov/device/enforcement.json?search=code_info%3A%2204048551119686%22&limit=100|https://api.fda.gov/device/enforcement.json?search=product_description%3A%2230120+NL%22&limit=100|https://api.fda.gov/device/recall.json?search=product_description%3A%2230120+NL%22&limit=100|https://api.fda.gov/device/recall.json?search=code_info%3A%2204048551119686%22&limit=100,false
PRD-EB01698273,Karl Storz,Optical Soft-Foreign-Body Forceps,10352KF,,insufficient_evidence,low,exact_manufacturer_catalog_number,all_exact_configurations_active,search_incomplete,not_found,family_only_current,,searched,no_exact_action_found,unknown,,not_applicable,Identity method: exact_manufacturer_catalog_number. UDI assessment: all_exact_configurations_active. Manufacturer finding: family_only_current. Completed or permitted searches did not establish enough exact current-status evidence; no result is not a discontinuation finding.,"Is there a current official U.S. product page, labeling document, or discontinuation notice for this exact identifier?",keep_hidden_insufficient_evidence,https://www.karlstorz.com/us/en/thoracic-surgery-and-pulmonology.htm|https://api.fda.gov/device/udi.json?search=identifiers.id%3A%2204048551046807%22&limit=100|https://api.fda.gov/device/udi.json?search=catalog_number%3A%2210352KF%22&limit=100|https://api.fda.gov/device/udi.json?search=version_or_model_number%3A%2210352KF%22&limit=100|https://api.fda.gov/device/classification.json?search=product_code%3A%22EOQ%22&limit=100|https://api.fda.gov/device/registrationlisting.json?search=products.product_code%3A%22EOQ%22&limit=100|https://api.fda.gov/device/enforcement.json?search=product_description%3A%2210352+KF%22&limit=100|https://api.fda.gov/device/enforcement.json?search=code_info%3A%2204048551046807%22&limit=100|https://api.fda.gov/device/recall.json?search=product_description%3A%2210352+KF%22&limit=100|https://api.fda.gov/device/recall.json?search=code_info%3A%2204048551046807%22&limit=100,false
PRD-EC45CB0F5D,Karl Storz,HOPKINS Straight Forward Telescope,10320AA,,insufficient_evidence,low,exact_manufacturer_model_number,all_exact_configurations_active,search_incomplete,not_found,family_only_current,,searched,no_exact_action_found,unknown,,not_applicable,Identity method: exact_manufacturer_model_number. UDI assessment: all_exact_configurations_active. Manufacturer finding: family_only_current. Completed or permitted searches did not establish enough exact current-status evidence; no result is not a discontinuation finding.,"Is there a current official U.S. product page, labeling document, or discontinuation notice for this exact identifier?",keep_hidden_insufficient_evidence,https://www.karlstorz.com/us/en/thoracic-surgery-and-pulmonology.htm|https://api.fda.gov/device/udi.json?search=identifiers.id%3A%2204048551045886%22&limit=100|https://api.fda.gov/device/udi.json?search=version_or_model_number%3A%2210320AA%22&limit=100|https://api.fda.gov/device/classification.json?search=product_code%3A%22EOB%22&limit=100|https://api.fda.gov/device/registrationlisting.json?search=products.product_code%3A%22EOB%22&limit=100|https://api.fda.gov/device/enforcement.json?search=code_info%3A%2204048551045886%22&limit=100|https://api.fda.gov/device/enforcement.json?search=product_description%3A%2210320+AA%22&limit=100|https://api.fda.gov/device/recall.json?search=code_info%3A%2204048551045886%22&limit=100|https://api.fda.gov/device/recall.json?search=product_description%3A%2210320+AA%22&limit=100,false
PRD-ED98C24F0E,Richard Wolf,"Biopsy Forceps, Smooth",8282.33,,identity_unresolved,low,exact_manufacturer_catalog_number,all_exact_configurations_ended,search_incomplete,not_found,current_non_us,identity|model|distribution,searched,no_exact_action_found,unknown,,not_applicable,Identity method: exact_manufacturer_catalog_number. UDI assessment: all_exact_configurations_ended. Manufacturer finding: current_non_us. Plausible records could not be tied conservatively to the exact catalog product.,Can the manufacturer confirm the exact U.S. catalog/model identity?|Does the exact current global manufacturer listing apply to the United States despite the ended UDI evidence?,keep_hidden_identity_unresolved,https://www.richard-wolf.com/mam/data/Typo3/Kataloge/Broncho-_Thorako-_Mediastinoskopie/Thorakale_Endoskopie_en.pdf|https://api.fda.gov/device/udi.json?search=catalog_number%3A%228282.33%22&limit=100|https://api.fda.gov/device/udi.json?search=identifiers.id%3A%2204055207039427%22&limit=100|https://api.fda.gov/device/classification.json?search=product_code%3A%22GEI%22&limit=100|https://api.fda.gov/device/enforcement.json?search=product_description%3A%228282.33%22&limit=100|https://api.fda.gov/device/enforcement.json?search=code_info%3A%2204055207039427%22&limit=100|https://api.fda.gov/device/recall.json?search=code_info%3A%2204055207039427%22&limit=100|https://api.fda.gov/device/recall.json?search=product_description%3A%228282.33%22&limit=100,false
PRD-EEA17CA0DB,Richard Wolf,Surgical Probe,8379.672,,identity_unresolved,low,exact_manufacturer_catalog_number,all_exact_configurations_active,search_incomplete,premarket_exempt,current_non_us,identity|model,searched,no_exact_action_found,unknown,,not_applicable,Identity method: exact_manufacturer_catalog_number. UDI assessment: all_exact_configurations_active. Manufacturer finding: current_non_us. Plausible records could not be tied conservatively to the exact catalog product.,Can the manufacturer confirm the exact U.S. catalog/model identity?|Does the exact current global manufacturer listing apply to the United States despite the ended UDI evidence?,keep_hidden_identity_unresolved,https://www.richard-wolf.com/mam/data/Typo3/Kataloge/Broncho-_Thorako-_Mediastinoskopie/Thorakale_Endoskopie_en.pdf|https://api.fda.gov/device/udi.json?search=identifiers.id%3A%2204055207014967%22&limit=100|https://api.fda.gov/device/udi.json?search=catalog_number%3A%228379.672%22&limit=100|https://api.fda.gov/device/classification.json?search=product_code%3A%22FGM%22&limit=100|https://api.fda.gov/device/classification.json?search=product_code%3A%22NWV%22&limit=100|https://api.fda.gov/device/registrationlisting.json?search=products.product_code%3A%22FGM%22&limit=100|https://api.fda.gov/device/registrationlisting.json?search=products.product_code%3A%22NWV%22&limit=100|https://api.fda.gov/device/enforcement.json?search=code_info%3A%2204055207014967%22&limit=100|https://api.fda.gov/device/enforcement.json?search=product_description%3A%228379.672%22&limit=100|https://api.fda.gov/device/recall.json?search=product_description%3A%228379.672%22&limit=100|https://api.fda.gov/device/recall.json?search=code_info%3A%2204055207014967%22&limit=100,false
PRD-F146CD24CF,Karl Storz,"Universal Bronchoscope Tube, Proximal Illumination, Size 6.5",10318DP,,insufficient_evidence,low,exact_manufacturer_model_number,all_exact_configurations_active,search_incomplete,not_found,family_only_current,,searched,no_exact_action_found,unknown,,not_applicable,Identity method: exact_manufacturer_model_number. UDI assessment: all_exact_configurations_active. Manufacturer finding: family_only_current. Completed or permitted searches did not establish enough exact current-status evidence; no result is not a discontinuation finding.,"Is there a current official U.S. product page, labeling document, or discontinuation notice for this exact identifier?",keep_hidden_insufficient_evidence,https://www.karlstorz.com/us/en/thoracic-surgery-and-pulmonology.htm|https://api.fda.gov/device/udi.json?search=version_or_model_number%3A%2210318DP%22&limit=100|https://api.fda.gov/device/udi.json?search=identifiers.id%3A%2204048551045657%22&limit=100|https://api.fda.gov/device/classification.json?search=product_code%3A%22EOQ%22&limit=100|https://api.fda.gov/device/registrationlisting.json?search=products.product_code%3A%22EOQ%22&limit=100|https://api.fda.gov/device/enforcement.json?search=product_description%3A%2210318+DP%22&limit=100|https://api.fda.gov/device/enforcement.json?search=code_info%3A%2204048551045657%22&limit=100|https://api.fda.gov/device/recall.json?search=product_description%3A%2210318+DP%22&limit=100|https://api.fda.gov/device/recall.json?search=code_info%3A%2204048551045657%22&limit=100,false
PRD-F14EF79E1A,Karl Storz,Respirator Adapter,10924D,,insufficient_evidence,low,exact_manufacturer_catalog_number,all_exact_configurations_active,search_incomplete,not_found,family_only_current,,searched,no_exact_action_found,unknown,,not_applicable,Identity method: exact_manufacturer_catalog_number. UDI assessment: all_exact_configurations_active. Manufacturer finding: family_only_current. Completed or permitted searches did not establish enough exact current-status evidence; no result is not a discontinuation finding.,"Is there a current official U.S. product page, labeling document, or discontinuation notice for this exact identifier?",keep_hidden_insufficient_evidence,https://www.karlstorz.com/us/en/thoracic-surgery-and-pulmonology.htm|https://api.fda.gov/device/udi.json?search=version_or_model_number%3A%2210924D%22&limit=100|https://api.fda.gov/device/udi.json?search=identifiers.id%3A%2204048551049525%22&limit=100|https://api.fda.gov/device/udi.json?search=catalog_number%3A%2210924D%22&limit=100|https://api.fda.gov/device/classification.json?search=product_code%3A%22EOQ%22&limit=100|https://api.fda.gov/device/registrationlisting.json?search=products.product_code%3A%22EOQ%22&limit=100|https://api.fda.gov/device/enforcement.json?search=product_description%3A%2210924+D%22&limit=100|https://api.fda.gov/device/enforcement.json?search=code_info%3A%2204048551049525%22&limit=100|https://api.fda.gov/device/recall.json?search=code_info%3A%2204048551049525%22&limit=100|https://api.fda.gov/device/recall.json?search=product_description%3A%2210924+D%22&limit=100,false
PRD-F1712066B6,Karl Storz,HOPKINS II Thoracoscopy Telescope,26072BA,,insufficient_evidence,low,exact_manufacturer_model_number,all_exact_configurations_active,search_incomplete,not_found,family_only_current,,searched,no_exact_action_found,unknown,,not_applicable,Identity method: exact_manufacturer_model_number. UDI assessment: all_exact_configurations_active. Manufacturer finding: family_only_current. Completed or permitted searches did not establish enough exact current-status evidence; no result is not a discontinuation finding.,"Is there a current official U.S. product page, labeling document, or discontinuation notice for this exact identifier?",keep_hidden_insufficient_evidence,https://www.karlstorz.com/us/en/thoracic-surgery-and-pulmonology.htm|https://api.fda.gov/device/udi.json?search=identifiers.id%3A%2204048551093047%22&limit=100|https://api.fda.gov/device/udi.json?search=version_or_model_number%3A%2226072BA%22&limit=100|https://api.fda.gov/device/classification.json?search=product_code%3A%22EOB%22&limit=100|https://api.fda.gov/device/registrationlisting.json?search=products.product_code%3A%22EOB%22&limit=100|https://api.fda.gov/device/enforcement.json?search=product_description%3A%2226072+BA%22&limit=100|https://api.fda.gov/device/enforcement.json?search=code_info%3A%2204048551093047%22&limit=100|https://api.fda.gov/device/recall.json?search=product_description%3A%2226072+BA%22&limit=100|https://api.fda.gov/device/recall.json?search=code_info%3A%2204048551093047%22&limit=100,false
PRD-F43740CB5C,Intuitive Surgical,Ion Flexision Biopsy Needle 23G,490102,,identity_unresolved,low,exact_manufacturer_model_number,all_exact_configurations_active,search_incomplete,not_found,family_only_current,identity|manufacturer,searched,active_exact_product_action,product_wide,Z-0355-2024|Z-2399-2024,not_applicable,Identity method: exact_manufacturer_model_number. UDI assessment: all_exact_configurations_active. Manufacturer finding: family_only_current. Plausible records could not be tied conservatively to the exact catalog product.,Can the manufacturer confirm the exact U.S. catalog/model identity?,keep_hidden_identity_unresolved,https://www.intuitive.com/en-us/-/media/ISI/Intuitive/Pdf/intuitive-ion-system-brochure-1051118.pdf|https://www.intuitive.com/en-us/products-and-services/ion|https://api.fda.gov/device/udi.json?search=version_or_model_number%3A%22490102%22&limit=100|https://api.fda.gov/device/udi.json?search=identifiers.id%3A%2200886874115954%22&limit=100|https://api.fda.gov/device/udi.json?search=catalog_number%3A%22490102%22&limit=100|https://api.fda.gov/device/udi.json?search=version_or_model_number%3A%22490102%22&limit=100|https://api.fda.gov/device/classification.json?search=product_code%3A%22EOQ%22&limit=100|https://api.fda.gov/device/registrationlisting.json?search=products.product_code%3A%22EOQ%22&limit=100|https://api.fda.gov/device/enforcement.json?search=code_info%3A%2210886874115951%22&limit=100|https://api.fda.gov/device/enforcement.json?search=code_info%3A%2200886874115954%22&limit=100|https://api.fda.gov/device/enforcement.json?search=product_description%3A%22490102%22&limit=100|https://api.fda.gov/device/recall.json?search=product_description%3A%22490102%22&limit=100|https://api.fda.gov/device/recall.json?search=code_info%3A%2210886874115951%22&limit=100|https://api.fda.gov/device/recall.json?search=code_info%3A%2200886874115954%22&limit=100,false
PRD-F5AE18C06E,Merit Medical,TAPS Thoracentesis and Paracentesis Set,TAPS-8F-10LT,,identity_unresolved,low,exact_manufacturer_catalog_number,all_exact_configurations_active,search_incomplete,premarket_exempt,not_searched,identity|model,searched,active_exact_product_action,lot_specific,Z-2576-2024,not_applicable,Identity method: exact_manufacturer_catalog_number. UDI assessment: all_exact_configurations_active. Manufacturer finding: not_searched. Plausible records could not be tied conservatively to the exact catalog product.,Can the manufacturer confirm the exact U.S. catalog/model identity?,keep_hidden_identity_unresolved,https://api.fda.gov/device/udi.json?search=catalog_number%3A%22TAPS-8F-10LT%22&limit=100|https://api.fda.gov/device/udi.json?search=identifiers.id%3A%2200884450277850%22&limit=100|https://api.fda.gov/device/classification.json?search=product_code%3A%22GBX%22&limit=100|https://api.fda.gov/device/enforcement.json?search=product_description%3A%22TAPS-8F-10LT%22&limit=100|https://api.fda.gov/device/enforcement.json?search=code_info%3A%2200884450277850%22&limit=100|https://api.fda.gov/device/enforcement.json?search=code_info%3A%2210884450277857%22&limit=100|https://api.fda.gov/device/recall.json?search=code_info%3A%2210884450277857%22&limit=100|https://api.fda.gov/device/recall.json?search=product_description%3A%22TAPS-8F-10LT%22&limit=100|https://api.fda.gov/device/recall.json?search=code_info%3A%2200884450277850%22&limit=100,false
PRD-F6BB76BECF,Richard Wolf,Thoracoscopy Tissue Retractor,8243.701,,identity_unresolved,low,exact_manufacturer_catalog_number,all_exact_configurations_ended,search_incomplete,premarket_exempt,current_non_us,identity|model|distribution,searched,no_exact_action_found,unknown,,not_applicable,Identity method: exact_manufacturer_catalog_number. UDI assessment: all_exact_configurations_ended. Manufacturer finding: current_non_us. Plausible records could not be tied conservatively to the exact catalog product.,Can the manufacturer confirm the exact U.S. catalog/model identity?|Does the exact current global manufacturer listing apply to the United States despite the ended UDI evidence?,keep_hidden_identity_unresolved,https://www.richard-wolf.com/mam/data/Typo3/Kataloge/Broncho-_Thorako-_Mediastinoskopie/Thorakale_Endoskopie_en.pdf|https://api.fda.gov/device/udi.json?search=identifiers.id%3A%2204055207014738%22&limit=100|https://api.fda.gov/device/udi.json?search=catalog_number%3A%228243.701%22&limit=100|https://api.fda.gov/device/classification.json?search=product_code%3A%22GAD%22&limit=100|https://api.fda.gov/device/enforcement.json?search=product_description%3A%228243.701%22&limit=100|https://api.fda.gov/device/enforcement.json?search=code_info%3A%2204055207014738%22&limit=100|https://api.fda.gov/device/recall.json?search=code_info%3A%2204055207014738%22&limit=100|https://api.fda.gov/device/recall.json?search=product_description%3A%228243.701%22&limit=100,false
PRD-F8B8727229,Cardinal Health,"Argyle PVC Thoracic Catheter – Right‑Angle, 28 Fr × 20 in",8888571042,,insufficient_evidence,low,exact_manufacturer_catalog_number,all_exact_configurations_ended,search_incomplete,premarket_exempt,not_searched,,searched,no_exact_action_found,unknown,,not_applicable,Identity method: exact_manufacturer_catalog_number. UDI assessment: all_exact_configurations_ended. Manufacturer finding: not_searched. Completed or permitted searches did not establish enough exact current-status evidence; no result is not a discontinuation finding.,"Is there a current official U.S. product page, labeling document, or discontinuation notice for this exact identifier?",keep_hidden_insufficient_evidence,https://api.fda.gov/device/udi.json?search=version_or_model_number%3A%228888571042%22&limit=100|https://api.fda.gov/device/udi.json?search=catalog_number%3A%228888571042%22&limit=100|https://api.fda.gov/device/udi.json?search=version_or_model_number%3A%228888571042%22&limit=100|https://api.fda.gov/device/udi.json?search=catalog_number%3A%228888571042%22&limit=100|https://api.fda.gov/device/udi.json?search=identifiers.id%3A%2210884521050914%22&limit=100|https://api.fda.gov/device/classification.json?search=product_code%3A%22JOL%22&limit=100|https://api.fda.gov/device/enforcement.json?search=code_info%3A%2220884521050911%22&limit=100|https://api.fda.gov/device/enforcement.json?search=code_info%3A%2200884521060923%22&limit=100|https://api.fda.gov/device/enforcement.json?search=product_description%3A%228888571042%22&limit=100|https://api.fda.gov/device/enforcement.json?search=code_info%3A%2210884521060920%22&limit=100|https://api.fda.gov/device/enforcement.json?search=code_info%3A%2210884521050914%22&limit=100|https://api.fda.gov/device/recall.json?search=code_info%3A%2210884521050914%22&limit=100|https://api.fda.gov/device/recall.json?search=code_info%3A%2200884521060923%22&limit=100|https://api.fda.gov/device/recall.json?search=product_description%3A%228888571042%22&limit=100|https://api.fda.gov/device/recall.json?search=code_info%3A%2220884521050911%22&limit=100|https://api.fda.gov/device/recall.json?search=code_info%3A%2210884521060920%22&limit=100,false
PRD-F96DCD2AC6,Karl Storz,Full Lumen Operating Tracheoscope,10318F,,insufficient_evidence,low,exact_manufacturer_catalog_number,all_exact_configurations_active,search_incomplete,not_found,family_only_current,,searched,no_exact_action_found,unknown,,not_applicable,Identity method: exact_manufacturer_catalog_number. UDI assessment: all_exact_configurations_active. Manufacturer finding: family_only_current. Completed or permitted searches did not establish enough exact current-status evidence; no result is not a discontinuation finding.,"Is there a current official U.S. product page, labeling document, or discontinuation notice for this exact identifier?",keep_hidden_insufficient_evidence,https://www.karlstorz.com/us/en/thoracic-surgery-and-pulmonology.htm|https://api.fda.gov/device/udi.json?search=catalog_number%3A%2210318F%22&limit=100|https://api.fda.gov/device/udi.json?search=version_or_model_number%3A%2210318F%22&limit=100|https://api.fda.gov/device/udi.json?search=identifiers.id%3A%2204048551045701%22&limit=100|https://api.fda.gov/device/classification.json?search=product_code%3A%22EOQ%22&limit=100|https://api.fda.gov/device/registrationlisting.json?search=products.product_code%3A%22EOQ%22&limit=100|https://api.fda.gov/device/enforcement.json?search=product_description%3A%2210318+F%22&limit=100|https://api.fda.gov/device/enforcement.json?search=code_info%3A%2204048551045701%22&limit=100|https://api.fda.gov/device/recall.json?search=product_description%3A%2210318+F%22&limit=100|https://api.fda.gov/device/recall.json?search=code_info%3A%2204048551045701%22&limit=100,false
PRD-F9A98419EA,Karl Storz,Flexible Small Biopsy Forceps,10358B,,insufficient_evidence,low,exact_manufacturer_catalog_number,all_exact_configurations_active,search_incomplete,not_found,family_only_current,,searched,no_exact_action_found,unknown,,not_applicable,Identity method: exact_manufacturer_catalog_number. UDI assessment: all_exact_configurations_active. Manufacturer finding: family_only_current. Completed or permitted searches did not establish enough exact current-status evidence; no result is not a discontinuation finding.,"Is there a current official U.S. product page, labeling document, or discontinuation notice for this exact identifier?",keep_hidden_insufficient_evidence,https://www.karlstorz.com/us/en/thoracic-surgery-and-pulmonology.htm|https://api.fda.gov/device/udi.json?search=catalog_number%3A%2210358B%22&limit=100|https://api.fda.gov/device/udi.json?search=version_or_model_number%3A%2210358B%22&limit=100|https://api.fda.gov/device/udi.json?search=identifiers.id%3A%2204048551046920%22&limit=100|https://api.fda.gov/device/classification.json?search=product_code%3A%22EOQ%22&limit=100|https://api.fda.gov/device/registrationlisting.json?search=products.product_code%3A%22EOQ%22&limit=100|https://api.fda.gov/device/enforcement.json?search=product_description%3A%2210358+B%22&limit=100|https://api.fda.gov/device/enforcement.json?search=code_info%3A%2204048551046920%22&limit=100|https://api.fda.gov/device/recall.json?search=code_info%3A%2204048551046920%22&limit=100|https://api.fda.gov/device/recall.json?search=product_description%3A%2210358+B%22&limit=100,false
PRD-FB1867A930,Richard Wolf,Grasping Forceps for Soft Foreign Bodies,8282.37,,identity_unresolved,low,exact_manufacturer_catalog_number,all_exact_configurations_ended,search_incomplete,premarket_exempt,current_non_us,identity|model|distribution,searched,no_exact_action_found,unknown,,not_applicable,Identity method: exact_manufacturer_catalog_number. UDI assessment: all_exact_configurations_ended. Manufacturer finding: current_non_us. Plausible records could not be tied conservatively to the exact catalog product.,Can the manufacturer confirm the exact U.S. catalog/model identity?|Does the exact current global manufacturer listing apply to the United States despite the ended UDI evidence?,keep_hidden_identity_unresolved,https://www.richard-wolf.com/mam/data/Typo3/Kataloge/Broncho-_Thorako-_Mediastinoskopie/Thorakale_Endoskopie_en.pdf|https://api.fda.gov/device/udi.json?search=identifiers.id%3A%2204055207039434%22&limit=100|https://api.fda.gov/device/udi.json?search=catalog_number%3A%228282.37%22&limit=100|https://api.fda.gov/device/classification.json?search=product_code%3A%22KAE%22&limit=100|https://api.fda.gov/device/enforcement.json?search=code_info%3A%2204055207039434%22&limit=100|https://api.fda.gov/device/enforcement.json?search=product_description%3A%228282.37%22&limit=100|https://api.fda.gov/device/recall.json?search=product_description%3A%228282.37%22&limit=100|https://api.fda.gov/device/recall.json?search=code_info%3A%2204055207039434%22&limit=100,false
PRD-FCEC968C4E,Merit Medical,TAPS Thoracentesis & Paracentesis Set – 5 Fr × 7 cm,TAPS-5F-7LT,,identity_unresolved,low,exact_manufacturer_catalog_number,all_exact_configurations_active,search_incomplete,premarket_exempt,not_searched,identity|model,searched,active_exact_product_action,lot_specific,Z-2576-2024,not_applicable,Identity method: exact_manufacturer_catalog_number. UDI assessment: all_exact_configurations_active. Manufacturer finding: not_searched. Plausible records could not be tied conservatively to the exact catalog product.,Can the manufacturer confirm the exact U.S. catalog/model identity?,keep_hidden_identity_unresolved,https://api.fda.gov/device/udi.json?search=identifiers.id%3A%2200884450038765%22&limit=100|https://api.fda.gov/device/udi.json?search=catalog_number%3A%22TAPS-5F-7LT%22&limit=100|https://api.fda.gov/device/classification.json?search=product_code%3A%22GBX%22&limit=100|https://api.fda.gov/device/enforcement.json?search=product_description%3A%22TAPS-5F-7LT%22&limit=100|https://api.fda.gov/device/enforcement.json?search=code_info%3A%2200884450038765%22&limit=100|https://api.fda.gov/device/enforcement.json?search=code_info%3A%2210884450038762%22&limit=100|https://api.fda.gov/device/recall.json?search=product_description%3A%22TAPS-5F-7LT%22&limit=100|https://api.fda.gov/device/recall.json?search=code_info%3A%2210884450038762%22&limit=100|https://api.fda.gov/device/recall.json?search=code_info%3A%2200884450038765%22&limit=100,false
PRD-FD23D11B2B,Richard Wolf,"Dissection Forceps, Monopolar, 3.5 mm (bundle)",83912227,,insufficient_evidence,low,exact_manufacturer_catalog_number,all_exact_configurations_active,search_incomplete,not_found,not_searched,,searched,no_exact_action_found,unknown,,not_applicable,Identity method: exact_manufacturer_catalog_number. UDI assessment: all_exact_configurations_active. Manufacturer finding: not_searched. Completed or permitted searches did not establish enough exact current-status evidence; no result is not a discontinuation finding.,"Is there a current official U.S. product page, labeling document, or discontinuation notice for this exact identifier?",keep_hidden_insufficient_evidence,https://api.fda.gov/device/udi.json?search=version_or_model_number%3A%2283912227%22&limit=100|https://api.fda.gov/device/udi.json?search=catalog_number%3A%2283912227%22&limit=100|https://api.fda.gov/device/classification.json?search=product_code%3A%22GCJ%22&limit=100|https://api.fda.gov/device/registrationlisting.json?search=products.product_code%3A%22GCJ%22&limit=100|https://api.fda.gov/device/enforcement.json?search=code_info%3A%2204055207062500%22&limit=100|https://api.fda.gov/device/enforcement.json?search=product_description%3A%2283912227%22&limit=100|https://api.fda.gov/device/recall.json?search=code_info%3A%2204055207062500%22&limit=100|https://api.fda.gov/device/recall.json?search=product_description%3A%2283912227%22&limit=100,false
PRD-FD3915EF93,Ethicon,"Blake Silicone Drain – Flat 7 mm, ¾‑fluted",2210,,identity_unresolved,low,exact_manufacturer_catalog_number,all_exact_configurations_active,search_incomplete,premarket_exempt,not_searched,identity|manufacturer,searched,no_exact_action_found,unknown,,not_applicable,Identity method: exact_manufacturer_catalog_number. UDI assessment: all_exact_configurations_active. Manufacturer finding: not_searched. Plausible records could not be tied conservatively to the exact catalog product.,Can the manufacturer confirm the exact U.S. catalog/model identity?,keep_hidden_identity_unresolved,https://api.fda.gov/device/udi.json?search=catalog_number%3A%222210%22&limit=100|https://api.fda.gov/device/udi.json?search=version_or_model_number%3A%222210%22&limit=100|https://api.fda.gov/device/udi.json?search=catalog_number%3A%222210%22&limit=100&skip=100|https://api.fda.gov/device/udi.json?search=version_or_model_number%3A%222210%22&limit=100|https://api.fda.gov/device/udi.json?search=catalog_number%3A%222210%22&limit=100&skip=400|https://api.fda.gov/device/udi.json?search=version_or_model_number%3A%222210%22&limit=100&skip=300|https://api.fda.gov/device/udi.json?search=version_or_model_number%3A%222210%22&limit=100&skip=500|https://api.fda.gov/device/udi.json?search=catalog_number%3A%222210%22&limit=100&skip=200|https://api.fda.gov/device/udi.json?search=version_or_model_number%3A%222210%22&limit=100&skip=100|https://api.fda.gov/device/udi.json?search=version_or_model_number%3A%222210%22&limit=100&skip=200|https://api.fda.gov/device/udi.json?search=version_or_model_number%3A%222210%22&limit=100|https://api.fda.gov/device/udi.json?search=catalog_number%3A%222210%22&limit=100&skip=100|https://api.fda.gov/device/udi.json?search=version_or_model_number%3A%222210%22&limit=100&skip=100|https://api.fda.gov/device/udi.json?search=version_or_model_number%3A%222210%22&limit=100&skip=200|https://api.fda.gov/device/udi.json?search=catalog_number%3A%222210%22&limit=100&skip=300|https://api.fda.gov/device/udi.json?search=version_or_model_number%3A%222210%22&limit=100&skip=200|https://api.fda.gov/device/udi.json?search=catalog_number%3A%222210%22&limit=100&skip=200|https://api.fda.gov/device/udi.json?search=catalog_number%3A%222210%22&limit=100&skip=300|https://api.fda.gov/device/udi.json?search=version_or_model_number%3A%222210%22&limit=100&skip=300|https://api.fda.gov/device/udi.json?search=version_or_model_number%3A%222210%22&limit=100&skip=400|https://api.fda.gov/device/udi.json?search=version_or_model_number%3A%222210%22&limit=100&skip=100|https://api.fda.gov/device/udi.json?search=catalog_number%3A%222210%22&limit=100&skip=500|https://api.fda.gov/device/udi.json?search=version_or_model_number%3A%222210%22&limit=100&skip=400|https://api.fda.gov/device/udi.json?search=catalog_number%3A%222210%22&limit=100|https://api.fda.gov/device/udi.json?search=version_or_model_number%3A%222210%22&limit=100|https://api.fda.gov/device/udi.json?search=version_or_model_number%3A%222210%22&limit=100&skip=500|https://api.fda.gov/device/udi.json?search=catalog_number%3A%222210%22&limit=100&skip=300|https://api.fda.gov/device/udi.json?search=catalog_number%3A%222210%22&limit=100&skip=100|https://api.fda.gov/device/udi.json?search=identifiers.id%3A%2210705031003460%22&limit=100|https://api.fda.gov/device/udi.json?search=version_or_model_number%3A%222210%22&limit=100&skip=100|https://api.fda.gov/device/udi.json?search=catalog_number%3A%222210%22&limit=100&skip=300|https://api.fda.gov/device/udi.json?search=version_or_model_number%3A%222210%22&limit=100&skip=300|https://api.fda.gov/device/udi.json?search=version_or_model_number%3A%222210%22&limit=100&skip=100|https://api.fda.gov/device/udi.json?search=catalog_number%3A%222210%22&limit=100&skip=200|https://api.fda.gov/device/udi.json?search=version_or_model_number%3A%222210%22&limit=100&skip=100|https://api.fda.gov/device/udi.json?search=version_or_model_number%3A%222210%22&limit=100&skip=100|https://api.fda.gov/device/udi.json?search=version_or_model_number%3A%222210%22&limit=100&skip=100|https://api.fda.gov/device/udi.json?search=version_or_model_number%3A%222210%22&limit=100&skip=100|https://api.fda.gov/device/udi.json?search=catalog_number%3A%222210%22&limit=100&skip=200|https://api.fda.gov/device/udi.json?search=version_or_model_number%3A%222210%22&limit=100&skip=200|https://api.fda.gov/device/classification.json?search=product_code%3A%22GBX%22&limit=100|https://api.fda.gov/device/enforcement.json?search=code_info%3A%2210705031003460%22&limit=100|https://api.fda.gov/device/enforcement.json?search=code_info%3A%2220705031003467%22&limit=100|https://api.fda.gov/device/recall.json?search=code_info%3A%2220705031003467%22&limit=100|https://api.fda.gov/device/recall.json?search=code_info%3A%2210705031003460%22&limit=100,false
PRD-FE67FEA4F0,Karl Storz,VERESS Pneumoperitoneum Needle,26120J,,insufficient_evidence,low,exact_manufacturer_model_number,all_exact_configurations_active,search_incomplete,not_found,family_only_current,,searched,no_exact_action_found,unknown,,not_applicable,Identity method: exact_manufacturer_model_number. UDI assessment: all_exact_configurations_active. Manufacturer finding: family_only_current. Completed or permitted searches did not establish enough exact current-status evidence; no result is not a discontinuation finding.,"Is there a current official U.S. product page, labeling document, or discontinuation notice for this exact identifier?",keep_hidden_insufficient_evidence,https://www.karlstorz.com/us/en/thoracic-surgery-and-pulmonology.htm|https://api.fda.gov/device/udi.json?search=version_or_model_number%3A%2226120J%22&limit=100|https://api.fda.gov/device/udi.json?search=identifiers.id%3A%2204048551093917%22&limit=100|https://api.fda.gov/device/classification.json?search=product_code%3A%22GCJ%22&limit=100|https://api.fda.gov/device/registrationlisting.json?search=products.product_code%3A%22GCJ%22&limit=100|https://api.fda.gov/device/enforcement.json?search=product_description%3A%2226120+J%22&limit=100|https://api.fda.gov/device/enforcement.json?search=code_info%3A%2204048551093917%22&limit=100|https://api.fda.gov/device/recall.json?search=product_description%3A%2226120+J%22&limit=100|https://api.fda.gov/device/recall.json?search=code_info%3A%2204048551093917%22&limit=100,false
PRD-FEA0F47B62,Richard Wolf,PANOVIEW PLUS Telescope,82514.433,,identity_unresolved,low,exact_manufacturer_catalog_number,all_exact_configurations_active,search_incomplete,not_found,current_non_us,identity|model,searched,no_exact_action_found,unknown,,not_applicable,Identity method: exact_manufacturer_catalog_number. UDI assessment: all_exact_configurations_active. Manufacturer finding: current_non_us. Plausible records could not be tied conservatively to the exact catalog product.,Can the manufacturer confirm the exact U.S. catalog/model identity?|Does the exact current global manufacturer listing apply to the United States despite the ended UDI evidence?,keep_hidden_identity_unresolved,https://www.richard-wolf.com/mam/data/Typo3/Kataloge/Broncho-_Thorako-_Mediastinoskopie/Thorakale_Endoskopie_en.pdf|https://api.fda.gov/device/udi.json?search=catalog_number%3A%2282514.433%22&limit=100|https://api.fda.gov/device/udi.json?search=identifiers.id%3A%2204055207026458%22&limit=100|https://api.fda.gov/device/classification.json?search=product_code%3A%22HET%22&limit=100|https://api.fda.gov/device/registrationlisting.json?search=products.product_code%3A%22HET%22&limit=100|https://api.fda.gov/device/enforcement.json?search=product_description%3A%2282514.433%22&limit=100|https://api.fda.gov/device/enforcement.json?search=code_info%3A%2204055207026458%22&limit=100|https://api.fda.gov/device/recall.json?search=product_description%3A%2282514.433%22&limit=100|https://api.fda.gov/device/recall.json?search=code_info%3A%2204055207026458%22&limit=100,false
PRD-FF130FCDC6,Karl Storz,Forceps for Peanuts/Soft Foreign Bodies,10372K,,insufficient_evidence,low,exact_manufacturer_catalog_number,all_exact_configurations_active,search_incomplete,not_found,family_only_current,,searched,no_exact_action_found,unknown,,not_applicable,Identity method: exact_manufacturer_catalog_number. UDI assessment: all_exact_configurations_active. Manufacturer finding: family_only_current. Completed or permitted searches did not establish enough exact current-status evidence; no result is not a discontinuation finding.,"Is there a current official U.S. product page, labeling document, or discontinuation notice for this exact identifier?",keep_hidden_insufficient_evidence,https://www.karlstorz.com/us/en/thoracic-surgery-and-pulmonology.htm|https://api.fda.gov/device/udi.json?search=identifiers.id%3A%2204048551047460%22&limit=100|https://api.fda.gov/device/udi.json?search=version_or_model_number%3A%2210372K%22&limit=100|https://api.fda.gov/device/udi.json?search=catalog_number%3A%2210372K%22&limit=100|https://api.fda.gov/device/classification.json?search=product_code%3A%22EOQ%22&limit=100|https://api.fda.gov/device/registrationlisting.json?search=products.product_code%3A%22EOQ%22&limit=100|https://api.fda.gov/device/enforcement.json?search=product_description%3A%2210372+K%22&limit=100|https://api.fda.gov/device/enforcement.json?search=code_info%3A%2204048551047460%22&limit=100|https://api.fda.gov/device/recall.json?search=code_info%3A%2204048551047460%22&limit=100|https://api.fda.gov/device/recall.json?search=product_description%3A%2210372+K%22&limit=100,false
PRD-FF9CE26B43,Richard Wolf,Tube with Luer-Lock Connector,886.00,,identity_unresolved,low,exact_manufacturer_catalog_number,all_exact_configurations_active,search_incomplete,premarket_exempt,current_non_us,identity|model|manufacturer,searched,no_exact_action_found,unknown,,not_applicable,Identity method: exact_manufacturer_catalog_number. UDI assessment: all_exact_configurations_active. Manufacturer finding: current_non_us. Plausible records could not be tied conservatively to the exact catalog product.,Can the manufacturer confirm the exact U.S. catalog/model identity?|Does the exact current global manufacturer listing apply to the United States despite the ended UDI evidence?,keep_hidden_identity_unresolved,https://www.richard-wolf.com/mam/data/Typo3/Kataloge/Broncho-_Thorako-_Mediastinoskopie/Thorakale_Endoskopie_en.pdf|https://api.fda.gov/device/udi.json?search=catalog_number%3A%22886.00%22&limit=100|https://api.fda.gov/device/udi.json?search=identifiers.id%3A%2204055207038628%22&limit=100|https://api.fda.gov/device/udi.json?search=version_or_model_number%3A%22886.00%22&limit=100|https://api.fda.gov/device/udi.json?search=catalog_number%3A%22886.00%22&limit=100|https://api.fda.gov/device/udi.json?search=version_or_model_number%3A%22886.00%22&limit=100|https://api.fda.gov/device/classification.json?search=product_code%3A%22MDM%22&limit=100|https://api.fda.gov/device/enforcement.json?search=code_info%3A%2204055207038628%22&limit=100|https://api.fda.gov/device/enforcement.json?search=product_description%3A%22886.00%22&limit=100|https://api.fda.gov/device/recall.json?search=code_info%3A%2204055207038628%22&limit=100|https://api.fda.gov/device/recall.json?search=product_description%3A%22886.00%22&limit=100,false
